GDP_Growth,GDP_PerCapita_Growth,Inflation_CPI,Total_Reserves,Unemployment,Current_Account_GDP,Trade_GDP,FDI_Inflows_GDP,Exports_GDP,Imports_GDP,Gross_Savings_GDP,Exchange_Rate,Manufacturing_Value,Investment_GDP,crisis_label
2.6909132244921046,2.6074468248567664,-0.03559707964333518,-0.34907912435140176,-1.1058921997911415,2.1293900777090613,0.2345726908555198,-0.48689889340534886,0.32638540207202194,0.1230808023226045,1.1038503584546224,-0.2246627339365387,-1.5895308254453486,-0.27021292704787375,0
-0.6383632664794175,-1.838100927192028,-0.03559707964333518,-0.34700468923184397,-1.1058921997911415,2.1293900777090613,0.2345726908555198,-0.4487644378197644,0.32638540207202194,0.1230808023226045,1.1038503584546224,-0.2246627339365387,-1.6018842071063313,-0.27021292704787375,0
0.0321100178406544,-1.1089465691772673,-0.03559707964333518,-0.3460985277484543,-1.0873781728579803,2.1293900777090613,0.2345726908555198,-0.42292976184885106,0.32638540207202194,0.1230808023226045,1.1038503584546224,-0.2246627339365387,-1.5738706806047038,-0.27021292704787375,0
-0.530134814093302,-1.5747412335436475,-0.03559707964333518,-0.34489660045114306,-1.0473362076304458,2.1293900777090613,0.2345726908555198,-0.35694814616188353,0.32638540207202194,0.1230808023226045,1.1038503584546224,-0.2246627339365387,-1.5285018811615976,-0.27021292704787375,0
0.9903066226965306,-0.01886309994900111,-0.03559707964333518,-0.34339291672537303,-1.0617599262876758,2.1293900777090613,0.2345726908555198,-0.4412399892358674,0.32638540207202194,0.1230808023226045,1.1038503584546224,-0.2246627339365387,-1.7475914747258372,-0.27021292704787375,0
0.9341127097992035,-0.019623153470385638,-0.03559707964333518,-0.34115769084166764,-1.069079425307763,2.1293900777090613,0.2345726908555198,-0.3724447784347177,0.32638540207202194,0.1230808023226045,1.1038503584546224,-0.2246627339365387,-1.715363502441208,-0.27021292704787375,0
0.6941098600907004,-0.805975205749838,-0.03559707964333518,-0.3395892573317856,-1.0613293675217883,2.1293900777090613,0.2345726908555198,-0.39976727862640815,0.32638540207202194,0.1230808023226045,1.1038503584546224,-0.2246627339365387,-1.7389401501938153,-0.27021292704787375,0
1.339525128334468,-0.6451306138010556,-0.03559707964333518,-0.3388955596350909,-1.046259810715727,2.1293900777090613,0.2345726908555198,-0.41531622444189864,0.32638540207202194,0.1230808023226045,1.1038503584546224,-0.22466269061479077,-1.519480762414614,-0.27021292704787375,0
-0.7916463957305796,-2.5190423239390336,-0.03559707964333518,-0.3369676806759705,-1.011384550678842,2.1293900777090613,0.2345726908555198,-0.4090684955165359,0.32638540207202194,0.1230808023226045,1.1038503584546224,-0.224662214075563,-1.391178122322058,-0.27021292704787375,0
-0.08734906905451695,-1.732640646633285,-0.03559707964333518,-0.33289580956276976,-0.9840440690449878,2.1293900777090613,0.2345726908555198,-0.6152754712458071,0.32638540207202194,0.1230808023226045,1.1038503584546224,-0.224662214075563,-1.404015207866426,-0.27021292704787375,0
2.0578765307794527,0.42318098734626186,-0.03559707964333518,-0.32510190577162507,-0.9722037029830822,2.1293900777090613,0.2345726908555198,-0.5220363853456573,0.32638540207202194,0.1230808023226045,1.1038503584546224,-0.224662214075563,-1.3142731159076797,-0.27021292704787375,0
-0.49292781005756,-1.913963433268408,-0.03559707964333518,-0.32338883911931604,-0.9306547820749413,2.1293900777090613,0.2345726908555198,-0.2988859255080515,0.32638540207202194,0.1230808023226045,1.1038503584546224,-0.224662214075563,-0.5744162472936166,-0.27021292704787375,0
-0.2138304653309516,-1.5673543261790466,-0.03559707964333518,-0.32037339264896175,-0.8841544353590948,2.1293900777090613,0.2909334310174299,-0.4437761125296355,0.3374799045983155,0.23237107876736057,1.1038503584546224,-0.224662214075563,-0.618071132300324,-0.2626852667470223,0
1.504155546810614,0.16286208675086208,-0.03559707964333518,-0.3211074881197162,-0.8316262659208234,2.1293900777090613,0.45311394194559823,0.012584515844000693,0.5444560661652467,0.33958858845903617,1.1038503584546224,-0.224662214075563,-0.7577859640892874,-0.33535431152588724,0
1.7108118924850255,0.4461708497961606,-0.03559707964333518,-0.31166557743385986,-0.8182789441783119,2.1293900777090613,0.7048144828442382,0.4701227576094043,0.7909158976265663,0.5945106636152824,1.1038503584546224,-0.224662214075563,-0.8886162380332812,-0.7112171330226744,0
0.439595796501342,-0.6984546054838233,-0.03559707964333518,-0.3048617739379699,-0.7849106398220329,2.1293900777090613,0.7563104324792554,0.36993653529943205,0.920442814331885,0.5530033063417357,1.1038503584546224,-0.224662214075563,-1.0463537548472928,-0.6783123626536551,0
1.7839024046829608,0.053350701651792856,-0.03559707964333518,-0.2867379814129463,-0.8184942235612556,2.1293900777090613,0.7548658252958412,0.33308458136792374,0.9540525945471856,0.5100695467410105,1.1038503584546224,-0.224662214075563,-1.2122441005853457,-0.8349389882359788,0
-0.011211336695468992,-2.8060389752753125,-0.03559707964333518,-0.15062384706454865,-0.8249526050495676,2.1293900777090613,1.0593765086991196,0.2968319222124805,1.0751557820838644,1.0281347780165082,1.1038503584546224,-0.224662214075563,-1.3223702682722376,0.20093161755167976,0
-0.009202207278789998,-2.7514928704002855,-0.03559707964333518,-0.2755545115160271,-0.8499250134710409,2.1293900777090613,1.2652610973125982,-0.23609546871729736,1.2841933503237777,1.2278454407383979,1.1038503584546224,-0.224662214075563,-1.3965541501727452,0.183269058556121,0
-2.2850943673513093,-3.5895889623509385,-0.0858976155289397,-0.29088889738298684,-0.8253831638154551,2.1293900777090613,1.3522235685500172,-0.3944466441337126,1.309515603411604,1.3867623568277552,1.1038503584546224,-0.224662214075563,-1.2927534601729953,1.32513710641846,1
-0.43794731408944326,-0.7971857975887221,-0.08911571583933448,-0.2725622823465189,-0.8542306011299156,2.1293900777090613,1.0363118124160537,-0.06458946612214236,1.2383366155638451,0.7848187891042152,1.1038503584546224,-0.224662214075563,-1.484014050780526,0.8509074242568472,0
0.9472210937792154,0.30723081648322575,-0.08911871211179556,-0.26026233957015027,-0.8996545509310435,2.1293900777090613,1.1890475547221995,-0.19040480403004534,1.502160387799726,0.8042097544383664,1.1038503584546224,-0.224662214075563,-1.5263124674637227,0.12661393007879035,0
0.39321982696981367,-0.4053615326218728,-0.09013086676069351,-0.23347410051374978,-0.9564883080281897,2.1293900777090613,1.4080337419216138,-0.1224571126450398,1.8236649076731672,0.8992127902691903,1.1038503584546224,-0.224662214075563,-1.5304994021659708,-0.1096765435791516,0
0.45668554426164704,-0.35430193298122925,-0.0880656431968252,-0.1754104295553387,-0.9991136258510491,2.1293900777090613,1.4213967167312809,-0.1295326259139639,1.8286401004690784,0.9223489400286767,1.1038503584546224,-0.224662214075563,-1.5552378407531062,-0.5081576828520922,0
0.3796249944797152,-0.6099890568392342,-0.08220597162485135,-0.14737163332249875,-1.0262388281019599,2.1293900777090613,1.4586099012408236,-0.09921168006827287,1.7970020818414887,1.040644508514733,1.1038503584546224,-0.224662214075563,-1.522502591391895,-0.33667511674059175,0
1.0419844637251616,-0.17020151825919946,-0.07409425943380145,-0.10484120509442053,-1.0705863809883691,2.1293900777090613,1.5424471671816904,-0.14939763446316584,1.767621331454787,1.2575441496615356,1.1038503584546224,-0.224662214075563,-1.3468829616499491,-0.4203651726759269,0
0.6562076069045604,-0.4177364867687113,-0.0856356096362271,-0.1282622572060034,-1.1035241265787605,2.1293900777090613,1.5619336982319958,-0.11142258529726333,1.787359007225699,1.2765023116483722,1.1038503584546224,-0.224662214075563,-1.319640451528304,-0.5451057849146197,0
-1.1568170722843227,-1.718003827163042,-0.08399162901336502,-0.10086784667805077,-0.9265644737990103,2.1293900777090613,1.5633663768231512,-0.10447855492098485,1.79582661974099,1.2695882671787295,1.1038503584546224,-0.224662214075563,-1.3032734221236675,-0.6020045711663192,0
-0.4556701593539416,-0.5220012832305989,-0.07880652460645733,-0.08955085027658143,-0.9752176143442945,2.1293900777090613,1.3748070386112905,-0.13316211751467605,1.6702698469622792,1.0086657569346353,1.1038503584546224,-0.224662214075563,-1.375139924991215,-0.5045924515115214,0
-0.5273957156901871,-0.5183605219595084,-0.09956320817348921,-0.06525826974820392,-0.9547660729646397,2.1293900777090613,1.5342923747601551,0.10788505149091172,1.7495593760964294,1.2612166400201394,1.1038503584546224,-0.224662214075563,-1.3542324565030965,-0.15092688307895857,0
-3.216119947791898,-2.8476230902983586,-0.09956320817348921,-0.06980567397368095,-0.5321726442460883,2.1293900777090613,1.8413029731294785,0.3059861855782022,1.9033493863525441,1.7460092313962496,1.1038503584546224,-0.224662214075563,-1.3282135889926698,-0.2135936687725532,1
0.35801331848448104,0.15352086554401076,-0.09240072630272242,-0.002833556420762917,-0.788139830566189,2.1293900777090613,1.869728102254351,0.21363685601001553,1.9862096828456104,1.709643237349855,1.1038503584546224,-0.224662214075563,-1.3665347448281593,0.23304882123767315,0
1.1571478471598995,0.023970393626494047,-0.06834701565852362,0.017236292708934377,-0.8382999267920792,2.1293900777090613,1.9195026364911816,0.1525689905216273,2.0316492433964726,1.7639605683226933,1.1038503584546224,-0.224662214075563,-1.4063062471463537,0.35106830632900954,0
0.2901249135294182,-0.5113946709139722,-0.08559221902626096,0.15729034037638898,-0.9935163618945121,2.1293900777090613,2.153293226039014,0.34764091863906,2.186212744238766,2.088788849567345,1.1038503584546224,-0.224662214075563,-1.2468392531445731,0.45243740487427253,0
0.206648347265153,-0.7865684111073833,-0.08541971262233568,0.29016513015113715,-0.9915788474480184,2.356371487230201,2.153293226039014,0.674707778511325,2.186212744238766,2.088788849567345,1.1038503584546224,-0.224662214075563,-1.2616615959188442,0.45243740487427253,0
-1.536144340647119,-1.6517147593381432,0.06806095652659162,-0.34542680953003746,-0.2854624713925681,0.46295369269163394,-1.0579333954850008,-0.2779567685156882,-0.9245173999965853,-1.1201153478128856,-1.0738563663181913,-0.22576602134005408,1.7760876338427587,-1.7563049213926674,1
1.5938905314462404,1.5078419885730634,0.06806095652659162,-0.34202403768208456,-0.2854624713925681,-0.13595560105266474,-1.0579333954850008,-0.27977628208653976,-1.0110655201177838,-1.1201153478128856,-1.377600972472545,-0.22560452987816018,1.3569065575016122,-1.644485540973247,0
1.2712310011144712,1.199264060411176,0.06806095652659162,-0.33109435917350805,-0.08740543908433207,-0.4864060869822173,-1.0579333954850008,-0.1906876252431749,-1.0157584317073947,-1.1201153478128856,-1.3666108319128312,-0.22559167640217886,0.9160863024371528,-1.2836161186323036,0
1.3439989086163204,1.2814529341690888,0.06806095652659162,-0.31997839258755717,0.717739453125236,-0.6615103708243926,-1.0579333954850008,-0.2942468271295322,-1.0157584317073947,-1.075257801532678,-1.0485003224947813,-0.22558879839405493,0.28481402532142974,-0.7619570173430658,0
0.704308263209806,0.6419667171639598,0.06806095652659162,-0.31859634571997264,1.0751032288118358,-0.7958240931165994,-1.0260040606468583,-0.26248783806792203,-1.0157433738750987,-1.0259906500788027,-1.1222069898079927,-0.22558877673318092,0.21141371108679605,-0.7134702747427413,0
-1.6381363282749732,-1.7063834065498646,0.06806095652659162,-0.31866166336905444,2.5906700847357294,-0.412162441156706,-0.9972343024662078,-0.1582469633663918,-0.9464124476251589,-1.0455885401409695,-1.0165404487577796,-0.22558851969080962,0.11158498628711135,-0.9694706670235385,1
0.6207950951304577,0.5816542282631207,0.06806095652659162,-0.3084038251304426,2.2268479275608173,-0.4969421852375068,-0.9667428672167494,-0.10636066047327394,-0.9222908988355152,-1.0079162734739848,-0.9408411113880654,-0.22558855001603317,0.16198797139474216,-0.773180607708061,1
1.3181141626378863,1.2962259565946843,0.06806095652659162,-0.3009822559986947,1.7338581406196647,-0.7756136660111485,-0.9345878008027678,-0.027743106758309988,-0.9180270481094385,-0.9431176872896141,-0.9978556601489512,-0.22558860633430555,0.2827199504327648,-0.5631371695560495,0
0.16843379377750578,0.14937737453822017,0.06806095652659162,-0.29431349602072865,1.26670187963176,-0.8932710900342685,-0.9343444182084691,-0.12201570620787758,-0.9227104961046436,-0.9370435578216214,-1.0632857812540606,-0.22558860633430555,0.21470449359532282,-0.5378522649408152,0
-1.7839075365006607,-1.811771554020132,0.06806095652659162,-0.2902142097716853,1.5680930157529889,-0.7869844451478736,-0.9689171651009446,0.7017901119160228,-0.9416807648656124,-0.9896806392032415,-1.3653533178698678,-0.22558860633430555,0.06183505946215037,-1.0808509467706358,1
-1.0833232976627083,-1.1003757445579645,0.06806095652659162,-0.29350051954055006,1.772608429549537,-0.6100074701306122,-0.9471308599762537,0.045845289422440955,-0.9043081087155745,-0.9866076733299154,-1.278873213187998,-0.22558860633430555,-0.01966425180655452,-1.1384104255219356,0
-2.0600397601700537,-2.0757222156987654,0.06806095652659162,-0.32256750557430386,2.272056597979002,-0.31521064826334916,-0.9606660557210592,-0.345361948966755,-0.8852016128441234,-1.0386319339999155,-1.297767887690748,-0.22558860633430555,-0.08961558455124785,-1.471690633787027,1
-3.8100163013779422,-3.7109013721988067,0.06806095652659162,-0.333712899279979,2.76074079726128,1.430007317893973,-0.6109380954509142,-0.15482268607051286,-0.34345354357103336,-0.9204118942167652,-0.42514642939552616,-0.22487336196471022,0.6524719946374545,-1.9871570320523064,1
1.5140040832621935,1.547247384004573,0.06806095652659162,-0.3236599793214481,1.8501090074092814,0.9943007133867418,-0.6304095110662528,-0.27851330911061273,-0.42249492378002984,-0.8691184514623642,-0.37724338946067637,-0.22492972442526338,1.0255569869177097,-1.730100485461858,0
1.5659537905667988,1.6053222522112836,0.06806095652659162,-0.30856683282502145,1.4544255015586967,0.24942364071774936,-0.6295677571788652,-0.11295266438997602,-0.48966131845402855,-0.7877613756993742,-1.3505525692055358,-0.22492186702042805,0.4064040971765084,-1.1353034115097487,0
1.517948659956732,1.5529112893818497,0.06806095652659162,-0.2854644547435101,1.0204222655441273,0.36765489257679024,-0.6320522633977737,-0.0932068548983724,-0.5090615157687366,-0.7701873429765433,-1.3596379256620317,-0.22492867488371573,0.3023442234359203,-0.9017052991032614,0
1.3008737460518787,1.3336440048239364,0.06806095652659162,-0.2746552208991451,0.7130033067004738,0.3913439564009574,-0.6341223071179417,-0.12990933181319825,-0.516127952371103,-0.7663168501593897,-0.41608218504324773,-0.22487646149137216,0.22165266771321795,-0.9380078555495643,0
1.5600386148638206,1.6061730423290315,0.06806095652659162,-0.23590360894703813,0.3668340589269485,0.2751590875848046,-0.6251299279959623,-0.14766292649437235,-0.5278615242084821,-0.7328904308396396,-0.3164201301372588,-0.22486213567696292,0.07681624932205174,-0.6901470542657578,0
0.2243018031163564,0.25171159765675166,0.06806095652659162,-0.23525645762132322,0.23056220952356413,0.17354862410851268,-0.6346636959649711,-0.08765994019284594,-0.54726517890283,-0.730624706201314,-0.4516312461367737,-0.22484532139383548,-0.011973252889793826,-0.7821081449634013,0
-2.4673876745588768,-2.476685959512183,0.06806095652659162,-0.23080829240640607,0.40450795094210185,0.2877635458451092,-0.7461794112661035,-0.29060286928130213,-0.6278625029756472,-0.8774275105083863,-0.7950241488004398,-0.22464918052648983,-0.1784747246705374,-1.3970599649364939,1
1.8616325930736757,1.8910329960230765,0.06806095652659162,-0.21928591166911723,0.2040828454214849,-0.14303381892420397,-0.7301189046808593,-0.08967632236145433,-0.6480822081279417,-0.8185996716922268,-0.9161428896237342,-0.22458465249731924,-0.13293596356680226,-1.1083506690477782,0
0.749571346390696,0.7668382446537999,0.06806095652659162,-0.23558447156635462,0.08912365492953035,-0.247998846391788,-0.7259865578387842,-0.17593123990426515,-0.663706182329506,-0.7911237660069061,-0.9159763296990023,-0.22451053958415887,-0.13191775871981162,-0.9872835397712859,0
-1.147385094589812,-1.1365431707869145,0.06806095652659162,-0.2439303054751238,0.09708899209844853,-0.14445929482610761,-0.80822539286223,-0.07168525414890063,-0.7350001438370042,-0.8853470308589403,-1.0534677636917522,-0.2243626236156046,-0.24248354484406853,-1.3186331531843325,0
-0.221421405261051,-0.19254371210936896,0.06806095652659162,-0.27873792590917434,0.07190130429403155,-0.47842717119010264,-0.8291842076063636,-0.21224636731542407,-0.7872510978218238,-0.8690058189774242,-1.1777650875125054,-0.22404293742907902,-0.2783703268754312,-1.1781954155830683,0
-1.548394723282488,-1.542256242432183,0.06806095652659162,-0.2763325562622347,0.10806824062857903,-0.3718928861800331,-0.8454775501788235,-0.3239874079643204,-0.7940761427117278,-0.8963169874662981,-1.0903008755996348,-0.22313632645988032,-0.31993089697760607,-1.1856904895690439,1
-0.13350332979441126,-0.11898973252957006,0.06806095652659162,-0.29248984455676236,0.17458956995819314,-0.576878802227062,-0.9495247474967731,-0.18516895340058387,-0.9133586301642611,-0.9810913707913667,-1.2865368935497987,-0.22273502514050642,-0.423048090211888,-1.2192672947229424,0
-1.43175359863868,-1.4078115944516751,0.06806095652659162,-0.25712098989400733,0.28459733464244147,-0.5342133655170277,-0.8861242218845513,-0.3756523479450589,-0.854635264717806,-0.9129044085913427,-1.2478052983467571,-0.2208202074972441,-0.5440202532011056,-1.1157423183051596,1
-0.10993613498705793,-0.0487135923235947,0.06806095652659162,-0.21076361736550234,0.34035469482486885,-0.8925384046125673,-0.9002586401384776,-0.21085651038969958,-0.8935429034920387,-0.8975384488958076,-1.437946406967593,-0.22019480370929279,-0.657893109586622,-1.0197623448654036,0
-1.5766670903861981,-1.5153742664092977,0.06806095652659162,-0.18084483515825223,0.5282935961347496,-0.9464524245472418,-0.8040780757862552,-0.15022972605076315,-0.7930700231828993,-0.8075803755621889,-1.6429627188240152,-0.21619801384391157,-0.44423027847595353,-1.2990823702466252,1
-1.4103116134107307,-1.3171938973165414,0.15875057367825907,-0.23938424942386177,0.6624126517086962,-0.2097768827016968,-0.7712487242206545,-0.25249380774404895,-0.6806106175871277,-0.8694264552947838,-1.3618184422877482,-0.20924820040382985,-0.5348084768160383,-1.7190812603528076,1
-3.5418121876848483,-3.419023879411351,0.10447534210441393,-0.25440751311352233,1.0107346933116592,0.03859831892888422,-0.813898998934263,-0.28243158706331345,-0.7231501635044056,-0.9117022474193507,-1.2000828975729563,-0.20148796702434035,-0.35171917340718756,-1.6832419815118536,1
1.9470083376775862,2.215716820567241,0.1345668127748548,-0.2537223961449057,0.4240983747899819,0.15036525043182042,-0.7633743274300065,-0.26844867221971286,-0.6760379898186188,-0.8577359325406851,-0.6614180955872766,-0.19301368726599286,-0.18289812214815343,-1.0435726776372107,0
0.7541026690006642,1.0188603907866738,0.24761131181468307,-0.23961804263363362,0.008393886325629795,-0.1837536836061408,-0.7897089306749704,-0.127530101696777,-0.733587764482858,-0.8467979166972676,-0.9765013976782351,-0.18066670894521258,-0.03321743595984833,-1.1642515814932628,0
-1.3711675818242977,-1.163695281566875,0.5349508179381922,-0.29918291873534875,-0.13498218271489748,-0.6159310724803082,-0.8758775500944211,0.0658347878922986,-0.8451174646175623,-0.901916181244764,-1.0505384625712544,-0.123259677292924,-0.01420866094165885,-0.8153942988096238,1
-1.2327868595779725,-1.0389484096330548,0.9415252610146315,-0.28141051237356257,0.08266527344121845,0.07159032306632793,-0.8538608554897559,-0.2061052950522681,-0.7668568595803629,-0.946756290891647,-0.9938366742970796,0.09107444266262786,-0.24802233921763575,-1.4346790668657121,1
0.09363799208944658,-0.011595709942894316,-0.05873832532259359,-0.30950179871820194,0.6070858502921564,-0.9162351679634577,-0.780397439404732,-0.08460784670257347,-0.7718549392150548,-0.7812611113418841,-0.04909337964144437,-0.22549102611866867,-0.5075645099954136,0.8481531508794593,1
-0.9742156041931062,-1.0287063448463234,-0.0782981127198249,-0.3094442822538472,0.6070858502921564,-0.6240032551262243,-0.7797707097556863,-0.34617440942879646,-0.7424519926519669,-0.8147143974414581,-0.4906691556941311,-0.22549009065772405,-0.7187339489454881,0.024072287375922367,1
-0.7535820476770281,-0.7643125276701888,-0.08848395970684333,-0.32449624803876326,0.8540113025286203,-0.6106521111578763,-0.7647893379954026,-0.24825363097810646,-0.722200935473113,-0.8061502107048764,-0.7956217674380454,-0.2254630951436896,-0.7174803711040212,-0.3031012492716532,1
0.2212259923943612,0.2835758297184451,-0.08499479692902058,-0.3235742133619005,0.8854420924384054,-0.5784032859158695,-0.7234537795742241,-0.22313604406896898,-0.6938187797817232,-0.7499671340987976,-0.5524159900269355,-0.22542534919348878,-0.666832445294829,-0.08386173519680744,1
0.20315070851204373,0.24446891774383833,-0.08397840755334757,-0.32323239256525,0.6367944051383918,-0.9038238830707295,-0.7048899038427477,-0.2669706066736729,-0.6799168614735424,-0.7261033131484254,-0.36355835317427454,-0.22546098017595334,-0.6111954133507628,0.03274125953919634,1
0.17922483720201074,0.17770701855269355,-0.07146926286073765,-0.32148034033605977,0.3674798970757797,-0.9300783138025475,-0.6830937147367702,0.0366508784526481,-0.6832319377182904,-0.6748324169777038,-0.5154575513774695,-0.22546746746330706,-0.6249936900632614,0.3329072998246083,0
0.17261495554950343,0.14276923057780547,-0.0809395394682956,-0.3147591494305566,0.3752299548617541,-0.6812576868236406,-0.673829712416643,-0.30031890914036935,-0.6504308034835665,-0.6935474616809731,-0.48333169010532984,-0.22549213284492367,-0.6891717887389418,0.12250752042442795,0
0.18672221005386525,0.194226402057885,-0.09218914620360054,-0.3142486117770341,0.34466028248374386,-0.5376654237076676,-0.6782639367584306,-0.20205620004478858,-0.64279870603072,-0.712216294195609,-0.3716531053360965,-0.22546804017681532,-0.770683592014926,0.13418949360348156,0
0.39147893751199575,0.42502761439647063,-0.08919973369917472,-0.32031271056777105,0.1976244639331728,-0.8254654610211175,-0.6430746646951799,-0.19603759726548156,-0.6290548786041641,-0.6520516100075907,-0.3948021651259518,-0.22538332074409462,-0.7429086434120361,0.2709688309173456,0
0.4862965437909841,0.49292971717219186,-0.08626785363782967,-0.3022681612791341,0.0236787225146351,-1.0176068817222947,-0.6600126934723396,-0.37816296575692754,-0.6697371642727955,-0.6406743740430243,-0.5168678991529707,-0.22539783468491356,-0.8301389464010385,0.3581997787797339,0
0.18620936830210225,0.17606076257258946,-0.07227082279849398,-0.31086564061610616,-0.10290555465628098,-0.7033290151426639,-0.6265717723040972,0.033055089678474085,-0.6344685597368587,-0.6097939486380063,-0.4477412342697467,-0.22533722698187025,-0.9038856810218239,0.37653378505603363,0
-0.3222987932286372,-0.37511687356472256,-0.07250756765626018,-0.311297851425601,-0.004092317885106787,-0.431733180256695,-0.569094622369997,-0.07018652755847468,-0.5456900318775417,-0.5900606656805132,-0.5029294624188816,-0.22526492616142466,-1.0119736795675496,-0.1224857919844916,0
0.19531532132799118,0.18719840785172787,-0.07921624090678313,-0.3033346686643599,-0.08417624834017612,-0.7574234795338305,-0.6174652281665338,0.05011647487091284,-0.591373793125693,-0.6410392374641591,-0.376040004631173,-0.22529711595304155,-1.0809194949450356,0.05562337250315488,0
-0.03633458051408154,-0.04983348038714906,-0.08038790963123618,-0.27126540765813983,-0.17932973560130694,-1.1305762303104536,-0.6393712432299826,-0.19328545658486582,-0.6451245216965054,-0.6249797198464568,-0.46128586228565976,-0.22540061969568517,-1.0265954984076902,0.32231348585232417,0
0.2679344489311937,0.27976925859707547,-0.08222014507315809,-0.2612053503939738,-0.2942889260932613,-1.2064021908568918,-0.6953314107657133,0.49781424488957776,-0.7060742864976061,-0.6743685646456372,-0.4075765272060405,-0.22546375219020057,-1.019741288567623,0.5191382518112596,0
-0.01901164039953477,-0.05119064167754595,-0.08057976389789046,-0.2438376114034186,-0.37243534210183715,-1.1246497735097714,-0.6575939063033587,-0.9482967775741131,-0.6718981116493438,-0.6328616083721588,-0.47372120894124026,-0.22548117764129522,-1.1229981065869115,0.5876836242008286,0
-0.12277345325714142,-0.19257511713618655,-0.07651633698490519,-0.2114101361319575,-0.42647046722071447,-1.1169378942570554,-0.615592214857924,0.1018354575644724,-0.6195326032609119,-0.6036291356789291,-0.39128793753667607,-0.2254747659854534,-1.2098917096531683,0.595495057918224,0
0.15205346988254204,-0.04978635399871914,-0.0822937583480181,-0.2886843219554207,-0.5134433379299833,-1.3484427213364145,-0.6078271580760604,0.25409353476433727,-0.6090049823891248,-0.5992271528725939,-0.427882784928249,-0.2255208259938555,-1.3088473377009613,0.5943221311934099,0
0.10740148894264315,-0.14451432355161803,-0.07277502217128166,-0.2721831517231136,-0.5433671721591625,-0.8978069448486161,-0.5933730898619575,0.12817188972152793,-0.610342402051893,-0.5662464585521775,-0.36371889827022374,-0.22552182903672702,-1.3256279690567916,0.7846692162558051,0
-0.34297008250252653,-0.6101790533432879,-0.08491261735879696,-0.247992993831169,-0.25855254852460124,-0.9555421535484188,-0.54343889042759,-0.030846860063167475,-0.519022703142506,-0.5659068507832639,-0.10979048282408672,-0.2254906337472141,-1.4431348459743538,0.5638340727661744,0
-0.27411132430522345,-0.40194108504906556,-0.07951382052382469,-0.24655122476819494,-0.33411561193785216,-0.749956500762895,-0.6348775046368663,-0.033632488086400805,-0.6223417650003265,-0.6421944312779021,-0.3803521563120917,-0.2255571861149377,-1.5228526702466827,0.46274974743551583,0
-0.2242785176663519,-0.3058017742277099,-0.07769960834498252,-0.2343549886533765,-0.3623172111034815,-0.6258178747574296,-0.6114782866523324,0.18381934356921123,-0.5695045109462947,-0.6539288115909149,-0.20249707334660821,-0.22559901630722393,-1.6320688618608876,0.40766989757658667,0
0.19603467590452378,0.016478877176211867,-0.08495185249576702,-0.22770539133976395,-0.33174753872547125,-0.8234566866080917,-0.5886698206860296,0.05158547315469202,-0.5678880683305426,-0.6062982314614923,-0.07541326594243064,-0.2256002855203607,-1.691596234250097,0.6244789058651122,0
-0.1542005930070326,-0.3275431378066232,-0.08171836544221332,-0.21755921722936444,-0.23745516899611527,-0.6242127783998671,-0.6223999831324266,0.014888341124976258,-0.6171537847978639,-0.621233614331752,-0.12653019757605447,-0.22557601076256018,-1.7672898533661276,0.6478442030363321,0
-0.16857224386042674,-0.2781819211648528,-0.08153931718890094,-0.2146151010578245,-0.14811422507446528,-0.5964349944212629,-0.6013324866084372,0.13069087767719814,-0.5816002341807512,-0.6175681253879196,-0.166491127487052,-0.22555053057523874,-1.8087599763167845,0.44762436539554795,0
-0.2864422771333288,-0.38206793946538065,-0.08614912812745051,-0.23794285767506956,-0.15306565088217133,-0.8009037214778257,-0.6154716872942246,0.01716129723418298,-0.6142036827231613,-0.6096770538933687,-0.28094942096946435,-0.22547368577605162,-1.821864141627658,0.3700165118572765,0
-0.12689783843447633,-0.2559158432657226,-0.08723797487192883,-0.2185363936949108,-0.22712175861481598,-0.6843734758126141,-0.627445606807981,0.029540052691623367,-0.6393993102679721,-0.6058538179429734,-0.5247254084053822,-0.2254687908643753,-1.8612110349421809,0.22700097728243643,0
-0.25164522353977736,-0.404623993457178,-0.0840771957163573,-0.182402298165986,-0.2527400051851206,-0.5839976661367449,-0.6059701569518354,0.03979820861673725,-0.5759284654549257,-0.634357748681813,-0.3963780572177391,-0.22548281182656585,-1.9134009736645745,0.005368662054230695,0
-0.09491578279706113,-0.20543959829526873,-0.08425246139765459,-0.21461727247022425,-0.305914012772223,-0.5140764275510848,-0.5789448742631089,0.12364789368102704,-0.555271237879206,-0.6001127139910084,-0.41803611179684674,-0.2254711482015414,-1.9150540541985426,0.08831911480417981,0
-0.2784368351322616,-0.3846267157768598,-0.0856672205600013,-0.2034114647264819,-0.34940044812685744,-0.09134311095616819,-0.5362675164414105,-0.07659599715947124,-0.4827342081676459,-0.5932967238056739,-0.34708869588892743,-0.22543645808735568,-1.9150540541985426,-0.13138398820027336,0
-0.9064631845160717,-0.9493359373935831,-0.08926199019449038,-0.24579185842505372,-0.08008594006424513,0.19765084491958684,-0.562665531331629,-0.27120125930375166,-0.4867462412290406,-0.6458880120380727,-0.19387608824570687,-0.22543140553279728,-1.9150540541985426,-0.29776034768517073,0
-0.32891225303773924,-0.06331139890807863,-0.0797699404373719,-0.20373290550476575,-0.3754492534630493,0.33295585633548175,-0.6381861545247689,-0.17993081941611908,-0.5491701115195821,-0.7360206458793459,0.04643134019709067,-0.22547363933613737,-1.9150540541985426,-0.20424060626583926,0
0.2771365257040274,0.22666867142791353,-0.06221571285246901,-0.20695764527011226,-0.6540207749922421,-0.03585583914317768,-0.5416634074539988,0.0987010450565083,-0.437628811900567,-0.6584248863665272,0.013393017298500468,-0.22543536363625974,-1.9150540541985426,-0.061039683420264994,1
0.09656430857977175,-0.2753397366792444,-0.06690796047650077,-0.1932383916312719,-0.6669375379688662,-0.1514343152639431,-0.4827963095008842,-0.1770958401655748,-0.3976660666561871,-0.5778718509192728,-0.12743755328457027,-0.22541334696711818,-1.9150540541985426,-0.030759402533883075,0
-0.49985613832595865,-0.7485473890416127,-0.07834565300781668,-0.19680241716010793,-0.6079509870422829,-0.4551023023185485,-0.5161683262705377,-0.039923916727734654,-0.4647106165165118,-0.5709781764200023,-0.2319419370669871,-0.22540982335879925,-1.9150540541985426,0.04794055400976053,0
0.30212112684011244,0.4016196156127437,-0.07789714498748901,-0.31523760383820304,-0.7203268249389125,0.2552646273295859,-0.0834279420887754,-0.4017719809694941,-0.10309811333091294,-0.059148418625150447,0.1696762414546651,-0.22199451859746314,0.6324452959172768,0.5206591679323714,0
0.05819721964093481,0.08815906208303347,-0.0775415848404485,-0.3147250464553903,-0.7203268249389125,0.2552646273295859,-0.10883315117711928,-0.42719896915235794,-0.138925763351374,-0.07191173557741505,0.1696762414546651,-0.22188843807724984,0.5586640326880193,0.5575052834448015,0
-0.3055520574498569,-0.3073640598754781,-0.07432540984956792,-0.3103060630142158,-0.6837293298384777,0.2552646273295859,-0.1514980407137939,-0.3510626702413563,-0.1853792526169648,-0.10958495488560767,0.1696762414546651,-0.22212638999830547,0.4339272052104665,0.43456341359185074,0
-0.7282877814034753,-0.6580373154120691,-0.07615633643122975,-0.30248132829636987,-0.5416449370956126,0.2552646273295859,-0.22851162646831807,-0.37448199661343656,-0.2401234719537532,-0.21205372020618632,0.1696762414546651,-0.22190359520162042,0.2501971172678518,0.26530960672873205,0
-0.22228628208313678,-0.02330658832375275,-0.07934877022199067,-0.2970666484491773,-0.695569695900383,0.2552646273295859,-0.18048672854560094,-0.3155756396116048,-0.21764033401093055,-0.13435531084228758,0.1696762414546651,-0.22197649966730235,0.2315097798601931,0.41322138169968037,0
-0.15054965433771314,0.11482084676863248,-0.08269022957331118,-0.29839241825943824,-0.5211933957159579,0.2552646273295859,-0.1404458971213024,-0.35165602729342343,-0.17314872708651907,-0.10005909480989784,0.1696762414546651,-0.22244102285733883,0.3305200411645711,0.5337395083080095,0
-0.27256815830159453,-0.004302641888165616,-0.08448977943148843,-0.2888883650101282,-0.3194766138976783,0.2552646273295859,-0.10627686500899489,-0.20497392718337065,-0.14823574504387005,-0.05533545409550762,0.1696762414546651,-0.22226598162344896,0.27987878910869673,0.4268541296061039,0
-0.2914374440917825,-0.01742251191763961,-0.0871015719944331,-0.30208911678985945,-0.3478934924462512,0.2552646273295859,-0.022358899008536593,-0.28319529940180893,-0.05871494138593873,0.02095365798529609,0.1696762414546651,-0.2217053335108148,0.2968504891383981,0.40784057969457865,0
0.0720263366134378,0.3537113564454572,-0.08890637477030348,-0.2933481240612215,-0.27620545792598766,0.2552646273295859,0.01463486821599363,-0.16751437900653451,-0.015282569493761992,0.04988523430171688,0.1696762414546651,-0.22164474515815233,0.28525608436936434,0.3845265682479644,0
0.1446206956847048,0.40345985925536887,-0.09056981911560956,-0.3105871832258593,-0.4449844941538757,0.2552646273295859,0.03595918307537793,-0.2676253138525342,0.015272007123675137,0.060027637556494554,0.1696762414546651,-0.22560982252878256,0.3146978742757605,0.38860317208782436,0
-0.009826400653959708,0.23331366381468996,-0.08221258732800225,-0.31408047250400367,-0.4475678467492004,0.2552646273295859,0.16389113361718086,0.13715435522056021,0.14686864611898032,0.18210384959689518,0.1696762414546651,-0.22555976961779658,0.3697191728389839,0.3303801498684428,0
-0.5150796188946295,-0.3200734425146,-0.0807766096786297,-0.3197074438021314,-0.5939578271509403,0.2552646273295859,0.2017390491694978,-0.05950281953215692,0.1875142447843117,0.2161904955239614,0.1696762414546651,-0.2255480457115753,0.394106068410745,0.24058263248524644,0
-0.46991629166379595,-0.3045529342835412,-0.08472796529502716,-0.32633521949423405,-0.41204674856348417,0.2552646273295859,0.1945027855731998,-0.44675573855947537,0.21328186324244947,0.16996164430399557,0.1696762414546651,-0.22556848459668236,0.2933628247811835,-0.04738172497228597,0
-0.5624126391093086,-0.39704377416212044,-0.0868682716283911,-0.3275770169529934,-0.42776214351837694,0.2552646273295859,0.1821612402343003,-0.13066079987461435,0.18667318034852529,0.17465945709764405,0.1696762414546651,-0.22562861901912099,0.23622553852695438,0.07111934589802969,0
-0.17826818430991775,-0.04472483925350463,-0.08354747433225201,-0.3290606886771205,-0.1715796778153324,0.2552646273295859,0.26286027579632404,-0.31008674448046514,0.2638389147549675,0.2585854760967447,0.1696762414546651,-0.22565638870299398,0.2084462248762223,0.026997138752556396,0
-0.24434520394991416,-0.12868693588031846,-0.08242776895516724,-0.3300494026501267,-0.23336486072018425,0.2552646273295859,0.3191060075344099,3.0780853867847267,0.319677102866293,0.31464700459295436,0.1696762414546651,-0.22565643079634035,0.21686469032480685,-0.014646958567998322,0
0.011709009253522995,0.18323395967862663,-0.08646358048324276,-0.32707803146943293,-0.3112959973458163,0.4750945533468683,0.3913516086845338,-0.02543704246888658,0.39228176889704525,0.3856110287502192,0.2548592438819541,-0.22565898416672336,0.29148755647273394,-0.03841799106566146,0
0.14820943271762002,0.37021678589075296,-0.08304228992351077,-0.31258715693892475,-0.3997758237356914,0.5627074270254127,0.43667867821747325,1.9802512493941185,0.4466812376452355,0.41965856726999234,0.43286559548581505,-0.2256821215605868,0.3386772691088268,0.1195725469675368,0
-0.47829784672552716,-0.26331987803398055,-0.07811325364495925,-0.3165714639986068,-0.5528394650086867,0.6775114715836023,0.4609085595648787,-0.2548209611007677,0.4695042101597953,0.44526707465728926,0.4885597682706352,-0.22569936351922065,0.2240693564609015,0.11454701260894652,0
-1.8380900780865606,-1.6317173055609202,-0.09086481414743354,-0.3133826620025641,-0.30031674881568576,0.355358241726569,0.19478395665571402,0.03429651613167977,0.20798989866139053,0.17683837422009369,0.03478176311363987,-0.2256865281441146,0.03724469258027758,-0.18072118617293606,1
-0.38232804603234377,-0.1455008543588851,-0.08471301664265783,-0.30148417153652707,-0.40537308769222846,0.41630920031463603,0.40645031364432344,-1.2279587961628413,0.4045596131319773,0.403870798919569,0.13285812361762453,-0.22567358315940061,0.07109663435457339,-0.20789346777827708,0
-0.08053486010986324,0.13412816111659356,-0.07778087475889403,-0.294551434473815,-0.45833181589638733,0.18794539555491646,0.5141818391656181,0.27736313474395496,0.49186864698388394,0.5345065638022432,0.1807025213419122,-0.22568602346424482,0.09377564330547479,0.052940710050660346,0
-0.7009178838995525,-0.528962264588346,-0.0815499230862296,-0.2878517071946106,-0.3997758237356914,0.17533101203803558,0.5153363187440371,-0.2801286967007707,0.4929459653040202,0.5357387208455071,0.13264355049863524,-0.22566525528798112,0.11328228419899528,0.0361192401012227,0
-0.9380849668392099,-0.8060676539300049,-0.08383477540573625,-0.29853501838891994,-0.3011778663474608,0.21619487887547673,0.5003033376165569,-0.49704947124958987,0.47889990815905115,0.5197153749907951,0.09489169817315543,-0.22567405584036018,0.0871026979236714,-0.018843478094205827,0
-0.6665012496697068,-0.5837204603973476,-0.08569055805990723,-0.29391368986360644,-0.23508709578373416,0.3105289509170102,0.49171615396438095,-0.40235530554564786,0.477814583643164,0.5023473827384961,0.1705011849131538,-0.2256741310211883,0.10112435638456851,-0.03502869684091591,0
-0.5187125642926894,-0.527924963585971,-0.0890282782234276,-0.30148936073587335,-0.20753133476693625,0.18850316044218662,0.4674790266148826,-0.7024548507540063,0.46297950459416537,0.4672650407312904,0.10514665680367151,-0.2256226411390843,0.11091810317969743,-0.006469551873088558,0
-0.29915854132302333,-0.2955950930115704,-0.08905167446838108,-0.29870306791745616,-0.15112813643567763,0.35384083670304173,0.4403434625408407,-1.4460924809604745,0.43936013629137793,0.4362877865915092,0.28480958105198995,-0.22562190466490126,0.18509923595532363,0.07128806312812934,1
-0.2573277998797785,-0.14556315306017129,-0.0834530582590243,-0.3033392787865161,-0.2594136660563763,0.13067288853584041,0.5103326092311375,0.006994726290544831,0.4929632857378645,0.5248491579586652,0.19333708633690588,-0.22562821783163298,0.14576354534073258,0.16229759763793056,0
-0.20013307910916825,-0.029495231826883628,-0.08384313492286255,-0.298880895288774,-0.39460911854504177,0.0741226680027968,0.5599243279267586,-1.2971534313625697,0.5373323193258573,0.5800369385488277,0.25274231184245005,-0.22564153765450362,0.12455571611103496,0.32307646414876606,0
-0.39690017268327027,-0.21730272048137683,-0.08604311329737029,-0.2977130873245969,-0.4749083283830549,0.3223498697151505,0.556924733256403,-0.8458881150184467,0.543572953225128,0.5661319752542252,0.40463773328961106,-0.22562542072006964,0.08638686717933727,0.25506395626106115,0
-2.5752440457650443,-2.4205938713627013,-0.08674423606223697,-0.2789967532073716,-0.3369142439161209,0.48499457659408873,0.4117810184877853,-0.8336803802406728,0.4071100521749022,0.4124302957277738,0.5380333061365903,-0.22563157929126923,-0.001689255922900336,0.28023495272984067,1
0.4579304133614591,0.6528744476379144,-0.08022758051676646,-0.26934821896590955,-0.06609278017290247,0.20995739540151329,0.6065822485249898,0.08528689225627215,0.5454473131104993,0.6717786549887719,0.569822071522742,-0.22564198075912145,0.06496146307801,0.6303488406257959,1
0.5679837003034102,0.614785810682644,-0.053025970442107016,-0.2717602071313004,-0.3819076349513614,-0.21760548127518053,0.8270751986774392,-0.04220571315045599,0.7219087849464689,0.9417934388488269,0.39239049997160375,-0.22560589214387178,0.007773561446438272,0.9063786953854027,1
-1.0825800294789545,-1.060833505016176,-0.05647422157917516,-0.27687716824703046,-0.32335164279066547,0.14216350813606435,0.6789862281623705,-0.3782018982152979,0.6271053073682479,0.7323670819571532,0.3546475059981169,-0.22561448170095988,-0.11609886403201698,0.34157223934547537,1
-1.0482707566024057,-0.8947701055538426,-0.07942168314937033,-0.2653748374737069,-0.3371295232990645,0.17884328654974663,0.5677940384900486,-0.1063179243886909,0.5365600293287665,0.5980459515700431,0.0762808042268876,-0.22561481095052577,-0.25696899023170255,-0.0824683944496299,0
-0.023889770181275104,0.20266613129308725,-0.07701975985689119,-0.2972399148477742,0.046928895872558385,0.6778270834585104,0.7899640038556677,0.08047051368875661,0.727917642668403,0.8540657152414688,0.19036658083576138,-0.21435322652110303,0.3016252484844676,0.05192968020772177,0
-0.3758274737499447,-0.17552803340550735,-0.07811626378688273,-0.2997641639288934,0.046928895872558385,0.6778270834585104,0.7393914858358942,0.1527913755925796,0.6832962898199012,0.797046202550139,0.19036658083576138,-0.21410011198825543,0.3016252484844676,-0.21121401828608852,0
-0.4574272687126269,-0.2678986136184877,-0.08182155290697474,-0.30174391660359623,-0.013779890117574838,0.6778270834585104,0.6775165737252609,0.20195788659145697,0.637492099633815,0.7168761796681183,0.19036658083576138,-0.21479282673840944,0.3016252484844676,-0.25450078413892074,0
-1.1299687244532266,-0.9466544822631051,-0.0802851829921402,-0.304347728606033,0.28244454081300413,0.6778270834585104,0.5710796317496536,0.1987783306387837,0.550405702367354,0.588788894650831,0.19036658083576138,-0.21394475297971818,0.3016252484844676,-0.3699263642961913,0
0.00027807433397146345,0.22441072803731563,-0.08205880485122415,-0.2981036248848389,0.6197873338858366,0.6778270834585104,0.645233621839275,0.019959888160926788,0.625112866749354,0.6614088490623277,0.19036658083576138,-0.21433985540799574,0.3016252484844676,-0.3557952651821869,1
-0.2269707296361191,0.021196873433683303,-0.08633925523879497,-0.29633040648755665,0.5534812839391664,0.6778270834585104,0.7005256765643341,0.05203344391173935,0.679579558098626,0.7170227267920264,0.19036658083576138,-0.21571800021197557,0.3016252484844676,-0.3945822396835376,1
-0.513880350258912,-0.2667750580717908,-0.08347304951743786,-0.300474307649746,0.5849120738489518,0.6778270834585104,0.7503336366224373,0.2334573590546664,0.7143349215879884,0.7840633284356352,0.19036658083576138,-0.21520455201019748,0.2722807993270408,-0.42254168357230737,1
0.1531868498818487,0.3986639695258347,-0.08558538534209209,-0.30588862591920024,0.4701681627399409,0.6778270834585104,0.8641448106794356,0.19388038377570363,0.830211688762513,0.8940795714248501,0.19036658083576138,-0.21353670716839168,0.3126376927931961,-0.30555080140736673,0
-0.34108560013657,-0.09603905446153287,-0.08878033366365613,-0.30485504127825047,0.5502520931950102,0.6778270834585104,0.8469256409812829,0.7450490438251108,0.8104731848149817,0.8800475509041314,0.19036658083576138,-0.2133548424703838,0.27074205991919653,-0.29710882100539865,1
0.08547376651077696,0.3334385704079239,-0.08797279451704688,-0.3258847182324323,0.40536906847387666,0.6778270834585104,0.8550248670091181,5.884988387110442,0.8230053487041719,0.8828019293420767,0.19036658083576138,-0.22560982252878256,0.12210965473633878,-0.2376427570373949,0
0.1324195011246377,0.37739414466214266,-0.08127301224441763,-0.328832121181373,-0.038752298539048005,0.6778270834585104,1.1548373777041419,4.671110091933269,1.080420502093419,1.2292611046011919,0.19036658083576138,-0.22555976961779658,0.16203177892595347,-0.046509081128993296,0
-0.5737347976821919,-0.36887665747413506,-0.08162718325260572,-0.32529753797913585,-0.1265862867800919,0.6778270834585104,1.1082087513153573,4.6411716037152155,1.0502620176023858,1.163683697882052,0.19036658083576138,-0.2255480457115753,0.07561738955461764,-0.2472848512056897,0
-0.40987377560282306,-0.2314713287621558,-0.08550512992391944,-0.3221769737780284,0.030998221534722044,0.6778270834585104,1.0468462905364058,0.5036768986483859,1.025093482875014,1.060193097134817,0.19036658083576138,-0.22556848459668236,0.032717366517204104,-0.5768787376624598,0
-0.5903689683589021,-0.4064555434074018,-0.08576984386992317,-0.32286026082603125,0.19676334640139775,0.4927070148125279,0.9876294866354496,1.0307059931843323,0.967229440763499,1.0000765275470318,0.17230738844346158,-0.22562861901912099,-0.07095039851625648,-0.538911314677465,0
0.09316068279102344,0.2834444488422571,-0.08337769645530214,-0.3241166216177564,0.12851978200823397,0.4422084066286681,1.0614898084246163,1.1931241958531649,1.0275108316826826,1.0891394663930782,0.2910525581346091,-0.22565638870299398,-0.090189398202957,-0.24147812507473565,0
-0.2439747945256523,-0.09160807488477153,-0.08015809192946283,-0.32958745405551,0.3603756774386362,0.25715435935212166,1.1952381877759584,0.738261275929143,1.1363709240719764,1.250771413590462,0.3060437771345585,-0.22565643079634035,-0.12838613127719523,-0.06431260780979392,0
-0.18175280528098053,-0.05922733043763341,-0.08481808593992365,-0.3256366348967532,0.31861147714755184,0.2325572635654099,1.2837833304880903,1.5154007791238302,1.2176856791317276,1.3468280781793291,0.3710614863569386,-0.22565898416672336,-0.2770650807839253,-0.013733940777321948,0
0.12168581033913561,0.22690364825983925,-0.084668206576344,-0.317274067039825,0.14918660277083234,0.17292487650275812,1.3347639875767747,2.3491918114299475,1.2659427899898534,1.400429217547391,0.48508985494232704,-0.2256821215605868,-0.2697775884070267,0.09681509641348063,0
-0.7498478945815009,-0.6703391380324025,-0.07212019731669768,-0.31948130465094915,0.04520666080900851,-0.21839355547511466,1.4862506360404613,4.579124456884266,1.3490838500189481,1.631044936995123,0.3195716012588826,-0.22569936351922065,-0.455986801329558,0.32980211304996676,0
-1.3848349353339573,-1.3164972747644486,-0.09349760446895161,-0.2970402787450091,0.24584704571256943,0.225732961583907,1.0302083526237078,1.7262198401906792,0.9530299216394191,1.109379305906293,-0.007934769460922423,-0.2256865281441146,-0.6566872643383252,-0.35341257616932475,0
-0.13912868859096378,-0.08728204488780272,-0.08294466914886567,-0.28903771118109767,0.3287296081459071,0.17765065974160318,1.294240729016033,3.109404952281164,1.1861966183797696,1.4068283715615504,-0.05105512511690416,-0.22567358315940061,-0.6067045175814076,-0.28913895139330575,0
-0.34936306443073517,-0.40707049220556757,-0.07662553896149063,-0.28263211714309383,0.08051247961178096,-0.40298328000137384,1.480575495102597,3.7902830690130314,1.3294414355761393,1.6419750731361589,-0.17885286531953995,-0.22568602346424482,-0.6378744802904903,0.07519955002477931,0
-0.8122044107258125,-0.6869256447952986,-0.07988405806209004,-0.27809325320510053,0.16705479155516237,-0.0925607398662085,1.4738584958747551,-0.1314825098290676,1.3222715056804177,1.6358739938269378,-0.07242213236177965,-0.22566525528798112,-0.6951482738133186,-0.08053126446704924,0
-0.7880037287363736,-0.6215681851489685,-0.08800927677662497,-0.2885793158107881,0.3571464866944804,0.08436553959829642,1.4244816100691522,-1.2293570859563732,1.285596588874804,1.5720426256128974,-0.12364305674719668,-0.22567405584036018,-0.6876827294756604,-0.23415998777655805,0
-0.39404971208576156,-0.2142022710012741,-0.09164744939459268,-0.2926987950649599,0.37824386622296624,0.04772723968611784,1.4420201097436791,-0.8423148127842234,1.3012364534932033,1.5916213035875257,-0.0950981344112233,-0.2256741310211883,-0.7017391587331159,-0.13817804167832146,0
-0.47266968442560026,-0.3316296479980594,-0.09060541815016673,-0.2963814601667714,0.36941741152227303,0.1534990657099873,1.3804601441192943,-1.0346850289648972,1.2522709096726943,1.515878619744912,-0.10483709533703862,-0.2256226411390843,-0.7045400337925768,-0.1269835116683843,0
-0.5483986547337101,-0.3881351737286865,-0.08395855966194794,-0.2980847038403393,0.22905525384295808,0.015246568549951121,1.4505625087509981,1.2040454128724098,1.3083812010154205,1.601717332398066,-0.1413065750118242,-0.22562190466490126,-0.7602370735272603,0.02313655478529338,0
-0.4725878529641919,-0.27759601319000876,-0.08324269204642103,-0.2907593263538938,0.06974851046459425,0.039511203698357006,1.5884536837946384,-1.4740467757391504,1.4317403362346819,1.75518061232262,-0.1064972357424783,-0.22562821783163298,-0.7258026037295047,0.04938921397444677,0
-0.36371402153650745,-0.18655356734847103,-0.08358531609636978,-0.2888244793849953,-0.17760750053775706,-0.22560164299605365,1.6125933886573,-1.5044524032784246,1.4329864667040297,1.8061413781896616,-0.12670540868179633,-0.22564153765450362,-0.7435777278836102,0.2625015078581682,0
-0.21128516140279907,-0.05577652732838363,-0.0864858348589779,-0.28302788327845774,-0.30182370449629203,-0.057903523506244725,1.5631719478106998,-0.725497349598392,1.4163625709271181,1.7184717417917694,-0.0017715732135587978,-0.22562542072006964,-0.7314848135387467,0.10946615838481424,0
-2.163690726018144,-2.006899721761023,-0.08976133829693168,-0.2711607563770793,-0.26285813618347603,0.0734104301476152,1.4135242849570078,-1.234088791190904,1.294799732582411,1.5373441146901636,0.021138527452195226,-0.22563157929126923,-0.801470357499658,0.003391786549777692,1
0.8171634153888809,1.02450771740664,-0.08176370285924067,-0.2466914378654864,-0.11151672997403039,0.23558770009604318,1.7725892740751874,0.3210440252099733,1.6310142993111365,1.9192087478278383,0.1823765528454332,-0.22564198075912145,-1.0224983358338402,0.06951591385906812,0
0.19705098994027642,0.2822215166876542,-0.04808165496140987,-0.24700812991516843,-0.2574761516098826,-0.3849282104108034,2.0150581955320295,-0.15161151183761498,1.7856371065144918,2.2628178741075704,0.05280070801181082,-0.22560589214387178,-0.7105970253017223,0.5656220791502647,1
-0.40792358860337996,-0.3412368924437739,-0.07419287501474495,-0.2481781803207538,-0.2624275774175886,-0.047948756676537106,1.5698758036691607,-0.5448688910142463,1.409133327513959,1.7415936655983173,0.06916202792613849,-0.22561448170095988,-0.8100092609616852,0.22196295617086262,0
-0.5816000030000542,-0.4658292264512727,-0.07845424521344674,-0.2463784921346966,-0.2294898318271971,-0.14230555189602728,1.4483504827757472,-1.2983856059685046,1.2972569332356911,1.6100841014954412,-0.08549758987780712,-0.22561481095052577,-0.9016771182722249,0.07802212948330058,0
0.6465816344194227,0.39811447600894156,-0.06441519213072591,-0.360427509842174,-0.9829676721302689,-0.2903763464363012,-1.0113798689875622,-0.4542459012202883,-1.0157584317073947,-0.9323199358835244,-0.21935875774179464,-0.21395435741124472,-0.5874177882337127,-1.3262004070412892,0
0.0699615930047784,-0.15588123747243135,-0.0633297747449399,-0.3589064556538397,-0.9829676721302689,-0.043516139303776555,-1.0127273465800077,-0.4550336686287538,-1.0157584317073947,-0.9640413389786912,-0.27615432922437316,-0.21325172198080394,-0.4569667103671464,-1.2498007231111066,0
0.5981288049387129,0.37969373030150244,-0.07614555184952185,-0.3574100196097212,-0.9758634524931258,0.01727838102822432,-0.9943771026878174,-0.45404237428800037,-1.0139144559841646,-0.9594561294915508,-0.34548346482234016,-0.2124356875428583,-0.38539413638845366,-1.1783263891800257,0
0.4008547460150534,0.18858543115482068,-0.07905977865629403,-0.35578313752973717,-0.9592869400064582,0.1035582224370222,-0.9383590758727326,-0.44985288962176573,-0.9677921349915436,-0.8923851130153464,-0.47924532338476505,-0.21222202497064682,-0.20834259154811952,-1.066191306553451,0
0.1792125741631687,-0.03078731008804297,-0.06824106471019147,-0.3537855628709083,-0.9463701770298341,0.02078124928090263,-0.9428530360495903,-0.4511319246271392,-0.9682991218873082,-0.9015465906880435,-0.29368800736408535,-0.21199866439193324,-0.12864625052853676,-0.9865676689899202,0
0.5114056125277049,0.3004885555170871,-0.044786046060404795,-0.35597623890834995,-0.931085340840829,-0.44379320888911544,-0.8489448290970775,-0.4549643209685268,-0.9082330417853095,-0.7686807091044405,-0.32685981588077523,-0.21197558978490233,-0.12331727058570424,-0.8612523325030896,0
0.3499546496159204,0.14745295993538088,-0.08206074285181743,-0.3573661339205367,-0.9162310634177112,-0.4376313504069462,-0.8864370387137629,-0.45166234997208504,-0.9455710672105595,-0.8059110351803996,-0.20535806724726352,-0.2114502356115335,-0.45425925193565103,-0.5799278228794469,0
0.3410443588650425,0.13135557134625728,-0.06827936691360699,-0.35807577068145396,-0.8757585394242892,-0.17840760103108233,-0.882053668147852,-0.4161260222723092,-0.9193321095000545,-0.8274578155878076,-0.05129169423247532,-0.21072314158861985,-0.43382821717599257,-0.3901369636706991,0
0.5264479711267895,0.30710638427821935,-0.05370660785712932,-0.35718429226454224,-0.8337790597502608,-0.09043629000436848,-0.8547342312220535,-0.40363043485324407,-0.8794524707630641,-0.8153341864222623,0.12454906476297163,-0.20967872846948657,-0.3047469894472173,-0.33681304209087864,0
0.38968262673359005,0.16702368718390587,-0.06450941825994456,-0.3580110369592778,-0.7917995800762324,-0.19811492087861488,-0.8458088716205898,-0.40772522369154524,-0.8794101990326815,-0.7959965780760238,0.22564169574499682,-0.20892328440588495,-0.386853807428064,-0.23198911730681962,0
0.5578197156523552,0.3557282677301805,-0.08285545756950867,-0.3583363287258712,-0.7526187323804727,-0.17497323453410588,-0.8293988659253461,-0.3837766839948946,-0.860531769322562,-0.7827038489903242,0.36487485389523583,-0.20786406189161155,-0.44856077156305274,-0.042036054640185845,0
0.4995360637364864,0.3429554050072079,-0.08380175073873754,-0.35891280414240834,-0.6796390215625466,-0.24537647706533802,-0.7806085239095465,-0.43575086519833417,-0.8269261255522085,-0.7165123867052718,0.4413560575216907,-0.20659386824092266,-0.42361120038926925,0.021866370734193494,0
0.16383198553899744,0.041087358980142145,-0.07756446587031232,-0.35777140662816304,-0.6027842818516332,0.1485698869182247,-0.8356258740430795,-0.4425725141277285,-0.8584114171196456,-0.7987407628736681,0.726173144940607,-0.2058725322559384,-0.39935247061052337,0.051063546203282614,0
0.40841132262781865,0.3116099397687112,-0.06657058855239208,-0.35529473039010934,-0.5265753802895511,-0.041806693639877365,-0.8586387640710879,-0.394639069711539,-0.8899686026584211,-0.8113639452073165,0.6546190177386149,-0.20578171600921905,-0.42934889886255095,0.11007883293303651,0
0.543313540585444,0.473910713688306,-0.05754058971676933,-0.35365675218788556,-0.5274364978213262,-0.15058531060037766,-0.8726917106299159,-0.36132580897637967,-0.8991453943343414,-0.831023932429597,0.8275500130501283,-0.20530946794501378,-0.3776132500150576,0.16470384525094506,0
0.893115385500774,0.8548723194549466,-0.060086148394289274,-0.35474507334621846,-0.5416449370956126,-0.12065978915427142,-0.7402076753772718,-0.29549873577837693,-0.7944835499166728,-0.6671674415961187,0.9232697170233042,-0.20364077775149916,-0.32495073112553297,0.31122340853394137,0
0.9298005397850158,0.9206459816193117,-0.06141021310760425,-0.3518589418943534,-0.6835140504555338,0.20155280170086323,-0.6749209863974098,-0.3686596368460188,-0.7312730650531724,-0.6001963469243775,1.288248037188993,-0.20204454173741798,-0.22665276581352073,0.3660345226127112,0
1.034139592980457,1.0506924315414006,-0.05039007164427174,-0.348017794920643,-0.5922355920873904,0.10238161732235887,-0.6427527785609669,-0.3437760136643629,-0.7105791210964386,-0.5548233277258355,1.4077463055385986,-0.20206476721749023,-0.11737537885945488,0.3720363482142099,0
0.7522258829614676,0.7886511560871656,-0.051354989294682435,-0.34661917367208694,-0.4899778851891162,0.09136584878278453,-0.5956806557778883,-0.2573296732096265,-0.68918710476715,-0.47790258931324076,1.5380335825401366,-0.20216062958141395,-0.08418388638486612,0.37619017410969663,0
0.4908577515011268,0.5438908286804578,-0.06772466509222055,-0.3341267743927,-0.38018539988781147,0.5049823019924283,-0.6401094322545962,-0.3353269923053396,-0.7123588328615094,-0.5469741782807096,1.7332066324845283,-0.20200786265746407,-0.022121142431680965,0.3768515927480788,0
0.6329636715917599,0.7033492057185937,-0.0550033993164155,-0.33184102626359896,-0.7291532796396056,0.22899352076182394,-0.6803527445435158,-0.30940947616261566,-0.7418913445183719,-0.5994225953019339,1.7093846243371735,-0.20179637454818938,-0.0847313302186312,0.38394503431917265,0
0.873805279498344,0.9374458028978432,-0.03962190617512031,-0.3373273580745147,-0.6520832605457486,-0.09976776883179678,-0.5113272786941683,-0.3211155288121526,-0.6162209568267263,-0.38106607611006327,1.620975107479819,-0.200235714353547,-0.1064458652018727,0.589120469694187,1
0.8892066857399891,0.9385397385503484,-0.06398795480317623,-0.32750864604393815,-0.5803952260254848,0.2462905635363475,-0.49920003719279515,-0.2930564841589593,-0.6084990232460598,-0.3638664740472942,1.931888895446236,-0.1975635394067063,-0.12083806419974283,0.7361222696503356,0
0.7521762087968552,0.8059384657245549,-0.05780944312159169,-0.31287865210380755,-0.5037557656975152,0.15217827387878533,-0.5310881495085148,-0.21825005029349193,-0.6286076003799054,-0.4093241756929918,1.8273335354666216,-0.19886645772819378,-0.02877824214439348,0.7583614977679322,0
0.764980310903839,0.8267438001339693,-0.06034488058698782,-0.3012697607531694,-0.5056932801440089,-0.005088004439790545,-0.5624104276154588,-0.25472422994345234,-0.6462820352730698,-0.4564349277772281,1.5866708269084213,-0.19902651483589334,0.0009935652952837255,0.7912532013006848,0
0.897620064936874,0.9657759576480249,-0.06409724679764468,-0.2870791295823456,-0.5099988678028835,0.1436964047409158,-0.6050812224646721,-0.2571758321902076,-0.6995743463032954,-0.48602344234827494,1.458359006539497,-0.1989206364838373,0.031685922753721577,0.8452087696839132,0
1.0489471737685798,1.1190786410450833,-0.0673008743683954,-0.27393779772058,-0.5201169988012392,-0.0195485516442462,-0.7940326109263771,-0.335325460414591,-0.8096891504014194,-0.7660816841310999,1.5256000900377673,-0.198740007899705,0.6525023759163071,1.081616519206474,0
0.9077681420892469,0.988498941386894,-0.06641358514379923,-0.2707897432294239,-0.515380852376477,-0.42126137415045417,-0.8174835054170273,-0.37133033274044236,-0.8452001668983782,-0.774974751276946,1.281394981594271,-0.19805744776727685,0.6049048997492189,1.2051618767894516,0
1.1045130259598712,1.1961423818487145,-0.0671592442930267,-0.2746385249952504,-0.5009571337192468,-0.44989611690706066,-0.7732869983304016,-0.35255987127521154,-0.8498736464538745,-0.6734374764236455,1.3026730176878556,-0.19700779291880646,0.7317507187603597,1.35816352697242,0
1.2562891706645254,1.3421141034302255,-0.06693159174383408,-0.2728046472332343,-0.4869639738279041,-0.21978070663962748,-0.7897462710646166,-0.3813303545834932,-0.8363338242267477,-0.7252221746789476,1.412169917799615,-0.1966656132909362,0.8025047228556994,1.4265062913188127,0
0.059921405953389566,0.1356066262458739,-0.0664653294915023,-0.24407167039353825,-0.2641498124811385,-0.024968892893141043,-0.8830038164503088,-0.39985140899872984,-0.9218333708370692,-0.8265600993599003,1.5144084470726182,-0.1965207907091303,0.6961748129742819,1.2682473284133933,1
1.0017823509911876,1.0940137687262221,-0.06714967741437775,-0.23585951264758842,-0.2818027218825247,-0.7159156055981849,-0.8574767842141636,-0.3989952565165411,-0.9147408614467134,-0.7795082084972462,1.3751518971476804,-0.19644718824344498,0.8073412941894954,1.2177181605569964,1
1.045264241088124,1.076898970808689,-0.057025669172732656,-0.26992370680983674,-0.46780410874591155,-0.7193488750337672,-0.7510501745752858,-0.4080459278176347,-0.8431858250419727,-0.6330534019918227,1.1178969778543197,-0.1941384193888741,0.8996361625706673,1.3974230106181427,1
0.6878252228420357,0.6594041543516548,-0.046735781171677065,-0.3025317842534153,-0.7349658229790865,-0.35541666826009577,-0.8002041749966863,-0.4097202014965241,-0.8343218373582485,-0.7503211273340039,1.231949521935671,-0.18909090554063276,1.0003125638738337,1.2059178799663537,0
0.26909944691360627,0.23972659931958065,-0.043995737747573926,-0.30380706861615125,-0.6740417576060096,-0.1911887998918118,-0.8741004017866301,-0.41681356908620876,-0.921240161933639,-0.8079224989946813,1.170787109120873,-0.18586978819103772,0.9219867957207755,1.1621140884280947,0
-2.0441634576745478,-2.238188212710203,3.2063537063223437,-0.3350702568932012,0.026046795727016018,-0.24314801618221035,-1.0579333954850008,-0.42102055077424544,-0.9942300021391105,-1.1201153478128856,-0.7177356596598665,-0.225927553189888,1.085101384419254,-0.6781624894303863,1
-0.5919246590859941,-0.7646960275234085,1.9434445463358405,-0.3367324385751703,0.026046795727016018,-0.14977808616285324,-1.0531076570916649,-0.4116054078910519,-0.9787418920851159,-1.1201153478128856,-0.7446534595282598,-0.225927553189888,0.9125866179911282,-0.7478644606767532,0
-1.0172363782108083,-1.1778522751945533,3.2063537063223437,-0.29734483166889225,0.06888739293281941,0.2334065045423078,-1.0063384083540696,-0.3697362968552101,-0.9081144808233634,-1.1107113225671976,-0.5652712175949693,-0.225927553189888,1.168905137941237,-0.8936200403363553,0
0.4583616681550662,0.3150079414065965,3.2063537063223437,-0.2740371719733363,-0.15844763545576457,-0.07769171294954577,-1.0002588076460175,-0.40765672507015177,-0.9198833784674507,-1.0835702109791985,-0.5584209285672012,-0.22592174135359466,1.6470207828994523,-0.5595897360269761,1
0.7088061218692386,0.5824492202414154,3.2063537063223437,-0.25603402795552577,-0.04025925421965427,-0.11551216587201481,-1.0165069044737933,-0.3756548124011139,-0.9518072939980771,-1.0810646858990867,-0.6978763567986634,-0.22570464501768167,1.2408782330357149,-0.33259355868902113,1
0.26924367303830227,0.14814385496969318,0.21738129621700947,-0.22028756681376327,0.07017906923048167,-0.4750419240022005,-1.0462119884584586,-0.3692448975620927,-1.0157584317073947,-1.069845310926785,-1.270191822455695,-0.2256169676386479,-0.36013510655292896,-1.1805423371978885,0
-0.27443076848423176,-0.3907445137527119,-0.019091999074784358,-0.19749252155876953,0.2731875273464237,-0.5383277476512917,-1.0579333954850008,-0.2537307127581282,-1.0157584317073947,-1.0908487209717304,-1.3189131719910479,-0.22558666551999618,-0.6174231684584133,-1.184980192170808,0
0.045574491975764755,-0.06168367147692352,-0.06065042381448654,-0.21928324845282912,0.48157797003595904,-0.6904495624334042,-1.0533865278021133,-0.1614584549767551,-1.0157584317073947,-1.064616449127944,-1.359325948808162,-0.22556140316469245,-0.6258941326513678,-1.0981380319405116,0
-0.7792065926883807,-0.890431167621285,-0.0782114867796402,-0.24046329234670907,0.7285034222724229,-0.7599363948000089,-1.05580511794858,0.0013973212303948481,-1.0157584317073947,-1.071658586001294,-1.3373798352095851,-0.22553280214667795,-0.7765056304920728,-1.0281165751626342,0
-0.7441728586070854,-0.8467488829006846,-0.07038366950659587,-0.26280513738756306,0.9384008206425642,-0.8297516047349625,-0.9759568734818782,0.19194870940554407,-0.9501365569985749,-0.9949601771787249,-1.4785776290517514,-0.22530634509811773,-0.7497499406773107,-1.1635573170637443,0
0.31353669403137174,0.23896247038102233,-0.06009780562846719,-0.271931364267713,0.8875948862678428,-0.7593115691035119,-0.9468265408838428,0.23300994714947704,-0.9300461957315738,-0.9554713542848926,-1.3249865327390016,-0.22530097657162607,-0.6056551900149227,-0.899109826555287,0
-0.4954071149145272,-0.5546781596265766,-0.06105680294932194,-0.26411050062527147,0.8359278343613463,-0.8260823240042343,-0.8713200558370885,0.11175763593746142,-0.8596448642416408,-0.8748151738114673,-1.3735933485082275,-0.22512068580912817,-0.6135254083722734,-0.9272848211489088,0
-0.04653881409191798,-0.08567022035501909,-0.05348106633978707,-0.2587184691734627,0.8342055992977966,-0.38892120854592266,-0.8593334145022142,-0.010546523764701466,-0.7997145457695811,-0.9197385149399356,-1.1518884380691659,-0.22492288518587558,-0.7413027897609654,-1.1531580919849667,0
-0.5626112414616625,-0.588466065222586,-0.02399915639499892,-0.22726892984980954,0.9476578341091447,-0.012534986386151291,-0.850159382044756,-0.20756835979352503,-0.7690802890298207,-0.9360832927928536,-1.0280084103366556,-0.22486843421922226,-0.37609728112119434,-1.2566600247663906,0
0.6837380152953975,0.6816820473050378,-0.06220117832594626,-0.21729084351337885,0.7117116304028114,0.14651192102727034,-0.8231331166354592,-0.08442711821972432,-0.725073375040472,-0.9294834061626662,-0.7297036352631702,-0.22492123673037157,-0.2629381665982797,-1.0721778178993548,0
-0.006424166151618789,-0.00445127996629641,-0.0609194905486071,-0.21491969029400426,0.8148304548328605,0.14167769258243532,-0.8686750117125575,-0.21844520789934976,-0.7670476988336422,-0.9787096275184739,-0.8203946461071994,-0.2250913107781095,-0.32594801065533274,-1.1958237605047048,0
0.19860267030065762,0.21291334423872516,-0.07355964872902308,-0.1270223173837858,0.6299054648841923,0.08497526149495757,-0.8870413655565842,-0.21581421948976595,-0.7950808155248439,-0.9854122937411012,-0.7841976386849522,-0.22518109540216075,-0.43571804520421664,-1.0889673387668335,0
0.7673577888254254,0.7999011396635227,-0.07611168716276862,0.13217127752834482,0.5412103591113734,-0.11175064415194733,-0.9002057386497504,-0.019131507870277148,-0.8288245503282352,-0.9740535422083537,-0.6695621275291745,-0.22526020726782334,-0.4278134173693594,-0.7390311761649769,0
0.5040981435593195,0.5497916683900588,-0.06652406428908464,0.16906469090824344,0.32334762357231406,-0.4316494492714132,-0.8656738504394075,-0.04652200402246754,-0.8221726146868935,-0.9069196460509381,-0.684190930175261,-0.22529947121207325,-0.4625387661414981,-0.4245271781596699,0
-0.9043801772138373,-0.8554200385680041,-0.07024443180961583,0.2918332517474279,0.5711341933405528,-0.3744752810284602,-0.9562072144477043,-0.19729689670084213,-0.9086606437328187,-1.00116968941747,-1.032607910141715,-0.22524205724380822,-0.6187712927811995,-0.9178019976729084,0
1.1608556367925342,1.247265722481047,-0.06953527546677434,0.4290825707009197,0.35607008977976157,-0.7388291690672302,-0.9444994680101242,0.05463104668099351,-0.9082023956409333,-0.9762807205403395,-0.8585470983889215,-0.22532530482160523,-0.6776566663916325,-0.3927390434176037,0
0.20195775003538388,0.285580997594634,-0.062016399664092295,0.6030900689983064,0.17480484934113694,-0.6158421903359981,-0.924074657815243,0.07996259887059873,-0.8850886245698104,-0.9592819073544735,-0.7607636249518753,-0.22535524810517782,-0.8412754830204139,-0.3883798832892452,0
-0.3520556391543397,-0.2740141954630303,-0.06781865898047988,0.6611078062365144,0.10440849111853566,-0.7108238992047603,-0.9033398207279556,0.05804427483366038,-0.8755769673439143,-0.9255040206495838,-0.8737606294818526,-0.22525812426190525,-1.0345100397343132,-0.4598479158941631,0
-0.05966278765587418,0.021961726013325498,-0.06405004360920574,0.6217598663845824,0.06565820218866326,-0.6796798651206536,-0.8915357482875039,-0.03955865840640058,-0.879939313852193,-0.8946979695912747,-0.8157928813224292,-0.2251877626245129,-1.0687543508349984,-0.41153086763928887,0
-0.7344543252264724,-0.6592503164325262,-0.06346306720675156,0.6347998232107371,-0.002370082821556907,-0.8351709308224219,-0.9108766813207992,0.03292583202370099,-0.9034838091796465,-0.9088323848569286,-1.0627140795276788,-0.2251195350956647,-1.09361211056964,-0.6116462696255532,0
-1.8271618852294937,-1.7604243083840982,-0.05075282833564948,0.615309725312848,0.38147305696712236,-0.670291135142075,-0.8710153091542789,0.03577095297031782,-0.8426066335782072,-0.8943273834205099,-1.2591774591192646,-0.22478198852541648,-1.0615463249624202,-1.159701947753357,1
-1.754351083588011,-1.67892889126106,-0.05212113180215053,0.638677993631998,1.0363529398819638,-0.3645121766465181,-0.9135430523012746,0.11036022497815362,-0.8565830819298256,-0.970157254075081,-1.394749954657699,-0.2247250086298627,-1.0152348515405996,-1.5863793424769932,1
-0.5134926389358324,-0.4142080370039644,-0.0770288839786505,0.6632872783143865,1.2972715520097702,-0.28449475101330146,-0.9173029382663649,0.0010379587178133988,-0.8548972889968071,-0.9803205453025607,-1.375653095971959,-0.224828954476815,-1.026564114329402,-1.6464755540939124,1
-0.3891587970207513,-0.27591887947762483,-0.07600073253118853,0.6653559682135134,1.1975971977068212,-0.5507442041687266,-0.8372282115077316,0.10231755134472381,-0.7866763837332607,-0.8871594913880787,-1.4821862401922719,-0.22466868621943903,-1.060234683851911,-1.5644530511290273,0
-0.5410392061039957,-0.4210017684079495,-0.07568013222436074,0.6164656678188811,1.1129924002099332,-0.6527845304165342,-0.8369812198716969,0.04952294119260163,-0.8031858638155581,-0.8670748652452052,-1.5312720829659265,-0.22456795596890577,-1.0944139055528854,-1.4907654899580522,0
-1.7545782448620235,-1.6308955003841386,-0.07813293550307306,0.61297612707377,1.49209939357385,-0.3545770173857617,-0.7770223771471745,-0.10096588649003913,-0.7280462114368361,-0.8258016897610402,-1.221142707586261,-0.2241483561814539,-1.031546735600665,-1.3861036478604116,1
0.41462723080736125,0.6118794386218528,-0.05417992840666252,0.631068862001562,1.376063806167177,-0.4751857403160121,-0.6829275236720715,-0.07536269386660366,-0.6424206358409458,-0.7227941900779878,-0.9301985531190101,-0.2240654480591652,-0.8202444679347987,-0.7909997406600556,1
-0.0564595337507486,0.15206609951954916,-0.04957536444456621,0.5281037279634186,0.5306616693471305,-0.44011504071766133,-0.6625465048201552,0.07351264680487012,-0.6256127959656416,-0.6984239392184863,-1.0929347898633996,-0.2241453092750593,-0.6162213313655329,-1.0414880717209658,0
0.004240121938173845,0.20361024424253507,-0.0716302155787654,0.6113498891913176,0.25424294164737504,-0.28639210605781085,-0.753048979891837,-0.0638653669854555,-0.6791776799925114,-0.8315896575208894,-1.1967328597823994,-0.22420408494001753,-0.584985458008581,-1.4481591615474905,0
0.052176840882633566,0.24958364588390383,-0.07269423524265275,0.5419808396521371,0.007532768793854951,-0.5876808244205132,-0.7193371568756456,0.0080625154575328,-0.6801688950536725,-0.757187205534314,-1.3066937366583056,-0.22406734239232887,-0.7842378844363393,-1.2348643272300115,0
-0.815673185123257,-0.9324723207217857,-0.07075059863125918,-0.2979514035886715,0.7642397998410829,-0.6501799241377237,-0.4660989484465484,-0.26282290536565883,-0.45011314378818956,-0.479501698019455,-0.8637502608621854,-0.2255306336471242,-0.09807153600097446,-0.4795936785531402,1
-1.4346480590505746,-1.4836759229201242,-0.06677221056580286,-0.30533932887423154,0.7642397998410829,-0.7066315920464759,-0.4796483482303264,-0.3771605637797619,-0.4733576328994022,-0.4814109719838309,-1.184161666894704,-0.22553792826095573,-0.09807153600097446,-0.822551890095226,1
-0.6301649002001898,-0.6574750084173968,-0.08623494255454643,-0.3220482045275704,0.953900936214513,-0.6930984659290084,-0.4178839074633952,-0.2941169875799587,-0.41384848420072823,-0.4177083217967197,-1.3170041022372097,-0.22551609511341533,-0.09807153600097446,-0.990959464752375,1
-0.15332261858377352,-0.15341949791122766,-0.08447044622593945,-0.32177167132047724,0.9926512251443856,-0.7277839501756677,-0.3210033697253229,-0.3569303964441399,-0.31895105097574505,-0.3196281379466661,-1.2157880639296574,-0.22548789613450743,-0.09807153600097446,-0.9739123697731579,1
0.3421648793988661,0.3472288023507429,-0.09246836285604082,-0.3247099363215632,0.7812468710936378,-0.4818737747097428,-0.21308675315334571,-0.2305838877284558,-0.20162997110732098,-0.22412619270586193,-0.9588449763986163,-0.22546170014383754,-0.09807153600097446,-0.7920115410212206,1
-0.14667922119935636,-0.12879086730821646,-0.08313544490244901,-0.3175921224095568,0.5862037501466143,-0.21906439979307868,-0.1310132651529527,-0.147310137382711,-0.09470703428446417,-0.17244871480358556,-0.7181272944131106,-0.22545935315492752,-0.09807153600097446,-0.8157298576269414,0
-0.4147125335018876,-0.4021428811381439,-0.08585658889346261,-0.3033475982043462,0.6144053493122432,-0.013853652721511232,-0.10995406843371491,-0.2643580935072407,-0.0624545793578146,-0.16489258010500907,-0.6554604543410164,-0.22546244590577927,-0.09807153600097446,-0.8948110440488353,0
0.28445446237732874,0.31784032216687763,-0.08561806431208789,-0.3111483049697632,0.5024600701815012,-0.30930938256942064,-0.03831360379424414,-0.13854147719764204,-0.029101301513940612,-0.04876728144665809,-0.5654741108809458,-0.22545514137646602,-0.09807153600097446,-0.4946559937767014,0
0.17995731337345322,0.2587723335442408,-0.08856060053359802,-0.29659707859886664,0.32550041740175134,-0.3173237305253831,0.027493020225218375,0.08334967525751899,0.03203237477083127,0.021792268675059172,-0.6171916602218367,-0.22542086268871844,-0.061725246424409914,-0.5248350374583012,0
0.5167280448109894,0.6041513263223017,-0.08508333819342738,-0.2839048362613572,0.17588124625585558,-0.057649797838552314,0.06323549943455596,0.09801029246580387,0.09109642437447416,0.029497052054375656,-0.4554154004691142,-0.22542010039317598,0.08185555516468751,-0.5879138325058938,0
0.516063104549899,0.5695231309921099,-0.08044982919638914,-0.2735443616436833,0.013560591516279436,0.3389982915196528,0.10981198955438978,0.7989811618038014,0.16679763356759209,0.04103617645147837,-0.12753028142693357,-0.22542020808208832,0.07280831929261926,-0.600104869519881,0
-0.3644885126755666,-0.36281086952491726,-0.08136429736516512,-0.268537109891127,0.09751955086433614,0.2799945915124694,0.03211552465076811,0.06994060562607496,0.09685997601638213,-0.044926091693953334,-0.2669639528653953,-0.22539821939763144,-0.0991190215189901,-0.7648775297616144,0
-0.061164978937051376,-0.056534203520961085,-0.0826195074299426,-0.2604815869439657,0.1935341556572418,0.19803896289870082,-0.014230005980315564,-0.015257076436838622,0.032982934171753235,-0.06996397520529334,-0.3784424228210185,-0.22539076705913508,-0.15662274030473575,-0.753005296292055,0
-0.38302885943446346,-0.3296650288458432,-0.08026571532975385,-0.26301016281797335,0.1739437318093619,0.11731051456897858,-0.11733471576412875,-0.3485353248798249,-0.06994892496188132,-0.17205110977111582,-0.3516313451338362,-0.22544945183801804,-0.3390344989470694,-0.6259265965360102,0
-0.03604216163485393,0.011642377372569405,-0.08450725015255747,-0.2679235163930129,0.09020005184424901,0.3019879605710417,-0.11114300063723397,-0.4362950711460632,-0.05506093089138727,-0.1762296547329151,-0.14149936529184415,-0.2254840166846838,-0.4031713499159874,-0.46585210343078715,0
-0.004178610116983115,0.03963389189278607,-0.08283053544122512,-0.27192383737164205,-0.0017242446727256781,0.23581417914292638,-0.11875752321023277,-0.15766743323345972,-0.07024804385349533,-0.17478755835190596,-0.044648234747620516,-0.22551516552776618,-0.5637760691844207,-0.2475964428885508,0
-0.1586551761364545,-0.13494689925850503,-0.08382597883516765,-0.2663141457229084,-0.060710795599309024,0.15072042834212285,-0.14875554126883955,0.21114656086709535,-0.11713303419295944,-0.18443488719436898,-0.024387782831375392,-0.2255418726604768,-0.7018174990730421,-0.07919345002130744,0
-0.3173216818666439,-0.2831432717044051,-0.08318427590109786,-0.2498036362617684,-0.13132243320485412,0.04791896749667333,-0.1798392051322103,0.6662180086840576,-0.15494748616745013,-0.20718045971473423,-0.050454354762218885,-0.22556277076122844,-0.8204935679323356,-0.024684080896276807,0
-0.6018496369771643,-0.6015346828700394,-0.08209301823943467,-0.24214993577831265,-0.10376667218805603,-0.04419174843007168,-0.166831237567162,0.16203896765604203,-0.14961336208515816,-0.1852404503817871,-0.06966059047748238,-0.22556518246676488,-1.0457480984709062,0.004079293398846723,0
-1.6569906467979916,-1.6816688484961442,-0.09183821176762647,-0.21339168438598724,0.3646812650975112,-0.577443138331734,-0.3170739316566776,-0.24714146136306983,-0.33915796958276373,-0.2871665382611478,-0.7707092023822241,-0.22553938055783534,-1.141735364306259,-0.36510327406620985,1
-0.03646241055422044,-0.03907197454591349,-0.08488555184213557,-0.20572531037534528,0.30397247910737796,-0.6833736447603918,-0.28660561715795063,-0.20430480103434956,-0.31815206036857646,-0.24585540988889779,-0.6737030420085462,-0.22557799675672008,-1.14767309641898,-0.09909189485003653,0
-0.023945838226830683,0.011714327557771157,-0.07954300678926864,-0.18194895977069742,0.18750633293481714,-0.5451081151715989,-0.2463506408518556,-0.16318481901792192,-0.2694370658696956,-0.21609474619124217,-0.48464239108425217,-0.22559215589006856,-1.160189273289692,0.017873473895403908,0
-0.3967153182725027,-0.39463039357638746,-0.0861147263604105,-0.17446766070092484,0.13476288411360227,-0.6726212249772598,-0.24464931295954534,-0.08625523466658792,-0.2799268854565676,-0.19997861309130013,-0.4771951895147241,-0.22558865321065733,-1.1488917315780955,0.1429879697130614,0
-0.24287509859937914,-0.23103236435193572,-0.08883190379929144,-0.16516666016778359,0.08115831776061218,-0.6078133752512895,-0.25105452695388314,0.04092219082586037,-0.28060672609103926,-0.21308704695852393,-0.3940412732124659,-0.22557798822110392,-1.2241854394908642,0.14999969781544545,0
-0.09510563491752831,-0.06741472991182439,-0.08427488132927975,-0.15758793004794647,0.05532479180736398,-0.46857676304758794,-0.21331313936368948,0.030538712496464972,-0.23532119229298024,-0.1847257333900147,-0.3265734665275021,-0.22555213041635172,-1.252501405187913,0.1435407825629016,0
-0.6950560423318913,-0.6067682881543074,-0.08795212048262839,-0.14372572724629032,0.03853299993775279,-0.6695503643315063,-0.181922017708913,0.0715785887115748,-0.23166565454133298,-0.12086631228515939,-0.6422659285658043,-0.22549181300208998,-1.1566962296910934,-0.03975932350489483,0
-0.5902082230895411,-0.6028972668165015,-0.08652376529005705,-0.13559368711630343,0.058553982551520126,-0.5987719102535342,-0.19600249888764718,-0.14943372812477132,-0.2428654690219948,-0.13819074254224206,-0.6940311317992507,-0.22547558330282222,-1.1649670523804323,-0.22504406526602602,0
-0.0518346161689383,-0.07812738816292432,-0.08573257177996682,-0.12473228792236571,-0.07319699981004561,-0.5500559054666525,-0.20061780927245984,-0.24530972405131643,-0.24441822127074211,-0.1463775747165428,-0.6084929039061858,-0.225485176234084,-1.2074263573607538,-0.08712984588068293,0
-0.13031844085950223,-0.22351288496931512,-0.08257324155098153,-0.1322814672258048,-0.1999965563639055,-0.4797012139228924,-0.17427767564822824,-0.11783729819821331,-0.21633736960140634,-0.12241078999781978,-0.6406052180770944,-0.22548591024947534,-1.17576946273961,-0.11738383683518668,0
-0.35549427465134603,-0.45767238722636144,-0.08407425007636612,-0.12851934194157114,-0.23164262565663438,-0.4068217943998505,-0.18180632526737506,-0.07167226186205028,-0.21545747190930933,-0.13980636394711754,-0.5575301803394173,-0.2254751749697316,-1.2745679274104649,-0.17589493070338735,0
-2.2298647007223895,-2.2434516047744184,-0.08987330418655719,-0.11444464341975799,0.6223706864811616,-0.41670860947182453,-0.26993418887164133,-0.21501454466765985,-0.3082780604264123,-0.2213330903855162,-0.6554211114512176,-0.22547019840661123,-1.324132117147361,-0.2401402253321936,1
0.7351564103320355,0.8999768633559602,-0.07726973760081685,-0.07004281735185901,0.16382560081100642,-0.08229848839236216,-0.25077753110536666,-0.048495538998072636,-0.2534238862277731,-0.2446712990280538,-0.18521167324256835,-0.2255004459179445,-1.2824335969311929,0.04471065438803898,0
0.2598653382107075,0.06407102403860641,-0.06123355012027569,-0.06911769981770713,-0.3201224520465095,-0.15330436042669898,-0.16166429224111792,-0.1385977972201256,-0.1641798837313833,-0.15676927115648964,-0.057114729302135125,-0.22548392200769177,-1.2824335969311929,0.22180773428128658,1
-0.4579424264884255,-0.954884969572209,-0.0749929374284386,-0.04004534453659595,-0.29084445596616154,-0.19651997630443827,-0.17370748336992428,-0.17933238005166624,-0.18330835818279742,-0.16028034206687905,-0.3526653606335171,-0.22546716381570173,-1.2824335969311929,-0.026951068058557806,0
-0.4509136164665265,-0.9635289327258691,-0.08203977856800107,-0.03393498047780993,-0.08934295353082576,-0.1616136639462682,-0.19975914341260229,-0.07118951153833418,-0.2125211018086017,-0.18228028379306402,-0.41389896294526846,-0.22546042256173515,-1.2824335969311929,-0.14830244386496483,0
0.12106545359632981,0.14358037132769944,-0.0678164944493258,-0.19438750050286663,-1.0652043964147755,0.30888560472550214,0.10530360739140099,-0.17022593904834343,0.07488012200552618,0.14007834182336842,1.385314429667401,-0.2254535608933948,0.5548230020967159,1.8992783959304238,1
-1.1175416299370986,-1.16629611570504,-0.06567226626258173,-0.2021599015407421,-1.0652043964147755,0.5176728205452849,0.030001293200444142,-0.31122484677429957,0.025180088821799045,0.03535421217785493,1.143996691347026,-0.22543802282645364,0.5329216863474586,1.3390158934628058,1
-0.8822333727819128,-0.8893625618849893,-0.07424925551450098,-0.19514892557351743,-0.9519674409863711,0.7246665436924516,0.041577760826986915,-0.40049650176203544,0.05469855780134986,0.02554915507541759,0.9006296500625548,-0.22544764834123088,0.47856415227641735,0.8588218659901509,0
-0.9044264403787935,-0.8595732843547107,-0.0777524380550654,-0.18373623330194738,-0.6921252257732832,0.9638457183434055,0.020286831476878906,-0.3698718141759193,0.05733894437314986,-0.023825347373397365,0.9539124552077313,-0.22542290353640962,0.44384548460802664,0.617263753896115,0
-0.5278232795506174,-0.4477618711459219,-0.0892374424964212,-0.17968245948201314,-0.6858821236679149,0.8548966096088649,-0.006351089003868936,-0.2884788214471074,0.03317441980528664,-0.05307612612630301,0.9380824733743613,-0.22546100039276906,0.5056545593998543,0.7459694826934982,0
-0.7406843682268742,-0.6276686452206774,-0.08477751993957806,-0.17426474732488367,-0.79050790377857,0.908124099720772,-0.004649779935814905,-0.2944220329006116,0.031727175780843844,-0.047666929020397986,0.9768401067164143,-0.22552519398129822,0.4084540972686397,0.7014163492980079,0
-0.7432709861917768,-0.5680080716331656,-0.08942795498178002,-0.17272251289854054,-0.6634930678417665,0.906168444767906,0.03929034212631001,-0.25934588631991135,0.06422768304404484,0.009297429599451982,0.8919896660239631,-0.22550663812139304,0.3714163020059471,0.6218431220283283,0
-0.26027551448006675,-0.02151259771168667,-0.0907993227149563,-0.18914666884990392,-0.5681243011976921,1.3656494322087607,0.21006416641719555,-0.0662006591161921,0.24047398125482866,0.17156713759493472,1.0495158959834159,-0.22543201987624228,0.3787670718946311,0.3566077285487816,0
-0.05287764567516791,0.17351324707754248,-0.09316308296381198,-0.18376264313499815,-0.6884654762632397,1.3175997073565933,0.20559405088543875,0.05582440878517671,0.22436049691730972,0.180936386374199,1.1531220120979433,-0.2254325394570707,0.31950715492877957,0.5877457591824077,0
-0.42179813412413,-0.2515483779954201,-0.08945237760934004,-0.1965608805999902,-0.7993343584792633,1.5181738108012817,0.23373677585245375,0.21218754605235474,0.24971184304461758,0.21205063999199528,1.1665724754950104,-0.22541439918847006,0.2770970099054314,0.5295934845939795,0
0.1977206724016373,0.3528245876041753,-0.08591306991294789,-0.2154107383382888,-0.8843697147420384,1.8230042634464978,0.3764337059172368,0.6752138012690766,0.3998442122277577,0.3442520309715189,1.7073216460710834,-0.22534969815786626,0.18040882044027323,0.5564860705564609,0
-0.445283279259036,-0.3186811394368038,-0.08859317603071364,-0.22109087592336327,-0.9205366510765859,1.1317813334486038,0.34309578039987215,0.01049627875778786,0.3600269344833872,0.31898120602120983,1.2943181875281848,-0.22535012357743137,0.3069345602420544,0.6370220433327215,0
-0.8901889025427653,-0.8031446945953764,-0.0902229037659326,-0.19441032369761205,-0.827105398879005,1.1733041415399381,0.26826653277168677,-0.0903956180699646,0.3070547957211524,0.21915901999269716,1.0673625972584542,-0.22539483422064865,0.37515961254720903,0.37840365634581374,0
-0.8791750410271667,-0.7880302302429834,-0.09024379168262756,-0.17167885204575262,-0.5702770950271293,1.8190048489837891,0.24284850365111274,0.2894767400334822,0.28000790879518056,0.1959709602935875,1.5204410463749367,-0.22546829288701187,0.3415371908065524,0.33812709510475586,0
-0.1414498071086161,-0.026230409599031772,-0.08946901636205559,-0.15795024633908994,-0.5274364978213262,2.0280133053703437,0.3339091630853584,-0.21509636975333998,0.395403549732187,0.257138229459511,1.4773379420046249,-0.2255040437263125,0.32304639453658174,0.0872388080590418,0
-0.12850100532522069,2.6434368085875522e-05,-0.08773229006041235,-0.20456186334200252,-0.5013876924851342,1.8392458196191144,0.45242860817949937,-0.36848994707197463,0.47775064959511127,0.4170827025780744,1.7277498920521597,-0.22550346119320802,0.3682789584817557,0.5486285951883587,0
0.2287256368125114,0.36558600134428415,-0.08826145533900076,-0.18567385864255143,-0.596541179746265,2.069667972906274,0.5224425425262801,1.2096803934934894,0.5665722699106351,0.4639973567341316,1.98432939511939,-0.22550045755201498,0.43084188619033736,0.6761236261562915,0
0.18629524868924072,0.2471049961500603,-0.08980106258826018,-0.15629222287630515,-0.6727500813083471,1.3964254388611397,0.6469832350628287,0.901633799955878,0.7259549860471292,0.5458068727254521,1.4044236653493463,-0.22551899146223453,0.46340653172648033,0.4786703700842568,0
-0.11277450772685706,-0.1605149570603559,-0.08183056254011611,-0.1591084787391829,-0.7353963817449739,0.21390325502196667,0.7075452424523005,-0.3835179918159575,0.7767815136195322,0.6171782876288692,0.5127750325485713,-0.2255596362149983,0.47810824771916716,0.587557232671859,0
-1.4903177959044576,-1.5415120502358395,-0.09550864696078538,0.006627203139246744,-0.5719993300906793,0.9835175395597345,0.5844928346419475,0.7207706450214453,0.6117238982914496,0.5453210081732242,1.227643405877119,-0.22555788542848562,0.2253777279055691,0.7500394154357867,1
0.004710107393547542,0.022046222553876227,-0.09000865296820541,0.37944748238372744,-0.4215190414130086,2.2360387282853225,0.7653126684327516,-0.051971676814642084,0.8318574428117236,0.6774477948706222,1.8177383612927838,-0.22557356306674353,0.2248852660037869,0.3226017481267041,0
-0.3812147900912211,-0.3867914106103879,-0.0921587728591909,0.5443218620929393,-0.5074155152075588,1.0811358701987366,0.8618133418459266,-0.05884638883656734,0.8838378890903038,0.8255188551126744,1.3166608024518467,-0.22562723476761237,0.2768911674065141,0.7763222503464667,0
-0.552243330310144,-0.5454368426311557,-0.09650664779323427,1.0948984226890308,-0.4897626058061726,1.505581043301342,0.877587411224298,0.3404261040819659,0.9266348865166898,0.8091093350026608,1.3826656648343572,-0.22561002998508783,0.1961132372441704,0.4562040334394577,0
-0.38687144072317664,-0.40301492685654655,-0.09427022294204408,1.1084300226390547,-0.43465108377257644,1.6497914754369616,1.0048194512350068,-0.9384946129930407,1.064971678984214,0.9216844981448148,1.302852368400889,-0.22561376637596994,0.20817801473544612,0.1932005034595635,0
-0.23638103338468208,-0.27088916902161786,-0.09330963225694722,1.1346316903996516,-0.4176440125200214,1.175550510695819,0.7679188730295319,-0.060169888658649355,0.8479659153354421,0.6640356942223888,1.0396412120164773,-0.22561749291289543,0.16439534922540652,0.26278442642099015,0
-0.42667479201601716,-0.4399379907472544,-0.09863073013916063,1.2899307262040203,-0.4230259970936147,1.4672971677632087,0.7138803022002956,1.9236679258027258,0.7993378275701962,0.6042314131893534,1.2419559454685047,-0.2256014707003331,0.08924255781064824,0.1792106416176792,0
-0.3122530415758358,-0.3117542923660906,-0.09529281461230396,1.4997940901043976,-0.3978383092891977,1.137109079841681,0.8268352428091785,2.942064905313835,0.8956958424053629,0.7354989974757411,1.1142244615681816,-0.22559349497028627,0.1264912983191058,0.26431013380802754,0
-0.5027184424728717,-0.4599640984973042,-0.09073549804229275,1.8622095803099832,-0.42388711462538975,0.8156185352602798,0.8278173241221545,2.4327153651907905,0.880567675350201,0.7555448361301961,0.9248160048159417,-0.22559373851738257,0.154190715822539,0.3485920869480766,0
-0.09861899636408464,0.0033102310167383102,-0.08884111076732525,1.7963505774898865,-0.4419705827926634,0.9504416134469919,0.8419940955835147,-3.010515532882994,0.9169890927775549,0.7432146956434479,0.8429135355131321,-0.22559609522047253,0.18484192437001196,0.2944534874797849,0
-0.5623000839819624,-0.4594790453000731,-0.09153976047044703,1.982625207286221,-0.5106447059517147,0.6122160297806734,0.8367062605710289,-0.031695818914179406,0.9004566539830646,0.7513037592736306,0.8429024499302322,-0.2255906132864835,0.22963169275907866,0.417340237674359,0
-1.4483232367428744,-1.3609552346145104,-0.0966634652794808,2.6093462173684117,-0.4195815269665149,-0.0033718536190768316,0.7955547203721723,-3.010515532882994,0.8079330626150386,0.7714673115344047,0.7775772611152533,-0.22560958619041588,0.20587128637680177,0.9661248510758886,1
0.6296804703370034,0.7320067238357943,-0.09050948635971125,2.6818104456788023,-0.37738676790954295,1.2115125487047425,0.9401925276995782,-2.482231895624402,1.034376520582939,0.8175282473830832,1.088998596684032,-0.22561829184007776,0.45880089057138806,0.3680298079822048,0
-0.04907537392459936,0.02720966529188595,-0.0799058724592013,2.1710692039429427,-0.5692006981124107,1.481989023614107,1.0892968037117878,-0.660629195441132,1.1962386725885157,0.9497589782612288,1.2324980937051615,-0.2256040869277277,0.2581470524264793,0.13421699158955352,0
-0.6860555083388988,-0.7360267224634794,-0.08319831441487208,2.0072108951177094,-0.5862077693649657,0.944947360906005,1.03339970370225,-2.2216048074850754,1.1057535378169137,0.9354785929651395,1.0378364552635468,-0.22562361377241089,0.21459164688352111,0.3386038207278502,0
-0.5190336517907617,-0.5789068417691525,-0.088248132023523,2.1319483303598727,-0.5216239544818453,1.4692538922343823,1.0118743015576044,-2.038978518768933,1.0678968530967161,0.9335454761982472,0.8560837573318187,-0.22562986914400715,0.18910327219287537,0.5134248265791295,0
0.10058522214387314,-0.0571252570986383,0.029280059728311488,-0.3438858386146692,-0.3306711418107524,-0.32239817146592603,-0.26902268896291065,-0.18505765457377055,-0.21999528382846043,-0.32388467965676443,-0.059664167396423703,-0.12026344411874824,0.3041921783633644,0.2924987576353112,1
1.2223688362105625,1.0688299323641541,0.009269843874103257,-0.34137260102722744,-0.3306711418107524,-0.12157945891837649,-0.33406511975089725,-0.16126812083002603,-0.2595559000887734,-0.41832791140186226,-0.1675034509994774,-0.10490588446086231,0.39710742836775503,-0.12360992572961199,1
2.2330529985338945,2.097403364388874,-0.020653726626046264,-0.33564013602466475,-0.5201169988012392,-0.42438320103879473,-0.368611795001735,-0.18047643024236806,-0.33660339396105377,-0.4021418063690634,-0.2459467390199515,-0.10027565603706869,0.3732043211646606,0.1422915173706142,0
0.9334915612442691,0.8101317200532206,-0.03335068824072693,-0.33405188169473743,-0.4899778851891162,-0.9381276292053959,-0.41479403513183466,-0.1722874683853144,-0.4349359426587828,-0.38602781978784173,-0.3119196108062882,-0.08586164405012423,0.4211213933143781,0.6520748237594584,0
0.49940546166602395,0.3886114902664889,-0.03939623256845739,-0.32463465008233056,-0.19289233672676218,-0.5432515283511902,-0.41665983556503533,0.15934358284784927,-0.37987119554094195,-0.45528032816009834,-0.3300002209804684,-0.08031270575756276,0.43333800512347276,0.2594893745343179,0
1.6268944799398237,1.5332844470349372,-0.0545047805158488,-0.32173319332054356,-0.4447692147709319,-0.38605581250380555,-0.3836245086611504,0.09234153037149384,-0.3402938181846997,-0.4303827527784247,-0.02398412997586834,-0.08842369222549058,0.4612450216105807,0.6080405857740571,0
1.049320720674642,0.9679588802245522,-0.058615526446947334,-0.31954025750480936,0.1394990305383643,-0.7382906373615553,-0.39709897582916526,0.38250729071233336,-0.42186609582823775,-0.3630660240048539,0.061422534454635656,-0.08305410596955434,-0.2406886540001447,1.0189705850149786,0
1.1240284199516226,1.0649303649133937,-0.06438156226974112,-0.3128108005714891,0.0796513620800061,-0.7964990655450103,-0.3939611941114695,0.38542334824358476,-0.4242016671481807,-0.35348469471368604,0.03180516973671723,-0.08061826848662774,-0.301135274400467,1.0151362711883252,0
0.25766637372821005,0.2040951464459344,-0.06919869023146195,-0.31799901437018785,0.11646413656338482,-0.8823131463798924,-0.3985852210031972,0.31652184009489676,-0.4478794758286403,-0.3354932058212862,-0.1740000860109739,-0.06641133445501389,-0.381889627253207,0.7983835806884927,0
-0.9442652569732345,-0.9940653441226988,-0.07754416306468662,-0.3214289072357563,0.9455050402797074,-0.05650132104777669,-0.3834816994313748,1.1301676206430566,-0.3458226407328275,-0.4235261198355919,-0.2855903105623692,-0.04960625079138632,-0.3355718450479161,-0.26184781463314555,1
0.47102486412078365,0.4484011370235846,-0.07516107624838171,-0.3211971770287612,0.8019136918562363,-0.2712741319321976,-0.31289959158109565,0.39304964852068247,-0.28731860822249217,-0.3394796273738524,-0.28333711900443326,-0.03892801753833455,-0.24671750083733238,-0.05213603510287851,0
-0.01940188240643706,-0.03431204180256513,-0.07645133043351425,-0.3229956671725519,0.7801704741789193,-0.33708712505531996,-0.25257129006916285,0.347069115551435,-0.23175108083864646,-0.274229466621849,-0.227976516051828,-0.005881899369741028,-0.11690338549351958,0.0073484820315259936,0
-0.006244174471144802,-0.006483912588717193,-0.08153240480775861,-0.32040512751707767,0.7323784511654099,-0.21743990951494638,-0.24661226053657784,0.04082016914269899,-0.2185356029841297,-0.2769331020574798,-0.2074516887013157,0.012832518133064538,-0.14360806997197367,0.010349087780488056,0
0.4040072354869755,0.4234787515697625,-0.08002281281702747,-0.31903616281709496,0.645620859839085,-0.04251570497500549,-0.19020778250322937,0.16775908451429847,-0.12814250784006845,-0.26144161068466293,-0.15651517356048886,0.013685378944907498,-0.24650273341686188,-0.11357072348306244,0
0.9304344033569244,0.9653425714436347,-0.0882839056158524,-0.31861270677711506,0.7310867748677479,0.46972225727183103,-0.1164689321190632,0.2304317789859867,0.02096033735282755,-0.2778119040266534,-0.04758846383572791,-0.014688055486875143,-0.4160617253290971,-0.4902486748169394,0
0.7045362678655076,0.74223474725277,-0.07888209149795003,-0.3160452144303289,0.5541271220879976,0.2427821830741302,-0.07827788353085399,0.21451270869424202,0.036752225285707346,-0.213551776447466,0.038396551409280166,-0.0319341545449097,-0.6606783477333681,-0.13653482913914355,0
0.7619937655368456,0.8048665029940926,-0.07728468312827293,-0.30928717289260926,0.48609883707777723,0.8457281034856224,-0.04929682463497346,-0.032785444439704076,0.1557211995192786,-0.29146479389291013,0.34681107574828424,-0.04215548776262934,-0.8587387304984346,-0.3254724628756035,0
0.5240746378535089,0.5639979522643852,-0.07250441747062193,-0.3162918157938101,0.35757704546036767,0.7715891433595885,0.008088660794868457,0.38069940969962185,0.1964783156746063,-0.21507069402987639,0.3204149335137133,-0.044862519387892666,-1.0404013083115602,-0.29722001312847557,0
0.15203231778623055,0.18266546809296016,-0.05222878047268958,-0.2991865698450026,0.5422867560260922,-0.7829441334252504,0.07310492255931862,0.9749225137021243,0.06857276484910596,0.07760462910097514,-0.08168071995307688,-0.044863604453273545,-1.1569432371184598,0.8470002019800273,0
-1.1721054139513964,-1.1564267178652419,-0.09158607217877862,-0.29311659630832576,0.9788733446359865,0.1635168798367862,-0.17276377391351766,0.5597852651863306,-0.0619002165635602,-0.3019841769865236,-0.06604629115752168,-0.03155555891287009,-1.106857297516034,-0.19728336637536104,1
0.7084771152541492,0.7427323752920029,-0.08660870129524122,-0.28616192612698127,0.38341057141361606,0.07222318901817026,-0.11948601011841604,0.48028654870096266,-0.03648348853603958,-0.21634902398784478,0.09928992751707343,-0.04909592060021597,-1.1720887355716636,0.12690056040869735,0
0.8089176015725248,0.8492957057616213,-0.07752374955149909,-0.2474397208326704,0.15629082240797568,-0.9055176917783149,-0.07091253018671148,0.9793908637780493,-0.043389753934485534,-0.10266035320403745,-0.38316908890038615,-0.05830843471337501,-1.1682724138375082,0.45376979911418824,0
0.7904194058681634,0.8384424945567817,-0.07909446277320932,-0.24824791815269395,0.0051646955814738426,-0.9746945759452572,-0.1469282396646674,1.1736480565907326,-0.16732651507848306,-0.12103384678754626,-0.1649813382081135,-0.057336709402298465,-1.1824565860136609,0.8285511059024627,0
0.022278580297574752,0.06447719852728771,-0.08482586100135228,-0.24977306828713244,-0.08719015970138845,-0.8817934167781185,-0.1998757162950206,0.58596968384486,-0.22400856476279363,-0.1689317302524472,-0.26319038847935383,-0.054286312749073924,-1.155020039576788,0.6023965619897683,0
-0.3867350548236259,-0.36047752967359703,-0.07104143693557946,-0.25154473642124797,-0.0010784065238944492,-0.6605218073714291,-0.19124097527051656,0.8898159480072595,-0.19446253946290035,-0.1851594321376572,-0.3839820888520132,-0.02826715360498758,-1.1662820165194503,0.1937525212358653,0
-0.2897895147888693,-0.26951086285433856,-0.0727821928587163,-0.25649925364584103,-0.03466199026311702,-0.538559963630143,-0.301701752615715,0.5468218925109517,-0.3173880506098443,-0.27955185413835115,-0.2549229113616414,0.000767382759420993,-1.0828385069929205,0.2708637620955124,0
-0.39742294065188205,-0.4301168874335273,-0.0754296916343999,-0.25141878981826693,0.0344426916618218,-0.5193197442990442,-0.35954169303112204,0.16777620208629757,-0.35826586327767634,-0.35679020967377506,-0.4564043832257238,0.00868093242552875,-1.2037026027612614,-0.05946815996825559,0
-0.5040956952510336,-0.6405307911852657,-0.08297563806015362,-0.2555656179494098,0.10570016741619792,-0.5423827238850769,-0.3600988215031268,-0.19620412393585634,-0.3451048827960659,-0.3735837114900471,-0.6088791912270737,-0.001066094695329648,-1.2987766241806924,-0.24678786960390037,0
0.2061687160334048,0.015511624540884703,-0.08178892086704675,-0.2531591763097835,0.184492421573605,-0.8326223623862701,-0.32229936267730164,-0.08838329108730242,-0.33873206525425975,-0.2990215097380255,-0.6380619557261326,-0.003685147197311489,-1.2214432678756137,0.026893330067964124,0
-0.6992662176009685,-0.8405035910556433,-0.08121170726506735,-0.25097378219902766,0.15650610179091948,-0.9551799528680567,-0.33223379391149727,0.2118935567282415,-0.35982919329737223,-0.2956209421906718,-0.6291643125400654,0.017670952920641955,-1.3322219977023428,0.15547448351879195,0
-2.5280842925358744,-2.4961660837297868,-0.07891543519709743,-0.2550593089006239,0.8972824585003107,-0.406436431569835,-0.3221972070949408,0.1608028450607091,-0.24841662578462764,-0.405737938236502,-0.701486176667458,0.04880361886807702,-1.3274801150879736,-0.522575201110008,1
2.1825931342441183,2.401662283103444,-0.07195490309832678,-0.22190657925372903,0.5414256384943174,-1.3032291030021927,-0.204548281553639,0.20279999330389117,-0.22706067348272893,-0.1754676128406218,-0.9985654155939822,0.03709918208996718,-1.4087140014653199,0.009952447824233246,0
-0.2892360909580779,-0.1223275570522716,-0.038451517793283194,-0.2552342590922221,0.31925731529638307,-1.5667897358557896,-0.023112084359179393,0.3968915895510727,-0.11055061943913516,0.08069381594219688,-0.9704399346229935,0.0767329707626098,-1.2438991399797612,0.30562951870700644,1
-0.729756102374657,-0.581253809598385,-0.05756813800671221,-0.23527849098450687,0.4837307638653963,-0.6047441205815287,-0.2775269251646505,0.29366760898989036,-0.2651597771702562,-0.2888803903172904,-0.5692634185339246,0.06521019578169684,-1.2559574544314578,-0.12004937503129617,0
-0.15693699729817429,0.00018261616477668833,-0.07302283212935053,-0.2406942148120156,0.42022334589699456,-0.32570155308198706,-0.2224305417349509,0.06301421346825894,-0.1712684809069095,-0.2803723991939139,-0.3742396265685491,0.10108255805087149,-1.3250055150958076,-0.14143334935339139,0
0.1931095828412245,0.09191109426048094,-0.07888343785089055,-0.2679255021726319,-0.9463701770298341,0.47940148990835646,-0.9189505204858309,-0.32371042936829336,-0.8204231549274539,-1.024718648529048,1.445123797427241,-0.2242772714636211,2.5994397102037947,1.7545874453448305,0
1.6555698030245716,1.5916100747964301,-0.07650975479158968,-0.2303748057412822,-0.9463701770298341,0.5018592338113307,-0.8900063981797659,-0.3003117459372343,-0.792800929868726,-0.9945524427444413,1.6660783897887324,-0.22409005797379622,2.5994397102037947,2.0072739413655296,0
2.6909132244921046,2.7575167584431424,-0.06334569410403956,-0.29432201131383295,-0.9463701770298341,0.17260788579431416,-0.8168796083338702,-0.09948178205385283,-0.7555569761241177,-0.8798053186534521,1.9229088714289888,-0.22402379302809045,2.5994397102037947,2.6660381205628823,0
2.6909132244921046,2.7575167584431424,-0.024492538070647073,-0.287476801208604,-0.8774807744878389,-0.5157895150304656,-0.7136411589813642,0.3872787705301398,-0.7222286442679952,-0.6950133606785833,2.053664549465278,-0.22393806217696025,2.5994397102037947,3.3782553774641593,1
2.6568850322509134,2.670499628516456,0.02090578129955927,-0.20399669006875915,-0.8322721040696547,0.1263084960378069,-0.7189691676160211,0.3596531557673037,-0.6636298160140692,-0.7759710173290503,2.0499585974065546,-0.22294797504965128,2.5994397102037947,2.835551784493796,1
2.1064738043519426,2.1289045332072396,-0.014228072499633395,-0.14225844733961915,-0.8107441657752812,-0.04173591438596635,-0.7453389371840775,0.20871935102754585,-0.6826239812997327,-0.810761301911113,1.7827637770099476,-0.2230406232864491,2.5994397102037947,2.628302707044286,1
1.8213754704047804,1.8528852908140159,-0.05412580695068549,-0.056015423313536615,-0.7849106398220329,0.06163892843590772,-0.7537076233631596,0.17723821260546954,-0.6838400332799741,-0.8274998857552602,1.6848495637749787,-0.22305353027922975,2.5994397102037947,2.3984904919280337,0
1.6355878953791367,1.6728052105672644,-0.08013440939050834,0.03922108696821633,-0.7612299076982222,0.56371237308096,-0.741672606337585,0.18668683960093754,-0.6340426076144184,-0.8603202559624549,1.803042327736626,-0.22306197224385224,2.5994397102037947,2.042848142742646,0
1.266779061915073,1.319433435390307,-0.09688611099682592,0.05676279649272356,-0.7590771138687847,0.43170803299074906,-0.7793129289901106,0.14642098537127368,-0.6717656201010196,-0.8974164677222842,1.6353152665337847,-0.22306573545969316,2.5994397102037947,1.91086481243452,0
1.2171885480338895,1.2968769005328125,-0.09956320817348921,0.08027380016967924,-0.7569243200393474,0.2430801215339719,-0.7607936329951089,0.05265446259394439,-0.6781664303464132,-0.8496099618663928,1.4169726778358989,-0.22306598094959837,2.5994397102037947,1.7794177234112063,0
1.446384059024662,1.5515906975206706,-0.09161070313053253,0.1086618362582361,-0.7547715262099102,0.20336048337183232,-0.6591217733959146,0.014935423343364729,-0.5917338735296831,-0.7310992034932977,1.3178029613574178,-0.22306589286204417,2.5994397102037947,1.6744236377444337,0
1.3725083575479813,1.4950765708177394,-0.08986329934942222,0.2411341773078806,-0.6385206594202933,0.13735359752911655,-0.6754355046067761,0.019395919262669474,-0.6112040088061794,-0.7434821940378094,1.5007840947339848,-0.2230663904845226,2.5994397102037947,2.0048477490636945,0
1.6236473454246891,1.766071706912432,-0.09669215288182953,0.45422228748062415,-0.5437977309250499,0.3212348035173643,-0.6031754075994988,0.03170302242012119,-0.5378858154611098,-0.673331536649683,1.6945919700493508,-0.22306642889647246,2.5994397102037947,2.100056226389614,0
1.859688439200997,2.0192833988975463,-0.0879410043268343,0.7791647068522088,-0.4706027407241801,0.35134626457909535,-0.44706618714254465,0.014750481840239556,-0.40084797626845303,-0.4964913504076045,2.1230014704546605,-0.2230664014593654,2.5994397102037947,2.686977509525009,0
1.8632540156221964,2.031606076416751,-0.07524877494825355,1.3462894730192203,-0.4899778851891162,0.5057003772524734,-0.3141576871290298,0.013997346967671149,-0.27165117098049046,-0.360763548833814,2.515994495496782,-0.22306648319306324,2.5994397102037947,3.0724705514353925,0
2.2212636249695903,2.396187825210368,-0.08488770466680214,1.918110196080209,-0.4835195037008043,0.8819789048840169,-0.2663613541955005,0.15889904402091626,-0.18269832377162754,-0.3622653337663903,2.5368183991776956,-0.22309507005930673,2.624957332590078,2.8180295740945978,0
2.5494862858215033,2.738000350863192,-0.08548528646926457,2.602080792989595,-0.5028946481657404,1.3180974286092282,-0.22753183450140957,0.1524436027105769,-0.11312277363030923,-0.3603010642099822,2.811714706029136,-0.2231716207432289,2.6744657334844057,2.732699236599402,0
2.6909132244921046,2.7575167584431424,-0.07057981457314311,3.8792730066202026,-0.5201169988012392,1.5693870059926383,-0.26800645930986805,0.13744685709100357,-0.13311646327066412,-0.4245464156932341,3.056901186311137,-0.22329843418558906,2.667540028736914,2.825717420313547,0
1.7388220202822187,1.9299694034338826,-0.06536329537716848,5.030459561200443,-0.4684499468947428,1.4367484397835089,-0.3480611869915474,0.04713351157102317,-0.2238457522357,-0.4910128924940532,3.0722348389319976,-0.22352678398561138,2.6180714327072443,3.1294902083894662,0
1.6666319003967922,1.8612442601257222,-0.0966742435037013,6.36594902562785,-0.4404636271120573,0.7096737851596969,-0.5640679191958549,-0.11016565641226223,-0.47408447502130835,-0.6639264892477063,3.0670523673149237,-0.22356741595495913,2.5211229952775653,3.3782553774641593,0
1.9886852024036132,2.192298458672363,-0.07830443743686692,7.629984634439172,-0.4813667098713668,0.5672090631713733,-0.46856618044141585,0.08273156231406834,-0.3969672029978123,-0.5477886658978022,3.0722348389319976,-0.2235886079223386,2.5235200413324166,3.3782553774641593,0
1.6824532876172709,1.8625935999387686,-0.06711087829472595,8.565263983236163,-0.4770611222124922,0.21972726405518903,-0.4669536915015749,0.043779733623310176,-0.4153718144294769,-0.5224939700989966,2.9161879567173457,-0.22369563263790931,2.608544034049861,3.3782553774641593,0
1.2493436877983923,1.384576479205135,-0.08092003169542752,8.627509244322527,-0.4706027407241801,0.33900769164103894,-0.5102840376581832,-0.07519844185742941,-0.4500355945762893,-0.5755723426175056,2.8616650461457493,-0.2237473166961573,2.512951453436074,3.3782553774641593,0
1.228445845221985,1.3670302253632396,-0.08091285180045286,8.627509244322527,-0.4662971530653055,0.17719988516018628,-0.53777256470323,-0.04715428885416813,-0.4794823806300397,-0.6004163271114504,2.719766388926915,-0.22378771837836203,2.3582735954884098,3.3782553774641593,0
1.1429594785588248,1.2909579974101992,-0.08420426447640779,8.627509244322527,-0.4598387715769934,0.2932692301814952,-0.570241754295132,-0.11205778812440012,-0.5146680567828782,-0.6292841494750608,2.748809827701306,-0.22380585260268707,2.3063895592155053,3.3782553774641593,0
1.0126024986348747,1.1731946621942453,-0.08648487370933446,8.627509244322527,-0.4555331839181186,0.3582200003961433,-0.6646357047711895,-0.16157878018257754,-0.5834332008830082,-0.752905003862553,2.482948944540278,-0.22377672147255973,2.0550395581653103,3.2647684860225197,0
0.9577678720937941,1.120072082942066,-0.08383550176241812,8.134561043144563,-0.4749083283830549,0.20226956429851412,-0.7089220685900823,-0.24696860693275696,-0.6393829691484701,-0.7828562842159169,2.331935984212801,-0.22363220387939614,1.9041230912990104,3.1605712504072043,0
0.9889892949548363,1.1423085572725271,-0.08575021045228796,8.513166582774254,-0.494283472847991,0.1744711717388753,-0.6953254944564964,-0.2744257745931226,-0.6351279495020901,-0.7583599864698329,2.387309596973527,-0.2235925983552164,1.917396009109755,3.2324018569235067,0
0.952685046240986,1.1457046229384287,-0.08348354705835714,8.328105449189547,-0.5287281741189886,-0.04992138534940925,-0.696317858858945,-0.22805889714517905,-0.6533471197942687,-0.7389431236823542,2.320149833079564,-0.22364208839541289,1.872667685246371,3.365902828279132,0
0.7669886016068297,0.9900936747442879,-0.07960371848385667,8.47809102606672,-0.4749083283830549,0.04025565044656513,-0.7261049129401751,-0.2797881273298925,-0.6763927012834425,-0.7763593371013087,2.2615218011105087,-0.22354074051649855,1.6836023166600562,3.253333159071449,0
-0.23899642393000595,0.0009286525423250559,-0.08186171282274683,8.627509244322527,-0.38018539988781147,0.20043884811117677,-0.7464988357512058,-0.2247636208971842,-0.6716252013629389,-0.8263039789699775,2.2868914240402924,-0.2235433806271643,1.5937180242320839,3.236356787247056,0
1.4419732923059703,1.7548811737268069,-0.0886308484383425,8.627509244322527,-0.4770611222124922,0.2474339465851208,-0.7028850893363165,-0.19704203022531278,-0.6289826126152585,-0.7820573424851308,2.431335813108108,-0.22369996001137743,1.8075563820914184,3.2555562628037285,0
-0.02475680482004135,0.2899824865902449,-0.0839598636421761,8.627509244322527,-0.3844909875466861,0.32846487192604035,-0.686716638121485,-0.31358937496723843,-0.6041097755548883,-0.7763870181220256,2.4501408247030123,-0.22360008330452177,1.712259759610284,3.1984532356787483,0
0.5906163245406962,0.9437206326109276,-0.09214236012960958,8.627509244322527,-0.451227596259244,0.16382532867204722,-0.7101870052358622,-0.41720751831429953,-0.6426449829507807,-0.7817415792478098,2.173282824509397,-0.22347987747616763,1.55098921995494,2.984296215243138,0
0.4725723272166881,0.8288261506647455,-0.092220987385511,8.627509244322527,-0.4684499468947428,0.30173556907798094,-0.6909747786400127,-0.44210472271908696,-0.6129698188645645,-0.7751457810846037,2.205246123225313,-0.22344054386437928,1.4411161336918705,2.893695965950849,0
0.28494864175629897,0.015042331495248102,0.043941792978631364,-0.34913959338353945,0.7220450407841106,0.11190523409977647,-0.7335142241880054,-0.3126799748928962,-0.650376226769118,-0.8232587412533722,-0.48171823872573727,-0.0518647579192595,0.24877770519122297,-0.6014566985730921,1
-0.33035333685898527,-0.5833218945565617,0.04975744276290145,-0.34373579231035184,0.7220450407841106,0.7246323651476512,-0.7554445026008569,-0.32854114707760396,-0.6429007370343788,-0.8797470591398118,-0.22612430841824213,-0.008580266645408586,0.22694346842527624,-0.8637563997202948,1
0.22098199096026896,-0.02457966172603055,0.03386438392502007,-0.3408031680894032,0.575655060382371,0.18067764448405818,-0.7540091887450445,-0.2850036019439148,-0.7259505234570397,-0.7782938639383599,-0.7016645493465972,0.009869021759777065,0.041024003003287464,-0.6105821083093952,0
0.5826745250981359,0.3324145922909511,0.012366720280723987,-0.340416801028571,0.22259687235464598,-0.610699047247438,-0.7089167832182328,-0.25818437474003175,-0.7689606276191537,-0.6294178966430647,-0.8461896758488456,0.046592289896667756,-0.13515369485483822,0.15602016899558133,0
0.6984965995047084,0.4552196071286111,0.014266807822945447,-0.3402681275053915,0.31947259467932665,-0.8333741648157976,-0.7134848256216382,-0.21344790187228124,-0.7749615740930095,-0.6322351524827345,-0.6995401618158397,0.06052225355288149,-0.28082591442367966,0.26020744583872263,0
0.5333043689497442,0.3078108435366169,0.005069181029682622,-0.33930996670482416,0.42065390466288216,-0.8995485565275743,-0.7208712423326232,-0.3124417860429053,-0.7899408989172715,-0.6305435970106209,-0.7723042952054856,0.09045064992538901,-0.32189731544456446,0.3056861839521811,0
-0.31571621433162383,-0.517009738157112,0.004625793874753204,-0.33523366255147125,1.0858671979590226,-0.8819335781664683,-0.7112605073969497,-0.017517066806314152,-0.7684781100469812,-0.6350802595054253,-1.1881926297925798,0.13333138250809323,-0.3833464507301891,-0.3316543199891247,0
0.05513909642714464,-0.13690331827566452,-0.006327663644463545,-0.33532005228309253,1.1569093943304554,-0.985285459591076,-0.7191167077966605,0.25777286143055644,-0.7800173927339532,-0.638482362498194,-1.385386870875999,0.16954634213538364,-0.49155800094229596,-0.5460672920151329,0
-0.7166923196841768,-0.9103109388232986,-0.005353719229623027,-0.3384816444900326,1.772608429549537,-0.9084232111145583,-0.7136362137811039,-0.06253662014600617,-0.7746717684609398,-0.6329071431772628,-1.4618194721079034,0.26842649902322097,-0.4457700358944874,-0.7549737190757507,0
-2.0047734054381707,-2.1863672929707945,-0.04207597958014915,-0.34026710137018906,2.8619221072448346,0.052319523312186395,-0.7094122276442199,-0.21629744855256008,-0.6670149884841469,-0.751203212504725,-1.380098808202925,0.38288660054189444,-0.48099283946885374,-1.951439297345535,1
-0.08123815926020657,-0.2312765920970334,-0.049833054888486425,-0.3377906033442463,2.960950623398953,0.06374405735748029,-0.7706077982773851,-0.12191467430324827,-0.7454046354308502,-0.7913146394391963,-1.3759959498987548,0.4976831676365223,-0.46645912191564304,-1.5992945554359315,1
-0.4176975635193744,-0.5505322722995137,-0.055761608067592165,-0.33439411878396025,1.7812196048672861,-0.2567597870359126,-0.7489211982378878,-0.1015293098777609,-0.7624274941382565,-0.7240510419455051,-1.4666147289796598,0.5711481878561074,-0.43079048317858326,-1.4007047777310548,0
-0.19480155759738815,-0.31739960125171596,-0.0633573369835772,-0.3327472256642975,1.6608784298017383,-0.2999549435271147,-0.7650623024324934,-0.15762862137696002,-0.78085479718046,-0.7372938215685796,-1.333094795823898,0.6421222075670089,-0.4489772458003692,-1.1876716556793603,0
0.1868068685212959,0.07408731238651078,-0.059694748556835986,-0.3325394230022084,1.3896264072926325,-0.24065283060483783,-0.7029643062838257,-0.2069611272468259,-0.7241210629039032,-0.6695803828658775,-1.1530362042664584,0.771346649607934,-0.41330299822961,-0.9377751684016307,0
0.5685390699584169,0.46862985103169247,-0.06546320984799785,-0.3253616339126619,1.4964049812327251,-0.189846216765561,-0.7144357560040651,-0.09163628465988458,-0.7178196954578996,-0.7019598159935757,-0.977771586172923,0.6849890771903605,-0.382612682516948,-0.8051324759721699,0
0.4324778408070744,0.3514363849638641,-0.06947742595542249,-0.32147301968433484,0.9248382195171089,-0.30357049205115433,-0.6870333608439257,0.5060531192298161,-0.7113622669208526,-0.6500822931643196,-0.782453051579645,0.5785088416490707,-0.10743901521969877,-0.41808730844604997,0
0.9419327857863757,0.8852484922817523,-0.07304266921505705,-0.32014918425988814,0.9304354834736459,-0.3894941969148085,-0.648042978086528,0.11514924926111841,-0.6869390316435622,-0.5943058312291183,-0.7106390071629369,0.5914925215239437,-0.10960781777589534,-0.1939715724537627,0
0.9476870300740075,0.9080034517497152,-0.06715565143829813,-0.30502321070631366,0.9554078918951194,-0.580074013109737,-0.6927237821495398,0.13379444734063076,-0.7287042265247233,-0.6419092111051051,-0.756187789533206,0.49418021441684107,-0.07896879459226798,-0.10393580432068747,0
0.015516258628101388,-0.012515765379983883,-0.06032019263696912,-0.2975644250267285,0.9702621693182369,-0.5291715369830798,-0.656367828332096,0.1403065101139518,-0.6746553453481468,-0.6269336098185059,-0.6424073065978845,0.4551305250918326,-0.2151162145867029,-0.057348617553079705,0
-0.5629297279841315,-0.584579935380618,-0.07347047725394748,-0.2939521873580451,1.140978719992619,-0.39929171455937545,-0.7268657161774799,0.01718220361864185,-0.7289829878978634,-0.715742229649594,-0.7523508608153742,0.5218324428288833,-0.31865869936511454,-0.360195629373321,0
0.34232938386799505,0.3358229611918196,-0.08255546885838805,-0.28547971266390293,0.944428643364989,-0.5824122925963964,-0.7425332534443718,-0.14861484436487982,-0.7316798956154256,-0.7465819603757118,-0.7785552078047568,0.4322081218021835,-0.46047207296123643,-0.3774614965582149,0
1.004268192231184,1.0218188443098228,-0.07717636941648257,-0.27500290361180196,0.7582119771186583,-0.567324724809609,-0.6510469194512336,0.14255241711562022,-0.6370341437587084,-0.659921058149759,-0.6696605308916308,0.414539491295543,-0.591188093338994,-0.18407749560287795,0
0.18528610910985993,0.21516217095626586,-0.07833278100861882,-0.2610071417454791,0.6873850601301694,-0.6066706098056032,-0.6622111070501646,0.09940251187142943,-0.6520354190176748,-0.6664095836599896,-0.7889086511134296,0.3972090592347794,-0.6135695461984105,-0.3397428620797497,0
0.5148365806047849,0.5632915006715772,-0.08375554491819374,-0.24410716491055331,0.5338908600912866,-0.622826743265292,-0.6771225622706272,0.12474458358128566,-0.6754018763834722,-0.6711330965978911,-0.8111282972060758,0.4217753784543356,-0.6880353633958719,-0.32613212022331134,0
0.3435087886133338,0.40622941460867085,-0.0796055834037912,-0.23409322802672394,0.43766097591543696,-0.952822452977249,-0.6858951348176344,0.12454594297861833,-0.7222044130331429,-0.6347721560449687,-0.8152537859069063,0.4675959248547666,-0.7565898524491652,-0.008009354716243682,0
-0.07286288058602715,-0.006672772926357494,-0.06976537860728564,-0.2357021680932522,0.38879255598720913,-1.1502321122304082,-0.6705479137741306,0.08601191892640837,-0.7539459265072186,-0.563851275780502,-0.9114901822736292,0.7242951879416455,-0.7336402327778102,-0.048128552141778934,0
-0.3072092902744038,-0.2784658583020439,-0.05788919168632066,-0.23583690865888798,0.4641403400175166,-0.8272872072143231,-0.7084742464923008,0.21491473977153616,-0.7840281953788563,-0.6106158092114742,-0.8982719155147422,0.8329368898953409,-0.7516257628454189,-0.15405587199225845,0
-0.5036463064627625,-0.6037019025320084,-0.0729443627559671,-0.23321089230496161,0.49944615882028903,-0.6137609347427087,-0.7246375897192665,0.14535510818431616,-0.7702246149805523,-0.6620699934228083,-0.9442622325617283,0.7969735699674182,-0.9065449814738916,-0.42802260694478556,0
-0.1785194051907305,-0.3846114813858861,-0.07799739675834759,-0.23113571821212817,0.5584327097468722,-0.7851494444623494,-0.702637972450584,0.006862433928770275,-0.7459017777853273,-0.6430819845559634,-1.0344173367570395,0.7984350928276871,-0.9515006598784387,-0.49859180360262756,0
-0.010546163734524574,-0.20172337968526735,-0.07666818836175437,-0.2180648184574246,0.7564897420551082,-0.8495401497420646,-0.6846461901013449,0.13679121303425082,-0.7469231746639933,-0.6027908578312284,-1.0572670481868272,0.9113898700622503,-0.9907797409432391,-0.466245393152441,0
-2.809358454004498,-2.9165748993294818,-0.081357168436016,-0.20202679053362266,1.9842280629832283,-0.6550444498681941,-0.7462067550861391,-0.0782214039709299,-0.8225506274588237,-0.6469657114813575,-1.2704246711058023,1.054058311861845,-1.0255168239743788,-0.8597932347655471,1
2.043979018155891,2.0628923480022165,-0.0767997762451963,-0.20334564861814944,1.535370549545541,-1.0262685092445467,-0.6407007894863304,-0.0449969156419208,-0.7363172617887079,-0.5198906575218254,-1.3569494788334144,1.071722610193684,-0.9432491166084853,-0.8966930059593338,0
1.1069049166567426,1.1262260712539074,-0.0453534970588977,-0.20695196746219127,0.8126776610034232,-1.0944397946341118,-0.4961820374960985,0.2244356760628672,-0.6011876592086417,-0.36596782474334144,-1.5217320710770752,1.249151161208741,-0.95223064684985,-0.7446364006173903,0
-0.6782166475731602,-0.6887012789289078,-0.038018388404480866,-0.20054221332458966,0.608162247206875,-0.4605848927261749,-0.6349192353846718,0.17156740386041194,-0.6836153866573889,-0.569733819994946,-1.4870045766479194,1.2733284511314626,-1.0008369763169016,-1.3295184251642223,0
-0.4391665122463236,-0.4348786673417143,-0.062145173039578415,-0.19270453505745136,0.6141900699292996,-0.36017445871015363,-0.6940142020565276,-0.008675198644372073,-0.7394673452036525,-0.6319681498342907,-1.3678672945045995,1.1861578739101832,-1.1357454835882983,-1.2627157717236421,0
-3.814572918542006,-3.7109013721988067,-0.041074482641143883,-0.35001007190433914,-0.9678981153242074,0.11194735056996975,-0.10097111830892351,-0.23816243737370207,-0.02829719737367258,-0.1858239963785238,0.5331337043009992,-0.2158313934432474,0.7368036624694103,-0.3104315606819956,1
-1.0071099980329812,-0.7431607723870777,-0.041074482641143883,-0.35001007190433914,-0.8968559189527749,0.11194735056996975,0.025383203720233956,-0.23816243737370207,0.01751578670049817,0.034397746528663536,0.5331337043009992,-0.2158313934432474,0.7368036624694103,0.23410044645134762,0
-0.8537300077434612,-0.5874263727646674,0.004698520474294585,-0.35001007190433914,-0.5203322781841828,0.11194735056996975,0.029541302617367676,-0.23816243737370207,0.02005470785231392,0.04042374726141537,0.5331337043009992,-0.2158313934432474,0.7368036624694103,0.4220454498308028,1
-0.08543444666456991,0.21418491541633358,-0.0460019903779774,-0.3434339151786982,-0.5343254380755257,-0.36472733059350354,-0.030117017138430555,-0.20632445878508926,-0.07087903275083668,0.0185044162659592,0.5919595830101171,-0.21595884602579604,0.7670508556660258,1.0015849699007406,0
0.8082455272817407,1.1533907405808055,-0.050938138243705064,-0.3224112571912416,-0.57781187343016,-0.45994156694079963,0.11219572876131814,0.12424013889438378,0.028784668116803157,0.2096288963930725,0.7546936572292318,-0.21673670245130774,0.8310725689019137,1.7134739012118216,0
0.2543469140352244,0.6041653381535963,-0.05202874743910033,-0.32660195730158686,-0.627326131507219,-1.1023312688451166,0.07175053574376317,-0.16606185565449214,-0.0366433116202734,0.1992441161830227,0.6487316846221725,-0.2165272851215864,0.9774515018680471,2.0586952323990637,0
-1.0312041361064779,-0.7102750284610638,-0.05279402729180916,-0.334965439128582,-0.450366478727469,-1.0524874171680485,0.13420226557312007,-0.17423216410666276,0.03167529406669956,0.25400882503393885,0.3491744323643956,-0.2149491604862762,1.1267696404585452,1.51065265611248,0
-0.9765141826774901,-0.6580316519474096,-0.04290104202978975,-0.32786314634698493,-0.06695389770467731,-0.4060689354857088,0.1304312967601844,0.29776387070911997,0.08956900155579034,0.17726827013029006,0.6020284736019884,-0.2147471944972069,1.0633421538596077,1.1695735429809067,0
-0.49851973828726615,-0.16820399786013493,-0.0831980905788617,-0.32701124872076215,0.4167788757698948,-0.4544359248219811,0.1571166919416447,0.8610637416020464,0.11139481935593264,0.20939132781225697,0.4290900772453915,-0.21395420434106852,1.0186142227151418,0.9951954135137691,1
0.21173790208066354,0.6077005322598218,-0.07548054117332766,-0.3264461423259892,0.4301261975124062,-0.8061161621824164,0.3687282631517176,0.6416472711993357,0.2832805722369932,0.46553188307116716,0.4688471225860242,-0.21255779999793967,1.1563060031571852,1.360338126538041,1
-0.0833001342494752,0.3331486544808653,-0.07130497130789865,-0.32281865088755896,0.29320850996019104,-0.8863315861198547,0.3869783269279482,0.676905922359949,0.30906013259543635,0.4746502758107114,0.4630954135463127,-0.2127529517648638,1.2052724553858212,1.390216951334411,0
-0.46206694618193955,-0.10563309093570869,-0.08429208144599586,-0.29746436395538284,0.11065159322390396,-0.946821545199515,0.2524047344659075,0.9514415946042262,0.18519088754149732,0.328997444061157,0.2290050342556329,-0.21458868830808492,0.981426721075211,1.123873035900011,0
0.02020865585838631,0.34023977960959306,-0.09268871501307993,-0.2885549223722849,0.21764544654694012,-1.047324120248111,0.3186157898289172,-0.18033046515102882,0.24282241712947703,0.4045822294597102,0.050973814163940985,-0.2161585015216399,0.86344155506298,0.9610294748307094,0
0.40754041402151087,0.7182044832454016,-0.08025844643459541,-0.2844511347263357,0.32980600506062596,-0.7024751296744105,0.6442086431942059,0.2757448209313362,0.5759313206800867,0.7174159829900503,0.11133043632869968,-0.2170281422905324,1.0518650475176379,1.0090221551327605,0
0.8496965189013433,1.1372802835900229,-0.08450800700594258,-0.2814271838392242,0.24993735398850025,-0.422836410449695,0.785103712394808,0.9127613918539524,0.7325981036566432,0.8379662761006421,0.20833744089671188,-0.21763198969500272,1.0366040902541653,0.9149065262821408,0
0.916651524633102,1.166670640804389,-0.0813225436860717,-0.276206216504543,0.08072775899472476,-0.5087352247643622,0.8880817195685453,0.1688443816898365,0.8334486350279414,0.9422425911887462,0.1525248759133953,-0.21810396569863072,1.1495214878225217,1.0536492803035669,0
0.6105785488339678,0.7651256999339975,-0.07982071095118969,-0.26674169690595334,-0.31215711487759135,-0.8702143900337976,0.9377405920683293,0.538892350806259,0.8741858295861831,1.0018765356905777,0.3332348138211389,-0.21890175012821186,1.142736626423946,1.4078948148572847,0
-0.16558306583852114,-0.09043839974483535,-0.06332365846273967,-0.26094174956670646,-0.5110752647176022,-0.39203559858043263,0.8327907660677751,0.05426549441547413,0.7737155501560898,0.8928667983039349,0.23913627614566252,-0.2200184115040699,0.927549701963912,1.2143409851621774,0
-2.165131650842762,-2.0445112635251026,-0.08845031601744245,-0.24836101591076196,-0.02239106543532424,-0.4742849914218362,0.6420168111310934,-0.10720667490645305,0.626751469819094,0.6524811008886447,-0.23795988043160185,-0.21932826717762918,0.6517804199994967,0.4103681358969282,1
-0.1379539879055956,0.0886661063435799,-0.08631685337434557,-0.24596184122007217,0.11086687260684756,-0.6640366300661579,0.8829056051939267,0.2030653750935061,0.8335974370162728,0.930822849351121,-0.3767789361161421,-0.21931605044469962,0.7136006928377792,0.46861932399983314,0
-0.3922039951122121,-0.14614649786407463,-0.0842250767012777,-0.2519955918336054,-0.011627096288137536,-0.4433904233850455,1.0585453123844613,-0.2080415691321174,1.0063729892670954,1.107771774645056,-0.3513083548487477,-0.2198020626946722,0.9169890570877862,0.44661336550551284,0
-1.078377239249023,-0.8260134976663798,-0.07777596208862787,-0.2393729343822756,0.04585249895783974,-0.3311029263854862,1.211953467543125,0.157812647860765,1.1628716271531736,1.2557020777863577,-0.15779808925068275,-0.21914995486295538,0.8907029518579331,0.28298998365082756,0
-0.8817151526374677,-0.5964789315810489,-0.08647887797477162,-0.20828596983541575,0.040255235001302674,-0.1659081135394074,1.212340711451177,0.01685341148161784,1.178204496834986,1.2383883075864608,-0.14095057057446048,-0.2191523519996768,0.8990976546281287,0.05725636521953973,0
-0.2646232003734924,0.012140792806792361,-0.09162869244375982,-0.21301111792874888,-0.14165584358615338,-0.04210878557247641,1.4041222995262757,0.06900763798086894,1.3642500474129429,1.4346882253883197,0.0008725769231107525,-0.21874099756205143,1.1969121316184361,0.22718358500716004,0
0.4675541304867827,0.7314507697384359,-0.09179163302273358,-0.1855936464158158,-0.3698519895065122,-0.0034380249384353386,1.362002656989413,-0.33267350158701287,1.3210978079828781,1.394290534158674,0.10315561260957273,-0.21740972024671482,1.2430963445676102,0.5100866360322672,0
-0.17405495177605515,0.07992565756938813,-0.09003093349331465,-0.1273447825233249,-0.6057981932128456,0.2152458787471449,1.2658491297343848,0.29344254383112733,1.2597052583222856,1.258117980464683,-0.006686746709276752,-0.2174647677478111,1.2478310750780648,0.1792353496168914,0
0.5255139588221489,0.7704905471938136,-0.0817152994696868,0.04341347846000576,-0.8337790597502608,0.1489312411224275,1.2518573567331261,0.23803683272290405,1.2460387008182392,1.243906998271142,0.11152778486532777,-0.21783337806076566,1.1469029628411762,0.18181007705921837,0
-0.10675143920703654,0.1082396742226303,-0.08313198778919514,0.028423712068807786,-0.9730648205148573,-0.002615916942315301,1.206005112839784,-0.0037119040367269815,1.1791519034068572,1.2235043441241782,0.09361622154997758,-0.21840398324395488,0.9940366822629485,0.278406370336404,0
0.09169550636715035,0.29302152913545804,-0.07984540995839015,0.04856840348617725,-1.02279435797486,-0.01870379708356215,1.0832146899410195,0.11715646960804234,1.0667976737897098,1.0898125089684627,0.1144603983847621,-0.2179872857907457,0.9627520969128602,0.3708750943832017,0
-2.3018119695308985,-2.0983552490914756,-0.07837046004762953,0.09319772867003391,-0.9076198880999619,0.22161136134842335,0.9184742128811607,0.008272185617397353,0.9261061559920132,0.8985496644159209,0.1273417609062339,-0.21789093822324457,0.7307961837502966,0.11899234937600932,1
0.21668880439367944,1.0556071086557213,-0.0751772085986246,0.11374878239881625,-0.8531542042151969,-0.42272026376263555,1.0695687022014375,0.1504322895716939,1.016025894502611,1.1202872166504103,0.4540078789139021,-0.21842191844761738,0.5291917355117282,0.7127446741319249,0
-0.10220093402395419,-0.23364426668423424,-0.02218619319518203,0.0214824679273782,-0.9778009669396194,-0.8388124872518726,1.1861427236889623,-0.04121864124208966,1.0759724425446688,1.3025292982645498,0.3020060804436763,-0.21784007849111944,0.4862977856122225,1.2202624689589652,1
-0.8575949291930479,-1.0489422075677917,-0.04307565982622886,0.04451768572654031,-0.9013767859945936,-0.09969449997258598,0.9731670026950594,0.015810234786372186,0.9468085601421142,0.9928405486731696,0.48891885453448103,-0.2182417288571979,0.6673480037065943,0.7285370358520109,0
-0.537718143861259,-0.34133132541571026,-0.08178693394485079,0.03876363244456385,-0.8968559189527749,0.21442090023722052,0.9660035965633024,0.058847749863172504,0.961801605498123,0.9595276315996877,0.4965253020513295,-0.21788865661118445,0.5719102290361473,0.39403847186871904,0
0.5474885640890649,0.6211513853630392,-0.08055793397717109,-0.07571497523186178,-0.31215711487759135,0.3607517791113337,-0.5417633534095279,-0.4359780222036322,-0.5253577168899625,-0.5547662538543953,-0.006472205249447374,-0.22537503589301147,1.3984059511298437,0.21231521579009177,0
0.5078934890653112,0.6193856938114064,-0.07420218431419263,-0.09735796780545077,-0.31215711487759135,-0.27923319927291107,-0.5075565732205964,-0.42106750033125373,-0.49874035515864995,-0.5119786938787354,-0.054603056633787866,-0.22535985306440376,1.3984059511298437,0.38015335931695354,0
-0.32711389162123816,-0.2345237607144401,-0.0694493860327122,-0.025959974368892032,-0.09537077625325024,-0.24400874540909773,-0.5594235082882207,-0.46930359762071605,-0.5463415268667507,-0.5682816728799315,-0.10513861233389839,-0.2253937797693029,1.1440421590882115,0.277503206906258,0
-1.1329799511301974,-1.021994553911735,-0.07219016463325535,-0.04753098042662984,0.1956869494866791,-0.20947287314441898,-0.6461443337391665,-0.452504928867907,-0.6176089946079091,-0.672272084477757,-0.23908601627653006,-0.22536200904339476,0.774637499250962,0.018209994428800922,0
-0.16974167986915942,0.040742846972995295,-0.08057399010115998,-0.050221970513815335,0.42216086034348826,-0.300842282479305,-0.6224837673218021,-0.40922465594132984,-0.5941806726765564,-0.6486170088329404,-0.2212755151538185,-0.22537258879187405,0.6792978534125547,0.08773608947027373,0
-0.464351173502242,-0.24381931389336398,-0.0852183180852743,-0.02834570234833559,0.29966689144850295,-0.2581371417690819,-0.5959401405164023,-0.3921236329562907,-0.5659441484181419,-0.6243925210638717,-0.1704491182216876,-0.22543832059126806,0.629672697362546,0.07476304023246105,0
-0.5903904501012933,-0.3707054679315502,-0.08642509245999688,-0.03792707384103175,0.4426124017231428,-0.16138018684909675,-0.5731391625948573,-0.37055800974612463,-0.5401314713401876,-0.6054278475400133,-0.2240632294175567,-0.2254134914534441,0.5452440913027687,-0.10286565014008277,0
-0.37009428157260993,-0.10675115520470306,-0.08412082547719257,-0.07390280453169222,0.6662876806016836,-0.13845261757822927,-0.4944656701140068,-0.3407294733509021,-0.4621354151121346,-0.5268848575396934,-0.2136814948783874,-0.2253340283928113,0.5734320239649809,-0.1125414454988847,0
-0.30498869783069743,-0.0036689392190942505,-0.08895947563039124,-0.06551675686274343,0.6503570062638473,-0.15843989899287483,-0.463269533898006,-0.2759480096097099,-0.43122494199049016,-0.4957202909028269,-0.15822412848410644,-0.22532515202080505,0.6069923291889617,0.002034903849275789,0
-0.29582608690319995,-0.008227418794146612,-0.09049245585294033,-0.10627292121847552,0.4495013419773423,-0.2749759799730768,-0.43930298391939565,0.07599879935657232,-0.41930531348997035,-0.4577736468596194,-0.2774517075045052,-0.22560982252878256,0.547074228866105,-0.05080871692511866,0
-0.09428096207928022,0.17709063345849543,-0.08646960474088566,-0.1224852784988332,0.24778456015906294,-0.33306741294829484,-0.30439953587436835,1.2692446864298028,-0.3016041820397433,-0.30410092525654064,-0.296253873391532,-0.22555976961779658,0.6413546793915688,-0.01488412141837633,0
-0.4289644568640551,-0.1727949786094775,-0.08391147774577827,-0.13720173136549496,0.2167843290151651,-0.10726517128947287,-0.2980081519327749,-0.059449998889218016,-0.2732407608963423,-0.3238013791102989,-0.2756842160993264,-0.2255480457115753,0.6068751333651218,-0.22444102413980896,0
-0.9320218520453029,-0.6847482431578121,-0.0865611939139838,-0.11797110644914924,0.36941741152227303,0.25508486088857496,-0.3195663102484306,-0.1220369445893708,-0.2529282864575721,-0.3946810572717952,-0.3323222222049529,-0.22556848459668236,0.5004733838959955,-0.680950007410823,0
-1.013385826113263,-0.7367358021689767,-0.08838045630141171,-0.0968696818216845,0.6486347712002972,0.17911639150605932,-0.3093387558235822,-0.1026631855200389,-0.25043308223123134,-0.3754192259853867,-0.4582358539849335,-0.22562861901912099,0.5138412801187247,-0.7814354017133645,0
-0.5568753845796965,-0.25016049553062575,-0.08540855063975883,-0.09595141030792619,0.8527196262309579,0.6838321925713906,-0.23918486313255558,-0.5535315160895935,-0.16443709537989618,-0.32485485263032565,-0.1560727377266068,-0.22565638870299398,0.5551183095745877,-0.8784463109165496,1
-0.6315088585482794,-0.3165265323087855,-0.08596774439959741,-0.08359132640081088,0.9530398186827381,0.7022465925638551,-0.16807029749489377,-0.17273907318576953,-0.09937875820509445,-0.2474124044341327,-0.17637296645719763,-0.22565643079634035,0.5515839055755866,-0.9283915550762174,1
0.17288683562890733,0.5199990654354719,-0.0858241396275737,-0.05626734714666583,0.755843903906277,0.9029359910883458,-0.06603489511392469,-0.06295393896310399,-0.0021331770439488476,-0.14091516021105027,0.11102328307988937,-0.22565898416672336,0.6509146685555447,-0.7252946724136109,0
-0.09088273262467945,0.25672404622319445,-0.08243150480672695,0.010375873895896432,0.4232372572582067,1.049096077600326,-0.028696634859129235,-0.2559935415765517,0.05162240700738047,-0.12345851396946292,0.3251264927106023,-0.2256821215605868,0.684237289777794,-0.5699002248254237,0
-0.6308566859362885,-0.27880510533867164,-0.08087835780046503,0.01759596876910212,0.15973529253507543,0.8593899884409298,-0.007092656766716815,-0.344448015713667,0.06168349223944939,-0.08844323200292402,0.20160894988568226,-0.22569936351922065,0.5496902981133492,-0.5525349729287732,0
-2.366481798987598,-2.035088047716493,-0.09177575283474063,0.12862355660580133,0.23981922299014477,0.9096059648190936,-0.18237497488793217,-0.23265183386682842,-0.11545471292494515,-0.25945022164286075,-0.12498171995256341,-0.2256865281441146,0.12765787154254707,-1.0557781457569912,1
0.24518737027527918,0.6053770543721103,-0.08805297459064139,0.22994567978225997,0.059630379466238774,0.8921998982155643,-0.04624600203993397,-0.11616374997679878,0.014821741520965746,-0.11800527365029502,0.05267759352597382,-0.22567358315940061,0.49199157602159915,-0.789396696567166,0
0.14355340872674188,0.99184931978952,-0.08348174730827969,0.27966674933368785,-0.17201023658122,0.9742902802339483,0.03367581072779598,-0.10667645894162855,0.08408240330225036,-0.026407506965689873,0.3345743316411026,-0.22568602346424482,0.6132492967855151,-0.48609735494881073,0
-0.7453669685924496,-0.5001891901586967,-0.08379556185738223,0.32013344609120725,-0.3001014694327422,1.1314661046095096,0.04946849716290501,-0.20671463389745226,0.11767504778487177,-0.03187813890524328,0.22518253489467627,-0.22566525528798112,0.6000623066646984,-0.7996332191098657,0
-0.763314640660766,-0.5419189981605889,-0.08616628020478902,0.1820991575168593,-0.31215711487759135,1.053025790026906,0.018791211470057575,-0.21416916555443097,0.08526416688119277,-0.06013909537736256,0.20754156632340165,-0.22567405584036018,0.5499606260681908,-0.7444377507401988,0
-0.2821687616335542,-0.09307966635224885,-0.08898013276000762,0.1682456010564698,-0.3847062669296299,1.1312361208376498,0.005827378702245411,-0.3957606146970653,0.0856956583004466,-0.08881003353273773,0.3149254229809723,-0.2256741310211883,0.6110403436122896,-0.683092681552039,0
-0.4217158451216476,-0.3594588978581608,-0.09082661412646363,0.11405971355353609,-0.46371380046998056,1.2830153488283653,0.021788480128145455,-0.2063372932742458,0.11444505476822459,-0.08818016877865174,0.3437336425049696,-0.2256226411390843,0.6158765464295555,-0.7952074836218591,0
-0.270826441968267,-0.19065280730877904,-0.09093334200209151,0.1423143291454273,-0.5730757270053979,1.4185004368401963,-0.0089761589209326,-0.23078970547787095,0.08382168768593516,-0.11874738651884914,0.46981560481952545,-0.22562190466490126,0.6638531439704434,-0.7577381911444107,0
-0.11549347988330187,0.08828463861279698,-0.08614382531905185,0.18607084275361715,-0.6426109676962242,1.2799918246905104,0.01648570823308182,-0.06040251492178221,0.10211518036677392,-0.08509961297826636,0.4700400873259129,-0.22562821783163298,0.6079772947600296,-0.5867373720625876,0
-0.56399623042372,-0.3469411594348477,-0.08509592274702361,0.18070539904447888,-0.728076882724887,1.340343975399529,0.04584084008750427,0.09167972063608755,0.11159161272174126,-0.032555019424708675,0.6353939352601153,-0.22564153765450362,0.5578781901054538,-0.41911415928226053,0
-0.6066178430580966,-0.369482163839172,-0.08644423292338493,0.25202736184611213,-0.7756536263554524,1.2456813751105327,0.04492729259105069,-0.19494242309659668,0.1065413124525379,-0.028559599956009686,0.544521416800161,-0.22562542072006964,0.4713686531239592,-0.46613191309016655,0
-1.9853189451109183,-1.7339631719244442,-0.09256570631520583,0.37376601711414387,-0.6210830294018508,0.9889058460482432,-0.06297108241334357,0.1579483119743538,0.0027143347111950595,-0.13999966250454457,0.3922119944491764,-0.22563157929126923,0.3349750870718483,-0.4053696656436222,1
0.18457490274210317,0.4875735925962553,-0.07881578189170703,0.44872724021942156,-0.6828682123067027,1.0851396250348777,0.059799908231047666,-0.054810557341943296,0.11233140907557844,-0.0031090992589919556,0.5748912887567522,-0.22564198075912145,0.3428456917907769,-0.2404305893040122,0
-0.3822536574721827,-0.07203458310236775,-0.06090519760981756,0.44372793769476787,-0.7812508903119895,0.568924314182964,0.21561356386866634,-0.1716366347096055,0.21255165732183792,0.2166830662699577,0.27045929268093866,-0.22560589214387178,0.299092569563745,-0.13508225802577165,1
-1.1050841593899325,-0.8509104311904381,-0.06526359742024013,0.5226906234694308,-0.795459329586276,0.8483831267292855,0.09570353209615853,-0.22343751887195096,0.12675638430551484,0.057800783869589166,0.34119328741304117,-0.22561448170095988,0.4069691627496236,-0.3590249536986333,1
-1.0042254693480561,-0.787407863771796,-0.08262843124914636,0.6742036122570783,-0.7246324125977872,0.8987223354635084,0.045234621921152185,-0.3166745549379763,0.07732588496645623,0.00670061579504797,0.28463295461145116,-0.22561481095052577,0.2441382059805417,-0.4454847063156009,0
0.6586618808996948,0.14381064640681596,-0.014392078592068699,-0.3525645431827994,0.5627382974057472,0.8319122335458482,-0.4146375806324173,-0.22201296076610036,-0.6022664728619074,-0.1875596350573921,0.8406127889527355,-0.22539781735621436,0.06417621144838831,0.8500513839291685,0
-0.5667731010439657,-1.0227162407337225,-0.0003109397595126929,-0.3455276302315902,0.5627382974057472,1.4367622358741041,-0.24027525937964525,-0.36307438749506554,-0.3729831572555289,-0.08029367327353201,1.237660259523246,-0.2248474549817966,-0.10277545353024738,-0.05518002641170922,0
0.3364472989955668,-0.024044906825171432,-0.029069845520133798,-0.3306192901609953,0.463709781251629,1.2352196004249016,-0.3023917276213255,-0.30562690235793816,-0.34299445182534866,-0.25073126314910243,1.3047038069758525,-0.2247837754780101,-0.17183316258477369,-0.7979008321634389,0
-0.08773298409042393,-0.42353433065111523,-0.0363529940771091,-0.3244911468687434,0.8942685471390986,0.8377254549162214,-0.36182675177238904,-0.3108517153292614,-0.4255033711023145,-0.2821409924879358,0.833379706022715,-0.2247731116853397,-0.15217904334771168,-0.7344823965379155,0
0.20162022862711138,-0.09241228101917164,-0.054873726110730874,-0.32295862463750563,0.896421340968536,-0.06855974762840558,-0.45495524369165075,-0.12456523175305172,-0.5308057390792073,-0.35975098328976945,-0.10892506868917548,-0.22476180788604586,-0.10288615126423283,-0.597640683199285,0
0.3822091768481207,0.10179842053757869,-0.01916463657570698,-0.3155281453874978,0.9201020730923466,-0.14960824449553753,-0.46169434953402344,-0.31966143399295605,-0.5315282045487616,-0.37353422671909403,-0.3149515685726518,-0.22475935587511037,-0.04688050574080296,-0.6817700470587056,0
0.475641287377286,0.20378775040268843,-0.05942502411053983,-0.3123059377331537,0.4809321318871278,-0.1263480704404635,-0.5196272061692762,-0.3269959458329442,-0.5895356625579791,-0.43069199476283987,-0.7423342602944576,-0.22475960714124862,-0.012202254613544555,-1.0334435143252987,0
0.6115306980808407,0.33970562663358855,-0.071479421530298,-0.3093595863435131,0.3453061206325747,-0.23093746956197125,-0.5760447998161976,-0.300324590193931,-0.6510532423318375,-0.4804021368418164,-0.8665595172294661,-0.22476055444347107,-0.05084043695787424,-1.1332551392318668,0
0.633964519654614,0.33019547909209856,-0.0750231787837524,-0.3108591615835712,0.2721111304317049,-0.5873034827274126,-0.607864381732691,-0.28212134676765943,-0.7357585594267412,-0.4492249674699728,-0.7169320364980902,-0.2247608143739589,0.06490456063661437,-0.4448384850522141,0
0.7629241043531058,0.4457653994730908,-0.07875539239509366,-0.32082712083179615,0.2548887797962063,-0.3816821588534229,-0.6705348329545556,-0.29498693418335253,-0.7732317753867971,-0.5409873807987524,-0.7247921937787938,-0.22475830171257621,0.2348594269857445,-0.42459656892467124,0
0.8483406497343109,0.5508573785356544,-0.08061752547683274,-0.32468106402386776,0.4766265442282532,-0.24216158796161377,-0.6589988719799065,-0.28642242710797006,-0.7361847113391572,-0.5597946873134759,-0.8852952560572247,-0.22473168483061912,0.24261426043941672,-0.7855506759384986,0
0.08345926376980711,-0.20188527647864518,-0.08256603416709803,-0.3251934858982312,0.5369047714524988,-0.14616172563523808,-0.6450717561901627,-0.3834999804368739,-0.6949603369827112,-0.578354088638751,-0.7596124739080689,-0.22455806859342606,0.19030595349532192,-1.011407714397857,0
-0.22550106365479358,-0.5046989097967491,-0.08036606909891118,-0.3238827970985999,0.6983643086603,0.04432344548240327,-0.6243936325028203,-0.35171112811367866,-0.6679950960683416,-0.5653653751890204,-0.7844214704389119,-0.22437553962861578,0.32961300885162936,-1.0569940770425486,0
-0.00876550836777779,-0.2860486854746879,-0.07203392626465553,-0.3224357750043641,0.8921157533096613,0.7054539739709024,-0.533140108071691,-0.4151974999085618,-0.555792445281402,-0.4999984929822649,-0.7550315811772149,-0.2239072459735659,0.12154104326265923,-1.2514989767908862,0
0.23370203547405635,-0.035276160604315744,-0.04020801824823263,-0.3204197958793346,0.7651009173728578,0.7585232902475454,-0.3285757845997389,-0.23801597578532324,-0.34837453634746496,-0.3012379457423653,-0.45341626308457694,-0.22378755087202168,0.10987821456312964,-1.2424574534428565,0
0.3361465239150766,0.07889974232210997,-0.07033214135240248,-0.3025398056732382,0.9220395875388403,0.315802215271323,-0.23837373669301115,0.3645601460504229,-0.2802324767916008,-0.18598497383721313,-0.3645529349835704,-0.22393221374098338,0.01786795619809584,-1.0611197654729476,0
0.9761920820174363,0.7382969910587902,-0.05727239475457919,-0.29115595194498917,0.8016984124732928,0.33395208037640145,-0.26357657357714964,0.8232696832056972,-0.29292643927208273,-0.22570022647740753,-0.2251943770664543,-0.22394804061957768,-0.10978994436883187,-0.9292215517428829,0
1.0420260005373152,0.8230063200615648,-0.049392475493279145,-0.2741282118665941,0.437876255298381,-0.02553861922928271,-0.2010253047267393,0.7586667474464709,-0.2832570878914359,-0.10127543212994529,-0.15437684608535357,-0.2239819124502627,-0.2157753390398112,-0.5587371034151315,0
1.0604970446799515,0.8473070422023213,-0.0070485752176256515,-0.2683236737342276,0.37695218992530377,-0.22471427502298005,-0.08498949507150909,0.3421102117130087,-0.19320228427313965,0.044147754502726844,-0.14602866042271404,-0.2240522438640453,-0.18918597055163128,-0.28993358128873326,0
0.39061174370121915,0.17110393466395288,-0.03788854554952687,-0.2667706280237594,0.49966143820323267,-0.37638923204476293,-0.3508323794769545,0.02977915284302466,-0.45390060001591626,-0.22463517998146687,-0.9763666895392452,-0.22401340910247358,-0.14317568280549214,-0.8489558228748548,0
0.5184093986739563,0.290554274237983,-0.0402335768233887,-0.2609229015308373,0.42861924183180017,-0.4244762823918893,-0.5022679521068595,-0.05672650719656319,-0.5702089375297889,-0.4158681147214275,-0.8404327727718316,-0.22398658787738313,-0.08803794155936269,-0.79463522445757,0
-0.3943110174949247,-0.6734117182403639,-0.045882005601923334,-0.3113703766789177,1.0942630938938283,-0.46939520173476224,-0.5493784655541176,-0.4836303183885706,-0.5954147732271481,-0.48835647835415613,-0.9728321663629796,-0.22387884331664593,-0.14648273890192526,-1.2136149529970865,0
-0.2697531840879085,-0.58767776294399,-0.05977973505038673,-0.31950374289062394,1.255292072335742,-0.49867217945531067,-0.6292316894772649,-0.31852428316591186,-0.7298705256019343,-0.50261076778259,-1.4612809550907224,-0.22383613476831973,-0.07701383663140694,-1.4016657827677792,1
-0.2807440873218976,-0.6152582796806036,-0.048683043142186876,-0.31713437522442117,1.3752026886354023,-0.2846348478828977,-0.6351845028369303,-0.2568130628743453,-0.7098533731245334,-0.5392428486757034,-1.3627454988987948,-0.22355393112576377,0.00023777323058930483,-1.718737584615837,1
-0.08365296812557003,-0.41093754186856013,-0.04585711332732654,-0.3215486097676379,1.3646539988711592,-0.40628172925195816,-0.6958643936076458,-0.2491772028887899,-0.7992779777928023,-0.5651681335642176,-1.5828574467268717,-0.22348209203638475,0.0292043218036593,-1.8181185697831355,1
0.30923831419050496,0.030441555835929283,-0.04444402114286458,-0.31899238387459017,1.3532441915751412,-0.9590212114161955,-0.7323168720932918,-0.16800739593377254,-0.8334616201047329,-0.6038749153653906,-1.8633427144748393,-0.22326941698998237,0.015773934462011193,-1.705347197155819,1
0.30239138642526164,0.041668631446456175,-0.028240733632737998,-0.29764096063425655,1.2236460030430127,-1.1153125752176234,-0.8131459549475468,-0.12204391239333277,-0.9249711026062359,-0.6710996549224821,-1.8490733997479414,-0.222460463940483,0.040869762105004606,-1.5740296260251387,0
0.25775659525432654,0.0073345355225290145,0.0456104626993008,-0.26264626467317104,1.0766101844924418,-0.6162117959333553,-0.5919687003468133,-0.047560810844466776,-0.7744546002695754,-0.368878188102496,-1.3159242654491436,-0.2197720435484576,-0.0023530821973575186,-0.9286405091460143,1
0.5680227774104342,0.3460881100442746,-0.02547426920979063,-0.2477267735583772,0.6649960043040212,-0.5716181532426736,-0.5378608154404885,-0.031502081981517195,-0.6786833983835739,-0.3647433220502487,-0.8345213305156461,-0.21977732640801198,-0.04467331594241253,-0.5982787206711679,0
0.6276494759668948,0.4462616763251813,-0.05017446823278843,-0.24023933984180873,0.23357612088477647,-0.6180229415790829,-0.6219869048482322,-0.06885922665484855,-0.7219051501465698,-0.4963050836293606,-0.8621635738956307,-0.2201227596709177,-0.10791716630637291,-0.5931910866052111,0
0.08748309817533169,-0.058417089242083976,-0.06950607011242024,-0.25558955611087086,0.26005548498685593,-0.7023522835072374,-0.780112264707658,-0.247073290862606,-0.8563865243748631,-0.6805517183902253,-1.0453104327774654,-0.22047328769174218,-0.03951626607866834,-0.9139711755979769,0
0.01745893758545524,-0.09112714654582629,-0.06871020856624335,-0.2532536361222719,0.14531157387784516,-0.8155914096158376,-0.8199922996405785,-0.2906385224812431,-0.9180173724456889,-0.6942048703954455,-1.3368657951321088,-0.22051302088756214,-0.19565415850239312,-1.019818888185371,0
0.9071193825016824,0.8037764764321327,-0.027854584295592615,-0.27432158584117033,-0.04736347385679741,-0.4502747180010942,-0.6947586978824973,-0.128525937429829,-0.7721030452621119,-0.5949429215920542,-1.1292059500604938,-0.21929449709833232,-0.11101607915776868,-0.7326386806546891,0
0.14417715270335246,-0.019346356882108794,0.06621410085355728,-0.2717808155586518,-0.0028006415874443293,-0.612271909902123,-0.633824941668848,-0.11562765836648765,-0.6425282861798706,-0.6160061294721687,-1.227218394556296,-0.21532068882577976,-0.26915113994606465,-1.320599184183747,1
-0.22308203470905577,-0.39991330512640166,0.03979376548293103,-0.2392724013459559,0.010977238920954712,-1.0348103151703492,-0.648756544678312,1.182155885764174,-0.7305386810525178,-0.5442315136665672,-1.9041139557201376,-0.21023546202897345,-0.47330329579502717,-1.9310660196759244,1
0.14987393441302027,0.4352387688928461,-0.0616146493052216,-0.20548690247724016,1.9726029763042663,-0.6434636949872355,-0.7181354383983338,-0.09886022388551402,-0.7506338501892665,-0.6711425421841296,-0.3684792556577769,-0.19060736344590493,-0.055869501268486485,0.4870337425421723,0
-0.18346358506082672,0.05276800695660824,-0.06532111990294803,-0.1667911087772778,1.9726029763042663,-0.6558643175650136,-0.7204595170251975,-0.15932452924926466,-0.7494736667585992,-0.6775646237624744,-0.44278790907206483,-0.18992195563057657,-0.055869501268486485,0.3439074966235059,0
-0.6197094452953859,-0.45589610059756036,-0.06536668420270918,-0.2233978543325903,2.3532169253487893,-0.6530857473951875,-0.7116705529579078,-0.16758043751490143,-0.7356880541611637,-0.6747961473899206,-0.6696901536321648,-0.19045308026077598,-0.055869501268486485,0.0030101809404572224,0
-1.1487534704789335,-1.0003920632958507,-0.07174547051730083,-0.23317050099740477,3.313147693894903,-0.2646193963013411,-0.6945468084665719,-0.1738500502070797,-0.6865522728604403,-0.695779364629963,-0.6886421117228049,-0.18182985744476646,-0.055869501268486485,-0.45169139128359315,0
-0.2273921580553974,-0.05407449005613372,-0.0710426677363191,-0.2321124700456704,3.7551162670783906,-0.2812693630194163,-0.6119370680485758,-0.22928745112311608,-0.6025055866006471,-0.6158503303211887,-0.7478636814900519,-0.1795086649028169,-0.055869501268486485,-0.4188508076950908,0
-0.12639776252622287,0.05816829548278638,-0.0712526039021477,-0.25131631369135166,3.424877693642702,-0.1324607241940308,-0.5568474628209412,-0.2711790254225868,-0.5535433983759308,-0.5541585859358323,-0.42851096317190374,-0.18272104356298638,-0.055869501268486485,-0.26729860855033216,0
-0.16689356965619162,0.02405036766326416,-0.07649959011829098,-0.1877641785135623,3.3101337825336907,-0.1371001311325257,-0.5310644608472537,-0.24687253697502837,-0.5146318382711637,-0.5442261426861736,-0.4674851810131493,-0.18203739749874234,-0.040999722002740505,-0.31679365757296796,0
0.09750294621867338,0.291730248585498,-0.08397163616765811,-0.1624302891182946,2.999270353562938,-0.10226362727487469,-0.4444360887213683,-0.2368128168280721,-0.42942209386223523,-0.4569449624958986,-0.3359852143916927,-0.17519185257456188,0.013323614981762539,-0.24997784555380065,0
0.29033946956694484,0.4890015144579683,-0.08461515260138477,-0.19549315444503712,2.5633296031018746,-0.27569829015594943,-0.4180195402453619,-0.10819172867230908,-0.4154364564503297,-0.41612269881112957,-0.2566375563195284,-0.17415847177176821,-0.004889773882742108,-0.020072307517152357,0
0.31918031544144754,0.5207200922225796,-0.08237501341249887,-0.2582581923008895,1.8748661364478105,-0.6196674210675317,-0.38345879444003284,-0.028522078654634752,-0.4077023005557057,-0.3502075251058759,-0.303768575008691,-0.22560982252878256,-0.04998772471235188,0.2617760128945114,0
0.5328196757585799,0.7255852264315721,-0.07708939233187213,-0.2648204647706637,1.511043979272899,-0.7949266912019303,-0.2881257099379994,0.47581841637801714,-0.33680160270183995,-0.227075294731339,-0.29153834170177473,-0.22555976961779658,-0.05927991271602443,0.4583253037198995,0
0.1870272882813092,0.3044559101901617,-0.07635375819109659,-0.26858422090899103,0.7711287400952825,-0.8066544298377256,-0.3251667317215379,0.17665537519609345,-0.3597588847575112,-0.2803531233662258,-0.324596481104665,-0.2255480457115753,-0.13556911039133274,0.4251463695592044,0
-0.12694763148738428,-0.2143765058966004,-0.07882053404185414,-0.25193948673218874,0.9429216876843829,-0.6898324111365577,-0.3763373701958348,0.30300478338457126,-0.4020765332801213,-0.3413995825654662,-0.21565975410399096,-0.22556848459668236,-0.24718412554409042,0.4641397420717734,0
-0.07734512168874412,-0.27481777568757754,-0.07894650631572249,-0.288954355862512,0.9724149631476743,-0.7187532721956162,-0.4056215957379049,0.011520392386060677,-0.43266185382478844,-0.3687960961884834,-0.1346569154500496,-0.22562861901912099,-0.3497569632402924,0.6079163388710886,0
-0.03006082225542587,-0.20435135290129933,-0.07894481019524204,-0.3082951729445247,0.9308660422395335,-0.9907565220365706,-0.3872792613458097,-0.1277411505563087,-0.43999108954220084,-0.32027468059117165,-0.23573234733763654,-0.22565638870299398,-0.45164329622153604,0.7431967658110551,0
0.08776931209493159,-0.07617084706124293,-0.07739387746697031,-0.3152383082547974,0.5123629217969132,-1.2917065676583959,-0.38341919147376824,-0.12055872460816319,-0.4544242803145673,-0.29480016629586003,-0.32030464608361936,-0.22565643079634035,-0.5415646890705884,0.9356117064349514,0
0.22057879888992765,0.056671355215817634,-0.07670321771673204,-0.3094436339854017,0.3629590300339611,-1.55745739871922,-0.35908362531728283,-0.0712541207889319,-0.44659291998156764,-0.25121121647633754,-0.3704666734314033,-0.22565898416672336,-0.6166098002019513,1.1418156696630302,0
0.08298657635294347,-0.12621660173957835,-0.0801328451047814,-0.3102967133537763,0.3155975657863393,-1.654003804705184,-0.3319667732807527,0.1955252658056347,-0.4227478725623466,-0.2205418248064262,-0.453428438159271,-0.2256821215605868,-0.6977327181567219,1.1199177545902392,1
-0.663434198612634,-0.8035209580280653,-0.07406895399779044,-0.30684200697207936,0.966171861042306,-1.5613040021507922,-0.36357892725344526,0.14092001959160252,-0.43484717741377876,-0.27488349844430815,-0.6266765048957016,-0.22569936351922065,-0.7346360358365879,0.7739854507109868,1
-1.8871623489596565,-1.8457876932420676,-0.09460194822212166,-0.2855477123582015,2.387661626619787,-0.7412702228102286,-0.5215932191487612,-0.3865203130120947,-0.517459421872892,-0.5203047067614633,-0.6649308462303283,-0.2256865281441146,-0.9207979594161082,-0.12181634964045185,1
-0.8450368300923315,-0.6764413024929549,-0.08477734671839898,-0.27506794336547785,2.818866230656088,-0.6802049777078082,-0.4186687729141886,-0.1110592011386318,-0.425819823875118,-0.40523849691659786,-0.732022147846653,-0.22567358315940061,-0.9580689768294403,-0.28834102323287986,0
-1.0430985356892921,-0.8488279547299061,-0.07820666033174169,-0.23438017376646667,3.1482436865600025,-0.5140445301950779,-0.31641612356479326,-0.21769457847000914,-0.311026107187363,-0.3190472838682818,-0.8212498988853767,-0.22568602346424482,-0.9428461820340723,-0.5827873921509635,0
-1.643506906675734,-1.381310700191669,-0.08173603484284496,-0.2237271254790644,3.8799783091857574,-0.057428528011031994,-0.28052658879222037,-0.2577867225991701,-0.2494049100710052,-0.31405086647827773,-0.7431109271846783,-0.22566525528798112,-1.0108025965659668,-0.9530369506738292,1
-1.2555576383440192,-0.8702316712067086,-0.08661872500765667,-0.23539337780257732,4.160917903927332,0.27083701777672053,-0.2609363454370256,0.017809483050502565,-0.20247244224778563,-0.3270675149959065,-0.6509232535198454,-0.22567405584036018,-1.0013146325366928,-1.1595774043917222,1
-0.4601710493562748,-0.07138759876437804,-0.0939586469029146,-0.22421162889329668,3.8050610839213372,0.2133288905411849,-0.23052497351815018,-0.1387531718193097,-0.18751684713903843,-0.2787161804213735,-0.6000955712324599,-0.2256741310211883,-0.9784134434318659,-1.0310176301159983,1
0.22528223788375987,0.5648643731298801,-0.09560221990765196,-0.21444086968921866,3.2918350349834733,0.26395197955860444,-0.2273128403176139,-0.18596483446543075,-0.18495876175631012,-0.2747676972406879,-0.4162621861721145,-0.2256226411390843,-0.975585640036212,-0.8169357510738264,0
-0.08385692572148859,0.2041799475855533,-0.094200926431564,-0.18957207887447705,2.7704283694937484,0.45248920784619934,-0.2342257513203434,0.039201312570595635,-0.17598481530020116,-0.3004095525995898,-0.3190847866924147,-0.22562190466490126,-0.9862250340807804,-0.8715054692674107,0
-0.08901429844948575,0.15202629310141896,-0.08404221490894638,-0.17212548592842544,2.2513897772164033,0.39707540043844675,-0.1818773085755043,-0.10811329030796266,-0.13331958875064234,-0.23721621877759258,-0.30016345407760364,-0.22562821783163298,-0.9580056724445151,-0.7833501953461431,0
-0.22409603593897656,-0.04385395544463245,-0.08536504652594815,-0.1687433218801357,1.827504672200189,0.23443019213605834,-0.16708075052462967,0.15551999573662248,-0.1341443278133499,-0.2040986096199237,-0.27338786719242275,-0.22564153765450362,-1.0148544059672207,-0.5840817272579579,0
-0.34126203638583136,-0.23668581573924233,-0.08995556798815887,-0.15750161965609735,1.5797181024319502,0.277878916060031,-0.17838399684807044,-0.16008065705422805,-0.1405681861915213,-0.2210453206447281,-0.2179488984445526,-0.22562542072006964,-1.0308838386585466,-0.5486754977722103,0
-3.814572918542006,-3.70977936095279,-0.09476637539028293,-0.13951737964459615,1.8871370612756038,0.059172990116826044,-0.2999967804592412,-0.05595449261439879,-0.27580018423505936,-0.32509058201870117,-0.4154615801936266,-0.22563157929126923,-1.0035901074675528,-0.5979766953259146,1
0.9328331401019391,1.210278957326438,-0.07869122147273891,-0.10958083820352012,1.7540944026163752,0.05004549016717083,-0.17560093260576187,0.14939720313768387,-0.17017995619431617,-0.17993802429528588,-0.26624753763324355,-0.22564198075912145,-0.9333203323464333,-0.3800348437317413,0
0.8484251829689133,0.966852941099001,-0.05376148736361853,-0.10765027193881671,1.3491538832992103,-0.01479835620372183,0.034251020037272435,0.18132188758953724,0.020506814248846695,0.05011887413619702,-0.20910448729631959,-0.22560589214387178,-0.9731055423855021,-0.2375375935827088,1
-0.20643700158881687,-0.22910975887003518,-0.07662422491722866,-0.07971579565641533,1.1653052902652608,0.38091159550533216,-0.08293315618357962,-0.05894285194381732,-0.039299547032660226,-0.13361457384783443,-0.11824446355544349,-0.22561448170095988,-0.9865316286526579,-0.5116169347707976,0
0.061873981809885084,0.08544851640512177,-0.08019223096780027,-0.0668636833481561,0.9976026509520914,0.45672459859269876,-0.11539866350812494,-0.11651649727067163,-0.06382673593069269,-0.17509461892416314,-0.05687729307389389,-0.22561481095052577,-1.005122056532358,-0.5024802540285963,0
-0.10693457604622204,0.048126592996562925,-0.078215218222258,-0.1751682499394911,0.5097795692015883,-0.2115764785779471,-0.561141476608805,-0.31224399842715905,-0.5495928801793993,-0.5681636656146898,-0.15201019893864642,-0.224047816381402,-0.1013329394622166,0.06421212477836237,0
-0.5367531586585986,-0.37514325787754915,-0.0781252210303736,-0.1972879429172078,0.5097795692015883,-0.16567444173115428,-0.5546846100977921,-0.2909926061752612,-0.5358725713430905,-0.570383646882994,-0.19740369048839898,-0.2239795961808042,-0.15119724932035894,-0.0818124801426815,0
-0.4613649676429801,-0.2975575603704001,-0.08212365526609032,-0.21353065389621845,0.7399132295684406,-0.031488766793235284,-0.5720888014144726,-0.2406519222779141,-0.534868777534016,-0.6093775657676129,-0.27787980175266846,-0.22410030818817925,-0.20853327023441426,-0.39197387398162936,0
-0.9672990825381161,-0.7935621790855294,-0.083343909013644,-0.21265628609906945,0.9803803003165926,0.036415349740191734,-0.6114144883322783,-0.23963593029173422,-0.5551507979339863,-0.6707857960045713,-0.4309076703623849,-0.2239722788487592,-0.3030947372602699,-0.8306348100026252,0
-0.22726656028005718,-0.025461060923062124,-0.08545665361799805,-0.20441936461257953,1.254430954803967,0.01137934964436178,-0.5758145526307908,-0.29970437850500636,-0.5250320760149068,-0.6291178230323121,-0.418423276030942,-0.2240108126771499,-0.3694851606423198,-0.7026226541280838,1
-0.24854698525030083,-0.04416899513726181,-0.08479326783659093,-0.20199877947728578,1.0910339031496723,0.03567488011643906,-0.5462849831927292,-0.25208916561316885,-0.49475409739343745,-0.6008244642142466,-0.34805845011225256,-0.22420508905595327,-0.3318024542652465,-0.674774157579659,0
-0.4934688498105514,-0.2910817821914863,-0.08391605979679298,-0.2060848832237117,1.205777814258683,0.13764941679437637,-0.5343203780255716,-0.2676529894706592,-0.48078295393305837,-0.5913775408072538,-0.37040524532829056,-0.2241621000190006,-0.4054172419930618,-0.8433979153082531,1
-0.18857372667573835,0.018827315561893283,-0.0875817512110162,-0.21246782805461745,1.2486184114644863,0.35999267615824854,-0.4694557471885985,-0.23810593756202483,-0.39994682909841683,-0.5461929448837543,-0.25201190730120443,-0.22391216154790303,-0.3627588075491335,-0.9006841504864643,1
0.06115632980509362,0.26860131029215745,-0.09018330111427159,-0.1601300917650058,1.1427009550561686,0.34491821157003977,-0.44102161265117484,-0.1858765496391799,-0.3798792837911392,-0.508189387644593,-0.13596651589058076,-0.22389038838394373,-0.36625092746563115,-0.6853258781200179,1
0.0467784701477033,0.21284866319281215,-0.09071971507811684,-0.17616696428053735,1.1226799724424013,0.49472397507780874,-0.43664170423854404,-0.03269018783049656,-0.3813555472581905,-0.49692737819880306,-0.06449003777332016,-0.22560982252878256,-0.4002894199877801,-0.5797448727381316,1
0.24690403275111245,0.36727484678317285,-0.08536044162203592,-0.1876844344009844,0.7431424203125968,0.12064890695795871,-0.32917080338007165,-0.0396050287410552,-0.2991089417282103,-0.36086355502533574,-0.1353119584011992,-0.22555976961779658,-0.38707285719407886,-0.3828577257117093,0
-0.3579132204786229,-0.2569613849378452,-0.08555423023890932,-0.20164861532101422,0.3969731725390711,0.1786774632074865,-0.3448609904828647,0.04491602488308734,-0.30966579104900105,-0.3824458927282367,-0.1260843954040949,-0.2255480457115753,-0.46699032441542593,-0.4428259766189932,0
-0.5823295666115553,-0.4835396852360242,-0.08419593176145514,-0.19325647478430535,0.4167788757698948,0.12028984888874698,-0.37580341813939494,0.016890170498163753,-0.3322306385934606,-0.4229410226878206,-0.2746431280556368,-0.22556848459668236,-0.5489425514380828,-0.5851274708387735,0
-0.6092911188128013,-0.5049270711153133,-0.08337210065462002,-0.1683889367013365,0.33152824012417564,0.06788134313397057,-0.4203292858381504,-0.13992933735605462,-0.3836126601065657,-0.45882101068283965,-0.3385442890708864,-0.22562861901912099,-0.630491731229198,-0.5937889356068815,0
-0.0965131001597895,0.006567269336107141,-0.08316683711160913,-0.15030974527714797,0.4624181049539665,-0.005540326076726023,-0.4001038426160478,-0.224754467442138,-0.3706800206075074,-0.4302002557397259,-0.29170133662577896,-0.22565638870299398,-0.7046291027003763,-0.4690830027899584,0
-0.36085460760293653,-0.26630648967679027,-0.08503144794558169,-0.15852069737008923,0.455529164699767,-0.0796995909955651,-0.36367198772574766,0.07566027797798036,-0.3505154131609851,-0.37493898231591627,-0.29101167594924654,-0.22565643079634035,-0.7782301595241439,-0.3735143848046711,0
-0.1381160467378097,-0.025355868751453133,-0.08536437296882744,-0.09301854706814706,0.4447651955525805,-0.0748733200444947,-0.32770812266432464,0.010368088187460007,-0.32587462394664285,-0.32599431570496273,-0.21349848402151048,-0.22565898416672336,-0.8665253709114609,-0.23831074628784724,0
-0.1876508645106778,-0.05361773275108317,-0.08624498912159963,-0.04570651695412732,0.26737498400694265,-0.13381161456528803,-0.3227297376492314,-0.024101865041734807,-0.32810930927697496,-0.3125342835532225,-0.15653476256855867,-0.2256821215605868,-0.8768355993536888,-0.08387382322308913,0
-0.767854183534383,-0.6249343954180812,-0.08001018572912943,-0.07911936949594729,0.13347120781593982,-0.24042518278141167,-0.3046773162507857,-0.13781679209065198,-0.31713076917917177,-0.28632000657054735,-0.19102388474186588,-0.22569936351922065,-0.9661305703572097,-0.10169532182015571,0
-1.6325623039392447,-1.489679216452244,-0.09283515960145874,-0.0009981013534150391,0.5071962166062635,-0.2162483305052479,-0.4273547856814578,-0.36230543815281174,-0.4241067538340877,-0.42613461515388046,-0.4909436964581285,-0.2256865281441146,-1.0614178103929652,-0.5820579922916888,1
-0.3306994753626056,-0.16360293079741348,-0.08604204474142593,0.09244759532598765,0.5409950797284298,-0.21861368830402025,-0.35023292452834787,-0.2545992352778137,-0.36138250675261774,-0.3328794355055093,-0.4719184144146312,-0.22567358315940061,-1.1040012628454337,-0.4737128875823695,0
-0.2127188681986352,-0.04102838824656737,-0.08331033088689566,0.09968433813726701,0.5300158311982993,-0.2514878819097552,-0.27961976405710726,-0.24496330808660305,-0.3061760077587015,-0.24486103378075788,-0.3518161917163104,-0.22568602346424482,-1.097765687311231,-0.2707286761104211,0
-0.820830207582727,-0.6582697310792371,-0.08405106696870179,0.14365975950344975,0.6619820929428086,-0.2846643750886862,-0.26110884279121926,-0.2876668600336443,-0.2798413484830676,-0.235833273501085,-0.4494572178794641,-0.22566525528798112,-1.1093132151104999,-0.3878044010734307,0
-0.6594972920226834,-0.5037503872333771,-0.0891828599956789,0.035691047067041314,0.6774822085147577,-0.1791686921986607,-0.25829216157101115,-0.2930934033258587,-0.27224538371230494,-0.23870891061433308,-0.4484576671814485,-0.22567405584036018,-1.1082195273261342,-0.4418140242106422,0
-0.6011948719154634,-0.4329913124182346,-0.09085799047647262,0.03244325640031066,0.7549827863745021,-0.24050737634219996,-0.25161351549875793,-0.43143741024133236,-0.2673923719704024,-0.22994778647895706,-0.4558658464962762,-0.2256741310211883,-1.1207520370225974,-0.3865978015655193,0
-0.5825981816238269,-0.3811000218435526,-0.09307095866733281,0.016593540821176103,0.7724204163929446,-0.13486241934937507,-0.2286722488304675,-0.21405815427909589,-0.23671012940421637,-0.2164442048918988,-0.40214435812852667,-0.2256226411390843,-1.0966096874546425,-0.4075516607158604,0
-0.6383769929967746,-0.4123994929669464,-0.09238472815389134,0.03762479452806753,0.7084824396586555,-0.16918647010009524,-0.23151799652238272,-0.2583768641171355,-0.24300611093429667,-0.21517095592317806,-0.4474790290432731,-0.22562190466490126,-1.123589245159704,-0.4282875202379361,0
-0.30822588682905055,-0.08408789792515992,-0.08838958327663925,0.06630719800981166,0.5689813995111155,-0.1584207359921101,-0.1954372598316449,-0.22454840704854992,-0.21677485642761465,-0.16785561715794944,-0.39144404361446805,-0.22562821783163298,-1.1506561582623123,-0.32633228777589984,0
-0.42632909055444457,-0.22317195075971155,-0.08453757387130083,0.09417932080777949,0.48480716078011515,-0.20232229386221853,-0.17072116791306172,-0.07452120050219087,-0.19723263675114563,-0.13730637592733913,-0.35821311808050377,-0.22564153765450362,-1.1722577112607493,-0.2511726276936326,0
-0.3233814145772292,-0.1113438828846619,-0.08803205858228684,0.1559613019008495,0.35499369286504273,0.020171551524974424,-0.17728119999657294,-0.18684687502820366,-0.1981489788009542,-0.15047107517034577,-0.16237076399551678,-0.22562542072006964,-1.1679416708495718,-0.17892644605934532,0
-2.8780909544025763,-2.705065228122263,-0.09100509975302597,0.252599170982361,0.2675902633898867,-0.41547132096423917,-0.31066828071628333,-0.3555801435321383,-0.3378236033628865,-0.27483214870487466,-0.49364189794649194,-0.22563157929126923,-1.2839817705882848,-0.21747907583172874,1
0.9865801721762223,1.212530361921995,-0.08551869707985216,0.307580784467859,0.23788170854365126,-0.03753147820490071,-0.22368486892708642,-0.003641704714545317,-0.2497816782814178,-0.190133205608525,-0.16702735514293618,-0.22564198075912145,-1.3101175306362138,-0.10512321309213479,0
-0.1373880225189214,0.029872160021197698,-0.06867106372663075,0.3024657651585131,0.11560301903160979,-0.31948226550098857,-0.009731525720921471,0.09403317526127702,-0.07800689187392372,0.0712255355277413,-0.2847340541347084,-0.22560589214387178,-1.2742672597612663,-0.004508207654049439,1
-0.48209983615312,-0.25662608260378017,-0.07028997423877731,0.29801210661587196,0.1224919592858093,-0.2540085842489793,-0.1035207790312489,-0.3748457224477864,-0.14763861801913844,-0.05005571638621907,-0.37645576008630527,-0.22561448170095988,-1.1927523613160371,-0.19590885110409806,1
-0.5492174995049983,-0.32122524755950654,-0.08383998374776977,0.4133997969787689,0.13648511917715214,-0.06428901338490899,-0.14777099999130028,-0.2303323089084871,-0.1659026754700393,-0.12455039278793062,-0.4139396088704224,-0.22561481095052577,-1.2280257192106447,-0.442954901821673,0
-0.6601692394681751,-0.4442493765245314,-0.05530089108644519,-0.24414295556961443,0.3840564095624473,-0.6756590669641322,-0.4967589636551185,0.06199017964510569,-0.5063611249099681,-0.4795007327098053,-1.0020703653865393,-0.22573982447688415,-0.0058268097298859785,-0.08618309323650986,1
-1.219163231063119,-1.015207662522735,-0.05813238477060426,-0.22925789661216284,0.3840564095624473,-0.35852296551751606,-0.5483235787488875,-0.177393254901905,-0.530027941864698,-0.5634865738995042,-1.0861187246487296,-0.22573849426817194,-0.07590345024579208,-0.6909440046299014,1
-0.5210856100294597,-0.2949655107415992,-0.07163969122786934,-0.24497027618695102,0.6471278155196911,-0.40939869026649983,-0.5309204248607072,-0.18879003170974107,-0.5194540658457434,-0.5382034913799546,-1.2097943933345643,-0.22573753812831293,-0.11369526019194587,-0.8271270127853687,1
0.07138076255212014,0.31610628765959187,-0.0812068449728893,-0.24184850220084814,0.7706981813293948,-0.35938322068913203,-0.47042682034172134,-0.20190967047750172,-0.4579270808130857,-0.47965057745629763,-1.2285711469206877,-0.22570392655620578,-0.1768557901874036,-0.908710095528377,1
0.46611123523843584,0.7132766836712598,-0.0828048380207992,-0.23061067160035534,0.6204331720346679,-0.22643963482814886,-0.43285549537992224,-0.22100666709383676,-0.4177578884658894,-0.4456006507643806,-0.9642089015153776,-0.22570854636979257,-0.05164465108554507,-0.7294164830638085,1
0.08295712023518051,0.32083396711912265,-0.08055310120167108,-0.22768889927782862,0.4150566407063451,-0.24609408985125622,-0.4514140192666768,-0.1602656459369023,-0.43004497717824625,-0.4713648914081704,-1.1119132321988192,-0.22571539414636435,-0.2168304337704808,-0.8960797832469662,0
-0.16486857509736136,0.0716486393680854,-0.0798270264353187,-0.23439337883678626,0.3063405523197589,-0.2004721447962578,-0.42984154618416187,-0.1445409422716762,-0.4116557643657613,-0.4462789949270813,-1.089562293927137,-0.22571286757523487,-0.2521068857714084,-0.8602612371779192,0
0.44629930951804536,0.6922770431359134,-0.08288893166440678,-0.2591843698207523,0.06587348157160706,-0.09363589202759061,-0.4536197992281553,-0.008342478081962874,-0.4325523283644064,-0.4731874467482513,-1.010291205953634,-0.22572330712558455,-0.283862252301189,-1.0048987946050962,0
0.005497362613664419,0.23446953675342724,-0.08467994644876516,-0.2559818602403932,-0.1222806991212171,-0.13199764741286604,-0.48109920980130727,0.4489311403103914,-0.47438653262023406,-0.4833442600213042,-0.8457156135808461,-0.22572573748257757,-0.376651176658366,-0.9173558619880975,0
-0.07595037849726398,0.13982324057502435,-0.08499812273688277,-0.23579709227673676,-0.15586428286043985,-0.43313203232572,-0.4753440951239364,0.593662111017452,-0.4779615490720634,-0.4666099921689522,-1.0300940466820823,-0.2257208046081336,-0.48211188175857606,-0.9627737306541096,0
0.3503490044364637,0.5661210843293988,-0.0876805145163984,-0.2227645476273851,-0.2600595042052075,-0.3818521953657755,-0.424913620236105,0.8875950358671203,-0.4345720316334258,-0.40844046619489494,-0.945014060634284,-0.2257059455991948,-0.5780783782671401,-0.8914539090106547,0
-0.22528027547083557,-0.026376948993694808,-0.08603627096263738,-0.23242538222299805,-0.44563033230270693,-0.37449375420579767,-0.4197079719110258,0.007676096370355685,-0.43802278045005366,-0.3930468883510576,-0.954949502775679,-0.22569425768040222,-0.7157891951183383,-0.9177781239549649,0
-0.4092982270977966,-0.2239423148370463,-0.08609249416401477,-0.2117377517237426,-0.37222006271889335,-0.4095199046503652,-0.44427718170997094,0.2301559282780271,-0.4708368273877048,-0.4075625160861658,-0.991962939892147,-0.22570376478240162,-0.7922135393528575,-0.9347419623570108,0
-0.002003367921379363,0.17756250068092336,-0.08676969666499214,-0.20792380716020475,-0.42173432079595224,-0.3850179665694249,-0.4648045587564541,-0.21664163775589027,-0.4857584872594551,-0.43448402454398627,-1.018331368266577,-0.22572273999682727,-0.8823862959617143,-1.00058169495131,0
-0.24281978886910727,-0.09572362707945913,-0.08670429659309127,-0.19204558034110425,-0.46758882936296775,-0.462764176839774,-0.46093069283032273,0.034523684710779545,-0.4852473451974735,-0.42667443514103276,-1.105316554876575,-0.22574571525264941,-0.9928611555858251,-1.0393230997899416,0
-0.11745023745867357,-0.001702895613429169,-0.08341603442176744,-0.20028322019288217,-0.40515780830928466,-0.41076950074308516,-0.4212889632978427,0.8990753844697008,-0.44583480289945004,-0.3872312626870503,-1.027901526342685,-0.22574439191765455,-1.0544482367134893,-0.9846961013088098,0
-0.2795689349513386,-0.1793629591224085,-0.08169116863208885,-0.18742247968629022,-0.2785735311383686,-0.6015144779156019,-0.3481728482335918,0.5687167178543443,-0.3747178877231006,-0.3126147318570074,-1.1027200479176356,-0.2257466486919125,-1.126058654437262,-0.8979658848886805,0
-0.07960576919924542,0.0107401394040843,-0.08201635365263368,-0.14931623003414582,-0.2942889260932613,-0.7035843139604339,-0.4176849441563832,0.46754591316654737,-0.43935524729307684,-0.38707475646952205,-1.1450125501143242,-0.22576179917361505,-1.2022036927669926,-0.8516187801517028,0
-0.8837656072411987,-0.8049841894012847,-0.0766757686097046,-0.1847832766990458,-0.2191564214458978,-0.7286938737995365,-0.35288666704748267,0.721617582400132,-0.3757954317559182,-0.3215782160262061,-1.272043123835771,-0.2257464824808061,-1.2184641934042144,-1.0064677020284951,0
-2.108221659718915,-2.0354899707225322,-0.08401560061323522,-0.14454872967716798,0.197409184550229,-0.5862293400530743,-0.38421768763168984,-0.37372948266548417,-0.39746302873033224,-0.36397984015402124,-1.4539655659003567,-0.22571253451469192,-1.2758210116363955,-1.4086791370194367,1
-0.26048616258884955,-0.17368571298793378,-0.08151707945996597,-0.09360474742748745,0.2598402056039121,-0.5426421628842624,-0.30693753579162364,-0.08999028351500286,-0.33172560898968767,-0.27394857983106297,-1.3413292196365363,-0.22571071150709573,-1.248468798595349,-1.2983431306538344,0
-0.6406956732172703,-0.557608115159093,-0.07510065366840428,-0.06148782432102991,0.30763222861742134,-0.3516763286160962,-0.23184653741705252,-0.31753480156847197,-0.25052732661551597,-0.20697908894286973,-1.218178797496346,-0.22571869605522515,-1.2698244424827194,-1.320433748076292,0
-0.4580733341527282,-0.3536943982204378,-0.08113787001103327,-0.041125896288599,0.325715696784695,-0.6054090432910351,-0.25566247007974835,-0.2204883745354513,-0.2752032932625548,-0.22949437269611714,-1.3976133795634473,-0.22571560941425894,-1.2614650332211872,-1.3164312629748878,0
-0.40675049028867055,-0.28986692569427347,-0.08246292833977754,-0.036755610628003,0.2122634619733467,-0.85742253183733,-0.2600441757881116,-0.18920651641858943,-0.28461489110432553,-0.22786847369638874,-1.488848278154712,-0.22571331731645644,-1.2225088700602682,-1.2019640915209389,0
-0.017745549320445385,0.08219358148803808,-0.08641853633401013,-0.021018054703614085,-0.07922482253247028,-0.9157307595856826,-0.3109822884419461,-0.1945304467568175,-0.3386364972267798,-0.2745517260912718,-1.3702875348848904,-0.2257243837532598,-1.249939109768814,-0.9813502724017229,0
-0.2929024361699346,-0.18911184068661846,-0.09151547441691671,0.04377810549588416,-0.26135118050287,-0.9054951362172908,-0.34078716435085277,-0.2451026687738974,-0.35968714825671316,-0.3143687568756999,-1.361235760143314,-0.2257081585969079,-1.25976317089345,-0.9738193444013229,0
-0.2750631916597367,-0.1913118853297575,-0.0885018936574599,0.007631605690137262,-0.3997758237356914,-0.9972876469987959,-0.2930831643051387,1.1859766248941177,-0.3215638858889645,-0.25588614895573103,-1.4037739713568333,-0.22567832239449492,-1.3038620096492057,-0.9528324710143267,1
-0.054698170899180006,0.10151742493802429,-0.08121071421276543,0.05131705424901028,-0.4876098119767351,-0.6627020715348008,-0.2342038415435759,0.17972743705347127,-0.259912100355327,-0.20098754731561744,-1.1093761409071032,-0.22566572712699773,-1.319446061548061,-0.8591659606564219,0
-0.4518483535796356,-0.2852429656470818,-0.08245740709280777,0.11111591627481733,-0.5642492723047049,-0.7323282723105836,-0.20397948840119534,-0.57396505462654,-0.23151821972191564,-0.16895410658034224,-1.1828666714696443,-0.22567523889922628,-1.3241352626515652,-0.9038277752300095,0
-0.5314547744287825,-0.3732479681868576,-0.08506798888438914,0.11361607531289458,-0.6693056111812473,-0.5263488753486057,-0.2023311623228822,-0.3614992736793825,-0.22996017942390343,-0.16721841712920232,-1.012279891615603,-0.22566348533825184,-1.3300559920930939,-0.8772009887428491,0
-3.58158729526345,-3.3816359690077435,-0.08859098127708971,0.13140453494241686,-0.4938529140821034,-0.5711454352682884,-0.3050270981488499,0.3337623499599428,-0.29296389469098233,-0.3156946798765266,-1.1329496923418618,-0.22566467947045912,-1.3125623596714546,-1.0078556939368128,1
1.434695277973137,1.6671281698919407,-0.08139605833368281,0.17015652045144264,-0.40946339596815945,-0.20520904798524067,-0.3159493020957749,-0.01699578547777547,-0.31421796606961117,-0.31425392223796433,-0.8166968412769199,-0.2256830252367563,-1.373433822813005,-0.8998746862624311,0
0.5190755992471879,0.5754156151523485,-0.05596637567697565,0.12140846368458523,-0.6454095996744929,-0.4262736669102302,-0.12860251248350774,-0.05668029816414714,-0.1603517771805373,-0.08948517832894709,-1.026764864618123,-0.22565383096339864,-1.5079977601613253,-0.996299521983611,1
-0.7971357550755864,-0.858734661407623,-0.06127512328604024,0.12553783395493778,-0.5900827982579528,-0.6801071487086839,-0.20252767744158182,-0.4005002904377148,-0.22965681749930997,-0.1680044839537477,-1.2151376511921888,-0.2256561747770879,-1.4621956510355794,-0.9766357344847082,1
-0.5664984008623103,-0.5609543253501366,-0.07785149387858756,0.11643770515705783,-0.5177489255888581,-0.5800530918947184,-0.24035054432984354,-0.5037298942838497,-0.25957913367867735,-0.21473366155403226,-0.9564548851212997,-0.2256638424928017,-1.5038633065324385,-0.8612648045140239,0
-0.8704331990981796,-0.865297642773273,0.002912451989542729,-0.34954405415180834,0.17351317304347447,-0.6948051097013422,-0.6586861500276918,-0.3132175553972932,-0.783879177167894,-0.5026425838842827,-0.3828895839487643,-0.17099820744154529,-0.9151563625783078,0.24195584125169667,1
-0.03398182969426486,-0.061521426873324035,-0.001688380735504076,-0.3449386416415234,0.17351317304347447,-0.3338577577622116,-0.6849452161431544,-0.3058884625261841,-0.802472789596604,-0.5376666745929399,-0.07267306221371544,-0.1627662088909346,-0.9151563625783078,0.37874865658465956,1
-0.6815569745714868,-0.5940957243097761,-0.0185300646698784,-0.34620692483441823,0.4652167369322351,-0.3926163066010407,-0.6806298328350467,-0.31909299680846015,-0.7806595633955219,-0.554120833083428,-0.21599769884381614,-0.1598696012965238,-0.9151563625783078,-0.10426856578066221,0
-1.3021500817150276,-1.1747299713184474,-0.025428156745713915,-0.33743550767418534,0.7343159656119036,-0.1956856856933149,-0.7114551732977892,-0.33107916746148947,-0.80735029094779,-0.5894763628038776,-0.3252497552737616,-0.14648297553769948,-0.9151563625783078,-0.3022631046938319,0
-0.3307871444169768,-0.16584912337457663,-0.04207415085307847,-0.3191282958922722,0.6548778733056655,-0.09995885873058556,-0.7257392017971229,-0.3389284503648921,-0.7945732170598253,-0.635632861943584,-0.23991192903402553,-0.14185518208495368,-0.9151563625783078,-0.5268683296876095,0
-0.3038804750416002,-0.1291914538590387,-0.05120171848303314,-0.3182800924665145,0.7211839232523358,-0.4354404981323258,-0.7098277433609316,-0.34892122772783496,-0.7952259732580674,-0.600297103839059,-0.41124044331539933,-0.1456467297714526,-0.9151563625783078,-0.5780782127884037,0
-0.497410775322336,-0.31820219639393876,-0.05468397618503955,-0.310973293585477,0.7827538267742439,-0.6160279670173404,-0.6976087486535801,-0.35407955991373463,-0.7970453167996489,-0.5716008109877347,-0.4427448926156225,-0.14251064879619696,-1.012265810092839,-0.3999519152215739,0
0.10170774491054116,0.2749643699715797,-0.06719509798798254,-0.3250451605200227,0.7978233835803054,-0.6675844563279844,-0.6516070843590253,-0.3586397059668671,-0.7307293187479368,-0.5501977288449695,-0.3364987335631835,-0.13130025898890932,-1.1700984596588444,-0.5095697722949011,0
0.056931293147598934,0.21229189132071943,-0.07081766475731725,-0.3117447227893957,1.17563870064656,-0.820355825090413,-0.5979831484616509,-0.44867138111403193,-0.7270027930564926,-0.438128256575974,-0.5993863745486844,-0.12351230777744063,-1.1972418833631937,-0.054589517039412394,0
-0.1530315584013047,0.04741726297604199,-0.08083951807274392,-0.3094103151331537,1.1564788355645677,-0.9731271938528419,-0.4980557283116391,-0.44739777435547984,-0.6325394707353779,-0.3329156260997845,-0.8622740155341849,-0.12000584578498479,-1.1458902358878844,-0.14185548274891877,0
0.2460478923225798,0.44540588392342023,-0.07841805488542468,-0.32246202453657713,0.9857622848901861,-1.391416607360352,-0.3058571386472066,-0.45653963144590315,-0.48438560876264913,-0.09084410340640187,-0.5642189043203107,-0.09929737212216418,-1.1662668410152688,0.36062952350918964,0
0.3843558409932091,0.5540687148951469,-0.07736962170946135,-0.345366115840099,0.8606849633998759,-1.276112569975702,-0.34548660041601226,-0.4554407869849497,-0.5118379348034122,-0.14442216621277346,-0.6609183544739625,-0.2255480457115753,-1.0819250484293743,0.19117782212295384,0
0.3931851732248319,0.606976252244679,-0.07616775567331488,-0.33662299212846464,0.7706981813293948,-1.1525785587810373,-0.46506432693541994,-0.4525360345936165,-0.6013574213380928,-0.2981729465402652,-0.8742212285907651,-0.22556848459668236,-1.1039338468421234,-0.06500665136794968,0
0.6936831818205161,0.9493133559899593,-0.07663227714489354,-0.346580713131149,0.6615515341769214,-1.1727594548772928,-0.503006720419912,-0.3578312013026306,-0.6500272815488626,-0.32296366075181443,-0.7438462784930435,-0.22562861901912099,-1.1531452422016801,0.36499167125963966,0
0.5806390898284208,0.8318092050433961,-0.0796055352616261,-0.35506662073486933,0.8314069673195281,-1.0442364954048573,-0.4690715089404219,-0.33059713997038365,-0.5940644547069621,-0.31551260886135685,-0.8387128473318647,-0.22565638870299398,-1.2132761505070844,0.19750016341877386,0
-0.5510959071436772,-0.33180983598610697,-0.07656440513449171,-0.3562208245041521,0.712142189168699,-1.343004615754053,-0.4597535737996504,-0.41677851540167477,-0.5817094537974711,-0.30990118079504436,-1.08311100591045,-0.22565643079634035,-1.2337451133383046,-0.3286790411687892,0
0.8681439871900407,1.1087299783670486,-0.07820738998170705,-0.354676637638427,0.46069586989041683,-1.92711370596873,-0.4465870104386637,-0.18051891379152107,-0.5887235117943497,-0.2729957590270642,-1.0471240165137634,-0.22565898416672336,-1.3042913257701263,0.39156039705707085,0
0.07580109002912216,0.31633813520316095,-0.07962362930771362,-0.3524886329538362,0.34121581235664405,-2.3096309736879137,-0.3864679897416674,-0.37044165742531737,-0.5573470500038975,-0.17955667706438805,-1.3786412930019665,-0.2256821215605868,-1.322814534064311,0.4580360340098837,1
-0.8549253828131772,-0.6330141939939476,-0.07370445713925347,-0.3529218579841897,0.193318876274298,-2.3096309736879137,-0.34113444093474415,-0.2322620336638239,-0.523926897590771,-0.1206544270197476,-1.6499166679838477,-0.22569936351922065,-1.34641065821434,0.13922709882760131,1
-1.9819088228782484,-1.778232067900932,-0.08755290462756968,-0.3474454743000491,0.5984746749744069,-1.9281810703877673,-0.5296548842923015,-0.33985687927130986,-0.6546572831313913,-0.3753666145237854,-2.159535604597374,-0.2256865281441146,-1.4712973909942808,-0.8963933372620708,1
-2.406735808175852,-2.1754537029282215,-0.07106819617115546,-0.34506920918782397,1.2815561570548775,-1.7955229091449216,-0.4497894656799335,-0.43105230142987,-0.5579711544888691,-0.316364572855248,-2.091563886866797,-0.22567358315940061,-1.4970480584774462,-1.0192047143232084,1
-3.5354157461470384,-3.255970509706064,-0.07757722711437881,-0.3439966437163147,2.4126340350412603,-1.7767177407578487,-0.3554094697328347,-0.40289355603227983,-0.4425915340330953,-0.24796807395591808,-2.162569747289556,-0.22568602346424482,-1.4753126668986372,-1.7432936500423053,1
-3.1183652247788394,-2.730790406168726,-0.08618132216966774,-0.34259327500955544,3.867492104975021,-0.513186020698408,-0.24818758384850545,-0.36044677700456274,-0.3246503559830311,-0.1547094518147222,-2.1154494625500164,-0.22566525528798112,-1.47745839853084,-1.9871570320523064,1
-1.4835027330318191,-1.0052162453415505,-0.09758299099952128,-0.3466857878999686,4.311641458307726,-0.4368562116668747,-0.23833716581683187,-0.2853191632438978,-0.2807595510190788,-0.18528145041142563,-1.805118451688554,-0.22567405584036018,-1.5395416516013045,-1.9871570320523064,1
-0.6566726184879403,-0.17264399829238383,-0.0994229952526652,-0.34538773616841256,4.293099445054784,-0.32041075744600955,-0.1772010759185482,-0.29789373908375494,-0.21022331224335222,-0.13600037044330815,-1.7686563958661683,-0.2256741310211883,-1.5373187998877222,-1.9871570320523064,1
-0.9320343114966855,-0.45724108276587455,-0.09956320817348921,-0.3459601520314976,3.9213119507109546,-0.3313831275882388,-0.19761998000016814,-0.3664269019274908,-0.2208201647628122,-0.16780705816914712,-1.8073587869220908,-0.2256226411390843,-1.4499772202013708,-1.9871570320523064,1
-0.879012160265911,-0.469997150555139,-0.09713302500831524,-0.3437008575682067,3.605497095932495,-0.46598445986630915,-0.22598587605376694,-0.2644643068553998,-0.25328583695118256,-0.1909823397403244,-1.8499184211473103,-0.22562190466490126,-1.4824602338807442,-1.9871570320523064,1
-0.4729501952442783,-0.11538420773199427,-0.08797088253635398,-0.34108816543773063,3.153195112367708,-0.47942706658720985,-0.09901569173288194,-0.22085268711943568,-0.13722178679188535,-0.05260385629125678,-1.929296115671869,-0.22562821783163298,-1.4981642721895265,-1.9871570320523064,0
-0.31333708574855706,0.049089380177201734,-0.09030332966568623,-0.34170596078744647,2.6722609708714042,-0.6767487117390318,0.0478225526692828,-0.19746775180402026,-0.0130509334885125,0.11933312409325919,-1.9410769769739693,-0.22564153765450362,-1.4695402009887912,-1.9386988672410044,0
-0.25599737448226917,0.08017908748053326,-0.09205684893094794,-0.3391577914905743,2.212854767669475,-0.4348014067778655,0.07158423420000747,-0.1257158267499997,0.016915473326152796,0.13546639828738086,-1.877357543870165,-0.22562542072006964,-1.5292328172745346,-1.9871570320523064,0
-3.351788411332216,-3.0518190476555285,-0.09912050606407417,-0.3297663110291506,1.966144594815954,-1.2762762070112763,-0.10936230396962109,-0.21947334024269896,-0.24454646119772228,0.05199941775581275,-2.162569747289556,-0.22563157929126923,-1.4267265665148074,-1.8359731279558755,1
1.4647497919572057,2.170639535237887,-0.08748818628105298,-0.3228646065785114,1.698552321816892,-1.2814075018161606,0.20202741382320713,-0.0429769876428567,0.03948735712815446,0.3920886659143682,-1.8215433884165142,-0.22564198075912145,-1.3851601621999408,-1.147237376164629,0
0.6195258417769393,1.311089474631671,-0.047856952696558645,-0.3294090404206412,1.2184792978523633,-1.9079505320910337,0.5554231936351025,0.05004411229547277,0.3287194258925621,0.8172684470879126,-2.096913513111483,-0.22560589214387178,-1.201068029663009,-0.9154823534785023,0
-0.29411509659700197,0.09138762367928102,-0.07694216220190479,-0.3251649948890243,0.9164423235823033,-1.2185273103585124,0.2803790916214077,-0.18974733833698115,0.15485601483375694,0.4256814429973524,-1.9206888604866024,-0.22561448170095988,-1.3359183795159166,-1.3769375487526698,0
-0.3074273514314654,0.004080702338951836,-0.08034827946307592,-0.32074008768070417,0.7005171024897372,-1.2742064933149904,0.23302527802721326,-0.09568333144349267,0.09917233453532877,0.3887519877854855,-1.718665884072737,-0.22561481095052577,-1.315341619133864,-1.005787209643064,0
-1.8139125936708975,-1.2620234342631547,0.040259704776509114,-0.35924504490220033,0.3732924404152604,0.10605068383933546,-0.3218035422744711,-0.23590717843157827,-0.33287870907612604,-0.30487517705380085,-0.6517323538311138,-0.2040294980198647,0.26499252205011964,-0.49852278508590103,1
-3.814572918542006,-3.7109013721988067,0.07060369617799994,-0.3514518840022873,0.3732924404152604,0.11584637500999885,-0.3218035422744711,0.11803026213747499,-0.33287870907612604,-0.30487517705380085,-0.6517323538311138,-0.20003366749721482,0.26499252205011964,-0.49852278508590103,1
-1.69721967940842,-1.4082887320621067,0.018076212406294107,-0.3502637143730773,0.683725310620126,0.07369988577609717,-0.3729740493822316,0.06511624333445265,-0.36998792469696373,-0.3720884151771059,-1.0478990788199767,-0.19855968545592503,0.26499252205011964,-1.291026300839926,1
-1.0258805554889174,-0.7031246113008816,0.01246908396384401,-0.3439936088387818,1.1478676602468185,-1.8592483668357342,-0.40601267814315767,0.34286057417616117,-0.5122985344250489,-0.2753514983593884,-1.5475869496749861,-0.1940733574383287,0.26499252205011964,-0.5888229030414157,1
-0.07522297418173718,0.27360708704486725,-0.004454426756554416,-0.3439028057784188,0.8785531521842059,-1.6526503242750945,-0.355181030750038,-0.09424839702410652,-0.4412234949802812,-0.24909169065551226,-1.082310633452656,-0.18948912804653725,0.26499252205011964,-0.18393368384371991,0
-0.46852489518556845,-0.12724047413381137,0.03995790325445799,-0.32953040460186267,0.7323784511654099,-0.6966841999353575,0.0291573738132248,0.9553843644447586,0.00240702377196684,0.06048558309455221,-0.6397596963186419,-0.18237709487709688,0.26499252205011964,-0.10982912949022133,0
-0.8431178712414582,-0.5006742837055799,0.017197647351327484,-0.3357289555722343,0.7009476612556248,-0.7443651175736675,0.11432184123183482,0.5050655398302025,0.08819285179180059,0.143904756493575,-0.4693667465685891,-0.17303164364809492,0.24283491741671479,0.18498328837819628,0
-0.06693279324131708,0.3003929639677922,-0.007103904870659174,-0.3393505660212684,0.4789946174406341,-0.8377781168183164,0.3193371979954595,0.7462176509944515,0.2839483965835384,0.35745390343760186,-0.3771931091291165,-0.16119874140562676,0.5378006804341428,0.4180534967418325,0
0.16787506928611298,0.5491882444839692,-0.026639831924592655,-0.33685269175250176,0.4647861781663478,-1.36152564696166,0.5413200318702026,0.4590009230240449,0.44650108274879957,0.6471737609697522,-0.39858364160668464,-0.1516289672774829,0.5824635967875003,0.8339917780315041,0
-0.03774359212439948,0.353461868320846,-0.04619816328929245,-0.3323663088204549,0.03508852981065303,-1.484228126469333,0.6564322587900402,0.4863243358722195,0.5331648285981293,0.794605936300515,-0.7219969714428296,-0.14374643082722113,0.47009961680247286,0.5657658849815412,0
0.31931780782416785,0.711734344728519,-0.04711175664567047,-0.3317244833536578,-0.04370372434675403,-1.5632200851829101,1.0675335933602978,0.33946435954486337,0.8945389298566628,1.2597136452303,-0.6590109641322943,-0.12813904908933366,0.43180495257821033,0.7247753041198819,0
0.22559508354797433,0.6072211506967111,-0.05034383924996075,-0.3329923864970985,-0.23573293393256536,-1.1068787227029602,0.9557884973601035,0.5764345733507493,0.8304724881293997,1.092839127817116,-0.597137218418008,-0.12664502640742978,0.44456817364660334,0.4033219053561943,0
0.40584743931718736,0.8073942000236211,-0.06846832599861251,-0.3340128070975952,-0.2492955350580208,-1.1630224386289993,0.7337537495640657,0.28128298635034776,0.6135831587483752,0.8673440066551085,-0.7532573905503576,-0.13655819759120544,0.33881969209353463,0.2966238630994073,0
0.19233978147856454,0.5895953831206304,-0.07131277676945248,-0.3274007951416179,-0.210114687362261,-1.4683101432853516,0.7077049605620432,0.2119881363485486,0.5580118392541488,0.87656027083624,-1.101385570983098,-0.1481961519677766,0.34746672859285893,0.11525845288625514,0
0.46873241330965015,0.8533591266168643,-0.06150863605980849,-0.3187002432500052,-0.20107295327862415,-1.605791348821096,0.8277097458000678,0.1412141243885884,0.6618393589307814,1.014297228172326,-0.9924079328219313,-0.15566857587052216,0.4128770420101104,0.6033169380873765,0
0.2898823168171189,0.6641399689776837,-0.07648701795554216,-0.31146558116415324,0.09106116937602404,-1.741264747062223,0.9048435852635655,2.8695044986511986,0.7571861118263364,1.0689516281995224,-1.0007837097507515,-0.15676490490599615,0.42339397720139044,0.36953337323327395,0
0.19103222295278852,0.5508049467329211,-0.07475140484655124,-0.3032718739419215,0.1567213811738631,-1.3037941089139091,1.2778789064704805,1.7547546085278736,1.1210136334351197,1.4484673860998385,-0.8271326342813252,-0.1530193065758951,0.5409223141916508,0.40058343018179476,0
-0.780756338652757,-0.4416502611115972,-0.055793682897496734,-0.29651762600330195,0.13777679547481442,-1.3039491103419412,1.3898226211728357,5.937830747756399,1.2504792162092873,1.538337247621315,-0.9846167788216711,-0.16229507044110109,0.42828260105926674,0.14828100636458758,0
-0.6023809767489082,-0.2539076238216785,-0.06481146485610338,-0.2695761707846648,0.22625662186468953,-1.3009146536138692,1.4399395965891177,5.937830747756399,1.2950278082213318,1.594453383702451,-0.8520148035833918,-0.16628500342979302,0.29069899212980466,0.19094173711036333,0
-2.689085355711139,-2.3901140171625173,-0.07342720515762216,-0.2413023964140998,0.7026698963191745,-0.283729594112657,1.2088900270681389,-0.7679440883614165,1.1386316169662902,1.2777491482594512,-0.619619399688663,-0.15580864952231457,0.09686043682570226,-0.5333306085279099,1
-0.5822754911515692,-0.2191915149508386,-0.07039726767850872,-0.2390890503531125,0.9485189516409199,-0.11025750318749017,1.4291446094364992,-2.6288334710331047,1.3611056243717234,1.4927648365224175,-0.4893489859473067,-0.15386696877798045,0.26657912470983586,-0.4996744383668549,0
-0.3532608898977811,0.03092341565542639,-0.07475331100556797,-0.22854546345563895,0.9177339998799657,-0.006486683497793558,1.5858223323818055,0.5641436882770852,1.5203599429145838,1.6445344187986721,-0.4249363421988266,-0.15625457471482576,0.32310698900072954,-0.526841177297752,0
-1.2318569801733048,-0.8037954897379269,-0.06664853190044778,-0.23996014241497732,0.9121367359234287,0.102857521695783,1.57565324563058,0.6805741060498872,1.5169573113041623,1.6264740337118475,-0.42318912928635705,-0.14791975921568265,0.3290835040128956,-0.6574016505266873,0
-0.32210692090103094,0.11852880569491778,-0.08509107062027658,-0.2349200660782202,0.7343159656119036,0.42440523336395963,1.5457834239541637,-0.831839447636173,1.4945883944826133,1.5880768252689643,0.0001685427052895683,-0.1484081397212114,0.3663407430313432,-0.3764322037618905,0
0.29907531124113806,0.7322560772534868,-0.0943184269983947,-0.24723127228003336,0.2064509186338658,0.047097977642702224,1.6140109346470184,0.7928903839002328,1.5472485655682482,1.6739281090861204,0.024075194334126106,-0.14532132077201548,0.4912513833343485,0.06837818138039115,0
0.11706955052430455,0.533532895025009,-0.09353760075194727,-0.2716323956020159,0.010116121389179677,0.2776723058726714,1.5952487951830472,-1.0531045148380367,1.5603934680408023,1.6176087314109213,0.1055079769888204,-0.1291256296965992,0.6280358399307685,-0.033614071736199916,0
-0.21243154016368868,0.2046528380553342,-0.09138971862210638,-0.2916568106624585,-0.35542827084928197,0.6617343974970713,1.5369247898728076,5.937830747756399,1.5177263568378754,1.5414375159856029,0.17503422815702183,-0.12836634386038712,0.5146411020135296,-0.3524033218231418,0
0.24236666962111245,0.6557543976581308,-0.08219668126148041,-0.28568126011090056,-0.5618811990923237,0.21057031867292456,1.5555690922126426,-1.636448681484752,1.505948750851731,1.5958819754645137,0.007803112071643742,-0.13082355340564888,0.43542430500657203,-0.13559553728153906,0
0.6422320804337596,1.0254576456230773,-0.07983424749366018,-0.2764538855741817,-0.6671528173518101,-0.021274838119162545,1.5145869133614926,-3.010515532882994,1.4302048873980566,1.5965453153170326,0.27999934888218075,-0.1322866732406623,0.3132327699809533,0.5314844034455453,0
0.4995083193494246,0.8569217222960219,-0.07753612909020818,-0.27517995062892825,-0.7222643393854061,-0.18063968955178128,1.4658141521955965,5.937830747756399,1.3550508564823205,1.5795875639091963,0.3808850677991672,-0.12519981289491336,0.1254358320348661,0.8123018531420193,0
-2.0411213108030015,-1.702909641886508,-0.07759185982282703,-0.249070397140672,-0.5420754958615001,-0.25253943050827293,1.3709407538482083,5.937830747756399,1.2590475211920054,1.4871767343821705,0.20370152156227403,-0.1191913752621411,0.11633601431972107,0.5967243602195442,1
1.0784759593223878,1.531882289946393,-0.06919532168628173,-0.24321682437374847,-0.5909439157897279,-0.7992207501912539,1.4528441350488035,2.0429209241804975,1.3017172747952963,1.6145639260999434,0.21774490301359678,-0.12087428076522552,-0.013948286035651628,1.2033323386416075,0
0.24997478464420858,0.6434684772870621,-0.024501642696058076,-0.2494289987754383,-0.6852362855190837,-1.569964726635294,1.906472380419235,-0.6038399385103682,1.635740440827278,2.204433539334806,0.06798954697478153,-0.09680298471922344,0.031997368574436386,1.8017385109579716,0
-1.090907600311367,-0.7639650156442558,-0.012657489811320219,-0.23708540942769288,-0.5747979620689477,-0.07921292982781343,1.4387537717407874,-3.010515532882994,1.360497215066924,1.5143582419477768,0.15571479634215674,-0.10356377670853141,0.08855836427557082,0.3464221287404878,0
-0.7193004954516453,-0.33465238658031,-0.07581788851503826,-0.23515502663131813,-0.4878250913596789,0.18740560144405494,1.2299555292800994,-3.010515532882994,1.1720948461102436,1.2838853580464242,0.03428655159798606,-0.09919607807747907,-0.14006402674726068,-0.10300924778981424,0
1.0836608332641522,0.8858275320582941,-0.056450393265379435,-0.3387481433653349,-0.8931961694427316,-0.5520239987736096,-0.4151805126495381,-0.3147725500441031,-0.37817082460566126,-0.45408027438825804,-0.28922254783776835,0.4127361513330836,0.5731537032604131,1.5128099224477694,0
0.9945790770561378,0.8094394078739213,-0.04892141106758716,-0.33408166443445186,-0.8931961694427316,-0.6928990217219295,-0.3809518542458313,-0.28180187500836945,-0.3444638146920155,-0.4196397147712248,-0.3358140588921006,0.44999429865166635,0.7586365054826104,1.3663492330264733,0
0.8827438133378599,0.7080544786544835,-0.05784189729757829,-0.3309983848130517,-0.8680084816383146,-0.4437711172447245,-0.3354730149614704,-0.26576622667299493,-0.28139580579561174,-0.39552651918146564,-0.1855744187474885,0.4775827430101023,0.8981749306991914,1.070445588915495,0
0.8824474406803446,0.7168687318666809,-0.04773153283700687,-0.3282771534659634,-0.8576750712570154,-0.302750463916796,-0.45680375915352966,-0.282140003495126,-0.3959333212333743,-0.5234625135293803,0.5118425015583719,0.4974008946791719,0.9938470732825218,0.7393262831088482,0
1.1640247833376827,1.0036262293331044,-0.05309595631175599,-0.32595357953544707,-0.5166725286741395,-0.3440374260627204,-0.43301376484029214,-0.2925437427345889,-0.403780077267016,-0.4624949227316588,0.6187671037524672,0.5229260021606045,1.1757845857172955,0.9647162513223666,0
1.3475142514692784,1.1943390039231678,-0.048915598399652906,-0.3216019325727301,-0.4639290798529244,-0.6136502704731058,-0.39643397817215853,-0.1615094217340643,-0.410204315477868,-0.37542969076425514,0.4066146794723758,0.5533740169070486,1.3127305824295734,1.1148213561705034,0
1.2390938673715273,1.0906860119315056,-0.05572527749080168,-0.3092894716825308,-0.4101092341169907,-0.6453835861549525,-0.42620138975864447,-0.08296799735012582,-0.4259249701209532,-0.4214763435451383,0.3661750440100416,0.5858439500513148,1.571478252957706,1.319687950794106,0
0.3977024382512534,0.2523549260053817,-0.06394726051639628,-0.314526926730074,-0.44821368489803165,-0.459686955296594,-0.3606664598205368,-0.15908567046056127,-0.360326478669378,-0.3567935480745965,0.5158565479243618,0.7823804100060521,1.776653104900839,1.0934820080363499,0
-3.814572918542006,-3.7109013721988067,0.1818228315412619,-0.2977420389041809,-0.2813721631166373,0.6432565252168392,0.34566779276270326,-0.4901623625364161,0.44918471811172417,0.2190005255103609,-0.29303532319692105,3.244526035232312,1.463168367812203,0.590611398354093,1
-0.6569691483417367,-0.7718762917693683,0.0031210844534607374,-0.2874850480716948,-0.08783599785021969,0.6160362517909991,-0.23852721583788825,-0.6379489953326103,-0.1135327952708977,-0.38369973678427977,-1.4216722567575604,2.4964556219481104,1.6374524415743714,-0.3337822824111763,0
0.45711447651540765,0.36704745393695437,-0.07588887061165142,-0.2819774496695914,-0.1483295044574091,0.7358507359726902,-0.08927311230317692,-0.8328758692184149,0.06260022615170938,-0.2680410264759751,0.17997844397876397,2.6928331055283556,1.0557321336979184,-0.31509825664091984,0
0.11265802278772245,0.03337239967869882,-0.03912800772143607,-0.2854043332896264,-0.14725310754269044,0.6447001835354094,-0.11815870272282014,-0.7095126973528536,-0.00011207658095125308,-0.25653155283076223,0.29171920630286785,3.3302086548164027,2.46765288911314,-0.2638061298952653,0
0.3436289650326427,0.27474615440276623,-0.03724559083069837,-0.2746242568968714,-0.034877269646060825,0.5938252771617729,-0.3064405200379093,-0.4455039049688081,-0.20465948050322802,-0.4233220828394484,-0.2202160760586861,3.001081782968162,2.6744657334844057,-0.46214637160014266,0
0.41942056763184543,0.36005578589856796,-0.061447619216714044,-0.26304137170189007,-0.023467462350042892,0.5020915072200889,-0.40244592932033973,-0.49043130103193217,-0.2759088354771055,-0.5475019079115135,-0.50582528365343,2.746676262030844,2.031291242234748,0.27069960334859977,0
0.4870125425913477,0.4431056660326028,-0.06471005370188021,-0.26289179204024365,0.11560301903160979,0.023736503393499035,-0.2944580843454927,-0.3546536717090442,-0.21984215359641796,-0.3793167434507165,-0.49600374244496015,2.8720378482104745,1.9986716315372985,0.0012599587459291809,0
0.6655537407668709,0.6191479791963712,-0.044054788996928926,-0.26722564425976164,0.2538123828814876,-0.062277662941561215,-0.22017970659056263,-0.056713065197643686,-0.1601796398293392,-0.2886129199212723,-0.0585124814398845,3.1374759742992957,1.8838461724970677,0.18035446651185405,1
0.613850378203588,0.5552388006359038,-0.03155815559187072,-0.24564809199114498,0.16899230600165607,0.4223229685002198,-0.34901028387776256,-0.2712446906310538,-0.2579491596211843,-0.452694254242874,0.11758298872675328,2.948445859175972,1.9065326735365946,0.2360561443547391,1
0.8416000374039627,0.7856287354050754,-0.06309825503254882,-0.20631620267929193,0.27856951192001717,0.32958682062727,-0.38113312684712575,-0.23635047548062355,-0.3095008841386779,-0.46143146248307343,0.044383719247543474,2.9420977790390586,1.8212120836428964,0.1522026895274821,1
0.7522026357377651,0.702456492493041,-0.04512085630426011,-0.22084101682555118,0.09515147765195503,-0.07445227969490774,-0.3155448690178217,-0.2057997038495608,-0.2974893585035331,-0.3331829827482455,0.4450430933289676,3.1354730654844896,1.9547951020961556,0.6581818300959913,0
0.37854293194190536,0.33506674816995147,-0.07260506114068271,-0.18112622821321697,-0.1420864023520408,0.25265036232697496,-0.5448709965124241,-0.33198867257258574,-0.47961854384508573,-0.6156743115302872,0.518969929427964,3.374947023952365,1.7003482826170275,1.2118569833489663,0
0.8089061059051884,0.770136330972707,-0.0690859494287682,-0.09858196917174036,-0.24800385876035835,0.03596510860121142,-0.5239730024638809,-0.17859628829252272,-0.47510780154523713,-0.5756206635296242,0.968315829724824,2.92457268792405,0.9473945678740553,1.542936944643022,0
0.7943167810111492,0.7507934123808727,-0.06804196151835008,-0.06038320034345336,-0.34724765429742016,-0.04687069632141049,-0.4628381413575631,-0.14059153966369015,-0.4097146515882382,-0.5202525593679289,1.0286175185273194,2.8136690131026456,0.8989446034710057,1.561144719162945,0
0.7566134473937367,0.7102096904223271,-0.07310812663285741,-0.053083841488415356,-0.49471403161387845,-0.5259817904941856,-0.4733317519202306,-0.13966181891262638,-0.4655857804384708,-0.47689235627709625,0.8774865252490932,3.0272264578723487,0.8448912634985963,1.9258286002266656,0
0.6290446276974951,0.5948546318110975,-0.06307033107063156,-0.08987044182409783,-0.5231309101624514,-0.6150596938724575,-0.48994828238493454,-0.1066133466106558,-0.4872124645738004,-0.4873796174968006,0.7717791858874427,3.3996586154334687,0.7712386385323816,1.7091357580032187,0
0.4804813356069371,0.4638236090618534,-0.06315299543333566,-0.05564869154620867,-0.5849160930673032,-0.5979407541466567,-0.49974038339436366,-0.06986566971495832,-0.4955172291976568,-0.498816725638965,0.7163482523036978,3.8862385407554405,0.7793470671356948,1.8434923607998466,0
0.4453109467271277,0.44350915070296404,-0.0633026847332222,-0.07192530225158848,-0.48481117999846657,-0.42083690146421443,-0.6076884104875532,-0.1413258877921571,-0.5763044473389431,-0.6376449551561097,0.6495711055275062,4.414487175343813,0.7637557085016364,1.7495719005597878,0
0.48760486834144673,0.4998185344162499,-0.07665508121983666,-0.04328571125074865,-0.5306656885654821,-0.3845306167687729,-0.6870571855898692,-0.3889738010652835,-0.6430795095265079,-0.7309844971920072,0.6250185762514854,4.386384830693881,0.68303089575517,1.7139200017209615,0
0.49751188525057344,0.524727844922488,-0.07532331252334878,-0.005306081301721431,-0.6421804089303368,-0.3467775770905388,-0.6530666208484593,-0.1793746936909999,-0.6079923528963465,-0.6986952923081355,0.7419859806486019,4.41151389716747,0.6197239579920388,1.6880363527755424,0
0.5257099150778001,0.5682445026657374,-0.07819609221472175,-0.031514230301291836,-0.5121516616323211,-0.5728673292540006,-0.5877127590296736,-0.20744671411435053,-0.5813800830010953,-0.588244032783075,0.8401724378600396,4.7082175810516,0.5679503981083804,1.8382930605799597,0
0.4838863013750406,0.5357872244560309,-0.07898558388775713,-0.008128320928545279,-0.6837293298384777,-0.5336147322193187,-0.6834293138900197,-0.15011611530912203,-0.6591178259252899,-0.7041138086698201,0.7449664954562046,4.677279818125205,0.5401031464109085,1.7001876313480138,0
-1.427755896464984,-1.3719789300790493,-0.08421276517559326,0.010330957451011627,-0.540568540180894,-0.14900174168263555,-0.765246191988421,-0.20795367728898134,-0.6997518437954932,-0.8337235188436757,0.539561968946346,4.8278773416389145,0.5685135204982971,1.449163656273076,1
0.12869068732863895,0.24241226779585281,-0.08590577734694849,0.034996234888322895,-0.6327081160808125,-0.028845960956211208,-0.6381418273586,-0.21106300305030615,-0.568038867339334,-0.713582738186884,0.99400479834496,4.732895425829518,0.4598460371235972,1.2928706662112495,0
0.5615709326602146,0.6686937655154239,-0.07343777988022109,0.013914593452630455,-0.7112850908552756,0.08987208404094932,-0.5457048965546468,-0.1994640569252919,-0.46853468177727103,-0.6306095966170314,1.49179484241604,4.920638030740264,0.301604877661099,0.9952267307229945,0
0.491909661825145,0.5705083023946066,-0.07597938488968731,0.03897691323200756,-0.7444381158286109,-0.10364526899353987,-0.6182565075882583,-0.24070679921177096,-0.5571645800101565,-0.6832635996709463,1.352767419838169,5.054772811254209,0.359380367990411,1.0995815654197643,0
0.4868697385202202,0.5736638483106126,-0.0829813122319293,0.0646225339699426,-0.745945071509217,-0.1819839109770441,-0.5965288883177443,-0.21780750661360454,-0.5433185977115252,-0.6524612658148747,1.2036444819965455,5.269150870883151,0.41460427096333474,1.2836947249786308,0
0.6226203763040623,0.3108374209302548,-0.0510289221286079,-0.34703038450316614,0.18836745046659217,-0.4472216752099555,-1.0579333954850008,-0.44556021576947935,-1.0157584317073947,-1.1081212929666653,-0.4410114869301703,-0.2198687493053916,-0.0016421667125018084,0.5743085564015101,0
-0.5852757201492342,-0.8812650127435048,-0.027974186228616214,-0.3416031324035499,0.18836745046659217,-0.34581134455911305,-1.0461545825474596,-0.45192356484850454,-0.9846545775483567,-1.1065724051968138,-0.3741303111369145,-0.21805307130910717,-0.16234365718501634,0.19067954055557493,1
0.6088436051882594,0.3207067237402347,-0.03777408819648229,-0.33632878535642846,0.19008968553014205,-0.3403178642488709,-1.0207538155925502,-0.44252291172691643,-0.9734129284035299,-1.0647075919981315,-0.19213765494693827,-0.2169524736373991,-0.14062117774864538,0.5924804520083742,0
0.41143572010192836,0.1321988671106629,-0.06347318353150826,-0.32224087783550426,0.1928883175084106,-0.19155074461239824,-0.9993411142977163,-0.4286900856163859,-0.9414537003305842,-1.0560363785466704,-0.0897750266805707,-0.2153668254585235,-0.12057792452410356,-0.2328556867977382,0
0.9262979896040839,0.6621194144672082,-0.045020763413060765,-0.2960548239260699,0.1780340400852929,-0.16474031550057358,-0.9918440269697981,-0.41496455768143853,-0.9397170122067826,-1.041807542317593,0.13886428119424488,-0.21506168410566026,0.027406399151984038,0.39504149940957484,0
1.1733392752616194,0.9179706368492949,-0.04512923374550367,-0.2997752096866723,0.17308261427758706,-0.33828079889816315,-0.9428251963972557,-0.3742518362008295,-0.908899319835798,-0.9718186731517716,0.2632724759411183,-0.21469662588722813,0.2195694983371251,0.8916224855169544,0
1.166601904736697,0.9156486537577099,-0.05100106340972558,-0.29422126500363355,0.16597839464044373,-0.3335423143744228,-0.9593087843530297,-0.3711747094659144,-0.9236910018699277,-0.9901101663062586,0.2731312708721449,-0.21365479098972281,0.1725610098966377,-0.22537026174896532,0
0.2223018062896138,-0.019185037009234494,-0.05953256355339495,-0.28463151313264173,0.1739437318093619,-0.19851219737649098,-0.9471845992560687,-0.337968421528814,-0.9138401262486258,-0.9754379850756649,0.3346384935297489,-0.21334976689439078,-0.015424643806436916,0.28716415712979104,0
0.7982647277000285,0.5652722818852589,-0.030983233584011494,-0.2784289369011684,0.17867987823412412,-0.35412127520312775,-0.9282033732143329,-0.37010670380781685,-0.9032733991797228,-0.9467185505054966,0.13133628363362462,-0.2116355845333254,-0.15483376056300083,0.16182727249575254,1
1.5163555273459306,1.2932609051310655,-0.07127134786246248,-0.2637296260000254,0.17588124625585558,-0.19692012099697165,-0.9085887018966107,-0.3909886830050027,-0.889294273047528,-0.9206636102734282,0.10049426679697569,-0.21101311570870457,-0.24880882567449475,1.2071213237977465,0
0.16595474191681148,-0.051124872035489294,-0.07437911415129338,-0.24986685606875503,0.17717292255351805,-0.2438049917485447,-0.8719415045190854,-0.350964390882044,-0.8394779041434727,-0.900043848073451,0.15943003562444116,-0.2103594159471555,-0.11860505074691453,0.2844706513246344,0
0.4311840818757152,0.21671640721618854,-0.07546216505729532,-0.22794494493364503,0.18190906897828008,-0.02975247089572267,-0.8878927333387049,-0.31113148526166434,-0.8536266528940307,-0.9179402185941468,0.17667177115930963,-0.2095814234913551,-0.22674711020219354,1.0236316878802427,0
0.15596701636805715,-0.042026777823231526,-0.07302512336759685,-0.16606973045232537,0.19697862578434158,0.15194498700075287,-0.8261134587587461,-0.31726175718935595,-0.79862503775794,-0.8488681845895225,0.40331182419474093,-0.20908793506292833,-0.1828484565415053,1.083632112123529,0
1.2504788887696605,1.076163159532404,-0.07533714618103167,-0.07793709420995318,0.1866452154030423,0.1641574205214853,-0.8070673854401087,-0.3727604678225728,-0.7765880179406023,-0.8335893314410204,0.6921184939809416,-0.20979045265821464,-0.17784516961217117,1.1864366953851335,0
1.2673577062548473,1.1020653899414377,-0.07551883177206523,-0.001422425492052576,0.17911043700001153,-0.06010327116366792,-0.6856078300799796,-0.3509116994880778,-0.6827305090991025,-0.6808872951125085,1.0423855690970936,-0.21022949864595858,-0.1360084219121413,1.9301787678563145,0
1.2674910013994982,1.123263387068127,-0.07326422755443796,0.015567209161910801,0.16899230600165607,-0.28940606911650696,-0.6065631675477966,-0.3344266554375784,-0.6264355067871807,-0.5758428364595343,1.1752488616085535,-0.2106511030091553,-0.1105826720489067,2.3375835158458025,0
1.3045382320872476,1.1801063585724374,-0.06596908873069386,0.12590659366782417,0.16942286476754348,-0.24492259956839366,-0.5411390278878443,-0.1642333752621427,-0.5728301928980924,-0.4972001332231423,1.4130181311513226,-0.21023277665822218,0.12150982096939276,2.6119345692990694,0
1.1966312720530279,1.0887615520459413,-0.06325675071685373,0.39617541676626944,0.17136037921403718,-0.19022200036712208,-0.5418105568804672,-0.17200031552230904,-0.5879263145491496,-0.4807842092829359,1.4926847605879667,-0.21160468110881175,0.044923557451358564,3.127755823168772,0
-0.03757092066253384,-0.13185701451556373,-0.05395588870296422,0.3436311224400426,0.18578409787126726,-0.5130502124132095,-0.40680904850259003,0.03965255092318056,-0.4816097652275213,-0.3134185244308396,1.3999884295200349,-0.21085724232661304,0.08575690343548133,2.511281318097991,0
1.2508856084171842,1.1607778408753056,-0.04203519810421519,0.4184073159398957,0.18729105355187353,-0.40678132322410676,-0.5315017164492004,-0.0929009732551531,-0.6007958984383587,-0.4431530742801159,1.3220610287089731,-0.209159000924745,0.0935890733671688,2.6570619133611917,0
1.422411005453956,1.3306034247533898,-0.036825487153574775,0.4617401662824193,0.18621465663715486,-0.6257416280861354,-0.47909056021728735,-0.23196954183136076,-0.5363025119600094,-0.40566922791499027,1.4063279591548143,-0.21008763016101942,0.07376713980751784,2.749458946020315,0
0.5437947130799594,0.4586125465085325,-0.051308642439141974,0.45696531041174715,0.18147851021239264,-0.6553059915819303,-0.36716841361744684,-0.1817585972566182,-0.4673256927908668,-0.24422427191050855,1.2626171796510106,-0.2097602374718705,-0.08157270390900313,2.7153534051947052,0
0.6018259208809779,0.5291753888851207,-0.0486393851354044,0.4615902545130935,0.18922856799836701,-0.9202746822616416,-0.3641836398962518,-0.2760339266919606,-0.4675185093387844,-0.23751244321850995,1.2784682323368874,-0.20741505219064452,-0.13780893566096059,2.4981767035154236,1
0.8526854945295933,0.7933626483887017,-0.04610341098187195,0.4551905951159608,0.19633278763551035,-0.5235254266803047,-0.39844544855180397,-0.2482160146593881,-0.4386175661903004,-0.3461561906222839,1.1613735628027748,-0.20562651830199008,-0.2361656625373396,1.7426540304913691,0
1.129016999299493,1.0921670985153105,-0.06187895120159707,0.5292217580184432,0.19159664121074813,-0.30386947962352573,-0.48494301868404144,-0.2236757548558874,-0.5180214602836427,-0.4400276813877443,1.0587227886702029,-0.20478376507404603,-0.2688615520736216,1.7853916291813343,0
1.2871403695337091,1.2714272522649868,-0.07015530664478765,0.606680287639707,0.18578409787126726,-0.2581341237802414,-0.6079472096820572,-0.16943919209102842,-0.6197314373389898,-0.5867872301606919,0.9348388335137855,-0.2037016120688922,-0.178461239643553,1.4095580356654474,0
1.3573083161896342,1.3424724967350306,-0.06996121774947375,0.6296541103034546,0.18190906897828008,-0.1673783545114049,-0.6402906276605944,-0.19060970095602187,-0.640847176357006,-0.632041412711037,0.8457897351766411,-0.2026468597776515,-0.2520006784678351,1.0698975378223403,0
0.9631178669899846,0.9538625283660119,-0.0775851325226327,0.7693291461936939,0.18513825972243622,-0.3206829368983952,-0.6286916856339021,-0.24944186179178335,-0.6526621793635743,-0.5928566002603298,0.8433831063016253,-0.20336556555340496,-0.2771171915653472,1.2113294056658812,0
0.8709646418107225,0.8798504350311893,-0.07471140186895926,0.7324442588169674,0.19073552367897328,-0.4867481624337961,-0.578176124103112,-0.2424786938272127,-0.6160354592405692,-0.5264947339128989,0.8071199726699414,-0.20223299696940752,-0.3009621145462452,1.4491297890540964,0
0.17416971618316854,0.19344842228001125,-0.07569646427217065,0.9088303821909667,-0.05511353164277196,-0.25511766220477555,-0.6434026443081098,-0.21147742113199014,-0.6567727802462742,-0.6199445629560646,0.5980204924502911,-0.20152914906984257,-0.5496398583367932,1.0565327612265842,0
-2.429396489713103,-2.4162140290449234,-0.062077638057001824,1.2565333816059607,0.23529835594832635,0.1271707914431785,-0.6811389521089327,-0.12647081646654534,-0.6561856239281052,-0.7026105709331412,0.47286148956380725,-0.2002540249371734,-0.4337053028905152,0.8514453198997757,1
1.744042180453681,1.8422732726284778,-0.06909912112590799,1.388906261064491,-0.08309985142545746,-0.25606439402717307,-0.5464356422690886,-0.2624580174447209,-0.5685997569412313,-0.513714498922966,0.618086268400122,-0.2003169468538573,-0.38895842500662636,1.4093993978149464,0
1.182748852135007,1.2842782086341606,-0.06172187720607581,1.1936372503301496,-0.4185051300517963,-0.47590112232042514,-0.46467888028096194,-0.25147032745619446,-0.5088788931120326,-0.40683522361328595,0.6115411506675204,-0.19869273558388595,-0.6037777169575463,1.672078180325068,0
1.6094443091393102,1.6881225889070246,-0.06666265921307402,1.3595774081674437,-0.558436728965224,-0.2263019564265026,-0.5539967319229753,-0.35004678884252016,-0.5670026039138752,-0.5320298079323871,0.7494088023088186,-0.19730824673282055,-0.6258934998267726,1.6271844718688138,0
0.8820042302551813,0.9509018144331081,-0.06993853876170476,1.4014085157327751,-0.5582214495822801,-0.21630739543424976,-0.5600342084728911,-0.36068819232027,-0.5762507099198557,-0.534194156396241,0.6673306136882222,-0.19693741079052668,-0.6974177025639873,1.5488801488627766,0
1.4140311277211295,1.7278635117630057,-0.07763616672669318,-0.3477867995752972,1.9385888337991566,-0.6456789233794609,0.5010775003497463,-0.28309242916123034,0.5052206054518779,0.49023189161152064,0.2730376821485431,-0.22572547244387797,0.7116591708933261,-0.4406478234167664,1
-0.34977180587625567,-0.20580569536922866,-0.07813744227775052,-0.3463994861234237,1.9385888337991566,-0.6456789233794609,0.525870483259575,-0.08149577092003989,0.5334505234897022,0.5106614539645017,0.2730376821485431,-0.22571968148142008,0.7116591708933261,-0.7646455956993966,1
0.03165921571704024,0.15049600215812767,-0.07880010211879344,-0.3527302546305723,1.7771292965913554,-0.6456789233794609,0.5804414246980867,-0.09890844097936557,0.6244843242822792,0.5214115084362345,0.2730376821485431,-0.22573131828055001,0.7116591708933261,-1.2950561677495736,0
-0.14390538972142428,0.02395848870995014,-0.08633243985993908,-0.34585535483577273,1.8955329572104092,-0.6456789233794609,0.7044641934445806,-0.17433116780336277,0.7844433000838218,0.6014136683143938,0.2730376821485431,-0.22570029004088182,0.7116591708933261,-1.49908149900588,0
0.6826218474011495,0.8929582359248164,-0.08238040748920564,-0.34534257615453356,1.6744410309271938,-0.6456789233794609,0.8782032154568601,-0.25031950376915446,0.9325238183270447,0.8034741730249492,0.2730376821485431,-0.225703277926244,0.7116591708933261,-1.316537336209999,0
1.7291557389863006,1.920073029390354,-0.08136550055638314,-0.33843827781895924,1.1203118992300203,-0.6456789233794609,1.0471621783284806,-0.1701435447522558,1.1117766762684667,0.9582417120304764,0.2730376821485431,-0.22571883737448942,0.7116591708933261,-0.9043722328610571,0
1.1207596187477769,1.2212668907047464,-0.08498497467718227,-0.3396215845195218,1.060464230771662,-0.6456789233794609,1.095753785008556,0.016811867831498583,1.1564942794866024,1.0108443247859724,0.2730376821485431,-0.22571838845951867,0.6684776822956197,-0.6147551234545756,0
2.103493049192886,2.1511923583894377,-0.08599178791795904,-0.34430614107961116,0.7373298769731161,-0.6456789233794609,1.1555281547839036,-0.12067575132425042,1.227995508628572,1.0560248767659062,0.2730376821485431,-0.22570639188482425,0.9040461067733754,-0.31801377670628506,0
1.4948687349373933,1.5249981077159267,-0.081916965676016,-0.33636052059144234,0.20085365467732874,-0.6456789233794609,1.4279743330461057,0.8884663419348037,1.4601001158284417,1.3730079684493803,0.2730376821485431,-0.22569161817351907,1.1577327662677914,0.008527720125469743,0
1.9707726395667655,1.979793704375306,-0.08557726487836076,-0.3477473560153026,-0.20710077600104865,-0.6456789233794609,1.4648549412178051,2.063496295410291,1.5289656269232352,1.371579538023453,0.2730376821485431,-0.22560982252878256,1.2077903190477801,0.10244663934736857,0
1.6668545141832851,1.6122786462931722,-0.06699918724974407,-0.3476598405915187,-0.5270059390554387,-0.6456789233794609,1.7299309482450789,3.063765280807644,1.7846083293425568,1.6446827796538386,0.2730376821485431,-0.22555976961779658,1.1358599319095088,0.08016029545466663,0
0.561199685420689,0.42607941264206534,-0.07041023345281704,-0.3470365438545538,-0.6634930678417665,-0.6456789233794609,1.7279309210364564,0.7517785056331191,1.8115267453770125,1.6084654715888116,0.2730376821485431,-0.2255480457115753,1.5075063616712372,0.03618194102800477,0
0.7213514625655326,0.5601175647373869,-0.07146718904844988,-0.3474755637441514,-0.5489644361156996,-0.6456789233794609,1.5324853679553923,2.663889256115873,1.6575836785555835,1.3661956265192492,0.2730376821485431,-0.22556848459668236,1.7683094380858422,0.00584297867814625,0
-0.05723005666850212,-0.2046813698898033,-0.07681313413411142,-0.35110516164536537,-0.4925612377844411,-0.6456789233794609,1.2304284859300716,1.4369544354920982,1.3477931127358784,1.0768765304874264,0.2730376821485431,-0.22562861901912099,1.1776242312255296,0.2961604592031499,0
0.9611634002977294,0.7591871379205903,-0.08299527340898499,-0.35451748345420897,-0.4897626058061726,-0.6456789233794609,1.231413014579397,-1.2022365706659035,1.33602490114727,1.0929493175230514,0.2730376821485431,-0.22565638870299398,0.7884495094694344,0.5537031964561252,0
0.6782922817858036,0.3761460668937698,-0.0816870025794162,-0.36011056779750455,-0.5444435690738811,-0.6456789233794609,1.25932148970666,2.5791033503046945,1.3054652426023454,1.189756366063687,0.2730376821485431,-0.22565643079634035,0.520662142469512,1.0938443398085183,0
0.4754046742186329,0.027974428706976796,-0.07472582728331484,-0.36021227550070994,-0.5190406018865203,-0.6480623067003601,1.2917667201206269,0.8447466230707817,1.2895701662436092,1.2790544986191292,0.31530707658543095,-0.22565898416672336,0.3429222495250188,1.3705040158097346,0
0.5623591080000006,0.05934397865480482,-0.07025520582545505,-0.35995558671676564,-0.3844909875466861,-0.9409086498682703,1.3510795581913226,2.5802349908555184,1.3476707085254382,1.339099644665176,-0.10595285812902266,-0.2256821215605868,0.23821327904239487,0.9083550415059326,0
-2.0803388523858146,-2.339517356836378,-0.07425557029385665,-0.35964428821240446,0.0017202254543740821,-1.0129009289142241,1.467815175810654,0.700957048721928,1.4603974694740203,1.4591981386112107,-0.7306382243729386,-0.22569936351922065,0.16605996128540673,0.10796558863545072,1
-2.245392840249188,-2.2413624787684947,-0.09956320817348921,-0.3565947697793152,1.2578754249310669,-0.43475382839542553,1.7059770243882106,2.6672513039520127,1.7577434592778867,1.6244595307211265,-1.1469016952562838,-0.2256865281441146,0.659608382654177,-0.6544073286706086,1
-0.4163286305891079,-0.2649118385687397,-0.09756943392613456,-0.3566957919905823,1.6722882370977565,0.09732582214117774,1.9957487723823366,1.8733373031424516,2.0727581525752745,1.8809072190684812,-0.9274171833112589,-0.22567358315940061,0.5061309338733103,-1.1807153036906017,0
-0.4363239392481554,-0.2549215158764014,-0.08125202096279027,-0.35784527393330157,1.848817331111619,0.11882336743458057,1.929400551553938,0.8897799874700331,2.043220075455758,1.771760326432941,-1.019982341988732,-0.22568602346424482,0.6960377769023826,-1.2133722749137752,0
-0.9797194707912652,-0.8031126314647125,-0.08527205700634193,-0.35781036606132055,1.8696994312571615,-0.6498796112782088,2.0005887796232864,3.0464295558977352,2.0887046099705944,1.8725392176901672,-0.9920113483784369,-0.22566525528798112,0.522997091256292,-0.7269956535437699,0
-0.27872809864993636,-0.12027264921683667,-0.09082344535491996,-0.35800671970514586,1.500280010125712,0.3249876173694824,2.1655528702583866,3.629485286675029,2.2797198238794922,2.004701836639705,-0.3562099305826982,-0.22567405584036018,0.43066886322948633,-0.9930297360260704,0
1.662070170367561,1.786753662912107,-0.0923490494727401,-0.35769554585857793,1.096200608340322,0.2706735372217711,2.36658047790439,4.929622803371001,2.452229238431465,2.237113464187532,0.08911488724090795,-0.2256741310211883,0.5196618719373689,-0.3691976042992493,0
2.6909132244921046,2.7575167584431424,-0.09480499639380528,-0.35645084755332207,0.6764058116000389,0.9593435744002684,2.5866286295592036,5.937830747756399,2.825899358492493,2.272656426306989,0.9572772733958117,-0.2256226411390843,2.6744657334844057,0.3555151487557697,0
-0.5405160762573031,-0.5947642524272536,-0.09315279407778151,-0.3526484783168912,0.3461672381643499,-0.2789978396543562,2.86790854300003,3.118395451498142,2.9062064113520587,2.7885646085606255,1.2153279433784951,-0.22562190466490126,2.6744657334844057,2.023282768864457,0
1.857169571591843,1.7987187119893042,-0.09154311651207195,-0.35039043784883833,-0.011411816905193729,0.1986400996900615,2.755357763149242,2.3374845164242823,2.884213459868645,2.57012271317293,1.2315471278836574,-0.22562821783163298,2.6744657334844057,1.7446946575408442,0
1.204144307933905,1.1122368191150098,-0.09103036219061424,-0.34816810725460545,-0.22066337712650408,0.683738441370045,2.564674977837128,2.32969407195603,2.8027250206489667,2.2524083788573153,0.9695612830720962,-0.22564153765450362,2.6744657334844057,0.7207561140921919,0
0.47136444974807673,0.3369374073882014,-0.08883401649299605,-0.3467695322199636,-0.3909493690349982,-2.3096309736879137,3.183258109425197,0.5942752768236116,2.9721719295689724,3.395460016198912,1.0712219512994796,-0.22562542072006964,2.6727228331747703,3.3782553774641593,1
1.0597986053715702,1.021759548461495,-0.09478251993807113,-0.3420226627013883,-0.24606634431386465,-1.2089017262297348,3.203075515383924,0.6515661737527558,3.2490292642792107,3.1106934194653455,1.1969468002200605,-0.22563157929126923,2.6744657334844057,3.2396468594780314,0
2.6909132244921046,2.7575167584431424,-0.08223386651737431,-0.3261569517954598,-0.0880512772331633,1.9860729668284542,2.715434665290853,1.5490421721729586,3.1389547479925928,2.181774419658935,1.2400784646330352,-0.22564198075912145,2.6744657334844057,-0.17773340249298902,0
1.1562451881890659,0.9101530863827927,-0.05640211069696768,-0.326726910742693,-0.4953598697627097,1.4065758377710882,2.8335849014848415,-1.343217378929827,3.2391667396490043,2.3197639061132818,0.8981742961360629,-0.22560589214387178,2.6744657334844057,-0.2035596688308107,1
-1.5548053876450278,-1.7717299217383702,-0.06360243658326614,-0.32709562969038153,-0.5431518927762187,1.2476081959549732,2.8668734391701665,-3.010515532882994,3.143103924358294,2.505816778539439,1.1379190681504197,-0.22561448170095988,2.3019440313388624,0.45586357390447124,1
-0.16903703195956465,-0.30149225790407386,-0.08330161517621079,-0.3276626958197854,-0.5308809679484259,2.8474702253365303,2.981459321022965,-0.3474260348939192,3.383557581276142,2.4700101133524908,1.2295631498915414,-0.22561481095052577,2.2601602777009844,-1.0135053179901719,0
-0.33462535829581735,-0.05310270369038123,-0.06286272851835703,-0.11947183207725666,0.7170936149764048,-0.31208966930589777,-0.7078490620548555,-0.38122574450323593,-0.6711781024378365,-0.7428783547197613,-0.3880644900720612,0.18929586060319262,0.63054788836166,-0.15500445751818417,0
-0.45532458069760734,-0.17200608244990823,-0.06383503311875495,-0.16429650757811812,0.7170936149764048,-0.4057849567551238,-0.750688738629573,-0.4293260579354034,-0.7105307526097115,-0.7893390211614588,-0.4914387401569389,0.20402929827855262,0.46709245914426145,-0.21950903681308948,0
-0.6453264631484139,-0.36520724611677163,-0.06844412885213699,-0.22572101542266917,0.5500368138120666,-0.4507214199792088,-0.7325368148029476,-0.423406003294636,-0.696275456598978,-0.7667884600502023,-0.6132578162677762,0.2011847923063755,0.3755324702155579,-0.33275540747853494,0
-1.100539840991206,-0.8271091890541513,-0.07147410895537318,-0.21549430229060376,0.7418507440149343,0.043222800312862714,-0.6826450906732855,-0.40772883803078547,-0.6023540893631991,-0.769621632133589,-0.52515120353509,0.3194566415761957,0.3441818628057414,-0.7803915350369706,0
-0.2900374360472861,0.01010195342876012,-0.07417955043806111,-0.2038985101749935,0.9300049247077588,0.1228728175541363,-0.6353784382064722,-0.4282246202415383,-0.5550061504316762,-0.7230115428107045,-0.5138399026467159,0.33289647452826,0.3930846686187559,-0.7920225941556092,0
-0.09149811657800014,0.21777700658566493,-0.06860962650117847,-0.19601776891283582,1.053790569900406,0.2798554951611798,-0.5436868473866546,-0.39936496088869256,-0.4648966042934881,-0.6305336706478248,-0.26735028264459115,0.33861084702388006,0.4496824663811778,-0.6064057501192278,0
-0.5073634146632493,-0.2135609222911559,-0.07439068723236134,-0.16892642478312148,1.0974922846379844,0.432686486893027,-0.5924974152435093,-0.41872112387666677,-0.4956358969349499,-0.7001629811677927,-0.24207286254238677,0.30881027002472305,0.39006820154531796,-0.7369579907769178,0
-0.35082922837658165,-0.060978017996638025,-0.08363264523889008,-0.1565276715944725,1.123541089974176,0.3573794309542294,-0.5630591664639136,-0.41513115498308184,-0.4818633513193231,-0.6525246699097098,-0.23140107575438149,0.36431407331617993,0.3523943570223278,-0.7051812033860523,0
-0.3835717005487126,-0.08758438297810449,-0.08404687740423963,-0.21469911237684466,1.1519579685227495,0.18707642847965644,-0.5539083005365423,-0.4272704949700416,-0.48435118424883433,-0.6297014370699826,-0.32952762415437026,0.3757893025429994,0.33713149533033115,-0.6667206382460505,0
-0.41767239670319195,-0.11899595393703356,-0.08541926626889086,-0.23822853340847425,1.0580961575592807,0.05518273330297235,-0.5621334631311758,-0.37997836369992033,-0.5120413036829508,-0.6147815414025456,-0.4058292837928543,-0.22560982252878256,0.23889702953177036,-0.5843059406461628,0
0.17704654521553476,0.47905187409274486,-0.08130516568025659,-0.2330187629566651,0.8757545202059374,-0.1240494440291885,-0.46117358161201893,-0.29889660700406484,-0.43441558473803765,-0.48738957233589575,-0.4610926320724433,-0.22555976961779658,0.18592167125838133,-0.4762042742492877,0
-0.32905125102449223,-0.04112059781755949,-0.08014052543478244,-0.23572222070083998,0.609884482270425,-0.052574766455440985,-0.46840449945368984,-0.28198736863346147,-0.4344193063240063,-0.5030921608303676,-0.4110444260377734,-0.2255480457115753,0.10291491739574005,-0.4793777255747234,0
-0.7975999544829698,-0.5561258834956568,-0.0816457015288069,-0.20992062313671275,0.5263560816882559,-0.1609640935204563,-0.5034108044379013,-0.27164861367290555,-0.4746672776890493,-0.5314770742003467,-0.39990806100062826,-0.22556848459668236,0.0388092049839201,-0.3489495097668403,0
-0.8524754475354233,-0.7059033891137504,-0.08067046710528551,-0.18895840563147911,0.4527305327214985,-0.20745847179331348,-0.5364010202311508,-0.2864908177237737,-0.5097652201219646,-0.561580550777238,-0.49129337938186834,-0.22562861901912099,-0.08246799068490984,-0.4313643938206654,0
-0.4727081695154612,-0.3774657941560725,-0.08286260877726727,-0.19136545206501007,0.23680531162893242,-0.1619006600084424,-0.5140416915037263,-0.30395785777036266,-0.4871072148542575,-0.5398399264995175,-0.44790223387326966,-0.22565638870299398,-0.12788842753243415,-0.4205746809090519,0
-0.6647172263588034,-0.5274406593283456,-0.08390472148023162,-0.18157858987966516,0.20752731554858467,-0.22932586993064288,-0.4814284500503854,-0.1859841847519497,-0.4682464020908051,-0.4913296797841125,-0.511292803666852,-0.22565643079634035,-0.18908164888070758,-0.4408391475319025,0
-0.38489204172947417,-0.1926806322356463,-0.08340799931165237,-0.15464363203915502,0.002366063603205311,-0.32178450681908877,-0.4146237461671379,-0.05754063650264682,-0.41855777563677243,-0.40505054756444053,-0.4798193642522064,-0.22565898416672336,-0.18038305501899496,-0.2950627757251028,0
-0.47587310039563313,-0.34290861118460736,-0.08463674783579798,-0.1043487905464539,-0.1485447838403529,-0.30658608745175986,-0.3811543634620771,-0.04954715745040176,-0.38012793701745784,-0.3778513689586682,-0.4359454989457795,-0.2256821215605868,-0.11317293723394668,-0.24968771350976826,0
-1.1464995508177935,-1.0664761408093386,-0.07749261637331012,-0.07269264862502184,-0.009259023075756427,-0.5304245154885114,-0.39194096141614754,-0.5094163018071717,-0.39632187234034894,-0.3821075209185402,-0.6720728592143187,-0.22569936351922065,-0.19648314856971322,-0.35125130577955965,0
-2.301886024544356,-2.1857283013777455,-0.08960144589464968,-0.0017906165317135773,0.21161762382451546,-0.3769573978874053,-0.5513846545214928,-0.3528221101556626,-0.5402929772114144,-0.557981487568373,-0.8482318275337145,-0.2256865281441146,-0.5144424531050856,-0.7594643082543884,1
-0.4578452297272106,-0.2784769924382361,-0.0860684297660534,0.07222088745438542,0.3437991649519686,-0.6241673033595359,-0.4367919545509014,-0.3923115732692774,-0.4551312237141046,-0.40989938872989684,-0.8878300574898812,-0.22567358315940061,-0.4262758760644748,-0.5682179840183478,0
-0.6827812110311995,-0.48027401524015934,-0.08016185629240738,0.10347543522614433,0.3429380474201938,-0.5396648155085023,-0.3874076088463666,-0.2512677263273103,-0.4021178203533904,-0.36539746167973175,-0.8415704410129886,-0.22568602346424482,-0.4317129546275308,-0.5891158546547898,0
-1.7136946503502293,-1.5083063303943667,-0.07893485926742001,0.13583791201391565,0.8372195106590088,-0.11480157476972487,-0.38016225408123905,-0.4554205314770775,-0.3562660480423398,-0.4039500676708293,-0.8630297860078271,-0.22566525528798112,-0.49688994125155767,-1.0621772370250364,1
-1.3609782748503072,-1.1298438159008615,-0.08750621771405778,0.03723648845218679,1.1588469087769486,0.09599803545984004,-0.3951054901716915,-0.3315567171905595,-0.3500677320690567,-0.44374889442503657,-0.8293790572453237,-0.22567405584036018,-0.4966956894101331,-1.230533608431271,0
-0.870807610228678,-0.5803874086405442,-0.0921131330700796,0.029095049985409408,1.273806099268903,0.208930493591533,-0.3877184026827856,-0.34842920271825695,-0.3357222014294768,-0.4446885464807405,-0.7332056938745436,-0.2256741310211883,-0.4832871577757278,-1.218224446659321,1
-0.6314596582880966,-0.29026204586936016,-0.09306495372708248,-0.004271667183526468,1.104381224892184,0.12879285584379038,-0.3704757112271782,-0.35702825580702885,-0.31890231405805014,-0.42714963324119537,-0.7705925650485342,-0.2256226411390843,-0.4089618743489143,-1.1824692878309828,0
-0.5368722579737188,-0.18282493534365432,-0.09368994312664565,0.00818414782947186,1.059603113239887,0.335327846599296,-0.38811176235127,-0.2696535458328879,-0.33003679756880927,-0.45227482560761256,-0.5676782211764084,-0.22562190466490126,-0.33892870549340026,-1.107244665417648,0
-0.4377179898006471,-0.08210688932874734,-0.08747544171010724,0.05203783724844666,0.9569148475757255,0.338402091844814,-0.33273922748919,-0.3949973904759811,-0.28679851099554476,-0.38319109469195617,-0.5147600004024057,-0.22562821783163298,-0.3122569667491226,-1.0273005725696147,0
-0.64738486359682,-0.4159798410899632,-0.087894489568317,0.05544333322240299,0.812031822854592,0.3538339292947785,-0.3030044491648312,-0.1673076700546568,-0.26508094386733483,-0.3443159943128532,-0.4443175474214426,-0.22564153765450362,-0.2893559561299455,-0.9414350770510007,0
-0.7546352561682337,-0.2637509676823671,-0.09037097585415939,0.11863245513047231,0.6712391064093894,0.46523532889232494,-0.3132112257377279,-0.2134142042912821,-0.2606844803029648,-0.3716927967489397,-0.4057521217546133,-0.22562542072006964,-0.31461037842636114,-0.9932811843229719,0
-3.2632836790609288,-2.8928486861115053,-0.09389555238180984,0.21543324495919747,0.5222657734123249,0.5834706870404123,-0.39676974704976564,-0.5779327531131385,-0.33238689218760614,-0.4682990561196188,-0.38111074872312023,-0.22563157929126923,-0.37147656575909427,-1.0746031807672363,1
1.53937320030057,2.035710591930793,-0.08442948574751179,0.26149191468577604,0.5879259852101639,0.26440440582804275,-0.2849562033626279,-0.29083489783744043,-0.25353574089736247,-0.31878174683132054,-0.0992840826217747,-0.22564198075912145,-0.21658190978073244,-0.35782728937002295,0
0.4304313925612601,0.8086966283647979,-0.054652268433645235,0.25354322096186294,0.28050702636651087,-0.3862914426099411,-0.07908684208987161,-0.05319731832741124,-0.1269120509593477,-0.021521702922429886,-0.24874519334835868,-0.22560589214387178,-0.21362487636202213,0.09584639909365968,1
-0.6071682434674117,-0.2936049309083991,-0.066789479987632,0.3161282912418019,0.18535353910537983,-0.040894038626864894,-0.20051030954547822,-0.207519975296727,-0.18389792346247932,-0.21780334677075158,-0.18839522933351138,-0.22561448170095988,-0.19731530828840774,-0.16959941218269808,0
-0.683532993626235,-0.3705181372334025,-0.08862445822591307,0.4344940660703563,-0.057266325472209265,0.10344424468779592,-0.2406386152247173,-0.30105759087768785,-0.2105458421657601,-0.27341745948511936,-0.14301638831781346,-0.22561481095052577,-0.31107111843927976,-0.2571384528217309,0
0.43576103396264426,0.6602175698069137,-0.07876001763295484,-0.12157602154802793,-1.0133220651253356,0.15705998044932812,-1.0048913956515249,-0.44789293638158395,-0.9344937741257381,-1.0763336225228606,1.0539876303288258,-0.17575369347932351,1.1969206487283897,1.9922193594596391,0
0.08024978920543503,0.2816739121895321,-0.07794624654954432,-0.14133284542796695,-1.0133220651253356,0.15705998044932812,-1.0325924043096077,-0.45083206863927283,-0.9484834030117175,-1.1199412636635069,1.0539876303288258,-0.17924918091776995,1.1969206487283897,1.9503025468329753,1
-0.6274343217118296,-0.4309664393148434,-0.0849636171545581,-0.14388164277871554,-0.9920094062139058,0.15705998044932812,-1.0456213518353983,-0.4461780161823797,-0.9516393686961463,-1.1201153478128856,1.0539876303288258,-0.18204094988207647,1.1969206487283897,1.6577496657761261,0
-0.9943412626149819,-0.7907927995366226,-0.08739773287548433,-0.06627420709442249,-0.9099879613123427,0.15705998044932812,-1.0579333954850008,-0.45501358539974035,-0.9711243037270717,-1.1201153478128856,1.0539876303288258,-0.18739674740325502,1.1969206487283897,1.34868850372223,0
-0.578111448906764,-0.3553728704945276,-0.08997467873713834,0.008217844601823612,-0.8344248978990919,0.15705998044932812,-1.0579333954850008,-0.45321684833215214,-0.9735128659839197,-1.1201153478128856,1.0539876303288258,-0.1905124405862892,1.1969206487283897,1.1537307746039358,0
-0.16052886344403688,0.08170407573524498,-0.09384939348977878,0.16587271630463107,-0.7784522583337209,0.15705998044932812,-1.0566570983497015,-0.4555458318494726,-0.9742658862897683,-1.1201153478128856,1.0539876303288258,-0.19333640396319873,1.1973655258936966,1.2028483848351244,0
-0.024842575962789167,0.22188627277721001,-0.09260466050869098,0.25632300961896376,-0.7282921621078307,0.15705998044932812,-1.023903592016742,-0.45575427144066605,-0.958169260770363,-1.089598855456527,1.0539876303288258,-0.18823501600632056,1.1780727687464039,1.3938715517265883,0
-0.6056750718167381,-0.37205695961644203,-0.08502234079446502,0.2592995091386109,-0.7302296765543242,0.27872282515665797,-0.9970217548939236,-0.4480749263711836,-0.9237385117919551,-1.071974002188832,1.0273943712437252,-0.184002721809064,1.1762118474076775,1.2337283566847395,0
-1.2131976450695745,-0.9989852738120673,-0.09013225365934667,0.2476804391908927,-0.5786729909619349,0.3919859941635986,-1.0107351859940539,-0.4472629715579961,-0.9240573508130379,-1.1013847858177432,0.9226632205612513,-0.180566635476336,1.0865861191055772,0.9682343899664367,0
-0.9605351980828335,-0.7177241112998871,-0.09485364295059058,0.4438224656504973,-0.4497206405786379,0.33538679655402714,-1.0261572194369633,-0.41203217752481924,-0.9423782942839203,-1.1131915358643025,0.7142600780918417,-0.18645787183842694,1.0107508553686697,0.7253068720035261,0
-0.12446757028454214,0.13737063544762484,-0.09643147735423821,0.6295026250599004,-0.43443580438963264,0.3637574078437646,-1.0009081433837654,-0.4262182783461648,-0.9211658043996833,-1.0834622364707724,0.7606535488507753,-0.18858628895573493,1.0195321341672186,0.7632219275290397,0
-0.7662535958331491,-0.5361077877896142,-0.09673019898090628,0.7400986649066446,-0.3758798122289369,0.25283540947284394,-1.0009567722077672,-0.4402436915673854,-0.9336328350244553,-1.0688062341601097,0.6005593012381805,-0.1838162355469819,0.787116026553671,0.6474733576710882,0
-0.8591107496412295,-0.6282301192605598,-0.09759345982838337,0.9256953233324997,-0.2970875580715298,0.35906711356833626,-0.9853596664633447,-0.4178487214367894,-0.908529282661478,-1.0646501653667755,0.45140782660932716,-0.18247878170563026,0.716472402422387,0.3231783196053163,1
-0.45622095784842853,-0.21328976675291642,-0.0944547857819085,1.4851044159815008,-0.326150274768934,0.44001948200442104,-0.9699121914203411,-0.42909736119054454,-0.8888513930363031,-1.0543948482154313,0.4772941531539975,-0.18575548449719612,0.7517805547936707,0.2816137341564865,1
-0.28056879926879236,0.01601813346231514,-0.09328784749568204,1.9544764011676714,-0.43744971575084496,0.5468818741067346,-0.9288205082471929,-0.43460119072987347,-0.8462796358707307,-1.0155427674734507,0.5507343530268013,-0.18843827731565435,0.7872684802430068,0.2776374956003034,0
-0.38369916757535544,-0.08228774827199552,-0.09457904407291624,1.9605899707835808,-0.49945017803864067,0.5135434759343862,-0.8837330048831854,-0.440189137070179,-0.8130843070746516,-0.9569087739436422,0.5750915813162918,-0.18773624232464056,0.8400802338926664,0.3499918715105874,0
-0.5001415048210893,-0.21603078968548972,-0.0920740371366514,2.0934235519741686,-0.5541311413063492,0.5597431778463762,-0.8171909811055571,-0.4627739303626924,-0.7537150061560755,-0.8826626737529275,0.6119415451613621,-0.18562869127165166,0.8358789788774047,0.35439975286825176,0
-0.4700240494046326,-0.1997204092450063,-0.09296495577238947,2.3073147316155813,-0.6195760737212447,0.6988931290103375,-0.7679806372681243,-0.39103266050860774,-0.7011072437755057,-0.8380584127400403,0.6765025657904582,-0.18512469731934042,0.9189423476160271,0.30044406250312067,0
-1.2007745888146106,-0.9257794657449345,-0.08675285637225878,2.464947316163185,-0.5950342240656589,0.38940104474381515,-0.7449079492392201,-0.3896802387790126,-0.7028347929085236,-0.7858944237953215,0.46826224474906797,-0.19011329544125496,0.8140318210036005,0.3180626842529083,0
-2.406599586155631,-2.1386621447378578,-0.09956320817348921,2.5222558153395123,-0.3655464018476376,0.3845499414454496,-0.9160651736860489,-0.42402645744830003,-0.8581020155718722,-0.9738373055058632,0.06298795486460426,-0.19350604849013184,0.4257073812739972,-0.2526398155523522,1
0.2352795041660016,0.5462176089791543,-0.09667461036703247,2.667387720973543,-0.3582269028275505,0.5664055877855168,-0.8438663958477282,-0.43797247587919014,-0.7775362101462693,-0.9124014075184492,0.19104894607375986,-0.19551278605343195,0.7254549449856612,-0.2548888583554906,0
-0.8640088408163829,-0.5182996535074753,-0.09452967605076261,3.1920658183815025,-0.4770611222124922,0.2710451993348184,-0.8140525606661462,-0.4575152504684434,-0.7821801011650635,-0.842141197677984,0.09352202678469773,-0.1982759702313352,0.5108028730575737,-0.08885965740113333,0
-0.4994936943634183,-0.15313317529051546,-0.09345486855428359,3.115937325507273,-0.5183947637376893,0.08257585917655923,-0.8092030519923994,-0.4544551620834837,-0.7937764387100478,-0.8178764116349666,0.009697906949261755,-0.19828171102669467,0.5336790620021381,-0.007726998236917591,0
-0.32941095794850583,0.01619630706417945,-0.09167081429087405,3.1125520545173466,-0.5872841662796844,0.07102981378108957,-0.7475564678901219,-0.4277000436247268,-0.7496275296472985,-0.736242420956719,0.05336803778579876,-0.19211089093861758,0.47478074035883516,0.06437850910714925,0
-0.7905101244532398,-0.45774843855129005,-0.08026259290211755,3.0956243969798876,-0.6839446092214213,0.0462309750703168,-0.6868798167752347,-0.4004677573663628,-0.6969312589775788,-0.6668358532703595,0.11696424787019655,-0.18921730220356042,0.5209289406871273,0.1724837372451764,0
-0.4493401470555742,-0.11691223635934324,-0.08950491887345698,3.0199639583159743,-0.7278616033419433,0.4377224130938043,-0.7220982834097175,-0.4394831300534984,-0.6963475698559559,-0.7440285029498239,0.41156635217187526,-0.18398429683258893,0.6724776025317841,0.19502001312909176,0
-0.6670333689242004,-0.35432673675397097,-0.09384638070901548,2.974486779052797,-0.7823272872267081,0.5836618492838163,-0.7944526838680652,-0.3436768731015184,-0.7407998086039185,-0.8485628467433218,0.4786828997158768,-0.18823021825090658,0.6420528249337021,0.1374063501421838,0
-0.418390079520394,-0.09211548834227108,-0.09096885914867382,3.105117214772547,-0.8490638959392659,0.6143155108211377,-0.7397458571715474,-0.4034822120846573,-0.6913607069458743,-0.7882672647533696,0.547523083670496,-0.18706114066701918,0.6678511748169913,0.20366494752965433,0
-0.696831472105713,-0.363732615178655,-0.08859282652495516,3.1224699569293835,-0.9254880768842919,0.5127829325009916,-0.7013167874940902,-0.3870157294090185,-0.6680348419753606,-0.7324107413485498,0.5274290105449604,-0.18766520586117252,0.7002479827848644,0.2782502427122995,0
-0.9789477186746973,-0.6479743971185378,-0.0910414427124951,3.2650437099909886,-0.9504604853057651,0.5017086252835689,-0.725806195456317,-0.3488338634958042,-0.6954846144209829,-0.7531046126764503,0.5330860310182806,-0.1881550928453203,0.6309149604376656,0.30410546723835935,0
-1.9952619619515641,-1.6449003741647523,-0.09336513145046643,3.4525747136745903,-0.8518625279175345,0.42060257821072294,-0.7940140089626411,-0.2862436716703508,-0.7577189325529815,-0.8275768059883646,0.40756716880611155,-0.18892971468605355,0.6008076070929925,0.20527065816307682,1
-0.14283537210129574,0.29612140415454236,-0.09434565828045201,3.4935561361732996,-0.8520778073004782,0.5772503471266637,-0.6990582935728035,-0.36055580209693167,-0.6746683444027253,-0.7196504191845216,0.5915510281481722,-0.18789701377697476,0.7277926615925944,0.31022669910243456,0
-0.6162602183334526,-0.1932272946243563,-0.08149332332661567,3.0048098624940436,-0.8938420075915628,0.2773055323230657,-0.5220097750557309,-0.30109855459436424,-0.5638519045853263,-0.46627835815927543,0.4837168403808303,-0.18036117263302237,0.5609303082735426,0.47635702424640364,0
-0.4724348106896874,-0.03374820320631552,-0.07786767914757659,3.18876690478031,-0.8968559189527749,0.5479144680027358,-0.5512194077016559,-0.3907651216568905,-0.5540133101693075,-0.541376927450768,0.6319429712381717,-0.17724444679170806,0.693160296670274,0.37267698688559203,1
-0.8422882209147723,-0.42694450320484895,-0.08035995946342259,3.0132961032346213,-0.9183838572471485,0.7137029207836489,-0.5291453792761233,-0.4007570818893474,-0.524436036321605,-0.5284488179070762,0.765205656266133,-0.17347538843874796,0.693160296670274,0.3719233166504323,0
0.26067877120168464,-0.39201981860331647,-0.009566363959355948,-0.360427509842174,-0.8581056300229029,-1.1126189797260486,-0.342617146132741,-0.36455416869388835,-0.4301789125613562,-0.23487780736892314,-0.7129698479918771,-0.2179933450592294,-1.1431180112532313,0.020081820591217617,0
-0.4823340837504223,-1.0697653817171597,0.0012700429580702263,-0.360427509842174,-0.8581056300229029,-0.5186969292025418,-0.36762851101693567,-0.4240447404132745,-0.38668627363419494,-0.3407050982637418,-0.6664009109769131,-0.21640149609416004,-1.0804520997570404,-0.5378966953103396,0
-1.0861550958352617,-1.6193972270635224,0.03537848065227789,-0.360427509842174,-0.833563780367317,-0.4476633561492005,-0.41449497999673984,-0.4450440629250123,-0.4118740527130919,-0.4126847286683328,-1.1863189750229546,-0.21476949075683244,-1.2732705772205926,-1.2454516860835563,0
-0.7751324388958692,-1.2861843893597174,0.12312890351730134,-0.360427509842174,-0.8152650328170995,-0.8442525218519011,-0.06429002394840846,-0.1092131296362475,-0.004255207118805743,-0.13461235462169213,1.510443599634175,-0.20583325387110588,-1.41212699972268,-1.1249662196308108,1
-0.16004725590357613,-0.6595387837668684,0.04235288343039996,-0.360427509842174,-0.8204317380077492,-1.1347369928768367,-0.09227386018152085,-0.4414237217850646,-0.06432962977157138,-0.1242674828004349,1.0994191120964705,-0.20650933595815318,-1.3226525379313945,-0.8309478340045572,0
0.3184655735509131,-0.16772548696130804,-0.08593283997023937,-0.360427509842174,-0.8434666319827289,-2.3096309736879137,-0.0838451507921938,-0.3916959032740417,-0.20775193269628361,0.06386106353748806,-0.12223645311123324,-0.20811076480575855,-1.4378604963671568,-0.3895173058806391,1
0.248479611751526,-0.21303826813935597,-0.051533146416768386,-0.36036581164532727,-0.859612585703509,-1.4204991894787662,-0.33749969181315903,-0.33222942163895247,-0.44604113263830636,-0.2049799559473987,-1.0203205018634993,-0.20614048015529338,-0.8280744303281651,-1.5803907268451372,0
-0.7422937152181109,-1.190274946936448,-0.03977871043494724,-0.36026935012334754,-0.8499250134710409,-2.3096309736879137,-0.39470248250644485,-0.3908782124398117,-0.5270994655246843,-0.23325840140634216,-1.0460259030056211,-0.20558007868781106,-0.878865747599417,-1.5564253256797795,0
0.017342295906480405,-0.44415167674128586,-0.06161174577545002,-0.36034626927468116,-0.8445430288974475,-2.3096309736879137,-0.4853813775378606,-0.42987902161625896,-0.6082516789783644,-0.3341424593921007,-1.0475142195749527,-0.20501347932225147,-0.9902036345014852,-1.2853090343000129,1
-0.24838622162891977,-0.7417974980099828,-0.06622567033242738,-0.36032284835420386,-0.8357165741967544,-2.3096309736879137,-0.4977703647039931,-0.4005347886981486,-0.5868612509410427,-0.3863812248745502,-0.7748153987337111,-0.20156176995419411,-1.1271913962389803,-1.4899575781610968,1
-0.708621560909807,-1.2322078458418912,-0.04628154853748357,-0.3600313264469454,-0.8357165741967544,-0.3425220072502616,-0.4078489998930613,-0.3362327265110624,-0.5625253238420725,-0.2198691391391634,-1.4609973327469532,-0.19953454608630436,-1.0973650918360753,-1.1592713095097507,0
0.14947269314024575,-0.4175342466092271,-0.06624168460795572,-0.3595729017487953,-0.8374388092603042,-0.49336514845046076,-0.3614928313506309,-0.4500619661346289,-0.519194566464305,-0.17048024370179335,-1.8409208177656724,-0.1987070475585974,-1.1907927513679526,-0.9188144073908656,0
-0.7228778938664738,-1.2820661000087221,-0.08401759368798795,-0.35956425327099256,-0.8288276339425549,-0.2291125779695905,-0.3750978733018681,-0.42691082620788273,-0.4557979089201792,-0.27509815431190554,-1.9931345386182142,-0.19864260328155325,-1.1831757996502794,-1.5569096909893725,0
-0.07918370932030043,-0.6294420807775868,-0.047054906052910704,-0.3584286915814787,-0.8389457649409103,0.0708052914554592,-0.39338182423435125,-0.3806233000793105,-0.4819496380751152,-0.28384948886766925,-1.8778746982586734,-0.19961771421536534,-1.2031618311313903,-1.3220990770457595,0
0.5068245241856182,-0.05566214936847991,-0.03854484317341765,-0.3583260421489611,-0.8443277495145038,-0.21628581040284045,-0.299454181813176,-0.4164957072327325,-0.40059377260150897,-0.17614963883499432,-1.5735080032808684,-0.1984954013893314,-1.1522711336033973,-1.2381735119340498,0
0.7233214457680818,0.16750465988786736,-0.0447156134847079,-0.35755922256647166,-0.866932084723596,-0.305054995887451,-0.211552168639172,-0.4401616648790978,-0.33937733399009656,-0.05769249374277233,-1.3395532919668007,-0.19974991832481073,-1.0589041262312278,-1.1181085489371534,0
0.8759949407993898,0.32559174859959905,-0.025228294229864463,-0.35586679630898843,-0.8811405239978825,-0.4109868745316136,-0.3739764353058914,-0.4288045621044942,-0.5174741331704464,-0.19963420554468073,-1.0716694993638887,-0.20094673340246572,-0.6833261236617014,-0.9462024931379506,0
0.9780515881119918,0.43359349020868304,-0.047322255532687936,-0.35329011681067835,-0.8878141848691381,-0.6216863744756425,-0.397555212262413,-0.1435658034927635,-0.5518403310026118,-0.21016058568249582,-0.998147613588072,-0.2026044650052531,-0.665694749410515,-0.6276212343175367,0
-0.8077579609068806,-1.3347426988935673,0.030236955698315405,-0.3545970950155048,-0.864348732128271,-1.0074548519316957,-0.3328164712642711,-0.41921850086175894,-0.5274969784914297,-0.09835897116902316,-1.1520127613305366,-0.20196064086061366,-0.7868604785383653,-0.775130649533315,0
0.021855381521331367,-0.5118776807418107,-0.04979174689325094,-0.3519348220261071,-0.8503555722369284,-0.7491452709879091,-0.5372602792088609,-0.41809084185429296,-0.6532044354962631,-0.3936072980616635,-2.162569747289556,-0.19912681197290555,-0.8920052227919311,-0.8788331441304492,0
1.3039287102518922,0.7907255488199127,-0.074605223203904,-0.3506418607635891,-0.8553069980446342,-0.9558936824996791,-0.4590725181742904,-0.40199862484479054,-0.6096992939791668,-0.2752803182169426,-2.162569747289556,-0.19847485799451822,-0.9500142249677062,-0.4866194972305724,0
0.5113592629888947,0.04842119605136496,-0.027257721372351794,-0.3507946841496828,-0.8755432600413453,-1.4489860357392987,-0.31834251530030455,-0.032280459254737444,-0.5637534775110271,-0.023989011378227457,-2.162569747289556,-0.19515550467641987,-0.7952333246737926,-0.3779769161447623,0
0.3623018595731996,-0.05963076350460601,-0.04911575836273376,-0.3468263422752187,-0.8800641270831637,-1.3358184492456704,-0.4374671383899536,-0.1208541821783327,-0.6180627400388241,-0.21844635694387976,-2.162569747289556,-0.19663924619962958,-0.9634507949111217,-0.32424199775903007,0
0.1543138298331178,-0.228358346651044,-0.06634100263194433,-0.3443931115984752,-0.8619806589158902,-1.3989914221596487,-0.5105576725262063,-0.20746305133363355,-0.6848887983182889,-0.2980879259081913,-2.162569747289556,-0.19608705779357916,-0.9938567070592422,-0.28727056889750013,0
0.4841084525892936,0.137176008058135,-0.06087893529768266,-0.34089425239174614,-0.8609042620011714,-1.6493161137111498,-0.5333009326836063,-0.29118165830170617,-0.7274255118450652,-0.29712506761022967,-2.162569747289556,-0.19546347245405368,-1.14106610242522,0.15752028617119976,0
0.46997245690876455,0.1547007865812076,-0.06227191323485575,-0.3418805174256194,-0.8619806589158902,-1.1388457163132715,-0.635986808455768,-0.3347410906328655,-0.7707583757789983,-0.4688708223309941,-2.162569747289556,-0.19190890933677546,-1.1567385665279433,-0.33996053743647253,0
0.26647081881271384,-0.04278529446407668,-0.06361267370472405,-0.34177348330540824,-0.8630570558306085,-0.9862171200836574,-0.7319816224546876,-0.3697913629696427,-0.8313370249987161,-0.6056623210260065,-1.3294303795152436,-0.19075623331918123,-1.2707563829945736,-0.8213045963666391,0
0.16513637321446376,-0.13443791959826054,-0.05557295048063993,-0.3424001755312596,-0.6940627402197769,-1.2552588001890455,-0.7121224928879014,-0.23117569649372802,-0.8478788919343963,-0.542937873799197,-1.4124845097252752,-0.19009578979845326,-1.3723310346693156,-0.5915388914790409,0
0.6535129151136485,0.3935049446214997,-0.07117729342681652,-0.34009885794559813,-0.5343254380755257,-0.988581272509967,-0.7398945389362471,-0.34173363212105523,-0.8541555278978054,-0.5958324201651716,-1.2666668292834469,-0.19082651694604072,-1.4300222965172253,-0.8164910168656009,0
0.5094847315737129,0.2686226303391272,-0.06858978895537182,-0.337489043886463,-0.37717148852659915,-0.9595657409446726,-0.786558244547549,-0.3916009672821837,-0.8900702557368803,-0.6546703246814171,-1.3152216333693967,-0.19058747643367635,-1.5178908498651744,-0.8224583371411005,1
-0.9440318409454604,-1.1838544110783795,-0.06781083319733701,-0.3397343529098683,-0.24821913814330196,-0.6283695086036797,-0.8104643650897055,-0.4563825411455428,-0.8896495397291988,-0.7070973345867783,-1.1610648583524756,-0.1890419360711774,-1.571050822022202,-0.7683388448722416,1
1.1776558060185685,0.9549494666890507,-0.06450358217539001,-0.33646014885719017,-0.23099678750780334,-0.8520177811701792,-0.729573508589218,-0.40330787523668776,-0.835850840766942,-0.5950868173598629,-1.0130000810311781,-0.1879374164179073,-1.612308122380937,-0.6391061392932889,1
0.4409016988640021,0.21161828949809805,-0.05720022249139037,-0.34063346009018963,-0.25855254852460124,-0.7849088168164304,-0.6369017183785087,-0.36102844614249807,-0.744054144531258,-0.5024774330400312,-1.0473211126991342,-0.1850857215969851,-1.546483648023758,-0.8727369516573084,1
0.6729525877887282,0.42657060133726,-0.057145945151717885,-0.3423553097352382,-0.292136132263824,-0.5066846358623331,-0.6222140774774113,-0.39100550345175283,-0.7139536154075785,-0.5062135920412386,-1.0726299822936518,-0.17746788868917449,-1.5906562029508498,-1.3066187913026577,1
0.40441053419311224,0.1653677408346824,-0.07211857686670466,-0.33488094156885995,-0.2753443403942126,-0.2951844853931432,-0.6384712365888199,-0.40296367314173964,-0.7083132777414656,-0.5482058452481964,-1.0807028702827493,-0.17920904189292644,-1.631943166608162,-1.270555822703596,1
1.8345157721237768,1.8850186835826683,-0.0529017212197697,-0.32157840858695946,-0.9384048398609159,-0.24006973184636302,-0.48022992602853687,-0.40667195037900267,-0.47931354413400523,-0.4756221561321006,1.8050764498626297,0.019358217436683502,1.5055265543045369,2.8136371318793785,1
2.063885412454243,2.1151514289044133,-0.04932743193705637,-0.3245997255572403,-0.9384048398609159,-0.47496165802149165,-0.49605542166498384,-0.3972425182230445,-0.5173900574011437,-0.4649136508681456,1.798925407069558,0.028217803709656146,1.5508310411766386,3.077823171286482,1
0.8433727126057041,0.8688558471520517,-0.06400782707892826,-0.3152364352798424,-0.91558522526888,-0.21157441899622617,-0.5150885333862033,-0.4183042769031065,-0.5085649776026517,-0.516706732259744,1.6863571188257998,0.04462519372685384,1.4269823164448698,2.632014393342185,0
1.0169029089221064,1.0507313791671948,-0.07065403316397552,-0.3066598760387651,-0.8370082504944167,-0.008631268126509667,-0.5464614882194794,-0.42758300482300404,-0.5215416631759627,-0.5694899517868439,1.684085045919444,0.05220390031796966,1.4671933853168575,2.451503365401631,0
1.658304094777434,1.7008774472287536,-0.06376039507850821,-0.2918224199965572,-0.9235505624377982,-0.24683346306016554,-0.5056865214346586,-0.4231988482144247,-0.5006433211199324,-0.505663354702248,1.6295079090335154,0.0526313415646774,1.5921022375128684,2.596086125908046,0
1.7565353271762667,1.8000037121161345,-0.07216115415723151,-0.27251019549227923,-1.0124609475935606,-0.3720320471462323,-0.44145566960881577,-0.3976143249050307,-0.4495794450285982,-0.42660351168390254,1.5971303880487093,0.04136162204591167,1.6925775194544972,2.6722566264983225,0
1.2855689307749514,1.3403980251791237,-0.07007262182692546,-0.2687970276587038,-1.0156901383377166,-0.7303208955868719,-0.43764709301770993,-0.3953389233315749,-0.47988125094600426,-0.3824515584928588,1.3759795992597528,0.05286903355524503,1.5025336778757499,2.735880143915373,1
0.824647170548379,0.8793300833133796,-0.07235790824823608,-0.30635723455782293,-0.8951336838892253,-0.387185496451119,-0.362404708568029,-0.3790017359378177,-0.37278250482025804,-0.34582076695544284,1.3666708148128446,0.10327215445669485,1.487296872740389,2.3295234574281363,0
-2.2030702768525416,-2.1224932457194505,-0.05788862774563603,-0.2195820611664745,0.04240802883073998,1.619305018266733,-0.1790384460450439,-0.2494185794129691,-0.025750892660787793,-0.3584167566530238,1.5992172614636126,0.26037183082766435,1.5986519400964794,0.7126915917188706,1
2.2641721004987976,2.4022553112691956,-0.08942172805656001,-0.1591947550160765,-0.09128046797731944,0.6317936923525338,-0.32725857711354767,-0.17110188288979977,-0.2425530977477886,-0.4236749750132653,1.323091393892657,0.18629366346837875,1.6018514794282952,1.2586580586888247,1
1.6124402779560822,1.7051794677536247,-0.08261587726558245,-0.09847228744274264,-0.5819021817060911,0.20794512714446672,-0.21893407693052724,-0.19212320810365655,-0.19896328897289,-0.23998524049054373,1.142724798045883,0.16581922775108848,1.741438039069686,1.566954800397672,0
0.40473314977229713,0.5039353177132587,-0.07411021372129016,-0.0803010834156068,-0.6602638770976106,-0.014450054053930446,-0.2827460969793855,-0.2984371325159842,-0.26348939087943046,-0.30219529903038694,0.9168523505020802,0.22141922553987256,1.4879286561134983,1.3658546285424644,0
1.2190762017636696,1.3834948987717004,-0.0802483083733553,-0.029219327564458372,-0.8008413141598694,0.026591797007817025,-0.34880379140983564,-0.3404178262331533,-0.32776928666073685,-0.36957493128233054,0.8453052429077756,0.20783785754904818,1.4249874643455114,1.267958763178969,0
-0.04080109134809104,0.12333081652281697,-0.07670651781353331,0.06397363256003374,-0.7358269405108615,0.18243389757281664,-0.30038047853459865,-0.32401165449111763,-0.2769696933576068,-0.3245392891190379,1.012196836071017,0.1870584367259991,1.3647676250992227,1.4585025124129045,0
0.5282314978536756,0.7355663810932022,-0.07634985760117279,0.18391045793445096,-0.7203268249389125,0.5197140171211618,-0.15095404113999297,-0.23472864714151592,-0.11044415563178485,-0.1971304586380068,1.3107905579949726,0.17132513310732728,1.7106318405347893,1.5087906792531969,0
0.30551950379220066,0.5621747089463546,-0.08028817039278097,0.21506204943663065,-0.7069795031964009,0.13267722117306063,-0.18184095377989964,-0.263576323148692,-0.15824752653516652,-0.20762123180424805,1.1045711934371085,0.1290705441887166,1.654359327824455,1.5139753574666355,0
0.544790172984766,0.7152446008271907,-0.08269505806494058,0.2935027442400429,-0.7560632025075725,-0.046438278942243456,-0.14308293868269886,-0.3412024416196633,-0.14797838273369998,-0.135590314286886,0.9883652036893965,0.10516127148014996,1.5899048379672351,1.5645845046401583,0
0.7058631693006485,0.8843733326279055,-0.08131980838297587,0.3576479933379779,-0.8079455337970126,0.06564419931276733,-0.09125745395244723,-0.3567423871322969,-0.0965306372230414,-0.08393192364694742,1.0544341892660418,0.09616247799034444,1.6251158926731375,1.6074110797536985,0
-0.05977561510589548,0.03623956753900279,-0.07125216540179113,0.1903550688238945,-0.8195706204759743,-0.05159813465935299,0.2735651139650151,-0.315439476870847,0.21960404904769754,0.33421497529612904,1.03204600125306,0.15533998572707733,1.6521872998304592,1.6868552694999475,0
-0.6492156010850146,-0.4927069000720572,-0.08027544106300456,0.3793304257873297,-0.7325977497667054,0.4874129048489558,0.11612543317941758,-0.33009912162941757,0.14427422915362959,0.08141915506640071,1.0177067838185216,0.2167251697407248,1.6914108514515387,0.9625008577367784,0
1.0133799565000694,1.1983436548114457,-0.07941523224726361,0.4388721889895162,-0.740993645701511,0.31545130900973495,0.20229457619768798,-0.34672407608170575,0.20105668222881187,0.20136223773404816,1.245582148981617,0.17486394229374977,2.0044588023963223,1.5253114299893262,0
0.12468285234274065,0.2201304739292216,-0.0743013283111127,0.479444841861951,-0.812466400838831,0.1354590242323504,0.44222600669128953,-0.35336228011546483,0.3948018048556926,0.4931365052331663,1.1701218519182126,0.15814983430087273,2.1617094454468484,1.6095435756747598,0
-0.1830143272014969,-0.022973280746082726,-0.08295515485910282,0.5364727034024336,-0.8512166897687033,0.5358504129969263,0.4393554161447519,-0.35836428219160715,0.4187306854806398,0.45856793052944567,1.1653161175342912,0.16458686842696743,2.116413868067768,1.2520015143783003,0
0.017661289308587205,0.20046418942230182,-0.08712336558534235,0.5857645756137856,-0.7963204471180508,0.8270104561098551,0.3101919998892336,-0.3339115911800795,0.32879159663549723,0.2844919528365583,1.1872577304473582,0.15355744020364695,2.138148353379145,1.0220818128608178,0
-0.0030383902092868506,0.1306254147956649,-0.08724841838490936,0.6327822132182085,-0.7930912563738949,0.8186174529559882,0.18307563383361097,-0.3741277937721721,0.21768478539664668,0.13992629640405257,1.1940652045981412,0.13895194609064362,2.035343716816175,1.0029273835689334,0
-0.0824709291640935,0.07854474698323001,-0.08992350708612881,0.6434048820426336,-0.693201622688002,1.0698877674385316,-0.019833510947829387,-0.41917129605185716,0.06230435883364559,-0.11685404659435893,1.348609997573373,0.1660237064015405,1.9560717371670233,0.9195541256480664,0
-0.014681985137027214,0.18413538385498884,-0.08867475253143216,0.6528600543408006,-0.6708125668618535,0.9642201856723439,-0.11628683045221061,-0.35078718203745607,-0.029745541971856908,-0.21737785858736497,1.4044646019654476,0.176356809729041,1.9022453766479082,1.0366495309236432,0
0.055921066848696355,0.28868570178547576,-0.08409748224042363,0.7040199897393002,-0.6701667287130223,0.6611661877520993,-0.058426340840832744,-0.31235761729789124,-0.006020031630723534,-0.11978561897009822,1.4240347320046598,0.1660404574774238,1.9928134848776096,1.3830988002956452,0
-0.01344398520484387,0.1750291464107631,-0.08630220795283874,0.7431835324818267,-0.6333539542296437,0.6355236690407605,-0.03179535310615338,-0.36428879713487716,0.013435525379642134,-0.08497422903711623,1.292790463721169,0.15535298225147043,1.9465886713140046,1.2578885567151967,0
-0.24611606251963306,-0.03713302025754096,-0.0914451034966537,0.7589202572985755,-0.650145746099255,0.4945210949449955,-0.08909408176362757,-0.38037840649450244,-0.06429591320105393,-0.11740029241093167,1.1600833808314184,0.17794758431476057,1.702912474267647,1.2486171542408777,0
-1.0593747155199658,-0.806107549882154,-0.0907190261943795,0.8539501272813276,-0.610319060254664,0.6590681732800501,-0.19281682746357634,-0.3868968733458888,-0.14251428192337331,-0.25009202409642284,1.3414898856942636,0.18311442479016285,1.5860614287026693,1.3061481221152034,0
0.3742518744856894,0.7301104837528308,-0.08149035595362496,0.9083130513344762,-0.6731806400742346,0.6476374891661624,-0.021272329846904976,-0.3002693700492857,0.009775298763951211,-0.05778221984114899,1.442867372240473,0.170528879379508,1.681617271342224,1.475286458877576,0
-0.13447341412943975,0.22744391374394726,-0.06929627325616552,0.7988230482287746,-0.8415291175362352,0.13858244797188812,0.247235841547182,-0.265235994491909,0.20179821225003508,0.2981056138477091,1.1617624246841631,0.2216468091225801,1.7251626875606845,1.6207507206689296,0
-0.443299354802385,-0.1620579214558005,-0.07631788854385613,0.7921410628635674,-0.880709965231995,0.21793583541345313,0.10089591554956047,-0.3177240693820073,0.07369634733439584,0.131905609245528,1.045720111581264,0.22657364711418923,1.5433103274246867,1.3701571631857516,0
-0.32981276721287556,-0.04556782677119298,-0.08232138790499065,0.7847035910844427,-0.8572445124911279,0.8178756982117876,0.14280052822956502,-0.36182026362800107,0.17160147861501218,0.10700584826450617,1.2502237165653292,0.2465752981552215,1.7461337562440775,1.0351563135592883,0
0.8564330425315293,0.9986334012467908,0.007909056474535901,-0.360427509842174,1.6996287187316106,-0.7031273019435679,-0.1453857422919871,-0.38180934547557926,-0.2854792944630025,0.022216001278393224,-0.1366048014448734,-0.21205024239863976,-0.5588891013429533,-0.3220533393687559,1
0.37074937961471044,0.4748401436623133,-0.03590197884339876,-0.360427509842174,1.6996287187316106,-1.18992682834906,-0.15677364935587756,-0.38215839155342957,-0.3318958215866147,0.05243885787794463,-0.14735198936925356,-0.21159672145965008,-0.5630386308847561,-0.2059879204049236,1
0.31678585141480214,0.18166116618923803,-0.03967709857888364,-0.35980639787270824,1.6046905108534237,-0.8596794984678371,-0.06525174977135609,-0.2827568612830726,-0.23423153737070196,0.135602911232708,-0.04441125438027385,-0.2107447992856802,-0.46266152145995365,0.039523140832578255,1
0.9913628984580983,0.8271094570171128,-0.037967410602651235,-0.3579577406020664,1.5185787576759298,-0.7003319468402882,0.011084891116913862,-0.19830926097832752,-0.16876389221994934,0.22390410528016566,0.09812034910277291,-0.2091878009339885,-0.4916640427363408,0.2634900728634108,1
0.6405539395730587,0.544410828824094,-0.05348789892794266,-0.3568168716136617,1.348508045150379,-1.1656321888431853,0.05121078903230337,-0.2613601770574467,-0.16838098006912428,0.31061216619081433,-0.05352011591445316,-0.20880900452283788,-0.47248437934116955,0.5203150525575646,1
0.6136165627594286,0.4607237137086989,-0.057129698200416516,-0.35670101666111065,1.1848957141131407,-1.072336934966795,0.08994810697175412,-0.39685627809107266,-0.11084075195247102,0.3266266227984304,-0.48776841561627676,-0.20817253959669232,-0.4387895567424864,0.29386549266184664,0
0.15488553444351474,-0.07429608468455728,-0.018253553309708237,-0.35705012996097346,0.9868386818049045,-0.9046534369878727,0.041425192231756336,-0.33764874213318785,-0.13096791867247745,0.24505682516965324,-0.3936444820946739,-0.20677936243497608,-0.3369580332563106,0.034931284916627586,0
0.8578912701279505,0.6356376323494555,-0.04819373042901329,-0.3568920231315933,0.8253791445971035,-0.5183964991600359,0.06363133289115092,-0.065815278000826,-0.08051936791422172,0.23355919605298303,-0.31994490842080203,-0.20548901175257675,-0.3129152142319042,0.05887811654996905,0
0.3973096281896126,0.1779013566796029,-0.04917941649753475,-0.35701415713340967,0.5175296269875627,-0.32152182926485345,0.034765147659324425,-0.28775555138320935,-0.09000758703354132,0.18209064819834203,-0.2640047648267676,-0.20359827276287726,-0.30927039247332105,0.19003035880653138,0
0.28995174593455403,0.07897893872916975,-0.07116835597575523,-0.35795795026704985,0.4550986059338798,-0.6794327953000903,0.03927265215971892,-0.30204799404824884,-0.11451367751287266,0.2208983737994517,-0.1775508785629378,-0.2014545977259318,-0.32432258497381755,0.566326949136916,0
0.7485140354639757,0.5481572536292075,-0.06418197504377492,-0.3593908515697683,0.20968010937802195,-1.1360936001188877,0.2129895674614666,-0.313088601850069,-0.000642044796603298,0.4634160160046707,-0.34431929277565954,-0.1992470369736795,-0.27078981236561567,0.697149235173168,0
-1.2874199320469124,-1.4255663901462514,-0.026617873069556514,-0.3587706556505495,0.24412481064901956,-0.30869643134909647,0.07700588421519691,-0.30642995558424896,-0.05495076122966738,0.23233678428112148,-0.22796490028284838,-0.19495718001463902,-0.433828921904007,-0.35732504745031474,0
0.19932767839151377,0.21814473379982294,-0.04830038990440407,-0.35781688392971495,0.4292650799806314,-0.31896277430158754,-0.003191872677664198,-0.29308740317846343,-0.13290256432089106,0.15043039002166272,-0.4290520649707604,-0.19278102406393027,0.4373130525495321,-0.13280460601108873,0
0.7323883091684796,0.8452280129076924,-0.06353084429230514,-0.356092527288201,0.31301421319101475,-0.14159135333930797,-0.020746123465107937,-0.2899341482713656,-0.14127940418848942,0.12221768611876858,-0.38683707389318295,-0.1924833565790281,0.3462140976282651,-0.35444984766324045,0
0.5987698314288525,0.7254258646915042,-0.05759522893580226,-0.35644614202911357,0.3474589144620124,-0.60565335625691,0.05212733946636664,-0.3015145821647045,-0.11944001679444162,0.2546543675228337,-0.33019616674686125,-0.1908636407551666,0.3686819511333329,0.2104675499790006,0
0.8137342825974163,0.9547066396737998,-0.0384711917433438,-0.3549920502818042,0.19461055257196047,-0.526578592122965,-0.05118886256586315,-0.30295769728401023,-0.21596760037916107,0.14452482343579734,-0.08004072106648194,-0.19110499689917812,0.5068664010678716,0.48542166991269886,0
1.1986486942103938,1.3357265988470266,-0.04609256304551161,-0.35472561619397003,-0.057266325472209265,-0.9698069930279827,-0.09236079349205872,-0.22349139312897942,-0.2871647196451758,0.13939239464940642,-0.260292733098631,-0.1899209635625479,0.45678826660499006,0.6867771619859143,0
0.9635071406876473,1.0928650996039577,-0.01869459709300661,-0.3528430005937455,-0.17136439843238876,-0.8068488268073403,-0.13901352410597853,-0.20064975171329139,-0.31984086510982535,0.07674367455362727,-0.14564858951365284,-0.18759587235209196,0.32981719062297754,0.6819259178104302,0
0.7350377196779819,0.8675300108643303,0.01294091137800341,-0.35531685074268177,-0.3328239356401899,-1.6834792266786058,-0.23105602960347374,-0.202899385256983,-0.4576190031710285,0.039945718668386435,-0.8303056194716677,-0.18838934330362977,0.2349611361886547,0.6120802286866595,1
0.08444683751237761,0.2232547272601383,-0.07694140013217599,-0.34780896338598527,-0.19719792438563696,-0.1644362482077918,-0.4809545305888331,-0.32426323108897426,-0.5708820953462537,-0.36877405929779444,-0.1085275658843663,-0.18609813555232807,0.26175935046324295,0.0672162422297642,0
1.2924595490803352,1.4545589484092585,-0.06398727397574433,-0.3427569418631268,-0.42668574660365827,-0.38692592672659665,-0.4874895758118462,-0.34422895033498097,-0.5785927393963612,-0.3738396636373339,0.05708375418781821,-0.1867497996137958,0.32262399202831643,0.3538115667743495,0
1.4687931313195584,1.6239588220544747,-0.06163841969467564,-0.34400822036900375,-0.5700618156441856,-1.2241919148254825,-0.4940246210348593,-0.26263413967685206,-0.5863033834464688,-0.3789052679768732,0.2226950742600027,-0.18761598247452974,0.3503575836075355,0.6404068913189354,0
1.4587282903882184,1.5721794680847228,-0.057750583715640416,-0.3430007946260052,-0.6212983087847945,-1.0356571917063324,-0.5005596662578725,-0.2728897949319832,-0.5940140274965763,-0.3839708723164126,0.3883063943321872,-0.18171100445788052,0.5461038405414331,0.9270022158635206,0
0.2228213452520775,1.3512969092052713,-0.060736365493429596,-0.341921290330213,-0.5554228176040117,-0.6336429945091352,-0.5070947114808856,-0.2899132726294562,-0.6017246715466837,-0.389036476655952,0.5539177144043718,-0.18120303879333416,0.25424114985556584,1.2135975404081059,0
0.8504925067145638,0.9067384047629133,-0.07828713099910105,-0.3399716642289262,-0.56166591970938,-0.48362527553007256,-0.5136297567038987,-0.30752015331742105,-0.6094353155967913,-0.39410208099549127,0.7195290344765563,-0.18068468392904277,0.0958306636922252,1.5001928649526912,0
0.26443052656536503,0.3186318254139554,-0.07551357943013007,-0.3424641531598837,-0.4837347830837479,-0.45070981190119386,-0.5201648019269117,-0.34637673350072784,-0.6171459596468989,-0.3991676853350307,0.8851403545487407,-0.17885053553397962,-0.07501051686220356,1.786788189497277,0
0.4931512718953986,0.4886104167452259,-0.07461699019354436,-0.3460133882385599,-0.5433671721591625,-0.4115796752820446,-0.528010364626243,-0.3161943634360453,-0.6193817334826425,-0.413562535253479,1.1813448883620903,-0.1754801885577133,-0.10262165911107991,2.1671942047429202,0
0.8728075131749192,0.8682175768124832,-0.056991864564150216,-0.34066209870274566,-0.5855619312161344,-0.49007605075675664,-0.5162556912836263,-0.2566497404560798,-0.6064804377080701,-0.40330486850283653,1.5263146588743581,-0.17310104603030768,-0.29925881558955725,2.739151636900956,0
-0.24711922427236185,-0.2222364359651825,-0.08320002336431569,-0.3435100015147141,-0.5270059390554387,-0.5769799988926,-0.46935130089177163,-0.22186620246085528,-0.5670815651660324,-0.34806956310899834,1.2620006526052288,-0.16962891370847716,-0.2745811166467102,2.4473962387817028,0
-0.9299248334665432,-0.8039330800691392,-0.07664289714280874,-0.3415144828234471,-0.451227596259244,-0.42692873793411074,-0.4760974270907546,-0.3413668286092779,-0.554917975347276,-0.37712583766871827,0.8835372674695425,-0.16398666627093963,-0.0778288584213778,1.7575956713511458,0
-2.118233941799113,-1.986770633436993,-0.06428706380954136,-0.34695756175281584,-0.30182370449629203,-0.31532282768958153,-0.6928956235415865,-0.3852352207427582,-0.7601544387936243,-0.6050437444827399,0.8000794222843367,-0.1616134549172484,-0.05599776127364175,1.5413647703248818,1
0.2648409329859338,0.27487617221738575,-0.06023597528731358,-0.3538892760358655,-0.3842757081637425,-0.7022894103095195,-0.62014465211528,-0.36415034208199926,-0.71296208609498,-0.5028924115669222,1.00220584536958,-0.15704846590163557,0.23688404414035916,2.2161249233696747,0
-2.8534148578464236,-2.6261339512651607,0.1407397774877537,-0.35729275152222095,-0.4817972686372544,-0.4071398640425144,-0.5243010335189859,-0.29251073307463,-0.5634283242788908,-0.4717569701405914,0.12768447367041072,-0.11411891580456711,0.5309486582501689,0.5630482229113853,1
-1.499079938936502,-1.0411762157479796,-0.015404811063648159,-0.35041073483400487,-0.4817972686372544,0.21048527450034452,-0.5795950202411446,-0.33913166446311405,-0.5914908847781586,-0.5586389535325894,0.18848919105236692,-0.11242976304773833,0.251789225206919,0.09362824644090505,1
0.4810347113293179,0.9613708324500851,-0.09526806759319802,-0.3457781782386359,-0.5440130103079938,0.12630447923085342,-0.5996068863414971,-0.35042987351052735,-0.6173736742505421,-0.5714621033245475,0.43252169153303244,-0.11242976304773833,0.171766860214922,0.5083991484725893,0
0.5461494858202942,0.3184108346694196,0.03217514777104763,-0.3344688300465315,-0.7795286552484396,-0.5582272293574707,-0.6677548606269573,-0.31772059447059375,-0.6554765330409449,-0.6743772577776663,-0.6113138732229051,-0.22496023333305878,0.44103562037155203,-0.13602767682265207,0
0.20235759863358707,-0.027724182606581216,0.013401458560757537,-0.3129763658984733,-0.7795286552484396,-0.8781546908477229,-0.7157870409532054,-0.24760713496211503,-0.7286962339899626,-0.6920166705304919,-0.8079418346444097,-0.22488889772115814,0.4015659290600788,-0.10882862582595688,0
0.09246098432750735,-0.12869698554760808,-0.02026741247658448,-0.3099060877905642,-0.7601535107835035,-1.2104540295423583,-0.7198824390618098,-0.29016131562730424,-0.7666313132224156,-0.655995520507161,-1.0245419569356018,-0.22486239578623896,0.3369508448159837,-0.12729252012688197,1
-0.09685066778819974,-0.3066346394068575,-0.04735717296783116,-0.2930984244640905,-0.7321671910008178,-0.8208639480701314,-0.884907483277945,-0.3423935896869689,-0.8846542866633279,-0.8747172756012915,-0.7303695723734761,-0.22485521535091754,0.6864068388725035,-0.2489961930537106,0
0.31520378062114257,0.11636211856955427,-0.06046642007314023,-0.3448251193853204,-0.5016029718680779,-0.9796341012397038,-0.8322676612088223,-0.1845086315765703,-0.847300642285337,-0.8046018092463009,-0.6889267218081396,-0.22476527940211707,0.5407881118291067,0.050337031398841,1
-2.4651682578226333,-2.6582828445421147,0.0714589091093416,-0.3157372762061698,0.0708249073793129,-0.14834159949858272,-0.5773174234639376,-0.11283467372893001,-0.5213111059278015,-0.6367881865031798,-0.5045919791379251,-0.22371020133506678,0.7956331040749445,-0.8277504085480814,1
0.807406693310346,0.6320535088537506,0.06853701271898392,-0.3089307783193415,-0.28008048681897485,-0.17619114612791742,-0.5052296131410724,-0.16486940913121684,-0.4614347756539144,-0.5510958823580395,-0.4298329798046348,-0.2233012359185554,0.9778142155424988,-0.7533055411940859,1
1.0719895062673523,0.9124231169618763,0.0038166130840553833,-0.2833502188474891,-0.5448741278397685,-0.3248576291933435,-0.5276529379563107,-0.12034109668933332,-0.5087489354421608,-0.5437813077672582,-0.3658676213876447,-0.22319067480323584,1.0039128628290208,-0.5072331282773197,0
0.7984436498205854,0.6505530968234676,-0.018288547245919273,-0.2750916828642948,-0.6529443780775235,-0.5610560215530745,-0.5005890502681847,-0.1425910260891456,-0.5098393816888566,-0.4837020015414098,-0.2752997717116691,-0.2227686926455156,0.9798537444989762,-0.21756059946418776,0
-0.1270625012664324,-0.2663716823778699,-0.015195663719856825,-0.27518708820040355,-0.8972864777186625,-0.45156821260708163,-0.5009341052524774,-0.15351947550372175,-0.503549035789748,-0.49189963712692986,-0.28288826003328815,-0.22262162198268248,0.8113830622375424,-0.3154929779553023,0
0.4865835371032355,0.36527091131919925,-0.048580256278775345,-0.26490370090714077,-0.8869530673373633,-0.5035812963632056,-0.4675761229771579,-0.11675927857448425,-0.4772955277942961,-0.4505250130651535,-0.48428675826055056,-0.2226579565103342,0.7740099856922792,-0.31173881759490474,0
-0.9920816394740537,-1.1029765959417948,-0.06328095503287794,-0.23959244277078728,-0.8910433756132943,-0.4536286166055931,-0.5584382299260916,0.060933012899860674,-0.5640200014425565,-0.5452091885268204,-0.4910763896400029,-0.22269719446153532,0.5963576980883523,-0.6596221982661374,0
-0.9342700948850103,-1.032650252344273,-0.06957292140449724,-0.22349951570495477,-0.81009832762645,-0.33579750674357745,-0.5501834342845672,-0.11543702021725587,-0.5540078073335081,-0.5391331023182924,-0.5209630165782444,-0.22258850308397732,0.4577213992802296,-0.63610432054557,0
-0.550545869578657,-0.6362231715503713,-0.07184981003884457,-0.20058058928193437,-0.7127920465358818,-0.16719009274308444,-0.48884035264134834,-0.13116631406766466,-0.49585223809518,-0.4747430173707725,-0.6161993944484547,-0.2221958136770621,0.38740114661065184,-0.5535635644564192,0
0.09160496135745076,0.018587013505445033,-0.07118387061698682,-0.18638526777924574,-0.6090273839570016,-0.15676602798808523,-0.4301401058809074,-0.03590584839865575,-0.449176343888096,-0.4025011448825545,-0.409814051896485,-0.22202358460223923,0.39047139695494487,-0.3499579498491451,0
-0.300230418529007,-0.37081713184564186,-0.07447972251894286,-0.15920704418786558,-0.6906182700926772,-0.18346440428256794,-0.4209661207956424,-0.0805050595187403,-0.43680527307482836,-0.3972214326626888,-0.6305425782745155,-0.22215808130100895,0.2564125053595992,-0.44151630155172106,0
0.426070196317519,0.3582212881939286,-0.07616724316404826,-0.1531183785209771,-0.6888960350291272,-0.1318399266581055,-0.3872336075802377,-0.1589306034535289,-0.4023834292475731,-0.3647050010467146,-0.3575935084361476,-0.2221576134261308,0.4172211125003478,-0.25946670074733347,0
-0.30977761909931195,-0.3968456116212187,-0.07457952769983414,-0.12327718031430947,-0.6755487132866157,-0.22064775655253585,-0.37358912038727665,-0.07068449734847021,-0.39508708817105664,-0.34370571449374754,-0.395150191463455,-0.2221475801092993,0.28873228914369825,-0.17074237999036482,0
-0.615900520586553,-0.7188654735104559,-0.06912935585704087,-0.10108128519894674,-0.6225899850824569,-0.31518722639940544,-0.3541391244132109,-0.10500951230376097,-0.38738172602512666,-0.31058000843971856,-0.5399664598383451,-0.22207773678721063,0.27347697023078116,0.01260786737582872,0
-2.569036892205108,-2.681575316275607,-0.06831816885478185,-0.08849345641597606,-0.30354593955984194,-0.20488698037331454,-0.38530705537200716,-0.17067025063756258,-0.40372069528316606,-0.3589367507828604,-0.5458049997768927,-0.2212515881651706,0.1441054082504023,-0.13801121513662154,1
0.4709474505182736,0.37886980289245703,-0.07368596189160713,-0.031725329359384,-0.31495574685585986,-0.1357140399961768,-0.3030325494682059,-0.07776408143656545,-0.32298554300095544,-0.27581487859088594,-0.6968922257813694,-0.2215556952835038,0.2147490480483917,-0.12538976394659543,0
0.058849535708551864,-0.028394861040058797,-0.07721239476062185,0.04679221661716752,-0.34251150787265794,-0.22287630446552673,-0.2522616333321832,-0.18967094984164898,-0.2770271951898175,-0.21994747947996035,-0.6810007316444724,-0.22162940579362858,0.1941972486710166,0.03539859614960538,0
0.0883049581512337,0.017557149525039666,-0.07389875484453076,0.09580426727155554,-0.40343557324573476,-0.3156984680069339,-0.21543483559288615,-0.25692866975082246,-0.2416765220840574,-0.18180942877458792,-0.692256791413103,-0.22137081539183667,0.38251206288421125,0.05740984855220419,0
-0.6405165591762689,-0.699038572002655,-0.07533464399299285,0.13180483470488544,-0.3971924711403665,-0.481197584525588,-0.24296001146422846,0.06922668073167691,-0.2669414087739973,-0.21168461526397175,-1.0345551207134829,-0.22150856699793772,0.26090041205742986,-0.23908946650727206,0
-0.1948600994069011,-0.2262670045264179,-0.07433591231177136,0.17427173005832358,-0.4191509682006275,-0.38489527281409186,-0.2182382671561195,-0.17052783817785439,-0.24414153582547282,-0.18498033234523953,-0.9754801504790225,-0.22132818967994372,0.2828971620362813,-0.30678529652856196,0
-0.14128405588518772,-0.13307404218129543,-0.08044417874194955,0.12466355653721364,-0.5285128947360448,-0.5157070867472793,-0.10726700451969945,-0.04690109500247135,-0.15710055465583264,-0.04698982382773331,-0.7712556461687087,-0.22044241011587143,0.5610132805971328,-0.05469144054617039,0
-0.3921736710302805,-0.35828985350038034,-0.07996855697213628,0.12569770212496542,-0.6271108521242753,-0.46087302064717284,-0.014523993189289949,0.0228471891994246,-0.07157085426100168,0.05319472661131359,-0.6648366022505775,-0.2194665299803564,0.5689240950335374,0.051408825551117705,0
-0.3653977013184283,-0.32185114514932733,-0.064816431086576,0.11882917364528499,-0.7205421043218563,-0.38088335948652335,0.007651095112828512,-0.07491340445131194,-0.04905405667271664,0.07470234143261925,-0.514133723453372,-0.2193755687501871,0.6200379281364622,-0.02739668167323275,0
-0.33831999767508336,-0.29766115621587824,-0.07019118180179845,0.12135445822791419,-0.7515423354657541,-0.42573043462450194,0.06495127611659582,-0.043297600400904065,0.0002680766821367747,0.1407697027218832,-0.40655576596047094,-0.21926541887378048,0.6248420873974947,-0.0998801628974867,0
-0.9763901480757761,-0.9429746610973456,-0.07613668338569698,0.13963917370891843,-0.7080559001111196,-0.12852511449971427,0.016611058726838025,-0.14147663142550834,-0.016312310329198033,0.05539718250150696,-0.36856659862272606,-0.2192587328840094,0.572234360939542,-0.332072950300259,0
-3.124544272594877,-3.079795702418364,-0.07726201520151858,0.18356401403596415,-0.5007418543363029,0.3245146738942755,0.005936408165241679,-0.0706815462544882,0.0064401595601551965,0.005269567178787887,-0.3211505029029755,-0.21848865415631785,0.6239539076142779,-0.6661151394350692,1
0.7615870441190828,0.8938645036619991,-0.0664741121525082,0.20751173322099772,-0.5913744745556153,-0.13590173919548976,0.11515338335336776,-0.08555286764872877,0.0494425809483688,0.1915934335414309,-0.38395214788539983,-0.2189091177134845,0.7376008269038586,-0.4091325047705993,0
0.13054476651595565,0.2305493126943313,-0.05608766160172445,0.18918591326155437,-0.755632643741685,-0.29289780241959146,0.21583730318683644,-0.09001680689887563,0.1256288796192783,0.3200903097227034,-0.5880115311508765,-0.21895939115795365,0.8510858942605052,-0.22345853795675774,0
0.034429564632876226,0.09972510813652984,-0.06723294263647082,0.2253891627618155,-0.8613348207670589,-0.19591294615010843,-0.05163016529591397,-0.22223533702734857,-0.09563100485312379,0.001081234064332558,-0.5739197390869947,-0.21978029784848846,0.6647248941570536,-0.027017940121321787,0
-0.4852803088390676,-0.42226635005941066,-0.07102458662023571,0.2739922070004715,-0.8800641270831637,-0.22985288202360327,-0.03387975700092451,-0.12052512421767421,-0.07519168062768948,0.015437401873899366,-0.6772263205708152,-0.21959101935534342,0.5572339657535501,0.012991841939362626,0
1.56027505073599,1.0308572766927933,-0.0809281414400795,-0.33325643562199975,-0.6600485977146667,-0.4109021227887131,1.2366984598740363,0.269147617918907,1.1422802227305446,1.333834462812703,0.6813130839809163,-0.22499756772665383,1.3286917285655284,1.4521188714981086,0
1.7051539127572841,1.2131626937580102,-0.07273720447825915,-0.3303550151180501,-0.6600485977146667,-1.5099756485090026,1.4550218859704245,0.6574311927928104,1.2505884191896277,1.6798337461907469,0.5461292750328011,-0.22498190547070182,1.559832159813592,2.400868442769867,0
1.5269764151952403,1.0856194946532562,-0.07081294663948322,-0.31305338496975577,-0.6578958038852294,-0.6946139431142145,1.3021253685330094,0.7428164533089476,1.1912122043527718,1.4180166572556376,0.8421250344995421,-0.22505215024098846,1.6074019686457925,1.9766644665583735,0
1.7994505704982657,1.3823692450685057,-0.0766043466470334,-0.2851869952348411,-0.5717840507077354,-0.8305108659428625,1.430928398199039,0.568031328053027,1.2858826913801875,1.5857075738812465,1.2113768780296963,-0.2250428926722574,1.6254367304802986,2.6442933915817863,0
1.6151879954128319,1.2036389659918265,-0.0757178068169288,-0.2902452001924147,-0.6729653606912909,-1.0992358699439213,1.816928993711356,0.34186418947233277,1.6157138871319843,2.033639967842054,1.2576749308902513,-0.22502550794360582,1.7500819937608012,2.99694079634751,0
1.7816805273857355,1.3697627825565393,-0.07700911058347992,-0.29474412966742736,-0.7784522583337209,-1.7172719932116882,2.0314751454472577,0.1887304829957275,1.7749277998112698,2.3111591563676863,1.1110168155795639,-0.22506704570200126,1.7042828745057232,3.3782553774641593,0
1.8285259877654159,1.4216912822715582,-0.07683035634651197,-0.285985113710155,-0.9140782695882738,-0.822604021137273,1.8496522118551193,0.23320500037391095,1.6939080079756406,2.0121352825477916,1.4962753791234085,-0.2250630468158513,1.959764432987329,3.045358431001139,0
1.1054113263063514,0.7131557257616948,-0.0807177196787127,-0.30360025682352515,-0.9291478263943352,-1.076680012192144,1.9181573610260776,0.24700824260826473,1.7491447334016998,2.0955388737724587,1.493805469401707,-0.2249600279879734,2.0535062842604823,3.3063683650870055,0
-2.856173036290758,-3.2184770712145085,-0.06844529585637081,-0.29052818969729505,-0.7676882891865341,2.1418244567788647,2.336891220986686,-0.04554496267071012,2.4730711196837505,2.147944572809915,1.8400354190566581,-0.2245749207533891,2.1237113105142478,0.4587804726139598,1
0.7856359807214773,0.4242692774068822,-0.08033160825966525,-0.27764968005842483,-0.7181740311094751,2.599339430034333,2.4788654169536195,0.2176263154568261,2.6525728657675827,2.2438011216960434,1.6511462649972959,-0.22461802589262636,2.49933119460796,-0.2912834429944993,0
1.5198936118232476,1.167001667835328,-0.08602502064880026,-0.2839030568507095,-0.8107441657752812,1.4433152106416138,2.5287025786798316,0.09682351895343175,2.604158511417569,2.409382567796111,1.3587750727913566,-0.22461802589262636,2.4866566310083433,0.4924163027432571,0
-0.7307524666258094,-1.0900979599201104,-0.08658011871432893,-0.28062546899416807,-0.6966460928151017,1.2421241061418784,2.2292062489624587,-0.3739723479626548,2.300869620399045,2.11792716968733,0.9100957338558626,-0.22461802589262636,2.2202885315976153,0.06098825138908308,0
0.5841796973322629,0.2143175032653911,-0.08473966164580694,-0.26988398427487686,-0.7074100619622884,1.1203519204051215,2.1587631492624357,-0.022510863176901458,2.233256215921671,2.0449686162739362,0.9692536395244701,-0.22461802589262636,2.2045895190254643,0.12722824431827773,0
0.6914373212681458,0.33591042836497637,-0.08811948937513861,-0.2409496508075194,-0.6794237421796029,1.9633679260955637,2.0680626609080073,-0.05605267838077567,2.189349928237267,1.8999364768556015,1.228449495168552,-0.22461802589262636,2.323593186640249,-0.22464834353200325,0
0.9598946430807329,0.6188336460009615,-0.08655900560795567,-0.18037290529615435,-0.6944932989856644,1.9541897830127133,2.3523924700458982,0.024241539531266752,2.461129814456163,2.19575552268194,1.263315307144091,-0.22461802589262636,2.4019916812978734,-0.17464736303247685,0
0.5683008415207462,0.24120452669579245,-0.07924683102351478,-0.16922335517391762,-0.6966460928151017,2.2623092921271017,2.2378175889131633,-0.08157404198221622,2.3813563643151863,2.0413320893548206,1.4687386277203698,-0.2246224995851341,1.9086442289789882,-0.2887644671600012,0
0.6364872588873082,0.3207097768282923,-0.07626245477930814,-0.1351603388171734,-0.741854763233286,2.6295497689203,2.215367028261937,0.19104512448174402,2.3583532399489227,2.019801930698869,1.7111840151093467,-0.22466371232933563,1.911506057538759,-0.2351071652394852,0
0.8291244182110464,0.5280852943092723,-0.08370678640701941,-0.08271670493981101,-0.7440075570627234,2.5080302683203795,2.0376665219302232,0.18552933055760748,2.1643583894063956,1.8635013276204675,1.707556986505091,-0.22474363491567287,1.6597269971217932,-0.11175372698310508,0
0.4332896793732957,0.15529803742158046,-0.06764320502093214,-0.1096763298781849,-0.7375491755744114,2.75669842694788,1.760049139386017,-0.00682014942795218,1.9493594341625124,1.5150313387577266,1.6770622474380334,-0.22477889398344802,1.3873028619173244,-0.4526706351738655,1
-1.2788181304035255,-1.5265117819337162,-0.09050245448660767,-0.0972294398343967,-0.6772709483501655,2.565525678087658,1.5120933884702306,-0.4478924033733046,1.6887702591710505,1.2849735955430448,1.0461662169570665,-0.22471350601639276,1.2546421232582257,-1.0856090529292568,0
1.13296175240631,0.9189438111612835,-0.0856103654215885,-0.07028145266017077,-0.741854763233286,1.6124532467683308,1.4310040076933792,0.12831817567214046,1.544125505598899,1.2800984516230456,1.0587769579615078,-0.22481866210687498,1.1907391564524208,-0.1157711924053821,0
0.5579864973835716,0.3775306235663703,-0.07830845556248153,0.003900590406498279,-0.7999801966280944,1.7552836482141994,1.3781580140915437,0.23855640079873525,1.4901282100029118,1.229242116499715,1.134095574089623,-0.22487448959728273,1.1709298404232737,-0.150415007676234,0
0.6064308939394829,0.4399143571560172,-0.08541874355179153,0.0207953517628353,-0.8021329904575317,0.7939895211964659,1.253455170094124,-0.0686228392912141,1.2981218528678258,1.1857085182287925,0.7465131728553187,-0.2248645090095683,1.1391800838460406,0.2969289287757819,0
0.39604131897841893,0.22713775552895102,-0.0833413228757945,0.007417239594035484,-0.7806050521631582,0.5042946384774949,1.1634636169954802,0.02238636473351384,1.1797728315114584,1.1303605221825426,0.5634588142254937,-0.22484298410228062,1.087301017093107,0.32986088248010603,0
0.7503188244383691,0.5806715108310265,-0.07845660224047299,-0.04441235842546335,-0.8365776917285294,0.6599267753322684,1.0859847017972089,-0.025916578079850115,1.1205949047820813,1.0321307162139715,0.556938036143545,-0.2248007189903362,1.09308970972874,0.16221837799082028,0
0.5033795976134691,0.32796588390103215,-0.08334425240477805,-0.10112927750066561,-0.7892162274809077,0.4274033386384894,0.963984209024308,-0.008171148323929392,0.9805182098531645,0.932979654550246,0.43852331792067184,-0.22458146224617512,0.9918205638104397,0.24025743257456725,0
0.33022038031128814,0.14484005077241854,-0.08340930435416018,-0.10332667284494107,-0.7160212372800379,0.31956758296898397,0.8854104051838507,0.15604319958234783,0.8943327190911592,0.864349938457752,0.4367918436022582,-0.22449731394432637,0.9052386791910709,0.3400653942060468,0
0.6979732784020324,0.5139359785668141,-0.0750296462639958,-0.08147730723585168,-0.7224796187683499,0.39359326846220516,0.9953553143428138,-0.05401727506315602,0.9986710059585805,0.9796300637057798,0.43079236009859595,-0.2244445861040078,0.9138298935101307,0.261761868108742,0
0.4363432903403132,0.26971468909290686,-0.08908406391518513,-0.08420409274672802,-0.7461603508921607,0.29760400149255345,0.9469824364694659,-0.1390042184803818,0.9517046746167661,0.9301651883906122,0.16056850374880283,-0.22453653590430725,0.8583537161658671,-0.02651098753613069,0
0.32034648208418925,0.18320026985045157,-0.09012793508792769,-0.07823193692498577,-0.7397019694038486,0.5106418863964837,0.8173917122620068,-0.11268459208705185,0.8460475283417848,0.7737720367879064,-0.03309385166859276,-0.22449933479198902,0.8375689922745786,-0.5243165733756645,0
-2.3428161766528848,-2.421402998547077,-0.09860622828766169,-0.06722090882169654,-0.47921391604192953,0.6259525250047567,0.7077241845456591,-0.29110693368230756,0.7267648990814872,0.6767893433198171,-0.12184670764373183,-0.22447818954632998,0.9811378047638104,-0.7672164404722228,1
0.024124519876574296,0.010444826675676446,-0.08159026855962376,-0.04178727287311501,-0.4576859777475561,0.5734687990150918,1.0108347407128921,0.285316348421705,1.0187021517991013,0.9895365111782323,0.1460804552097922,-0.2244990478763913,1.1784232174938747,-0.336062523728834,1
1.5665376686909953,1.551424409541951,-0.07734736092352586,-0.047978505292386224,-0.6105343396376077,0.4466675914151556,1.2285503808931275,0.04845434779592914,1.217775964970421,1.2267441975622595,0.24043064918747828,-0.22440970846902272,1.1740895322631024,-0.08087090149490099,0
0.08394813731420815,0.04779284100538301,-0.081534911057382,-0.051259696733753524,-0.6260344552095567,0.1844915161432546,0.9854838736930768,-0.184790553325054,0.9557018616672851,1.0090651012502734,-0.11728228530835898,-0.2243544135994719,1.1186083115935839,-0.21794368688113677,0
0.5071373661860215,0.47776020284423043,-0.08461623401364904,-0.0436708271836078,-0.6286178078048814,0.20617729111875932,1.0692955141380052,0.04958068449851964,1.041529036018608,1.0894967084962721,-0.17606858119701196,-0.22434893617847337,1.0279236528666793,-0.3660836538519348,0
2.3072420590121947,1.8437069060179703,-0.058590667084091885,-0.35116871675426176,-0.6318469985490375,1.473830107108464,-0.3122723244394857,-0.30681248847151094,-0.3005671508073856,-0.3224300921520171,-0.497008510456042,-0.22314914657562498,0.2050479344097417,-0.4627108414772304,0
-0.773741407877899,-1.196837030751985,-0.03203674535660019,-0.3496621370829695,-0.6318469985490375,0.2611309402089411,-0.3237727834707066,-0.2919316117178051,-0.3956883647870831,-0.23478275590481446,-0.9201045184630956,-0.2225006350266136,0.5036572918884262,-0.5116813155785362,0
0.3791693972502439,-0.04770400750524687,0.11658738829009085,-0.35921338271138803,-0.6406734532497306,0.6539796274166332,-0.419906285586332,-0.22001989360844332,-0.4486147208380883,-0.38093623892082307,-0.5278361998694148,-0.21993982296512288,0.1827040494539868,-0.48091772478585104,0
-1.4195551496339072,-1.8404247379603806,0.17577191667494016,-0.35799439266289373,-0.5905133570238404,-0.30997924142859035,0.4886290462274795,-0.1311631470578389,0.48231942245256965,0.4903075982259777,-0.18151269798349937,-0.21828771344861736,0.30859447888656477,-0.4492128160439259,1
-1.3601416555066577,-1.7791275965807891,0.17514345958556005,-0.3579704494454437,-0.5816869023231472,-0.5236982459329083,0.13820348189334788,-0.12227790596673244,0.03297185162204137,0.26116507075501444,-0.10994493782007209,-0.21831176568309424,0.7535158703267414,0.06963421702181592,1
-0.8900398271823506,-1.31110942250494,0.2495160388258426,-0.35780602749957696,-0.5627423166240986,-0.1743522370782297,1.2538377389548137,-0.4230448706050909,1.2731323259498468,1.2161284760117348,-0.7148783468349101,-0.21834668012384725,0.5907163627271682,-0.5110394033622075,1
0.26172381611645,-0.16126290529635162,0.0444889500552071,-0.35061845335118064,-0.5862077693649657,0.02088626883378412,-0.4777480727100866,-0.4188728059420968,-0.5882253183093612,-0.34127368615173714,-1.6590980062961602,-0.2183504346753386,0.43502095059756773,-0.47915608788120306,0
-0.07793608166842504,-0.4955017428435439,-0.0531059522133483,-0.3411498069431734,-0.6032148406175207,-0.06451847994426518,-0.27228807905528035,-0.4236641954301108,-0.33511411825535553,-0.19467087539832725,-0.21828704041236238,-0.21834987149261492,0.45201860758306167,-0.4114760135401513,0
-0.1739513497858306,-0.5936980218547547,-0.04620459153392543,-0.34247389347423574,-0.6122565747011576,-0.17170406421301415,-0.5063136951787379,-0.4368849477014684,-0.6028236260004389,-0.38603873245690706,0.14764872001714868,-0.2183498888213141,0.14713462886091738,0.8515413820800644,0
-0.7128223004620731,-1.1349575674318408,-0.06210146630707743,-0.3469967022893574,-0.5984786941927586,0.06519693030728156,0.09761229368646236,-0.2232093440853541,0.1545378411280325,0.029052257658545216,0.6586513536584013,-0.19393302385604821,-0.06098535882230508,0.10218959189634252,0
0.48298160597046563,0.041569703389489905,-0.060619460061813436,-0.33479085676104553,-0.6055829138299019,1.7270605902434044,-0.5370022718851059,-0.2301518465176031,-0.5725257666733592,-0.48857473151293845,-0.651038981847285,-0.19068935707424312,-0.46633706818926546,-0.43047768587190743,0
0.7262945097484699,0.2711586824789994,-0.0044282086092007275,-0.33328999236964313,-0.6169927211259199,0.4878664136315281,0.8014607652502086,-0.2342156569295449,0.7487395089234669,0.8543847649966927,0.36292196470662696,-0.1873851495936981,-0.46773956378504594,0.7187439205763574,0
2.6909132244921046,2.7575167584431424,-0.032650378455365676,-0.3417380393635055,-0.6667222585859225,0.11301883529905014,-0.45309299296881184,-0.1859282794840295,-0.5185554574141086,-0.37021079487757474,-1.5144038133841577,-0.1841457543362436,-0.8363889735001598,-1.0664147382042435,0
1.1120093410386558,0.6422481294798149,-0.027213991796205168,-0.3421542129063692,-0.6736111988401221,0.46579280172327203,-0.4772329532443721,-0.19372110116716612,-0.47668958467800787,-0.4722190427090611,-0.827833028839411,-0.18114990239345008,-0.7929938222350766,-0.18561960478365522,0
1.6255806175249032,1.1475368836703121,-0.022666822759077294,-0.3151585312904243,-0.6837293298384777,2.00740390038227,-0.7041753148884088,-0.2668079805392307,-0.7631098572010016,-0.626046108603088,-1.0659291963967492,-0.1798794748053221,-1.0021324647509537,-1.04575186677598,0
0.8668269540480711,0.39564755370514265,-0.0091819832597538,-0.2839548590706785,-0.654236054375186,3.4183189190898697,1.1233422451389818,-0.06763283639872089,1.1674227582342716,1.0578320542527762,0.3011949572207637,-0.18043873835489097,-1.1417550894703672,-0.0911342293177628,0
0.7645401413289478,0.29637191576959515,-0.054539646393475257,-0.24526955347571347,-0.6494999079504238,2.4967833833642485,-0.23842971128458787,-0.17714979150270152,-0.2142013574826079,-0.2642909533198472,-0.5861170339988574,-0.1813476863897812,-1.3524938461142082,-0.30378530058479686,0
0.9080056842487325,0.4356346056998556,-0.06789156036389588,-0.2201126284433617,-0.6398123357179557,1.5923426906389861,-0.05021450831156126,-0.15889434816095532,-0.06727906803367885,-0.029413892606773875,-0.0689475807642331,-0.18233318972958049,-1.43124423467209,0.19168807168849689,0
0.9547774635736074,0.4783757048911065,-0.038747014475002735,-0.21547156993459202,-0.6402428944838432,1.3651881135679833,-0.41434003995200885,-0.12543987046739716,-0.3491412288467183,-0.48662720057317777,0.03960061498740042,-0.1848428850165745,-1.4717915825576449,-0.43439685572122066,0
1.2981144277854275,0.8179769022420975,-0.03424454133307026,-0.2441866184874414,-0.6464859965892115,0.7120241166585289,-0.3680604529993662,-0.058883605226847054,-0.37878015308982593,-0.35100463368668006,-0.34365303202383823,-0.174337072320472,-1.529438296432111,0.016689187251675765,0
1.2896772810619377,0.8073466636752502,-0.028586878788860084,-0.271136552594726,-0.6505763048651424,0.5222054884609114,0.8005418803279444,-0.23100649944029658,0.7383986344733151,0.8646329144768751,-0.009557188938944514,-0.17384580369841154,-1.7536745828087659,0.00996697088926356,0
0.5617670876068425,0.0835824973005598,-0.0422997491810109,-0.27007572112224065,-0.6449790409086054,0.3542635246362719,0.33776737467598744,-0.16382990360597727,0.31953058349161734,0.35535670101924827,1.034089653095477,-0.17261026744610433,-1.6458350438332727,0.06630410827930888,0
0.2709348001309725,-0.19674987791312565,-0.03572027762796092,-0.2391284865219937,-0.646916555355099,0.5511375947345061,0.779345610980407,-0.24718918435733225,0.7401667338563143,0.8164968673026778,-0.6843209967135088,-0.1713496045799704,-1.549298925119236,-0.7537523331236693,0
0.9296468505449369,0.4733977683634164,-0.05326763059742231,-0.24269112162607853,-0.6576805245022858,0.5373057652020661,0.26613746775239805,-0.3093312652765316,0.24875677312646868,0.2835622560265672,-0.3620347696849753,-0.17141487601358912,-1.3392278677008793,-0.2400641293408308,0
0.8320743201605335,0.39722524451531427,-0.05537642245269749,-0.2662944836859501,-0.6169927211259199,-0.05205391867760222,-0.0862928953926302,-0.3438141072918005,-0.06311941350084681,-0.11270859602002727,-0.0469595266676355,-0.17098478636402198,-1.2159319133246318,-0.08238750188212532,0
-0.15467540885249983,-0.5533085649348295,-0.05084914144531154,-0.28291414735720855,-0.5666173455170858,-0.6052110467672186,1.04198451042787,-0.37062444628167324,0.9765091918373546,1.1071587513753214,0.07514932619672861,-0.1592401940607471,-1.2521025891847617,-0.06974735356715571,0
-1.3067017070683342,-1.681349008266062,-0.01937837283253374,-0.2856332100629193,-0.48804037074262274,0.13240084082632947,0.25755130233074786,-0.3389004942340929,0.30651697435361797,0.19652021275251227,0.3808906510104464,-0.13808127472541953,-1.3826993782060213,-0.2757287699509335,0
-0.652986415230986,-1.0203338989530188,-0.015587911999301336,-0.2514025315329351,-0.4167828949882464,0.5284575608320542,-0.372259634406982,-0.36779517167739334,-0.37247494252445934,-0.3675918007557497,-0.4459906447550851,-0.11995611068774602,-1.3718336241302171,-0.04942914055097418,0
-0.3516289526125788,-0.6877678399017672,-0.03632798533298841,-0.2449847415611212,-0.3653311224646938,0.21181250011734692,-0.47855410427808587,-0.4305006719853529,-0.4645271644359597,-0.48948980488696686,-1.130972755381396,-0.11985436381461288,-1.2136407246433227,-0.8008895148138772,1
-0.27454808035898576,-0.5786107981132013,-0.03961598987969973,-0.2544666072171168,-0.335837847001402,-0.4230179049964778,-0.4547937889066572,-0.40845617568084275,-0.37897418919556886,-0.5391769805962746,-0.8932809641755428,-0.11956419015456106,-1.3092941867832528,-1.3143128044395458,1
-2.5889087788373857,-2.8706184132660786,-0.03091177562784732,-0.25817917089800796,-0.22647592046598475,-0.5277202867519911,-0.22555788239220234,-0.4011339517076322,-0.22509730428645702,-0.22342938874654633,-0.29457817355646637,-0.10158051958880822,-1.4865107376919982,-0.07528877911721657,1
-0.5711312979775296,-0.8476639688701744,-0.013467486898794687,-0.24803328128054086,-0.2932125291785426,-0.16844373588788994,-0.07343006473737522,-0.38123938283770265,-0.09929555698412308,-0.041933466851825314,-0.15142630663605444,-0.08690615014785578,-1.3587027683988633,0.4376911586677772,1
0.2948865388755106,0.017831064916817553,-0.004552721836265367,-0.26152292661562,-0.6327081160808125,-0.05212729030402122,-0.1201748556388503,-0.45959801584252913,-0.1800640707788386,-0.047838213306241106,-0.5672176748358149,-0.07830171319693532,-1.3030174063942004,0.3192719332519847,0
0.027226411092017837,-0.25093473043101566,0.022800229067698772,-0.27073210547758303,-0.7948134914374448,0.14302351503137387,-0.4306708853989494,-0.40308882509683897,-0.4508229438852806,-0.40170444097933594,0.7912461034520818,-0.0023275285898247755,-1.279196647018649,0.7541030819398096,0
0.22568626124112592,-0.048495889447565554,0.06318965333313746,-0.2516582579309563,-0.8010565935428131,1.0690448780442192,-0.13440900611982917,-0.3970620123104951,-0.14598182437703455,-0.11911283591293267,-0.3722684724365882,0.28663585335839986,-1.3866098542605527,0.1627792049213496,0
0.25829672494343336,0.37816415132388004,-0.08169856554013814,-0.26812972833217896,0.1117279901386226,0.34808805077605587,0.4850194734071105,0.002467329060760792,0.5102640955402425,0.44937889275876985,0.10159171290665964,-0.22530391602341568,-0.12173100117060225,-0.025838110082671235,1
-0.21229847220490433,-0.1261024579798474,-0.07838503812204992,-0.27105329943717893,0.1117279901386226,0.304231387539103,0.5039805404010085,-0.22107484952249234,0.5328315653034833,0.4638450139995881,0.04414371893088937,-0.2252870292060542,-0.23739845111702715,-0.18250486581782174,1
-0.41009595718992864,-0.317287822026815,-0.07826556148024616,-0.2621505040607826,-0.26070534235403875,0.23814392514281665,0.44925825928286917,-0.22281597672847575,0.47650152508357124,0.41167510326511136,-0.036820188036250784,-0.22532556834857934,-0.30416223121489405,-0.18403898498659732,0
-0.5311166172480509,-0.4234006959635972,-0.08108635649197442,-0.23895881181709933,-0.1031208340392248,0.54850192658466,0.39569425503455496,-0.2091297901681952,0.4516677966272281,0.32472787613666854,-0.001073416759918403,-0.22529131338035516,-0.34348594947650446,-0.5380927874037279,0
-0.07146219793886935,0.06840401214571992,-0.08006352824565595,-0.2312149973734612,0.08460278788771194,0.687381415125576,0.466221568198133,-0.19887611774162806,0.5206952530413104,0.39619504454529453,0.11727445748092118,-0.22530424408457256,-0.37086170888979525,-0.495622961417429,0
-0.029654897787533108,0.14151932374901607,-0.08419681515024155,-0.23312662131607556,0.08417222912182452,0.8782381717259846,0.5518199353594567,-0.08700160841891992,0.6014816414441775,0.4864763396893991,0.24099855459965183,-0.22537852176302187,-0.34650901918995586,-0.45898484738489553,0
0.052517404015439896,0.2340876310415457,-0.08330002513850547,-0.2538511863517006,-0.07427339672476425,0.7225157096729174,0.5649622157388285,0.04760311797708733,0.6049044083522086,0.5109712527757809,0.3362799205256728,-0.22535071907817908,-0.4587111679330217,-0.31714203312558625,0
0.2759045003332352,0.4455411913540798,-0.08332140091453007,-0.2727412060610442,-0.27017763520356297,0.9314722148498904,0.6639098469063978,-0.09411967910364268,0.7005828734242032,0.6126167919817785,0.376547532204804,-0.2252587476426093,-0.5350474996307192,-0.2612373781221601,0
0.38364621452472963,0.5256550622481864,-0.0840278146142523,-0.27703384883592913,-0.5106447059517147,0.421021512426692,0.6307491698059216,0.7176884818624293,0.6654862780092664,0.582141444522095,0.16531301543724855,-0.22524749678249148,-0.5430036358609239,-0.22826459517469197,0
0.49037114320207137,0.6197614727700854,-0.08309582583306546,-0.31024031615068504,-0.6768403895842781,0.5103433811658148,0.6644847391960131,0.80191479633584,0.6854320097534805,0.6318050089151739,0.2896404708158977,-0.22560982252878256,-0.633900009998952,-0.18833451809370008,0
0.2681536263913732,0.3806948815715896,-0.08213889386596525,-0.31397500105030846,-0.869945996084808,0.21361659758523893,0.863759767971743,1.6115503473495252,0.8836127730358813,0.8300134301809151,0.3158009089054837,-0.22555976961779658,-0.6795121740027552,-0.27785245652985346,0
-0.24347891937403943,-0.14836963010806312,-0.07369013119105015,-0.31614360511286976,-1.0004053021487114,0.30296075514459264,0.7549500796082395,1.1889863356471537,0.7846231180028549,0.7108661634654072,0.12158547156994091,-0.2255480457115753,-0.7136677281467249,-0.2524229822512077,0
-0.8041145634099127,-0.6836968519892299,-0.07777639512950932,-0.3105175638709383,-0.906758770568187,0.311551570257745,0.6367581789302118,0.27752245007473586,0.6792732720030985,0.5788696689205591,-0.0773705152582809,-0.22556848459668236,-0.8194887527743991,-0.5387280391959913,0
-0.8440357723943922,-0.6785514138764445,-0.08340256633477407,-0.3032535158739889,-0.6830834916896464,0.784482943278706,0.6113547992312598,0.024836793920492845,0.6513688043163847,0.5567288523633279,0.03937916785053436,-0.22562861901912099,-0.8987575276318791,-0.6321405819048028,0
-0.32638629949711107,-0.11856860257338347,-0.08730078233559838,-0.303235815148913,-0.4563943014498936,1.0484440603838832,0.7107113460982649,2.439230222722808,0.7595846686888834,0.6444176838848305,0.07587982705911696,-0.22565638870299398,-0.8841117184639276,-0.6663326357806195,0
-0.3216230053499175,-0.08187895992853662,-0.08530316828607658,-0.30640440364898347,-0.19246177796087477,0.9373096824539392,0.8038121745434003,3.717022127823517,0.8559815043476803,0.732512212648788,0.15698405684015052,-0.22565643079634035,-0.8747577035688667,-0.6390891123589784,0
0.08403213125989827,0.3514646120122806,-0.08806384220569669,-0.29692885533452545,-0.3786784442072054,1.2254236959831069,0.8906228724034166,5.937830747756399,0.9385107106638603,0.823363341742726,0.28933287654768947,-0.22565898416672336,-0.9352857533090477,-0.5440542672392543,0
0.17791202892035787,0.4307856732499991,-0.08565269000433723,-0.2886291050725403,-0.5625270372411549,0.9076263966186968,0.936361083720065,5.937830747756399,0.9567043394992253,0.9011736210964395,0.3091120553838247,-0.2256821215605868,-0.9187028286564467,-0.1433640683731777,0
-0.29926747118684477,-0.10272117152712558,-0.08154603423456536,-0.28403552537630244,-0.6690903317983037,0.6054247742354267,0.9425788585128215,2.3368335817708386,0.9855790578814192,0.8804906501717107,-0.005708457336919598,-0.22569936351922065,-1.0127187613785789,-0.32204629292500303,0
-1.8594130511184144,-1.7200041675135458,-0.08764841667176602,-0.2547346737971242,-0.5196864400353516,0.48399050329208765,0.6782260805493711,2.70705351165133,0.7275347327512312,0.6118020565158573,-0.11620442882877098,-0.2256865281441146,-1.1807881022064146,-0.6066982714714593,1
-0.5144501683198449,-0.3555376468000609,-0.08724591841165297,-0.23591066657301618,-0.3821229143343052,0.9987888132162592,0.9413426775989452,0.43046196528923203,0.9753170585963853,0.8899561770728855,0.19927905641364851,-0.22567358315940061,-1.1921534891047691,-0.7009808790139969,0
-0.3919438022351576,-0.21833501763924928,-0.08223043564415387,-0.2242138300380838,-0.3851368256955173,1.1012216854067103,1.1465243160522784,4.8852808881325895,1.1651405702674136,1.1108903667946541,0.2634723630274027,-0.22568602346424482,-1.1347361853756186,-0.7229007565215476,0
-1.1342869187705102,-0.945454231396705,-0.08169170516957594,-0.21213043634599457,-0.20344102649100526,1.1830012484940444,1.2807204493074629,3.7721634386400877,1.3070096673654013,1.2344104903843143,0.1527807756901657,-0.22566525528798112,-1.1418152404502637,-0.9551005117318023,0
-0.8785906405992275,-0.6651276536212065,-0.08145004819346774,-0.23546538852570548,0.10225569728909817,1.2501616059210183,1.3028393810043963,4.564438771809659,1.3326592443207748,1.2520867428453804,0.1770829075217062,-0.22567405584036018,-1.2137772682013457,-0.993874441314728,0
-0.43531385025428526,-0.23267009791982265,-0.08865428455832575,-0.24439355103768706,0.14057542745308296,1.3586148131301587,1.321538680538596,1.7315674879813374,1.3652567847927626,1.2541081105883838,0.17617462289534216,-0.2256741310211883,-1.211311148207924,-1.1081584215920015,1
-0.29824503012112596,-0.11676846963393823,-0.09042273614001602,-0.2576717056226837,0.022817604982860066,0.736743054491271,1.4728481949653938,5.937830747756399,1.449389893670162,1.4831644204807934,0.26436306336274995,-0.2256226411390843,-1.126452171243257,-0.32832637946848786,0
-0.21630503445145893,-0.0585454412507202,-0.09175726928808427,-0.26400262344701086,-0.1633990612634706,1.1231151590320272,1.3083519300810866,4.30400339703895,1.3500149801338839,1.2435109750740958,0.261527276920738,-0.22562190466490126,-1.1058475463789033,-0.7465236052486247,0
-0.1199079272663497,0.022610923830993526,-0.08674636279308037,-0.2571004929219779,-0.41527593930764034,1.2751083605985811,1.4609023157451606,2.788400069082892,1.4876813569353342,1.4118764403993087,0.42328443545738725,-0.22562821783163298,-1.0564733512184623,-0.6698657243664318,0
-0.26097298697617877,-0.11831721166592729,-0.08523084763677828,-0.2570739224193251,-0.6316317191660938,1.407637905672383,1.529670338848309,-3.010515532882994,1.5481930479296433,1.489605203680542,0.5524222871659463,-0.22564153765450362,-1.0373860391646015,-0.6235214787788347,0
-0.24981547864633064,-0.1269034238596054,-0.08085332526434581,-0.24366483577132275,-0.7291532796396056,1.064356287038548,1.4790141458766577,-2.3375915275044297,1.4922398470781335,1.445821448933601,0.4573475520047997,-0.22562542072006964,-1.079020076898442,-0.4003019037322569,0
-1.9140961581428724,-1.7863161497820617,-0.0872593084635919,-0.2144475560580321,-0.6342150717614187,0.8838229228338941,1.3306303274545164,-3.010515532882994,1.3607194663665796,1.2792294088269787,0.2742410017746274,-0.22563157929126923,-1.0679886293146517,-0.4712478689607174,1
0.8232003839629823,0.9980802619435631,-0.08065557469889803,-0.1856508601299777,-0.5504713917963058,1.6498641020174787,1.5225651609194604,-1.9567386679964038,1.5286408726031528,1.4973221664359344,0.932773560558308,-0.22564198075912145,-1.0207245855726932,-0.3241621815711971,0
0.4806340894069079,0.5274455908404448,-0.04618186274559954,-0.18871424506442602,-0.6975072103468767,1.0685593128896935,1.8907838511589337,-0.2535867066436139,1.850835357632234,1.9156709929113969,0.5907281273037097,-0.22560589214387178,-1.0917893202855122,-0.20719215847922362,1
-1.031813329901098,-1.0097717106445854,-0.07518403874659711,-0.17094736938806795,-0.695569695900383,1.5045581669208188,1.5555264516897214,-3.010515532882994,1.5620434205252614,1.5293702502498139,0.5736511508108052,-0.22561448170095988,-1.0701639509767096,-0.6933984186916113,0
-0.5787529062173743,-0.45832315941563834,-0.07749397895574422,-0.14543715338395766,-0.6600485977146667,1.4567771292626444,1.358703186202519,-0.6477252795045871,1.3990475175068287,1.294826783430376,0.4889843764372613,-0.22561481095052577,-1.1405047240270714,-0.7659102046391694,0
-0.34905646919822575,-0.14067075448795105,-0.07380687653164607,-0.31918650515108127,-0.29256669102971145,0.4808646506195599,-0.09014791846857789,-0.3412200806430805,-0.009918250237485321,-0.18407550915958956,0.24086335460564356,-0.2237655434240493,-1.0979586311209841,0.12499997620547035,0
-0.03818056913027114,0.13778734830148204,-0.07706736659373412,-0.32504959119581917,-0.29256669102971145,0.6150295570993705,-0.12173327511926259,-0.495348734238458,-0.01437715108156238,-0.24740562235011704,0.08091247679415738,-0.2236881878220497,-1.1600632386023804,-0.3034079622570914,0
0.09403821056643451,0.24340461476999337,-0.08229154359886932,-0.3286587744131522,-0.18428116140901277,0.49606346248466665,-0.1723238288121022,-0.5255058745057974,-0.07865132765649213,-0.28119431335756795,0.011194422982027148,-0.22378122271988882,-1.1546253356494998,-0.42170553490316387,1
-0.10273733413544411,0.03888010427935373,-0.08247891618147461,-0.3074000393384205,-0.17244079534710743,0.4126305947632551,-0.1628406913313732,-0.3431543658053895,-0.07550821549632931,-0.2643166618650195,0.011981037586423108,-0.22347636642412727,-1.118032707445131,-0.3308036191285929,1
0.4935962389546804,0.6506286363217645,-0.08677358101575257,-0.309061420209817,-0.305052895240448,0.4187962247887807,-0.15609383285515116,-0.161189927834313,-0.07388029482584439,-0.25158868575550364,0.12431920341436506,-0.22348903197036588,-1.0892921834966784,-0.18000969802694017,0
0.2508550630271507,0.4188933733964132,-0.08166902164096375,-0.299470451365405,-0.09881524638035,0.5001978241809264,-0.1619865135367547,-0.24033534448263377,-0.07792011570326537,-0.25960539803494176,0.3377254294211228,-0.22373940654705973,-1.013413180310406,0.027346019899701236,1
0.4862136318653481,0.661106483606526,-0.08730602905076752,-0.28855813612732384,-0.37243534210183715,1.0494749124808618,-0.11098103721864247,-0.1354335431541056,0.012793927910457588,-0.256221634915816,0.5742149115101856,-0.22369967126219184,-1.141266037638463,-0.20062817799198296,0
0.5554754635646534,0.7211777777856538,-0.08116757160718342,-0.2973632292159556,-0.4475678467492004,0.967364110772299,-0.07667581056845058,-0.07288424943475395,0.032252752832655635,-0.20474413756436527,0.7812587267778818,-0.22348355032518846,-1.1474273695537252,0.20089559418272743,0
-0.15036004403955544,-0.009431564379897705,-0.08264765450357506,-0.3093094826907494,-0.6520832605457486,-0.07793889052279283,-0.08600774470777751,0.04514549860211271,-0.0735400745960383,-0.09975056950120754,0.3902818404854921,-0.22332007253226868,-1.0584940137781622,0.7342907058586097,0
-0.3113471164614673,-0.19750210537858462,-0.08211326958939845,-0.29624683764826576,-0.7575701581881786,0.8388215641249949,-0.12319324221644706,0.03484825194548651,-0.020924489771227336,-0.24282456129483332,0.6467817478039222,-0.22323201703614207,-1.1316034307167577,0.09258855591681321,0
0.025094846035855024,0.15322569282494627,-0.07872712364566631,-0.2859024064265609,-0.7121462083870506,2.381190133660295,-0.03873698190812255,0.20915698729379437,0.21204780198980033,-0.33522043274756685,1.4463473090373145,-0.2228845176997884,-1.3312452502852514,-0.38981828628128334,0
-0.3126737644945837,-0.14896835119012597,-0.07910976366857704,-0.2977453541891406,-0.6518679811628049,2.5800084826121035,-0.059020985937271106,-0.20516905959029935,0.19181323896027405,-0.3553225238226349,1.4300845271746254,-0.22281873362548513,-1.3218965116113084,-0.6113294997604348,0
-0.49873656477185174,-0.3469146949312224,-0.08719217788010925,-0.27360553718571823,-0.5907286364067841,2.004601985084051,-0.15816019675749426,-0.24534313824007084,0.046208557290297686,-0.3982688904502957,0.9872970134737896,-0.22316803699494925,-1.3257727504170218,-0.6497696597082525,0
-0.615474874671501,-0.47832752201028356,-0.08153980560622182,-0.25904711889686133,-0.547888039200981,1.9519990047686122,-0.1791831521485393,-0.20639329144119734,0.020527041050955964,-0.41352664606205664,0.8481222281421863,-0.22348118813467716,-1.3312192502125306,-0.807319066871092,0
0.21279517776049062,0.35986329364694897,-0.09110863330166816,-0.2409561150225697,-0.5403532607979502,2.013459827162664,-0.13786345385134263,-0.20199286442664438,0.06688295420569462,-0.3786599149373181,1.155411527883251,-0.22359880956855152,-1.3900900819630544,-0.4437288861388993,0
-0.14592515318872856,-0.028979333357682702,-0.0860372871123765,-0.23360918342097234,-0.5134433379299833,2.6322297386055586,-0.10627450672729402,-0.011722374993479298,0.14206384955161458,-0.3990606421891375,1.7461702121787355,-0.22370220414039022,-1.4608933634311119,-0.2842390975424062,0
-0.20627102040069287,-0.12486042944698847,-0.08228559165136715,-0.20657453060866213,-0.7252782507466184,2.6318192956585595,-0.08535319307910381,0.012749664655716841,0.17737519505483498,-0.39542590773078157,1.9271675928965366,-0.22371231254825155,-1.4395923654086524,-0.020941382790577927,0
-0.08415804269154917,-0.0656999878489279,-0.0898940602554611,-0.19560761931097384,-0.9198908129277548,1.9985356877531584,-0.08039567244739192,0.3871731290298921,0.12644335658229605,-0.3243511525427595,1.8402915769008297,-0.2239035058626572,-1.4399142872833985,0.5286271404768144,0
-0.7404001973164883,-0.7856411913418223,-0.07558151994719262,-0.2227359382684674,-0.9138629902053301,2.558870974032668,-0.0304287447457339,0.14987319112438838,0.231563487017896,-0.34028090454206983,2.1308876537053343,-0.22398032976240329,-1.5335075577061061,0.3029617326600654,0
-1.3939883235903199,-1.447629611004579,-0.08290661334367991,-0.22847035312610087,-0.7892162274809077,1.879258463589677,-0.15908631480776925,-0.1511441362236912,0.02497100282458888,-0.37513419841356055,1.3490641214527168,-0.22375563429622866,-1.5932720324098892,0.043075295843651155,0
-0.6580684669362464,-0.7025651216545906,-0.08186413876229144,-0.2165221879900864,-0.6972919309639328,1.8821516889024026,-0.14546299369947982,0.2309615656464501,0.03593839241416613,-0.35852760741179796,1.4857175141448409,-0.22384025611061062,-1.6272498101098496,0.1641539699234537,0
-0.57210171806748,-0.6301594495454097,-0.08720052488563963,-0.2269951719209443,-0.7685494067183091,2.1504218106604407,-0.12157635875604571,-0.17469776665413603,0.08465103717384856,-0.3643194620027466,1.7336352879876078,-0.22399259594909635,-1.7051113913186455,0.24405193312478263,0
-0.13706515034718367,-0.1969095794120702,-0.08996806185520317,-0.22024913669608062,-0.7829731253755393,2.0039657318124453,-0.14091077680362818,0.2886404570693896,0.07258677854421862,-0.39203294222532703,1.793976515964745,-0.2239188128802758,-1.7267893004751254,0.3184915138529239,0
-0.5962414892315033,-0.6302907298545697,-0.08326850281474978,-0.2026202120828938,-0.7192504280241939,1.6302120008862302,-0.15015041125830875,-0.4912422729144169,0.026620396261405686,-0.35767660492237285,1.6910194132648007,-0.2238988848762063,-1.7263683147736277,0.5728098384067406,0
-0.3177999790727957,-0.32725978649832443,-0.08363925683505115,-0.1847421105007984,-0.7061183856646259,1.7636727410917612,-0.12968416957612686,-0.36724510267972826,0.022311920640268264,-0.30811838147131815,1.7527554316282778,-0.22375101330977779,-1.6953664127755321,0.5522580506251098,0
-0.36928013578662516,-0.3423786686199403,-0.08303014202747395,-0.20488928483804897,-0.5317420854802007,1.2690392533007524,-0.10693517737897792,-0.19927893100213231,-0.014844166065166909,-0.21470823320159785,1.3689458203742066,-0.2231401766633005,-1.6823783209519438,0.5013885279083226,0
-0.5561637548338527,-0.4995519112251706,-0.07654121744022258,-0.1966896388173428,-0.4490748024298067,0.590792900234757,-0.13004504559103722,-1.1441191176261127,-0.09986166100395132,-0.1642421940294754,0.9959333326358135,-0.22302378556706867,-1.7332886333492192,0.6424880484674987,0
-0.2056576723038757,-0.12487774298246453,-0.08442328636138892,-0.181661272732013,-0.5601589640287739,0.8276546500011893,-0.13018670203026142,-0.2547187947448062,-0.07426006722617044,-0.19486356204008587,1.1070790617831505,-0.22306826256165851,-1.7667800252806851,0.6121587373090489,0
-0.6467683750881218,-0.530317788999677,-0.08023621753076325,-0.18928256415284722,-0.6383053800373495,1.2582742581991797,-0.11446839936621765,-0.6318462545638065,-0.026262338746566152,-0.21755216344689304,1.4534907631596161,-0.22311649410773965,-1.8319606810169162,0.6425616889852187,0
-0.5672203720105634,-0.4538926456980945,-0.08304617356953946,-0.1788573916139264,-0.6634930678417665,0.4117787279727756,-0.09878154141849041,0.09090066148618149,-0.07720486028265944,-0.1231584993695468,1.0525326478732007,-0.22288515597354192,-1.8019467730473173,0.971837210286821,0
-1.2153134025128847,-1.0868572938065966,-0.08719283849396614,-0.15605496901982205,-0.5041863244634027,0.11404546875982223,-0.1961730615923652,-0.5777525143730626,-0.22004709820657287,-0.16557941526158762,0.9326776802354233,-0.22267172416184133,-1.7475507871720908,1.2759654296096572,0
0.1842205782025097,0.3468658826906638,-0.07685237525633906,-0.13133418263656726,-0.5181794843547455,2.4103268125300197,-0.09303676677953487,0.04319797932287346,0.12898221930599146,-0.3548162792795802,1.6163794075869569,-0.22295793651014345,-1.9150540541985426,0.18151472701682814,0
0.005474096795716426,0.06308285832302024,-0.06612156390972194,-0.1647818364533013,-0.7610146283152784,3.8785375003919,0.10707261189420933,-0.12807673665960684,0.530806336004993,-0.39592015096524563,2.915435984657521,-0.22260298698838435,-1.9150540541985426,-0.5016866265711448,1
-0.850973431202353,-0.8675862612575483,-0.06728052496600062,-0.141790294815756,-0.6871737999655774,2.9240456094728895,0.067608161556199,-0.06515694309571418,0.28617802322831126,-0.19199174415910306,2.07484429573088,-0.22227403051541147,-1.8418020682111078,0.03588920205067025,1
-0.304552046462231,-0.2644656369329474,-0.0784457274591074,-0.13964395199767632,-0.5954647828315464,2.541425798808464,0.08517610396712931,-0.11238333498982335,0.27262464006124887,-0.13778273746895014,1.9789554313607898,-0.2222107807633649,-1.8203107234922506,0.01508663468315114,0
-0.8291123210864991,-0.7869045466218917,-0.06454825095912002,-0.3511671678347946,0.8283930559583159,-0.6340433186548391,-0.42016656299317906,0.05095927807997104,-0.39570618861725415,-0.44414815697600774,-0.6171437960566152,-0.22535407856421005,0.2063410063491385,-0.6251617931313053,1
-1.164754351839736,-2.1626567257057694,-0.08100065229806148,-0.3544014418695807,0.8283930559583159,-0.6340433186548391,-0.3845369108377972,0.08566246511141563,-0.3183466469193128,-0.4583513016625537,-0.6171437960566152,-0.22533421612038587,0.21930528939284338,-1.1364932945098154,1
-0.5752913713044376,-0.5631584906278009,-0.08847298518128026,-0.3540470081978944,0.8398028632543337,-0.6340433186548391,-0.30372365326921186,-0.09821639581443514,-0.2528887510515508,-0.36031446008701395,-0.6171437960566152,-0.22528975847617677,0.2277603239903831,-0.9405415256509734,1
0.8541485029819659,0.8504699240921758,-0.08718520132853161,-0.353339586677357,0.6540167557738906,-0.6340433186548391,-0.3332549045319531,0.19123873379504414,-0.2718862768988507,-0.40196813407308435,-0.6171437960566152,-0.22529366725309094,0.23214085927987968,-0.4934423635106208,1
0.5108580114107245,0.4504891986253155,-0.08503376073558265,-0.35232157956165333,0.3418616505054749,-0.6340433186548391,-0.3110956977477483,0.19149329538016316,-0.2662210019126873,-0.36054190929053215,-0.6171437960566152,-0.22535050249832037,0.3222859471419352,-0.256396057830312,0
0.40369312885543807,0.3042978978574381,-0.07557675127184402,-0.35039777777035747,-0.06566222140701486,-0.6340433186548391,-0.3444915949583405,0.15432216638781743,-0.3108663192487312,-0.3802220021454074,-0.6171437960566152,-0.22540687102391826,0.19068279797490453,-0.06916151021692851,0
0.1041349641356514,-0.029853264418706782,-0.082490946013597,-0.3461635159291126,-0.10247499589039356,-0.6340433186548391,-0.3760908190801714,0.30864414709382404,-0.34454061762356075,-0.40898963853721615,-0.6171437960566152,-0.22543079473720948,0.009168800207194048,-0.15794300063906752,0
-0.3093974513422826,-0.3700012748083601,-0.08766078656500206,-0.3502840067969453,0.01958841423870411,-0.6340433186548391,-0.37379404688176615,-0.05865310875074795,-0.34545961465605945,-0.4029124496136082,-0.6171437960566152,-0.22541084131771455,-0.04986278544153549,-0.1957175061195556,0
-0.63881538076958,-0.5848072814879446,-0.0872932682382576,-0.35096320938823994,0.20494396295325976,-0.6340433186548391,-0.3272381926059196,-0.011428147022306165,-0.3036459949638992,-0.35129342445670586,-0.6171437960566152,-0.22528752047467626,-0.1434560587701016,-0.5656948091268057,0
0.5806020058481696,0.7514796724856108,-0.0937852417591225,-0.35027297587870443,0.05532479180736398,-0.6340433186548391,-0.2656380812245033,-0.2364671452250232,-0.2606626338531947,-0.2683803104207919,-0.6171437960566152,-0.2252801160142119,-0.1833047922818818,-0.14267388836959177,0
-0.09602726679261651,0.047836298367243714,-0.0809402197757138,-0.3516534384895662,-0.13691969716139116,-0.6340433186548391,-0.14058787412065507,-0.8476307715511584,-0.10607473022060136,-0.17978671170289615,-0.6171437960566152,-0.22517214599546362,-0.19236615422541936,-0.35198734304393997,0
0.04993136174075353,0.19527516257732638,-0.08089042167827361,-0.35271617341114425,-0.28696942707317435,-0.2091785008663996,-0.16313693218207012,-0.3897960070412672,-0.11621159425737508,-0.2167651695914291,-0.3705936209271356,-0.22511059387831445,-0.247206027671741,-0.19169079127952907,0
0.4013717125758078,0.224634018846456,-0.08064911577166163,-0.3488809323132753,-0.3194766138976783,-0.43095690994858626,-0.24358705045350465,0.12923283008026473,-0.1995187827537913,-0.29287867913935733,-0.48506740616335603,-0.22518564794024987,-0.18406243278207232,-0.22759152571462335,0
0.4053015174297073,0.1617264391215071,-0.0849951878565761,-0.34580153867848284,-0.4350816425384639,-0.48321934998211596,-0.32690865606568,-0.9771152131650835,-0.29647569242958405,-0.3590676286843764,-0.42605885376342034,-0.22533817226943578,-0.3294618765329467,0.013843109280890378,0
0.23259393400660527,0.12624058151404577,-0.08246959973860658,-0.3434372299759243,-0.5943883859168276,-0.8366978744462712,-0.31135960893463727,-0.15021620788935705,-0.3060288878071347,-0.31398050218930185,-0.5858529174722876,-0.22541213735280874,-0.35769765263205955,0.21533279865624694,0
0.034263946577677534,0.027335481267246588,-0.07895528331622463,-0.33810096090274333,-0.6370137037396871,-1.255012386121624,-0.32508143036952447,-0.22827843223067673,-0.3465947393977576,-0.29575488692056445,-0.8721735403960601,-0.2254427772011623,-0.36310607392742866,0.23966424631110964,0
-0.12038432739110752,-0.15375781180851192,-0.07740993496233108,-0.32390358560322474,-0.6262497345925003,-1.2667515353798362,-0.29723527711392467,-0.09840882294237668,-0.3039267369661339,-0.28578869725012834,-0.955772681828317,-0.22540057062426438,-0.5750447963977214,-0.05063771092583719,0
-0.04574161298898848,0.001784029432778466,-0.08206538261799907,-0.3151842306096934,-0.6684444936494724,-1.2216559001567033,-0.317939114476156,-0.02331525133201678,-0.3147432579270305,-0.3179542176314427,-0.8285633163800801,-0.2254634323964999,-0.7466392661135242,0.1269839790997648,0
-1.144853618776386,-1.0857177779552531,-0.07461670356458783,-0.332177525790412,-0.5595131258799426,-1.372133716262314,-0.21537837144990396,-0.18991218429151838,-0.22666060424040746,-0.1994664305674327,-1.0901908026548022,-0.22544192693286985,-0.7367623146399092,-0.20009706253727713,1
-0.8805424196520407,-0.8596883605362649,-0.08329125676370973,-0.3197189781653187,-0.13885721160788467,-0.49468980081674496,-0.37788020259291194,-0.4615385723361456,-0.334334085577731,-0.42496161833606927,-0.7879811976330574,-0.22538018460932432,-1.0226568417208974,-0.7203097327708052,0
-0.4768594935317934,-0.48317607373521876,-0.08241418743736853,-0.3166230201735453,-0.044995400644416296,-0.47122912017449964,-0.3235701287178623,-0.42898300809813156,-0.28494760441463807,-0.36546555707588435,-0.8670017575912585,-0.22545401993259526,-1.0099153055224064,-0.6418295627329017,0
-0.3055596690396088,-0.21331117348726544,-0.07429219082306464,-0.3158294802745027,-0.05920383991870295,-0.5599862873882495,-0.3048070514024859,-0.3437261657832077,-0.27969858147876075,-0.33092353774315186,-0.8881167366684307,-0.22549630997520526,-0.9898214310149182,-0.594081444479534,0
-0.23194912734191528,-0.07890191296256882,-0.08825955458176572,-0.3142631514511844,0.03551908857654046,-0.7346026573597509,-0.3445879922377535,-0.15758200840691663,-0.3299474640144948,-0.3578382960839093,-0.8822672316902711,-0.2255072364276525,-1.0500896319565063,-0.4845175100050858,0
-0.17171508648029793,-0.07954309214382405,-0.08790891331036407,-0.3177336561158836,-0.19956599759801788,-0.592492343489404,-0.36080238829179895,-0.4606271553368629,-0.3300730886533927,-0.3929104503710349,-0.6314203098696535,-0.2255123919517012,-1.1122863269477579,-0.3270342955939402,0
0.16201364199392304,0.006208148797734525,-0.08747085647281104,-0.3189863969338444,-0.288045823987893,-0.5980006276770684,-0.3763986402962379,-0.23491112729429792,-0.3572584893265136,-0.39459964446454776,-0.6268148593629068,-0.22551723519857153,-0.9675663887742458,-0.17287158648702955,0
0.1253134351674495,-0.13559510725668744,-0.09187003453158778,-0.3221718318596684,-0.29084445596616154,-0.5185721950875666,-0.3807450652617958,-0.46128016134982086,-0.35792445036532544,-0.4032524123236252,-0.49225879641316606,-0.2254380286026867,-0.9305264495297465,-0.14918437516759314,0
0.1492579640705138,-0.1703544085986217,-0.09020629735325515,-0.3136448009937331,-0.3485393305950824,-0.4407648924623565,-0.4237146161822347,-0.3103722004087462,-0.40055780095694643,-0.4461106662455957,-0.5128149975954546,-0.225437144839028,-1.1385209402370604,-0.1543517496601125,0
0.041226619879822714,-0.234266740341401,-0.08453770285618592,-0.3057575335061587,-0.4370191569849575,-0.5693905083138103,-0.3931879644719984,-0.2974996618482474,-0.36986312943316263,-0.4161448327368693,-0.5037517865983591,-0.2254472359181901,-1.1200157248647045,-0.060302174982209085,0
0.06600982472953199,-0.1264816557212494,-0.08572592263439562,-0.3140611737290159,-0.5233461895453951,-0.778077118642535,-0.3646623559104269,-0.2971161235994435,-0.36012104701493663,-0.36571667308458294,-0.5912310187631242,-0.22543411809290265,-1.1619965788295719,-0.011026830259273883,0
-0.24512599152969844,-0.33306919148799574,-0.08562552086302269,-0.3136307636673391,-0.5719993300906793,-0.5531219622470377,-0.3877224931270562,-0.2581624853121632,-0.37739463933653306,-0.39535502721063864,-0.4230329648736497,-0.22540895104544448,-1.2097935785171514,-0.04917630888099194,0
-0.9533354930568003,-1.212350300030754,-0.08517878166761919,-0.3248230232276975,-0.46737354998002417,-0.2609183170947969,-0.571844739356319,-0.14737163377323767,-0.5589925544007183,-0.5802835669278411,-0.5357436769111612,-0.22540056973126918,-1.2587817222911557,-0.1637836320742853,0
0.35332377900020573,0.6027062480163855,-0.0747006056525348,-0.31829328023872594,-0.643687364610943,-1.0276855673904066,-0.49163756764419714,-0.16992017170283194,-0.5392378777254037,-0.4294481986087062,-0.783604730247484,-0.2254450207328102,-1.3816568503583697,0.18571553268821964,0
0.07297256151243578,0.4021426910077635,-0.05949504432003675,-0.32299541745407523,-0.7463756302751045,-1.5516168382222502,-0.40491208568222814,0.08204500177665815,-0.48322079720279654,-0.30739039464076584,-0.8853485984118231,-0.22538839632008761,-1.3442980281064654,0.38680302981005793,1
-0.4942319245955286,-0.8268521964834273,-0.0662672631663293,-0.3200114475731214,-0.6527290986945797,-1.1175950617924204,-0.4588590954982372,-0.22004881307651497,-0.49393659295179776,-0.4118859767545931,-0.9597028592482083,-0.22537063440341698,-1.3442980281064654,-0.0398400148427793,1
-0.5227338103374725,-0.682462851081759,-0.07949282801054014,-0.30196823031767245,-0.43960250958028224,-0.8611146952116738,-0.44448428742599,-0.36311269825722564,-0.45878765522228887,-0.4222792579417519,-0.8979229314330694,-0.22536235994955336,-1.3442980281064654,-0.26811125857696955,0
0.33259628489602816,-0.29412770431666824,-0.05064821156977211,-0.3596238078938045,-1.3282758023720196,-0.7769189886275377,-0.7290018640992416,-0.3717878208183974,-0.7817204827006861,-0.6579383426296325,-0.8307188099857421,-0.2184117955991734,-0.20005990347193922,-0.8934744836318282,0
0.4952944410276762,-0.12348835375116983,-0.03775783701390669,-0.35914826396130184,-1.3282758023720196,-0.545392113283534,-0.7222345378967125,-0.3781647742346246,-0.7126083769296091,-0.7250708059845661,-0.42260311050208965,-0.21768628050956762,-0.18203000560621824,-0.9002779620633766,0
1.2087956371082944,0.7077553057659977,-0.048497995631610016,-0.3583143785893718,-1.3291186211562442,-0.7240045272875338,-0.6822560449074883,-0.3614843248915165,-0.7017004621947845,-0.6511451062714168,-0.41005373324228783,-0.21724196399796478,-0.20651653185664376,-0.6841418999362294,0
-0.39615235774056196,-0.8577353956715741,-0.04631148051881552,-0.357020602067289,-1.3282758023720196,-1.0200977991657754,-0.6681130076798549,-0.3636121152777554,-0.7361532031861925,-0.579629714322856,-1.0636227423338374,-0.21619378852942553,-0.20192130276145662,-0.5877810054649852,0
0.13800765812478524,-0.36141512115238345,-0.03504283503847658,-0.35230149588621407,-1.327199405457301,-0.661364095707066,-0.7285950677898357,-0.3455049352435604,-0.7375625450212036,-0.7093400696964517,-0.6981533768579864,-0.21534142158550973,-0.1571410106714521,-0.8127487129261426,0
0.46859312651584173,-0.03334001520046304,-0.03515867724114298,-0.35556102551254315,-1.3250466116278636,-1.0073560520226086,-0.709702646861341,-0.2926121431654556,-0.7197793010036768,-0.6893582811711962,-0.9429324973995331,-0.21496847620964094,-0.3469602214245504,-0.9615886023567142,0
0.43728613584119463,-0.07005575272869186,-0.04442840549718161,-0.35890777629927867,-1.3274146848402448,-1.25675828173247,-0.6710863289768579,-0.2564545981490004,-0.7135527173055943,-0.6128485499764879,-1.1272700063896444,-0.2134310740174292,-0.34867087777552086,-0.8827669540663597,0
-0.596725775642934,-1.0716857554575876,-0.03971448378159219,-0.35757176976683974,-1.3250466116278636,-0.5396462992611395,-0.6970580396015106,-0.29870309975564646,-0.7400265642790405,-0.6379178263594444,-1.0741665930957327,-0.21168682203109287,-0.3569811833908513,-1.0710197454396937,0
-0.18232120778189015,-0.6426274128204328,-0.06393854216400033,-0.3580349009124614,-1.32310909718137,-0.6864729593967025,-0.7469772946092603,-0.3443433214574442,-0.7270390600639636,-0.7617303022480013,-0.9118090802043327,-0.21032300430679235,-0.33566342320491627,-1.1073607395746685,0
0.11715497255183385,-0.3347249393415167,-0.07375226958341255,-0.35668588559954,-1.3220327002666514,-0.3242877326813436,-0.7767080816611901,-0.3400771060296999,-0.763511933662308,-0.7831256574826297,-0.9931990398727659,-0.20877935514740353,-0.3825926382884354,-1.4823524876722036,0
0.27903673259478207,-0.20280790555975198,-0.07269799798532067,-0.35676900348129603,-1.3244007734790324,-0.09297337581138425,-0.9675601308721595,-0.4132943982778853,-0.9480497424190792,-0.9791916788565737,-1.0469665887185033,-0.20734194131127406,-1.3104013669708945,-1.3520583880937709,0
0.11478523312479173,-0.35766159556530785,-0.07843179723456613,-0.3509236454483834,-1.3250466116278636,0.24649700381855413,-0.9303519993159598,-0.4024169293821282,-0.9159210566784236,-0.9364102890016639,-0.9514661046427034,-0.2044726639058413,-1.2387344573651737,-1.4068798005404695,0
-0.17029185242994477,-0.5453311030921467,-0.07776315396901258,-0.33836683196286965,-1.3241854940960887,0.5832653019388673,-0.9382284514340307,-0.3402519009066653,-0.8953907875368705,-0.977828454447486,-0.7513694778363162,-0.20523629809030375,-1.2616039322428443,-1.587626231550596,0
0.5869649636111667,0.23538797534206818,-0.07953359662496688,-0.33008334022807134,-1.32483133224492,0.4561101455805257,-0.9114961120665288,-0.3906379841535196,-0.8663207011118914,-0.9541810277455166,-0.7643102731817062,-0.2059196674729841,-1.2295212759671095,-1.5260456450355815,0
1.2426200479589355,0.8551865078793588,-0.058213131482547024,-0.33309366600744483,-1.3278452436061323,-0.18252158074079758,-0.9087163441883701,-0.3399689360975752,-0.8902322727020183,-0.9198302328100435,-0.8696933086282639,-0.20574434724703733,-1.073404583153466,-1.4673566638793132,0
1.0929542939754469,0.7248519612663181,-0.05059552410389889,-0.33202061378187436,-1.3291186211562442,-0.4962475352380742,-0.8196141001832777,-0.2482879234869689,-0.8635094408148127,-0.7579236642182733,-1.1402618497575507,-0.20530883833560987,-0.844980434414449,-1.3597869273814724,0
0.7624381236396246,0.40211009101723255,-0.055970914284329196,-0.32716906915833593,-1.3291186211562442,-0.779556213218642,-0.7638834455359694,-0.09452076498436368,-0.8539307732549859,-0.6482072291109077,-1.1474842354208894,-0.2050465303502182,-0.696429068609484,-1.0075936979930866,0
0.32888015365497053,-0.1023283455006507,-0.05748812716004348,-0.31915921630040694,-1.3291186211562442,-0.8367065618812767,-0.8036326580544624,-0.040350736493951316,-0.8837163641600957,-0.6992827035091156,-1.3151258227447291,-0.20488461762764695,-0.7195834090391277,-1.137982576226118,0
-0.2982893337974739,-0.7346331471404073,0.002218891719311416,-0.337740834672987,-1.3291186211562442,-1.3805636164145054,-0.7410507644049633,-0.08773304856816558,-0.8756325423730232,-0.5729140338021019,-1.6953056616925817,-0.20153341442608486,-0.584440321720733,-1.0575268906691275,1
0.06654098678208467,-0.3348550074161555,-0.029021181328578775,-0.32517184017595996,-1.3291186211562442,-0.4370873930108,-0.7590125366404711,-0.2849154191965668,-0.8590233561603394,-0.6315967523022478,-1.4058650916231914,-0.19761544463701597,-0.7094700943536678,-1.1306791141479564,0
-0.4652352002814882,-0.8441836852796502,-0.03235723559891186,-0.31516120283533156,-1.3160048775442268,-0.19436007738115332,-0.7825243382118509,-0.3150261650527177,-0.8510846907982743,-0.6920688785872056,-1.2517032691102177,-0.19640904671054835,-0.6229507593689666,-1.4130572176592722,0
-0.14727590063498372,-0.4634222169846364,-0.037170423482241,-0.31394779550047497,-1.2852199257832726,-0.23956403194716266,-0.7759581092033254,-0.3769784941931847,-0.8238312236068454,-0.7100752890098123,-1.1861420851465183,-0.19601063669306837,-0.5626642478017175,-1.6454202654341865,0
-0.053521280342768554,-0.27815703266660136,-0.04768239768984306,-0.3249459366528062,-0.6671528173518101,-0.23607874197392248,-0.7942993268429014,-0.408662498412291,-0.8756922229504379,-0.6885098616312344,-1.3575435158501992,-0.19356666146046086,-0.5002315210213438,-1.5515334064756023,0
0.3078476386146178,0.16197132352699747,-0.057048249728292894,-0.34150637755943064,-0.8206470173906929,-0.3657171390419497,-0.8018332198931575,-0.385145847397133,-0.8659062461710411,-0.7164621013050116,-1.293730296820522,-0.190713074562261,-0.573194652041078,-1.584137091860148,0
0.2402739968281563,0.1299748109412089,-0.059414292882032586,-0.3232498181052836,-1.063266881968282,-0.3052761211130962,-0.8267959788753059,-0.3605274530033572,-0.8975829527300814,-0.7331792684109302,-1.3017857144145073,-0.19089634662195104,-0.5569274395939366,-1.59721065124349,0
0.26766479324096365,0.18512169192842495,-0.08134449438236142,-0.3075566404240407,-0.6888960350291272,-0.2357503732769432,-0.8756801118900273,-0.3793480408597876,-0.9369287005787311,-0.7927778719379311,-1.208390290490408,-0.19031785115713837,-0.7509868095256286,-1.4393737106782147,0
0.9033398837113618,0.8531544761679438,-0.07552886764240258,-0.3020712356501591,-0.9646689245800515,-0.4641833737328313,-0.9105924728077283,-0.34328446796428796,-0.9768371583069139,-0.8213607224473493,-1.2889455970514752,-0.18962475675992146,-0.9411986265182226,-1.4175659409556935,0
0.3255914335011459,0.24006724860728076,-0.0740217513542986,-0.311868734823424,-0.7668271716547592,-0.8807494522141912,-0.8970525738054691,-0.35498294846631023,-0.9934441561442989,-0.7722857852742457,-1.4589269042871122,-0.18938699139225804,-0.925774618816936,-1.3481773272412787,0
0.7894379494737606,0.6460124080008021,-0.06935018698412543,-0.33002416468812046,-0.5775965940472163,-0.9691568499809942,-0.8591981015823704,-0.38892273510897307,-0.9818316788177306,-0.7038081220411904,-1.583148229009393,-0.1837139541560766,-0.8728554063822862,-1.2196890736706807,0
-0.19651319012946772,-0.3618270228232345,-0.043467337801385626,-0.31699774528478225,-0.4167828949882464,-0.5270748354204455,-0.8367120039273229,-0.36041276183500126,-0.9557474401578555,-0.6858489747256742,-1.6452786515978193,-0.17393634482088674,-0.7011312801706071,-1.4937611913792335,0
-1.2142113564258938,-1.4117705076981804,-0.047410559005160245,-0.311688041247342,-0.16619769324173914,-0.11503897028072896,-0.8751863794233756,-0.36197932610065825,-0.9587233262129399,-0.7658993793465658,-1.257679947847781,-0.16984600039192904,-0.9054147496822735,-1.6132872758951244,1
0.887163310256408,0.6683003823519966,-0.04855741206641148,-0.29992090460514376,-0.09214158550909429,-0.6713007747708505,-0.8696657341599192,-0.3713716947058043,-0.96668530754897,-0.7444800237752202,-1.3465313544427437,-0.16947593768120278,-0.8149519396740659,-1.6623567087998619,1
0.4188101597290912,0.2390401573528447,0.00027879273902782443,-0.33526502475911496,-0.3175390994511846,-0.6265989772109722,-0.764206205014513,-0.40229734017003055,-0.9186802254600852,-0.5722414982139524,-1.760593787906804,-0.15493336971629726,-0.49682023219541893,-1.4831212238598672,1
-0.9823924945361551,-1.1109906995157082,0.05154716849258965,-0.32483107465978606,-0.3291641861301463,-0.13050711540354681,-0.8444073216935853,-0.37243304017141565,-0.9201836267016897,-0.7446742041057343,-1.436512791314808,-0.1287708725273928,-0.5163276798104328,-1.7613428605364307,1
-0.04774734706661842,-0.1618658472168346,-0.03379886416626803,-0.31200071826995524,-0.27426794347949396,-0.056144694850088744,-0.8600344189928113,-0.35760251941866605,-0.9235206611111548,-0.7746681467785994,-1.3417472376339867,-0.129386178414376,-0.6023135224226928,-1.9014002516170745,1
-2.214843679104889,-2.518877970562419,3.2063537063223437,-0.35730806249351943,-0.3961160742256478,-0.982160438784297,-0.8267985937018276,-0.4344104570168625,-0.7524312918265513,-0.9050523103205523,-1.4397582982029205,-0.225869890777457,-0.08052538597191926,-1.377614945610301,1
-0.2716259437955151,-0.5519276834676997,1.8339995860208285,-0.3540169651071326,-0.3961160742256478,-0.8151108025689173,-0.8761885570070147,-0.4584366565686956,-0.8651038738805115,-0.8789267683068966,-1.3291998706599,-0.22566727862863198,-0.08052538597191926,-1.1620664959195037,0
-1.0162750185752067,-1.2760436066777148,0.25277631455326655,-0.35301364408496094,-0.3655464018476376,-0.9604516529715305,-0.8530255472003904,-0.4856970377522507,-0.8550733872773945,-0.8404887282405531,-1.4352481956223984,-0.22550323360962535,-0.07995446708708123,-1.0945134004831136,0
0.5444047312813921,0.28853792426760694,0.13536969240029664,-0.35174806903069183,-0.42431767339127713,-1.2683669617519542,-0.839154601382741,-0.15692542324603523,-0.857099049259149,-0.8079597761437805,-1.4035969074177728,-0.22524590742308287,-0.07272749314266914,-0.8697072000822061,0
2.4506476801637587,2.2047935709930218,0.018458265236362827,-0.3421402086691404,-0.4897626058061726,-1.0907469600629758,-0.8364058887527104,0.5469182471058873,-0.8467562031827247,-0.8142355095737472,-0.9854687312253227,-0.22517427713665245,-0.10581254879792866,-0.3148475680957507,0
1.1293320021291051,0.8956119133145576,-0.04087587599429085,-0.3387577749789058,-0.44304697970738205,-1.5373664491208687,-0.8011839800417327,0.20048766077761035,-0.8522885108876211,-0.7311759528461955,-1.031517175873867,-0.2251540603209298,-0.22191501467385755,0.12054879133019568,1
-0.11520575176236503,-0.3327658382581185,-0.03894999706144452,-0.33234814968600607,-0.39547023607681664,-1.1876773572886405,-0.7884080290153356,0.4037998185006246,-0.8291841937753365,-0.7307807925968608,-1.0475281377679082,-0.2250847455241664,-0.22639201484589747,-0.2555083120650773,0
0.8771633071490668,0.6692132634390853,-0.052953876674008506,-0.3314819224891175,-0.4314218930284205,-1.052682884256935,-0.7565054756794864,0.04765535905115543,-0.7917619002215732,-0.7057920922634884,-0.8029323810137715,-0.2250116761759117,-0.21822798379154407,-0.0453807429492777,0
-0.9760790557995973,-1.1774538593072685,-0.05913928522229588,-0.3353871431020415,-0.3588727409763817,-1.0894039413040257,-0.7655827948435734,-0.05043688281487279,-0.8167272319864421,-0.6959495454813561,-0.8647863602961245,-0.22491954525854707,-0.3038892964858597,-0.1474985941999469,0
-0.4670718529693193,-0.6427160497767607,-0.07691929728646414,-0.33767021914305,-0.3778173266754304,-0.5409911575872507,-0.7611409190901413,0.07317110153318247,-0.7621130816905198,-0.7509669928897817,-0.7858603215728707,-0.22476243171921673,-0.33727401474257646,-0.5919303610723929,0
-0.14342969616570148,-0.2720881352944979,-0.07556548419329168,-0.3386957539608451,-0.3890118545885047,-0.5809963829619743,-0.7201541966219507,-0.2415791614389939,-0.7178963526856967,-0.7142906427252029,-0.9176700260010735,-0.22472546382760958,-0.2428803043430839,-0.7724621084019082,0
-0.7037116084941973,-0.7818422438249789,-0.0839432833490966,-0.33786128008768324,-0.3655464018476376,-0.46737209249311157,-0.7284777145426361,-0.15478625437051316,-0.72328024926122,-0.7259961602697866,-0.9977926126470786,-0.22471962983221533,-0.178914408499676,-1.0290332813600571,0
0.6010546010793832,0.5802474898249282,-0.09233860872711955,-0.3358285229340071,-0.4146301011588091,-0.419474297517377,-0.7252304193110736,0.08275904316077523,-0.7015689053362957,-0.7446497849016968,-0.9626684449018799,-0.22471627961703847,-0.19327788284017197,-1.0624673682670565,0
0.2533860384120656,0.26618249405244665,-0.08261488085185886,-0.33439990729783914,-0.5631728753899861,-0.3502058795120325,-0.683484973990883,-0.14468167619125102,-0.645475810593291,-0.7203875923122912,-0.9811077446987511,-0.22472946086536494,-0.2107769323962307,-1.1424635658449038,0
0.4674043023248364,0.5063613948405625,-0.07601191907216236,-0.3277541951521528,-0.4426164209414946,-0.0737471814825158,-0.6077158603855637,-0.12801822285209968,-0.5198181727405059,-0.7045873645677427,-0.8542805859365477,-0.2247520893739163,-0.04087780040267032,-1.2568357669700123,0
0.8254209343598988,0.8939351044355904,-0.085641191654651,-0.32362142414826356,-0.408171719670497,0.17513090475853516,-0.5124437871732256,0.008163769710320297,-0.3929044456809954,-0.6479100976770568,-0.6211257863828334,-0.22479275405468419,-0.00966298323527867,-1.1820324561250763,0
1.1610372886670537,1.2619293636506759,-0.08382488413994195,-0.31464955742811845,-0.5588672877311114,0.46634948584817193,-0.4346313506228181,0.079343872125226,-0.27400726508118367,-0.6196666206918807,-0.1823632199916185,-0.2248003125435383,-0.023515270055962007,-0.7685103843606947,0
1.4280241523670458,1.551558220129996,-0.08487089310935234,-0.2862756206806497,-0.5782424321960475,0.16176216600671667,-0.36603958742462717,0.279573714112717,-0.24223536613243662,-0.5082912717886666,-0.08569421944903625,-0.22485090816040065,-0.015519536644802857,-0.35236748200279505,0
1.5921252773137562,1.737738600578882,-0.06601919531593602,-0.2767980263700641,-0.5890064013432342,-0.8204208639513528,-0.3177878595551234,0.33006388150431415,-0.30008964383340425,-0.334976327859782,-0.2528034543323477,-0.2249214831847399,-0.054152740202441874,0.3720099426337977,0
-0.5747547193471517,-0.4455044297605678,-0.07942960901897805,-0.271355967289882,-0.6040759581492957,-0.17921885249894293,-0.4991823426700768,0.27247208536840645,-0.4060167323925122,-0.6035779448455941,-0.47689032247830365,-0.2248912965907494,-0.2291832912535091,-0.711189366763489,0
1.377856314193207,1.5223130809397936,-0.08605523144356157,-0.24121043454470498,-0.6815765360090402,-0.48492133466638304,-0.4366039648565745,0.3283566205323071,-0.3613929505652385,-0.5204821873279375,-0.2901403723194236,-0.22495589220509984,-0.1832326103347951,-0.05043191609144523,0
0.8367891396616219,0.9469228221868724,-0.07739153926568937,-0.22832270769607024,-0.7080559001111196,-0.40892717097162,-0.3607644960082608,0.15622336937674688,-0.27509945052773993,-0.4579198807172139,-0.1366523680350368,-0.22498050762230043,-0.26434580362672033,0.026508454340548566,0
0.7862060345331645,0.8696756871837603,-0.0762531495808861,-0.18651223192325586,-0.7595076726346722,-0.5616924810983984,-0.4199600068363704,0.5514640970391399,-0.37353292363265705,-0.4699538123990428,-0.2355198809941763,-0.22502088819866997,-0.2516240225572321,0.09730119271519767,0
0.7087111027277245,0.7727364158950081,-0.08022179216991816,-0.18209414544142608,-0.6869585205826336,-0.8945131127664667,-0.4697423948267107,0.19517442580447508,-0.45868897462492075,-0.4772617456046322,-0.28351651704390096,-0.22499859912182774,-0.3097048787737226,0.266451047515881,0
-0.2276722363444728,-0.1991794823918605,-0.07719089988176246,-0.1909716509865136,-0.7659660541229842,-0.8128246206857093,-0.5213044614778202,-0.16520998550053698,-0.5296598705388383,-0.505231481081236,-0.4380334516705572,-0.22495106819405888,-0.46175024920739166,0.10779554416587557,0
0.007097398007469603,3.5560892404895035e-05,-0.07725609603924644,-0.1935359945402967,-0.7521881736145853,-0.870478183226646,-0.5510104699398587,0.07316805964149184,-0.5722052567141503,-0.5193828312591245,-0.5100860000518516,-0.2248313632369733,-0.4916946082136238,0.04472093857974673,0
0.19626330615130552,0.13278776128977257,-0.07650744422615592,-0.1929700762389889,-0.6512221430139736,-0.46443519512129333,-0.5470375044172467,0.029496066101640208,-0.5298744805892157,-0.5608746704612358,-0.5399710419347112,-0.22476529849122495,-0.5691366746493337,-0.354302307587149,0
-0.19079334276743312,-0.29544265285494714,-0.079153513340334,-0.18743424051996643,-0.6619861121611604,-0.23888392908465544,-0.5096981730618891,0.024988333158068927,-0.461539877397065,-0.5606780392152445,-0.5136928106509607,-0.22480500654567373,-0.6342277554339802,-0.5830966820657997,0
0.20058927820769637,0.0022981537761420628,-0.08614542827920547,-0.1969968073370324,-0.7048267093669636,-0.2936108351160313,-0.4900520121280792,-0.09472649951736672,-0.44631250583613047,-0.5360326868850613,-0.5399617009385749,-0.2247959560408499,-0.5996612583781264,-0.4783768973665472,0
-0.2658591059235117,-0.43769433331734797,-0.08264902576656279,-0.1747580098481199,-0.7291532796396056,-0.20071263463580694,-0.5197160611499536,-0.16955210712144325,-0.48348838565040153,-0.5564506766989067,-0.5013064462632398,-0.2247783976156124,-0.6554193100486166,-0.5618114015812139,0
-3.814572918542006,-3.7109013721988067,-0.0838241592043851,-0.15687007886290902,0.08890837554658673,0.05278480430727119,-0.5671222066556025,-0.41058677428447476,-0.5166196597969959,-0.6201970673320691,-0.6040622006751134,-0.22472375133704092,-0.759503211318687,-1.0234853058223645,1
2.6909132244921046,2.7575167584431424,-0.07314507083258438,-0.1469176127052018,-0.35930329974226916,-0.45683995934452093,-0.3706239721661255,-0.023935713754993388,-0.31594433910416114,-0.4309740867623441,-0.5663539890462297,-0.2245901079264025,-0.7920806494743557,-0.30301765219452187,0
-0.1124912039565479,-0.07313328572554181,-0.054029117512269326,-0.16409402138066545,-0.5328184823949194,-0.7601370433267959,-0.3377656675229677,0.16711146502253596,-0.3289692698984905,-0.3441770811253239,-0.7994372620219777,-0.22460583294342815,-0.7347487954351638,-0.294010234830186,0
-0.9792372254757047,-0.9864188521183501,-0.06286741370277103,-0.16665531248802287,-0.4019286175651287,-0.023145017335094074,-0.4522029533933034,-0.23329470749958092,-0.3836662379695704,-0.527993531633971,-0.6047567081287201,-0.22463749426695354,-0.695549094996786,-0.849963191457948,0
0.021046226830417944,0.02384375738356721,-0.08379923937492441,-0.14511776980937072,-0.3373448026820083,0.29294313859223914,-0.440064627234716,-0.13403290160813341,-0.33845653742067877,-0.5551573808841103,-0.353812760847524,-0.22463448815685763,-0.7836761547963635,-0.8088529871245218,0
-0.038657101615079126,-0.4449191866332626,-0.03594093749678508,-0.3569087241915352,-0.654236054375186,-0.9759166499211869,-0.5903831532091046,-0.3120956014162314,-0.6332714730483231,-0.5326024686092833,-0.2909250878017112,-0.21750962019755002,1.5126858320280554,-0.12535112053448094,0
-0.9881813007222341,-1.3457039184886685,-0.0026031656216568217,-0.35032556301353734,-0.654236054375186,-0.41439739553106475,-0.5675798899797848,-0.3119339227280787,-0.5825924793821359,-0.5430758852454168,-0.4678834436155823,-0.21641162760695365,1.5126858320280554,-0.756893298776514,1
-0.7577472515717144,-1.1078403501194483,-0.05253591797767506,-0.3478581155900131,-0.6279719696560503,-0.3569283586834915,-0.5540265997021566,-0.40402610059736754,-0.5885722500685313,-0.5065550672423546,-0.502640724289061,-0.21709304115711864,1.5126858320280554,-0.576716377740581,0
-0.28170899289160356,-0.6434998554813989,-0.06164057219244071,-0.3462169969062776,-0.6236663819971755,-0.8961864252538174,-0.457829070016725,-0.1826430375165146,-0.5394556789177772,-0.3557515136515217,-0.5465580710617401,-0.21653597546423056,1.5126858320280554,-0.15089044625890297,0
0.3096826696568648,0.007963420791356772,-0.04436880481135554,-0.34289132988874027,-0.6456248790574366,-0.7567138616242458,-0.42160125485338823,-0.15814056555543762,-0.48230909653228377,-0.34472209966202716,-0.2932293641825545,-0.2167795043383091,1.5126858320280554,-0.12889056541526606,0
0.37755913952608766,0.0734849485801199,-0.06109615878888893,-0.34115083717565353,-0.6643541853735414,-0.47198698129537364,-0.3371755021167845,-0.21677122306797375,-0.4220081401977627,-0.23273210505783212,-0.35268947162337666,-0.21702304187673724,1.5126858320280554,-0.3939667017215351,0
0.7108237256661133,0.3730207246986196,-0.05806499105539019,-0.3301930462583973,-0.680069580328434,-0.7809688508236339,-0.22251056775026223,-0.23638210059064424,-0.3272005628749651,-0.09591427215665348,-0.2949625760205925,-0.21684918881398857,1.5126858320280554,-0.13397767225570784,0
0.5289802067132153,0.17799003264790358,-0.06693976607105127,-0.33850619600867804,-0.6832987710725901,-0.8561355694412953,0.012510615400948904,-0.2780043390577158,-0.1273309876441102,0.17794227844446753,-0.1106869729839835,-0.2157212435668408,1.5126858320280554,0.0026789655334124125,0
-1.009146691588283,-1.3968771301703304,-0.04978794257255755,-0.3327664040773669,-0.660694435863498,0.2704104870560085,0.06257071924888377,-0.035645808560361834,-0.03961483028205473,0.1828221624218389,0.5878558638773819,-0.21176253978220727,1.5126858320280554,-0.7094006531962926,0
0.03251645917514796,-0.3727651768621845,-0.06529836371175389,-0.3211591418850541,-0.6490693491845363,-0.6431615885989396,0.011330492268717053,-0.16347937271796695,-0.02013249678632613,0.04845004539258838,1.3649467997369713,-0.2123877823539452,1.5126858320280554,-1.3712816416316422,0
0.31206765787672763,-0.045444748827578416,-0.07453116899488377,-0.3211451824560749,-0.6449790409086054,-0.5264148703396352,0.1517785423793421,-0.21251737669339618,0.13890947981160912,0.16521696711626033,1.0496219039696895,-0.21061912289479856,1.5126858320280554,-1.4614872535913437,0
-0.047680303788464475,-0.3555789832845891,-0.0680915934658623,-0.31947516847634294,-0.6604791564805542,-0.4515040816457775,0.14733271135220166,-0.32390822690599735,0.06834517339965315,0.23911166433780123,1.2004231829374312,-0.2082622811752502,1.5182639659098471,-0.8917617413434097,0
0.13229805238331244,-0.12627993409037508,-0.08043414731229269,-0.31772465854216986,-0.6781320658819404,-0.13485602697196128,0.1287820216028566,-0.1685965049766989,0.031274901383073705,0.24270906103327938,1.2793926130899602,-0.2080505533523034,1.4875417272788727,-0.6272440601799186,0
0.5021326680263486,0.25608735272423144,-0.08247474057726908,-0.3156329002149745,-0.6972919309639328,-0.023539682309738037,0.19432969466598463,-0.3783180618438324,0.10540562189425366,0.29731691967560675,1.3211455649716923,-0.20714954186164242,1.4354704191405014,-0.7898028133936186,0
0.9020960606280787,0.6669937136844509,-0.07052125710749571,-0.3179623146956175,-0.691479387624452,0.20904733538891418,0.1864327151401827,-0.3703996586573434,0.08998917282938067,0.298417009509027,1.396946512705265,-0.20651302985919737,1.291593957905332,-0.5797431725152333,0
0.4631685965516138,0.2518909551814072,-0.06257921643097518,-0.3118176203048886,-0.639597056335012,0.2329975762735596,0.12879731924012616,-0.2437310961123597,0.0707482707282132,0.19600370130043462,1.5857188888527176,-0.2068438087337018,1.3365780129419629,-0.9579183286025345,0
0.5640585918087935,0.40331798738856856,-0.06743402419994965,-0.29950533894820663,-0.5842702549184722,0.8386793229161688,0.07616123447206019,-0.16549874858625674,0.07124541684568414,0.08107898435755877,1.5192232072380685,-0.20815081518414005,1.2597074038179268,-1.4036599004205772,0
0.8886219174393211,0.7135383838951546,-0.07960011446118458,-0.2699429070671776,-0.7173129135777002,0.7916676731587046,-0.050468210885346906,-0.19965948769406144,-0.03293089545547734,-0.07063506619936992,1.4612313544273354,-0.20994117525391578,1.1414014040659899,-1.3838626140487669,0
0.3018096073355964,0.11637726363966812,-0.05437387527762599,-0.2596361038508405,-0.655743010055792,-0.06526978486336436,-0.15527708831182369,-0.35471432915603474,-0.18308405970817954,-0.12051143129931516,1.3716145217296083,-0.2105737086684755,1.1619406769041554,-0.8879229851023207,0
-0.4796422558909516,-0.6756972901309604,-0.07339276287631917,-0.24123466827891243,-0.6260344552095567,0.7287403565779926,-0.27468229618531753,-0.2951435199955335,-0.28423092585480614,-0.2601200248184806,1.6074131260949995,-0.2094104674566497,0.895065434391927,-1.1561909129019403,0
1.1085839353809266,0.8431489584631611,-0.0754125486858508,-0.1915296335317284,-0.6805001390943216,0.5008077518958675,-0.182987407258449,-0.38537236679808123,-0.19862386372850732,-0.1623038056303545,1.8280806047471825,-0.21030117100759485,0.9265638708023098,-0.6302782286348456,0
0.1706069422363352,-0.07038670317674396,-0.07104265217118792,-0.15642726844039556,-0.6832987710725901,0.3265474215319673,-0.2762771953761292,-0.33841248013714437,-0.32014942819514575,-0.22105502800751467,1.475999082119274,-0.2109238006158605,0.8890849442751517,-0.578183085985321,0
0.9905233329857382,0.755695887659311,-0.07900262287674464,-0.13265727243713954,-0.7022433567716387,0.36759549495689137,-0.32818739712556444,-0.28770389388899964,-0.37297002940707746,-0.2712719060211321,1.262746468397327,-0.21129960540805548,0.8235448052401421,-0.7842131426368544,0
0.9510157319239255,0.7342131090835663,-0.08109338487226635,-0.13432019509017687,-0.703750312452245,0.595695771858632,-0.3636378046810408,-0.2755562285186008,-0.4145485037670383,-0.29904611170714246,1.4122677541894941,-0.21122426365653585,0.6675987330901261,-0.5952553018085783,0
0.8424001317987049,0.6936330642046539,-0.07631616055715446,-0.14406612104809416,-0.6815765360090402,0.5294352364077074,-0.33475709164213635,-0.19170261059564733,-0.3765992778936565,-0.2812453670752241,1.5338192795569436,-0.21054880154175507,0.6921199156802583,-0.5460288864680164,0
0.8424870779908303,0.7409755174083236,-0.09007475418161262,-0.14129293601398016,-0.7961051677351072,0.32011647913955266,-0.3053486504538865,-0.20390482559942985,-0.3813207307825219,-0.2117739163848194,1.3241906587388506,-0.21016490651739972,0.5792580125296762,-0.4731750382476254,0
1.0586550123653755,0.9978821087854564,-0.08734760035935193,-0.1412221331303926,-0.8764043775731204,-0.14188084249880925,-0.25905079165321077,-0.10016282345283654,-0.3985708799201931,-0.09078063447485987,1.25318964296983,-0.2094753546304071,0.5203522949962068,0.09947588236252396,0
0.9997071962760268,0.9541500249962936,-0.07982041280850774,-0.13917229786728796,-0.9071893293340743,-0.18831668727090875,-0.14671336674889904,-0.028494179760991317,-0.30574258842913005,0.04332496460382075,1.3062951791600954,-0.20846638906303155,0.5046366563602502,0.2637589774622354,0
0.8406457663352438,0.8089291141885745,-0.06826174032734728,-0.1452561402151088,-0.9532591172840336,-0.5090167632014441,-0.07650531312147435,-0.06324907303500095,-0.28442179407723456,0.17058588765736107,1.100465159937861,-0.20768392545848965,0.43452680499854085,0.5418779881913305,0
0.7804860440317244,0.7543233177286117,-0.08199045262333293,-0.11694861074653014,-0.9750023349613508,-0.21457970487919314,-0.13487785821228093,-0.14083905951654146,-0.34344312960975487,0.11367351407387194,0.8493115623297536,-0.2079839362926056,0.333049237489501,0.4110530751274927,0
-3.4386884972401073,-3.4775457570334143,-0.08198528991605694,-0.060784573967565037,-0.9136477108223865,0.4596467420352202,-0.32243099667385094,-0.1976551542262918,-0.44596900007851514,-0.17233315495068094,0.00020246079531364503,-0.2087365863861863,0.18334697230200456,-1.1559012587887505,1
0.6715335127506163,0.7339305627463804,-0.07476620904884941,-0.06417339380630568,-0.7250629713636747,-0.3322007737037801,-0.22902508583542747,-0.03965724956536463,-0.42826292189605936,0.00959815658664269,-0.5647170725481174,-0.2088646448749477,0.18019091587076472,-0.5081556401467847,0
1.1750905050835136,1.2852596866524346,-0.06585315777351998,-0.09905046239508998,-0.8972864777186625,-0.8380680410899324,-0.07182565359398996,-0.13450029992975146,-0.34329864488414463,0.2504643944313075,-0.28676521944811484,-0.20705442376400704,0.10855480164666158,0.11124469998922143,0
0.6187066246642157,0.7080898881902111,-0.06511494218681294,-0.07792330965267655,-0.9829676721302689,-0.5552176428277034,-0.15986564750268575,-0.17628096884091282,-0.3997364855462286,0.12604941106648448,0.3089471355659741,-0.20665497042768796,-0.06570222955172221,-0.11234486370184826,0
0.6654039415944077,0.7508125688897188,-0.07812899737537657,-0.07119509168092288,-0.9825371133643815,-0.7549399601655999,-0.18683267197133002,-0.17712205650358828,-0.4275727842896174,0.10043133066335597,0.5414960111049422,-0.20607955646805057,-0.16218790886220935,-0.06368687017842543,0
-2.763398052151867,-2.596198544878367,2.5791875320994078,-0.3496735590713927,1.4757381604701265,0.7031371316924085,-0.5792613313588433,-0.4371941351933649,-0.5217041349204894,-0.6405453745381526,-0.3133586556695672,-0.22560576174650449,0.469992269668998,-0.7314841319446691,1
-2.763398052151867,-2.596198544878367,0.26802941026118304,-0.352070903402154,1.4757381604701265,-0.5006959021541237,-0.5792613313588433,-0.409087396366538,-0.5217041349204894,-0.6405453745381526,-0.3133586556695672,-0.22556846836416422,0.469992269668998,-0.7314841319446691,1
-0.1918340040774196,0.029590836058720336,0.12369212081415884,-0.35081774107926056,1.480904865660776,-0.6319380033184518,-0.5792613313588433,-0.35732741440546223,-0.5217041349204894,-0.6405453745381526,-0.3133586556695672,-0.22546275030257565,0.469992269668998,-0.7314841319446691,0
0.13824907877230358,0.37992604434679383,0.08070569749452763,-0.3507629186951774,1.6419338441026898,-1.0920712029847823,-0.5792613313588433,-0.21136397762333345,-0.5217041349204894,-0.6405453745381526,-0.3133586556695672,-0.22530718941469283,0.469992269668998,-0.7314841319446691,0
0.5576867867073739,0.8189870482260669,0.06200929535002359,-0.34597261945647734,1.7349345375343832,0.017618844393687993,-0.5792613313588433,-0.22415139945993315,-0.5217041349204894,-0.6405453745381526,-0.3133586556695672,-0.22514749505442969,0.469992269668998,-0.7314841319446691,0
1.269171713422657,1.5650954530700634,0.03829160530381105,-0.32146624690008213,1.4916688348079628,0.021939878071834312,-0.5792613313588433,-0.10520735114990969,-0.5217041349204894,-0.6405453745381526,-0.3133586556695672,-0.22509457089660764,0.469992269668998,-0.7314841319446691,0
0.7738353947228955,1.0781982656271552,-9.247756914017355e-05,-0.31306793279083134,1.2740213786518466,-0.4199362523272184,-0.5472502667082564,-0.07283319006437802,-0.5497413936033627,-0.5378133405962203,-0.43268400218059905,-0.22500060891336182,0.2869695360574194,-0.3828077741454138,0
0.8453462939607002,1.154149082944417,-0.02306624507711888,-0.3057966011455456,0.9037408399886231,-0.6827337713708197,-0.45938724324736746,-0.03555361781890295,-0.5087614445960869,-0.3954797984269036,-0.4791063518215608,-0.22479848985411632,0.17084860644531139,-0.04732018121862939,0
0.3765840584515245,0.6851255718358294,-0.038668046691181034,-0.2849305688578911,0.68221835493952,-0.7407013639198786,-0.35096223235675117,0.042529752442626925,-0.42477108319848544,-0.25940815865654415,-0.37929942149914364,-0.2247305238077733,0.1165648997946067,0.20424791053969557,0
0.3975151643327764,0.719142438942976,-0.059580466835254205,-0.2875696514401313,1.189201301772015,-1.3087617183732392,-0.39749844945042306,0.137953492424568,-0.48485196914105755,-0.28935510364176176,-0.538411011097613,-0.224560110491814,0.021862457483497227,0.2535219343390523,0
0.38595263637678634,1.0071816625255385,-0.046657321165983694,-0.2871441360816645,1.7571083139775883,-1.0842953383659661,-0.27953039290700304,0.28273621721515546,-0.3856678950364917,-0.15054423811994727,-0.768235175308486,-0.22442877050441354,-0.11894139413670257,0.11370928435642472,0
-0.5375404588629072,-0.2288081744756968,-0.06779589930288343,-0.2896301487638981,2.5120931099612656,-0.5998848359411096,-0.32754549874137023,-0.050778360599243844,-0.3861825012443458,-0.2542332985260254,-0.9292192803451188,-0.22451616779878258,-0.384527966049052,-0.5954870877721886,1
-0.3574471368286371,-0.039908901509233874,-0.08428125210209642,-0.28079537548240974,2.894429294069339,-0.5454840063520391,-0.27626028304499956,-0.17538817340211463,-0.3356901043928097,-0.20261729581144952,-1.1769401436257174,-0.2245209736246915,-0.4307310423661271,-0.9617710059856767,1
0.08025354967899703,0.41254472320334146,-0.09003471162454767,-0.26934283230666783,2.827262126590894,-0.4997187988097575,-0.12834731299246066,-0.11946212867593171,-0.1868937491122376,-0.05750371393677452,-1.0571208381927675,-0.22458715481501784,-0.21194861515323468,-0.8977059681839706,1
0.5031807495068417,0.8413914339542892,-0.07732878074372664,-0.2616244185286141,2.5954062311604913,-1.0824298702779889,-0.09727447714625011,0.2846658042981465,-0.16034400004197333,-0.021443648810620993,-1.2635324630643947,-0.2246673635873392,-0.002623648740664656,-0.6220150398926136,1
0.009411933261331336,0.33358536891615864,-0.08297055438405189,-0.2457478953428701,2.3306125901396975,-0.6343860844390428,-0.10905067325816024,0.03635486148714907,-0.14540743450722787,-0.06470959014957293,-0.9823819981735417,-0.22481367268272404,-0.04228940148429554,-0.6887061715849248,0
0.8030382448484827,1.1486800667223935,-0.08720173735913436,-0.22952739551295526,1.5129814937193926,-0.8604355453365167,0.020808245129095956,0.3936158764455364,-0.04441302157409447,0.09778705936898914,-0.9155311876780261,-0.22485953308513262,-0.013008161004141601,-0.3656847371877646,0
0.9536914460316365,1.2996970068163847,-0.08167666729798813,-0.18220722177182036,0.5995510718891257,-1.2026435583847528,0.07431352607462019,0.3412359206401733,-0.018199459838864025,0.1829729310699929,-0.7375182282250974,-0.22497570757262456,0.004490591474685312,0.23927597154130958,0
0.31240917072620356,0.6260744373900036,-0.07364716233144664,-0.19192101347706067,0.06522764342277584,-1.2131583295111315,0.07131336144251799,-0.0834055654615601,-0.044067038561047635,0.20708457784354106,-0.8209452803603553,-0.22510002654873623,-0.017315305540749594,0.12352454358091117,0
-0.16481123137988757,0.12436685209717953,-0.07538640181362094,-0.1443619013308473,0.2938543481090223,-0.7420652845008784,-0.02720716548456791,-0.020468299419376074,-0.06549769774246686,0.018453404485320603,-0.9687294523094891,-0.2248536471036408,0.012129599354397499,-0.5750420689144362,0
-0.015383527020336324,0.37698987463132144,-0.08110276843376983,-0.10609376771731632,0.6053636152286064,-0.9474653545506952,0.10033079748506693,0.08402772915784328,0.027616526264390474,0.18523904304901087,-1.11611787736001,-0.22488998249772746,-0.07624631221416306,-0.5574383031462928,0
0.5476117288741155,0.8542034941086754,-0.07329689715844716,-0.0944633923677312,0.6049330564627191,-0.9380446737258185,0.18288990430801733,0.03291720847343001,0.10583030687145692,0.27196456464868934,-0.923099392438669,-0.22490816107334305,-0.08164795241885768,-0.2977400403115944,0
-0.4625196593267782,-0.1599445661870822,-0.07649240912862354,-0.06376921442876475,0.7028851757021185,-0.7700884221932057,0.21638943364980123,-0.24649441672783123,0.16079021550262396,0.2796567371057774,-0.9956744001515001,-0.22480637441224818,-0.008815638900766894,-0.5673478397607713,0
-0.6858093129732771,-0.3709220094987206,-0.08857923557108215,-0.07112256306886498,0.7592883740333768,-0.4118414332766532,0.2442897554193659,-0.42021824535986446,0.21702927468834324,0.2736717315468538,-0.9402360149313176,-0.2248396195216458,-0.18293832213294114,-0.8598110454098867,0
0.18741038731128531,0.5239630563281804,-0.09299421831665428,-0.08694745591462694,0.4746890297817595,-0.5785527043792588,0.2726981115963019,0.07116779865933233,0.23164638042911462,0.31807290621462336,-0.843823017111951,-0.2248417249585975,0.05251868527729373,-0.5629227242450073,0
0.32535968135336335,0.6623420739437357,-0.09736113352749005,-0.10217084927630471,0.15263107289793212,-0.3015094885437167,0.2765890960607856,-0.0048170314251136095,0.26198310244257283,0.29060459202851674,-0.6506433961209854,-0.22462859639913277,0.1852935388824776,-0.5673925657942878,0
-0.05255159970007998,0.2701156029724479,-0.09637589318510058,-0.04888446344131795,-0.13455162394901007,-0.25833744056006863,0.3576129257589361,0.0664064543731906,0.3504752601558608,0.3618250351506448,-0.7072412582702072,-0.22456854090397038,0.2909698468974583,-0.6922108859271757,0
0.5198186509159979,0.8378238896861728,-0.08347815804849366,-0.05179531697882271,-0.4088175578193282,-0.2781077404280182,0.4226360573835332,-0.13031155895428068,0.4080591213103555,0.43488585535934543,-0.7435598901264366,-0.22462518842162527,0.04863799316689936,-0.7235128680984051,0
0.8148433709786653,1.1422548958815766,-0.08471575941219531,-0.04167544190778371,-0.6309858810172626,-0.40922151558862885,0.4556145728603136,0.0023757547627431407,0.42547027614266464,0.48590602291730217,-0.6542982049222266,-0.224683279997546,-0.021262942147708182,-0.455190678105987,0
0.3654799860234646,0.6911207272068016,-0.08276499610197288,-0.010307148349870126,-0.753264570529304,-0.12450609778539895,0.44047595570546116,-0.024093384151342406,0.437731737868761,0.43850369934456734,-0.536174682126192,-0.22460437954201357,0.00950191853555111,-0.5838190150344027,0
-1.4196765834988976,-0.8127505633470092,-0.07736726210431305,0.06053789347556672,-0.7773758614190023,0.32472589751317427,0.3996704727482347,-0.002145418900547651,0.4319605173353094,0.3566994907542603,-0.4395395098560389,-0.22458345802585716,-0.06953214169572376,-0.9102418876002285,1
0.9986803400612099,1.7544660439477613,-0.06945856705387714,0.09293612949734967,-0.7530492911463602,-0.29748849879610767,0.6037941721647127,0.28898317870027346,0.5803964960945346,0.6243406877004917,-0.5326066236133218,-0.22459656718679505,0.12097998435656322,-0.3911050895454976,0
0.5476102199514266,0.995423279979568,-0.02534257203707018,0.09467451631505767,-0.851431969151647,-0.46111630837910206,0.8172646679169558,0.3660300977751098,0.7517373859611449,0.8851643447172379,-0.6647593010527149,-0.22439006396665426,0.18215084842473572,-0.34763605097337613,0
-0.803082443062491,-0.4061803143942679,-0.03899249039016685,0.16906445550653446,-0.8660709671918211,0.179843100784065,0.5888678536926053,0.14480849651396263,0.6075843433908752,0.5597258770413952,-0.7034887415630291,-0.2244781255278256,0.1484081443222416,-1.114829804575082,0
-0.053296680685530146,0.3564876397956112,-0.07540891270048942,0.24952280984037187,-0.852293086683422,-0.02739002047037253,0.419007892802434,-0.14849227347262303,0.423769226445262,0.408403150403965,-0.8201994075592441,-0.22455537109258533,-0.09244699131418739,-1.0912808258994604,0
0.19550900423904544,0.5732036737790593,-0.029102098541684978,-0.3060449860633809,-0.6129024128499888,-0.11736056146221469,-0.20141686118594718,-0.00203603741917527,-0.31809417025841813,-0.06087699434370451,0.39005687568024694,-0.17652923941160978,-0.1165982258738866,0.6415637669244505,1
0.3082095028503218,0.691953089728115,-0.037483882939193545,-0.2905181555570197,-0.6129024128499888,-0.2136092113012036,-0.2838205352224706,-0.08027675499959913,-0.40261521224310365,-0.1397967487382242,0.05180499483672644,-0.17586130470129868,-0.1165982258738866,0.29519206632231654,1
-0.5764672217225476,-0.2545471797024227,-0.048261665860144846,-0.2953407999127228,-0.5986939735757024,-0.10740175671550686,-0.3551584833815596,-0.21744121977733777,-0.46996101373452853,-0.2150159477019634,0.05848540692458014,-0.1791482701261488,-0.1165982258738866,0.15669617610042463,0
-1.4217565062598425,-1.1708434547902995,-0.061323063832121126,-0.30183101204377044,-0.3153863056217473,-0.0373806715307567,-0.39262673247918245,-0.23478615233313654,-0.49763979314709844,-0.26363129278977204,-0.2507259464828098,-0.17020584602837613,-0.1165982258738866,-0.33261269415264727,1
-0.6100975922437083,-0.38509208482629914,-0.06773893446719319,-0.30305070514156196,-0.012272934436968766,-0.44901765383672215,-0.33986778090305364,-0.28140399375252156,-0.448202375366495,-0.2075648900733439,-0.38693838383399143,-0.16840622913693648,-0.1165982258738866,-0.1919089303203567,0
0.28515960070178603,0.5030727787421172,-0.07337494776430876,-0.3019731425673747,0.06415124650805719,-0.09736964066216085,-0.29176616820059653,-0.3763640312872007,-0.39545235001702195,-0.16553746110923054,-0.022303366863824833,-0.17356576209989139,-0.1165982258738866,0.025198418991342304,0
0.07509328054815988,0.28120920607867267,-0.07880490794372005,-0.3025571384955473,0.11452662211689113,-0.7513693007975595,-0.2865760308218875,-0.2803406132936971,-0.40258600268349953,-0.14581682018180311,-0.40715633121085726,-0.17247816672880928,-0.005413081442256122,0.0627584250441349,0
0.3170223277772011,0.5067654863580163,-0.08225023468158907,-0.30674760405132373,-0.04198148928320415,-1.031669199131282,-0.24975623025839633,-0.1387463601498639,-0.3830588706703511,-0.0889580462687696,-0.3903009062740598,-0.16517627455480116,-0.013619756458221855,0.4324623777019549,0
0.426866083125811,0.6013386180568052,-0.08114014083008027,-0.30322743420471115,-0.4576859777475561,-1.2154967279817275,-0.22293945230760687,0.21446424178194587,-0.37733683169223925,-0.037481860029946405,-0.3255567339970329,-0.1635154798942612,-0.10621348219730639,0.7456317141279469,0
0.18365152892913802,0.3375174667676654,-0.08223502528097301,-0.3238487926531662,-0.4708180201071239,-1.5675242170881485,-0.23201756184745684,-0.3761546063556336,-0.4047296467131313,-0.024766759556648227,-0.5535159259108878,-0.22560982252878256,-0.17041428896672572,0.8698671158917061,0
0.15925934862036495,0.2738504770226887,-0.07982115321706303,-0.3233724272872757,-0.6372289831226309,-1.8987588023132875,-0.15928520645536012,0.38550522000328485,-0.349191506717701,0.06746227524575021,-0.8409825004456414,-0.22555976961779658,-0.27169291037094917,0.8259808734491375,0
-0.34598565961426386,-0.23827411763020562,-0.07268275624218364,-0.32118300558407065,-0.632277557314925,-1.8333545974322567,-0.20077783105804728,0.23214771511439705,-0.37392909732190194,0.006622658784681899,-0.8194402410093765,-0.2255480457115753,-0.33648599334365137,0.7178041736462145,0
-0.6624199248828315,-0.5151937051440667,-0.07630428665179773,-0.31393948247333314,-0.4884709295085101,-1.4773645678125922,-0.24969809744741345,-0.3959829588019885,-0.38566330069693827,-0.0857479851901206,-0.9122371406082643,-0.22556848459668236,-0.42076673665475045,0.3241340856284904,0
-1.1215092236573512,-0.933930369986325,-0.07809894471562628,-0.3273461599116784,-0.13648913839550375,-1.1997780107394302,-0.27024741604004004,0.40169638900858096,-0.3761902259473778,-0.14160183098883308,-1.0285611485589654,-0.22562861901912099,-0.5460590443219004,-0.1632660400556221,0
-0.38779112664283466,-0.15070339206405545,-0.08211611824604736,-0.33044416145466177,-0.09623189378502528,-1.4211682207555831,-0.23394604906829514,-0.276127943761285,-0.3665227441234833,-0.07419484284424843,-1.1365607440654852,-0.22565638870299398,-0.6199486239655481,-0.03928226287049531,0
-0.6594727049660682,-0.4121809984612295,-0.08253117806322112,-0.33406470916449443,0.17566596687291178,-1.6930674277335431,-0.2385168173831659,-0.22206793790700624,-0.38531493716117543,-0.0618724970122654,-1.361458577300963,-0.22565643079634035,-0.7047065960277719,-0.12065059738716191,0
-0.4319612134517595,-0.1792234204251577,-0.07862284176425208,-0.3353852799110215,0.19008968553014205,-1.7990147974240123,-0.14005843991624614,0.4221290298489919,-0.2797857090292361,0.027046453116702597,-1.4730339435338389,-0.22565898416672336,-0.7437036410386738,-0.19629351249047977,0
-0.19410031153276175,0.05833191320130526,-0.08169915180273785,-0.33091595833626936,0.25811797054036223,-1.7027730967747898,-0.11547148352708952,-0.1135117302740263,-0.25280789957370864,0.048511048601780835,-1.3934296973471658,-0.2256821215605868,-0.7610699580316488,-0.16585522056992927,0
-0.784292907573358,-0.5278038628935071,-0.08106600108418455,-0.32955983641471975,0.16942286476754348,-2.0730614686076323,-0.07804575602769961,-0.04948831457141385,-0.25065121922293176,0.12725356427347817,-1.6398644760374916,-0.22569936351922065,-0.820718947795828,-0.08205881537922724,0
-1.712841875314386,-1.4600442598151562,-0.09717950162194235,-0.3192034817789921,0.5739328253188213,-1.814710134496403,-0.2640307343605771,-0.13397642386384107,-0.3785582290895014,-0.12529411617571345,-1.696412999447089,-0.2256865281441146,-0.9547601942069694,-0.5602620069466636,1
-0.4015820504964017,-0.11073349058877828,-0.08664699953579708,-0.30506349394455545,0.8621919190804823,-1.8042195345255707,-0.15513352011139728,0.06061701552720148,-0.29041909094488066,0.0068908689427158,-1.729427373799406,-0.22567358315940061,-0.8759208880016931,-0.4978969257072589,0
-1.332782400842806,-1.0074058814184845,-0.07605644812606643,-0.3054350497440004,1.2806950395231027,-1.1075579874539627,-0.06166986218539436,0.12391869805064172,-0.14908115859891358,0.042560863598170295,-1.4154423676424996,-0.22568602346424482,-0.9206390218207917,-0.941346268667159,1
-1.9634601061387311,-1.582925590672171,-0.08019618270901042,-0.3003413890785216,1.882185635467898,-0.33543599136561175,-0.010116412120757748,0.5314381160087588,-0.04230244478235614,0.02811350264963473,-1.3299982445434675,-0.22566525528798112,-0.9125230661196859,-1.449379818037033,1
-1.1359678344411135,-0.6966695632968802,-0.09195609759444673,-0.3142458888500584,2.0389090262509364,0.18033205353070092,0.026602382944302304,0.42489426738134106,0.01703352917479551,0.03761706565993104,-1.133184780023694,-0.22567405584036018,-0.8794038852241842,-1.6363519326232623,1
-0.6703887062402245,-0.22210456298485587,-0.09455648964257833,-0.3084539691518993,1.5314955206525538,-0.025578156444468342,0.06509199727203945,0.288359756490835,0.03705910421076767,0.09751282464183474,-1.1949571488611184,-0.2256741310211883,-0.8312130896917053,-1.5208847355399193,1
-0.44146904712494134,-0.02258198424753509,-0.09095126424228453,-0.3092717108657876,1.2139584308105447,0.006875118111570895,0.07236768854057644,-0.36874744377885604,0.0532621597303819,0.09413178857071518,-1.0928712624504522,-0.2256226411390843,-0.7597232680837871,-1.417174216423077,0
-0.32966968591221407,0.06407506526884033,-0.09038909332061051,-0.29394583677154035,0.923977101985334,0.1611299574869415,0.052819777188151146,0.03175989789305005,0.04253985450345547,0.06436561343024962,-0.9906496115084988,-0.22562190466490126,-0.7610902957607615,-1.401384241180551,0
0.023954676458621524,0.4053201966898437,-0.08680680941069363,-0.2909094711663459,0.4546680471679922,0.1843947195003834,0.145705437082735,0.23116287628057933,0.12596380297655096,0.1673533483542758,-0.7849442191110736,-0.22562821783163298,-0.7284013206560332,-1.1536460792509118,0
-0.07545802268314179,0.27995250446239767,-0.0885710797180231,-0.29413630063465723,0.043053866979571205,0.04376905461590172,0.17958612861813364,0.01849171832180807,0.14965705682693844,0.2128948795402916,-0.7416582931654215,-0.22564153765450362,-0.7473778214231216,-0.9652230775508753,0
-0.12958428542110267,0.17269278877873828,-0.09165603512233214,-0.29390993463899356,-0.07405811734182065,0.050174393521223756,0.1802063700118274,0.16050080097309544,0.14886863910693227,0.21517569641696954,-0.7176000467591126,-0.22562542072006964,-0.8144210273733328,-0.9226712474907046,0
-3.0842319028824283,-2.859243485370084,-0.09330603589386481,-0.2816842654226908,0.018081458558097847,-0.1845235897229733,-0.00014265170939167508,-0.20746644826423388,-0.05737435141203255,0.0676244454523132,-0.7892936537234522,-0.22563157929126923,-0.7878589364409226,-0.8090492257848279,1
0.6294474820867392,0.7717506139866742,-0.08729132423138065,-0.2732485307841045,-0.011627096288137536,-0.19165027978006205,0.16443482443479046,0.037988582524217246,0.0810131057016478,0.2612613511124993,-0.6110839783814979,-0.22564198075912145,-0.7263081911369546,-0.5441424488532212,0
1.0145078134062055,1.141264421490208,-0.05638689208195779,-0.2740811676825868,-0.13519746209784128,-0.4292009348311577,0.43666440901980863,0.23981894737550383,0.3367814186105537,0.5497548597146892,-0.7268146879425149,-0.22560589214387178,-0.7229359798215685,-0.46748446970734175,0
-0.03398739240824634,-0.10878098177943991,-0.07295862821852975,-0.2658204965841287,-0.057696884238096685,0.014480919396139578,0.29206158276564725,0.08653939793704851,0.26178451054256463,0.3244490611022463,-0.5090911409625968,-0.22561448170095988,-0.7894402484651982,-0.620580328505814,0
-0.29310044002795055,-0.29336890970370927,-0.0818771956260654,-0.24609454317811827,-0.057266325472209265,0.2708113665409344,0.23161727672523708,0.13329620154013172,0.21717231980820112,0.2459752084313236,-0.36184698888692124,-0.22561481095052577,-0.8450180705500302,-0.6433171853598753,0
-3.814572918542006,-3.7109013721988067,0.9920609028559606,-0.3587251155569333,0.3151670070204521,-1.5093338605572917,-0.5906512873356747,-0.45564454041247915,-0.7192337485668064,-0.43140095850502025,-0.5030700177346746,-0.225927553189888,2.6370133749116236,1.0831045596350526,1
-3.814572918542006,-3.7109013721988067,0.9920609028559606,-0.35709192934808937,0.3151670070204521,-0.6684967151070322,-0.6569386261693523,-0.4366809622641005,-0.6910648085724873,-0.6087438107711224,0.012594891258148,-0.225927553189888,2.6370133749116236,0.6982785165182165,1
-3.2360335021544997,-2.7597141587928475,0.9006850261390895,-0.356117629587855,0.321625388508764,-1.086751622212291,-0.22013908298120205,-0.41371667002080503,-0.36251326033432596,-0.04895080419139238,-0.2348181362600298,-0.22592433416977423,2.341646728519851,1.2852914956484762,1
-0.4579184154056388,-0.11728262166185516,1.107566581122,-0.35722393804650493,0.3196878740622703,-0.8275514046151559,-0.44836272923086984,-0.40686597092575294,-0.5164630481361596,-0.3624132440093144,-0.07321537043735062,-0.22590866564660936,1.7507270207165444,0.8523775107418141,1
0.19049557256850094,0.5472972220416379,0.5503415746325209,-0.35401169496193596,0.3022502440438279,-0.31794590421627256,-0.43319004787155085,-0.3005244674990117,-0.4556889240840142,-0.4014149821843312,-0.19090666407443546,-0.2258776460620488,2.1102285244343952,0.13278283542061634,0
0.8115118688598549,1.1979810856858126,0.05848548417765164,-0.35529548651959947,0.26780554277283025,-0.8756430914154321,-0.35544058245162224,-0.3025076774446569,-0.4321959661655545,-0.2603445676402064,-0.7576112396472339,-0.22586453898055484,1.266940463894019,-0.12806735120285787,0
0.18395488880459876,0.5815090927485835,0.08948301296792237,-0.35387195562472734,-0.00559927356571286,-1.249146359523615,-0.2765314420990209,-0.35824096855126597,-0.40551891832990433,-0.12052524142427988,-1.0791764670906712,-0.22582811607653727,1.5617589848788365,-0.16669254529788127,0
-2.1788220867511967,-1.8342349270732023,0.6350687284611493,-0.349658262314082,-0.26931651767178816,-1.0731979791713981,-0.23393464951722942,0.011577160224407175,-0.3494325417905,-0.09440579815078368,-1.1759316434340479,-0.2256865847634498,1.2794983586962236,-0.4805495511745135,1
-1.4181235040841544,-1.078365265112202,0.18486074642312475,-0.35208366411892317,-0.24455938863325857,-1.255095045426184,-0.39853922680139453,0.21071683369771965,-0.5164894933161486,-0.2541553517898981,-1.668172345876984,-0.2256274026636078,0.834567102749793,-0.9899965398493658,1
-0.9720649387685334,-0.6364158340553667,0.12230488291515144,-0.35566189076100324,-0.11345424442052408,-0.685271631368746,-0.32587345583307126,-0.05954224929455591,-0.3989315212496096,-0.2355057636220088,-1.6283049236561362,-0.22540361077357132,0.48364027469708026,-1.4676122674774026,0
-0.20632759072511983,0.1376688525611056,0.12165928110488806,-0.35317969898099616,0.04369970512840243,-0.690274157184754,-0.49198768066694953,-0.0748397715161918,-0.5624829871466022,-0.4026852559397741,-1.0784952870670979,-0.22518263924485285,0.559176729319647,-0.7651944391628729,0
0.5375402303055965,1.2662026397333923,0.06900116093313699,-0.3491694454629372,-0.044134283112641455,-1.0065631208876273,-0.43210888753052934,-0.06381416206733422,-0.5458123440187368,-0.2923555170454129,-0.9187928894776629,-0.2249278355970516,0.9442810901242208,-0.22593671678757918,0
0.6683653904482076,1.530049678428786,0.012825100268646394,-0.34250872787166137,0.2897640398330913,-0.6353305914657603,-0.40079830892280854,-0.11590725516311338,-0.4843284985881882,-0.29714287349828394,-0.7338198129247211,-0.2247893918249425,0.9073890460985025,-0.3278525324328135,0
-0.23873769103805792,0.27190041850836294,-0.02137053196656205,-0.3365738527931644,0.039609396852471446,-1.041836221989274,-0.3574035530725955,-0.019250182131701547,-0.4778899828316478,-0.21050436138863737,-1.0396870616015017,-0.22478437894995942,0.7745509357318603,-0.14918126925932268,0
1.9433120397971468,2.4661837022477977,-0.03736680052024137,-0.31834339993571514,0.20515924233620356,-1.510117976364542,-0.27925346893538777,0.7199990778230279,-0.4285240225785005,-0.09919874741897872,-1.1024392437914967,-0.22480390848059098,0.8084456719693314,0.02924960315167187,0
0.38914073625702444,0.8865584270980722,-0.05082336269249905,-0.30324095145957747,0.08783197863186809,-1.5374133700989137,-0.30150072578576553,0.4473476430927516,-0.46749304150350457,-0.10138281307289834,-1.2971335023695243,-0.22492521064569818,0.8129622767100296,-0.19541779815699306,0
1.2959250768291743,1.8091936002196807,-0.06238316376689653,-0.2796374172437715,0.10849879939446645,-1.8723181346713362,-0.2606753160022186,0.7783287734613773,-0.45988420642407607,-0.02171115375622146,-0.9578187689905523,-0.22496148648682196,0.784617889744314,0.5971569254418055,0
1.0814148545615578,1.8529223094574987,-0.07048305173377135,-0.2528427048406707,-0.07599563178831414,-2.3096309736879137,-0.2286639982952546,0.33600569825988097,-0.4618314215000775,0.050129417059333554,-0.8589448269790646,-0.22508997301508898,0.7711298051373408,1.2733277091484045,1
1.6409359616012105,2.4895910663382637,-0.056301660317461054,-0.25340728172357757,-0.2107605255110922,-2.039212707996083,-0.1993148810514133,0.41680581231362784,-0.415255209793504,0.05873281445678653,-0.3678284333160976,-0.22506203626387683,0.931147647582736,1.5802504389266587,0
-2.358967669402476,-1.8759241985988044,-0.06695312805731307,-0.24074895390980852,0.020018973004591534,-0.8739216580055182,-0.31715008718234916,-0.0912519782778919,-0.41954708653942635,-0.19214693141208716,-0.279653604960287,-0.2248781903179281,0.76727560539699,0.5509818088314649,1
-1.924311182445884,-1.4927678434044644,-0.06458132216347542,-0.23069625958007553,0.04154691129896494,-0.9170033083173826,-0.11531651882713194,-0.19712778185901667,-0.23838343220892586,0.03176831878625771,-0.28481295297342135,-0.22483362956795883,1.1775794356269127,0.548604208749541,1
0.3425803540433597,0.8024767832256228,-0.06600330172894925,-0.2307057571262092,0.08847781678069913,-0.8884895227003459,-0.004312651290249395,-0.287321270043624,-0.12248005349092318,0.13565502287415113,-0.15727853994790747,-0.22487843869594984,1.622986588316635,0.6570386122721852,0
-0.3567934666668624,0.07283608846904224,-0.07755337033684098,-0.23436277961875707,0.006025813113248687,-0.8484920756391752,0.0013631336840208691,-0.22288528454733492,-0.10727069006622907,0.12997525619424297,-0.28064306429411473,-0.2247330191404568,0.8147840417690867,0.46703900467422554,0
-0.7952141214368138,-0.3965613073799883,-0.07449546308767363,-0.22855719617881487,0.07104018676225671,-0.26989220276407794,0.08577544258637787,-0.1777992712226225,0.03900230802575084,0.14014053347862382,-0.08305650592077976,-0.22478163769415327,0.6293598608194255,0.21007077269307795,0
0.2401587610879572,0.6638111648023396,-0.08822003978587728,-0.24403161958092734,0.007748048176798567,-0.1360288380410244,0.1205282647708244,-0.19062007760789734,0.07870100466536087,0.1686252024492442,0.010793249865310576,-0.22477427010888062,0.8557593635423805,0.20556810318377558,0
-0.01859210842036214,0.4262443464298113,-0.0960435986418441,-0.2563352006057304,0.00990084200623606,-0.18581158546343624,0.12308409634190706,-0.12359041710380951,0.07458981015388837,0.17904485322877894,0.002277410580572293,-0.22454674717662135,0.6280967022250002,0.2527938668836655,0
-0.09875748880941983,0.37360289001247243,-0.09956320817348921,-0.25289953160080975,-0.18621867585550647,-0.4323072261548622,0.16476843026121715,0.0059513169658376285,0.10899447802835752,0.2288545618778364,-0.3964913635156804,-0.2245281996922541,0.6134904845142871,-0.06717377831526371,0
1.3408957261415893,1.8510018547932046,-0.08694607348783454,-0.24062210657013663,-0.39590079484270424,-0.61576470957716,0.1869736338988575,-0.06812030997181771,0.10634883064182526,0.2802212794290223,-0.49027839662508615,-0.2245305188498291,0.5622966287285796,-0.010905478510135923,0
0.5851332452189201,1.07883982364048,-0.07147999263525011,-0.2469317835119928,-0.5552075382210678,-0.8534437191838256,0.18583318810056224,-0.04015548088504512,0.08861414279550185,0.2987428266689828,-0.7855183949269094,-0.22456894524028484,0.42958738267999075,-0.17569399147025508,0
0.19814420747904354,0.6645504230933116,-0.07523363625553743,-0.24726789667270038,-0.614409368530595,-0.8975531604303834,0.14743770520336782,-0.052730116207231864,0.04189874558689064,0.27065372276822197,-0.6478632147360054,-0.22446625248076332,0.11085935960942161,0.06258856150671512,0
-1.8412633954057422,-1.4191214987065948,-0.08086568316430229,-0.2193325080204926,-0.37265062148478073,-0.9430698473581709,0.032421801130775314,-0.25901021790984524,-0.06655869978887057,0.14923569054963062,-0.68138487421894,-0.22446414993192818,-0.12043662313145143,0.04941199019949226,1
0.6371628035838883,1.1785492719599204,-0.06947126517649431,-0.22016906988206794,-0.253170563951008,-1.2918385413670432,0.1854821755853276,0.10912444679462577,0.053478840548443825,0.3395824423381859,-0.6883068202021126,-0.2244931148526257,-0.15638102014925095,0.41477553763694436,0
0.2595083002677612,0.6867287348909975,-0.028325994370943585,-0.20940388348900466,-0.24800385876035835,-1.6346736392740546,0.3063631375204712,0.07603550760383551,0.14435437358303205,0.49455847790826574,-0.88059785212392,-0.22431010357235462,-0.48563811951767005,0.526255198984106,0
-0.2612444850915154,0.026644031481692924,-0.044318384557405055,-0.16225199392252018,-0.2533858433339516,-1.2614711858968741,0.12053159411491095,-0.11305511796657805,0.006737588456706874,0.2538409840868941,-0.6665674520557938,-0.22434967654507346,-0.47643106451007977,0.37749308309401464,0
-0.6232742714600981,-0.3104034146363608,-0.06632259196295015,-0.1611778082866336,-0.2940736467103175,-1.4504400637824402,0.012270519222309035,-0.199640740494502,-0.11066673420997125,0.15768937064888158,-0.9765772284634108,-0.22434132988829653,-0.5949325464772087,0.1656109271451703,0
-1.6799011671714308,-1.4458635603304142,3.2063537063223437,-0.33556375888284673,-0.3565046677640006,0.30201754565071803,-0.7101587682402173,-0.4211418699689118,-0.6729638295266218,-0.7457811002226888,0.5825756202353581,-0.22559132116384545,-0.24655737065369288,1.0625075751331368,1
-2.2322137846934913,-2.038896487587274,3.2063537063223437,-0.33556375888284673,-0.3565046677640006,0.30201754565071803,-0.8832629212460454,-0.4211418699689118,-0.8306400804240858,-0.9351006800802377,0.5825756202353581,-0.22559132116384545,-0.24655737065369288,2.1347637396358277,1
-3.814572918542006,-3.7109013721988067,3.2063537063223437,-0.33556375888284673,-0.34121983157499547,0.30201754565071803,0.5985709004418518,-0.4211418699689118,0.7507684319928306,0.4112651781951487,0.5825756202353581,-0.22559132116384545,-0.24655737065369288,1.845766759798395,1
-3.209405175604853,-2.946885371620845,3.2063537063223437,-0.33556375888284673,-0.19009370474849366,0.30201754565071803,-0.1373979318367218,-0.41757743106624545,-0.026792132704221327,-0.26673237452877124,0.5825756202353581,-0.22559132116384545,-0.24655737065369288,0.5168214691293075,1
-3.814572918542006,-3.7109013721988067,1.3548938114086433,-0.342727128335577,0.2938543481090223,0.30201754565071803,-0.44924125895411576,-0.4317703421817391,-0.3635783439747896,-0.5453452862162438,0.5825756202353581,-0.22511430058334192,-0.24655737065369288,0.26003398506315334,1
-1.9884526626669925,-1.70991432338954,0.8357831396580174,-0.31305434079695144,0.5775925748288647,0.2376306867853053,-0.37491803649594,-0.3842014935675251,-0.31423072535503643,-0.44233066122808706,0.3924462027674218,-0.22463728000283842,-0.24655737065369288,0.24281097188395082,1
-1.8836374802148632,-1.570234077750673,0.13147324939383498,-0.3178986445624461,0.6240929215447113,0.3551013770486687,-0.502511336912754,-0.3655691669877517,-0.41791538334215234,-0.5967205422332414,0.28145313130427185,-0.2241602594223349,-0.24655737065369288,-0.066699807551632,1
-0.4927036496417455,-0.14462866689443127,-0.023780753284265113,-0.3141503306419977,1.0865130361078539,-0.11329297493422812,-0.5142081331196843,-0.29129787731922474,-0.46121845874383544,-0.5708551484790765,-0.35143799121101926,-0.22393013429708045,-0.24655737065369288,-0.36215136655179664,1
-2.300484999204337,-1.990581197865984,0.0370411811175965,-0.32945965666463994,1.3982375826103817,-0.07419457935471666,-0.36456092321990163,-0.31622889533752546,-0.25193674511522224,-0.4935923646256876,-0.6723592997389973,-0.2225714776370223,-0.24655737065369288,-1.5873271470760226,1
0.856411289557309,1.275233019688672,0.31027510705816724,-0.328685759292631,1.3497997214480415,1.8833370743759363,-0.12518694483456771,-0.2282418551987065,0.13490363420142468,-0.4316641484767674,0.4197764784280083,-0.2174023902069571,-0.24655737065369288,-1.6107084154629536,1
1.8278153082506807,2.3024052501428733,0.004631371152892724,-0.28663149352331946,0.8212888363211724,2.8600294586514723,-0.14802196355475583,-0.3145815485217677,0.16200049517412324,-0.5133504999985256,1.3877634521598121,-0.2161861696780146,-0.24655737065369288,-0.9356888185615455,0
0.5056781673209982,0.9498831585264537,0.007823196336205658,-0.26291431155494277,0.4761959854623656,1.6795288061114169,-0.27074104496659773,-0.3286036607481111,-0.06906205363343541,-0.5063303419846277,0.9420599221956597,-0.21582595511981797,-0.24655737065369288,-0.36679402115788495,0
0.39773294316032165,0.849766051191589,-0.01894580642744044,-0.22993422115118228,0.23874282607542613,1.2587341332571933,-0.29649399974455953,-0.3180871645542494,-0.12325429084816286,-0.4981043743771414,0.48450126386282877,-0.21507043827567984,-0.24655737065369288,-0.7023017280253187,0
1.0992621925851416,1.5663860457651508,-0.028948106825206824,-0.1474128716111602,0.31086141936157746,1.2159624264683542,-0.3055827886446833,-0.2036040248959711,-0.12204891018335401,-0.5192742711820517,0.42225488951246853,-0.21529794965547294,-0.3906493027699782,-0.5573877055264305,0
1.0722786801342774,1.5236189968578462,-0.042005725436377296,-0.016161386102511693,0.2146315351857278,1.5876725801371407,-0.3503331455781324,-0.09911254848519471,-0.14887553296199152,-0.5847168054144039,0.6663504634749142,-0.21594891379304315,-0.24253477729556014,-0.5499941949157994,0
0.8564249848453264,1.2964423026744671,-0.03355051891640199,0.1374886434853492,0.07706800948468119,1.7788971674029164,-0.34802400967258457,-0.17796317591434307,-0.12356147693149827,-0.6096741037458941,0.7013744093583762,-0.21613235540267745,-0.16165233362062995,-0.6939238283215787,0
1.3421342107344316,1.7773584170459136,-0.04774685718046409,0.47077310168253084,0.0622137320615635,1.4896503480333017,-0.3828175476761996,0.0638926274343264,-0.1710378271098009,-0.6290380560981963,0.7153649961545685,-0.21651132827774813,-0.22950186913153964,-0.5027647480436023,0
1.4230567100730946,1.813344321025598,-0.05085919482316089,0.9509428547152627,-0.16447545817818926,0.8555052879798691,-0.4360185128084325,0.13246459884266498,-0.2860191223609579,-0.6084571293682199,0.7895383523355258,-0.2170693515426982,-0.2603040241431884,0.02015540121934412,0
0.5326383569665931,0.86722200294065,-0.02684229264994259,0.8068129771886801,-0.12077374344061102,0.9737949349474718,-0.40655869836071556,0.1603367349013321,-0.24908818250969514,-0.5881927556931863,0.6422912575247617,-0.21732164713307733,-0.2919577100623207,0.25370317742720017,0
-2.975051330606679,-2.7290466047801214,-0.03843522156478911,0.8426454857428406,0.3304518432094572,0.6143995408309951,-0.49350367799594147,-0.046314528369721164,-0.3577840975940236,-0.6483527830886616,-0.48230511750012356,-0.2149346245957716,-0.646938858441267,-0.8950464817663232,1
0.3437705164563707,0.6490593640101443,-0.061014292385984034,0.9520401822093658,0.13799207485775822,0.665265314361683,-0.45975406502197547,-0.06838051678018822,-0.3165987731422649,-0.6238075316852673,0.17958860439420016,-0.2154102776321198,-0.6613288548781443,-0.2505651898022467,0
0.2898137820491573,0.5731066882667989,-0.05352671222590017,1.0019306069550713,-0.04198148928320415,0.7209613453755972,-0.500527273461108,-0.08732337379753102,-0.35400362377503325,-0.6680857166436134,0.48239447931690255,-0.21575185192833943,-0.8958458985086472,0.03696753702863842,0
0.21535799311783912,0.45915653359912556,-0.06936578383271905,1.1127670285706488,-0.27599017854304386,0.46423454156820904,-0.5160627200662931,-0.14225857310436826,-0.39101649491769785,-0.6580065764608649,0.2971511218779394,-0.21524672381922974,-0.9055521927059589,0.08815239312453182,0
-0.3967798444879088,-0.1761398418261311,-0.06146006292415467,1.0356204599346983,-0.26974707643767554,0.16661541129830906,-0.5312507660556552,-0.042582991804135044,-0.4252548662967009,-0.6504579696121455,-0.06541486583684755,-0.2149010813263677,-0.967991691071172,-0.13583925253278983,0
-0.6717713332167352,-0.884472166998448,-0.05644581840213849,0.6969194087587975,-0.33454617070373976,0.39107726466827786,-0.5046405774244987,-0.3092851562670364,-0.38444672931311663,-0.6409743609224695,-0.03725184678398844,-0.21263411888934017,-0.9194545174781785,-0.28973478278751846,0
-1.4027183133513932,-1.2019787633777967,-0.020142704820594944,0.6470687629496689,-0.24778857937741453,0.7573468401499365,-0.47726036947240974,-0.3868895309472019,-0.333111188262041,-0.6422831285604053,0.18974744235614782,-0.20481560286845102,-0.736758010632577,-0.33204103251460043,0
-0.8181711537132852,-0.6007489169517924,-0.06010582372856766,0.6717816651355996,-0.25295528456806415,0.2436813366695739,-0.5271917249883185,-0.1070041050608169,-0.4249599942020051,-0.6419900676312038,0.02410022900537346,-0.20269516507723745,-0.8558429741410598,-0.1666351250065925,0
-0.37779295911052396,-0.13192887898336944,-0.07591376366723439,0.8245104554032242,-0.3289489067472025,0.2651548019854605,-0.5208931762226844,-0.20747363962958326,-0.4173385174892628,-0.6373326018269648,0.10430738331799835,-0.20571490999734876,-0.7490105999755416,-0.07729550587539981,0
-0.11297368607151022,0.17139737940726474,-0.07970216949593303,0.9230265660527741,-0.4079564402875532,1.095201048332081,-0.4382191527037035,-0.38313388465627546,-0.2657338195062746,-0.637256245940215,0.5058595858203003,-0.20421586240342918,-0.6605591686118779,-0.3723375352482059,0
-0.27734171050031614,0.013350746416715424,-0.07220216581170293,1.160394980186518,-0.48502645938141037,0.5732409723309536,-0.47955543851992827,-0.19729212072434935,-0.341814664604865,-0.6369630926424568,0.210625709210873,-0.20349861887957052,-0.6345137438318924,-0.2424471859918514,0
-1.5864503447679414,-1.2709096307492325,-0.07733089302678736,1.2744798433076021,-0.24671218246269588,0.3198079683496754,-0.5368786385118074,-0.36879817992798203,-0.4356732716622871,-0.6503468790352812,0.11652476419107291,-0.2009453216972956,-0.5588831668599233,-0.10366525885344678,1
0.7124814918379502,1.1346921743807872,-0.061743408176179564,1.371781475955092,-0.434220525006689,1.070172640913825,-0.4556999527917962,-0.15312535216187453,-0.2912304300167749,-0.6450386724106383,0.611525465924892,-0.20040832552618698,-0.606002498508066,-0.18167549783998654,0
-1.257867294229726,-0.8776590257481397,-0.028569807303632296,1.2331696551928617,-0.6240969407630631,1.6660068202312541,-0.5928359337030394,-0.6932499789528161,-0.3648059050252835,-0.8558080474870982,0.9656588535319309,-0.20219990796624654,-0.5870137119072483,-0.14786182964047118,0
0.2311260891613047,0.628267996877792,-0.06564345294537235,1.2757065415155548,-0.7943829326715572,0.32240653224626514,-0.6270778880650445,-0.521986757524165,-0.5333435645276882,-0.730630758285087,0.7615734693435495,-0.19642007053320004,-0.6733659367484679,0.5168987010627736,0
0.30177923870391515,0.6774369630837772,-0.053553069350242115,1.3062743628982934,-0.9334534140532098,0.4054783241648568,-0.65038366086277,-0.514491016008934,-0.5519174172140244,-0.7592631037580161,0.7075268300809524,-0.19385875305131622,-0.5848993009283934,0.39306541321068206,0
1.6729454395734615,0.5678234528331807,-0.08347243650598145,-0.32563539691480675,0.11840165100987832,-0.6714314156153016,-0.08450708848008491,-0.23917548802455738,0.04188663414767301,-0.233162267243182,-0.8156443963562056,-0.2246353545918172,-1.4483163563342403,-1.4615485388472707,1
1.3477202198700093,0.29833042155056905,-0.07037113456033292,-0.3260158540987886,0.11840165100987832,-2.3096309736879137,-0.031939764133962184,-0.4390938564029039,-0.023445458763749975,-0.0416188526323674,-1.600937769689841,-0.2246353545918172,-1.4519778008805062,-0.7099762418671761,1
0.36551341419365907,-0.6104700756933397,-0.0936098910836058,-0.34201286036336553,0.09342924258840515,-2.2519414720562363,-0.025037883036789804,-0.46352508463525927,0.0022952136894086495,-0.05710492958956884,-0.6433399898297857,-0.2246353545918172,-1.369315109187156,-0.18965831321066604,1
-0.7679447114590164,-1.6674994452670653,-0.0882789332592512,-0.33719351146776755,0.05080392476554557,-2.259618502654655,-0.1530644764447665,-0.31498422585042535,-0.15097355541286656,-0.1537257588384315,-1.0194575482058843,-0.2246353545918172,-1.3592963371332112,0.17573556284433586,0
-0.6133010156486471,-1.4771506754674553,-0.09059178805449447,-0.33742564496352423,-0.007106229246319125,-1.3815135531209268,-0.28900989709157315,-0.4202938738855834,-0.16231778008314587,-0.43559414225458076,-1.0878075534968779,-0.2246353545918172,-1.3182763564692759,-0.6450631582908808,0
-0.7863271887785303,-1.6096841882153945,-0.0703366870529543,-0.3339688258989739,-0.08632904216961342,-0.7025258760342102,-0.20166053011086732,-0.6345622988556324,-0.054736272067132635,-0.3732361871102584,-0.5614186213219758,-0.2246353545918172,-1.2755205999087236,-0.6574717806469956,0
0.021246316963211272,-0.7799029741763118,-0.08749648982841335,-0.31855671099965666,-0.20710077600104865,-0.006586934819557905,-0.17332984352342196,-0.552861719899687,0.03182752761718375,-0.41419247585307983,-0.1394213257994999,-0.2246353545918172,-1.2416795462925772,-0.9570847314757104,0
-0.15612540983535778,-0.9160547031941347,-0.09297855068459539,-0.31802876335295527,-0.3192613345147345,-0.047692816597493706,-0.19908877677674436,-0.2051053379016792,0.003964958669662551,-0.43715523596822464,-0.04149516913999786,-0.2246353545918172,-1.1923264394731583,-0.9210451514994692,0
-0.11390014255779211,-0.8416647276717638,-0.09499468080208195,-0.3198591535603144,-0.43357468685785777,-1.583217233031296,-0.3590051364684228,-0.05640310737707836,-0.30316045472733655,-0.42087246505540243,-0.8629354311486763,-0.2246353545918172,-1.1213155236718009,-0.19215860238867483,0
-1.041337401842527,-1.7215196977235925,-0.09952414560042391,-0.31221145271728734,-0.520978116333014,-0.035866462997193475,-0.3281163406491721,-0.5215415310997393,-0.1408613105458234,-0.545946745888174,0.15874688649358173,-0.2246353545918172,-1.162041670662869,-0.44300543099328366,0
0.402628157145122,-0.5344626278130636,-0.09854173841471137,-0.3053101023641015,-0.4727555345536174,1.1918220754773878,-0.14674712510832014,-0.5914351584432563,0.1408777268959779,-0.4855708046959706,0.6394270821653776,-0.2246353545918172,-1.2872263365675,-0.8268031468375595,0
-0.7774540126037811,-1.8799628734783376,-0.09852267755107721,-0.310742259811246,-0.46242212417231815,0.7756281094964866,-0.22768993211431385,-0.45418897846321776,0.01928207370594988,-0.5174189338869476,0.2406267268351845,-0.2246353545918172,-1.2215097790472638,-0.7733065910207332,0
-1.0561767222382348,-2.0913978998735305,-0.0920842426700299,-0.3016374866913755,-0.32313636340772184,0.9744700776026917,-0.20954995741280213,-0.49995880322677444,0.06168121782539899,-0.5282181563040487,0.4475683113117362,-0.2246353545918172,-1.173069547932917,-0.7610428182799157,0
1.4955732861731432,0.4413078648202974,-0.09036651262030365,-0.29518597321727646,-0.25898310729048885,2.1070483426242204,-0.11749154323731649,-0.49282761542323406,0.2198296759829535,-0.5155051965956998,1.1082293485153014,-0.2246353545918172,-1.0968441329771499,-0.7961491684184088,0
1.4584110006568745,0.45729180938892977,-0.09082152336584096,-0.2821119652088932,-0.20322574710806146,3.296324453979339,-0.025199525965622138,-0.47332447475140926,0.385259091057201,-0.5109058484115102,2.0616405668190407,-0.2246353545918172,-1.1345641797521875,-0.7311180101343253,0
0.7336368239408241,-0.20269101811310183,-0.09099223911977973,0.06922648956030192,-0.15392676841394617,3.8785375003919,0.09555463870144366,-0.2729936068399054,0.580808101782343,-0.4801442609357712,2.8325871782599394,-0.2246353545918172,-1.2635884264510604,-0.6769172857247647,0
0.02362135177031261,-0.8553057416398775,-0.08285184839422643,0.2655476839534526,-0.11022505367636813,3.8785375003919,0.23597903419368127,-0.23874105689661826,0.6704729296172471,-0.28128245167325366,2.8995973734547964,-0.2246353545918172,-1.2501568609952232,-0.3204334388278079,0
-0.2731383395023763,-1.109733487846952,-0.07363374248400212,0.48589876309277436,-0.22217033280711013,3.8785375003919,0.3224197743487488,-0.25255236385092067,0.6738752801809128,-0.09754449769016378,2.9512755616866047,-0.2246353545918172,-1.1928218540437086,0.42347732972902324,0
0.8127196110778423,-0.013891760983084592,-0.0467981585300397,0.8753899747024746,-0.36188665233759404,3.8785375003919,0.34419929530116167,-0.3107379305376269,0.74396708255118,-0.13322749472172185,3.0722348389319976,-0.2246353545918172,-1.3602748369114248,0.5672493633573904,1
-1.1582580616654001,-1.914084130180951,-0.06944823403248893,0.7922882744562154,-0.2990250725180235,0.9109509723877699,0.14659378238316084,-0.4417365045751248,0.25962906269558556,0.011016165343280475,1.442158303154504,-0.2246353545918172,-1.0394789499619363,1.339417511979549,0
0.48934412060477916,1.0985550381341083,-0.06812022768540153,0.8974282950919323,-0.26178173926875736,2.1988085952944494,0.10602178649820256,-0.32928670913959873,0.3396195826959673,-0.17182736946849703,2.4722957177121065,-0.2246353545918172,-1.0079230100730303,1.2015554860827706,0
2.302367638860166,1.2945812439689923,-0.06582935361666788,1.1642119135203446,-0.21442027502113578,3.8785375003919,0.13782605737588882,-0.36150894853480703,0.5235047888882642,-0.32047211268820336,3.0722348389319976,-0.2246353545918172,-1.1635260249323005,0.474648212805653,0
0.6841722107260794,-0.18831177442135474,-0.07975884627926512,1.4856123047683674,-0.24628162369680845,3.763810933573797,0.09180442377039948,-0.36404085755514853,0.4540759510059913,-0.3382328026185345,3.027914036243872,-0.2246353545918172,-1.1951503759639222,0.4208426130651307,0
-0.0756322050553665,-1.2572661984651554,-0.07672455314849186,1.6613236253848838,-0.25101777012157067,3.0031525049128107,0.06563384064438273,-0.39573029575038887,0.3655019337676507,-0.2902041329917627,2.4559663891158596,-0.2246353545918172,-1.1481095244582418,0.3923839717160329,0
0.21551595463656473,-0.16143769028409227,-0.08269734893126723,1.6795489345873964,-0.1913853810461561,1.580350252766699,0.026068233175700884,-0.42942128850758204,0.19538195915371245,-0.17471733354844537,1.7029292799069076,-0.2246353545918172,-0.979627752219847,0.7833833139982084,0
0.3856263222701631,-0.7504767573499415,-0.08749351264278744,1.3573745583756653,-0.25101777012157067,-1.413565078954786,-0.16539614128931845,-0.377311343943755,-0.24487856156652515,-0.06932402270391715,0.0031777686140386876,-0.2246353545918172,-0.6121823704258009,1.4649803383205071,0
-0.41064193793215087,-1.1354621128821958,-0.0835838771460906,1.138689643988647,-0.25101777012157067,-0.7365993164046922,-0.32678749900281917,-0.01990314056911935,-0.3189352421162797,-0.332211138355426,-0.030264557192794396,-0.2246353545918172,-0.5360658822156469,0.7107385938085535,0
-0.551473469495869,-0.27150119132325856,-0.09717628137291778,1.034975901874914,-0.18858674906788758,0.12748018726828886,-0.29848804489583014,-0.4369331900908638,-0.2151401630744057,-0.39363803044979007,0.2809081210651603,-0.2246353545918172,-0.555754861675837,0.24924904484949076,0
0.00027252566492186087,1.0462567851573745,-0.0816427842905457,1.0350072575085958,-0.1586629148387084,1.249750283913501,-0.30602843591923734,-0.2683014713362858,-0.11331181962516552,-0.5305874903558758,0.7081300681201024,-0.2246353545918172,-0.6951335981809124,-0.2929074255293797,0
-0.4247963520382016,0.0016631357681548057,-0.09886168991421089,1.0500776443662525,-0.24326771233559613,0.5343459386895952,-0.34660804903943354,-0.4082577776202533,-0.2216956208675496,-0.4904022581899422,0.6195446507978044,-0.2246353545918172,-0.651972585319148,0.2626251150460234,0
-1.8970529692659068,-2.870907080506335,-0.07737723936078808,0.9345631933348957,0.19245775874252316,-0.8382132611777497,-0.5093535697407287,-0.4267667503140597,-0.49088024589400375,-0.5251889200580491,-0.5908834842522548,-0.2246353545918172,-0.5617874016829867,-0.12812719124764213,1
0.8887043303198123,1.948594429713693,-0.07883167298997519,0.9374122224990995,-0.031217520136017255,0.6898897108567273,-0.4504676734392248,-0.06096131209342421,-0.318529930519917,-0.6013490438547688,0.6916966402497686,-0.2246353545918172,-0.4304057943571962,0.40071640032931255,0
2.3676018906588667,1.3934107546111503,-0.08160452158629877,0.9493228640043253,-0.2533858433339516,1.8939308321592516,-0.34607478294420696,-0.1607480928399399,-0.09835158774091693,-0.6352898574261049,1.694852227815147,-0.2246353545918172,-0.2601397000716594,0.4310028986720572,0
-0.7240292533072634,-1.6800750261351998,-0.08229624896128944,0.8936852295252801,-0.5937425477679964,0.27948974143322525,-0.39273605653258453,-0.19964609959744226,-0.28348959791027606,-0.5174340986799216,0.8710170658183561,-0.2246353545918172,-0.12476900705710951,0.900236599538969,0
-0.33173101589811554,-1.2963939419091175,-0.0853041520976572,0.9099267464036522,-0.6992294454104265,-0.29907815573768354,-0.3837787778149679,-0.22020329054184212,-0.32002745158010776,-0.454714322614203,0.6169243042674053,-0.2246353545918172,-0.15437596024077727,1.0810965461777124,0
1.7794718530541296,0.9732998748951713,-0.07696121159419168,-0.2862647039580777,-0.9872732597891436,1.373915516543316,4.706550129124859,1.6543489066606216,4.454182372860896,4.949573997431986,2.315633858208084,-0.2253068301329963,1.3600071938575469,2.027431196546582,0
0.9342506109240805,0.44063410568124367,-0.07712616452546614,-0.2687182801457541,-0.9872732597891436,1.7265203037902348,4.347266312785607,1.0148347976080503,4.175423845788169,4.499202991275368,2.467358445053269,-0.22533628314538767,1.5441361415651842,1.7350968767080879,0
0.9211393774490697,0.38241144509704006,-0.08259749853589737,-0.25293265005197046,-0.791369021310345,1.8294571668234854,4.126262297075883,0.12281792807192332,3.9555390272754205,4.279493645690507,2.71448237708997,-0.22537044956395896,1.3504938371508288,2.0034216760950216,0
2.221644728487272,1.81046691407524,-0.08247406753813269,-0.22968568828678612,-0.7956746089692197,1.089923161307117,4.163235448345613,0.602213370788098,3.953107158205946,4.362686164514233,2.3932760402554196,-0.2253750159650074,1.3718034130312358,2.298059535196674,1
2.123439509622586,1.5326048251297646,-0.07865829124048714,-0.20258560372760223,-0.8042857842869692,2.5230035807796765,4.212449409298824,1.1316958408171578,4.099568397239938,4.29617072579689,2.849194104169191,-0.225405634621231,1.2240443973493904,1.5485170918498985,0
1.0656554015995825,0.5157795342736375,-0.08515067676738337,-0.17372769490467851,-0.7461603508921607,2.695645124104646,4.726356673291018,1.4049350418848119,4.58083395878539,4.842635480190783,3.0722348389319976,-0.22544378173081808,1.2868957882510688,1.717864019458164,0
1.1455202551675607,0.3018890267619364,-0.08673825995959818,-0.151377622451478,-0.6880349174973523,2.381268523833708,4.54098587990038,1.1685481548301269,4.404228650424836,4.649083332669713,2.945038325746393,-0.2254463235621777,1.144245612597387,1.9203303610161437,0
1.373471690675663,0.7279581046834881,-0.08381863376435503,-0.16666712866873412,-0.9183838572471485,2.5397663204666165,4.346852049961072,1.689756920534057,4.199626179113878,4.469646267374707,3.0722348389319976,-0.22542041195827764,0.9670824833336401,2.4671433965058323,0
-1.4616195461485886,-2.077193197327768,-0.0945063657343671,-0.15655316329606386,-0.7224796187683499,3.5860690451770787,4.139741240087066,0.49522248495767934,4.118725788989745,4.115550707035618,3.0722348389319976,-0.2253549802341913,1.0605638795950068,1.3000629959188261,1
0.6725152977078594,0.7656332445024967,-0.09316886476910802,-0.15114948471306192,-0.4124773073293718,2.814562778869851,4.5686415593678245,2.5334019083325017,4.439753946735548,4.667093122952234,2.949383013080916,-0.22534757914676687,1.0890354525787642,1.5099769022407012,0
1.5683128601855423,1.3952975069881193,-0.08683970522197408,-0.1400734617912656,-0.6600485977146667,1.7832840738639124,5.0585949160412556,1.753578480650117,4.8139276838746765,5.142527340247791,2.6387992128452167,-0.22533752619074296,1.6141857292791588,1.9437272237554675,0
-1.1593766505088061,-1.594630259678931,-0.08855469215871489,-0.15237634481920023,-0.6471318347380427,2.348573544419919,4.79371448032792,2.13539329905271,4.638003249428258,4.9212585545684915,1.8685078748348216,-0.2253140426264112,1.18392313489571,0.622047723024427,0
0.1881799612610579,0.24364120251231713,-0.09509073070913224,-0.13368652272773401,-0.24025380097438379,2.4232615617420934,4.801691398932061,0.4545974309456013,4.676431335530771,4.893085094240054,1.6660843030477444,-0.22531443569907117,1.4181621003260982,0.17899215763396456,1
0.35679094291043467,1.1024258213999125,-0.09085730115497223,-0.09438007709394497,-0.17997557375013817,3.8785375003919,5.122242593626844,1.9332734383205699,5.053828787455856,5.142527340247791,1.784909488551531,-0.22533121161275782,1.423006217916552,-1.1923920317957348,1
1.8116032253490972,1.782107194217725,-0.08542271459383942,-0.04934321384921559,-0.19935071821507427,3.1689364380798097,5.122242593626844,2.444961147385143,5.053828787455856,5.142527340247791,1.9336969294957318,-0.22534921786408701,1.833588183553212,-0.202096217872354,1
1.1171703610200678,0.7643132956011282,-0.09124695298087676,-0.038645207748620236,-0.253170563951008,3.8330976029079684,5.122242593626844,1.611914013451067,5.053828787455856,5.142527340247791,2.302409410987834,-0.22535817015890067,1.8261567868796527,-0.4441737273489247,1
1.559799876421249,0.9778372469441543,-0.08870312131132956,0.0178378824669663,-0.4921306790185535,3.8785375003919,5.122242593626844,3.146001500244035,5.053828787455856,5.142527340247791,2.85834761058539,-0.22538432407577774,1.739162706622114,-0.2917616592774969,0
1.5637806929431064,0.6820376036134275,-0.08331878419401069,0.09329384259326105,-0.6169927211259199,3.8785375003919,5.122242593626844,3.1234065461864122,5.053828787455856,5.142527340247791,3.0722348389319976,-0.2254126848024968,1.2585678180554394,-0.17178401551323771,0
-0.36762241357077335,-1.515362123611252,-0.0620211481931325,0.12451773547709757,-0.6040759581492957,2.457968693588433,5.122242593626844,0.5051628105901086,5.053828787455856,5.142527340247791,2.3919870440439146,-0.2254446530755757,0.6939654739091103,1.0676237088799918,1
-0.8359084273616649,-1.3589234804323198,-0.09047500152592196,0.16429908278159897,-0.1950451305561995,2.6782081084075195,4.950134201677418,1.1957212400594808,4.894335739671482,4.957521936998492,2.331353301383401,-0.2254309100723738,0.6394954225292677,0.5802345871911117,1
2.6909132244921046,2.7575167584431424,-0.07993496826560716,0.2718645568737946,-0.5696312568782981,3.7780843040540346,5.122242593626844,2.7003390127001774,5.053828787455856,5.123147804669991,3.0722348389319976,-0.22546245051607966,0.7267861572251839,0.6305732593836549,0
0.8064992810704985,0.5308572534661224,-0.06853558394132392,0.3062584636110883,-0.6191455149553571,3.657860713710884,5.122242593626844,1.9515525952380257,5.053828787455856,5.142527340247791,2.9367698051821067,-0.22549909463462298,0.5190002280171468,0.4617540397481756,0
0.3263662808255673,-0.05199624820435469,-0.07169006656307367,0.36691274670180885,-0.655743010055792,2.888455386215921,5.122242593626844,2.10853378850885,5.053828787455856,5.142527340247791,2.7462979275890684,-0.2255019017707318,0.4377666645742718,0.9109473626522366,0
0.42947467884075147,0.28620832610239755,-0.08212065531291511,0.3995208812032777,-0.6256038964436692,2.5628647430340785,5.105644688420086,2.4082645754238663,5.030803280194373,5.133736818507511,2.533634882810633,-0.22550133900518046,0.17989874453711954,1.036143869561823,0
0.19146627379064957,0.13787458453242468,-0.08838540996258748,0.3550423833963539,-0.6514374223969174,2.940073268929467,4.990106064423128,2.52919993362626,4.930077052624114,5.002029157315404,2.7514321802891053,-0.22549588046493532,0.242927820460291,0.9401368859551082,0
-0.0672241344299064,-0.09109418104767553,-0.09570391600738763,0.32841553832961023,-0.6406734532497306,3.0649910342094957,4.445388248577943,2.643525977718217,4.492614544063981,4.3367725749334,2.353766369355671,-0.2254585284538295,0.2585492395740127,0.22784011357714887,0
0.14074985094105052,0.08712156719290433,-0.09574078347422815,0.32617311887962025,-0.5782424321960475,2.963474430522726,3.977365853519531,2.3319483655332434,4.046607882789887,3.8482304715911795,2.4758718630559104,-0.22545619900405733,0.14563380175416551,0.4102440029738586,0
0.3375373771955816,0.6301570144005332,-0.09053325623578214,0.41927792592552804,-0.5524089062427994,3.040761624611398,4.222604667230333,3.603401842194289,4.278444629124029,4.106430905269335,2.654951799974204,-0.22545641435252817,0.33817605285331515,0.5638800668434517,0
0.06098947745774537,0.24033137428375195,-0.09118258466469882,0.44044159613982964,-0.6787779040307717,2.563653249307521,4.394866724666061,2.6686357852065052,4.486606388313322,4.234143732496532,2.027464754762117,-0.22546753360117566,0.7170207370717978,0.12679328622334118,0
-0.5174935406551546,-0.5331134134521015,-0.09057529584709709,0.4205878893690278,-0.7892162274809077,2.5248267616403277,4.356176086754729,3.4057234424331946,4.444470245576769,4.199991409838133,1.8697514487826563,-0.2254622252429902,0.487862343008121,0.07901704764752035,0
-1.8997295694196112,-1.542522949975947,-0.09405745882232404,0.6519822143957311,-0.5739368445371729,2.9151419590947425,4.490542627256901,2.652212749741868,4.602147310250805,4.305164209350869,2.0584524014431946,-0.22545682446507573,0.531459731173732,-0.21730831442363424,1
1.76217751934414,2.7575167584431424,-0.0823479303251985,0.8035735949104814,-0.4576859777475561,3.1926411920339643,4.4399400853303845,4.00366559735682,4.632091263362578,4.15979015190785,2.370320240769118,-0.2254693906601056,0.7022336140866834,-0.005229605386553811,0
0.2379999409581341,-0.37785664961124144,-0.06439525885472357,0.45117547583733025,-0.6835140504555338,3.1363416423628427,4.495968770752497,3.418468244439376,4.741819667810606,4.151571302181223,2.009788974288377,-0.22545719703210834,0.5317306306178673,-0.32064929304759393,1
-0.3789756266813537,-1.4030404198844548,-0.07050001992912043,0.6245532161761859,-0.7151601197482629,2.7092868702681394,4.378991149958462,2.948930723409022,4.595031868933189,4.071277227276372,1.6927479725195043,-0.22546963903812733,0.06428296713879277,-0.4901489990510445,0
0.31355670976678607,0.06413171089073734,-0.08200247224516395,0.6906916159266676,-0.8673626434894833,2.9487991935761744,4.320614385743434,2.920218574846222,4.505242261382166,4.0507869754163215,1.8712716376075103,-0.22547190332148828,-0.04784512310607209,-0.3230373290097833,0
-0.666804553721676,-0.5815690281527482,-0.04446254843772258,-0.3067434207772428,-0.7584312757199536,-0.4863060108254001,-0.3622189347871902,-0.35192439346958887,-0.3525924274339434,-0.3693233652171982,-0.08770616827967774,-0.223883708401455,0.2835358947177242,0.884317100270372,1
-1.179643626135618,-1.075804677906789,-0.04880112824374624,-0.30632383254889817,-0.7584312757199536,-0.3643670377722834,-0.44543625833139894,-0.1383639862552082,-0.4118830179039404,-0.4798847381584153,-0.470015565538677,-0.22383911241646404,-0.00825401678709951,0.10594536332347902,1
-1.1830482288981714,-1.053555607061516,-0.0820737397683734,-0.2948866606135926,-0.22475368540243487,-0.6014892762463481,-0.45102158155693844,-0.45590922076677765,-0.41633201530395053,-0.48674932179300595,-0.8297165586521694,-0.22391661791171158,-0.15090167212899214,-0.24078606125339694,1
-1.4277841036968641,-1.3000683048520536,-0.07099674048424798,-0.3037361926393665,0.5519743282585603,-0.40753982805790073,-0.3213057304259902,-0.2172942484400213,-0.2718689514119216,-0.37603266012673103,-1.0648003923758023,-0.22323747384351728,-0.08905345792228994,-0.93049560458832,1
0.2131129848291228,0.3261381148299545,-0.0830913135990295,-0.2923281719558554,0.605794173994494,-0.02399750180779497,-0.22085092631201342,-0.08066105955906672,-0.16840719546760885,-0.28032907522288864,-0.6246192859212761,-0.22326085256921893,0.16108120502161874,-0.7037451541687872,0
0.23432757069046548,0.4005426873107376,-0.08169358321343638,-0.2915319708571339,0.4587583554439232,0.23250445359595098,-0.1377029973408971,0.30966067074080533,-0.054671252858190064,-0.23438466208864828,-0.266150735205677,-0.2234628018072123,0.5130485630064892,-0.6272765053754386,0
-0.41046049226296394,-0.1514272304894665,-0.0907385845214335,-0.305319657582035,0.5986899543573508,0.26080234242567885,-0.17591843721990083,-0.19830590515866234,-0.09378776131801628,-0.2710801690443119,-0.30545246584496744,-0.2236108972026721,0.433144508915213,-0.6732201276134983,0
-0.04342775241812805,0.2510026147220472,-0.09014902552179273,-0.3290412488332803,0.7734968133076634,0.3856684607795095,-0.07946650271733031,0.06816213667719538,0.006319626153798573,-0.18009986249742915,-0.24825384860619273,-0.22328895134376855,0.4686235725268266,-0.7106869998886326,1
0.27519007668411044,0.5761331680319366,-0.09450462628306447,-0.3200941346557585,0.46823064829344757,0.5141129658362874,-0.03834622048768972,0.7228102403333709,0.03529138862463557,-0.12508253478729792,-0.10800200787182837,-0.2231797895497898,0.5229402975857942,-0.5147555473844263,0
0.26312561469870316,0.5574204068936128,-0.09107250417897345,-0.3165498291470185,0.18104795144650523,0.5821246067979616,-0.029327967085883536,2.681719158003075,0.036792638556520804,-0.10727065113419101,0.05997937285997547,-0.22307146432764566,0.49063426645641733,-0.4932758221060981,0
0.37915008316449916,0.6518507464652107,-0.08901613487858866,-0.31723726321029255,-0.27986520743603105,0.6690861418051406,0.08708550162445079,0.731693190974714,0.1357243705768961,0.02846212628341576,0.16051774148733106,-0.2227596115695858,0.5670696146579273,-0.3176354084811546,0
-0.50325626131289,-0.27629328147269405,-0.08192507224204054,-0.3196333845242498,-0.4383108332826198,0.9592658147135156,0.07121672729112719,0.5720982416070637,0.12457196431158447,0.007197032921164128,0.21297860923928907,-0.2223551972759864,0.41198687354470903,-0.30492572106647226,0
-0.25584950463332473,-0.04073021535201826,-0.08308969413119688,-0.30990782646485154,-0.38772017829084227,0.7046249726259136,0.009991803580730577,0.4848678749852321,0.06854400804775086,-0.05945559746801273,0.13072024330401757,-0.2225603734065808,0.3497625253274053,-0.4270898193361825,0
-0.362888572683126,-0.1625259354383372,-0.08418537592359544,-0.3016846478954164,-0.26070534235403875,0.9066321093204269,-0.020887238783456392,-0.20963177335988717,0.04192712718044161,-0.09501521686497807,0.27241223422001165,-0.22313250438173376,0.21943471706002987,-0.48977437327159806,0
0.2573149471327154,0.46133852840616224,-0.09148905972866003,-0.29455196627077834,-0.015717404564068525,0.9229586537869121,0.038998562740406036,0.14396295298220876,0.11875016324126317,-0.055893918116522695,0.27059628269045016,-0.22338807410244504,0.09632883132317414,-0.504293208253701,0
-0.1167802368984018,0.07959306176299144,-0.09111488121481143,-0.2942810259112923,0.22474966618408326,0.9339339688152067,0.13446046681092472,0.2702212881922904,0.2029832261757304,0.05173189776145853,0.3429188389387791,-0.2233450290360317,0.056690336524886455,-0.4842930974068025,0
0.3912795798282206,0.548890908985342,-0.08684633709052048,-0.2856413786834133,0.06458180527394461,1.2932802558695455,0.2076087901674332,0.2583590739269383,0.2760626596485791,0.1240946643615562,0.6901886019788999,-0.2233778978238452,0.040583385092834524,-0.27854250312168677,0
-0.000289448071835514,0.10143028926119133,-0.0828370447742285,-0.27736882177555183,-0.13024603629013545,1.2915859117481987,0.22899024557918538,0.8325116889792791,0.2801143807099678,0.1657419926206436,0.8357862528521923,-0.22359259318652844,0.04483270632200527,0.005066848582596231,0
-1.1195104298332361,-1.0412671256651713,-0.07707276382958235,-0.28095040907202606,-0.11431536195229892,1.2547842530201505,0.28630640881571173,0.6458899840036921,0.32170653547759204,0.2409967802969444,0.7672556821329918,-0.22365070353520666,-0.1832053515068582,-0.015390450091081441,0
-2.0186958968593305,-1.9698641334266573,-0.09557443022575457,-0.23286990020512005,0.34121581235664405,0.9249714789386694,0.09562911716360416,-0.17339009977618564,0.14261405923261494,0.03886280103966638,0.191779577769344,-0.22328239243112477,-0.4933443333637257,-0.6270408513405479,1
0.6812556807414802,0.7590738150532441,-0.08779801482151012,-0.2301522610651896,0.3969731725390711,0.917810677921381,0.1506910101318707,-0.43829325622287635,0.18832732936935925,0.10434124237483378,0.4355942497206055,-0.22343706666723237,-0.29423692960636827,-0.28431184071911175,0
-0.01674392315997444,0.08094982374218415,-0.07931233936737694,-0.22475462964218962,0.22345798988642102,0.8480568609878198,0.17352401519208,-0.28829732650556483,0.20564309228714392,0.13343628792713705,0.4309144724402454,-0.2236845138490096,-0.3211474921025333,-0.14184379882051218,0
-0.9822472502373156,-0.8917441647717897,-0.0890668006940628,-0.219182331379787,0.2604860437527433,0.8518841166721786,0.15432134009393947,-0.34930058718781226,0.18692611780181126,0.1138861525160946,0.23458801363523174,-0.2235869628033497,-0.44150160876262995,-0.35911402068016246,0
-0.5634644976939179,-0.49765642906249896,-0.09345594368461024,-0.1831987692573789,0.2768472768564671,0.7127155388099298,0.09003954452071676,-0.4208045770630728,0.11930933894199018,0.05431517538624125,0.180015786832824,-0.22367743392014353,-0.565992320765746,-0.37560708124476816,0
-0.25098089608439633,-0.22217442973119003,-0.09409287910008711,-0.19083596396898755,0.2557498973279811,0.5011372350566415,0.12839850656110313,-0.5986679881646014,0.1426013869380962,0.11005945214108524,0.1798422360661725,-0.22355723744156938,-0.6214796454604986,-0.20698346946465634,0
0.313616910382909,0.3291813268839032,-0.09346766996556172,-0.20312657337926787,0.14337405943135167,0.3783024495708088,0.13455103504103244,-0.1889813340661871,0.15074940863806066,0.11377627523194382,0.16453782350653345,-0.22301171064066083,-0.4970180865977402,-0.04516231524437985,0
-0.29539194584613904,-0.34040456299200134,-0.0886155346161467,-0.19966182324432788,0.04822057217022085,0.25957450827567147,0.12187802296518965,-0.043138619048897354,0.12579836294348995,0.115791344725655,0.11285329207501821,-0.22296764346980685,-0.5398159032613482,0.05240801824933122,0
-0.36240446887699834,-0.4330379100986574,-0.08480259688096076,-0.19189941324296345,-0.010335419990475079,0.2896461746194937,0.1678751466468469,0.16565463653358523,0.15740003368794453,0.17828819164197332,0.2414740742211228,-0.22297219427502601,-0.5680977862037634,0.18219862170138731,0
-0.3927775036518886,-0.41222279177658677,-0.08405417299563066,-0.1963578055768134,-0.08632904216961342,0.27160693515906037,0.2441352284152517,-0.4734228613022321,0.22262495969111326,0.26671047652499563,0.2677518777219918,-0.22292240632294585,-0.5545045430772654,0.22484062072252173,0
-0.1666725960223212,-0.1430833407471151,-0.08485129486327275,-0.21022811598783625,0.014421709048054471,0.7984663231465673,0.2853006626937025,-0.051266395666486546,0.2983183049370973,0.2665050202640017,0.5462675893793325,-0.2226569892801077,-0.5969345099043467,0.07479550758015677,0
-1.3922162106318416,-1.3020383723261328,-0.09090689284706822,-0.20268274692678243,0.32829904938001986,0.8739112985106005,0.1398498901437256,0.0045258094405886155,0.16931691180497127,0.10330152392301988,0.6322143695508373,-0.22274295353896606,-0.6892934144752701,0.06492541433315303,0
0.5396254352698379,0.6883076868521038,-0.08306750428711572,-0.19227882099308355,0.4385220934472122,0.9708324226096685,0.25646369568705524,0.8000287130018946,0.2723837431434774,0.23457329320831535,0.7676924337709309,-0.2229625921368695,-0.6467203756087785,0.21358544253859998,0
-0.5316875759062862,-0.4194399296823517,-0.053861656134903374,-0.18614638821453441,0.14014486868719553,0.597943831412039,0.5376719935075319,0.8237779116727324,0.49251301138344966,0.5847688997937578,0.7058955290124539,-0.2224296706725401,-0.5094518755213275,0.5019065973374802,1
-0.9254936423523514,-0.7614495977006452,-0.05301771158201534,-0.19554416920374157,0.18190906897828008,0.9706064624448923,0.5465987671573734,-0.014439536395532996,0.5210072135319477,0.5704209660883468,0.7278994363311938,-0.2222578011616442,-0.5603962406035699,0.21202101645192845,1
-0.6491589246766466,-0.4370677965340095,-0.07990216133100037,-0.19086288089027975,0.351764502120887,1.0116406581281776,0.5160796944166988,0.15697003364015827,0.4924329791998234,0.537960884097853,0.7261977597460634,-0.22227253917250514,-0.6283898518048535,0.22845106950105765,0
2.1427248784716264,1.9990682332457084,-0.06565156878144833,-0.32338283585986155,-0.890397537464463,-1.513351219137997,-0.012906127278562092,-0.0639514436156777,-0.15809498014578016,0.15915826578328288,0.9804821327062142,-0.2170677513927142,1.8482812301807072,3.023442398917261,1
1.4387826859167836,1.2957115067756841,-0.06637696100863133,-0.3120419938958642,-0.890397537464463,-1.3747732005650142,0.03434593831192934,-0.1751764303461366,-0.09901896839154181,0.19185000141610958,1.1887132646865757,-0.2170915495930049,2.029240956104461,3.2833568831936373,1
1.3106511951410171,1.1788272657641927,-0.07376870023723157,-0.3043878018289774,-1.1659551476324435,-1.0297172328200355,0.02526923037497968,-0.1962834628116439,-0.06651566992826471,0.1336479313207857,1.1265191462607755,-0.2171319834284503,1.9029710000132682,2.7806154300517867,0
1.3561239045689386,1.2378888187210673,-0.07766034228407143,-0.29271270364265,-1.1358160340203207,-0.9077657969390011,0.021604579375883035,-0.2641664348990512,-0.07151887339592085,0.13161164040056544,1.3615902100110753,-0.21715988855116983,1.668806690365167,2.7268367685627086,0
1.2873483711268456,1.1891274333097468,-0.06949281761975336,-0.2794335736674547,-1.1666009857812747,-1.0025428540879313,0.08316291008379327,-0.32820795551915083,-0.025582505646668006,0.21093748003114782,1.3447388536211815,-0.21721868801230068,1.6211619961607067,2.9455216485224294,0
1.3206150379316177,1.2364006698105021,-0.06586716419924382,-0.26116888889665973,-1.2197749933683772,-1.4278781328436667,0.2326675972140714,-0.28852678537791354,0.0804946178345672,0.4100904534288911,1.3447516575348821,-0.21730005532987232,1.6746449846510179,3.287081341493953,0
0.6545916832827812,0.5802315428046456,-0.06592870106973797,-0.2564895415090518,-1.2260180954737456,-1.4284312197910134,0.1363272492339537,-0.2810636950978129,-0.0005543741614073882,0.29678637126543905,1.1979551581609393,-0.21715189247139735,1.5800882408296422,3.229423102541674,0
-1.6134112396741047,-1.6876854480372203,-0.06677252405398874,-0.28871305799078373,-1.2686434132966051,-0.41690294322881427,0.32573198123255914,-0.10086388835787183,0.2966547303367977,0.3562996658765142,0.9104407227799743,-0.21506494468954004,1.7200053982309038,1.786601319621029,1
-2.93027186811396,-3.0053330374065976,-0.055624344312225585,-0.2814723110968461,-0.7237712950660123,2.028398464192343,0.4169171468061322,0.42465670508945563,0.609390810633369,0.18407570868430442,0.8479109449290374,-0.21160091933702904,1.8385577933818487,-0.6949723852129551,1
0.3632808144774786,0.32336423110490586,-0.09190757975792763,-0.2670881421453349,-0.8176331060294807,1.571353088403508,0.42510331169721466,0.20344524661108326,0.561070756442407,0.25907122998413473,0.6901942396310881,-0.21282977768629144,2.0177048828103645,-0.6771668633603005,1
0.3316951375024403,0.32643902813707004,-0.08575570153058863,-0.2728908941745767,-0.942279868753903,1.1605439204166281,0.7869782810097096,-0.09132248458726056,0.8319419997022021,0.7244097045777241,0.7302023099501374,-0.2120332995518176,2.0526760021257773,-0.3086495973949164,0
0.058904566588548965,0.08396297604128714,-0.08559127546943422,-0.2718622149856162,-0.8968559189527749,0.6344794809776252,0.7688774020298639,0.12060087260996613,0.7806945193407244,0.7457707560129914,0.4172695529751527,-0.21053606643957687,1.9569744189410494,-0.1636623284949105,1
0.7887184504252233,0.836012457233296,-0.08996596832195351,-0.25578021825806474,-1.0647738376488882,0.5041872843939751,0.6757671934313491,-0.11525978862076426,0.6967112892301758,0.6429574760350922,0.40238306572880855,-0.21104615980519165,2.07702298373657,-0.22800142590504127,0
1.0693903414717232,1.128189169722281,-0.08475623859211483,-0.2468420339009822,-1.125052064873134,0.4483649085326087,0.7060482936822672,0.014400876207452432,0.7249793089491553,0.6752632088849128,0.3864644778423147,-0.2115575181658473,2.262864796905427,-0.038413065458024045,0
0.8265762674791857,0.893340565731085,-0.08026295738721205,-0.2257621086153047,-1.131510446361446,0.1897890834453279,0.8944233975248671,0.00804431052560782,0.8684250209188532,0.9146040606108373,0.3773631608463115,-0.21199496445443594,2.234689527696465,0.28518665270876203,0
0.2594881654789279,0.3306038769602726,-0.0718805445412181,-0.2196473518252686,-1.1659551476324435,-0.7574150786197469,1.0779294731468136,0.13802308463556404,0.9467959856452216,1.2204204080122671,0.41915979875097775,-0.21199575627519443,2.2688937197515484,1.1132383633618899,0
0.4699966775378059,0.5519651504733145,-0.0714235680855518,-0.17868795948454655,-1.1939414674151292,0.09693164953597248,1.0117301550089153,0.09447433857827867,0.955585425797173,1.0662151228479986,0.6889592878014968,-0.21280609719115812,2.365351267501673,0.517602777133382,0
0.596095996097573,0.688089976899821,-0.08269881971918062,-0.12255221522519114,-1.2025526427328785,0.9180774608950955,0.9376788636350818,-0.006443952856665632,0.9619345543819184,0.8978432464607389,0.9098576676940784,-0.21397190366935379,2.4384986476076156,0.2527936923499445,0
-0.40479987591048744,-0.3152893758270705,-0.06751281466239888,-0.05798956085925851,-1.2025526427328785,-0.024880484595628753,1.1233252843848112,-0.05368502376866428,1.0439577775657036,1.2039843800016,0.7155093369913702,-0.2143894837138084,2.432791706488338,0.7298498501836851,0
-1.0567779155063801,-0.966833475420455,-0.09722743722450213,0.01719738299487549,-1.1358160340203207,1.245992030991751,0.7513290742144759,-0.1442964624473132,0.8189931739546494,0.662304625778726,0.5456150346715612,-0.21405244970492943,2.2422196843302458,-0.5962731672482646,0
1.156852734840315,1.2931941623763794,-0.07796436492882802,0.10938829979921084,-1.3226785384154827,0.48767632070511446,0.8915878369605127,0.13578254257358544,0.8850065740573524,0.8888112083492505,0.5888880405803331,-0.2149535660192338,2.4983305430497964,0.22844492325892288,0
-0.6437461997693421,-0.5167059584333576,-0.07532335015024408,0.11724190973445968,-1.3144979218636206,0.34891064439683966,1.1099409603602737,-0.36438811563920265,1.0258547240923088,1.196345947574799,0.8099928536315225,-0.21536736553631497,2.16089374460599,0.47913226548339927,0
1.083840147929782,1.234214537521919,-0.07905939792502034,0.13531932423965082,-1.3291186211562442,-0.2858463208902361,1.07478501271312,-0.011779971083866775,0.9644802413016734,1.1926509046518345,0.5036615887645692,-0.21516241612286827,1.9824435247726009,0.6945095868684539,0
-0.14528495488577833,-0.002018325271133116,-0.08296543679566695,0.0962279000908139,-1.3291186211562442,-0.432018938346751,0.9831784041296866,0.0630105744054567,0.9070899543830383,1.0616162707202625,0.29428638446289346,-0.21528618635683888,1.9154485542699324,0.595432682517239,0
-0.6048008097059143,-0.45192919071464854,-0.08432897245562675,0.06861221371670127,-1.3291186211562442,0.40207122836132464,0.9558198000518852,-0.2885489061391716,0.9465193101731033,0.95550145382533,0.3266388587671336,-0.2146783417990886,1.9127991179299244,-0.022737130958536498,0
-0.024795017926753486,0.15575274794375513,-0.09748489692057158,0.06668443774687423,-1.3280605229890758,1.0844241492845101,0.849219723721175,-0.15130309915910897,0.9220992705544233,0.7528594754703423,0.3950307091236918,-0.21406563942933174,1.878014142652921,-0.2958890105820212,0
0.05645152626574021,0.24094878793633737,-0.09236206952327389,0.10868645865770146,-1.3084700991411962,1.688579628871017,0.7742771626464274,-0.3402728262993804,0.9038576631915795,0.6116683356412954,0.6438362899334332,-0.21370219884496913,1.8379263724142494,-0.514314123455956,0
0.2568014303400255,0.4523509575610209,-0.09011504053167871,0.19307997214002454,-1.2779004267631857,1.5410404675818268,0.779834018220665,-0.20728079766013147,0.8910244741478366,0.6389341187639485,0.8722351396280947,-0.21417235150322242,1.8153519745903004,-0.19478702326492436,0
0.26899453295595177,0.49901628590477637,-0.08824080421422491,0.20158985207568883,-1.2918935866545285,0.8664845613420332,0.7789630104576999,-0.08452749496255889,0.8318725598749841,0.7070811595609624,0.8409144613263118,-0.21473712337730547,1.76267977225862,0.20449716584268507,0
-0.29987676944173414,-0.051618652334266685,-0.08992163961133916,0.25292583837644284,-1.3024422764187715,1.1067458148626714,0.5829732254192621,-0.316471126563778,0.6603812347082092,0.484407214508938,0.8199739887815047,-0.21517471460778906,1.5723436562022597,-0.040954544243404396,0
-2.5028730188793653,-2.283052722686579,-0.09722847750850874,0.3455010762090461,-1.219990272751321,0.6180581537710266,0.37404167635502056,-0.5730241864480077,0.4016723417712437,0.3368914623453015,0.394920388899626,-0.21508943403740838,1.5607857716753857,-0.05132715285821267,1
-0.4516230153189932,-0.18233607214131656,-0.08745726599471722,0.31236717093229066,-1.195017864329848,-0.4386930682023621,0.7158918478859337,-0.03973053969128885,0.6294468876758511,0.8097608883760066,0.324142298290751,-0.21485257836613078,1.839213336286335,0.8071807057533005,0
-0.17418754069439457,0.13078325409049574,-0.09956320817348921,0.23137917366207889,-1.2542196946393749,-0.6552561980699823,0.9901453465568691,-0.12844144632301802,0.8491102449089847,1.1454009484077277,0.18261074743432032,-0.21378365520929987,1.816869739200745,0.665552290930221,0
-0.3259974868821413,-0.007960092462946097,-0.0533498285178749,0.25324117413773123,-1.298782526908728,0.19779131025897512,0.9192419064753717,-0.1817899879451211,0.8514250381258316,0.9886437023012739,0.06183110001743901,-0.2138734738891234,1.4603096228836847,-0.27756635019716325,1
-0.18459139659610677,0.1368708534009131,-0.08682002717980711,0.2874292981872481,-1.2884491165274288,0.292508635219145,1.0584794364367531,-0.08403911132559774,0.9998957473934397,1.11529808119752,-0.126790923850247,-0.21370318493547177,1.3471076512964073,-0.4312458265519986,0
1.6297867385426619,1.4155515757228545,0.19054223059673223,-0.3415753936773316,0.31086141936157746,-0.37162106578832804,-0.8009067058535337,-0.3907221205421267,-0.8276178789370123,-0.7597850112179105,-0.38252760107586126,-0.225927553189888,0.9332974839801105,0.08737911552132661,0
-0.6760853143363958,-0.8609133782535622,0.21724733741103736,-0.34434560363286165,0.31086141936157746,-0.050768715792307635,-0.8091134120409492,-0.382280271707693,-0.8122707497322156,-0.7957834382898357,-0.7667119768864947,-0.225927553189888,0.9706431323623239,-0.23361936372884803,0
0.48829716849051985,0.3209209014911373,0.23653032246930655,-0.3418995488628169,0.3752299548617541,-0.18155413716197266,-0.7869465599151215,-0.38307816896294894,-0.7945030926551594,-0.7686704766640025,-0.7916669475076703,-0.225927553189888,0.877357037668903,-0.12001156082451626,0
1.1940544986422381,1.0223402897311729,0.2177898209861524,-0.34097121127259444,0.4727515153352658,-0.6782389920140274,-0.7644569084067299,-0.40423750187307145,-0.8176653843427577,-0.6923930729184627,-0.771451165348498,-0.225927553189888,0.7329348008366224,0.44840808998378623,0
-2.1300069491118485,-2.311879098511787,0.40189374293941443,-0.3388128256205556,0.38986895290192797,0.26004978744628504,-0.6110588632939967,-0.3919846550664367,-0.5697935121966706,-0.6526755474421365,-0.810942249322845,-0.22592474543439145,0.9516300963696867,-0.4767419154036041,1
1.2553047819876948,1.1094962488319657,0.3261193612716283,-0.32439068523180675,0.1890132886154234,-0.24612982065225048,-0.712167787393268,-0.4040625219450965,-0.6677477394742124,-0.7563212210816379,0.459093112655532,-0.2259191183257592,1.5826424388711515,0.5858622938180037,0
1.0609058031905196,0.9521587415910907,0.2851717135493221,-0.3136144831792272,-0.029495285072467566,-0.24229628384810514,-0.6479311719219341,-0.41619714159606125,-0.6279551499936464,-0.663903049596507,0.5147627933201442,-0.22590679421352342,1.3604729128474051,0.8800523803266945,0
1.1148876532524088,1.0243568139060486,0.30991212212039637,-0.3083296908923601,0.01614394411160435,-0.24676324144747536,-0.5932176333893653,-0.41390453006387684,-0.5673141190944795,-0.6168565739898673,0.3544811230144914,-0.22588237457307817,1.361615079044939,0.5204581617424394,0
-0.35545685085691675,-0.43853714664692567,0.30507427334582254,-0.30607609932156266,0.026262075109959825,0.043241387844661916,-0.6351150741327872,-0.40906155212709855,-0.5926081314079881,-0.6779166986227797,0.28498349662255307,-0.22584464678913038,0.9858313681351355,0.21850490301093725,0
-1.6941410556359606,-1.769631179565383,0.21201859834407774,-0.2954740212819332,0.19827030208200402,-0.1392097623967777,-0.6827487348593391,-0.41391531362687234,-0.6514050527119296,-0.7117677930449036,-0.34186813444330016,-0.22578986776734689,0.5911626823055939,-0.44451835452523436,1
1.0143582241473208,0.9704419919799933,0.16518398110076285,-0.2979925169102793,-0.05834272238692791,-0.6857935321117872,-0.6000080301896898,-0.4067520655909682,-0.6158553127395832,-0.5741312893054534,-0.37157751800415145,-0.22571832256482952,0.36771352359240117,-0.0066108026207553645,0
-2.3435074097050523,-2.3991589080868954,0.1627595378199987,-0.3078762954044496,0.34767419384495596,0.23412139584711752,-0.46697204137370313,-0.22885440975924684,-0.37845127361430997,-0.5662497328489601,-0.1895274777997074,-0.2255102500865712,0.19646543300679217,-0.7748422278688014,1
0.8660154106524041,0.8434368342242892,0.11835344593445897,-0.28473394638645183,0.7732815339247198,-0.12232741630517897,-0.4993461220720728,-0.3941717752297559,-0.44396087168312487,-0.5590058076188813,-0.2134436811060622,-0.22541264156739232,0.06308905457849294,-0.44084478919200726,0
0.6942958062658657,0.6833966701041565,0.008413475164265901,-0.2649826180621641,0.8128929403863668,-0.4813889975461553,-0.5298271794206488,-0.3818228175571139,-0.5107127209905246,-0.5461789661120204,-0.4133655474026708,-0.22541483926513997,0.09659233959597886,-0.20833028426590322,0
1.807669970214278,1.8189158815511548,-0.05278412110558694,-0.2601668732510994,0.8766156377377122,-0.6607409640440339,-0.4836904984486087,-0.36275728050530065,-0.4894414653659088,-0.4711472066355932,-0.2482959562689879,-0.22544095290731864,0.06940668343132786,0.19544379807844378,0
1.5880804024052315,1.6114443712070974,-0.05475640996439048,-0.21850032131624858,0.8331292023830777,-0.7727023691509358,-0.5308697387917711,-0.18568181717683543,-0.5453985505413569,-0.5073737278868423,-0.011098563359582297,-0.22546935608068638,0.06251215834220368,0.6147163556622887,0
1.0365752105535728,1.0672796103094107,-0.04808292372525981,-0.188955125064066,0.7450799347590905,-1.0149630096375561,-0.48453019270751657,0.037748037807361454,-0.5274444989467191,-0.42797355722071173,0.12257986234626386,-0.22543994224097297,0.09087500828518798,1.0672810061346032,0
0.5078728846021493,0.7827856077671529,-0.05204095393968435,-0.15266094545889788,0.757566138969827,-0.9853375234213904,-0.5006666557154373,-0.015487004290874722,-0.5431810145641909,-0.4443922920826585,0.05710804586058168,-0.22548344507662943,0.04628641113700954,0.960986627620099,0
-0.6221640961362137,-0.6718810750856719,-0.0440974808971938,-0.160400325044799,0.9039561193715667,-0.9336621888018961,-0.4526235695634629,-0.10542465474048499,-0.4872833416611062,-0.4062189782037692,0.15821706621122106,-0.22548393346956078,-0.04722489303143775,0.9918873150551499,0
-2.187896580983297,-2.2776085190081687,-0.06383043379412043,-0.1569484199190222,1.562926310562339,-0.37071157312572,-0.5180354171736921,-0.27603823701693536,-0.49255517944151317,-0.542064412154826,-0.17858010360796353,-0.22539783129692215,-0.24313778549934484,-0.06189930707326042,1
1.4344488322190447,1.3236284814360333,-0.05293385400004431,-0.1267024753644185,1.1007214753821402,-1.0375986126557237,-0.519719025937572,-0.2965805824615993,-0.5624487653276503,-0.4629637866462527,-0.09456552695782815,-0.22541415879447127,-0.26009396890408165,0.769273922604406,0
2.0922137563952004,1.9996109467040104,-0.06279086509915728,-0.12127727759250784,0.6507875650297344,-1.560768581177111,-0.4018292600974652,-0.19341455262666601,-0.5011794524859301,-0.27942987056447094,-0.02255687684021035,-0.2253545113593416,-0.013378444671458463,1.3818748875706324,1
0.42677536235795954,0.3814173590303628,-0.05140381366550044,-0.035568491596430274,0.5261408023053122,-0.8725270713235531,-0.4075200716145889,-0.24327149616309526,-0.4536105685334617,-0.3481155609771453,0.07694926465815677,-0.22531255982888623,-0.11630132502070155,0.9386570037527767,0
1.419894147537579,1.378171607615116,-0.057985052534366366,-0.003005980879232941,0.6344263319260105,-0.94078657089041,-0.41207887540241894,-0.26280569023530376,-0.47174746037522397,-0.3365431376166851,0.18647042203221806,-0.2252752104870814,-0.03595306118033117,1.2782066316032217,0
0.37096718851220783,0.3041247633329051,-0.05157792256139469,-0.012968563305639813,0.6748988559194328,-0.6516361824372182,-0.3903150433419396,-0.2620297657083972,-0.42615797832228197,-0.3432481508785224,0.2464569757778169,-0.22517651516665702,0.0521254031351261,1.0766851035438045,0
0.6960444365939389,0.6353836177260356,-0.05714849905700697,-0.05941481750661835,0.7616564472457581,-0.4935393166070661,-0.43305200185517945,-0.1511571079599831,-0.4434560428746071,-0.415599507044691,0.3642231427303965,-0.22499232283959833,0.028249528141939224,1.0507148975282348,0
0.026368243688517534,-0.041441953175480814,-0.05665775547923481,-0.07499290826905293,0.88974768009728,-0.5066480728051945,-0.4858568932349115,-0.23830327798342874,-0.49660636687777104,-0.4673694198009133,0.30983336539303014,-0.22488830689982447,0.040291663276773894,1.00981859060941,0
1.2411634704054393,1.1946765812722178,-0.0408024242843175,-0.06718480975896891,0.894053267756155,-0.7626908618246696,-0.3581744922897923,-0.27844269946171096,-0.40287506305962806,-0.30100068879770736,0.4862627501049359,-0.22467065917019838,0.1686951505267672,1.5280108370057155,0
0.06535443055203184,-0.004524719281316889,-0.016387000915799345,-0.10739747180915998,0.902018604925073,-0.3901109071924949,-0.2406146467151357,-0.23960322355881838,-0.23560239683371928,-0.24369708869679738,0.7159614033203665,-0.22426161955386964,0.4016053581333116,1.2739885167006608,0
-0.519225137319892,-0.6133725539696127,-0.02182544840968139,-0.07277338607900032,1.4992036132109936,0.24682992819320593,-0.2449496502668662,-0.2880143348142365,-0.19362500179204856,-0.3028170707598602,0.5821996964393089,-0.22396860886994877,0.2882926398701068,0.6039465959131883,1
-0.3839253875656562,-0.35031217849936047,-0.035462783704131945,-0.10578634279201632,1.3739110123377398,-0.7887589953021986,-0.2834118920967405,-0.31538132690671544,-0.3319307229700555,-0.22260332586631268,0.6465663757751721,-0.22350600673125054,0.4234550914560786,1.7655174308263821,1
2.316472305173122,2.3942864035940246,-0.0010264963780658883,-0.05750769504637455,1.1200966198470763,-0.2031595594019492,-0.12139773852766365,-0.2492224474479445,-0.1283791897614087,-0.11169223362395322,1.0892154244931591,-0.22286768602837237,0.9622705653211662,1.804320475219555,0
0.5977347455262626,0.6366984865338271,0.2470375495935043,-0.009366703394861798,0.7963164278996993,-0.919055175025925,0.05942624185677322,-0.2520301308260652,-0.02883562574784716,0.16322857359389695,1.1234085623814096,-0.2201996025486749,0.9061126977250021,2.542681814288058,0
0.4908574544069341,0.6947215390285928,0.16021462960634464,0.023916121009930024,0.5644605324692968,-0.6896773709641189,-0.19038723119615053,-0.32790001253953865,-0.22961416659513303,-0.1416835154440715,0.8523972354308074,-0.21770783760013118,0.4991335299477325,1.8413839570412471,0
0.027436205302364382,0.2754309501002403,0.18208358782244766,0.06418476209592273,0.437876255298381,-0.20742415591654226,-0.3851829138650636,-0.3379010267890027,-0.3697089721214773,-0.3989387975296222,0.6474541902284658,-0.21456534893819146,0.04107098388773946,1.1674720067658328,0
-0.361556217470216,-0.37189720793972786,-0.06784474290347331,0.11231138208976417,0.0073174894109111445,-0.3012612700530375,-0.9964673044988582,-0.2922356367439546,-0.9601363217233244,-1.0276726636702354,-0.7414241437505662,-0.22558843304731363,-0.09067057726619941,-0.4402814792942394,0
-0.8996585111510613,-0.9703788425129781,-0.07331778016238756,0.07440036756354869,0.0073174894109111445,-0.07081927993805208,-0.996970254698233,-0.3788948547691722,-0.9470412936716838,-1.044270388258684,-0.7347013865136335,-0.22558843304731363,-0.09067057726619941,-0.6881392158246776,0
0.08001772451468156,0.0008741769892648869,-0.07899388964621033,0.04217773778343294,0.15801305747152555,-0.21170248312461445,-0.9940855700038659,-0.39205441119170137,-0.9454934572211542,-1.0398369995191294,-0.8725468605033565,-0.22558843304731363,-0.09067057726619941,-0.6939089631025971,0
-0.12793525090545996,-0.18918494911301584,-0.07935701701412502,0.08906837690393053,0.02884542770528474,-0.2864894280606826,-0.9924332023290237,-0.35545731033781996,-0.9507077814414263,-1.0300736876102266,-0.9505198477400981,-0.22558843304731363,-0.09067057726619941,-0.6386897680122545,0
0.21668999411982806,0.18364251444749588,-0.08097689298767062,0.08624414793062762,-0.13928777037377227,-0.35932235221127695,-0.9746688383933956,-0.3506316988346511,-0.9395537971259784,-1.0046928642377542,-0.8512879203224433,-0.22558843304731363,-0.09067057726619941,-0.48398159674671654,0
-0.14611191704282228,-0.17179881043556824,-0.08004520897345697,0.1202713572644963,-0.24025380097438379,-0.3285803703110419,-0.950101950930217,-0.33194779993892043,-0.915500275804715,-0.9798093482587004,-0.7414643250146723,-0.22558843304731363,-0.09067057726619941,-0.48510811888036787,0
0.14754782765708313,0.1317517340786664,-0.07945326763930646,0.07820583941788826,-0.28309439818018717,-0.33842131298209954,-0.9459951106975012,-0.29015772726098743,-0.9120373207940147,-0.9749887972784258,-0.6322584143648381,-0.22558843304731363,-0.09067057726619941,-0.41012472458939747,0
0.3295044151200188,0.30358909505006415,-0.08224634303907302,0.007368772716988142,-0.38018539988781147,-0.35450604283955034,-0.932968506273713,-0.2608307983229299,-0.900007957398928,-0.9609358278920344,-0.4858000083219219,-0.22558843304731363,-0.09067057726619941,-0.2864422306577172,0
0.3392195067695262,0.3242370968353553,-0.08594248284570939,0.03800887946590225,-0.4854570181472978,-0.47762720428998845,-0.9435555263490764,-0.1369163194115884,-0.9194968374333571,-0.960857065417184,-0.41935425962098644,-0.22558843304731363,-0.14523892774958005,-0.19058721542813675,0
0.4215942420248572,0.4121912280688903,-0.08295065520915909,0.01179625558531477,-0.5483185979668683,-0.5790742777076962,-0.9349852359838142,-0.011837729724753238,-0.9261359146515104,-0.9343796622540799,-0.47619801819632857,-0.22558843304731363,-0.20022698009404014,-0.11007779173170068,0
0.2297934180808665,0.22896146175216017,-0.07735602632701064,-0.010286962970082266,-0.5971870178950962,-0.7379783573869896,-0.9035380230742901,0.010275251342400576,-0.9137737251210724,-0.8807075430651379,-0.4899994782635693,-0.22558843304731363,-0.26022680258689396,-0.06478213005904557,0
-0.6126069295168988,-0.5865128109154639,-0.07994755283748968,-0.0056864154315504085,-0.4380955538996762,-0.7048807256307235,-0.9410725096039668,-0.23264459192859158,-0.9456697265298174,-0.9244733517275121,-0.6315053828920626,-0.22558843304731363,-0.4687948532381001,-0.32714972712929213,0
-0.4116133186028696,-0.3664645155981359,-0.08578364360475209,0.07025852796223699,-0.21162164304286704,-0.780433326829774,-0.9530369172586706,-0.31663660209301436,-0.9641131462353782,-0.928624430836939,-0.7877430265626271,-0.22558843304731363,-0.5501509019351549,-0.4064843818757166,0
-0.11611427724412025,-0.04885487060419971,-0.08256444462960694,0.14229510645644383,-0.16727409015645778,-0.8452864183131887,-0.9470453064324159,-0.3158095519121107,-0.9671992523787607,-0.9119553422656442,-0.9042856016871401,-0.22558843304731363,-0.5739361382008407,-0.40246712087783,0
0.167784287610568,0.2194022931095662,-0.08064843756254061,0.15996165449601085,-0.2663026063105758,-0.95390247829106,-0.9150477224983258,-0.21642081909239422,-0.9480779728840388,-0.8650908330131736,-0.8670215944028609,-0.22558843304731363,-0.5987617655729419,-0.24408311265531266,0
0.06950886219462483,0.12120185099033562,-0.07728125006460855,0.15391143247144548,-0.36210193172053784,-1.0449037417323388,-0.8941262100594648,-0.3063047906675288,-0.9366874233403262,-0.8331321596420741,-0.8193714317509548,-0.22558843304731363,-0.6320522569329231,-0.11766277232059986,0
-0.11910022724223608,-0.08122626426561075,-0.07806622301711753,0.24396486851106985,-0.4613457272575995,-1.0726580163623258,-0.8706347972268172,-0.16010643946801958,-0.9154305539198329,-0.807273402912128,-0.6875077658283238,-0.22558843304731363,-0.6307609840242339,-0.08939174068856554,1
-0.3297460455153913,-0.2902403967835656,-0.07982283754633078,0.3988384912716023,-0.4615610066405433,-0.9343736798315607,-0.8524152858138501,-0.12804573922417192,-0.8889162410796276,-0.7990913623950974,-0.9043807244222345,-0.22558843304731363,-0.6693023668825875,-0.2606067611578101,0
-0.8397847411270015,-0.8038619479036407,-0.07518071276916918,0.44408997628331276,-0.21140636365992344,-0.871668906202629,-0.8198021098656401,-0.139716717891732,-0.8578994961141274,-0.7649745345402907,-1.1943696588939452,-0.22558843304731363,-0.7657624434935422,-0.5261941385303417,0
-1.5656323440846531,-1.518481221819081,-0.09492070026978107,0.7459723767810377,0.5356130951548363,-0.5196860464719527,-0.9095740130483658,-0.30344036791122875,-0.9060540546134486,-0.9029594210487788,-1.3370617734345422,-0.22558843304731363,-0.85610277743252,-1.097304593613096,1
-0.1432081230437456,-0.07249964745988575,-0.08552946424674598,0.978664804776672,0.6172039812905118,-0.5613594559612076,-0.8487620757950951,-0.215621702530781,-0.860623344503328,-0.8246561709954815,-1.1546565077305637,-0.22558843304731363,-0.8199458421757488,-0.9394520064433227,1
-0.4483201725394324,-0.3660355286358266,-0.07839141921638934,1.111260180113805,0.4699528833569973,-0.5694280048969019,-0.8026730410281812,-0.22457138332256596,-0.8212226095735967,-0.7711941857290736,-1.0378755632174974,-0.22558843304731363,-0.8127663223459833,-0.8763222881049139,1
-0.25277764799932007,-0.1699347080357168,-0.08350920948382798,1.2127561699115939,0.28050702636651087,-0.5111987719920609,-0.8054962962617351,-0.2449420780441233,-0.8186246363117322,-0.7804029987868292,-0.7879339016846859,-0.22558843304731363,-0.8284095859441533,-0.7160736050447409,0
-0.298993827045415,-0.20501822332256067,-0.08635400540623658,0.8677915494203278,0.1311031346035587,-0.41753106147947594,-0.8173389904027943,-0.22162261385056,-0.8205715530326869,-0.8038224373712061,-0.760350724116735,-0.22558843304731363,-0.8387779681405444,-0.6332735669513516,0
-0.18944844450891205,-0.10522712746012272,-0.08561332727327639,0.8291343747664192,-0.12873908060952918,-0.4331154811309731,-0.817400073731571,-0.2593320142748446,-0.8215781987512266,-0.8027631999450201,-0.6237035824125269,-0.22558843304731363,-0.8636577183547214,-0.538052984213831,0
-0.07565579748679108,0.00933061911043094,-0.09268924241386566,0.690095121660832,-0.3199071726635657,-0.4558885005912633,-0.8557271274034577,-0.07134656543345885,-0.856417361439134,-0.8447657614212031,-0.6146815895260361,-0.22558843304731363,-0.8624650298357046,-0.44191299268653783,0
-0.3795032557416049,-0.2945529423296164,-0.08731049638604882,0.7510292128378986,-0.40838699905344084,-0.43501869641679064,-0.8770899560949939,-0.1085092634292804,-0.8729834837333753,-0.8715549055759981,-0.752632765572808,-0.22558843304731363,-0.9389797729272558,-0.5308864818573253,0
-0.20731005980375808,-0.094445575074576,-0.08322321325545227,0.8754072170913716,-0.5190406018865203,-0.39600695490857724,-0.8646993543116409,-0.18816820234600148,-0.8631903817681337,-0.8562356070802369,-0.6984474024496182,-0.22558843304731363,-0.9328368750712139,-0.4799541620888206,0
-0.07000175962217527,0.07453103044515035,-0.08175271536943793,0.8716268049342658,-0.6178538386576947,-0.4381449478063772,-0.859473621102908,-0.31259203046751066,-0.8599905242349897,-0.8486730759589063,-0.6695384374467036,-0.22558843304731363,-0.9172753710236868,-0.4106583409957898,0
-0.17325757207694534,-0.010101910493516057,-0.08471924886152134,1.0548452032937203,-0.6667222585859225,-0.426224821174408,-0.879799889678533,-0.2534695386326814,-0.8755984987489103,-0.8743451033312328,-0.6416779672208716,-0.22558843304731363,-0.9678642865039072,-0.3875601107909293,0
-1.4540683145521525,-1.280537963279356,-0.08744225865475849,1.3611600569374103,0.27749311500529833,-0.5525224124705483,-0.9334387491579099,-0.3666134416619746,-0.9292061005829476,-0.927385119543141,-0.7556083004994159,-0.22558843304731363,-1.042686531557211,-0.40739367751275724,1
0.7633596386242465,1.0438536916058754,-0.07113939888873813,1.6019526300067775,-0.305052895240448,-0.6979295876566572,-0.8946357704856729,-0.17520255485013347,-0.905145010058421,-0.8715869378038191,-0.8303290834807301,-0.22558843304731363,-1.0285049453306183,-0.41598912034340596,0
-0.192536432702728,-0.04666000837173866,-0.05558636189263585,1.5758715156146872,-0.6708125668618535,-0.730888351759862,-0.8646832066131175,-0.2329088250465038,-0.8785796237433258,-0.8379788420709157,-0.7495640646052544,-0.22558843304731363,-1.0285049453306183,-0.30658442913308903,1
-0.09130403603369029,-0.015924073144715264,-0.07387603160192516,1.7590583050296547,-0.6733959194571784,-0.6504324629978511,-0.9002458349372631,-0.27422155300407997,-0.8979233784175655,-0.8923239158776087,-0.8745538132591775,-0.22558843304731363,-1.0285049453306183,-0.37911980699959325,0
-0.11681708156849879,-0.0823283072196088,-0.07936704907413161,2.133788380361799,-0.5907286364067841,-0.7719046152926096,-0.8986939850963134,-0.3143011366198887,-0.900404439935238,-0.8860152785741178,-0.8575091674480666,-0.22558843304731363,-1.0285049453306183,-0.38580423758972504,0
0.5059120805255641,0.2282587389787407,-0.06654097717938652,-0.35886328852810273,-0.9958844351068932,-1.456290313395777,0.08433587612309362,-0.0751531081101291,-0.09662340189103383,0.29760163255822836,-0.44309967765697517,2.0398286935078636,0.3865670515270943,0.5407703851923371,0
0.7379398790308684,0.45934219124502224,-0.06654097717938652,-0.35886328852810273,-0.9958844351068932,-1.456290313395777,-0.1681783784490976,0.07826859790550565,-0.26180754792010014,-0.05532276743416609,-0.44309967765697517,3.282049853693563,0.3865670515270943,0.5407703851923371,0
1.4624696790905312,1.2032422941026142,-0.06654097717938652,-0.35886328852810273,-1.0025580959781488,-1.456290313395777,-0.05166490019737908,0.2014672298488919,-0.13831032433315424,0.05154038932207272,-0.44309967765697517,3.6564531863659115,0.3865670515270943,0.5407703851923371,0
1.3077755921483407,1.0782215959678287,-0.06654097717938652,-0.35886328852810273,-1.0180582115500978,-1.456290313395777,-0.18108963057332525,0.505751947742331,-0.3324859503012091,0.0003184433185159866,-0.44309967765697517,3.4619443141817223,0.3865670515270943,0.5407703851923371,0
1.5145275822523028,1.3197121582424853,-0.06654097717938652,-0.35886328852810273,-1.0320513714414405,-1.456290313395777,0.016808337300396745,1.177716303422551,-0.16192508182870421,0.22823905258627242,-0.44309967765697517,3.5744797748436214,0.3865670515270943,0.5407703851923371,0
1.70380824058972,1.548470788520108,-0.06654097717938652,-0.35886328852810273,-1.035711120951484,-1.456290313395777,-0.031553717753727395,0.7189430530939842,-0.20062191925794326,0.1690061616803389,-0.44309967765697517,3.5996352698356526,0.3865670515270943,0.5407703851923371,0
1.6497187904807575,1.5383999504976504,-0.06654097717938652,-0.35773255679963895,-1.0410931055250774,-1.456290313395777,0.28450294626341477,0.8731364302683954,0.05909183317044562,0.5480292115539385,-0.44309967765697517,3.5976713505940117,0.3865670515270943,0.7082656324741924,0
1.3291869915949133,1.2375198505947356,-0.0781434862291244,-0.35704691187908255,-0.8387304855579667,-1.0358611065310206,0.31330187780264923,0.6757310187266751,0.13112311253472153,0.5252973287305945,-0.3697801105409499,3.8232043705628524,0.3865670515270943,0.7426301319924216,1
0.6849497424749793,0.5953009881140049,-0.0590528064769536,-0.3570019046729229,-0.9635925276653329,-0.7423927828830684,0.3599914716030132,0.3844922158088662,0.18740118533718494,0.5600801734894706,-0.18014241136089465,4.372408610251362,0.3865670515270943,0.8737210268094387,0
0.4175905634416173,0.36404492634534924,-0.07387243634391207,-0.35337040978742795,-0.9549813523475834,0.611458645272736,0.4616765764520899,0.21779004091665263,0.35240376509919025,0.5855885763584167,0.2515199965509892,4.606403811658411,0.3865670515270943,0.6255988012123752,0
0.9609412005908702,0.9612191591143716,-0.09956320817348921,-0.35312253769493473,-0.970050909153645,0.5180598838830953,0.6133334611015445,0.11399175099343552,0.47992114384122675,0.7640301381200814,0.7872051886508357,4.6842385521906085,0.3865670515270943,0.9715697887240219,0
0.8005521500560758,0.8221628769565771,-0.095278347664457,-0.35241467930658193,-0.8624112176817775,0.2722926940127796,0.6228030201693923,0.08846575225508277,0.5166888338973102,0.7410649885317948,0.7938274513394905,4.877424667003218,0.3865670515270943,1.2446309408364746,1
0.8350699863949255,0.8647372594626453,-0.07521964036308944,-0.35118994241705315,-1.0001900227657678,-0.36828685323831034,0.7061194493019612,0.09056590644980647,0.5062817680214586,0.9343674068445856,0.9438660799548928,5.069542178699036,0.3865670515270943,1.6024135440336416,0
0.9910931399134647,1.0293354300953679,-0.07802526169307049,-0.34542093739883395,-0.9722037029830822,-0.8996280689171415,0.8402270464280729,0.04587561940533382,0.5686379748250091,1.1518427447181272,0.8172461436690572,5.149283076142227,0.3865670515270943,1.9910449449283962,0
1.1630640819882494,1.2117698480681798,-0.05675275383779396,-0.3431790926501075,-0.9958844351068932,-0.43287700986783095,0.9929182511206693,0.02919498672452737,0.6672209808363553,1.3667909070621902,1.0587664787231228,5.231218942149615,0.3865670515270943,1.994622089723579,0
1.1659881867525603,1.226791400426728,-0.05426034127777522,-0.33766801295803944,-1.0092317568494047,-0.24206386289792495,0.9524693551010336,0.008171358212415812,0.7951639349561361,1.127436512380457,1.0108643073333363,5.2703529211556175,0.3865670515270943,1.696214612812856,0
1.0123798363364718,0.9569467534521795,-0.058338346454866075,-0.32578095571786897,-1.016120697103604,-0.12009309163116787,1.0860091416304027,0.03903387968206206,0.924682471830536,1.2641546466379256,1.042166311614933,5.317255933632158,0.4837973161518572,1.8323640166410449,0
1.0532714316920675,0.8689005184822992,-0.053978562901075965,-0.29808889898375446,-1.020426284762479,-1.5890459954135638,1.372318211255247,0.7283485560697232,1.0149887155803692,1.7791475796691376,0.8597194238564676,5.355682324087856,0.4837430479323407,2.711133775783021,0
0.6572431652783916,0.45521390781507837,0.015533692811761472,-0.2969618924814798,-1.0499195602257705,-1.9146715019959828,1.3672586215479723,0.8662905608552416,1.0091473826477748,1.7750735940893692,0.37748414992109247,5.42400072064776,0.3440732859334301,2.1741964741270388,1
0.5860439676970087,0.4783167325558896,-0.06163741136926945,-0.3173788713562151,-1.0826420264332182,-1.126822216270947,1.022614900640777,0.5250723614846443,0.7600026900403811,1.321439423308238,0.32880137346970884,5.688378907969399,0.295475394371321,2.291159198326037,0
0.8627062966003056,0.857887965041325,-0.04991720607764734,-0.3282976215018391,-1.216761082007165,-0.5671151318792245,0.6583329539875722,0.28784386669437495,0.4881213597335846,0.8520685114053131,1.0550730527485892,6.224817672587331,0.09132034714049792,2.2800681700231435,0
0.8599875796499493,0.8529974604667646,-0.005350178676777814,-0.32535564185262633,-1.2415182110456946,-0.05561007826927593,0.856616836863408,0.1332742574422072,0.7139404573580063,1.015398693991506,1.3402335154851241,6.882210757557323,0.36404251461445114,1.4540088547284082,1
0.6148198305363789,0.6004291785694995,-0.05044786867278945,-0.29234523974796395,-1.23549038832327,0.7321035474203684,0.8208283625731917,0.12964192005075942,0.7878916253039236,0.8500968388697329,1.2299631229575012,6.992507927907049,0.6396203182016529,1.1374437319422461,0
0.6280320145417382,0.6110699554980455,-0.0622224039693982,-0.2914668923153693,-1.1732746466525306,0.5308564400385841,0.9547804720999098,0.11407671879090392,0.8951387369648017,1.014081184430843,1.026324774999744,7.0290426020344245,0.711719684799819,1.0769234890759667,0
0.862436014526919,0.8374128157042493,-0.0740256065713923,-0.2687108184939449,-1.1861914096291546,0.5955815310980753,1.0349904751143515,0.08347603708295548,0.9853505072004106,1.0814977201782952,1.0006458981159978,7.103411602728453,0.6565631221677081,1.0902236744746785,0
1.0148620722300152,0.9835096233958076,-0.09027707260321353,-0.28500214954110215,-1.0587460149264636,-0.22206240488142265,1.202007241855959,0.219054691361735,1.092525233522815,1.3173908008535062,0.3985946307833671,7.293877400579742,0.7592737997594012,1.4081927264379264,0
0.934685400281363,0.8969464488733987,-0.08069073751246963,-0.26229776335972305,-1.0587460149264636,-0.037722965929423063,1.210711216987936,0.21481176770841254,1.1307114247393315,1.2910830687800308,0.44712820797695285,7.329672774637284,0.8513968875392068,1.3410348393421736,0
1.002190120847802,0.9694573039084871,-0.0766811883884315,-0.22787711824498438,-1.0531487509699267,-0.17716827415353992,1.4843462604762503,0.22994145250970147,1.3775163850273735,1.5932426051880924,0.49454985652703987,7.329672774637284,1.0500412203279972,1.4425049200400337,0
1.1437977036712388,1.151851350065039,-0.07659002774502621,-0.2103844901196254,-1.2066429510088095,0.2413145807139089,1.5490857619709548,0.22813509466218876,1.4633049625951908,1.6322914252242289,0.7485142487925808,7.329672774637284,1.1791213052873508,1.3925705981411773,0
1.1152654935534234,1.163869367179257,-0.0800903677714276,-0.14761726447579987,-1.0946976718780674,0.5803241341878159,1.5497936062036872,0.20389235373864734,1.4869733723227476,1.605804335761526,0.7976385709757373,7.329672774637284,1.252299886422315,1.3856618195248407,0
-0.09727867338057467,-0.04887361047300603,-0.07808979880320316,-0.10236015905696558,-1.003849772275811,0.6520694603090025,1.5241647354265437,0.16795228014347152,1.46195545737395,1.5797558741641968,1.002576696285623,7.329672774637284,1.2802992767805854,1.374432238981492,0
-0.1813783844497647,-0.11744837068336048,-0.08461333820946203,-0.062482309264602506,-0.9435715450515655,-0.29097656863796484,1.9359196374455772,0.12893365833359213,1.7672236196785396,2.1127157068145883,0.9522738149753156,7.329672774637284,1.3696260497010726,1.5456417479093514,0
1.433181198920687,1.5492577983876887,-0.07839299134352855,-0.1251113118995855,-1.1185936833848218,-0.02157837656210683,1.8740207638643922,0.13663945401944638,1.7533578929683258,1.9946767788079507,1.0075582969707237,7.329672774637284,1.4250671903385062,1.4486547683208701,0
0.4962269914583355,0.6239875071047936,-0.07793940243620025,-0.10948134306961012,-1.1024477296640418,0.9211688939073717,1.5517944992598147,0.1276922252437626,1.5292023787796882,1.560149262777567,1.2063205044775163,7.329672774637284,1.3208401234116316,1.3274167015998912,0
1.0429326166443573,1.1893510095632744,-0.07620665533698281,-0.13459591620367894,-1.1117047431306224,0.9866006936725992,1.7107316293185324,0.12357041642193424,1.6480649487080121,1.7646527273499477,1.4533591401855812,7.329672774637284,1.364577325644824,1.1381322423250053,0
-0.9561722859047431,-1.415403350259331,-0.0258529789637812,-0.35540895280948565,3.524336768562707,0.1284008161340647,-0.673165771389909,-0.46386648495963306,-0.5641060330146541,-0.7943184137824237,-1.2586121952386404,-0.22503830894250976,1.2447638819360338,-1.016499638660852,1
-1.1451791597993362,-1.4709418802634415,-0.02108210348519607,-0.3537533303136386,3.524336768562707,0.0954208285293277,-0.7316900777527848,-0.4299340289578075,-0.6349607792898331,-0.8375490492615826,-1.211481031559155,-0.2249780070910072,1.1392236558151503,-1.085645722313024,1
-1.4470539149037036,-1.6429317598814481,-0.0279532089187589,-0.35369524030371785,3.594517847402365,0.1479957507467994,-0.7415359313485513,-0.4553355143865678,-0.6473947477297869,-0.8442137196568238,-1.230299767546824,-0.22494657311948665,0.9938581882036528,-1.4562123447446216,1
-0.5375908362711719,-0.7855629546408095,-0.04751733284184854,-0.3545963720453151,3.572559350342104,0.24165380216124546,-0.7173407597561677,-0.4545987675616124,-0.616469473376261,-0.8282741692942317,-1.1014219866569879,-0.2248024928125106,0.8337524988339602,-1.7276114893067598,0
-0.006999444860895326,-0.15171028138268208,-0.05118266125350824,-0.35345621026222057,3.509267211756646,-0.07536008684481964,-0.6924476605346669,-0.42228234493897426,-0.6282380105982791,-0.7602668151801257,-1.1561147941255212,-0.22470439270701684,0.7690222682466928,-1.324135182041536,0
-0.03398175031077807,-0.06531318141759204,-0.052397464602915986,-0.35025043131408024,3.4313360751310134,-0.3227519938613766,-0.6509131784626664,-0.3561994808721297,-0.6124880248986592,-0.6886944690584574,-0.9906777283671088,-0.22467795373303806,0.8092698243061266,-1.1093152177395382,0
0.28980590634352255,0.23724311983365948,-0.05863904746868398,-0.35607268694377414,3.3872038016275483,-0.251497106292352,-0.6030908880091808,-0.38722832041293964,-0.5564908920338828,-0.651118533389026,-1.1198480950768548,-0.22444496446261905,0.6384331675754304,-1.307029656257231,0
-0.16889327403700202,-0.19675692258289293,-0.05278640618933372,-0.34615297201508377,3.397752491391791,-0.3002748423480965,-0.6012969014731412,-0.14714878098725856,-0.5601711344650152,-0.6428640323088733,-1.2172235267151617,-0.22433800739903834,0.5767226577452945,-1.3549547874843308,0
-0.7355216750317655,-0.7714676711900398,-0.06086768694454577,-0.3473853173116734,3.4386555741511007,-0.3203480477136749,-0.570816615211597,-0.4064345985485993,-0.5324872739500026,-0.6094339518655911,-1.229631930340623,-0.22401904756381702,0.4745681926588897,-1.3315789797144029,0
-0.2228578847060338,-0.22096007562138215,-0.06886343744300213,-0.34193039835630945,3.4698710846779424,-0.1535509234483485,-0.6020532522949689,-0.31991326688745525,-0.5405490797203958,-0.6677405437084803,-1.2733583793648011,-0.22381761876442266,0.33473678569732124,-1.4666096047260715,0
0.26282360246885317,0.31847181000472263,-0.06812238394525746,-0.34136702741126596,3.4492042639153437,-0.0997220633914297,-0.5324181562275367,-0.368308925056987,-0.47171381793418166,-0.5979838799368588,-1.1884551544590374,-0.22352984307864185,0.41185528062215665,-1.5705263756398329,0
-0.1419109695854753,-0.0749311750327818,-0.06641441023033434,-0.3415733168932089,3.419926267834996,-0.036057880792080214,-0.48057135631152664,0.2787609280727618,-0.40876977568292666,-0.5598914212220533,-1.2309607285339463,-0.2229512889323222,0.4238365909439428,-1.6555272682210684,0
0.12801310115799053,0.1731403739617609,-0.048565421632285596,-0.34105233362869847,3.4042108728801033,0.052893079118886126,-0.4050994429457933,-0.2988222982658949,-0.34188763867812105,-0.47514342206047067,-0.8409363710899506,-0.22228185846645926,0.42998051305115065,-1.5747478341516357,0
-0.07470466781558792,-0.045459825761446644,-0.06652015719358499,-0.3401270888728352,3.4257388111744764,-0.2101891577184118,-0.5411498873052576,-0.40126967265776764,-0.4874801540519062,-0.5982827518223278,-0.7871615036937148,-0.2233132617758634,0.3305475838668695,-1.4662482797217982,0
0.3584920371316982,0.3886894048961021,-0.09650423559293887,-0.32166040149614633,3.4016275202847783,-0.5002497756823583,-0.5425608454854276,-0.41813659449461676,-0.5248061865566155,-0.557151607160136,-0.9590590381789443,-0.22369624566717347,0.24119155730565175,-1.2385481511392302,0
0.5534370484275001,0.5839471321166552,-0.08353972401943233,-0.3059201419446114,3.381175978905124,-0.5452375843128375,-0.5112054644383668,-0.14677035002398953,-0.49765216682447855,-0.5211932864481511,-0.8713139191281881,-0.22373102927624758,0.13318326985409198,-1.261005817809236,0
0.6416029397720293,0.670301193081182,-0.0779816866167312,-0.2922901613501999,3.3450090425705756,-0.7513037928387252,-0.3997808976328913,-0.4275862018959674,-0.41710094393121533,-0.37453388857181374,-0.8213091336777893,-0.22358816425982692,-0.1764257387457379,-0.971254167169786,0
0.5759462485856119,0.5944851603303813,-0.06417474551491274,-0.27219440605334055,3.335536749721052,-0.8962267632288315,-0.3407855030537542,-0.18511107119593453,-0.35711146788049286,-0.31741489210144436,-0.9559016309858219,-0.22349326681563647,-0.2032169387378252,-0.8252306625561168,0
-0.009416011551270902,-0.023519691589189037,-0.04661115924927782,-0.26903723473033114,3.367182819013781,-0.95076235846885,-0.1852676978249366,-0.02788152405130791,-0.21861770811435338,-0.14358326578513317,-1.039550431202466,-0.22307188194929617,-0.1741292045910691,-0.4825572265431718,0
-1.2854450975894984,-1.3203774369422396,-0.05918505815278746,-0.25386189168679474,3.6074346103789887,-0.47961885505825597,-0.4732502614504505,-0.13933425839911442,-0.45306479740524197,-0.4915408590912525,-0.9105637221632777,-0.22299825202054,-0.36614827434504227,-0.9229021882474177,0
-0.05024320812181942,-0.07301594743741012,-0.0741058857089559,-0.24229468915960142,3.8571586945937213,-0.29706014426400185,-0.4588651499804904,-0.3345899670479958,-0.4272511426257816,-0.49085828287356525,-0.9393320631229577,-0.22339766196964608,-0.47921410031436673,-1.127550392178684,0
-0.015483686412917114,-0.052970478350979365,-0.0697135080459872,-0.22877494173065568,3.8476864017441965,-0.41825286926950034,-0.38452311548430135,-0.3320622722776144,-0.36552017890887495,-0.4024653400401886,-1.0666735779058094,-0.22341848754100901,-0.6532531873307248,-0.9078250884332199,0
-0.22387447347682,-0.32907057192587835,-0.06624463409998244,-0.2234539089170212,3.8666309874432456,-0.8662664990907468,-0.3678935604473693,-0.30996286980070853,-0.3835423276492095,-0.34500343935897554,-1.3854933537716312,-0.22308964549720042,-0.7193902734459168,-0.9547724494890628,0
-0.1997966455292014,-0.3542453197383846,-0.06604605187353507,-0.22614184062572734,3.8308946098745857,-0.9763563524141134,-0.3100332159607686,-0.174710818466431,-0.3435604733673473,-0.26665989926623285,-1.3438193434329124,-0.22258881578527487,-0.73959116576891,-0.8526969107968333,0
-0.4889502364850184,-0.6466040307191313,-0.06438643350671755,-0.22775093604033708,3.9017215268630743,-0.8879092664991762,-0.29905752748163306,-0.2477986308041237,-0.32352849114814636,-0.2665374586406289,-1.3629227627773612,-0.22217375895566482,-0.7197182675113848,-0.9716453401126826,0
-0.5137643014014588,-0.7668310986769551,-0.07198256227422364,-0.23662336282788884,3.957478887045502,-0.8034636800761829,-0.34778803402159786,-0.39562747463435444,-0.36502078284106887,-0.3232607316453485,-1.2885995458289408,-0.22151309352640106,-0.7132239912176013,-0.9462686662817086,0
-0.6911216698706418,-0.652268435065774,-0.062174244389013776,-0.23307642061865114,4.2560713911884624,-0.5214985470230137,-0.3629967759414099,-0.3619906447418381,-0.35075619311456646,-0.37318719131901773,-1.2887301629935255,-0.22083703858613726,-0.7192066931023494,-1.2385305084111677,0
-0.5579924231960584,-0.4386819292162976,-0.06884133101012144,-0.2233584149697678,4.311641458307726,-0.4779011144449115,-0.40386171280583827,-0.3818187687751406,-0.3770644501339542,-0.43080359149223557,-1.2941406339901502,-0.2213173240918567,-0.7141379581993264,-1.2996329016058985,0
-0.45037703644504185,-0.6136769395240421,-0.07202406115479022,-0.22083713198306518,4.311641458307726,-0.5832007522173912,-0.3871733461448527,-0.2676401163519867,-0.37200401219035,-0.40054496254021543,-1.4181911062840833,-0.2213484724123341,-0.7238482539373198,-1.3765356247986125,0
-0.8002965894751367,-0.9555562168890718,-0.07393950432281093,-0.2114727403878014,4.311641458307726,-0.5192074325036836,-0.39749884230214794,-0.27587756117470985,-0.3815118442763404,-0.4117162147903059,-1.4199328245475773,-0.22092755810684925,-0.7336406674302114,-1.4376504871167335,0
-2.5349493794159454,-2.688056366901814,-0.07803589656875826,-0.21160276587193408,4.311641458307726,0.2583264507021135,-0.45265152827112415,-0.3280002637586839,-0.36946101570026035,-0.5457876717616678,-1.2862477251870352,-0.22023070930594066,-0.851522942030481,-1.9871570320523064,1
0.44054218871835144,0.31966832708795506,-0.0715117062560397,-0.20450192908243628,4.311641458307726,0.5557999337882841,-0.35766388195881543,0.8687449780586259,-0.25289088752278416,-0.4774808602121848,-1.0099346339820112,-0.22081310164698556,-0.7900378810250861,-1.9592286068800306,1
-0.315100504025732,-0.40387957300858995,-0.06011789238874569,-0.1963935514410175,4.311641458307726,-0.12841381927416992,-0.20332289039320495,-0.14555498229161448,-0.17719680374428293,-0.2318473187012846,-1.1599718193250732,-0.220266493730282,-0.725876397168091,-1.4636284092288907,1
-0.6529276121934624,-0.7199550909699182,-0.0646574314754393,-0.1910759621107583,4.311641458307726,-0.26419058817746044,-0.19044579606523487,-0.31710192586652497,-0.18640544246621174,-0.19297217993931196,-1.2363367309634072,-0.2195406324037934,-0.6326302862227767,-1.512688050191835,1
-0.726120087143953,-0.7721324850586564,-0.07272393765666237,-0.1830023720623701,4.311641458307726,-0.1867042559682444,-0.2613230084075799,-0.37618003115953264,-0.23353731349182785,-0.2911249481356814,-1.375196003915909,-0.21958277116583824,-0.664498020070033,-1.7436256912083188,1
-1.3418740890628142,-1.4094472546224535,0.02035287426905833,-0.27966585182404835,0.09834736492006677,-0.36102774102692436,-0.8816051551220282,-0.37000321752655024,-0.8976401718325095,-0.8521679750632627,-1.2518850974945357,-0.19975976107983998,-0.6933335993206723,-1.3213074367173785,1
-0.9714924624128672,-1.0260477477297154,-0.07081325663078125,-0.29942398253114916,0.7102053897825248,-0.5884133336956793,-0.4292403107326922,-0.2512331065189873,-0.40473920845329736,-0.4531625653278417,-0.9149296880556014,-0.22494688568173865,-0.09577588930341777,-0.594375509935954,1
0.47050621964253114,0.23622475739865867,-0.06211663758298538,-0.33927614281853175,-0.3097555463401092,-0.860301145431499,-0.7015023865549468,-0.37422536674475204,-0.8070833928364993,-0.5681729475853345,-1.1629629298863546,-0.1874606065932582,-1.534141293745187,-0.851033707730185,1
-2.2315371441095615,-1.8635748588037644,-0.03606637210006258,-0.2557041078043937,-0.056746844763591126,-0.8292400490471992,-0.25905594096063106,-0.09521027552694744,-0.36181458338805933,-0.13431324891474508,-0.2580021218195069,-0.22404044387473177,0.7655201342303409,0.4895713373184744,1
0.7542559707318324,0.546486673179498,-0.03469887381197592,-0.3099507143164959,-0.1561039691927916,-0.6586154816774649,-0.8397388607515746,-0.3801476477598253,-0.9530626218962546,-0.6956028801706347,-1.4640322965562316,-0.1653491072843222,-0.724673826221018,-1.6114939967097412,1
-0.6674492646253911,-0.644396722448273,-0.0797863377391713,-0.35300138914559864,0.8356601642198297,-0.6340433186548391,-0.3460020123311288,-0.04405334957004023,-0.30474323424867505,-0.39075299126905694,-0.6171437960566152,-0.22531311196144446,0.2199833489539082,-0.8260327281301449,1
-1.4154691981733531,-1.355979775960014,-0.09019181625416979,-0.27952621930256283,0.44825916205003746,0.276991064510297,0.12855706135352118,1.3200959294957129,0.21762508807906877,0.021571773405204997,-0.08380642291382698,-0.10029398804123921,-1.1330349207913786,-0.34225012541174815,1
-0.8122356608434919,-0.5700036347544395,-0.08458089152230383,-0.27948049745373565,4.088849843699389,-0.30254263190874353,-0.19454066460899902,-0.3452555520804377,-0.20604861931431676,-0.17860847439855054,-1.5622637319920611,-0.22301211103870425,-1.0991541835254117,-1.7835046512761394,1
-2.477875778662615,-2.305845753014085,-0.08376236184003334,-0.14645951681358224,-0.5401406552614079,0.3912046759886596,0.5922128060459873,-0.5338638281773233,0.5919228654979141,0.585535811313151,0.3917873915261332,-0.22287516235059524,0.2591464109125695,0.22281698960029625,1
-0.2942820593419374,-0.13151328058829426,-0.03893181005913289,-0.2559301767327366,0.32798079699796945,-1.5667157621015897,-0.02770319502984825,0.39343987661409885,-0.11492367784071622,0.0758989443228344,-0.965804370299049,0.07265474597786092,-1.2370318537214757,0.31194518192641224,1
-1.8369247343569033,-1.6119845540625044,-0.0789463195055451,0.25292336428411377,1.6458812127509241,-0.34703114294527354,-0.4746887345483546,0.14834369563447708,-0.45770875115258514,-0.48916681877904344,-1.2640563013072188,-0.22474635600574197,-0.9846246079987198,-1.4110487074786946,1
2.237046094081885,2.2573854000873954,-0.005893381081529439,-0.1569044125896711,-0.8158511695095458,-0.0018712780319679115,-0.73908332135063,0.24452489329046564,-0.6781180564073115,-0.802508114316128,1.84614954702111,-0.22301864464247356,2.5994397102037947,2.6774677407778777,1
2.0554814266937735,1.9320271508272955,-0.06610155449200296,-0.3178269573311646,-0.9031501281823842,-1.4336524566702087,-0.05613731299467075,-0.0976808806966056,-0.1908471824431258,0.1040318786729548,1.0207368427671388,-0.18959291796950872,1.8130901894046563,2.99417360157087,1
-0.9147625883237059,-1.0061685897408954,-0.07060564063600314,-0.3143600564048887,0.5430809161341797,-0.5814790791488911,-0.8204899192432253,-0.3623391342957232,-0.7794748712874492,-0.8593275612709959,-0.4728551282335783,-0.22435327428199725,-0.6336846078964631,0.04953972867883012,1
-1.1925424965605835,-1.9390065027006247,-0.08651637542184847,-0.08742160351882504,-0.693357323370077,3.3086040453105703,4.381395041138414,0.49766738486963397,4.348721598298012,4.368143546844455,2.9049226365627536,-0.22537703596255598,0.9703961685031213,1.2428927568914399,1
-0.23550303607954368,-0.6372704925880522,-0.0013942385184172452,-0.3332683093195872,-1.2376965258847776,-1.3532301743912731,-0.7376494088192204,-0.12025950050578005,-0.8581180751861242,-0.5862636811783164,-1.587526428479563,-0.205281947187781,-0.4363899237723894,-0.9080555545571611,1
0.4112185821899263,0.17399656805955593,-0.0693353038871595,-0.33595417183018444,-0.27221154575661033,-0.38655089651230123,-0.6381784162471278,-0.3951399426375752,-0.7149813448954513,-0.5396744314679276,-1.074474935112772,-0.18030543653661538,-1.6159992385490125,-1.19633593982104,1
0.5366080398973823,0.6256446970607256,-0.0607810180550863,-0.2710725609584007,-0.2918703456522738,-0.09570937082181197,0.7642137238579226,-0.00585818730480675,0.6716004718654286,0.8648135284944118,0.4429753837945899,-0.2256161808337243,0.024077555909338348,0.8276839173781745,1
-1.9374268012190454,-1.7202676494444455,0.7276388385130361,-0.3100063775962022,0.5118281086273639,0.1722965032581172,-0.4282877514132977,-0.38935308538115554,-0.3726878507299916,-0.4890439454770753,0.26513548604871395,-0.224837108287464,-0.1013188332216289,0.1236462154128683,1
-0.9586666175396916,-1.3586613841516673,0.21719138597536214,-0.3546356526221911,-0.5607199075367744,-0.02755675557602255,1.4203587945289626,-0.6901613057169325,1.466178049872188,1.349268900287449,-0.5236055924456426,-0.21909696853355987,0.7673742244638091,-0.4112215850766367,1
-0.31897782767553584,-0.5350092079815588,0.0387382048042232,-0.3332036718527357,0.7642939946794735,0.6953759570831352,-0.7324985535370202,-0.3212851914784737,-0.6234076349775428,-0.852984763172197,-0.22820136744280833,-0.025857151133854797,0.1796294459986539,-0.8667192514831242,1
-0.12411197596778509,0.040254603931770994,-0.07026083466019292,-0.02218153415940588,-1.0879674432644921,0.4268392294915069,0.8403740113066157,-0.0231825374820272,0.8143260754328301,0.861254075754585,0.24826261688499102,-0.21212296567019961,1.7208159652143602,-0.2178223934964742,1
-0.20272864587795614,-0.7804833640450151,-0.07509830249569027,0.33344231438901917,-0.48304795564577985,2.9483250936900176,4.682356822532477,2.506259926641092,4.804411779767237,4.4823308854205335,2.1417579538012403,-0.22544640894724208,0.5759569592795072,0.04907059288850507,1
-0.8520112742764367,-0.6209182963489447,-0.09753815205061142,0.9355528852588767,-0.2975996833361314,0.36049360626470417,-0.9850874605878173,-0.41804693802714743,-0.9081825310299627,-1.064469452494528,0.4518639794861997,-0.18253652174079707,0.7170945809015706,0.3224458941220875,1
-2.306406035881117,-2.1345491642883414,-0.08063765330576987,0.07522460063816566,-0.8596217533083426,0.26691330142583175,0.8948620110745652,-0.025269922240979955,0.9037721804109582,0.8737038814958786,0.09942295845695749,-0.21862896662978812,0.7588441841356214,0.01970248946973517,1
0.2633709784625787,0.6447079697093715,-0.03414914308665053,-0.2966955920094097,-0.6129024128499888,-0.17531614706216886,-0.25103577212509953,-0.04914824743687091,-0.3689880424523163,-0.10839808257704978,0.18638039951807409,-0.17612704626559295,-0.1165982258738866,0.4329979867578708,1
-2.3472216626854334,-2.407069849594854,0.1599721691837759,-0.3081162877423568,0.3392221050811366,0.22244496631100869,-0.47034083807898186,-0.2253123774867352,-0.3828127223971943,-0.5684032412764489,-0.19914626051587514,-0.22545529537810455,0.21475776239990918,-0.7764574917011283,1
-1.4401820579452849,-1.4910481807904161,-0.09149586636776261,-0.02145317464543936,-0.6383318969842571,0.9208647444123701,0.5099176735660026,0.5819746052653803,0.5328379355667826,0.47673410808116873,1.2163935188304411,-0.2255417647626405,0.2667401987903611,0.8292525547464814,1
-2.2458718718701105,-2.363889066024473,0.37740621778882893,-0.34123809833233676,0.588504758262325,0.12088815391342034,-0.605242206628175,-0.39511322411355443,-0.5609966220022,-0.6504566000337836,-0.7199203130062358,-0.22585957240776652,0.86352508617884,-0.5233413815172512,1
-0.08579511183431035,-0.2889235698516845,0.018068602168129916,-0.2598324102120639,0.3571516806594658,-1.0152640910529507,-0.670306989347436,0.8339449584420002,-0.7570827980018582,-0.5596137155792708,-1.893598937340844,-0.21359695586099406,-0.347168895468428,-1.872852497230734,1
-1.851254893399531,-1.60430856741236,0.14523744975143293,-0.31406655479190815,0.5513251214486111,0.27062973900880194,-0.5333116710053091,-0.37383092334651735,-0.45781586962125775,-0.6163806893603062,0.1749352640317472,-0.2244387392608047,-0.10340141189520219,-0.13126430751517115,1
0.4829423504845193,0.6018641102402766,-0.013674582381591277,0.3197682174245585,1.6579768931715957,-0.48239488585109,-0.7769716620450774,-0.08563408027027994,-0.7351575450257289,-0.8172713255605233,-0.9337250369588109,-0.22457013821931976,-0.49477508955279026,-0.7850952501413442,1
-0.11832930413910225,-0.11806170691027063,-0.08503529117698039,-0.32197918337986,0.9777210017454299,-0.710416787269925,-0.31338186542322943,-0.3480072992389118,-0.3106653657555541,-0.3128834075276429,-1.1976417125222736,-0.22548604606857756,-0.09807153600097446,-0.9610658036656798,1
-2.2036468658123245,-2.2052472440429893,-0.07654658821760062,-0.10751865681467526,-0.5045666069017534,-0.32557029472634025,1.1619625120389714,0.3152958203928916,1.1629238920675655,1.1470498721543956,-0.2529468056208576,-0.22135192206154986,0.4804841342947171,0.11410487984593655,1
0.8891610420620957,0.6529214024062595,-0.060297863488145476,-0.3398298976215489,-0.26594481279621973,-0.6546209732176616,-0.6682054954314397,-0.3962756834138425,-0.7661728399403578,-0.5442857540136197,-1.0470852892646452,-0.18195290151540663,-1.5999316104833192,-1.0206648415635495,1
-0.27360813195795597,-0.10544611953463359,-0.0597030659508407,1.2180975964579326,-0.4487038846344297,-0.597371986667238,-0.6515736400104842,-0.27264818893786763,-0.6739314234415312,-0.6173768394677361,-0.6451015396689137,-0.22559572612575257,-1.0744907879942596,-0.2755975811062041,1
-2.1508693868293367,-2.151787262951675,-0.09096329005317459,-0.15388510996261642,1.0292827231553643,-0.49152235496095276,-0.3279433737765818,-0.2545478362693987,-0.3564958424843576,-0.2902481607352012,-0.657613172521273,-0.22552006393986648,-1.2311607435052292,-0.21286573581312834,1
-0.8649119708391468,-0.8477340618464765,-0.0646127548856836,-0.15184462098077506,-0.5246172823511914,2.558667028833762,0.1572003599516809,-0.05567056922939584,0.3301013552534314,-0.04938721288651912,1.8229066801284763,-0.2222709949162462,-1.6021231187919382,0.06883355685651957,1
-0.10774129268683402,0.09967397144982276,-0.08842381889716944,-0.19552718953726927,1.2143351300523622,0.3551133849711343,-0.46025220823370966,-0.22120036916129737,-0.39345138135684965,-0.5338919824959376,-0.2144504236211822,-0.2239051140268186,-0.3638891342571375,-0.8309771493335558,1
-2.5282544618913727,-2.4644459696716376,-0.07134054580041332,-0.0027100502977877583,-0.680083965034155,1.5861604267610623,0.21275520763305975,0.31118923617345945,0.35128853132468096,0.0462022369224272,0.6540400063556465,-0.21757007333939896,1.1988789216440883,-0.5717648355857492,1
0.7375597717249723,0.6256989599928771,0.013097978108850668,-0.28839560315283097,-0.017197178884094555,-0.12010132927905279,-0.36487399759863537,-0.11161434789889091,-0.31309987340588874,-0.42185199588201727,-0.24699862022811594,1.431510581946526,1.4239349477271412,-0.2935810435622893,1
-2.8741353142852906,-3.166808883013262,-0.06533737242324786,-0.2883329565889768,-0.7570423823933038,2.114328892267051,1.8714708194206864,0.06843649779215612,2.0212968746595936,1.671883646958918,1.5995347907609294,-0.2214298965416964,2.0545873227289637,0.17909955107500325,1
0.9344450456064731,0.9855778501238179,-0.059428121850396524,-0.25515674059826376,-0.5304496586947439,-0.618704864896769,-0.7833815902679707,-0.41295935237243603,-0.8552778645487469,-0.6889660580302595,1.1105578313133377,-0.19242858652006772,0.9337753690052458,1.4609139410203376,1
-2.5285925277576147,-2.6725056946205905,-0.013891776169478856,-0.176977645321283,-0.15777343506758376,-0.18286934236818975,-0.4600720443504095,-0.14815023615551554,-0.4495080443892452,-0.46712653103116986,-0.5297574755496394,-0.2222089228569172,0.39779723479866347,-0.4065818329935183,1
-2.1000803153582877,-1.858323582089541,-0.08393346225271303,-0.280105216302175,-0.022554665787833605,-0.30513207297878187,1.4676424579697211,4.993841593474931,1.4029864057004016,1.5268007438398528,-0.1861238321161354,-0.14992913015587073,0.2731410185522391,0.23560952867876384,1
-2.5255406781326983,-2.6718213193850264,-0.009784871082175337,-0.18365448256203698,-0.14677373784807846,-0.18120793610787606,-0.46571365861948283,-0.1464509215862543,-0.452963064788359,-0.4752903121853821,-0.528546561953572,-0.22228116138903012,0.41694030494631484,-0.42684762652413727,1
0.1001502421495232,0.26844344159974187,-0.06163098101684611,-0.2450589012877038,0.8179195887726132,-0.3990279769238351,-0.4891883549588386,-0.1780839614050697,-0.5067871281753973,-0.46255145065823366,-1.2420552114844094,-0.22478826498844087,-0.14991907835935886,-0.9117866082909334,1
0.8291489187046569,0.8369986316073196,-0.0520102992781078,-0.33939549126989244,-1.0448147950827662,0.11452552075851438,0.7353002237486146,0.11002492100477793,0.6115945001002177,0.8730579355188898,1.0567253206966107,5.842007650809542,0.37572959354271257,1.3453710516525887,1
-2.768917507978715,-2.2890169653983135,0.3853311706803636,-0.29467349207425625,0.16099299882147897,-0.9734006323454316,-0.2718061186599505,-0.24197538282752487,-0.39288887346914614,-0.1252155483314469,-0.2586970330932842,-0.22536716900935216,1.5031533054302435,0.8942059162294714,1
0.30286030028381694,-0.1820508697860539,-0.08467243484967399,-0.360423299668633,-0.8435224146778744,-2.3096309736879137,-0.10465417822448622,-0.3936746875134447,-0.22850724604510567,0.043235113311490894,-0.17018761951253875,-0.20795025251745444,-1.4146613345024492,-0.43594040150360597,1
-1.602455251002036,-1.568076669676086,0.12001062544693183,-0.29761381156880684,0.025371290406344976,-0.10493365476667756,-0.5850924276599916,-0.353619671586112,-0.5996470085048088,-0.5609231298441753,-0.31118928405184465,-0.20708004825078544,0.35292733267396614,-0.40685043048970565,1
-2.21000184840584,-2.4268518970533,2.8607352667050936,-0.3562798170737526,-0.3790723527954556,-0.9943972203647481,-0.7471089781754888,-0.3744631755265943,-0.698262345033645,-0.7960895212755467,-1.4042961236342721,-0.22584525175880327,0.10228176629698317,-1.2570361904240812,1
0.030946177164881437,0.07407663533673417,-0.08402679601399257,-0.2265117101888935,-0.8895294536761617,0.6303249242176762,0.7338143226227478,0.10208032921255303,0.7446884822359637,0.7122398392980217,0.4079654570639076,-0.21149111619861632,1.851906205689425,-0.1618510673728192,1
-0.6594371858944594,-0.17550128688299677,-0.09942440295780619,-0.34539348309065426,4.289366785011247,-0.32052091749236905,-0.17740607697037966,-0.2985817961122881,-0.21032970218004562,-0.13631970219652115,-1.7690449588783232,-0.2256736140747377,-1.5364419107249763,-1.9871570320523064,1
0.5037682388215313,0.3965200670634895,0.06082395351978314,-0.2936536995803778,1.856064368447679,-0.5353892028339519,-0.8459329735290271,-0.08740630286149242,-0.8746352995659533,-0.8019198895692001,-1.0617506082849004,-0.22371357679188986,0.10901200088213182,-0.8232937046759766,1
-0.03317948574216392,-0.5007417534490493,-0.062488970738630245,-0.3603418163591968,-0.8428648943063393,-2.3096309736879137,-0.48773684058812133,-0.4242999330717326,-0.604184811994362,-0.3440743836273212,-0.995667205147724,-0.20435722116590083,-1.0162485086129598,-1.3242179521066435,1
0.12084928408270866,0.15086111583961456,-0.0414876176218476,-0.17863950828262795,-0.44090013422803404,-0.5005055998525907,1.8039826170380966,-0.12350099898791896,1.6049276318185097,2.0182893623927414,0.11625852721850867,-0.22362840027056155,-0.4058189469672441,0.7323201366459579,1
-1.8677138895033543,-1.4425776590110244,-0.07567915851521612,-0.22295183195754334,-0.24072983483159294,-0.9347677256326362,-0.014632451599028276,-0.23930083048550455,-0.12128440931925993,0.11182265241548667,-0.555077796859816,-0.22458182819019762,0.2929779580927119,0.20840335289468015,1
-2.454664180784258,-2.238767414169713,-0.09270685030367608,0.28500576261262095,-1.1450925571163828,0.5230012579119898,0.5045814307835795,-0.43364551127952455,0.5274169597531722,0.4715614514662848,0.33076248861786894,-0.21576115669157434,1.36177739190931,-0.010489281304989953,1
0.10726349672008231,0.12073827663260281,-0.05070350867387011,-0.3320095587784117,0.44946142267574146,-0.6733516628301099,-0.696825044806357,-0.2827074798790367,-0.729473730915358,-0.6499068366665048,-0.24593561058280922,-0.20010964350184002,-0.734105445586448,0.1726532463675015,1
-0.1137047442155728,-0.12416153792301296,-0.05810743926055113,-0.2812004014051032,0.3175314645713883,-1.607917814031738,-0.16876060137665974,0.3019320260968418,-0.25777541014280825,-0.06136173937750358,-0.7266296236840175,-0.06587878583520752,-0.9863400604623742,0.6896284613660537,1
-1.6024817554091542,-1.5514619617375425,0.04747519381467098,-0.34741884484223834,0.11368871073190345,0.30264304901623496,-0.7758391122323209,-0.1366652656960695,-0.696139473967584,-0.8120472520693889,-1.063166093306143,-0.21456133909893674,1.1537568416386095,-1.5646841489710464,1
-0.46380975999826385,-0.481626036225665,-0.08561936577906383,-0.3219517308669702,0.9674196823415179,-0.7051991306923447,-0.3840853622009607,-0.316030592646062,-0.3807417811721487,-0.3834912580747332,-1.2816930384065044,-0.22550625738452545,-0.09807153600097446,-0.9850122742773817,1
-1.6382797698200087,-1.4909918851119388,-0.0918555935417068,0.00864484960629669,0.5304532405563118,-0.2090992908152838,-0.4240290875944789,-0.36886733846281633,-0.41932596124211174,-0.4245712511082751,-0.5171649216021759,-0.2256850290277386,-1.0216350483586187,-0.6158924063311353,1
0.6495859972967917,0.271952531012863,-0.061650225659909325,-0.3380930792675062,-0.19470382297054856,-0.7656879473982738,-0.5433367888314355,-0.34038891993366427,-0.6109310299948473,-0.456860670765615,-1.0080795732831747,-0.19178466185542772,-1.5298560140215127,-0.9724702069969913,1
-0.5003652306540769,-0.27359444214693956,-0.07197428415046113,-0.2448610981064561,0.6514494529621256,-0.4076494947809142,-0.5288047766257601,-0.18924886600838906,-0.5173022771017761,-0.5361557150905666,-1.2104510744151247,-0.22573636262779898,-0.11590417904982742,-0.8299802252262413,1
2.239277021273744,2.3665690958393326,-0.08443811837129846,-0.1797541336050515,-0.19657567534938652,0.4942270752232712,-0.34823955622441227,-0.19921053597897917,-0.2767145687439093,-0.4288008279222473,1.38223624057053,0.16664527300027918,1.5955097806125986,1.484775231246482,1
-2.202532265456657,-2.1079753646712334,-0.06618278507838277,1.2613633581548847,0.10557364276731712,0.17901572123366624,-0.6423138096826243,-0.19168899162216596,-0.5968385778140222,-0.6885447115774913,0.37695968698657756,-0.20044007537960862,-0.4673947374692168,0.5943939983802123,1
-0.8118446739528604,-0.9221036647011553,-0.0718440295742073,-0.2995881465712208,0.7697750696872855,-0.6477426572465229,-0.484516061418077,-0.2619245705624734,-0.46688995272805456,-0.4996426960917255,-0.859549489080182,-0.22552646925385542,-0.13626400181444143,-0.4687112359890985,1
1.8531136737830245,1.5265062862214993,-0.08476062408939229,-0.21228746516317426,-0.6950139929241071,1.3315681678543645,4.278944777882106,0.5754604813955166,4.084197416694278,4.458811988839428,2.26148485203094,-0.22536403681766265,1.3802051400730988,1.9140144569493596,1
-2.457078265538138,-2.6410520699824565,0.07753006012684034,-0.3152145503250135,0.08923435155243388,-0.12290923790217646,-0.5699798674337762,-0.12054955311582491,-0.5118114603223106,-0.6320976426293498,-0.4836413658191585,-0.22382989785812005,0.7557906904220673,-0.8242322120197422,1
-0.6204385320596428,-0.3948360817036476,-0.07558879140706384,-0.27331006153894016,0.48058291761387717,0.7536216189917647,0.6975908858983471,0.16928197171750867,0.6642863700521996,0.7287557323870313,0.3295227374516795,-0.21703049257091944,0.05671790787872877,-0.25826650380528615,1
-1.2037953266243682,-1.031525743978272,-0.06832007502905953,-0.2571847002435415,0.12499134518739877,-0.46191166332411815,-0.5069189628024204,-0.2959092867860742,-0.48164726819117776,-0.5308328099074977,-0.9770127091782859,-0.22496323689403624,-0.1078172101207924,-0.4993896964075639,1
-0.8111234769168256,-0.5346275838143822,-0.09081659196344177,-0.008103647732185165,1.2630459822137996,0.1976558784805392,-0.4109066164524077,-0.3356527302600497,-0.35866663809733385,-0.467890524149464,-0.6758211031353352,-0.22543497122799286,-0.4709703779426532,-1.1589376756920688,1
-1.6737322537419668,-1.4792004066603517,-0.07782532953915426,0.0743975947031531,0.7973501135936987,-0.15571829616124191,-0.37193573788998346,-0.4221370549598037,-0.34446966526594763,-0.400047985269146,-0.8912317431932065,-0.2253259185055592,-0.4398856667017178,-1.043771782301327,1
-1.8171162020143878,-1.7219660695670376,-0.04820226699817483,0.4214397642893665,1.6517821286659617,-0.34651743481301434,-0.8146202411215442,-0.1510017493317554,-0.760221059222688,-0.8693749977815812,-1.2368303866882728,-0.22444322246684142,-0.8387026390034099,-1.4036261015589773,1
-1.7744303847351433,-1.7116419722359144,-0.05965827798594042,0.6416548855587115,0.4125518997789681,-0.6399250347279652,-0.8787897972849582,-0.03262331658888394,-0.8553993670454838,-0.896067838034049,-1.2748810646884101,-0.22494458977313378,-1.020123293052865,-1.1471209364599861,1
0.9144099487988158,0.8862058371300895,-0.07139975996174025,-0.35138111835752467,0.49286672946622756,-0.5501755625050702,-0.33338750106753356,0.13354889213475446,-0.26986833745610805,-0.4046455088568985,-0.5435574814358286,-0.20559149115071712,0.2591386186852763,-0.43291708720324784,1
1.2423503675354122,1.169290905893861,-0.0809581579152363,-0.3562859944993588,-0.8426204199158746,-0.8209761786682322,0.36414232991407613,0.5792634211325618,0.19445837340918604,0.5607405755355417,-0.1786391859101221,3.996376708752677,0.3865670515270943,0.8250916954191938,1
0.6265499173924451,1.2284559301081737,-0.08984959142144741,-0.08602910412689005,-0.18356821533310633,3.746959524888572,5.122242593626844,2.0281532749280315,5.053828787455856,5.142527340247791,1.8124984414146663,-0.2253345504269481,1.4991384937626786,-1.0087661534453007,1
-0.5119078170174125,-0.4545072095996121,-0.05126564755039614,0.11519459312213148,-0.01668705882112015,-0.2253612352069784,-0.09344632425442341,-0.376986337716255,-0.13145322682456206,-0.04733636466790505,-0.30111527364594626,-0.17917454678438766,-1.2483130188339644,0.01622219313444051,1
-2.4011052356073286,-2.5425691401812953,-0.061752512608445456,-0.1829966092286085,0.21752639056064998,-0.4696539166211084,-0.2487695939905547,-0.30378132500649246,-0.26860628182941926,-0.2223328875538913,-0.48332263814132137,-0.16638292706415211,-1.4015760955633938,-0.16151687085545716,1
1.2469463969927543,1.0070463224473156,-0.07787742247108696,0.1302581498838688,-0.37308328111776656,3.157240431752784,4.897516454570965,2.794285170318779,4.941870404002604,4.786942105363257,1.961001074766624,-0.22538796408122336,1.366442007573584,-0.24463667523181531,1
0.35738542486415126,0.3921792842134099,-0.09128168723243404,-0.3131545975039147,0.7614990358193527,-0.45050660047441415,-0.24007423584495272,-0.22940781021401105,-0.2281703624741424,-0.25132313637915793,-0.9595036635020736,-0.22549201272688715,-0.09237033964162766,-0.7843249017562782,1
-1.1081807274497795,-1.322325950676875,-0.05541654680196027,-0.3226946790405508,-0.19838660799709273,-0.3164930285361986,-0.8497865415555891,-0.3990274059699901,-0.9316156566562399,-0.7428228045741404,-1.2197638286721484,-0.17737935143164965,-1.1666403695960978,-1.281691398115762,1
0.11472734106291688,0.12786930041116276,-0.08674968921641199,-0.2709866473507051,-0.8823264106560044,0.8063026257238177,0.7058290411677073,0.13579457723839733,0.7404153981198116,0.6565097901303814,0.46732409348989545,-0.21095673436791468,1.9681124200558329,-0.2578393480231101,1
0.9279796565221173,0.854852227128768,-0.05201540050197451,-0.29456720257746466,-0.27353394993400415,-0.21801656196717256,-0.05816589331329125,0.14460540091597024,-0.08709394296079345,-0.02322400987137674,-0.09643516131066783,3.33258285809487,1.2390627090855775,0.45851046610006374,1
-0.409834961542481,-0.10259958179924378,-0.08754385502646846,-0.1761123073645059,0.8853620829643974,0.5829142293100018,-0.1346715906275835,-0.0819327040862043,-0.059536341021796946,-0.22203931672066182,-0.2034680645654096,-0.2247640226049155,0.5203124701696215,-0.8463290357378299,1
0.3793877709192971,0.3507683688063849,-0.05751224596253217,0.15808260741827945,-0.3911722071131947,-0.35156706412483796,-0.1469613809465871,-0.22707870964687943,-0.21656162684091096,-0.06280881972451524,1.327903808017382,-0.21576110553103234,0.1826578608486853,2.221078562924106,1
-1.5078624536247112,-1.3435685095606258,-0.0890675596776528,0.9506357269163783,0.34672054745470715,-0.45117684451134765,-0.7809162400968135,-0.36531510472249146,-0.7769803332180794,-0.7763193081066017,-0.6758442447669583,-0.22561799673905344,-1.0483317245531063,-0.46003363739316816,1
-1.977091485833553,-1.8419893742367683,-0.08789079732404603,-0.22876143583874486,-0.5404880646150537,0.6792824114918948,1.3515519847682136,-2.562162086475845,1.3440819438981768,1.3443751394254124,0.21036031140146425,-0.22563157929126923,-1.000721917496911,-0.3514532721134929,1
0.12226990735994503,0.2306797557196743,2.1512506240205536,-0.3069042590298857,0.14069350652290247,-0.47346880973411853,-0.730889243066901,-0.39134529818985864,-0.7329508648938577,-0.7197839526917378,-0.38384654205955143,-0.22580721034784312,1.497189614466799,0.26311555958355054,1
-1.4057585820345289,-1.82619076355583,0.17562598096043108,-0.3579888327438392,-0.5884637421892012,-0.3596075074686328,0.4072557814851064,-0.12909988127704383,0.3779752119723373,0.4370977943491917,-0.1648937555103289,-0.21829329868280953,0.41191087432136025,-0.3287299481268001,1
0.2754020593299558,0.21033973330429112,-0.062117078740974684,-0.19311500992824426,-0.620488893427511,-0.04765065701134623,-0.5035018341534588,0.07487020755942644,-0.4101675866015648,-0.6080459071398503,0.0063122467586830405,-0.22544024013143188,-1.8515228748222312,-0.03263461079940033,1
-2.1531708649040184,-1.8344511833374613,-0.09574451869383252,3.0954334555261567,-0.6651700363070732,0.4067622874491774,-0.8408683796583332,-0.3391372735868513,-0.796255116898312,-0.8837249277867931,0.2752862335062852,-0.19068652905951267,0.5335881675406133,0.029482847128874945,1
-1.8160529317943235,-1.8233101286258002,0.0646391648219041,-0.3044650331922637,-0.3070399770788978,-0.6835567203443477,-0.0696413518927878,-0.1081162100418769,-0.1735791229934965,0.0542521043431515,-0.18740797338038165,-0.22130899142037477,0.7597964620313858,0.2893439481130019,1
-0.27020150378051894,-0.210821935773136,-0.0765026714856471,-0.015460804882343165,-0.3613589568705681,-1.0007970629438592,-0.3263485447575453,1.185619279228739,-0.3598144351493185,-0.28285448223029336,-1.4505697138943647,-0.22423398426383845,-1.2261816064224234,-1.044324589804306,1
1.8782101494365202,1.734773500119958,-0.06592414361848303,-0.3191213783554472,-0.890397537464463,-1.461278865156745,0.004849403584924462,-0.10574556753395457,-0.135896459575599,0.1714425778817238,1.0587274801722528,-0.21707669385214906,1.9162790194526718,3.1211083864199334,1
-2.08989791286779,-1.745875244559068,0.5824402974496379,-0.34994178703299844,-0.2664224577936199,-1.094461389827182,-0.25317660209337683,0.034856197880740784,-0.36896117211056045,-0.11308020797523187,-1.233473617106536,-0.22567966649193327,1.2274867666261742,-0.5401029059953798,1
-0.7656927644621165,-0.8418802034280084,-0.05997193922460829,0.10267377371216713,-0.5747854194588506,-0.6646386348727027,-0.2177059936527218,-0.4009789791575687,-0.23864092666189127,-0.19033714484981307,-1.1957722178335948,-0.21927284536071862,-1.4529958946351267,-0.9969530466883147,1
0.9618937573923241,0.7946618539349417,0.04647232304077829,-0.32100860765717226,-0.29891498026225594,-0.15585965477162267,-0.44150645065179966,-0.1635286784981154,-0.3862768960260151,-0.5016674359610068,-0.3321698087889052,-0.1792236000170771,0.7616217551505717,-0.5188749345404251,1
-0.7854730896169054,-0.938966100133213,-0.046092430459522535,-0.32595752370412384,0.05001086253054207,-0.43143931942507896,-0.8468411990480129,-0.45325838339362545,-0.7943201605164039,-0.8989901744708111,-0.5267087033903263,-0.22001680598812287,-0.15851167214693135,0.046179287978351635,1
0.19925425988066514,-0.06829309447461104,0.04475175057797104,-0.348386994807816,0.7220450407841106,0.1972410116179049,-0.7365684995166484,-0.3148889932179313,-0.649335099819587,-0.8311259863666849,-0.4461211422916311,-0.045836437105369984,0.24573680578180643,-0.6379877216108502,1
2.079241566126457,1.9755768988400557,-0.06302542134309899,-0.32301116929385004,-0.9002858324892161,-1.2510873057874665,-0.10916305827557443,-0.13454323512944177,-0.22425791306612214,0.028409488524340165,1.1503277911112963,-0.1683699572114921,1.777682400690392,2.980227798749038,1
-0.5255856821982092,-0.5139997075128662,-0.06684020408590248,-0.15052540786706342,-0.715227942380435,3.286683083078331,0.0826017814119153,-0.08906188686199076,0.3791189839234136,-0.26946970174484974,2.394207979494175,-0.22239901004160753,-1.869632493370077,-0.16835050099706167,1
0.6564679849753414,0.8309810563189748,-0.0720073223409437,-0.07020514430301117,0.479759934479952,-0.5184574289440347,-0.21467561422573028,0.07719980495621484,-0.20425015983745692,-0.22447507152255244,-0.44527151423165623,-0.22543933231269364,0.024173799739135082,-0.2185162276945951,1
-0.4552354546049527,-0.37114698906672583,-0.07824684412181082,1.0637269326407015,0.5577375302814637,-0.5391944733244274,-0.814836123329259,-0.2006325587990883,-0.8247957428237807,-0.793384043559373,-1.073716264721494,-0.22550784673796986,-0.8354518538027526,-0.9580412618138753,1
0.26345798638818296,0.200645661862085,-0.0762654217433415,-0.1020243069514161,-0.4656503435835854,0.7495899503565824,1.3961692079410173,-0.05896022315531857,1.488114558047744,1.2707502921730294,0.30507519060246,-0.22473303784127682,1.4946907775009426,-0.3080510506826805,1
0.8958124850735352,0.9341285676537645,-0.058457428516300064,-0.26600260229554795,-0.436914867852894,-0.6140288747537579,-0.7710642273369784,-0.40680302516130956,-0.85511468209172,-0.6624035070426078,1.1780378072606617,-0.19449976527235271,0.8687761868403723,1.3778303045553413,1
0.026056509722214155,0.30906682908755106,-0.06300612306648923,-0.257661613335908,0.7243247515437978,-0.8007055502314425,0.1654417854651584,0.34332033765824277,0.09150563516387453,0.2510249528182543,0.5242461356772259,-0.21597059763950047,0.9278602015758636,1.4866414570987643,1
-3.814572918542006,-3.710058168562175,-0.05367370855522368,-0.19218080232944396,1.510963113625261,0.07325571077930469,-0.3054155239448466,-0.012721170565274893,-0.28998357777469463,-0.32006727342797203,-0.4741723014981042,-0.2192707762085181,-0.6883611010751334,-0.5732634787191885,1
0.2302535232893504,0.2309539717679467,-0.06735620374476825,-0.23811967058527905,-0.5337422054087781,0.10034407009078439,-0.4470926390430958,-0.06112945089920885,-0.3457112961769382,-0.5618335995926498,0.012830059072638834,-0.22501181472201573,-1.7203434615798519,-0.15338951183489352,1
-2.7441000866295617,-2.5855154456284044,0.25690134169897266,-0.3455279714592727,1.478661791422827,-0.49633721112430473,-0.5772082773872913,-0.40462593411399717,-0.5207266994732744,-0.637243068094317,-0.3088392026687787,-0.2255627464878434,0.44607928263594276,-0.7090313225046003,1
-2.0655854880441886,-2.225347528216559,0.06999741465318268,-0.3285070507401221,-0.08241796938063345,0.11458281126203207,-0.7840353106457956,-0.1838553899523709,-0.6947342921315948,-0.8446721841643494,-0.7494384640995663,-0.22459443072525972,1.2173367108427242,-1.2271312826818273,1
-1.0840409644303075,-1.1599724781257905,0.07701240625346682,-0.3045339234939591,-0.0936237208808175,-0.149336960108579,-0.8270291323004976,-0.3439425172693662,-0.8632751392555591,-0.7743080178099886,-1.4187697974791766,-0.14788756275923903,-0.5207176326197038,-1.7513039844861114,1
0.05938448342548619,0.2617306683280227,-0.09024940574753816,-0.16210638553779033,1.1402336820123569,0.36337942944533963,-0.44048185742690243,-0.16699872588490255,-0.3800612101794732,-0.5068015210817579,-0.12715815762328742,-0.22410228175591304,-0.3704456394171881,-0.6723146701517269,1
1.5035158956061427,0.7002521966264154,-0.07698353764543542,-0.3293383469886732,-0.0011211778368576952,-0.7332067153385643,-0.30517253750892737,-0.29532218206299937,-0.25837133618460345,-0.3569700502503143,-0.8831561740888454,-0.21208165972701784,-1.5044149464385044,-1.1802060045897376,1
-1.408322342465444,-1.303475008249134,1.346346801784427,-0.2949766450507947,-0.0029133951135233427,-0.11675992831077264,-0.84902367387611,-0.24691317505911237,-0.7642783947184101,-0.9393020089984636,-1.0735419072590426,0.03442295823461483,-0.21808348233527053,-1.424479272025997,1
-0.9930442208470637,-0.5178645268099337,-0.09934413330798461,-0.34604043038802357,3.9644947821212564,-0.3430517980818809,-0.20212459299099358,-0.35745381191641584,-0.22745136317637205,-0.169740280535147,-1.8071109347438428,-0.2256283292367915,-1.459885888816551,-1.9871570320523064,1
-2.5684991326946416,-2.393957209737109,-0.0908402582018476,0.24923074944478008,-1.1437969859299015,0.8346126763106478,0.3806251065835931,-0.4198325719721675,0.4335670366294379,0.31342695358379297,0.46447605064384845,-0.2145537805999147,1.6034370290286828,-0.15015740322228688,1
-0.8273989836196478,-0.8054627874205313,-0.06533897996715893,-0.34438276123608225,0.8202142431516888,-0.636100552902431,-0.42602242137234614,0.010955607248878972,-0.40264245855355285,-0.44865533263233565,-0.6485833243770964,-0.22537658733555868,0.16753185852784463,-0.6066035089255463,1
-3.7062085468085004,-3.5949421539137254,-0.009015160515544005,-0.19562046184454515,0.4551382556987126,0.04714869396871756,-0.6651634898331701,-0.359672347182123,-0.5986716040329806,-0.7360083705132572,-0.8408536484635593,-0.21549246954340304,-0.5974957957630613,-1.2855982479361565,1
-2.30022987693461,-2.381466886212143,0.21123314939832705,-0.31414727344595517,0.35622726704561936,0.23937720098215126,-0.49617910790704284,-0.2619216664645324,-0.41723723209706876,-0.583768645983274,-0.3154911317604873,-0.22559427021443718,0.34954080986997427,-0.7144159130695429,1
-0.8191580383568025,-0.9074757778585402,-0.06225494010183973,0.05578542468322811,-0.5388314778295288,-0.672350774807045,-0.2936679816447236,-0.4088780136982916,-0.3286012284849288,-0.24882389722276843,-1.2070311972000958,-0.22016706230596392,-1.4785149382235048,-0.9454084006692557,1
0.026209958877691175,-0.03040861452603416,-0.035492262219893406,-0.04519087281937551,-0.7687905930783279,-0.5983805283756102,1.053277676135929,-0.012217071182940555,0.9543488164159077,1.1579288332496915,0.36340327006416473,-0.21962867547152762,0.38970584580906403,1.085023946596836,1
0.08038550141265677,0.2531226091242977,-0.07592326100303362,-0.0704130899234881,-0.13629460038577002,0.40942475574299686,0.4101926739730777,-0.045889599709045076,0.4275752304676428,0.38474822460584956,0.1484942494706446,-0.22538778911527899,-0.0048483352394785295,-0.05618039159195526,1
-1.1849747645193085,-1.1448566238923081,-0.06772574143910659,0.5311599270915841,-0.35029249445230637,0.10141892420407503,0.7116211469710286,-1.1151535402738577,0.6777304720157382,0.7433137176514442,0.473052385038431,-0.2256131111368726,-0.025958985594782713,0.5164241516347168,1
0.2013327826451728,0.5855829531029019,-0.045745112463143396,-0.3133659892800948,-0.23860912705308435,-0.3645221391441681,0.0031810662815303092,0.22895124155080115,-0.10228942039094496,0.1280260773868156,0.418330942287937,-0.18945817366174975,0.3401864698242292,0.899497647293142,1
-2.5530947804111688,-2.378499188860592,-0.08995295446545094,-0.08786822108755732,-0.6071810361949499,0.5257188913738626,0.4002308341232643,-0.7539061466711426,0.40544583244732507,0.3893115182679276,0.49423337519936617,-0.22240513933767134,0.476508656754866,0.1787598545588533,1
-0.8229669327079803,-0.8534691315540721,-0.0673844329434492,-0.3268328996164656,0.799057340056244,-0.6414221939095054,-0.44117032011974133,-0.09252564452273607,-0.420585159328806,-0.4603144671362837,-0.7299109045246638,-0.22543481288802944,0.06714059159401714,-0.558597052506734,1
-0.10358694017799899,-0.3912777021591545,-0.04780011069506894,-0.27471486092951475,-0.3206056389677302,-0.3908295702435005,-0.5010435973754568,-0.4070731687104525,-0.46190146175269925,-0.5414504402186268,-0.9404736237518847,-0.13458270769092617,-1.3905368962604534,-1.3032948376178248,1
-2.424562763324705,-2.4498851684462886,0.10079787667022766,-0.2574503922701778,0.38486074881784355,0.2692196695078672,-0.6496585421375338,-0.2692566742194887,-0.5416420402505457,-0.7698545995040692,-0.5857063755555258,-0.22494684882353813,-0.04885941435775676,-1.1819617861451175,1
-2.0341591050031442,-1.9014995358391162,-0.08716577249151841,-0.22616954288171723,-0.5802259202215388,0.811396605761057,1.1637693908615903,-2.6152072393100654,1.1875461740290258,1.1218206689626624,0.3221450819565466,-0.22563157929126923,-0.8743510976799187,-0.3347803043262192,1
-0.14086407731039108,-0.05827455286929639,-0.07606342971084862,-0.2711180164397647,0.06653592575591111,0.2564575151237384,0.5335596750023188,-0.20469948049289374,0.550141478626397,0.5076009240060124,0.07602551625253762,-0.2253162209290229,-0.21495309099013726,-0.08281818701662669,1
0.562698882527707,0.42642617258742394,3.2063537063223437,-0.2665369144555092,-0.10920938606949113,-0.09344802396270803,-1.0070278981039034,-0.39432446566905255,-0.933183143620703,-1.0825263886724046,-0.6165192042328328,-0.2258312972387271,1.4778184641316092,-0.46502126599125926,1
-1.5154610302948575,-1.3106470307737597,-0.07059615789318194,-0.010511260128314659,0.6555684395594475,-0.21249763954658163,-0.44756995931911636,-0.3439729037629833,-0.4259187493605653,-0.46790050221811486,-0.9524553031263296,-0.22569461323695295,-0.32813690989354316,-0.913367869869701,1
0.433786307189022,0.4084133084896269,-0.030059704284003886,-0.3345172859881512,-0.03324943877349118,-1.669861410662025,-0.2776773788324221,-0.018824884151165178,-0.4415083384501849,-0.08040103819398033,-0.6561861744442984,-0.20561882329235764,-0.19594883754212464,0.8467041129623909,1
0.5633789205307391,0.6101815259749934,-0.05266517194101007,-0.2673823013524109,-0.39854499058614207,-0.1498031686179515,0.8831503664622797,-0.05334901319695187,0.7814220236819418,0.9931330111260194,0.4028461973138687,-0.22560589214387178,-0.050191721565278735,0.8476749588640404,1
0.1966311727910885,0.36061780537458354,-0.08179322010512714,-0.30068646480719935,-0.11010582761959392,0.4867692666827388,-0.16211750290007004,-0.2561027856695005,-0.07755024742235576,-0.2603278769537342,0.2877720698760774,-0.22369906897513223,-1.029456731589857,-0.02757672977080531,1
-0.3828737005875873,-0.09532066655350174,-0.04930040092586906,-0.26874693039504627,1.1559924615341344,-0.06170728625048859,-0.5396990316696385,-0.2947762367270166,-0.4876226298817024,-0.5949625051161195,-0.37915450376336135,-0.2239635166039544,-0.2974212229670909,-0.5030282284056943,1
-2.3548593155452737,-2.2192673742896067,0.036990769084059016,-0.09219677686092942,0.29438183170700777,0.5678859686150177,-0.3263494088668134,-0.23073076000187995,-0.2485016955632462,-0.4146566210493142,-0.15763468811745174,-0.22559735107046766,0.16246683790895572,-0.9136558454053401,1
1.0681060638537923,0.9335581899333951,-0.04174561507635802,-0.333701132078317,-0.9207871060426178,-1.3773191635449338,0.7228123066199847,0.7497721217182424,0.4722757238727331,1.01089260329005,-0.07943374712736312,4.445187012320018,0.3700562788852432,1.298859170923141,1
-0.8556280490832398,-0.6273850783233164,-0.09663124925652972,0.9033756311287464,-0.3054425776027327,0.34375725088836745,-0.9740744732664365,-0.41665481973903806,-0.8984611640205273,-1.0520576692005097,0.4416443730614996,-0.18322863253918006,0.7086318426851028,0.33334064607216274,1
-0.4014091177292671,-0.0898715496950393,-0.03160856590327855,-0.3153554199267876,1.0608008698064941,-0.17276946341233052,-0.5409656484587448,-0.28258160852398145,-0.490962478576496,-0.5937592890613778,-0.3771382720878256,-0.2241213365333216,-0.30030050436700634,-0.3265647763127475,1
-2.3663215232503485,-2.419279048751355,-0.09689703295220975,-0.0790378591872766,-0.398985612954042,0.5642017403651196,0.7417441826966324,-0.32347545871755284,0.7547231192793451,0.7175835270374328,-0.15563637291249766,-0.2198167832284395,0.921111538267301,-0.7513398684970937,1
0.8524276305050935,0.8387121604644717,-0.053378752531903086,0.04818744071071246,-0.18208240033226675,-0.8067248411577213,-0.5828147562635394,-0.35063828916009504,-0.6798205754325396,-0.46104576449000023,1.187724088098241,-0.1999119864280351,0.44848571550169886,1.8761042647008048,1
-0.23576361188349504,-0.16154351517717785,-0.08336414416765765,1.0188875026429254,0.5725354820491572,-0.5638070436333594,-0.8347810050702424,-0.21833658082553378,-0.8486711640237491,-0.808438521811011,-1.1192311044256467,-0.22558843304731363,-0.8177679407504299,-0.9203016583964826,1
1.1902090133478003,1.0349794892549302,0.01386308613545121,-0.3388583396916298,-0.3267503347422437,-0.12581189847206786,-0.34733047390911054,-0.1615472229019273,-0.27520163787230356,-0.42861751131080084,-0.18783415181734553,-0.11408159746456509,0.4421125637283422,-0.1724117255980523,1
-1.4616770713246732,-1.2179218082814594,-0.09030691553963663,-0.32907491964556035,0.4625037657971761,-1.9596038352848684,-0.28660372079672924,-0.16275065321622445,-0.4211165590079759,-0.12393579444205158,-1.6828006699484934,-0.22569028584605974,-1.0694203189215583,-0.3554786210572902,1
1.546161354236066,1.4030008686587296,-0.0662663103725594,-0.3137719150748942,-0.890397537464463,-1.3959117588870917,0.02713815345103388,-0.158210277322121,-0.10803036668372498,0.18686323535147215,1.156949887109338,-0.21708791943830946,2.0016375327060247,3.243709776522565,1
-1.1331651893349706,-0.652445693264747,-0.09836262221892092,-0.3461357882722027,4.303784991466513,-0.38751691730783167,-0.21243309291304097,-0.29064715739321045,-0.2508725256197505,-0.16440048320538417,-1.7896690542243616,-0.22567408769535216,-1.5385998034566366,-1.9871570320523064,1
-0.30797272648940827,-0.31524959572721367,-0.04696032757439479,0.08596277321344775,-0.04517798488418734,-0.26008108438769945,-0.03478320268348732,-0.09288437070618161,-0.08637940354435938,0.026721802525531142,-0.23230612284289434,-0.17105737054625875,-1.3074744748594436,0.16940214961936068,1
-1.4869326871337605,-1.072557927133348,-0.08696835699962771,-0.3083485640278326,1.97243782930934,-0.03842099358749135,0.011028815743943645,0.47008278142282756,-0.008132677292032115,0.03358631310060954,-1.216659406851814,-0.2256703232561718,-0.8934507456503785,-1.5570513241489783,1
-0.42274617466147696,-0.11322135741387523,-0.04003579234025551,-0.28523010201447685,1.1307687715221135,-0.0804348651334752,-0.530444860104358,-0.2935134591649651,-0.47803690542126404,-0.5862106122055025,-0.36909234915362965,-0.2239513975492082,-0.278955698307109,-0.4518845369967998,1
0.9783108457848926,0.7341330985195462,-0.05687468957952139,-0.326751110867941,-0.4984966029033142,1.3961423168835665,2.8357697275871034,-1.452647134043884,3.232861850311782,2.3319751115414102,0.9139094612168871,-0.2256064559021453,2.650016022109266,-0.1602797528793976,1
-0.34721370973024,-0.5585241961850024,0.03969683686950859,-0.3252928322794359,0.73177134450421,0.7215955476291399,-0.7170185299090197,-0.34528751482481945,-0.6072879766659964,-0.8384456070328705,-0.22091026583844764,-0.0247375652225848,0.251370009878602,-0.8648497916558995,1
0.5254798648317345,0.28312827427262566,-0.06536832499605445,-0.33825068101463296,-0.28291474128545724,-0.39053708028255213,-0.6311418691942154,-0.397572459435562,-0.710856164029363,-0.5292740842085284,-1.0770632945363285,-0.1784240614770286,-1.613329377865714,-1.2868144287977639,1
0.39308025679513847,0.7106526500087602,-0.04514793560972027,0.1858915217269363,0.2112984049415851,-0.3790562934432193,-0.10059480622488348,-0.06812892512785387,-0.13745261434998599,-0.05576069554241968,-0.22733402746399642,-0.21367711918542545,-0.15498828498190392,0.11811492788489185,1
-0.32260499946444865,-0.011381193957316432,-0.05287742517040783,0.24972799002154172,-1.293916831304397,0.18207763953761968,0.9232878028603029,-0.17965909486885318,0.8548289075529409,0.9934018315990703,0.06547186475994554,-0.21393360285908014,1.4455447712341556,-0.25486106113909424,1
-1.7660810430598592,-1.6920579589054683,-0.05190069549537455,0.634913320889338,0.9308505375963203,-0.4137737519847216,-0.9066917515011578,0.09834375052708655,-0.8543314493556903,-0.9579409168080724,-1.372908966201157,-0.22473418820007052,-1.0226957185283632,-1.5176407977167519,1
-0.24989447772543358,-0.14363908147914398,-0.07901932326459175,-0.27472100120466086,0.1707163867166633,0.3508048286784167,0.5346915778986981,-0.16441164570802122,0.5554582603453015,0.5037642876475765,0.06237225294916575,-0.22403012056564792,-0.1738604692029983,-0.21242849910659584,1
-0.527933302022235,-0.4384258197040378,-0.07910786662706308,1.1310417838973121,0.4547181304223802,-0.5680897900271937,-0.8130242083019367,-0.23581516524986693,-0.8297703794303009,-0.7835579660020298,-1.0155318181019866,-0.22558843304731363,-0.830966373255364,-0.8392027821035875,1
-2.4638675914779262,-2.2621633506277536,-0.09211021993842969,0.2719817042991447,-1.0557476611889043,0.7483240133158052,0.3020839403596488,-0.5309219197156558,0.34606302403246464,0.24642933356551694,0.551603793177402,-0.15323019377992042,1.5657122979417382,0.048074465263991506,1
2.1239164416066365,2.066432246862187,-0.03897110187996168,-0.22940861002187113,-0.849070336853707,-0.7498211935834609,-0.39292014334532943,0.0775205417120346,-0.43024058801077614,-0.34407291828783726,1.3967363823046737,-0.22016670464152255,2.2380108365496594,2.818428888892492,1
0.6621570044216333,0.5521440973044927,-0.01969951273505073,-0.279379579356764,-0.27905488747044316,-0.8193965276378572,0.42864533235965807,0.3205411896666721,0.31775303790429854,0.5548664512767931,0.11969005172980951,4.072034804909007,1.2545031703845724,0.9952866722678257,1
0.7348685797060978,0.5082094390682551,-0.06011428275264233,-0.3389682976241313,-0.24755772537169976,-0.8116854750475004,-0.6738780132450672,-0.3778980526691652,-0.780681274535641,-0.5394288277873921,-1.0336269282640074,-0.1862235555411455,-1.5727477912731025,-0.7795176258166895,1
-0.358758658711348,-0.2091444775887558,-0.07842962887430649,-0.3438845480870108,1.864459275988986,-0.573201565454211,0.5381624533928863,-0.06424842137049673,0.5433560495669011,0.5256333886675563,0.26851047715743304,-0.22514385575915008,0.6875980912034009,-0.745911424823889,1
-3.814572918542006,-3.7109013721988067,0.6831909888827714,-0.3552014017054187,0.33465049196386437,-0.4055870747957811,-0.5446022704690205,-0.25074328993467204,-0.5710018160254028,-0.5068878829263677,-0.21008576884599298,-0.21724799413020968,1.8419185279058898,0.2971140214222924,1
-0.10902312190446545,-0.06085410849163103,-0.08382703849374941,-0.30601509415142447,0.9488939479830858,-0.6551550168234203,-0.3504616877129312,-0.32636859492398446,-0.34634969598571663,-0.3511760100429233,-1.2183082046576246,-0.2255304857871432,-0.11360358001860664,-0.9610579662622326,1
-2.5902482773271247,-2.869851567104007,-0.031190129287618204,-0.2558132338681652,-0.224187394536568,-0.5272003469602193,-0.2259521157151704,-0.40092294542021606,-0.2256194550970028,-0.2236674875131734,-0.2955002413072229,-0.10215512695109538,-1.4855726188572753,-0.0759474078426295,1
0.21519790019152601,0.2705337069675152,-0.08465583191411795,-0.32346021640935074,0.8025182946809323,-0.6869307855182528,-0.7172627423943994,-0.23775483438908135,-0.689182501541027,-0.7420085695784626,-0.4894321245690262,-0.22543723209662725,-0.6482775412261291,-0.04497473303564333,1
-0.8810970497942245,-0.6845448655137685,-0.07606692310471264,-0.2198648678899214,4.2209313046683565,0.11186783357307689,-0.23799647130896698,-0.04723713269395112,-0.19240847428516902,-0.28915381383380373,-0.8536104559408563,-0.22352093389947847,-0.8916437501949819,-1.2806409957727511,1
-1.3280367653652716,-1.4438574023414668,-0.09213226202352467,0.3899034438393002,-0.37032210345418465,2.7878147495482786,4.737525118497804,1.869500616722136,4.759168087450814,4.6557383837312765,2.2051081451088637,-0.2254428981843849,0.5895176366685555,0.21128773405848267,1
-0.82803524981878,-0.7985709861472943,-0.06504533429009736,-0.34690222321216524,0.823251532791686,-0.6353365769544553,-0.42384778571203086,0.025811398407062924,-0.4000666005022874,-0.446981544730561,-0.6369079191670859,-0.2253682284624994,0.18194405078626424,-0.6134953263184816,1
-1.6680835529088864,-1.983332388206512,0.037881429614172915,-0.35900761397791636,-0.19377911496413278,-0.7224729484160106,1.3937049476709382,0.3116634863033627,1.395538937130056,1.3750119346179965,-0.7251798539159443,-0.22315279107739197,0.31313800490662447,-0.1064243108354721,1
-0.058849536023360016,0.26586107171205503,-0.08186906990321821,-0.2741439505838756,2.790682284952297,-0.7317790930860836,-0.2141605845944517,-0.01577097279391329,-0.27485321204825697,-0.13975851888529517,-1.2069836261145874,-0.2245717640909576,-0.2821978113923242,-0.8438915856863423,1
-0.22787444335972357,-0.04533327108660948,-0.06909602571549123,0.3012966853497244,0.11741135725018367,-0.302295505890676,-0.03435108765560106,-0.029046950175029063,-0.09628513307900638,0.03938935827263951,-0.30881088746824725,-0.22560814689188669,-1.252869700658933,-0.054750637670678254,1
0.38008914426636886,0.4599378456491976,-0.062243152950541045,-0.2246273513825382,-0.33155653428777393,0.7427492822663837,1.2550719788757632,-0.1377944778608564,1.2446049818729437,1.252587398637385,0.3695318651708523,-0.22546933312448122,-0.6531115446723401,-0.12518060414130427,1
-0.074391815846892,0.13255753076350935,-0.07568490141662255,-0.2071586938508158,1.1145567041106987,0.3581604356758473,-0.45406349826347925,-0.09077472213903019,-0.3992931423518952,-0.5135319119529516,-0.12893993204818474,-0.22523255645090673,-0.3657604602668969,-0.5308723218082599,1
-2.628467108309196,-2.6242879353776702,0.17909314783408287,-0.33563213469425723,0.8400998880333106,-0.3412768919533782,-0.5783818306114656,-0.2750509578833856,-0.5215263130732115,-0.63884547420159,-0.3998801680080379,-0.22472771492867405,0.6173250512206709,-0.775038799551013,1
-3.3175248405191122,-2.893695555496576,0.9135559598680199,-0.3562548665490384,0.32071568013584434,-1.0278374822382144,-0.2816653651379426,-0.4169513518013266,-0.40879205246032346,-0.12780157912766285,-0.19996827440067386,-0.225924787591356,2.38325119425017,1.202606596483918,1
-1.1509901233350104,-1.0839692361107698,-0.07006317202882015,-0.32761727074948505,-0.5945996988916156,-1.1943767887420715,-0.25595758883892045,-0.1808197529800676,-0.25933142761992717,-0.24892857080458133,-0.9807999614741064,-0.2251592113103926,-0.6082629313368739,-0.1461151612966441,1
-0.5352473322976845,-0.5239338877192838,-0.07493294874856624,0.06639227006257858,-0.49461868676513976,-0.8392151085095545,-0.24795322800760863,0.3953276580975922,-0.27576036491659733,-0.21208875930405552,-1.309763708618608,-0.2256672847357363,-1.3827703938566642,-0.9646952504139917,1
-2.469587814379581,-2.245332228244954,-0.07972076862752903,-0.24425943175962056,0.39892340699797135,-0.36355809958592267,0.9714124102696234,-0.4911443704253236,0.924191996230197,1.0158084504538052,-0.45973251402620896,-0.18241863390092428,0.32933054021584024,-0.13799118782285713,1
-0.18463914474083093,-0.1654727210912011,-0.08337785484546283,-0.315231717721169,0.9632284905379169,-0.7006721402549037,-0.3388786674058145,-0.3426125551911011,-0.3360247045401291,-0.3382407252169993,-1.2152776783108377,-0.2255091541735455,-0.09940196015641715,-0.9614129949624655,1
0.9007515084845856,0.738716808721112,-0.0184143453591121,-0.3187363369394756,-0.9733859280060713,-1.5961959761992048,0.9853111276818345,0.79723294536939,0.6909567438824695,1.3221623002625789,0.10668014090174566,4.843881889648816,0.35947276733506633,1.6554055655567388,1
-0.6955711682497145,-0.9757899238562877,-0.05460656003660519,-0.2999952621035761,-0.2973372686897488,-0.2759873862592866,-0.6712573350430593,-0.44552738370317974,-0.7113482629737446,-0.6158302015634607,-1.1484438798017722,-0.1600238622507946,-1.421148863453241,-0.7819909750520179,1
-0.8985102988047982,-0.4653062888833071,-0.09802669014504646,-0.3445316808264644,3.721633496440042,-0.41648674309405304,-0.2155547230696962,-0.30195959435980774,-0.2413470498708211,-0.18245996106908216,-1.834267723749615,-0.2256221754927594,-1.4705150697148401,-1.9871570320523064,1
0.07998360007343011,0.27976124045476713,-0.07779591017953354,-0.14267815451141502,-1.0035120615859021,0.15467641126952186,-1.0306336230397741,-0.45016450460476515,-0.9481344353223289,-1.1160995967436986,1.0600165907260426,-0.17947534326239356,1.1903636541203186,1.9413714043845336,1
-2.3527924900100876,-2.207183122288426,-0.08691753867599851,-0.25727836070029336,-0.43694486175455727,0.619185410084163,0.720939471703361,-1.5661040563851132,0.7279639817434391,0.7040758032547167,0.4492770541691965,-0.22563157929126923,-0.3604591453112237,0.027389067659537802,1
-0.7137559399151231,-0.6654019726899388,-0.07747733019027792,-0.211912807366486,4.308340313050526,-0.21050882223561015,-0.24634627882194318,-0.3622422554571738,-0.2293865827379529,-0.26350719396095784,-1.4452461052217247,-0.22066725230723708,-0.8198915115088857,-1.786983028938565,1
-1.6256135895987949,-1.4815374138621833,-0.09262521567968503,0.0520302833052384,0.49825394778465637,-0.22933937375940744,-0.4470564737133959,-0.36247314736176395,-0.4437701110494064,-0.4456481381580298,-0.5012470054705283,-0.22568270933313833,-1.0606886076544981,-0.5752583659679298,1
-1.7117650180244601,-1.4411737067075077,-0.07506330253586532,1.2718118733575194,-0.1750551810167667,0.2911700001640966,-0.5583247702376756,-0.3327731330665848,-0.46845523945337897,-0.6581165420352654,0.1694987537835955,-0.20084255163524894,-0.540273884147923,0.038324085089861695,1
0.8531000571111048,1.147371199828559,0.1593367530914644,-0.2370391140359801,1.3495319413715128,1.0963243347566287,-0.059080118360761005,-0.05842684723477082,0.08747195297142893,-0.23190528489931014,0.1590272590859544,-0.22080376000904328,-0.5478017697034654,-1.0413586667133403,1
-1.7599479714221986,-1.8454773042086812,0.20002187552265568,-0.2972034833639097,0.1873928799459776,-0.13998916166236502,-0.6737502074266454,-0.38821818094667726,-0.6403015775348635,-0.7053683085139001,-0.3557565605764672,-0.22561236892763747,0.6086141649355082,-0.47722708313318124,1
0.07977678890132656,0.31628184762545264,-0.07959470833933661,-0.3524058857141974,0.3405193514031176,-2.3096309736879137,-0.3853598237949146,-0.37065624690954324,-0.5556782080906328,-0.17912551816429562,-1.379336135803626,-0.22567884963066645,-1.323218265907133,0.4543851217946503,1
-2.635254551071518,-2.7120862855088177,-0.07720963197932598,-0.17387632591779417,-0.6009557995804314,1.3240971112730238,0.562958990128132,0.06520377712174225,0.6683354921941919,0.43151403752042977,0.360903490576454,-0.21806782018282714,1.407965753339599,-0.731252989290254,1
-2.7531099482637442,-2.643072640305959,-0.08473808784877412,-0.26583216522265457,0.5415445611364921,-0.3166471709095072,-0.19188910874561588,0.011795571320477566,-0.17111805924822063,-0.21420842555890923,-0.7370143974756398,-0.06223697408193721,-1.1091413012359594,-0.6384868836420676,1
0.9805344710269092,1.0235580751455102,-0.05842894780810121,-0.26129828480399736,-0.5043955316119771,-0.6605624562559378,-0.7699350355819474,-0.4109158714249954,-0.8502488156497164,-0.6657121246359432,1.1136101639501168,-0.19313970172123618,0.919576958684356,1.4345082223275811,1
-1.1671577930338257,-0.8110495091624346,-0.08068218980445074,-0.30618989893265425,1.3434050738483705,-0.8370202594707716,-0.029974386475332057,0.16503546295008897,-0.10253873484620746,0.05630102608817086,-1.3603123472544687,-0.22568304988337717,-0.8982790038171199,-1.0862537943096058,1
0.33185604719121814,0.7917062513733171,-0.08530277047141806,0.020135084810684586,-0.28567111634943204,3.7227464386192235,4.990784215396164,2.2450241349614215,4.988336328145489,4.934520125345776,1.832112950380154,-0.22535765665692797,1.235922487153005,-1.009408355192036,1
-0.7315070089080069,-1.1955488851123115,-0.09094555531725357,0.13392072849151082,-0.19965396058542187,2.6522174015530764,4.9350010946741305,1.1201668467269614,4.872121320357359,4.950952877277286,2.263531980635008,-0.22541903600962554,0.7188771502861044,0.5393296426033739,1
-1.993663069577252,-1.7537826350541845,3.2063537063223437,-0.33556375888284673,-0.3223671826387349,0.30201754565071803,-0.5926628161782305,-0.4204106622538987,-0.540408399950826,-0.6475092168604749,0.5825756202353581,-0.22559132116384545,-0.24655737065369288,0.9505657235314848,1
-3.1628761601727526,-2.792006626081598,-0.08864866565374013,-0.3401473304850971,3.504928482073251,-0.6586979489872216,-0.22171530765790542,-0.3335648736743194,-0.3093755268701384,-0.11529260863535375,-2.1244347222440223,-0.22565883368892706,-1.4677844611186108,-1.9583281179791237,1
-3.494162869307383,-3.2164779793140497,-0.07733932419539102,-0.34403584562804373,2.37129351429053,-1.7774050634162237,-0.3588590272362057,-0.4039227488235808,-0.4468086208371931,-0.2504679432726612,-2.159974506675836,-0.22568556877523485,-1.476107088241391,-1.7168284399492917,1
-3.450283987525528,-3.3777198279932175,-0.06017907725467387,-0.06831867470373507,-0.7212708833498725,0.22416866694236098,-0.044531101266683845,-0.1497437388894359,-0.009958198408792533,-0.08493938759989571,0.08212883304752244,-0.21723424920913786,0.6772265466451526,-0.4982086789873139,1
-1.3057425579967132,-1.0426912532914177,0.04760823082462723,-0.28270661840655403,0.11050867120638816,-0.7486742557589509,-0.48314358990042305,-0.008503708577546787,-0.5241365659369289,-0.4288783498397981,-1.339404518842807,-0.2256901517714258,0.3202958837935257,-0.821079366950945,1
0.7877877865071439,-0.0027745295247568295,-0.048167858173776994,0.8106626080817645,-0.3865709256237071,3.80482298121833,0.43723286219082236,-0.29076790664282637,0.8231717739529029,-0.024922649348024087,2.9805599461772005,-0.22464478636994561,-1.1797352445977043,0.5002318079281345,1
1.136896756454267,1.005259084727924,-0.006974795762724133,-0.31105616940947833,-0.19391344026151675,-0.02030508888192012,-0.34463058748120384,-0.17812203592259612,-0.27076716969258513,-0.4280034682419701,-0.11994063290237858,0.579062289823999,0.7167795944130964,-0.06169761063727003,1
-0.6088610052024123,-0.4066846907805097,-0.06812199527820251,-0.24122944526076032,0.3503386053226439,0.8378928389059042,0.6163721165588198,0.015691923390179073,0.59288628682384,0.6368739073697269,0.48424179462488937,-0.21929338240968485,-0.16965152428709374,-0.06294546667607631,1
-0.8048501282943541,-0.6058758489893574,-0.09459929654533601,0.23998517373329753,-0.39895670345323525,2.65720466505003,4.653706015436584,1.499804660839878,4.641101130274103,4.613464200521218,1.852698388650054,-0.2253821571817214,0.9964378253469446,-0.009492203146702904,1
-0.8412749923373205,-0.5960334822276717,-0.0877334575746744,-0.2741344332973496,4.093354656690353,-0.2676140707090868,-0.22569790178930293,-0.3707257179590491,-0.22642541016983514,-0.22216099009742293,-1.6168775315598167,-0.22296049145852664,-1.10376725028864,-1.8798174892963606,1
-0.14294267297234725,0.05347344847700934,-0.054951779226506584,-0.2942102196445159,0.3280574697904751,-1.8644930640738075,-0.1687317091873906,0.08937276878141215,-0.2896101245404394,-0.02360496822943471,-1.1340319604604165,-0.04446382729172878,-1.275525514863268,0.36670842027712974,1
-1.0410909329440878,-0.6615908530098321,-0.08420312027906182,-0.30676446009426994,1.3911374563010073,-0.6310977075394314,-0.005849051751964554,0.1963319080646912,-0.0671124941378411,0.06675949095732209,-1.3183495697484955,-0.22568078651196052,-0.8812594479759734,-1.1965516359333912,1
-3.665362504821337,-3.542501810995443,0.8599016019877892,-0.35850275501192225,0.19144607686935758,-1.3382289934749827,-0.5803510576156068,-0.43031960804173797,-0.6950464761830114,-0.437665835676109,-0.40515153536704773,-0.20857035282501293,2.310067370351103,1.002370886024245,1
-2.6260892513169387,-2.3958063630509114,-0.07800797776336744,-0.20963207682257815,0.487651983873695,-0.1182328268366494,1.1177138622699367,-0.6811939962599618,1.0637014749682847,1.1684176544439808,-0.5290605444133303,-0.1683015705608539,0.2577353652139613,-0.57588102068287,1
-1.4759581163471303,-1.1834458390291405,-0.04728286455315174,-0.30976645694040783,-0.22020100041705265,-0.017556395821089907,-0.3828379492271967,-0.2349410942591603,-0.47486744223108934,-0.26933179064031515,-0.30615079804405615,-0.17488076108343464,-0.06385689762258262,-0.3555438543385778,1
-1.876122213281029,-1.571333409165396,-0.0940816479638245,0.6084146592202,-0.581941003280008,2.9512945550703176,4.471639856626374,2.535984326141719,4.576098364982997,4.294946973405388,2.113079599584318,-0.22545133663576017,0.5599702636945902,-0.13554546259414657,1
-0.46853794357718415,-0.5413518158240282,-0.06482384652870328,-0.1913944994229951,4.311641458307726,-0.15017418234208307,-0.22497487479329623,-0.23164946160148162,-0.19822924091699168,-0.25397621001612386,-1.2403170125215455,-0.22001125372722447,-0.7029632771792541,-1.5681540031248202,1
-2.814555906376009,-2.8097794896797033,-0.06688844175587415,-0.11172260628100558,-0.8581199399870496,1.6465563378261454,0.40530884157296987,0.15453991820857582,0.5531521416754134,0.2254497599604369,0.7252661648997377,-0.21254541610933972,1.7633524981565083,-0.5207088671586637,1
-3.4419937986426854,-3.0983372412305767,0.933214879987231,-0.3570458957838447,0.3193262017489883,-1.2371910920821905,-0.35204159696691345,-0.42864301103125635,-0.4895059170810903,-0.1851032338153528,-0.33031592859199677,-0.22592548014240504,2.446797389547282,1.2133128540765936,1
0.610242096491056,0.41449347960325544,-0.019682232951700282,-0.32081867510479,-0.22541143342249267,-0.644870129383204,-0.8073111182441561,-0.3896569721055364,-0.9383015428961816,-0.6426412691903954,-1.5913523223820107,-0.16087741417907064,-0.6268515319517258,-1.5563808912281814,1
-2.138515473298367,-2.3206730272105887,0.39350520672523726,-0.33822702151606415,0.3817695872909756,0.2496822184486811,-0.6102022911019788,-0.38489805435762414,-0.5685627205878597,-0.6522722252468359,-0.8031651324072878,-0.22586852623026046,0.9476699012413482,-0.48565274185037155,1
0.3011993100617445,0.026833334596598507,-0.030381779586438833,-0.3101937910097836,1.3100470728493605,-0.9054906307869645,-0.710401140539483,-0.14919934882818958,-0.8242475206946347,-0.5671795660307354,-1.7778619018133055,-0.22272329304312874,0.012943353728150565,-1.5840624304313966,1
-0.08950061806929191,-0.020061135536873054,-0.08354349283610478,-0.29907127173197645,0.9296103968090779,-0.6231479120886141,-0.3634437793618295,-0.31290020516537725,-0.3584241029740825,-0.3650789547749889,-1.2194188145000584,-0.22554925477368357,-0.12044845211946602,-0.955393113145332,1
-2.6847707598783535,-2.3702553660851597,0.06990069997121506,-0.3175424524377582,-0.3106397630525906,-0.5663479583155236,-0.45364680531290413,-0.22386619033248717,-0.5143538788776258,-0.3763886803287233,-0.011248792498840476,-0.1518962525524757,0.6115541218034146,0.5589326579617262,1
-2.3377224028253285,-2.396793975020943,0.16923911644924086,-0.308714551395269,0.34881750272004997,0.23482395135151596,-0.47087621682030617,-0.23327458566318188,-0.3836358814765374,-0.5685915260732842,-0.20636532779045225,-0.22552148124940846,0.2169273690641688,-0.7667649040369583,1
0.09204488515506937,0.5560747956000562,-0.09077244127980577,-0.03696050472937142,-0.183320595853751,3.6120977902214646,5.084039321779026,1.7695573823341566,5.018425770825884,5.101461290919267,1.9062048030607053,-0.22535334189538017,1.2490886327666317,-0.7989182688793299,1
1.651137292480195,1.5469206761263146,-0.08676854929440452,-0.046871174265622574,-0.21178712812090655,3.3224073441441733,5.122242593626844,2.2524649503630503,5.053828787455856,5.142527340247791,2.0188970911560022,-0.22535128651379008,1.831870975078504,-0.2580342291331995,1
0.7334932430099983,0.5274569876453323,-0.032533898894648194,-0.31151756689878013,-0.1660961454083009,-0.6566337906172738,-0.83506369739065,-0.38151862339151,-0.9509344917714682,-0.6879673137067123,-1.4823882434654707,-0.1647044156052086,-0.7105706179589951,-1.6035482455864487,1
-0.6462688582234747,-0.7137250725399112,-0.06456795471888362,-0.19118077465601457,4.311641458307726,-0.26151435504782655,-0.19069961051915282,-0.31372064335854594,-0.18622393524501688,-0.19373842982958597,-1.2348315374894512,-0.2195549395208736,-0.6344682172130119,-1.5117210582864193,1
0.269989006212269,0.09579147221596013,-0.06229871060084564,-0.2835270286587128,-0.4974118472170749,-0.9893186891337734,-0.836262009334465,-0.18196815395883392,-0.8543935507763386,-0.8048799450744891,-0.6887789963131825,-0.22485097676087393,0.4188197967345058,0.0357900670743754,1
1.148693870492996,1.025139607111154,-0.010029259155545894,-0.3437670023623882,-0.13365093257637306,-0.22411523407921274,-0.33390300871820067,-0.0907371694238579,-0.2620230101497573,-0.41505458311149745,-0.2574692514126594,-0.1289935433151736,0.3641002714420987,-0.1976074476368126,1
0.6896569861312846,0.6553952055089622,-0.053200481968443056,-0.2824356917329309,0.054516617341847984,-0.0025419116257506605,-0.06966964052356583,-0.03079216229809885,-0.03932838693258196,-0.10476942573170636,0.09366826381362245,3.4481345256299973,1.616514977842474,0.3703753499525211,1
-1.9341931480001513,-1.6984578968736534,-0.09197506488982264,0.13515096380642383,-0.5096956899984273,0.7689039745864213,0.02653535812417876,0.11500974459687985,0.07399707325580185,-0.029976421071343295,0.2680929554465065,-0.22565066049428886,0.2315870487738536,-0.3273596067822682,1
-2.354203024675706,-3.311154460549389,-0.0860992659620517,-0.28805639341063016,-0.7090382780189409,1.7377233841127717,1.1282263465615194,-0.49906455692921237,1.094578139586042,1.1546932368519724,0.9690824793698524,-0.22489310017848987,-0.9852441974948287,1.0762594055311907,1
-0.6787823721878163,-0.20221320989477384,-0.09919527742218957,-0.3452199906109922,4.224723309793466,-0.3348868091638186,-0.18205230438948064,-0.29456946978381315,-0.21450550967603257,-0.141467854046855,-1.7767372048385701,-0.22566893755958037,-1.531863587679208,-1.9871570320523064,1
-0.40896758440641684,-0.4134127435362351,-0.06944877621203557,0.4238025776345875,1.3136570892479584,-0.3141099573467985,-0.8634552421899737,-0.05980741035134681,-0.8413722192294487,-0.8793670237414404,-1.4260394319296505,-0.2245014349862007,-0.7698305905268583,-1.6882143622888144,1
0.8438641857819271,0.6724861375308236,-0.010483557538370492,-0.31364948926828823,-0.9912653705597171,-1.6705967945463573,1.074539981416165,0.813365874555694,0.765291008204081,1.427969397417301,0.16994415414835756,4.9794066388644165,0.3558752098287649,1.7766031616738203,1
-0.4371147817030513,-0.7593548842475948,-0.04087107147388639,-0.25865744512430217,-0.3484314495000357,0.09057126882534727,-0.5264499271849665,-0.43423551711717934,-0.5258738246778192,-0.520891339989316,-1.135315152122232,-0.1298383748543867,-1.2652162640295712,-0.7961923381757926,1
-1.220321109663209,-0.874077317219103,-0.07919738768025611,-0.3059476022899348,1.3232759791759245,-0.9238593052093872,-0.040148216518971255,0.15183752322336497,-0.11747823956955011,0.051890614986473044,-1.3780083573368203,-0.22568400436365205,-0.9054562749526924,-1.0397403880614542,1
-2.0694817272005204,-1.8253678644778295,-0.07896994479008262,-0.24134486564148996,0.0030040458406633795,-0.6501254151531509,0.34121648604058763,-0.14292185755307085,0.28313413583548896,0.4059442072139278,-0.2565691491572312,-0.221514906443649,0.8606191288963029,0.4652732272331228,1
-1.5466315203401888,-1.4815835571166722,-0.09286838799804725,0.49011293436922687,-0.4481770530366643,2.836500092402102,4.643087901913969,2.1687815692196253,4.699128992897607,4.521691435430113,2.149032266376596,-0.22544822309296123,0.5673183829155005,0.04740802884487472,1
-2.0419033287446573,-2.24108680189895,2.658758067475129,-0.3453933208543075,-0.3425877274651252,-0.9070891701718913,-0.8368590089977072,-0.3318680379540433,-0.7714305016509058,-0.9044094531116188,-1.3599743444341017,-0.20483640846386303,-0.06693149881730659,-1.2623685424576372,1
-0.24559155212457323,-0.20974068170603893,-0.06646131071283094,-0.15804191820705332,-0.7393683570839705,3.5987303690164496,0.09550369785162313,-0.1096319419878602,0.4590941013569275,-0.3361390013742804,2.6690184389724045,-0.2225065541449777,-1.8935804007692145,-0.3440974925674763,1
0.1709030939247968,0.18355276320512393,-0.06582851510916712,-0.12638610346078366,-0.9351646299387617,0.1814657096686344,0.05663459618655381,-0.18119443748134648,0.018652811851953277,0.10093570215803427,1.3742383060770023,-0.22358361365362453,0.48302187920293554,1.9613626987753094,1
0.2584598104980284,-0.34977296492782184,-0.06466865622586894,0.444667770118332,-0.6772189958430402,3.1367654374036027,4.504111535094285,3.4058107796263184,4.745876386518886,4.164455636790667,2.0087996313422076,-0.22545579309522498,0.5486572829430066,-0.31910787503220295,1
-0.13410856258481166,-0.11327103778877688,-0.08419138047749633,-0.31493755854782457,0.9736723464490884,-0.6962825450315597,-0.33378034946273627,-0.34367480191473954,-0.3308346871111228,-0.3333114216528827,-1.216881126576011,-0.22550636857848672,-0.10480826183092098,-0.9683370190941165,1
-0.03789901048945939,-0.5060281518846991,-0.06257091727312633,-0.36034140038723106,-0.8427081302835043,-2.3096309736879137,-0.48795687768488005,-0.42377875892478023,-0.603804902997715,-0.3450021807216987,-0.9908238829275295,-0.20429591638787356,-1.0186815072899293,-1.327852653704381,1
-0.040652906226625214,0.2514695469008267,-0.09014993492880027,-0.32455966357738203,0.7832926128675933,0.3845872668595749,-0.08905935660571637,0.06142193046001198,-0.0039270820607074566,-0.1888048006674984,-0.2452746182021347,-0.22330490879393575,0.4464725120839734,-0.710014113435399,1
0.7266957594487586,0.5914491959281143,2.637042569286389,-0.26563137287262106,-0.08377132390008349,-0.12652148305554972,-0.923743086669308,-0.3374108710482618,-0.8628363427762243,-0.9849095654445974,-0.6492437900708133,-0.22526858144208292,1.1931490985653632,-0.40892562028231877,1
-1.419605782508699,-1.4119273182818293,0.07022339983372869,-0.18348382395081514,-0.6684272551697412,-0.04533357745091754,0.4515370182912106,-0.07736811651813814,0.4613218519836014,0.4345985702927768,-0.2890991546898404,-0.2209127772800768,0.1509313934127683,-0.641442778067634,1
-2.4024126140425084,-2.2621034273690865,-0.08746322004063431,-0.26608610138507804,-0.20436645477392715,0.08073061575041202,0.5088080339327989,-0.5275265254529324,0.49967233789710486,0.5135935984120611,0.2110107262242495,-0.22297520881653424,0.27369890857852114,0.33507627096320175,1
-0.5648856676371257,-0.2572834487006282,-0.08546856794917873,-0.09462482365123048,0.8634868208312361,0.685808578614126,-0.23155225848516117,-0.5126617147579073,-0.15745449537074746,-0.31654308717541824,-0.15825152654100713,-0.22565639322080083,0.5547389680410123,-0.8838068485120494,1
0.6613254511178448,0.4205580765859973,-0.05771657654509284,-0.3267942227605026,-0.5040846112613704,1.377555271282299,2.83966193835961,-1.6475933914355898,3.2216298542401542,2.3537290558317334,0.9419412478068334,-0.22560746022282002,2.6064594983655818,-0.08317771033017013,1
0.1739455694277891,0.002175738205277805,-0.0013968443216276563,-0.3442069010801939,-0.3890986072818188,-0.54705281642189,-0.46154959373315185,-0.18486998898684634,-0.4344191401620767,-0.4882021358088644,-0.27475702726807705,-0.15598398470287703,0.38506477376311127,0.2097236776905749,1
-1.0006098700505115,-1.0146042070319445,-0.060169968442347885,-0.22929131718140272,-0.9856202601596925,0.2572171850187651,-0.07174982500531227,-0.32178326291708875,-0.07282295440124442,-0.06962863438262737,0.8244641065355253,-0.2250347972416887,0.468225168033892,1.2210563713557594,1
2.0938201591650047,2.0710755207970077,-0.05552558276675556,-0.32413768177756863,-0.9201768316043926,-0.8692302910975689,-0.3126073025750876,-0.27069442748471717,-0.38096844427541054,-0.22795828196520287,1.4881687092782367,-0.0649152593958077,1.6637706197494022,3.0571752048676166,1
-0.5167287956968626,-0.2673823827241085,-0.08331949582434166,-0.28434406514971583,4.300696201660472,-0.2417486408553351,-0.18790331541950497,-0.2354797799750083,-0.19669218468020586,-0.17526934988912263,-1.519275246444049,-0.22345859467405846,-1.2048667436355531,-1.7726647075432953,1
0.5519279484093029,0.39999633052323535,2.3652191392002275,-0.2833908791318867,-0.19105298043585445,-0.10409582962632968,-0.8675594794534062,-0.34257427321394696,-0.7969899768670935,-0.9408332038042939,-0.5239511748559622,-0.2252192791258819,1.467630833991168,-0.6115179000450065,1
0.17790969194350031,0.06488806413608403,-0.07634824949630899,-0.06730344909356292,-0.5628728663036136,1.394038039089759,1.2924277907093404,0.17551652664778225,1.3684907077935462,1.1870443160436162,0.7215016338818669,-0.22460422834136273,1.2569308599785127,-0.379889809769099,1
-2.4358418077532358,-2.5147834763693515,0.06815363214571396,-0.21805840483177377,0.08105708308749765,0.054386251212916764,-0.43353744452857423,-0.20503313704188006,-0.3887968692896735,-0.48137338234058524,-0.3353916467109878,-0.22376670427320666,0.17502862876250436,-0.5141161907794988,1
-2.0323137857937024,-1.953548092826451,-0.0929856811145238,-0.30036319095103453,0.27657740858636715,0.07243638983640277,1.1386100132240173,2.689224000504106,1.1890196361097378,1.0654248269174207,-0.577908175013133,-0.2256865281441146,-0.35637730846300664,-0.6280696781427123,1
-0.14859968018574393,0.08465407663392568,-0.08499024188267314,-0.3010480966832448,0.5894611707107577,0.6778270834585104,0.7331968621019728,0.3361905049344048,0.7059534189067345,0.7567629872312449,0.19036658083576138,-0.21391026513436168,0.28815627064686444,-0.33020054997607073,1
0.1611114496128868,0.04342485143183711,-0.0837421045047038,-0.3494038766211949,0.2682511518855532,-2.292643390772347,-0.28003919884949924,-0.39785153951945773,-0.39255156575368993,-0.14349883023698032,-1.1621202362712084,-0.22537388453006468,-1.3365073612369955,0.26731222610457794,1
-1.229606244431216,-1.0232301729324527,-0.058296853724770545,-0.2329988007161159,0.348002450625292,-0.34196914226791175,-0.5402979212072627,-0.18035166896834512,-0.5283584399046879,-0.5480300257683646,-1.0430569895465798,-0.22287596989577665,-0.07800113135333737,-0.6724732105628822,1
-0.7614477971576608,-0.8866230838132817,0.031371860880583864,-0.32179805275036477,-0.3161870324451323,-0.1129282700524542,-0.848101476949224,-0.36892719099587223,-0.9209724823007768,-0.7517645983639039,-1.4141107635114196,-0.12891632727389502,-0.5366542347882618,-1.7944516162729953,1
1.0212405814661618,1.057359744582008,-0.05458717266885051,-0.27936784644678525,-0.49362404593213494,-0.6325373985989174,-0.7174618383294518,-0.39586583354233174,-0.8113850565689201,-0.5977466575096334,1.1883848522547955,-0.19499273074995924,0.7586708145779044,1.2841691746291943,1
-2.091666009145943,-2.0645234452891077,0.06398086267985434,-0.32347404415763314,2.1571214141886745,-0.2835093168786686,-0.882259141065539,-0.34153001945462774,-0.8019070029990004,-0.9669417762243933,-1.215506630226626,-0.2251917572897754,-0.11025845534349926,-1.4869005384400364,1
0.0781054330999464,0.13132220143052406,-0.07007333713903856,-0.316486457909601,-0.20204130167875595,-1.6040972029472746,-0.367522594311289,0.14021144473231947,-0.4522242626814936,-0.2628745272670349,-0.6639597994192944,-0.22553895071465416,-1.0128888219320935,0.7625747658362731,1
1.6386511643978525,0.5394060128168683,-0.0820909333910247,-0.3256755152776198,0.11840165100987832,-0.8441759109171421,-0.07896398118965026,-0.26025643477302074,0.03499751043781514,-0.21296444071936985,-0.8984518338090643,-0.2246353545918172,-1.4487024475079948,-1.382296913802627,1
-3.503779927602826,-3.3455297623446727,0.0637267031825426,-0.26949018043446377,1.201954963513637,-0.22456690652680433,-0.6728896824448403,-0.2698308248673958,-0.6273601480035671,-0.7188224242997214,-1.39271958176356,-0.20632018412201208,-0.5668762529554561,-1.7138103177257655,1
0.6748521913338607,0.5275849842728146,-0.06711245557287195,-0.20556672876197546,-0.47934042211195077,1.0523274742236655,2.0585269178511423,-0.650742845576339,2.294995210699515,1.7541332537719705,0.5783738383460771,-0.22513524701399473,2.038328252425103,-0.25990167211417753,1
0.3262632396224161,0.12794934741587988,-0.05756780216738045,-0.3440185983689615,-0.496625514851671,-0.9615812937636709,-0.8249193424743787,-0.1840673518322783,-0.8386305031577862,-0.7989057064140714,-0.6831050646352499,-0.22473238335769086,0.5506077860973825,0.032279738656078194,1
-0.550595188216604,-0.38820840573366816,-0.04950145951074963,-0.15348625455999348,0.8909767517252227,0.7082611428294614,-0.32588444789359566,-0.21459956298572586,-0.24541080824462713,-0.4173064097080462,-0.18974002564114853,-0.16733298022685492,0.4643603701724666,-0.9110255522117524,1
1.0056283956464567,0.3748905489320373,-0.06924250650078619,-0.3337588610842393,-0.08576964081809524,-0.7328946586966312,-0.38370292002799794,-0.3051752192988717,-0.38380578228204,-0.3790325755658196,-0.9411284326678162,-0.2032139201845358,-1.5014871202738764,-1.1426280372364168,1
-2.4863754247975,-2.578063551595975,0.01637684355415006,-0.1689020451016251,-0.06485957697926154,-0.043980848809769296,-0.4152390514192215,-0.191996012216761,-0.3944589018691332,-0.4349214740228773,-0.41522152818588576,-0.22281248051376093,0.16329649773406132,-0.37142365159313756,1
-0.3009611876270493,-0.05306754145199208,-0.08560009607933879,-0.2973990675669376,0.5615868976003382,0.6778270834585104,0.7133705360998677,0.0988204374701785,0.6885425383452873,0.734311672379946,0.19036658083576138,-0.21558558824362917,0.2940576764109465,-0.40179263595401193,1
-3.491070274497875,-3.5100652794257123,-0.07628412042707512,-0.10108990388179157,-0.9212078342106229,0.4111927198831129,-0.2915692174602695,-0.20330009017707115,-0.3877638974026491,-0.17421318564800414,0.07446966664101425,-0.20972529084396252,0.2604745238130736,-1.0380799209130573,1
1.0560399800134204,0.8322479652904419,-0.06329801832178264,-0.3371490363541842,-0.23554541045366129,-0.8409401203156617,-0.7142761981237512,-0.39632881988784907,-0.8206979818567111,-0.5797998082200256,-1.0186654456014115,-0.187466687829097,-1.6014424919859869,-0.677671522166605,1
-0.3590494058536673,-0.040399900540707204,-0.08443219835745996,-0.27991279242799677,2.908633164173051,-0.5336481799064844,-0.27554691195153264,-0.17481674726750096,-0.3333789247015993,-0.20380427246225635,-1.1679426262233905,-0.22453896036538243,-0.43927369348979506,-0.9628511023157504,1
0.39724143852812627,0.34382325950568127,-0.004516378443081528,-0.331444858487879,-0.5574668979006077,-1.4348145245622879,-0.48802727390599376,-0.24877212534144144,-0.6200637407757162,-0.32590375822576423,-0.9324137551228893,-0.20756286891234801,0.2885761247099531,0.22339923357323094,1
-1.2549791134899304,-1.0641123341641214,-0.060340928172421156,-0.2420442772853117,0.4128844379253295,-0.36693814547297376,-0.509349316673994,-0.18424342897716658,-0.4857073907484464,-0.5313046198535251,-1.0824588085886366,-0.22530912086777521,-0.07816103417259294,-0.7320700522345812,1
0.11739740495749298,-0.14789663118575155,0.04552543702335889,-0.3476680987602572,0.7220450407841106,0.27875532104130624,-0.7394859996724344,-0.31699908828597734,-0.6483405961450281,-0.8386409240766048,-0.41211813888912535,-0.0400780738207262,0.2428320825508971,-0.6728828289393164,1
0.40508163139941494,0.16621831971529413,-0.07184421823676776,-0.33498673427631903,-0.2750355279812862,-0.30419084716977324,-0.6384423720870787,-0.402192455946052,-0.7089705764621227,-0.5473648688102468,-1.080088957176443,-0.17931711800853684,-1.630371508243974,-1.2632396645217054,1
-0.9084354857783146,-0.43285077297709396,-0.09955119175883895,-0.34591109530888753,3.9531745826821023,-0.3304427823721898,-0.1958700555516466,-0.36055352808159896,-0.21991200185519208,-0.1650811870716852,-1.804041945819636,-0.22562705388343068,-1.4574624978173825,-1.9871570320523064,1
-1.907518851336925,-1.8728627322551712,-0.0754482150419048,-0.28990683309776666,2.374049009309789,-0.6911012465316207,-0.5732945211227953,-0.38167387107576933,-0.5607614630841475,-0.5813382990602354,-0.7394480931552858,-0.22567499774497102,-0.8229253346965717,-0.28076550836426517,1
-0.34847222698632785,-0.10075449507322284,-0.08512546433801345,-0.2980852803568412,0.5667917056275333,0.6778270834585104,0.7216185270371849,0.1288634829224691,0.6942978819238844,0.7454133170597068,0.19036658083576138,-0.2155005633578457,0.2891983577311877,-0.4064226035242153,1
0.47894118444987094,-0.06483901321377145,-0.07175410581429183,0.3169375603000245,-0.5655761712902343,3.3272912508951635,4.667602381490946,2.9233726259824695,4.827327395951406,4.4231479778848755,2.0899831326456333,-0.22543005820051745,0.8864748765354826,-0.3545018091503074,1
-3.5447758265727556,-3.370286232711245,2.1803153600209684,-0.33953354065744346,0.07809966050549214,0.30201754565071803,-0.3102146439565183,-0.4254428301981139,-0.21343164254100686,-0.42113352140284394,0.5825756202353581,-0.2253269668513831,-0.24655737065369288,0.3745154941384701,1
-0.927733455691632,-0.7076708379255152,-0.07738107506500444,-0.22179883347512008,4.213457061979476,0.131666316047328,-0.24085346965214327,-0.03913603883555794,-0.19366186999407597,-0.293875695950468,-0.8283672048982722,-0.22378908994006597,-0.9053024794188578,-1.2655633855790878,1
-2.76772512166135,-2.626471725226876,-0.09081240228130681,0.19010695318182755,0.327994538305403,-0.41568197947383445,-0.3037329677111894,-0.33164769820865514,-0.332793232514031,-0.26572349553205743,-0.5211861350354741,-0.22560410287293123,-1.290817696173964,-0.22133732227159933,1
-0.07018664948311026,0.15826307639849463,-0.08344627137686189,-0.2994972608429523,0.6054337810702566,0.6778270834585104,0.6868671449345322,0.16963371381294964,0.6633751793384107,0.7065405279526001,0.19036658083576138,-0.21413652778471323,0.2952503014248018,-0.34368113474010664,1
-2.005381104805381,-2.185150658659207,-0.040864932701749415,-0.34007247964749315,2.8554360471734004,0.048278224518719874,-0.7121749716875401,-0.21771661968500694,-0.6694141312211814,-0.7543637294778122,-1.379193511507678,0.37619591142415026,-0.4766893222329533,-1.9461640632419106,1
-2.536099929207077,-2.2954155253116864,-0.07490815428573308,-0.3429744623314952,1.3752664766956229,-1.7244454971622072,-0.40318987915668164,-0.40209018201846036,-0.5150678178685878,-0.26594083590579276,-2.101283568809344,-0.22566783343344612,-1.4874220567427618,-1.1310085732436161,1
-0.7448867296039801,-0.830727497104691,-0.05910961371168124,0.08754447382280389,-0.5646630427280606,-0.654403016956094,-0.2277495858815574,-0.4012957306496233,-0.24458577111717325,-0.20511481427669714,-1.182957982493995,-0.21504895406549773,-1.4469083549762183,-1.0103971465555452,1
0.834419497278919,0.8028330074949533,-0.002716515263163726,-0.3217749083217217,-1.2173557200516671,-0.29005617022197083,0.9210138327233172,0.22571488661103678,0.7511689798093073,1.1112012367205515,1.2188212676671064,6.698316002905097,0.3615241967343512,1.5448316595512064,1
1.9268569840807315,1.9776671116107802,-0.051462759185496226,-0.322794751213385,-0.9384048398609159,-0.334634143730449,-0.4866010632234314,-0.40287578453903994,-0.4946426494903936,-0.47131105221749203,1.8026001206261493,0.022924970790374078,1.5237655471321423,2.919994969934197,1
-2.4593341412881595,-2.8875877004483295,-0.08640602543357404,-0.283747464298822,-0.5320493416180891,1.1419028540682739,0.7874719609684268,-0.6582139083372082,0.7676058549450395,0.8016595264761438,0.7640676786167735,-0.2252443342315125,-0.5174476376184552,0.6976557456250075,1
2.1592969500476826,2.220467018842241,-0.039415189418004974,-0.14793148927983307,-0.5697502130176281,0.18387180247871443,-0.6052973494679539,0.0814931674366472,-0.535216374709806,-0.6811015786157346,1.6287903869417322,-0.08592864937281533,2.265284238989716,2.169521980941216,1
-3.814572918542006,-3.7109013721988067,1.1100810667633365,-0.34400434746137326,0.07257920529044945,0.2686846925111987,-0.3881646790827998,-0.39781707636394653,-0.30477966059701544,-0.482295577925051,0.5739049282203565,-0.2234863452888408,-0.0741040889264179,0.1599907128952026,1
0.26498093604207074,0.036425424411618335,0.033792564711052187,-0.26795817355830914,1.0513306132534819,-0.6047140661085348,-0.5595409317623623,-0.06322539984579387,-0.7254276549333215,-0.3564891464930189,-1.28536254394881,-0.2202590101848114,-0.010545438397480733,-0.9169467016339324,1
0.06380482919503319,-0.07902931865693268,0.024331618996192482,-0.28862372532817243,-0.11648314609181284,-0.3793822241480158,-0.7285548032233656,-0.21695959793999486,-0.7601996105205147,-0.6824491057400179,-1.2751796982872223,-0.17933384879445288,-0.40866972573009586,-1.563821552050678,1
0.01864591797386353,0.1650433948296608,-0.08236333325440302,-0.32051373394417354,-0.17974466098211905,0.46409711633825,-0.16869047347454805,-0.4556399858382477,-0.07744708028932425,-0.274727834804405,0.011495805343854977,-0.22366442052740315,-1.140605289934497,-0.386877508678235,1
-2.6086413316315684,-2.628415187193971,0.1660254968771721,-0.3332167409530118,0.7467037990547951,-0.31785301597357596,-0.5782526031347376,-0.2553566133516375,-0.5215001852174942,-0.6385957031447284,-0.41259301305737806,-0.22460418070162222,0.6389730642053202,-0.7814384072958347,1
-0.357756643794056,-0.667518850453171,-0.037923042975552476,-0.21948236963068093,-0.3424200398150947,0.18993476254587793,-0.4609403015850045,-0.4278867834745042,-0.4496441874935518,-0.46885135808661416,-1.0955361352491524,-0.12482148999738896,-1.2126596824653082,-0.7724760130625329,1
-3.0640857370860988,-2.7230323095618827,-0.09603920662192217,-0.04270091906338042,-0.5946032767442957,1.8121582059114656,1.6878518980903918,0.25648129873887227,1.7408500899141217,1.6050907997141923,0.9414732192350018,-0.2235362635160628,-0.9858345076792798,-0.15829014527363966,1
-3.387591380820333,-3.008893233190285,0.9246224341084781,-0.35680070325739344,0.31993350966653206,-1.1974539629539804,-0.31720082522583687,-0.4247003625982558,-0.45596203658320833,-0.14913988801411004,-0.3050911115367644,-0.2259251774448321,2.419022860703375,1.2323253152152067,1
-0.314513119305351,-0.7422687615833309,-0.003451670676533527,-0.3362728650379892,-1.273114469697906,-1.358790170385601,-0.717685670119918,-0.09868861761495164,-0.8440286262085294,-0.5595811251799969,-1.6343987295281976,-0.20350710448724618,-0.6473555276221135,-0.9732637729858223,1
-2.2433611176931394,-1.9427138276597797,-0.09710351450059214,2.8914509076673416,-0.5585399306109542,0.39885735429392283,-0.8676294264283941,-0.36934764956047633,-0.818265200830565,-0.9157941348039516,0.19973348903902155,-0.1916899400736057,0.4951955365222246,-0.07091901000513728,1
-1.8093535536879057,-1.7286445306632254,-0.057470513252156005,0.6147371790625363,0.6539642398422101,-0.5928309574367397,-0.8479542269699989,0.002222691148081532,-0.8144993360011055,-0.8775146654908641,-1.249845666693692,-0.22462652739395997,-1.0541859524217083,-1.2152494033049603,1
-2.2008206311907883,-2.252349436547717,2.2053637419889602,-0.3543300288353669,-0.3467535629967627,-1.0176009539701647,-0.5959992605071364,-0.2607894337078044,-0.5955456459731177,-0.5894711785944355,-1.3370517386340317,-0.22579853055017648,0.4489258928203338,-1.0283913220476133,1
-0.5036362601809729,-0.21971197682656646,-0.08643369805715927,-0.12079716524518358,1.038371507142326,0.6034400305123138,-0.2550783891752872,-0.1916100775235342,-0.18615087774524833,-0.3336684751309032,-0.19820945493483189,-0.22515287118907476,0.28761889103455107,-0.9203926009089839,1
-0.4524219720920165,-0.206048919869361,-0.08536070568677467,-0.3020324150795055,0.5725844643771418,0.6778270834585104,0.7846887772015422,0.41541656329785037,0.7485286788261554,0.8182022975787813,0.19036658083576138,-0.21454666079350082,0.27173351170192117,-0.3779286366091603,1
-1.2753307401709768,-1.4106582348105543,-0.014968363881933552,-0.2963572047276011,-0.03954498423509634,-0.2328077330642846,-0.8782594110512926,-0.3658208175763479,-0.9294793591144479,-0.8072010442713956,-1.2549056246355978,-0.18416741260815364,-0.8038794860520115,-1.473499982705293,1
-1.1095365572841263,-1.1722581474132767,0.08339962816200212,-0.2994429673511346,-0.03454517489926662,-0.154059884660223,-0.8226703136998429,-0.3367964896620697,-0.8490012832165645,-0.781740807006878,-1.4143194781845316,-0.15268243425480854,-0.521818725922822,-1.748786021384892,1
-2.8961261918701444,-2.643960776428308,-0.07389048178430102,-0.3446041497763998,1.7719862764126053,-1.7873690753938514,-0.4088667373884738,-0.4188428000904138,-0.5079430864549404,-0.2867081683125602,-2.1223516984578317,-0.22567897721785435,-1.4876236935475446,-1.333166316863367,1
0.48186088252829995,0.4022297519556857,-0.056553748949229855,-0.0985467799612421,-0.4612461448810293,-0.5970020742658112,-0.37057855388730593,-0.2015653564177922,-0.4382235239224145,-0.2860903072892717,-1.036550674784793,-0.20634136618306043,-1.5263189825572259,-0.9374775106830201,1
-1.2191617285298464,-0.8865970659531246,-0.025177766011868833,-0.33572415798555083,-0.5748372618604396,-0.023865726478725702,-0.5064851747423867,-0.34343422810169316,-0.5111424450229176,-0.49496666233578923,0.09559672771597567,-0.14991493860428895,0.26246654556710525,0.3595597072101131,1
-1.4064621725095616,-1.164839830480312,-0.060532049896844894,-0.30211482468624645,-0.3433735718737058,-0.058036485523484116,-0.3959627239934029,-0.22869513896712235,-0.49222251530032,-0.27729207930562844,-0.26457852888194344,-0.17359387344697635,-0.10975409394322133,-0.3049088673406526,1
0.6391146336278068,0.4794805110050224,-0.045155621816608975,-0.29041063108714726,0.3011924854016508,-0.5011270907832166,-0.8684831204355868,-0.3425252336493128,-0.8435416287265793,-0.8877198802556322,-0.0010123511898067483,-0.21533288109527193,-0.2768776002816959,0.12730607077129025,1
0.32402213084864256,0.2741717999578589,-0.06278964781580863,-0.31136994724072536,0.844732373497397,-0.5107484398506792,-0.29452378232431276,-0.19124483829216604,-0.3247531137655658,-0.25523924139818194,-1.035595733974055,-0.2242387632011752,-0.07749777530230317,-0.8213786231564282,1
-3.07780378184432,-2.854435723950812,-0.09323428549141764,-0.2650236328642648,0.025861925318147235,-0.19172526401836698,-0.009825814338703956,-0.2120850976281989,-0.06611963831345229,0.056945575224082064,-0.7800743050919533,-0.22563157929126923,-0.8033296017851271,-0.7906022139006159,1
0.34678379660829867,0.17127466513705147,0.017571253307299393,-0.3186153993050253,-0.23499451859514997,-0.6228415025955977,-0.7300118875885583,-0.3271141900420894,-0.8462555010232164,-0.5837193874050227,-1.6207086001166897,-0.17077079225037425,-0.4371108153000333,-1.4404975364465513,1
-0.16342364561061618,0.04197327433159981,-0.08764555679119729,-0.17873820101670326,1.1682421674093795,0.26099050228821397,-0.478800341789687,-0.2189896348757086,-0.42073740670494403,-0.5418741067644417,-0.23089593133850128,-0.2240004104214638,-0.382110232590923,-0.7493327345167043,1
-2.9000614812946215,-2.975303960140357,-0.05783472266074805,-0.27045425844470516,-0.7111947329061228,1.9562765409019378,0.43187213528883245,0.3878479777031706,0.6154268686137858,0.20941390816021738,0.7980403687629057,-0.21226314343299885,1.7944642729695093,-0.6986875945240641,1
-0.13314458478882313,0.07102957070001714,-0.054610211809060616,-0.3188965160621578,0.9852469221688207,-0.3475382263193122,-0.6195913033003875,-0.2569692774417549,-0.5783638313303441,-0.6610619899679748,-0.45265729498466467,-0.22468317498659918,-0.4582220837029888,-0.22199531514749893,1
-0.2070085713302759,0.0263856658570501,-0.08262896770178935,-0.29905938259446063,0.6057271234060835,0.6778270834585104,0.6876054443780476,0.10603292028989622,0.6610833761918788,0.7108578795340526,0.19036658083576138,-0.21468846402669065,0.2897948239620562,-0.3827045610653492,1
0.497159628242101,0.45472914472430315,-0.023771716964809512,-0.36001400075401546,1.6364230268418183,-0.8073528831856238,-0.09203604721814904,-0.31586454899466154,-0.251360787096875,0.09770402928186545,-0.0752263842593622,-0.21118113567099603,-0.49482500216394737,-0.08133158873781747,1
2.0441715380751693,2.0730332613791687,-0.023087733458037638,-0.18333846208615695,-0.8399896682698821,-0.08717177155064706,-0.6846056980513304,0.06774071395432896,-0.6360480412939626,-0.7339850135660912,1.787875338062309,-0.16751000705061914,2.3488375560253805,2.670760561999793,1
0.21935852568615627,-0.048742249739616175,0.04456173108647235,-0.34856355762885527,0.7220450407841106,0.17722087591714758,-0.7358519535575526,-0.31437074814043997,-0.6495793526220753,-0.8292802972625318,-0.4544723722433633,-0.047250706761683005,0.24645021369346387,-0.6294173885128943,1
-0.5868566648025657,-0.154806603370965,-0.07903212333617222,3.2085888383452104,-0.8934752153576152,0.5383485350151702,-0.5694624554578365,-0.3829116117610916,-0.5693192987623291,-0.5628813514571409,0.6150838711682346,-0.17812245190027784,0.6862211204381014,0.36009844669684665,1
-0.08766980819273967,0.23821779437277896,-0.08398995238684148,-0.2748571530261987,2.7415956441747076,-0.5269450539485864,-0.18249161962285743,-0.10079310824638393,-0.24106267270389772,-0.11097702701552722,-1.0223557566707013,-0.22456785974584154,-0.25885762317380157,-0.8155594784004897,1
-2.2990987398281346,-2.4866427964827897,0.23518649984418086,-0.327171010557685,0.22890846142306373,0.054012786346004704,-0.5940360138960258,-0.2511510654007869,-0.5453337172228071,-0.6446602358858664,-0.6563858777319755,-0.22480748870563783,0.8729282591112745,-0.65382874828037,1
-2.5253736481690647,-2.270705361060778,-0.0785168819002613,-0.25060618982516225,0.40181367520950556,-0.17244561841341602,1.272653571435099,-0.9131936606809898,1.1872932275466697,1.3586383176986834,-0.41996076512164027,-0.17756530711271534,-0.18305728590124837,-0.3660891964381366,1
-0.13478582747719015,-0.11448310189044109,-0.03964178727946546,-0.17938993127248326,-0.9367261311683814,-0.09621932671908395,0.15138645244795623,-0.015100977274208338,0.09922839644282444,0.21134980343131393,0.9920796378079217,5.988930425708778,0.4529520979245548,1.4519020299790693,1
-0.7598378857722029,-0.5259879727297248,-0.09682008416165715,1.0635348611736575,-0.3042486705572223,0.3790139417465088,-0.9815533772043383,-0.4206204091432889,-0.9036806106479802,-1.0621232343691724,0.45778627010302536,-0.18328616793579233,0.7251724029565875,0.31293672123998406,1
-0.37133065028735623,-0.5230537696323487,0.025306227827095795,-0.2989121718895823,0.74568377043033,0.717251708490113,-0.6620543303426879,-0.36924138337749945,-0.5563477731819206,-0.7793683450415965,-0.21345214163684334,-0.047848834013898334,0.28630953658682434,-0.8664137706092692,1
-1.3150757395213795,-1.1268823201160654,-0.08183142279629008,-0.279731697325462,-0.25441946232969326,-0.6700049148640872,-0.35405051557225997,-0.41641440734683544,-0.34617304225125234,-0.3591808271033554,-0.7999635781090794,-0.22402644414072306,-0.14479086705365346,-0.18257694017780424,1
-2.281016757815774,-1.987914933624722,-0.09767091347603532,2.8062854582320336,-0.5140204314171806,0.395556938684891,-0.8788025223596648,-0.3819608866947836,-0.8274547060596917,-0.9291834588285764,0.16818920495115397,-0.19210887762919854,0.4791660981707233,-0.11283813189431047,1
-1.8708629511766142,-1.9409540896339366,0.19861298455793322,-0.29884923987496903,0.23892984470852308,-0.03760950310427193,-0.6240261569996631,-0.3635518885479165,-0.577122009041971,-0.6721657605834406,-0.300409365535327,-0.22571377117524025,0.4837477452308827,-0.5344143903666523,1
0.6683711099956906,0.9638776771801361,-0.09101696852382637,-0.0715416368501727,-0.20996863607327232,3.8599176239023723,5.122242593626844,1.80159020109646,5.053828787455856,5.142527340247791,1.996965086663554,-0.22534225839823296,1.5882049577119097,-0.8857951161462231,1
0.7480138182803191,0.7174824051185097,-0.04759690974261766,-0.33306797535820576,-0.5525407047563725,-1.5425104676077062,-0.6581401700869758,0.1577329525940979,-0.719064700044064,-0.5782004284338771,-0.9787541348572129,-0.22523864949973912,-0.6270659848919165,0.21665962137107078,1
0.39193010995034633,0.726468252365519,-0.033202079701884775,-0.2951755111110576,-0.5870550878906043,-0.20518093577024754,-0.28842203844701925,-0.08769411220390554,-0.38951354382732795,-0.16530521010103816,0.03172027266900505,-0.1693630602019169,-0.069551996978822,0.2568373115768764,1
-0.5630465596929904,-0.25564806582255306,-0.08545478837238371,-0.09492939916266015,0.8610147442537353,0.6853548134667756,-0.23330465396742167,-0.5220451504948782,-0.15905765409253997,-0.31845141348153194,-0.157751291057638,-0.22565639218354228,0.5548260623450384,-0.8825761045787778,1
-1.3698645821233641,-0.9661872047460612,-0.09307816102319562,-0.32539546457795077,4.311641458307726,-0.41323233745428417,-0.23178473417458462,-0.28966763731274797,-0.26785015106529647,-0.18633368549619908,-1.7272985153672082,-0.22483488924292283,-1.4154592802253685,-1.9222408355406433,1
0.5636369525224769,0.6104395302254233,-0.05268538953239339,-0.26762762030435544,-0.39761270495607337,-0.15360251769501354,0.8800081559886268,-0.05272459073866326,0.7780871585453248,0.9902561629935049,0.4022603051445529,-0.22560589214387178,-0.04694359718896757,0.8509644629890705,1
-2.058612560750155,-1.9868403578637226,-0.07610385543264707,-0.29838699089708887,-0.2995394648447845,-0.5916650483322887,1.414147305295424,3.602154845735341,1.3488507605105697,1.4746981191490653,-0.21301939902890046,-0.16669455289093674,0.1385131817206721,0.37873512650919966,1
-0.12453200943688422,-0.3202404492765084,0.024198577326014784,-0.2540311951984455,0.25947505114911307,-1.0207792564182887,-0.6642263128273612,0.9321962030130709,-0.7495931062039332,-0.5552734713089686,-1.8965658564160097,-0.21264847628525568,-0.3827589957292617,-1.8892780329687726,1
0.5819290053098092,0.3958157715194229,0.009440662371972199,-0.32537394195614455,-0.3815597273543608,-0.544247602700159,-0.6550454331321396,-0.17386611832765894,-0.6381995635967979,-0.6672267072995233,-0.5485235775566365,-0.22397191285137188,0.7776129714604665,-0.3851576400428471,1
-0.0025511822814227036,-0.11221311038672366,-0.060686145534409895,-0.3091638611011555,0.6527092232364917,-0.9981938494933092,-0.7274389117521112,-0.05595359216398976,-0.7290366997362312,-0.716923727004283,-0.12247772083251574,-0.22551749625295148,-0.5364148929074326,0.8387298357295848,1
-0.25359528923701014,-0.3778204925294597,-0.09493425231163623,-0.13980964000335028,-0.3693818741104053,2.734632467702709,4.624437619956133,0.4654758093983032,4.52709166945573,4.684880735385914,2.042616422519407,-0.22532529251656844,1.3224061961500915,0.47918702869862184,1
-0.3593130046783651,-0.12246880667459681,-0.08875595086940793,-0.29315944000752975,0.4710047092259433,0.8095178804362038,0.9387342425632379,0.9358800392761998,0.9177898875799763,0.952405396199757,0.1876213047821681,-0.215737871506815,-0.0159446114691697,-0.45399732477030086,1
-1.645025540019339,-2.0107234410727797,0.09045837934166734,-0.35855736446757674,-0.38843340788977343,-0.5498278130984595,0.8227436407274135,0.15277010463815188,0.8160559207513857,0.8209091664420607,-0.36888346135130895,-0.2208166917328269,0.2599593306631856,-0.25909427665773554,1
-3.4315261198904836,-3.1445826690796883,-0.044057739061821505,0.04644810687214318,1.2110969979921073,0.8439698473481525,-0.4626743669913046,-0.4477318696957,-0.3357923601705976,-0.6074247718844566,-0.3946615596634278,-0.2253982580506984,-0.05638359699686901,-1.3554173869471429,1
0.2814133692374362,0.09850253573392975,0.030561637788524047,-0.12787013730876973,1.1217690927955057,-0.5949444535036688,-0.6056856864327641,-0.05175345569887734,-0.754543304292668,-0.42225026018101725,-1.2577551507266946,-0.2204195076182614,-0.12569465971383043,-0.9078836827364405,1
-2.0648258572915217,-2.823636995917052,-0.07511547926543853,0.679138676641446,0.06862150300057927,-0.6800919496911128,-0.47838312349236756,-0.3628276471640215,-0.46911929443993444,-0.4836810719865924,-0.5796288287909014,-0.22379053636563176,-0.3855485493589017,-0.13059491581152025,1
0.16259774769635754,0.1649856840958811,-0.019139288776106697,-0.25202744634272345,0.9204191523554694,-0.48508153679055555,-0.5299124505443324,-0.1263674854632434,-0.6128435505151316,-0.42543580482414944,-1.271323943780592,-0.22280071493080328,-0.09144980867374575,-0.9184645374885819,1
0.003258293131356671,-0.31330031803451036,-0.04554452399396207,-0.32098314846467196,1.3621300417679378,-0.528552921573165,-0.7039280260263966,-0.23122167519966563,-0.8068397222279854,-0.5737304391610882,-1.6449034362440214,-0.22343504630808111,0.02623339331639227,-1.7931724773910165,1
-3.190543344403756,-2.928374782647153,3.2063537063223437,-0.33556375888284673,-0.19214588341367117,0.30201754565071803,-0.14446121389108346,-0.41762138769828955,-0.03476071690222815,-0.2726399995832451,0.5825756202353581,-0.22559132116384545,-0.24655737065369288,0.5235508658248875,1
-2.044592741244184,-2.0609566413943075,0.06806095652659162,-0.32075764084379105,2.2326764103527017,-0.34160198597962305,-0.961127628228088,-0.2867835712324487,-0.8883610939021456,-1.0358935662457942,-1.3015486612825322,-0.22558860633430555,-0.08114333552025069,-1.4498268036186528,1
0.3926335615363899,0.5848965534903576,-0.05541594064271971,0.6447734616698142,1.3461443829966273,-0.47858329514767844,-0.6894658512770067,-0.08089265934393981,-0.6510236728754746,-0.7268102831852442,-0.9390482145556405,-0.22412549450101,-0.8202326940733268,-0.7968527401403198,1
-1.3768431157447203,-1.161187281643267,-0.08171805791112847,-0.2726416422706458,-0.2682982152939378,-0.7020590769679391,-0.3086838470106763,-0.39793726581879235,-0.31335006722480746,-0.29949954425141745,-0.7860440280524585,-0.224077824932306,-0.14193200533359013,-0.15534455001809666,1
0.9328962414414507,1.033289997619788,-0.06795673912336954,-0.2287934852238323,-0.336485023632912,-0.6506592116860881,-0.8705669714630971,-0.4028701454425233,-0.9172631732033693,-0.8049561521782497,1.351144327817007,-0.19516160825875306,0.8364630064413966,1.2724800760661377,1
-0.3412966678166052,-0.3438397200073729,-0.06622869831451111,-0.2014168103777417,4.22016553236817,-0.06670351150451204,-0.20823491594167434,-0.14432674301808734,-0.17906034914201996,-0.24031067958211494,-1.058871972597153,-0.22124297970041085,-0.7714783614546096,-1.3855095684847756,1
-0.9458683345928782,-0.904236541031411,-0.07185543715435658,-0.10285763864663489,-0.16754042892906157,0.7645327909907593,0.5579011612291938,0.7792731308283067,0.5440186436421022,0.5677252500744633,0.9313191876608719,-0.223781230777702,-0.191965240629617,0.6091135648532704,1
2.1166776021953013,1.9894297116443678,-0.06457405745851791,-0.32323034063915,-0.894454716318193,-1.405744032997351,-0.05240045708854579,-0.09291533709373528,-0.18524170783474958,0.10551189166943281,1.0501700022483291,-0.19708699027254525,1.819314449012753,3.0057113986248942,1
-2.465243598095635,-2.6521183605716407,0.07134356228373201,-0.31285427874078936,0.08215210483053953,-0.13353758357358905,-0.5830496088858254,-0.11886918908838694,-0.5249280973702746,-0.6449569238427617,-0.5144509833499159,-0.22374207590259135,0.7625660605800914,-0.847076178557933,1
0.11011534643525867,0.2543520525504961,-0.08503884453044051,-0.2887189684063095,0.18485304132233027,0.9481899432427666,0.5786266514256202,0.0754788388848929,0.6057350221277296,0.5396696398051053,0.34160430025668903,-0.21388293649452594,0.8208761656219383,-0.45303579747337647,1
0.08710859320627827,-0.061724385864381365,0.03647534498052658,-0.2837401637064784,-0.08352117433914988,-0.44690803453353956,-0.701088105209392,-0.18757864310946382,-0.7260810899449436,-0.6631841228259624,-1.261273432360974,-0.18976814745590273,-0.36821664366936413,-1.493299805065965,1
-0.893416321511495,-1.1380956912141573,-0.06567919577176103,-0.3332877869238298,-0.2548434458891704,-0.6128441460854446,-0.7835743163376455,-0.4527591255746366,-0.8510405403014323,-0.6944019169513764,-1.140819377135811,-0.18378915414321845,-1.5512610245126996,-0.8096165534408701,1
-2.394694753481657,-2.124371812627217,-0.09938382495652524,2.549180876813151,-0.37962124394048063,0.38559336801985217,-0.9125327987993427,-0.420038781841882,-0.8551967529935949,-0.9696042699868369,0.07296068199560968,-0.19337360135913276,0.4307750890811393,-0.23938708288586996,1
-2.839589979936422,-2.9241125305425557,-0.08234718160709112,-0.2091461624898049,1.9832202078132606,-0.6896678767680087,-0.7107131779367875,-0.08609387029888108,-0.79033642596603,-0.6080099308416876,-1.3201470484216857,0.9827367013818343,-1.0478776515280521,-0.9141991674699173,1
-2.3492184301336976,-2.3812516233571936,-0.07098395591770991,-0.20347399828299984,1.2472685326838875,-0.3876528088879948,-0.4251661537895972,-0.06888198547568633,-0.376781206463227,-0.47741646011597383,-0.42654959742930226,-0.09536760540058647,-0.7573483339137458,-0.28035836529687347,1
-0.5402732188376096,-0.3155603171150797,-0.06938563367434303,-0.2448561412278014,0.6108351817533156,-0.446131265982292,-0.5262076002344528,-0.1541930585668867,-0.5176477984234903,-0.5301050144142068,-1.181137337113033,-0.22573785354690074,-0.09881401472430952,-0.7249083538788207,1
0.21302836453356583,0.5916633419119491,-0.030405051967627047,-0.30363133092232303,-0.6129024128499888,-0.1323224719698729,-0.21422656187784475,-0.014198604026099848,-0.3312330170713801,-0.07314511763179712,0.33747541735647796,-0.17642540855915262,-0.1165982258738866,0.5877200777354182,1
0.2537302461022756,0.3056693937990533,-0.07514805300776312,-0.22596477933364853,-0.169434480440564,0.2916649678071317,-0.16188369256882795,-0.20787084500455932,-0.10544564850289126,-0.2267903412815242,0.21173174791708904,-0.2242960822561276,-1.0992577225661968,0.08939884498655994,1
-2.6649386558314045,-2.5416927213620406,0.21125332619255124,-0.3186884658329001,1.4906547037883322,-0.47845759485445694,-0.5687865248607854,-0.3863247440245603,-0.5167171996933657,-0.6236968057836162,-0.2903001309954495,-0.2255392750024228,0.3479867523116208,-0.6169285296656424,1
-1.6435309759010255,-1.7102835726147867,0.06806095652659162,-0.3176088903977371,2.552826926098377,-0.4260337169637401,-0.9961863521904057,-0.12641902544255956,-0.946237339238004,-1.043519520965356,-1.0294491880019427,-0.22558852289728046,0.1097438591680507,-0.9735925877309284,1
-0.1807341854764212,0.1427602553772097,-0.08660409701424425,-0.2761716388343779,2.86731188538125,-0.5270072135496997,-0.2165433616716076,-0.15280914456879466,-0.27561653379395673,-0.14403057176728243,-1.1285654808830765,-0.22454769296470417,-0.3424019864414747,-0.935906020488942,1
-1.18123692402045,-0.7681416625310923,-0.08829903770694253,-0.31221931799174496,1.8645131087483935,-0.11589403735059378,0.006298986477245666,0.35566722662758243,-0.021174317016445135,0.038754182875490796,-1.1981065195675276,-0.225676808499615,-0.8888883310481696,-1.4764944879483508,1
-0.29992844498816806,-0.05740342213764037,-0.08796993986707896,-0.3040410440291112,0.5586357406168767,0.6778270834585104,0.8226082623471996,0.6576273024158036,0.788124868519123,0.8536869635126781,0.19036658083576138,-0.213473602412722,0.27446554978738374,-0.3041844628171361,1
-1.5672786584977199,-1.3304172686466191,-0.0804217816343677,-0.2212145139209549,3.9131961705360396,-0.07333953051628983,-0.27359458338658166,-0.2623512173958804,-0.24455689933788072,-0.3047334739000449,-0.7810662319115916,-0.22519394594827136,-0.9817010265175434,-0.9961038945770468,1
-0.1268642195333104,0.03260797379866375,-0.0728646634981854,0.11724267512468628,0.028120879565919688,-0.09713137251477871,-0.05623249783274839,-0.038745588006906306,-0.07724801581260014,-0.030682395986952937,-0.19461835041265352,-0.2249591312807292,-1.226817072627202,-0.10360778649832911,1
-1.0897973103513354,-1.8862408815045935,-0.08346545359954224,-0.061024201759277835,-0.6822371789054424,3.202655979054145,4.473668852023474,0.498600952771844,4.436543886712824,4.4645943530392564,2.8410356442911033,-0.2253854577879078,0.9359662597450819,1.2210627016582272,1
-0.14788299707691596,0.05547467487841057,-0.08675758406824291,-0.19222948506009824,1.2236791462562897,0.1031803274327888,-0.5387150565850712,-0.2683751776763933,-0.48508120438954433,-0.5958342993465746,-0.34068179003398413,-0.2239776679101444,-0.368594992203471,-0.6978620066252399,1
0.17456616340298248,0.25558995070617435,-0.08099407103089261,-0.3229583028712093,0.8985833535576309,-0.5480053779222513,-0.7097782497938462,-0.22759085207235338,-0.6786168739300277,-0.7382610301254598,-0.539280803443233,-0.22532762741915147,-0.6393648042872819,-0.10204972718445615,1
0.031996782600576826,0.17892001276275937,-0.08235062036373914,-0.32195610064958863,-0.18054800839331653,0.46975788543460617,-0.16933388719210904,-0.4680122057237243,-0.0776603347616749,-0.27587295291669506,0.011442434966389642,-0.22368510447540838,-1.1430880335408344,-0.3930450391691497,1
-0.8743729021681594,-0.8508409435545872,-0.05422980818233224,-0.2585817994948028,-0.8997029690651107,-0.023965016708366704,-0.1815981044923541,-0.3331818978200316,-0.17862489419689456,-0.18296581704632287,0.47950372378461703,-0.22459948372855348,0.3983802233210867,1.0937098538819134,1
1.6048833348793703,0.5114248041484015,-0.080730637498307,-0.32571501779018475,0.11840165100987832,-1.0142686344909464,-0.07350596520804464,-0.2810137714493359,0.028214140508723624,-0.19307666763749248,-0.979988108200403,-0.2246353545918172,-1.4490826118610005,-1.304261867140566,1
0.8939869375444831,0.9223093557794513,-0.04872708586455896,-0.1874364040778182,1.4031584860657411,-0.23331390406313637,0.02686675846066113,0.06031350879255387,-0.03982369716980316,0.10551335153596533,-0.11117580173121316,-0.22037258447735447,-0.8196448593569626,-0.0778337708647939,1
-0.872192027430323,-0.86440518743113,-0.06941013374887915,-0.3400418280949309,0.8722056592155223,-0.41797987688024074,-0.40644243918047634,0.45470042565394375,-0.37704432317977277,-0.4364332750463419,-0.4931067779608508,-0.15960530062193337,0.003606735421890772,-0.48924290071416465,1
1.0403063380683248,1.0788504386057287,-0.05818003138932043,-0.2660396306869375,-0.4465958117845561,-0.7189574059218102,-0.7631851762538989,-0.4070139498959099,-0.8513446914178828,-0.6497525088112046,1.1472297630294666,-0.19440167041247444,0.8891124938516013,1.3769326589612925,1
-0.14901187205873578,0.046180083424532614,-0.05426724144623912,-0.29259324420274874,0.32769238234941994,-1.8521424006433322,-0.16269046340794052,0.10213064245584191,-0.2821815758078093,-0.019277978715336097,-1.1272451030103448,-0.039435798647976944,-1.274213447866737,0.3641744715956985,1
-0.3439360168316549,-0.7561164484376367,-0.013735606950743454,-0.33361060596649844,-1.1715472732747136,-1.3193026000530224,-0.6753115414366011,-0.11855725956965615,-0.786712854480265,-0.5354010222117161,-1.5239400192078394,-0.20708652067159097,-0.7614563738878541,-0.820447090612955,1
0.6690150636750342,0.6194628842064124,-0.0413074610382019,-0.26824328212573556,0.24078497959333342,-0.06505724096113585,-0.2271351470930132,-0.0593521645199206,-0.16753050059137983,-0.2950177093500048,-0.06757299180794761,3.0554703837325787,1.8617382846321766,0.1575724326157458,1
-0.19435317396629326,0.019800170451948356,-0.08572235652134115,-0.26326496679025463,0.422129517971548,0.6642708247915432,0.7408351734359804,0.08233715590724575,0.7236319649059552,0.7524225742613138,0.1846137632463831,-0.2168586681919128,0.4155222920201671,-0.3869804626820239,1
0.42421561944600655,0.24302881941290475,-0.0009425976041462398,-0.33541583094331845,-0.3169987933052577,-0.6240484698179745,-0.7611861161164057,-0.40205716945561404,-0.9143258110788715,-0.5708371235499742,-1.745961203075022,-0.15541266565864723,-0.5200854788603483,-1.479367121105715,1
-2.1934577328537768,-2.4837080134088594,3.2063537063223437,-0.3545217026486256,-0.34321977276574117,-0.8895634183666581,-0.8557593977497283,-0.4327327241617472,-0.7827282657758328,-0.931999349185797,-1.349290069309335,-0.2258771157812836,0.0655256986326136,-1.2899747228140295,1
0.08008314226961472,0.08241732525458106,-0.08823796775552642,-0.32315577885287633,0.8930664842461143,-0.611944798148818,-0.2701678590368409,-0.2974132479428739,-0.2636854468539028,-0.2746407179155566,-1.0947517167253882,-0.22547555617606546,-0.09807153600097446,-0.888225644058445,1
0.36754661574008046,0.3131235711216035,-0.09042909556105695,-0.25749667814264154,-0.8127534078347202,1.643578907938027,0.5064446333389001,0.19063329210732746,0.6456623807043811,0.3355997699877029,0.7503263786107583,-0.21355786484301426,1.9792930368152302,-0.663487791501727,1
0.39968140735055596,0.267509691247825,-0.04569563436805106,-0.3469362316201806,-0.467641800329063,-1.1212595398969984,-0.711293802081959,-0.1882091595238265,-0.7688901637843415,-0.6346646884439575,-0.7173745261258808,-0.21744583124467554,0.4792505973776089,0.1633691798832514,1
-2.1313154651198967,-2.312466471061203,0.40161719402457263,-0.33884021534379277,0.3921122386600162,0.2584781709393307,-0.6109931731077061,-0.39201998743953964,-0.5696941648586974,-0.6526504878457053,-0.8099142966179326,-0.22592400940534485,0.9506350858567595,-0.47726818466547055,1
-2.161702041208176,-2.0017503815783564,0.5532915059708954,-0.34585463952192874,-0.038132384567490324,-0.6056122344939725,-0.3661965671816783,-0.12995673666323243,-0.42671573777634864,-0.2901975954365251,-1.0479255504046883,-0.22577011052472495,1.1645110851866862,-0.479214168320719,1
-2.4285307771276137,-2.3635150781946046,0.060839189536651316,-0.2537754853186442,0.6358598468306351,0.20349545538205635,-0.657334158088551,-0.296568908255347,-0.5403425840532987,-0.7880661934270647,-0.7664663354024404,-0.22416546696170014,-0.19432516197597216,-1.4413563931706506,1
0.27398579062073436,0.48066163337043155,-0.08096360618653851,-0.2809059055381094,0.2095836406971377,0.3980086865723333,0.6221174303134523,0.059029949816875274,0.5774673618677503,0.6676107094188056,0.4173071794768806,-0.2210993071910173,0.16008395456464913,0.23398703922802422,1
-1.5464405366292673,-1.675934508245554,0.021986099325541915,-0.33547342283204074,3.072392152536072,-0.14335618134869532,-0.8745308880154233,-0.30081251607238824,-0.8029211434060192,-0.9489536732475518,-1.1191183344574132,-0.22528046518169403,0.5349663863343275,-1.2030461315477086,1
0.3883342198030977,0.4835796383431259,-0.08886875264885971,-0.2896584742977449,0.7213446467545264,-0.3867259530963344,-0.2949494089881158,-0.22701642536450792,-0.2821364395693793,-0.3066242183693324,-0.9608430092003156,-0.22555364901443095,-0.08077777501018754,-0.7686952239025551,1
0.3078336233664497,0.10324530983635416,0.027930792783624037,-0.3341666779315059,0.709209136290762,0.069164533856556,-0.6955341459199014,-0.30109953809963497,-0.6209912069814756,-0.775551881411926,-0.5426678516274708,-0.07382520695711048,0.21082748618340175,-0.6176209478180537,1
-2.4647311629858764,-2.4689488581010717,0.0675672293158634,-0.2323784798841538,0.42032467923212313,0.28200242819680077,-0.7401053688469977,-0.2910107467143257,-0.6218790690718834,-0.8713181865865514,-0.7930717499521895,-0.2246161107044549,-0.1795583642023218,-1.400088358401381,1
-1.9015196858077434,-1.7160429114483868,-0.085318045084884,-0.25342211030459766,-0.5248745795087417,0.31331693614593764,0.8387464869588662,3.455710491138185,0.8507003767039623,0.8146496422072651,-0.042073715060227335,-0.20100876992679867,-0.8802099588898102,-0.3278332533515258,1
-3.4587023453634864,-3.1706828103304554,-0.0865772934385263,-0.3380516834204275,2.22610557832664,-1.567649891541658,-0.2526191370305444,-0.32626668269742864,-0.3598548812305663,-0.12265162018870193,-2.162569747289556,-0.22566327849729304,-1.4550150080832256,-1.782012057303206,1
-2.6439602198188634,-2.4214839618645616,3.2063537063223437,-0.33556375888284673,-0.2863862432417462,0.30201754565071803,-0.5689874852051141,-0.4196399686780845,-0.49193311888626867,-0.6534790144360669,0.5825756202353581,-0.22559132116384545,-0.24655737065369288,1.4530324346778438,1
-0.6122673833895869,-0.9205358959651033,-0.0666723232612027,-0.3251870869975707,-0.5465785258623451,-0.9892136181207297,-0.5511265410936477,-0.28206696605330606,-0.5977786736766009,-0.48935466182173326,-1.0125438116006098,-0.21583734100079918,-1.4038019743941215,-0.23101100111429618,1
0.8185675692117806,0.6842063570733261,0.031354106915997534,-0.31953458682603997,-0.057039413362608926,-0.28551578106771214,-0.4641659830750514,-0.07983892317843358,-0.4161749261365137,-0.5154875842677041,-0.4745585218808136,-0.22377698298575513,0.7997644598586402,-0.6912561533365469,1
-0.4285747726955387,-0.19552597089014123,-0.0832770149737798,-0.2969010689350297,0.5326374818531616,0.6413994562581122,0.721023289740026,0.20793894034889543,0.6917903780643726,0.7470893622253522,0.18055925603293718,-0.2163202702927489,0.22875269510375967,-0.37871620811498474,1
-0.5544824709590297,-0.3198872622977956,-0.08642834849313408,-0.20959791332114058,3.984705709304711,0.0714682729981822,-0.24144663910173567,-0.22294999696041273,-0.20383672421269938,-0.2831166044018846,-0.874963359058964,-0.22351399984631765,-0.8670920786825749,-1.2837242382927674,1
0.014201178447018514,0.3954303298331441,-0.0907474897950141,-0.020077336049368733,-0.18430413805178514,3.5337560961855496,5.072806352668085,1.7214196885998032,5.008016165234436,5.0893865747679055,1.9418694583449692,-0.2253598488977674,1.1979513670994208,-0.683224549178769,1
-0.7995032211187009,-0.603229090440887,-0.09037137748673973,-0.074951547770131,1.1790156016800897,-0.058348012000871,-0.3966566867069342,-0.3323360523328264,-0.3588716534356395,-0.436694086815138,-0.9061899029816838,-0.22562730369839154,-0.36914464091736504,-1.1508839870250092,1
-1.2922791811955499,-1.442252986733486,-0.020435517951462947,-0.3034287259126922,-0.10212704524069079,-0.1750420359223281,-0.86824616663723,-0.3531041195467561,-0.9202604679585199,-0.796365943476725,-1.2185788992070712,-0.18229503361737953,-0.7686411835758994,-1.51339735228532,1
1.1464012552679916,0.8071554871863287,-0.09100179220996382,-0.03909552094814355,-0.25090511497824564,3.8051409410477497,5.122242593626844,1.6469796244357817,5.053828787455856,5.142527340247791,2.2868891265830933,-0.2253577933282574,1.826469598069096,-0.4339839128358292,1
-0.16184566640351747,-0.16242895320803252,-0.08450198471815432,-0.32177661405697244,0.9919586050091521,-0.727163984094046,-0.32273500613379125,-0.35580767367371824,-0.3206472415035769,-0.3213812167514432,-1.2175971927923412,-0.22548840016121596,-0.09807153600097446,-0.9742170684362107,1
0.6141585367039215,0.5795779676680641,0.06611991952861025,-0.30792424948402863,2.2342195790934616,-0.4969762754168005,-0.9564493733549397,-0.10652151519375196,-0.9132619792419796,-0.9962474784780062,-0.9422687485553742,-0.2255762552760349,0.1573969237216674,-0.7747094815519644,1
0.164974600617242,0.16669052267872336,-0.07328349973834197,-0.21763407560028547,-0.2423904159957388,0.21828135393063725,-0.16776396544896022,-0.3599969938175884,-0.11523814611255176,-0.22796862313999577,-0.018026397153409188,-0.22450959173004212,-1.2092982760953015,-0.14642784714352192,1
0.24630091165128215,0.2313559494204855,-0.08948005570829064,-0.2689229455533363,-0.848080544098849,1.2112875960491227,0.5572248552151313,0.1716059461151912,0.6454780208737102,0.44612282699701145,0.5853020098815057,-0.21194824333328918,1.9943645472510185,-0.4798133871741933,1
0.9368417825983182,0.7265218860139383,-0.06679175984616775,-0.33314761899489087,-0.4619116821392101,0.2160788876456743,2.9456036638179657,-0.7225363418969922,3.1536342267330184,2.664366077975708,0.9536105826912561,-0.22561214817632189,2.673907390634219,0.9438845141406307,1
-0.12982537506202668,0.031838178877212034,-0.07168468120796759,0.1693601822511022,0.05273633666797188,-0.15969578739230494,-0.04314819638317854,-0.001384705302690345,-0.07746154603999715,-0.0020078535960155464,-0.21997483177833235,-0.2251411148762289,-1.240168461299412,-0.07572344980089943,1
0.9738088334958368,0.8129635523634386,-0.03874403746296317,-0.3579006528686187,1.5100686205764096,-0.7236150200577869,0.013092743541534071,-0.20146425416978034,-0.168744731749271,0.2282428739901063,0.09053243976807362,-0.20916884641005062,-0.4907043150878132,0.2763412907793137,1
-2.066756289161267,-1.798300002920913,-0.09239692881572466,0.3213901082480978,-0.4371469710774202,0.9719630310673808,-0.08848231933872877,0.07449464344537271,-0.02253307145803242,-0.16552086999529575,0.28171097885430557,-0.2256433193876318,0.29068073037652753,-0.5443326800862468,1
-0.0014571669122137726,0.18088625680580128,-0.0847346354103865,-0.18850419536933524,1.1194462504141658,0.44036057015438956,-0.4435769963905894,-0.05581256055334133,-0.38849617022169725,-0.5035373342382727,-0.09014634190163641,-0.22545963992041396,-0.3865440833693016,-0.5602896192533725,1
-0.49435316941602275,-0.7328629301408507,0.0372710306600388,-0.3382842575713042,-0.5468339890410252,-0.3194022949447657,-0.10544288808830932,-0.20690249252384296,-0.03400909363410204,-0.1887743798630075,0.8847144404896033,-0.21320067849825736,-1.2893188769995017,-0.7933391848137186,1
-2.371965184706699,-2.550861127292027,0.0884500022325727,-0.3132878196566288,0.08623072238438213,-0.14723772757464992,-0.5900621388213542,-0.14922981104005972,-0.5370370823909846,-0.6458518482402664,-0.4849216453912474,-0.22396159493310694,0.7709163734379874,-0.7814246692613717,1
0.3466110603439445,0.22681356946493558,-0.03704710802215376,-0.3598407254751912,1.6099375536101288,-0.8510271751601031,-0.06968059348368662,-0.2882312917714045,-0.23706389726729443,0.12933624602090707,-0.049506605284315955,-0.21081694848654708,-0.4679798251998788,0.019539539984860577,1
-3.684657293314358,-3.574477390970127,0.08508109537690123,-0.2966454419355226,1.9427852995787305,0.7796606490110221,-0.7058023284636703,-0.21446727924348286,-0.520924317544359,-0.916340992141201,-0.7873529057442936,-0.21394299302840628,0.18311152510961698,-1.8451066781381182,1
-2.451527449889983,-2.211145865925655,-0.07645945400692421,-0.03611620999508583,-0.28510019737317893,0.026252303401790633,1.0307456590389459,-0.29180418541211295,1.008266078707413,1.045143866087008,-0.1614249164817047,-0.19389063247973226,0.4857238440170454,-0.13318827670602879,1
-1.5557957471701116,-1.6670566793403023,0.05317103944610005,-0.32452316297375716,2.7466241152700515,-0.32737880465072977,-0.952879402750364,-0.20362792603430244,-0.8943894464461492,-1.0108388830363992,-1.0491021435565824,-0.2254865433621257,0.2832355284151897,-0.9888758449460062,1
2.6571855479384783,2.671268109323326,0.02050485176844804,-0.20473393414036187,-0.8326713587399679,0.12063788844535928,-0.7189221139798231,0.3598971278994702,-0.6641473241743148,-0.7752560499960957,2.0499913260547036,-0.22295671887922952,2.5994397102037947,2.840344602820123,1
-0.19753776126819736,0.008566952030113177,-0.08708942623603583,-0.21060322683547808,1.2499650132693088,0.27922883367983453,-0.4940960726025018,-0.2523765531778529,-0.4289255410695282,-0.5654042924914454,-0.2905647122243703,-0.22393501622285905,-0.36431711321433774,-0.8547989066465677,1
-0.4971000295650198,-0.28873829270431084,-0.0840015320994892,-0.19977773462148748,1.185558798203268,0.16892833536107843,-0.5174184906979323,-0.2840247455029898,-0.46266638785401826,-0.576114259302624,-0.35813080287277244,-0.22424767528086287,-0.3504090750746439,-0.8454050747441505,1
-0.7796863373047348,-0.6662783581575374,-0.08127574320535194,-0.23930362496119126,4.064241414654417,-0.284551011274026,-0.2489425256724213,-0.337040052789335,-0.2404562748632656,-0.2560396497057231,-1.5415165935913735,-0.22169860182441742,-0.9510738226762364,-1.8289477125483915,1
-2.786941997705248,-2.8377825212885432,-0.07182651068886381,0.018224678920652104,-0.3808986411268519,0.002777809326124425,-0.2318366403821897,-0.13144836098034757,-0.24282968374709785,-0.21607201317385494,-0.4576813067882526,-0.2201677908153198,0.33233231858344586,-0.34516695311898293,1
-2.04134533458755,-2.067177269430009,-0.0788257463083067,-0.21961633259978208,1.9648293054475645,-0.5512890604591898,-0.5197691749516714,-0.32987742197612374,-0.5046913029027542,-0.5314606577197444,-0.41558440816349485,-0.22553851658739235,-0.5733693738755345,-0.09109757030216571,1
-1.0323458792763835,-1.2834463114808803,-0.013259640961438241,-0.34017569213200344,-0.6782707464646737,-0.40285690232667454,-0.5394050414649284,-0.2718965781620183,-0.5432149600445205,-0.528499595244629,-0.4683752597781419,-0.21812492412949994,1.1618509234678274,-0.5578624670471058,1
-0.609084891849365,-0.8725492281346103,-0.06774117344818117,-0.32215910141804477,-0.6362738664621329,-1.1625282695353207,-0.4158779224507087,-0.21472885330581898,-0.4467548886622496,-0.37438797230667054,-0.9827376390982204,-0.22538321953333798,-1.2370509442351518,-0.06812987608730188,1
0.30163584211771055,-0.40612164673765866,-0.09052611324557623,-0.34432262374891964,0.14806276401510665,-2.2646612115741527,-0.10472823710797724,-0.4430014726424796,-0.12109818746777987,-0.08410385118431014,-0.8054637866905795,-0.2248661522725411,-1.359062373658737,-0.04685064195582517,1
0.21278270996423415,-0.2747544750468802,-0.08225866951118369,-0.36040799693624337,-0.8420217246775943,-2.3096309736879137,-0.16101664833159846,-0.3933438097118044,-0.2784324151525296,-0.02008132625790457,-0.243902137645018,-0.2068897815868412,-1.3799398892373402,-0.5946814778381578,1
0.9136257438980837,0.9695146198838436,-0.06306972159727457,-0.08213075505812134,-0.17798011215689674,-0.7609595190623729,-0.7487473161234195,-0.3718926702723241,-0.8161661112741294,-0.6600439265687432,1.353841316270914,-0.19886467574921518,0.599015508718503,1.499951104379126,1
-0.7865455286602671,-1.0588589181702253,-0.06727039034018843,-0.3328288655673189,-0.38984829291684187,-0.7996597322048744,-0.6873584789496047,-0.3736361333555349,-0.7511004416831308,-0.6037363814168222,-1.090562936229763,-0.20176153098994273,-1.4916589412856744,-0.5132730032055164,1
-1.4385004334854425,-1.4155882327404914,0.06806095652659162,-0.25823223831372094,0.2743864193533682,-0.5248243145311224,-0.8837731095996983,-0.3726639095320858,-0.8511323630106452,-0.9119449477561858,-1.2386948209644908,-0.2209541780172822,-0.53105832504777,-1.1197883077517774,1
-1.725884497278133,-1.5245949183132996,-0.07909184081194054,0.12717470224201044,0.8174510543734976,-0.12936745279557527,-0.38028755631158667,-0.4528964929277607,-0.35753892639173857,-0.4027150927678866,-0.8812881473621947,-0.22566671609173547,-0.5209568626280517,-1.072883234386075,1
0.4031300951001155,0.7813290230502681,-0.051682978050616946,0.18851117269752088,0.1766802390226433,-0.3550378782513519,-0.09330331700152927,-0.04725165534252301,-0.14913011176450594,-0.026095343286959803,-0.17450737621266665,-0.21990249237763468,-0.20234901004058045,0.1592664600562037,1
-0.25816224520896075,-0.5485019269210156,-0.03919571582853787,-0.2586233153790774,-0.33138956204805314,-0.3965121532065584,-0.48407149918691517,-0.404782115124725,-0.41831642848557204,-0.5561906796806443,-0.9256816284968666,-0.12027380638081611,-1.2582164479580709,-1.3567285320628732,1
0.2558256570008014,0.37634641063544394,-0.08172219675512657,-0.26827333118683694,0.11397747625717636,0.3497671404108678,0.4861168692143804,0.0027197285083091285,0.5111262799042907,0.45074178262925524,0.10204377027869391,-0.2252551028400075,-0.1195751960636186,-0.027715820588684714,1
-2.3766052459167737,-2.354528884020249,-0.08116264464943733,-0.24781350695126714,0.8046656412389346,-0.4361736854603992,-0.32130629383578396,0.08986326822747517,-0.2641961143789157,-0.3851189350874843,-0.7135237319758543,0.001096674611286333,-1.2951799853595758,-0.4951915811116538,1
0.39432700344743227,0.43660689429784694,-0.03258249706447452,-0.27757681086607955,0.660696064052419,-0.09237318087879229,-0.551989117083544,-0.2573314836556209,-0.5099310484689423,-0.5952446549946616,-0.7730258271899286,-0.15682433266046664,0.06739530988905534,-0.6787134397188579,1
0.914712383921218,0.4607201060260574,-0.06351067783088771,-0.338313078125676,-0.1928838919985103,-0.5465140684582531,-0.4922172161928543,-0.35429884748820273,-0.5312205245509009,-0.4402002875470432,-1.0105007553153376,-0.1888711671429727,-1.5562439046647725,-1.3440748432278236,1
-0.6299690679490078,-0.40283990304072037,-0.04012372136063835,-0.3163628678564166,1.0436495126865404,-0.09602948308612166,-0.47446999260308004,0.14079832620920807,-0.42614050930567215,-0.5260701614092949,-0.33142165394485135,-0.1709392679305568,-0.2736159355643154,-0.3316611548325557,1
-2.6084510254202953,-2.3369271681579376,-0.07573920041943832,-0.2423886890590468,0.591085982458319,-0.31305528968950436,1.1216505597217188,-0.6662593052651133,1.059855357783694,1.1815229554039695,-0.5608835620593642,-0.16558405865174028,0.18226035058233048,-0.38809923494286624,1
0.26300864051455536,-0.218634034503837,-0.08145370005557619,-0.36041254802073486,-0.8436648686387823,-2.3096309736879137,-0.15779482287500196,-0.39872796885724127,-0.2815107194111049,-0.009438001523179307,-0.2926419678765174,-0.20754034741724914,-1.3554169310408495,-0.5544924691628884,1
-0.20347283494015905,-0.1219756776048175,-0.06318052780002832,-0.17168615200683976,-0.5493842944963738,3.2258797953734994,0.20572011351864278,-0.10257193845042098,0.5286070153536453,-0.1790339980644599,2.424464030837565,-0.22252551328404088,-1.6110138798722864,-0.34150167504685097,1
-1.4678251757701812,-1.698551890432987,0.11784410388250144,-0.32694083607179264,-0.534900900534512,-0.6175609974882543,0.11452767841314074,-0.1528810058950228,0.0106951610032706,0.23611330384887091,-0.23784326139925813,-0.21968877765114053,0.5579099077726446,0.06510812644804137,1
-0.007567145378887585,-0.3162827407029331,-0.04672026753458315,-0.3179946807519347,1.3650353428616817,-0.596892983050715,-0.6801592741675871,-0.2156937676888513,-0.7670871530176737,-0.5691691486542871,-1.594534813538843,-0.22342219380384862,0.007431413250789399,-1.7125374927344814,1
-1.3636183319764665,-1.1233933473341045,-0.0876237484852251,-0.3329288861941118,0.41900008642060094,-2.0161726435458984,-0.29541657418260375,-0.173984570593145,-0.43773200876160306,-0.12340548400557175,-1.6774861997320403,-0.2256917529127416,-1.114185457605087,-0.27552792597267256,1
-0.12153237121933302,0.016681940706023475,-0.08434509023341646,-0.18944423398266974,0.12887820457403837,0.6340056004943342,0.8308287324332551,0.1499921529911288,0.8219818124272698,0.8314550234101072,0.17177022588398957,-0.2194052832358973,0.6698048086113131,-0.37000900384074387,1
-2.175219393470601,-2.17449135284907,-0.09014427497129594,-0.10406577807239692,0.6118337384833441,-0.39836913252530076,-0.28433610141503857,-0.22848972269010598,-0.3188748612661947,-0.24006973418081182,-0.6403735929301418,-0.22548998973013049,-1.3000972160832578,-0.2714212004814204,1
-0.7460250899191264,-0.7535428701676021,-0.06713850687791925,-0.1446076584948185,-0.6962221913742079,3.041008222412402,0.07244410125738499,-0.07286708032250813,0.3161545656521514,-0.21698095521428865,2.177849676172022,-0.22231434055784172,-1.8507783033846195,-0.029984876259405435,1
0.7110920903700996,0.560865236340453,0.009986935654988373,-0.3045032735237094,-1.1008081700434809,-1.4209047086791489,1.231632141788179,0.6716013994505238,0.9307404107183314,1.5733039082698057,0.633190422417149,5.8113013685542185,0.3493771139215729,1.9829146117429037,1
-1.4220431078343343,-1.7600357643430755,0.14069141895245676,-0.35219566566460475,-0.5452452690402978,-0.40984731413055275,0.14553149762833942,-0.10199918201375602,0.0556393002074128,0.2502435052912553,-0.09120067054112244,-0.21926690746271268,0.6607480651237667,0.03720945668432292,1
-0.6643987827241608,-0.23933824354157296,-0.0964526738294211,-0.32732205261044006,4.295162279632269,-0.3055356524226067,-0.18655980243308523,-0.3066032393971233,-0.2128170396481822,-0.1532582775710987,-1.724883171766197,-0.2249964555410716,-1.4402158122027475,-1.9600637027713301,1
-2.301070568921043,-2.1644892300638143,-0.07870427811581733,0.07616406225459343,-0.9039728125874511,0.30621848912818206,0.9377103469488843,-0.009587791116731414,0.9431097905496302,0.920201165869604,0.17064845417326968,-0.21819123416236794,0.6410547887845828,0.17248306226888,1
-1.4017605313593866,-1.4083574192540103,0.052140623542259464,-0.2646442792828901,0.22244515002316181,-0.47642079286448547,-0.8846161954824538,-0.37376721584418987,-0.8689861337703605,-0.8926364749354032,-1.2491667398021318,-0.2137922721056299,-0.5938465735381169,-1.1843400271256483,1
0.2617801618566241,0.47090685999778703,-0.07325246298222485,-0.29776518291959975,-0.19674058778305187,0.3642290581732921,-0.1851939362195042,-0.209846756083906,-0.1397693122097584,-0.23678377623499253,0.28326218272511827,-0.2146193977727571,-0.8425843475439082,0.07836638619170355,1
-1.879323499924878,-1.8554473871117834,-0.09106706879548476,-0.14044051933787988,0.3119113472960539,-0.508324071546028,-0.39785443238659035,-0.2835757125255873,-0.40850087643697264,-0.3805321637976505,-0.7974357490851155,-0.22559011086823474,-0.9254711026813605,-0.5010624031260733,1
1.5321243584941704,1.5850103797150734,-0.0623604383792184,-0.29250339587170116,-0.9809780161665889,-0.5101281988425304,-0.4567728586031047,-0.40042906889861435,-0.4796262696157399,-0.42429844569846575,1.5687052870028662,0.037817897490720676,1.5038779062644172,2.7708041219430397,1
-0.006331459065047219,0.00884384239337617,-0.07913372418191958,-0.01612370418594634,-0.5308502413317545,0.540789831496542,1.0028673768314673,0.24468428168706552,1.004151257673331,0.9894588486268056,0.13875187677698386,-0.2235747636230399,1.2029436025618085,-0.33097413112609836,1
2.0960876456658215,2.0677368746541007,-0.05599507808175404,-0.3241026830503933,-0.9187961029462282,-0.8990952106786009,-0.298711539980009,-0.26110870791187957,-0.3706348286557056,-0.2100094713246804,1.4646296219397468,-0.07196986939173694,1.672325526603837,3.0556111700830075,1
1.2843391656751475,0.5430447997252714,-0.06818436516349648,-0.32990832282353677,-0.011815134887694617,-1.7663952745908946,-0.2919398497727391,-0.4257568321522362,-0.3262196157953421,-0.24789000762048138,-1.3818201444079965,-0.21095845443637312,-1.5117310706326093,-0.6835637684384035,1
-1.5125271130199063,-1.4837954467064227,0.09161792772951262,-0.26673509375742976,0.2520612989130292,-0.329782640868433,-0.8261963317721024,-0.3054166747924568,-0.7646030432342605,-0.8893320699874184,-1.160828590904269,-0.21952883316748084,-0.37574616138590045,-1.3242407605029634,1
0.5050823073412657,0.2710697754689493,-0.05718521047095446,-0.34110968906926253,-0.2678410922971254,-0.7079576044790596,-0.6328394123279003,-0.36931949724504254,-0.7357289436083173,-0.5035107794718265,-1.0543210369742564,-0.1829787822374035,-1.5587008882435778,-0.9927399415390067,1
-0.6641780261545572,-0.32853736032075,-0.08764921514267426,2.0665646207940007,-0.599445342123798,0.4542696473048968,-0.7664990276423961,-0.4041952216063271,-0.7298091786260279,-0.8008554289494167,0.5424199736877912,-0.17984002646479771,0.7047202042463371,0.3481317988625658,1
-2.83036709984368,-2.630627264104012,0.12379642203126709,-0.33550758581521667,-0.46735067293502125,-0.390748033164716,-0.513036097556223,-0.28263602302874347,-0.5504846252972048,-0.46261331828377655,0.07310070039387245,-0.12280161349946789,0.49959647668827156,0.5062300083312522,1
-3.3922200658772534,-3.0967697702525507,-0.09437703792443228,-0.33289959124502144,2.064454069401541,-1.3864650263002711,-0.16353775675804144,-0.25985939065757424,-0.2881526594649983,-0.014048385050129633,-2.162569747289556,-0.2256435669836025,-1.4374244096675741,-1.8155666637538288,1
0.14656249999525955,0.1866022715243698,-0.0756216087096114,-0.24645141356467387,-0.22730769975160964,0.29038189541604414,-0.16894751401979288,-0.4029561317562451,-0.10574174825006274,-0.24178377165909146,-0.010441902365823347,-0.22432053779742345,-1.1951074823423806,-0.2178783464202258,1
-0.7810771690674551,-0.5470540930403475,0.006569934185297444,-0.34954382876027745,-0.5058932128601665,0.07888025266161389,0.006811369325506338,-0.23411952461609759,0.0017794956650171584,0.012688633600575133,0.48800349282465366,-0.2085557233214478,0.7038685783590427,0.41218294880983464,1
-1.0140889997415525,-0.5387759982301371,-0.0992685655493209,-0.3460681216316443,3.9793902826841028,-0.3470767932530927,-0.20367841572907924,-0.35435863119423294,-0.2297387310139049,-0.170407126915998,-1.8070254405291275,-0.22563029129115042,-1.4633037883408342,-1.9871570320523064,1
-1.0804329076654389,-1.2989186440063045,-0.05751168392154938,-0.3255750750625934,-0.206810326825416,-0.36921280354155184,-0.8431394988047102,-0.4087227501690862,-0.9245216807278107,-0.7367837511024368,-1.2098413218270363,-0.1793508012762925,-1.2350021391566117,-1.1949139947682372,1
-2.89760881538766,-2.630649626145344,-0.08563894246652991,-0.3371206784784057,1.6371405806349613,-1.5258192023778343,-0.2729670284450054,-0.3211553490339692,-0.39517416179616893,-0.1250313717023424,-2.1284452838588486,-0.22565176578648896,-1.4605221316496353,-1.4434451915796362,1
0.031082298012669818,0.10354512831906443,-0.08469563549784057,-0.28059118354409895,0.004589879192385321,0.3504328415364156,0.4668098791655521,-0.5879543729589828,0.4813641937135865,0.44404305979479863,0.17626988967397522,-0.2254335257182519,0.003330614912999408,0.013749762023862383,1
0.35726503221686534,-0.5328485220549728,-0.09226395789786715,-0.3452412989228172,-0.07082643717011872,-2.2620555397585616,-0.035347916416248355,-0.4509320619406233,-0.03453004912510971,-0.03589728851862818,-0.5519806211193006,-0.22173827947204225,-1.3813324202578405,-0.22469739875673841,1
0.060223323398244766,-0.04192227046332431,-0.0691277263738551,-0.19983225414469596,4.311641458307726,0.27059967985607264,-0.2995038919572483,0.45629650571115116,-0.22976663754063292,-0.3785261214851786,-1.088679368000506,-0.220370525127431,-0.7352900701591055,-1.803917689562105,1
0.2770373243637484,-0.288767600720624,-0.0533931496797855,0.547874357981986,-0.46662385965394,3.5712065290026223,0.25514141788990796,-0.23166481934273553,0.5965663999140356,-0.15214863384754873,2.751091194430896,-0.22387504638064115,-1.5153188274928784,0.396159974243016,1
0.9759389144131778,0.3663068061941828,-0.06860940527298909,-0.33412028065114907,-0.09485338862922413,-0.7356292086659546,-0.39701438735324834,-0.3081116013393168,-0.40274518615873994,-0.3855224649232856,-0.9467113201049864,-0.2022608630423381,-1.5038527310618988,-1.1284390032028142,1
-0.17178206768164253,-0.10234108957929665,-0.06786744322972069,-0.34997951057614923,1.8494285422104868,-0.7028231267605713,0.3680241359146399,-0.1352381717320921,0.3284577107380521,0.41051022008656685,0.1882698417601307,-0.2217209645927008,0.39808234779007257,-0.5499098090589343,1
-2.291330743906491,-2.229643523282729,-0.05761381163442721,-0.22709368164500637,-0.05058316616500469,1.6689566953807398,-0.10670730760897668,-0.167606052935259,0.051336264534432186,-0.2925744387328083,1.5080312035743553,0.20308849170018192,1.6277693167832021,0.5418433956313023,1
-0.9238792218645867,-0.9058161154772063,-0.06307356581685447,-0.2812985275752766,-0.2884636419355311,0.1850438267194944,0.6306434137156918,-0.5945287420504842,0.5890730211391184,0.6723891211751173,0.3405001596990632,-0.22561598540029695,-0.05508396663314713,0.2868196984724335,1
0.349954165045673,0.7318266311649573,-0.04334771350670042,-0.10469499057378373,-0.3077600579867485,-0.2725885105917923,-0.21389411794942648,-0.07102782308573,-0.3084493033277646,-0.09940012383414898,-0.05084737053095434,-0.19285147727798305,-0.14973750033734748,0.22710591941157676,1
-2.069666201238481,-2.2801283909894368,3.2063537063223437,-0.3383929913547391,-0.03703205034192342,-0.3535699745452896,-1.0233976330564138,-0.4230212474126075,-0.9581008569369656,-1.087981000615041,-0.8256190338657828,-0.2259189373719263,0.9109354478659418,-0.7826734660135747,1
1.7194479572085402,1.6470400416435718,-0.0861956248027918,-0.047923526401499175,-0.20649292384768153,3.257074476149799,5.122242593626844,2.334410961838275,5.053828787455856,5.142527340247791,1.9826272139682353,-0.2253504058855235,1.8326019941196625,-0.23422130719710332,1
-0.7712652260066432,-1.0391772001687873,-0.05862926916164496,-0.31210185829871234,-0.2823733286417882,-0.3833413285626968,-0.7136670446288683,-0.44883442986661404,-0.7656681156668448,-0.6436349223807306,-1.1522888870176053,-0.16886427844995947,-1.466816805130636,-0.7778318253599515,1
0.5415598194920764,-0.15303258617705773,-0.05013651126267261,0.7096031481195552,-0.4149041218555539,3.7229680439871453,0.2991186270079518,-0.2707115027773067,0.6693535674606201,-0.14280528414872756,2.9096734739740984,-0.22425049023994909,-1.4387573576432164,0.48064473922586576,1
-2.3416667108403466,-2.3510708216400227,-0.0554191044063317,-0.34097083528121,3.1661357288473697,-0.11876204233525534,-0.5698786103145971,-0.2599067341904988,-0.5634399166374514,-0.5707468269597864,-1.6025633668230865,0.19878229709923737,-0.7824521085487766,-1.9622449314188588,1
-0.3959453310306019,-0.19195449735962866,-0.08508856502351131,-0.2081265270312218,1.219480774618259,0.2087679601388039,-0.5135728272660044,-0.2582020922504051,-0.4549267734295619,-0.5769248308268405,-0.3325360435982249,-0.22408215489252792,-0.39177254807391304,-0.8617214462811137,1
-1.2550029718464322,-0.8836832731372231,-0.04675062654238682,0.13628159594137224,-0.4113510866943205,0.2671526973247392,-0.7343490394328329,-0.3691534543332609,-0.7124057223997438,-0.7516258722216941,0.2887633671089802,-0.13914566173105058,0.4290141017317156,0.18117603247568348,1
-0.21186405397220415,-0.2656071504173989,-0.07514853657549014,0.10450290985986915,-0.5086716504793241,-1.0837701999646305,-0.7688095179548635,-0.1749291910468197,-0.8112021108454968,-0.7095006714952379,-0.7548170832251146,-0.2255345750667511,-0.8072068220849955,-0.07713842340570104,1
-1.0721633376225816,-1.1793916163592502,0.054166339582510034,-0.31713896204278436,-0.25981689104653255,-0.16879213099380116,-0.8445770653951742,-0.3647493155742198,-0.9001823359252172,-0.7687255237275712,-1.3816018139690862,-0.14373771528438367,-0.4851781473900114,-1.6700414556269407,1
-0.7805791909529043,-0.8565266184433329,-0.0708565155572952,-0.2916398021045197,0.7502883380601685,-0.6214958385474996,-0.4738210817193717,-0.2540034253327077,-0.45837367518935224,-0.4864947980961527,-0.9049742356472854,-0.22555528202088654,-0.09993277840233022,-0.5209950608132907,1
-1.4195199705116828,-1.1031976713845906,-0.08551877999295955,-0.23234445690476388,4.180234102942423,0.26923370763453225,-0.2855058869467215,-0.02650827417187729,-0.22387310872831098,-0.3550979186980163,-0.7323441965458367,-0.22497645575124875,-0.9821178579083387,-1.265637089982617,1
-0.4658086551063428,-0.09035643577592771,-0.09310166596205063,-0.22324250066836895,3.8198771835107688,0.19936274319258554,-0.22935276647139244,-0.1439693883077896,-0.18748434157200633,-0.2762084013707593,-0.6187038965093471,-0.22549474285113327,-0.9683002255643882,-1.0451051812213312,1
-3.814572918542006,-3.7109013721988067,0.9920609028559606,-0.35844064187614405,0.3151670070204521,-1.362874114316916,-0.6021974314101393,-0.4523414027496755,-0.7143271910654497,-0.46229111277684315,-0.4132498282665789,-0.225927553189888,2.6370133749116236,1.0160743089776574,1
2.2438495419735642,2.3670286327265884,-0.079731531630095,-0.15701217529032194,-0.18399765936449758,0.5449960211927016,-0.3811365377090871,-0.122154370811271,-0.29926497419004955,-0.4735587386613736,1.3823293129861849,0.13354280818194686,1.7304105425214025,1.4351639830081064,1
-2.0699727663510807,-1.6211707621593006,-0.06537615903714337,-0.23406510698607302,0.03433249328319302,-0.9025658350252777,-0.1829547530053665,-0.16164680386914418,-0.2990947884815624,-0.04326990331136072,-0.2830839581785356,-0.22484856271543346,1.0400788861421235,0.5494009873648817,1
0.2366592559012024,0.4584726914137239,-0.06818603987384478,-0.3011567652341602,-0.23067436012625414,0.34179919700557737,-0.1721000721603242,-0.17921353968942572,-0.13952277774963104,-0.208633203247791,0.35114801332290757,-0.21163038845772353,-0.7833875488632208,0.18488780085071926,1
0.6438645356386289,0.5981494873980059,-0.04180180704563792,-0.26281187746940726,0.0031839827504485108,0.39820411716951976,-0.192781678140779,-0.21341767722518756,-0.1334184363080811,-0.26078564246771113,0.22629597823962094,3.2585482918016697,1.6621831581453452,0.3981945237940865,1
-0.8538079521572078,-0.6991925600512237,-0.05317133732045606,-0.1938334631635989,0.17430660731400643,0.9027695747183622,0.5449737999848773,0.13814368011165878,0.5158203291195036,0.5730327631584852,0.7238939996009552,-0.22228908708017578,-0.5511226862232843,0.26478975140549976,1
-3.1677208746716183,-2.9469353290646163,-0.09251453937464571,-0.21234077437295176,-0.06785482573683721,-0.24942418364493257,-0.05132232993885011,-0.11661263113738901,-0.09692178375911362,0.003278265374468181,-0.8469817571459175,-0.2256371356800587,-0.8759387079099028,-0.8424220369884788,1
-3.1724206799777726,-2.8757951310486782,-0.09359639178565773,-0.03683785144712837,0.2664085017554904,0.19373837187000453,-0.19549429382924294,-0.38993305695671376,-0.19282690136441627,-0.19633517130773853,-0.5882504024835533,-0.22563157929126923,-0.5827771837869662,-0.9398431170410864,1
0.4413396613128377,0.21198231190601152,-0.0572729548017397,-0.3406133802516883,-0.25931003385864076,-0.7860241535283701,-0.6378574057562112,-0.3612236783405563,-0.744986584686008,-0.503449317322267,-1.0490318910570073,-0.1851208550975897,-1.546301058082692,-0.8724158788749077,1
-0.0888241795444357,-0.01864769294349522,-0.08353366821483663,-0.2988306740589561,0.9289422377952411,-0.6220388925235765,-0.3638935980428077,-0.31243353665925633,-0.3588424711363163,-0.36556068024960614,-1.2194572962076227,-0.2255499051034607,-0.1206856212462249,-0.9551968306951772,1
-0.3149674890376227,-0.3103794765127847,-0.086003711157883,-0.33413548407857047,0.9340991321339437,-0.6918744375855799,-0.31438397549288705,-0.2578240269635787,-0.293644362164598,-0.33521397274892645,-0.9864635594388335,-0.2254119949311449,0.026745878697278597,-0.9611288976788699,1
-0.21797237996876773,-0.12874904723439667,-0.07848076306263718,-0.27160682104794387,0.12063039124980551,0.31126015045185157,0.5086153836957115,-0.21252336146951967,0.5362463371360451,0.4698695443597464,0.04689472982308826,-0.2250973392750488,-0.22780943643605617,-0.18702087577391843,1
-1.6084262545891905,-1.4316359062289294,-0.07601215131052116,-0.026007327193182217,0.7321960930155006,-0.22258383975519952,-0.358492078224553,-0.3677456552010332,-0.3251921787039527,-0.3936712558523295,-0.93731899391816,-0.2247713790007696,-0.3467300649006292,-1.0136938412214744,1
-1.5282920228463384,-1.7862017996282948,0.10649873916404703,-0.3464041052798703,-0.5151192389986889,-0.13712218068866486,0.412287039678616,-0.08817613403953221,0.41104762977999565,0.4088671712758457,-0.12531862242612,-0.22020995200213767,0.23809683268319687,-0.37945772911768977,1
-1.1669106818530166,-1.0794328159891298,-0.05824948158237668,-0.31578613682910434,-0.6856283673285326,-0.7332038947058822,-0.361236383775817,-0.15723033275198955,-0.3440926708449627,-0.37725323683365675,-0.6969961654020251,-0.22442573338845773,-0.2748838990458375,-0.006064419151117745,1
0.6376346809005501,0.5846379571440689,-0.037306789662528726,-0.25557408150465394,0.20801078146000374,0.1993995930380722,-0.28974633478600414,-0.1725570064183633,-0.21297375109877553,-0.37721444153920664,0.03657649788428951,3.0354024758066958,1.8960965513753207,0.21043255817265458,1
-1.9639694370474947,-2.063754291953523,3.2063537063223437,-0.3351789036287237,-0.05817367055220046,-0.12312730733967725,-0.9813692098474671,-0.4210472597536078,-0.9235017748563036,-1.0377039394532719,-0.43146614365402247,-0.22585353016105708,0.7919305774026494,-0.29494595919417055,1
-1.1570231824852173,-0.7299123331162665,-0.0902551429371947,-0.31330329965389075,1.9577948095832578,0.042552754207283966,0.017158961769637486,0.39269570870303533,-0.0007375262417766253,0.03814595632159527,-1.16338087706091,-0.2256753361444086,-0.8838152464794062,-1.561999782704884,1
-1.569975323234387,-1.5885616337884696,-0.005600393765628542,-0.35125251579179173,0.7182968651638957,-0.0954309922766996,-0.3757372506373466,0.07002621704815201,-0.35764710022896307,-0.3927028380967628,-0.9449605853896841,-0.20495805120833502,0.25407454823313247,-1.254097224184552,1
0.16597534181698248,0.3239071734185732,-0.08200597197127005,-0.3152691151187522,-0.14507508980133746,0.49796003237058234,-0.16758175680853835,-0.39468862160752455,-0.0783158962954755,-0.2712907563689479,0.16098510873416658,-0.22376204024386026,-1.0898466004982768,-0.21571057881763342,1
-2.2495651115348845,-2.0692208585791385,-0.06623603776263232,0.07650698340213002,-0.8948566602656638,0.20695754202587122,0.9308853449599284,-0.007689994334834305,0.9389488991506405,0.9103026198499238,0.09617288240907251,-0.21790780431774337,0.72561211027444,0.09567613670196251,1
-0.7216468085989112,-0.6548918449188555,-0.07713959216177746,-0.2970256938939953,0.6933468053297959,-0.6328761799469422,-0.6731572133555298,-0.142189907440253,-0.648411311918511,-0.6944778461272954,-0.8662007967943468,-0.22555770120023524,-0.47418582660790054,-0.22894296941480108,1
-2.5308778299429124,-2.673018172105926,-0.01696713056905365,-0.1719778607275077,-0.16601028654549477,-0.1841134453955357,-0.45584746090027434,-0.1494227258833632,-0.44692083773139385,-0.4610132852278058,-0.5306642382763173,-0.222154828817043,0.3834624197132235,-0.39140629424344126,1
-0.7668538137040014,-0.8471137226549392,-0.059579419057268365,0.10035271254580364,-0.5748060010644866,-0.6194816804451386,-0.2212897166029596,-0.40253947320693007,-0.2456213999401135,-0.18985645026829867,-1.209416803774377,-0.21846462524549748,-1.4453009018038796,-0.9646899309842292,1
0.12450302443718556,-0.03395599106969178,0.05596179901383366,-0.2759037468453991,-0.030628680862761947,-0.5552634603589249,-0.6570136136582412,-0.14043243555352886,-0.6713327381015315,-0.6322705297087033,-1.2389587151072772,-0.20651156553849456,-0.30330352515047043,-1.3801369436230335,1
-2.3631790363126894,-2.130546369938686,-0.07270724231453246,-0.343445578349642,1.2371375700550227,-1.7967273203059693,-0.4381291091059799,-0.4124043991894915,-0.5467091337522171,-0.3043707912450515,-2.0667596678936033,-0.2256743957356738,-1.4630078288838742,-0.990396186309384,1
0.539501296595498,0.4311914798851923,-0.04917735095254843,-0.35774994544266675,1.4284662503924814,-1.0701399858765606,0.014861167854585688,-0.2680383876996855,-0.1889338791973951,0.2559892789888922,-0.05067711017605088,-0.20941319370701628,-0.4694185251486321,0.3702530323059094,1
-0.4977036616833548,-0.42784669419952875,-0.07510598549844152,0.596778356655284,1.3025581711311764,-0.28450425477292474,-0.8981648532874797,-0.01645389627426283,-0.845057936302934,-0.9503991315265116,-1.374777482546401,-0.22474246064238926,-0.9569088939936927,-1.651377597729488,1
-1.813830937943883,-1.705997040648888,-0.09072977703946578,-0.26694196802031084,2.8367945784190813,-0.5354587871165063,-0.44904094620480706,-0.34777619245555047,-0.4367847798648087,-0.4582298152933569,-0.6884602022585403,-0.22568012578945354,-0.9478860760544836,-0.37198346664713355,1
-0.27296063642258533,-0.5957265275373198,-0.056541410627869965,-0.3188122952733646,1.290285337039729,-0.43621011203059606,-0.6309688865667006,-0.30051522664107305,-0.7240289618031855,-0.5133010314382044,-1.4325255587158479,-0.22375377986873593,-0.05446966067659101,-1.4941961844505751,1
-0.28891237851432056,-0.5430217040345763,0.04936575525199913,-0.3440997415628486,0.7220450407841106,0.683364824335342,-0.7539674851593737,-0.32747288759096416,-0.6434042157642871,-0.8759425369542009,-0.24333871335621923,-0.011495503166972246,0.22841401740407433,-0.8460903570829517,1
-1.340616140486682,-1.1810451137537032,-0.0656216326562875,-0.27261696048346473,0.4818132615616054,-0.3870591349390489,-0.41616049352251894,-0.20062243467148067,-0.379735403594163,-0.4543564426565654,-1.0737078213392088,-0.22428247405664048,-0.08355899626614037,-0.8304038698136564,1
-0.6782436491752908,-0.7380023675411701,-0.06744749929233065,-0.18828344410423684,4.311641458307726,-0.23738937872086444,-0.214961022938509,-0.3375360415242591,-0.20270755809646432,-0.22692155945146716,-1.2843658007784835,-0.2195552074876257,-0.643652795424029,-1.592565467432121,1
-2.0808587213988265,-1.8346263567681729,1.734429655517622,-0.3215873118973984,0.22349080526572107,0.26203874584087883,-0.5676236939269852,-0.39820501702911926,-0.509993498341418,-0.6291321286843652,0.46452131454542567,-0.22499894220238728,-0.24655737065369288,0.9600209072555597,1
-2.1870623120840063,-1.8361418791409454,0.6029568209631587,-0.3446765290465563,-0.2560817238741092,-1.0640826749505954,-0.2377410928806304,0.006873546294123443,-0.3526397236671543,-0.09887667637329554,-1.1349340630927685,-0.2256496071573889,1.2560682481952716,-0.43336520882645263,1
-2.108132970499047,-2.2801720942554597,-0.04712216655870549,-0.32250830952163545,2.749170727097951,-0.03855071189531012,-0.7141389701555229,-0.198559758871757,-0.6869955934239648,-0.7378125302045683,-1.3660097182689466,0.46910746219823063,-0.5509441296450674,-1.8112029575953268,1
0.09458386325135815,0.41702799050437644,-0.0858434324932728,-0.2703783794913804,2.811344527254079,-0.4996451879217611,-0.15057404337203428,-0.1191147952485897,-0.20638988561540583,-0.08270013059685466,-1.054038142771404,-0.22461370283405757,-0.20203517078156227,-0.8944046725141981,1
-0.1812490615473688,0.024865676020527916,-0.08767941137659638,-0.21133806731898613,1.244698937140147,0.36418580314076987,-0.46843450379524537,-0.23171295887228202,-0.39936822853456083,-0.5446596947879527,-0.24617582454065992,-0.2239649963986258,-0.36392684070066567,-0.890695831839875,1
-0.005362642060951106,-0.28039199368308854,-0.014638007410270555,-0.3168744656864781,-0.9025928839675037,-1.253040653018768,-0.7251818905365381,-0.23948376976559482,-0.7939195712780399,-0.6351962224944749,-1.1924664217548413,-0.21902202803542092,0.10628225402526681,-0.36017499084190663,1
-0.9423619352761001,-0.6819487243292295,-0.08690184752916186,0.7596914842176976,-0.3211157498346422,0.3397386607722866,-0.9325752692583626,-0.40760871546093524,-0.8672869495037977,-0.9988250693553214,0.4172057298494463,-0.17336636824358462,0.6560235150464706,0.29331701366564655,1
0.40276291573117573,0.5634490811055887,-0.04591636153766552,-0.3365431663157011,1.9161711117448186,-1.1639408572576075,-0.1423905096210535,-0.22096244157107003,-0.29042543251385844,0.03457873683429816,-0.41717388984674675,-0.21475637671475314,-0.4275657041477496,-0.3065569866767325,1
-0.6753163890893532,-0.23091363337961396,-0.09449641503865124,-0.30015467961761993,1.525159732376677,-0.019812311857166857,0.05395878579667366,0.2727030795488739,0.027893561391588027,0.08418176482619634,-1.1836041044126333,-0.2256741310211883,-0.8226586638698364,-1.5134432523018153,1
1.0962671210768826,0.850820309457882,-0.05656140747773878,-0.32673506811533193,-0.4964171990465241,1.4030589089559262,2.8343213621636476,-1.3801039355530118,3.2370414890048997,2.3238800564235196,0.9034783019535303,-0.22560608217538064,2.666224230411319,-0.18897088474073823,1
0.2925783038433732,0.022963887928416922,-0.01530146989130262,-0.30075820389159275,1.263722599918893,-0.8480845813452674,-0.6868987694771764,-0.12902965013720843,-0.8143663454845163,-0.5278275729564204,-1.686192510219132,-0.22213763120412275,0.009907846628345499,-1.4539969756340516,1
-0.5159424244394152,-0.5838238508285432,-0.06627775056684614,-0.18985004282615406,4.311641458307726,-0.15689704423044368,-0.23166425310359623,-0.25824834195766594,-0.20472721017634846,-0.26081292866773376,-1.265139651535782,-0.21993239735504055,-0.6958842711610354,-1.6004471743999533,1
-2.0238951689220848,-1.9529064801201974,-0.08375544850517908,-0.28400298837567434,-0.3272115035319577,0.34299752720364673,1.7472024700996667,-1.6419431938912792,1.7191566646489158,1.759698254365884,0.27754305553310943,-0.22562765381136085,-0.0889494343537729,0.10727595257766487,1
-0.32721708399466254,-0.6531973000913714,-0.037369311574670716,-0.247987692252771,-0.3559904657664514,0.010758775747033322,-0.4710291025466669,-0.42351907808533373,-0.43743214163225874,-0.5052259631574696,-1.0556946661638211,-0.11976246447488746,-1.243934618346633,-0.9634930443962237,1
-2.5068991823307636,-2.2606276119275117,0.14003945763389425,-0.3395420727794499,1.4327953000238038,-0.26437267346423543,-0.46029641626924817,-0.35763475225645025,-0.3722267543215821,-0.5591191094558648,-0.5122799409574427,-0.22390784391324092,0.07295405321948056,-1.2057044303953157,1
0.05722216399877625,0.2533458993299854,-0.0903300782789455,-0.1645182077290148,1.1372226803278802,0.3859090632284502,-0.43982315291360763,-0.1439606761376528,-0.38028322884218185,-0.5051078015443089,-0.11640864546580029,-0.22436087141688685,-0.37556476669972017,-0.6564360995947057,1
-0.298908775207973,-0.2951077169662676,-0.08902100255724946,-0.2986235610125518,-0.15037229368516858,0.3536981847397948,0.4405264509481914,-1.4425699429544736,0.43962891337076077,0.43636702739457506,0.2841175464034164,-0.22562094173057215,0.18388434392277972,0.07055828160097119,1
0.61101170246002,0.8264996259365802,-0.06851719614034343,-0.005098884302443263,0.4396898892431539,-0.49187865977416106,-0.187408517928232,0.050976756679556944,-0.18869735536089727,-0.18366085838124424,-0.4057497895924763,-0.22547282773332833,-0.02364785465397995,-0.15529745314605775,1
0.05374134589268462,-0.003240374283710091,-0.01446698678350361,-0.28381475995830596,0.962357134308568,0.06652915424733805,-0.6623306387060272,-0.3068229590504637,-0.5937975035430443,-0.735626049876937,-0.4531477138598758,-0.12956925332651703,-0.03029813007091728,-0.647121698214528,1
-1.7625108927736965,-1.764144982284414,-0.09147222358837888,-0.1787687090954333,0.33963640722691274,-0.5446388953857918,-0.35541274747800083,-0.26443333294452864,-0.37206844810637907,-0.33147831510262415,-0.7833937505383204,-0.22556345740818148,-1.0390953011690767,-0.4296301334091781,1
0.9620334441162183,0.8557834855751325,-0.04120820434031237,-0.3065970381557913,1.4838143912495843,-0.55966700003049,0.01583835956379955,-0.12041257429510474,-0.12992735055119742,0.1882450352811369,0.035080746286813985,-0.21255663647800926,-0.5904512412998629,0.16068397989656166,1
1.9661271423105111,2.0434574561198944,-0.06408844842846012,-0.27183740925565675,-0.6789155877792782,0.02699753167677288,-0.4333720829096941,-0.33451265163320554,-0.40678961117399814,-0.4597098112348531,1.657435860311323,0.07049351170328681,1.5350325909702112,2.3373194032232845,1
-0.20876019631623075,0.008650603662901601,-0.08721689445716728,-0.2967472081596002,0.45343929676471306,0.6050307248918645,0.7670277565000686,0.5811095661925716,0.7441961404201312,0.784968998005125,0.17076778761768024,-0.21599283481187107,0.18409593419238215,-0.23722049119405636,1
-2.946276231929402,-3.0114673496096094,-0.05740687826477702,-0.24316213238305623,-0.7053978965355823,1.8880307359397028,0.38306012382892424,0.38385022201021846,0.5597191055432045,0.16934547178454565,0.7516024404674653,-0.2121683381333667,1.7384974552632506,-0.6925950951321795,1
-0.844069157033504,-0.9626106483367243,-0.06336328716413678,-0.023116954473592244,-0.4808571202560288,-0.6635769365861277,-0.3967638734395445,-0.4183547085405017,-0.4405249528773695,-0.34024502597753337,-1.1978613561411309,-0.21395789995654646,-1.4969749541385817,-0.9100847328778586,1
-1.6806142334364382,-1.5972731081931781,-0.08931859792850878,-0.08171345029269006,-0.5616609809387876,0.5564737178915995,0.8562017712796464,2.5232064049376803,0.835366950734499,0.8707215993435126,0.873882967618497,-0.18880944898996196,0.18770503868609023,0.6970707831767063,1
0.04896723330171285,0.34591443205949535,-0.06454530769576618,-0.26614874987781606,0.6880243895996694,-0.8013731509706992,0.19052475279198514,0.3801300891571168,0.11516822470475935,0.2774923813660975,0.5174106016509658,-0.2155495017913628,0.9560475096655343,1.4710572315773367,1
-0.5025180564132148,-0.2840343306990486,-0.0723221851951673,-0.18484520720296782,0.64565746490186,-0.41686550097043784,-0.5465380313560716,-0.19010844443275657,-0.5362179088685741,-0.5522787556400861,-1.2070851140509393,-0.22573021163578227,-0.14839789794920444,-0.8326462628439658,1
-2.4145394971222545,-2.605955824961767,0.1213736984786845,-0.3192230200523929,0.1190190282812087,-0.08665085756521314,-0.5824143342303184,-0.15500248140045142,-0.528634756007242,-0.6391880977525808,-0.5508686050985683,-0.2240447256979666,0.8191976808551495,-0.774727805576486,1
-3.814572918542006,-3.7109013721988067,0.08545656556128116,-0.32033932855219244,-0.57818122407488,0.41355307890377585,0.15257024800666713,-0.38121402502844354,0.2427526691789047,0.04398079638236349,0.06414629893395218,1.7484930947695745,1.1491356274434585,0.20105916992838835,1
-1.1798355915295795,-1.0745501845200522,-0.050677173828183285,-0.305678958133441,-0.7283403558627272,-0.3777369569964427,-0.44575118164203753,-0.15626848210830707,-0.4121338705285167,-0.48027179139008425,-0.49029697505018216,-0.22384348249249553,-0.016297073573801613,0.08639523099973426,1
-0.51113234649731,-0.5872895618699755,-0.06275206291450013,-0.193307899612863,4.311641458307726,-0.20720136926478416,-0.19585066431731835,-0.2450989875129509,-0.18254032524291455,-0.20928913762700543,-1.204284291494149,-0.2198452962308209,-0.6717682261836491,-1.4920963787210995,1
-2.6746850289734905,-2.3549525918669287,0.0656641812789581,-0.31516519272464555,-0.3004037182429979,-0.5758693706629493,-0.4494213415014623,-0.2197609154101729,-0.5114189902180994,-0.370685196367597,-0.019557672282952965,-0.15415551959669768,0.6163747175115057,0.5586865273167534,1
0.8363563858029132,0.8407378027995981,-0.04110511488533054,-0.33611416355858453,-1.090787394255683,0.07476222706653916,0.7636537731795676,0.11545864679871971,0.635514316880967,0.9063251495283496,1.122985525367921,6.08511903883928,0.37299814430762424,1.370761369107839,1
-0.8074328237359694,-0.7170959568579789,-0.04565225297713721,-0.30662836330630416,-0.7584312757199536,-0.45286849065545065,-0.38503839000178014,-0.2933628831916331,-0.3688508086970458,-0.39964097447022084,-0.1925412170088523,-0.22387147950440675,0.20352266509112846,0.670875736920994,1
0.07324055519154687,0.4052953519463448,-0.08994252767063007,-0.26952632898518486,2.828338302593775,-0.5004520650761914,-0.1307172266699498,-0.120358195452749,-0.1892778166988374,-0.059828774831380854,-1.059040625285623,-0.224586094436688,-0.2154540242222429,-0.8987324407730964,1
0.04200005839766069,0.1944324581799163,-0.08214739880451462,-0.3041541893249985,-0.14230335442140024,0.44847483960269896,-0.16249104731259664,-0.30106704388195404,-0.07649548827086654,-0.26238818136664666,0.14531929453077794,-0.2235840376914688,-1.0752083772642886,-0.18420079252485477,1
-1.6136596483246635,-1.4675309911976915,-0.09226404709672364,0.14325553232454702,0.48287047522934856,-0.25186002356744125,-0.4809494804188339,-0.36276165915498515,-0.47759717687594094,-0.4792174427249386,-0.5189718887840474,-0.2256761397952482,-1.0594341530481506,-0.5635609022677616,1
-1.5702896339934866,-1.5622551641734232,-0.09444077621636697,-0.066960539280698,-0.5095246691861152,0.8390694157896875,0.49487748319236574,0.5629127572581726,0.5188834055216874,0.4605867293048227,0.9533393769328495,-0.22558746741345884,0.18211566991224787,0.5360067281139025,1
-0.44745727889552567,-0.14336027925193967,-0.08641876813643301,-0.14562395135812622,0.8358368721309046,0.6202920987568674,-0.2051481292088974,-0.42104567422245404,-0.1280480347771646,-0.2940068833019009,-0.17571696607730433,-0.22515187666525832,0.5366858742362972,-0.8426960125924934,1
-1.554633708321072,-1.6722683705913741,0.07845453416833582,-0.34522088920680283,-0.26443664685406815,0.4566364656881342,-1.0440203667607888,-0.28150692218670487,-0.9134733970727067,-1.1055620383246232,-1.0656707764081501,-0.22577096306916294,1.7504189045363119,-1.7164669007082494,1
-0.5352512231313126,-0.6098555023774872,-0.06307615941404106,-0.1929282548835148,4.311641458307726,-0.21689503522517245,-0.19493131521243087,-0.2573464344140125,-0.18319776810623573,-0.20651368043822288,-1.2097362988625364,-0.21979347398398605,-0.6651110000697105,-1.4955989497092932,1
-3.814572918542006,-3.7109013721988067,0.8815990709621264,-0.3459424306413129,0.32312937781903084,0.23340856482772138,-0.4022771031736617,-0.22915433569486482,-0.35226471977193075,-0.45672571611175494,0.12770061552355821,-0.21587142657383432,-0.05803775906327455,-0.019514167946783123,1
-1.9588334869407533,-1.5390850362554471,0.03032043520303518,-0.24683247383349805,-0.0006191482674797189,-0.9381898268377431,-0.13140608967468742,-0.16881867824770386,-0.2534463277863205,0.014653840739979121,-0.40568585174811145,-0.2249493259034836,1.1914038967264935,0.4090079915693241,1
0.5968481844906306,0.595292414558974,-0.047096615060986516,-0.22697304876369806,1.4700763469804148,-0.41460448269998,-0.012834676379420158,-0.038284773862005045,-0.100037897351801,0.0905707673542546,-0.13117001791538668,-0.21857347577911238,-0.73155837487206,-0.1064297093021565,1
-2.1676844841492677,-2.0507724258928164,-0.08880377902287967,-0.25180356060524234,0.018329822978880417,-0.4730276406354218,0.675857738349924,-0.018960677204316045,0.6627244480596874,0.6833964028824472,-0.2668702037861468,-0.21953050166339672,0.6520294006579536,0.3765012783285254,1
-2.003368855015075,-1.9931955099414937,0.04093825931514167,-0.1490002906644986,2.1273546354053714,-0.3225141141961442,-0.926595467548021,-0.30002024343995004,-0.8560452759525053,-0.9991464931802769,-1.2835519616360185,-0.22532140318195626,-0.26436784710652544,-1.4558120640855159,1
0.9492373422475251,1.0198070917656128,-0.0647178538545505,-0.14423077172792115,-0.2199201232241908,-0.7427636536897463,-0.7926694936444607,-0.38284098654022247,-0.8559862056073333,-0.7083025218734516,1.3624499035543969,-0.19788811146312194,0.6831704511857162,1.3859407474950491,1
1.0283842851140643,0.8016218914349906,-0.06541645363018167,-0.33669000724487663,-0.2636526757576285,-0.8760443338596282,-0.7423040779451408,-0.40069251515557414,-0.8479636287110168,-0.6083979604172044,-1.0805173269777015,-0.18852944816572087,-1.5912150065500958,-0.6800675973400412,1
-1.135209236452594,-1.0478631839113033,-0.08120882608877988,-0.2982214937253119,-0.0341974190133697,-0.6066467369978729,-0.5263308254195836,-0.43077137260713994,-0.49103897813955766,-0.5618789563437273,-0.7520482050043172,-0.22427706614587098,-0.280979642653683,-0.18011279931876986,1
-1.4721622157957355,-1.3323903389600444,-0.07222886965659664,-0.23550691911167465,0.5962491646659674,-0.3621019413758092,-0.33044125003201996,-0.2542554413935575,-0.2849687963072022,-0.3803659100050712,-1.033482210194467,-0.22361430624216466,-0.15235652032081964,-0.9509348024914457,1
-0.6705413890677687,-0.6732144105225647,0.0018129633465721964,-0.34844347105003926,0.17351317304347447,-0.608547352055236,-0.664961436849529,-0.3114660780329474,-0.7883226044600598,-0.511012501302688,-0.3087552776409779,-0.16903095728135734,-0.9151563625783078,0.2746460423276395,1
-2.916906902621414,-2.930949014566111,-0.07391898719065729,0.0818744602326672,-0.4270340287355585,0.12663509383433913,-0.14030244779952228,-0.10805529201928524,-0.14686963284256516,-0.13086335320872347,-0.40512178848856445,-0.21952138274150046,0.44459628985640054,-0.468720624465608,1
0.34136795593756425,0.22470637144243563,-0.0700163265486908,-0.20343774605068565,4.311641458307726,0.46600038345899497,-0.3374074173994085,0.735623303829208,-0.24295642675599435,-0.44524271610189503,-1.029626246020171,-0.2207413621578176,-0.7816170149243543,-1.8941836195599397,1
-2.5772304467073464,-2.850219073082123,-0.032829568888826495,-0.2535040358581601,-0.1988661833678817,-0.5241095010111515,-0.22700127410191137,-0.3950801984674447,-0.22780285649088328,-0.22336120416978825,-0.30631501572258174,-0.10561017751914963,-1.4812291815346215,-0.08065076684619737,1
-0.8164116399154844,-0.5466320033947715,-0.0004941550033558395,-0.2871840001740768,-0.5409845478790427,0.1481180607385908,0.04426932255720975,-0.2328967769170499,0.03529125569174171,0.05437505170348292,0.5123424592975232,-0.2166050660519246,0.7021578874309791,0.3779475927124416,1
-1.5433630329779728,-1.722617907881916,0.07316927151513554,-0.34087773515299963,-0.4738237424728102,-0.18671221787014297,0.15989358909776827,-0.062255150501208924,0.10006496490777056,0.2288384581608474,-0.054464002536682404,-0.22113887855301068,0.4789335396197739,-0.026339448050926084,1
-1.7675869653745004,-1.5247836132266406,-0.09522084811878669,-0.3249496740855569,0.5789261765342021,-1.8377972385083285,-0.31807534348783606,-0.1758654190561032,-0.4347340905837794,-0.17617454414196784,-1.7906411793011365,-0.2256865281441146,-1.0598562515768877,-0.628652198000418,1
0.2805920581169834,0.5604687330167241,-0.058760014828778115,-0.29482888608610935,-0.36535795156910456,0.13010483095035388,-0.22515473060613364,-0.1573485433872519,-0.24626726583264624,-0.19748729127912207,0.1894820748432952,-0.1989156808880269,-0.54843467160578,0.1662182082055592,1
-0.7512014345084765,-1.2347423530090613,0.10710502833878893,-0.34724274643978337,-0.7540239990719766,-0.7649746170855886,-0.06536222558040457,-0.14112403674953597,-0.015404218439858473,-0.12374036214236005,1.31549265063851,-0.19188213071478857,-1.405859899899375,-0.9416537126138801,1
-2.184967260338619,-2.3581598124068375,0.3430298922583822,-0.3074763970830376,0.303063260264055,0.2018463098426952,-0.5827979443781245,-0.36427923602217244,-0.5490035550480444,-0.6159036234817211,-0.7777508326960296,-0.22533973253955694,0.8505394785643565,-0.4343376443473572,1
-0.08596599275341857,0.0046576812127496585,-0.072710493906569,0.050979912122023074,-0.7221559295957526,0.45534275574352095,0.9820347741875329,0.13844190171267454,0.96610442060808,0.9892557810754464,0.11958953340874026,-0.2211579985716774,1.2670580884066773,-0.3176692962061989,1
-0.5519663126903016,-0.4477534704121153,-0.08122951956255206,-0.30711064741721655,0.7568936544140816,-0.5373774108018375,-0.4014877633871591,-0.13719076526266286,-0.36759337738322284,-0.4368611588903213,-0.8721648416810042,-0.22548244070010698,0.08082997327038721,-0.8917385921977528,1
-2.0617515222128597,-1.7943461553453175,-0.09240730110942956,0.3246088922180604,-0.44845084052524153,0.9730042590373988,-0.08691451531876684,0.07962332448043907,-0.020981481270481026,-0.16395245322995783,0.28850186621763557,-0.22564259789496854,0.29340285908756036,-0.5357926483619369,1
-2.147174437041717,-2.6382421260144318,-0.0816948859000966,-0.22241455567444915,-0.7447039546113602,2.8760862813596857,3.2534700021046237,0.2293841566482775,3.309730927739335,3.148286261315263,2.4664923236233185,-0.22497150724729498,1.5832013590170742,0.8864930951932781,1
-0.7202440715601177,-0.6110799171403298,-0.04259678200712486,-0.30954725259775356,-0.7406689001663384,-0.4415657830314176,-0.3761764221797421,-0.3511029859377929,-0.3679318434489047,-0.38147911791468314,-0.06997195783188244,-0.21672736903746276,0.28149747481275983,0.8335478094088259,1
0.28645299062482704,0.300129624342243,-0.059013574962770765,0.05091519479756784,-0.0746246836869705,-0.39923231688077787,-0.6661221453868922,-0.34809216045154234,-0.7319167661954871,-0.5803213334575056,1.415778689874625,-0.20107490356342567,0.347545755706117,1.7823929808315946,1
-1.664207856916056,-1.320786684967633,-0.08119064242298168,-0.23965607674571943,-0.3328673211424705,-0.8511869266459167,-0.09762128023001257,-0.3119747510182075,-0.1606454147098235,-0.021840083090112816,-0.721285119000227,-0.2243168674297729,-0.12863152037758196,-0.028649371621252043,1
-2.8195486547014648,-2.7385799638151553,-0.07883975317142385,0.14919674407705336,0.16757106078535172,-0.43819510255085714,-0.29343845513442923,-0.36480209742858627,-0.31500318999601284,-0.26442612774917995,-0.45334325855046426,-0.20051857119819316,-1.324981916835782,-0.18869394428417782,1
0.9318673002584144,0.6758747946838407,-0.05989091875179796,-0.2593626672800847,-0.5705262171447699,1.8256025293349647,2.5004002393853386,-0.9284505168815884,2.8388596176842804,2.070005530099215,1.1399114864841116,-0.22534922337477648,2.274979343211154,-0.28087423633438563,1
-0.8457428158943802,-0.6823439922707366,-0.03246297770283175,-0.33400361861657174,1.0595700992159238,-1.3283934350932467,-0.41141670092410043,0.05289555355177805,-0.4674820878848228,-0.34015519274734196,-1.4426209914886552,-0.2083867251703216,0.09971844741785685,-0.7718835686147215,1
1.106374991005426,0.7582628047643554,-0.09129161975336582,-0.03974963914225339,-0.25302046419135465,3.816714546927722,5.1185176156763035,1.5984653699177556,5.049443225304545,5.139628686673292,2.29501496967649,-0.22535766194086487,1.821415668342264,-0.43693220331311416,1
-0.19647524956706816,-0.3723424141286297,0.0417078365550214,-0.24162753478280213,0.009979074357715887,-1.0041987227349902,-0.6476747965104924,1.088135506960915,-0.7241626018504244,-0.5494313612043332,-1.855074978951866,-0.21060387088413154,-0.45851310746722007,-1.8868395973427232,1
0.9352607661611012,0.881957874069074,-0.04416648396072346,-0.2597136720312727,1.4520805861880552,-0.4312644298150979,0.02017744744504115,-0.04930648135417176,-0.09447635951440585,0.15569452185751165,-0.022463419551968816,-0.21563179594236492,-0.6806267291354078,0.06683994220183109,1
-2.3893520708362352,-2.410011274347682,2.9053523034917914,-0.34207894872362443,0.7218099800213009,0.21101097499885516,-0.8282000828166525,-0.4287828820335567,-0.7674464880525073,-0.8899510936740882,-0.5236594315783607,-0.22577311297952857,0.7898866326621348,-0.7037536164038942,1
0.9499289213307462,1.0177675842727394,-0.06314670984595516,-0.35320502834931344,1.584528235559446,-0.9576615667194266,0.2311482296444256,-0.27005263134205115,0.10104581289353409,0.3824563655115496,0.07709629316215119,-0.21557524408965287,0.0011487088296857628,0.13594964814765415,1
-0.3554384551086163,-0.761529992877913,-0.0177559568205193,-0.3325698359125047,-1.131841108823121,-1.3038655296539698,-0.6587460145613457,-0.12632460564856365,-0.7643061174819328,-0.5259481754390767,-1.4807578514258657,-0.20848583947393445,-0.8060623798173323,-0.7607057121470003,1
-0.4936138561591212,-0.39951454936096165,-0.07744448190695172,0.7999271278876647,1.0449243721250014,-0.3714045546927043,-0.8823387432172658,-0.06777697726357484,-0.8446259017938461,-0.9165332175442332,-1.2726248300223633,-0.2250606091979158,-0.9613519150683099,-1.411564857508465,1
-1.736837574713114,-1.974097444880444,-0.06427984412913805,-0.321980663843221,-0.574559505649868,1.372689022913452,2.7927407969583133,-2.5957825571171425,3.049381341835825,2.4557584722893813,1.2361294202094475,-0.22546907040763797,2.2770132656074695,0.4562715827035964,1
-1.9910117284849487,-1.9250438588706125,-0.006186571565412857,-0.006090302256090696,-0.8316954317866875,0.13444036672056495,0.9923041615075148,-0.08668183778341487,1.0025036241363585,0.9684643257371645,-0.05807216294711537,-0.21799126935198213,0.6999577496760584,-0.019708517955098648,1
0.22050987087910567,0.28202645980300955,-0.08495452877585986,-0.3235606708234576,0.8755909631419933,-0.591296067719306,-0.7227183006238301,-0.22487271794902636,-0.6932680021082643,-0.7490216775444203,-0.5449336722967665,-0.22542676085116004,-0.6646281714433361,-0.0792420615132663,1
-1.756361537561355,-1.505932482362758,0.12279104638904387,-0.32860262501891885,0.2891930870222099,-0.011798664464672162,-0.49524021489081516,-0.3214413240613279,-0.4859328300777642,-0.5003899058254377,-0.5028404437086453,-0.214485506858429,0.4217195500410744,-0.4725732810187977,1
0.2201594523601192,0.597913991519964,-0.03178308242706305,-0.24732729565951547,-0.5191568009925199,-0.1455795268032026,-0.18858075045629724,-0.007404399752978834,-0.29803339637000187,-0.0567474365931709,0.3230272606031761,-0.18167886133897285,-0.12677924962092454,0.5843015461520689,1
-3.8111192078516973,-3.7106297949689666,0.0286494123899187,-0.28670884164940097,2.5492893671270638,1.0982037012822563,-0.5356762999314395,-0.1308921326171283,-0.3270783851374043,-0.7763173377624841,-0.4228022599168262,-0.22505688468954443,0.2516304168641174,-1.6509128554134556,1
1.1319011848849891,0.778266271915764,-0.09112994543950616,-0.04119319233999755,-0.26040616105363423,3.79651076964117,5.109451925270515,1.5984472253014474,5.0391480153869015,5.132126281300006,2.3036213361808193,-0.22535839483826844,1.820096891132192,-0.4075994469699942,1
-0.5352250671353331,-0.5710733189548988,-0.030965439699714027,-0.07431489435823288,1.4213777067965394,0.31172477302909785,-0.233994685155707,-0.2715881238253741,-0.18019533214569727,-0.29492215275249845,0.4741064730096246,-0.224209115971671,0.3258104717180357,0.38559523917925204,1
-0.49961522918133694,-0.5128142538399274,-0.06674199630324483,-0.198282342739073,-1.0652043964147755,0.4135113519807037,0.06756872567778445,-0.24088216206023916,0.049974846603299795,0.08759983983850558,1.2643872522127355,-0.22544577458397813,0.5438479933197606,1.6185242187669115,1
-0.47320590511324284,-0.38442992471971243,-0.07787114294906927,0.9402042963808246,0.7858597728736266,-0.4606278757993696,-0.8464438099642849,-0.138423749780185,-0.8340810928100252,-0.8510478869351368,-1.1668539771759623,-0.22529843051026047,-0.8944037832302993,-1.1704008964189854,1
0.5099449669354874,0.275574131932776,-0.05718407308153213,-0.34114577067504775,-0.2685448411016854,-0.7021273769409105,-0.6325316307103631,-0.3699476707720083,-0.7350981827118059,-0.5035890712185074,-1.0548513879594343,-0.18281914945836958,-1.5596265304551324,-1.0018319975965657,1
0.46321517042560956,0.2231542038094317,-0.0701436953578227,-0.33634056259730566,-0.3323317697897297,-0.6670045803959397,-0.7213479356344388,-0.3966045497665901,-0.8100333311911594,-0.607788551001118,-1.211950987297171,-0.18557696780379915,-1.5681139376943165,-1.019778654834749,1
-1.918798768079608,-1.4955658208597453,-0.06223900789840849,-0.23193983626965026,0.03545738879958734,-0.9131603845636315,-0.1128394135823808,-0.19639643514232832,-0.2357320611342242,0.03400971944820075,-0.2831043442788625,-0.22476990543105113,1.1734359752343297,0.5439242660420017,1
-1.4553904061058636,-1.3906680449394546,0.12914392261877894,-0.2514464420117174,0.4814406500497359,-0.26270148528452203,-0.7954815638523739,-0.2758337020030317,-0.7176527213598962,-0.8782051736068734,-1.2731784622555213,-0.21378213620514555,-0.4646592609896809,-1.544949811517469,1
-0.9241625585942919,-0.9498962304668747,-0.039131202926344436,-0.3287839353431628,0.39797879630859867,-0.6581501652145726,-0.7213730364329861,-0.3302797024587328,-0.7624318413913518,-0.6642057953350153,-0.43868832316035855,-0.19920928985252095,-0.8134661920188692,0.12915498850816826,1
0.5542106682835116,0.4945938795392462,-0.050205688459925325,0.39958621159174346,0.14939179691767862,-0.8416072968857299,-0.4097705524957611,-0.28691333539518377,-0.5074375657281085,-0.2892699985931235,1.2991994730131964,-0.20645781157349546,-0.06452970332469715,2.390107115129816,1
1.3223210147210633,0.5182963989886199,-0.07424165963293099,-0.3314978486371197,-0.025543952084799676,-0.6136667578039234,-0.2730416399219462,-0.29241118039923747,-0.22313131303826617,-0.3289014153197259,-0.9057504637184455,-0.2080971707694599,-1.4982245399422076,-1.40722599691269,1
-0.5398273269903664,-0.2335203222586866,-0.08556594914298975,-0.10369071757464558,0.8500891825547077,0.6739322297470649,-0.23388171703571015,-0.5328893541018758,-0.15876744137795581,-0.3200485369448499,-0.1591334371796507,-0.22557778242279888,0.5522464154105103,-0.872876180261725,1
0.676161712887135,0.6351005847624484,-0.048079859255955315,-0.2739196706078272,0.16610120986026006,-0.035987627099470273,-0.1539393907941239,-0.04530513190346534,-0.10699233239228643,-0.20770237732130525,0.008463109543130197,3.274198527698813,1.7661922293496566,0.26398371242172675,1
-1.3324079056008955,-1.2037799493229564,-0.0742376649872357,-0.22751038677463198,-0.2577840352368114,0.5292212316235342,0.6224368918372,1.9595375905172985,0.6342491411273927,0.6010719673836503,0.21010617980276203,-0.22439380560637562,-0.9143191276777525,-0.16666719493077436,1
0.18492119147779035,0.2628023528404081,-0.06655615324211452,-0.24298178768596396,-0.2664926316633973,-0.11666840687336472,-0.8796159771186073,-0.3997377840764803,-0.9208920831052706,-0.8203155721849114,1.4959269090438951,-0.19651102250239746,0.7109283563530726,1.2615413118001633,1
-0.6944673315132267,-0.7495678934711183,-0.06923550323603773,-0.18649386996618,4.311641458307726,-0.22021392946676507,-0.23067150928042393,-0.3506311638582042,-0.21315470452824425,-0.24867788526069956,-1.3151450405238534,-0.21956454787254903,-0.6507165269226222,-1.6437545948698533,1
-0.6083325504060525,-0.29591755302964234,-0.08579409514812769,-0.08742956543837291,0.921886884623569,0.6965282762938765,-0.19015386132997503,-0.29098846619520446,-0.11958165094754968,-0.27146099747482316,-0.17006903430182305,-0.22565641772488174,0.5526814618304977,-0.9128818071396482,1
-0.061081816116072996,-0.11675515827822477,-0.07648864467726049,-0.3212174444367682,1.0645582588583902,-0.7738957357286167,-0.40302475293352363,-0.3192566372981511,-0.4215513019090209,-0.3763107260993398,-1.3449190743021364,-0.22504550188534003,-0.07536923494447108,-1.1197702030881125,1
-3.6987781130467967,-3.5205210191130636,0.9737719988129951,-0.35820322660335735,0.31645965365276385,-1.4247539223390213,-0.5164931791384441,-0.4472526669129208,-0.6478360557199476,-0.3548534667076823,-0.4493793381383946,-0.225926908902226,2.57789566849454,1.1235723242612492,1
-1.2559632202746622,-1.0598413378732725,0.8734311234076463,-0.28438708088399206,0.04621311546207449,-0.043557535618182,-0.8575482683549546,-0.16056006774096646,-0.7799641478011502,-0.9392463535392073,-1.0033332362159455,0.05517721078624682,-0.20886262061248378,-1.3309596547579694,1
-2.237395815012477,-2.237415603601261,-0.08984487655209542,-0.10266465512310173,0.5794191258084155,-0.412551911125766,-0.2993648562257576,-0.22942478417248172,-0.33253935919998556,-0.25653568623096495,-0.6755829116252935,-0.22549281954006206,-1.2394646176373743,-0.2944448231170105,1
0.21646254566909603,-0.002365829870978234,0.053101322281537036,-0.26596731105913624,0.6841690598146807,-0.6147793725521536,-0.6071863635593068,-0.07230785761239923,-0.7264901831773536,-0.45872643207706265,-1.2836734941046166,-0.21815366562274088,-0.09935278547529738,-1.0711448268186896,1
-0.7041800551617747,-0.7986409208868854,-0.07072287240620453,-0.32951753384400984,0.6586286744336529,-0.5329149175453222,-0.8473768669943805,-0.30803570035387595,-0.7992374500941158,-0.8943314170903331,-0.6719037939352779,-0.22328807328092903,-0.5545342704504963,-0.15816460166289195,1
-2.4121580665991926,-2.3894927837837536,-0.05596411169484815,1.2068031436092763,0.24757887740467635,0.13437023993030692,-0.6754967943854872,-0.1340230115936803,-0.6486595856013168,-0.6992659131510347,0.4668156374389832,-0.20100913072185747,-0.42779402119906346,0.8224446549331379,1
0.1989352770391181,0.2984211443116258,-0.0948206897471868,-0.1311792528526101,-0.2364087882593367,2.5160903449641703,4.822138639605543,0.5489188519893997,4.700504671262427,4.908996454804816,1.6736638947207079,-0.22531550579692244,1.4184710957061246,0.09151464065332582,1
1.303846471693898,1.2140344892676336,-0.07736156625100518,-0.34921324343627264,-0.780662970465249,-0.9648970249973621,0.2772111991984842,0.6283289726779687,0.10822331781996286,0.4740157668353545,-0.34825548466483197,3.7774121299675874,0.4611273954303604,0.7119448599044628,1
-1.0902790225484378,-1.3072245589348024,-0.05676823953797472,-0.32455298718823117,-0.20382123060198734,-0.35050556941134076,-0.8454981542618245,-0.40528242680110793,-0.9270389272182165,-0.7389266659234608,-1.2133622522310694,-0.1786512464353252,-1.2107444554204005,-1.2257063341033174,1
-2.2408460041292297,-2.399738990744706,0.11235327208143635,-0.30984189534427875,0.10790380431248679,-0.14568478755572473,-0.6079915544349244,-0.20043091870422305,-0.5591605712277559,-0.6586027142822036,-0.45724918828952116,-0.22431525840658972,0.7361445857777176,-0.7162530738209159,1
0.45055970200771833,0.4458100970124441,-0.09346279160477768,-0.14607337917946311,-0.3119202345196146,2.251219739590976,4.719310868178366,0.4736444450125238,4.583100183114907,4.824647255573393,1.759914490104257,-0.2253222524238686,1.412180398282461,0.45241727820196553,1
-0.2434852647101503,-0.004418274049790838,-0.08685856074013343,-0.30292472310475876,0.5701331271858344,0.6778270834585104,0.7892592570239862,0.5377365788516564,0.7574762476159291,0.8175358889059579,0.19036658083576138,-0.2136364705412657,0.27957196710742593,-0.3138880423022232,1
2.5665912182308035,2.6301537531859935,-0.029416600084298312,-0.29483723458126326,-0.8895603057165402,-0.5076944975571439,-0.6705000177469727,0.23173023073648852,-0.6816149049886295,-0.6493910501293833,2.0031569313853215,-0.1739426352824243,2.391530059286146,3.3186881080377395,1
-1.3454998098052942,-1.9065863650152979,-0.047368991497630436,-0.352996889474203,0.7792855619485337,-0.3937997516398952,-0.38061189529035966,0.07868804617319836,-0.33587628860409297,-0.42906934823577025,-0.7633637597294691,-0.21624559653109138,0.23481382931510378,-1.18894955326279,1
-0.45794827763228513,-0.8097755445109288,-0.05358534722544204,-0.3232944848126831,-0.7779794515794693,-1.1662902339828092,-0.5111139056897221,-0.19554725643413812,-0.5646170969692902,-0.4417043289019857,-1.095918024518592,-0.22095657990551515,-1.2035914637576512,-0.22829006631559068,1
-0.5628546338818442,-0.25547740037226774,-0.08545335036192757,-0.09496118408440594,0.8607567630385133,0.6853074593980528,-0.2334875306307814,-0.5230243880219084,-0.15922495669109454,-0.3186505627894345,-0.15769908743293184,-0.22565639207529595,0.5548351513411464,-0.8824476664800465,1
-0.24888495574952266,-0.005505703529064709,-0.08658275776394114,-0.29086751435763836,0.5100504652217683,0.749434613378336,0.7658459009522438,0.22869245092716484,0.751701381665459,0.7735151634407422,0.18887382324253973,-0.21676521934318738,0.14248953911262596,-0.4696385686522311,1
-0.31967358828588865,-0.3014910691236543,-0.0394514782734892,-0.273894697954382,-0.13359288168258698,-0.917604385229099,-0.59770172498818,-0.09732584156499408,-0.6241093423624221,-0.5593483202784576,-1.0122366847232944,-0.22534286904785483,0.1492484144708064,-0.10478131137366481,1
-2.0251025990137497,-1.8049484828434288,-0.0862301267293596,0.2653600000238061,-0.49986173345281154,1.1040811806263593,-0.08417684858342937,0.08352147247444328,-0.002486325808190873,-0.1799049526837837,0.6127345483997296,-0.1368376724567073,0.5658516661662265,-0.20109738060495652,1
-1.2697935280664872,-1.190018150584248,-0.03444486380022459,-0.3164388181702575,-0.9301686043766124,-0.17769428557074926,0.19175952159102458,-0.16296653251556392,0.17154348266889272,0.21342321224789051,0.7397778594448498,-0.21541162347498813,1.27528527577585,1.169387749468137,1
0.2547943306774724,0.23803628400228627,-0.08965630802558273,-0.2687897281903676,-0.8458698836046158,1.2374304379352288,0.5476320653052955,0.173917663889604,0.6393495642042373,0.4325417967980987,0.5929177937754133,-0.21201224783718378,1.996059190906279,-0.4941423935165419,1
0.952631894840692,0.8783652903901213,-0.05362084422108542,-0.2984062766649294,-0.3082625265950131,-0.26826912929991065,-0.035341006476268755,0.1772404854789032,-0.07368556682460692,0.010479957080239188,-0.11323087824435984,3.3627291624922853,1.1866809994843097,0.4759682369389278,1
-3.310364170194821,-3.0497875065459117,-0.09069871313735758,0.141293488081366,0.1368515483909184,0.5502350427434272,-0.37681644750925536,-0.4758622609301859,-0.36287352008664253,-0.38885870704275,-0.27876228779526807,-0.22109678616567566,-0.22255611456671595,-1.0964244367693632,1
-1.0185444177993783,-1.3810842855429604,0.011906288200006231,-0.35094961495559973,-0.6483138683968435,-0.4233196219852954,-0.5099668060162921,-0.2964523054878568,-0.532343974103593,-0.4774257104588374,-0.4386649298194387,-0.21656673584396466,1.4507148016962137,-0.6894238725141085,1
0.4535365985062912,0.6706716038537086,-0.07505470700606622,-0.23254408640417343,0.6479644054050839,-0.24996319703235384,-0.44245830889009186,-0.21053884820965954,-0.4392852783758234,-0.44097029025384765,-0.98543565670028,-0.22535026605290914,-0.048669802179978516,-0.74144006821886,1
0.1350146300939477,0.19909070453361563,-0.07708804530854427,-0.2645253355221491,-0.21784798363765046,0.33560257338114013,-0.16968982285236256,-0.4298996373438603,-0.0997857104628159,-0.25044848303783257,-0.005684989459880932,-0.2242019652204517,-1.18620717034542,-0.26269132495924424,1
0.2729434581483384,0.25733710001333077,-0.06531938478027248,-0.22171757132495917,-0.5654406865327841,0.049668671095369266,-0.4810879788676031,0.044609592740755565,-0.3802392030318365,-0.5947953586777589,0.06513852824094302,-0.22516478270497764,-1.7712020493970844,-0.04693821465750181,1
0.06880835204288285,0.21718121149040773,-0.08231556784312938,-0.32593305522310884,-0.18276303190231252,0.4853659977564426,-0.17110793474680733,-0.5021254144337001,-0.07824832902551537,-0.2790303210788936,0.011295279901069284,-0.22374213513294436,-1.149933559372118,-0.4100504154726123,1
-1.3457803037675296,-0.8671338141858204,-0.07278721538276436,-0.013428207599304437,-0.6778474020963641,0.28470566819620613,0.46090039322449167,-0.08458225920296197,0.4747389848705782,0.43905108134303816,-0.26544260740266307,-0.22480947283673697,-0.07974021857725751,-0.6358267214013317,1
-1.9915849006383122,-1.7165961796073945,0.8140601755525054,-0.3138725863616287,0.5563680878988607,0.22428529516954165,-0.3825923442145366,-0.38422644230845215,-0.32499298010305977,-0.4462576998673185,0.4022843262400864,-0.2231162161070979,-0.24195826323009909,0.274151235614418,1
-0.48056105995921505,-0.3624011688430381,-0.03987169627184139,-0.17942892587114778,0.8086959083024811,0.6975775990158677,-0.4131105631306951,-0.4777332075804258,-0.32562948276877024,-0.5117957018899555,-0.17967281709957494,-0.15252435668780231,0.44455758662623324,-0.87349734165304,1
-0.7068885792992152,-0.28735428806268576,-0.09411151063631058,-0.2469802453438478,1.4845656603351365,0.01713007011105884,-0.017372888969899594,0.17238907850609902,-0.030831050180145612,-0.0012317589505635718,-1.110863936312739,-0.2256741310211883,-0.7678495441571191,-1.4657648745672451,1
-2.238963427479436,-2.3008602864224583,-0.051351398969717306,-0.34075629915919364,3.0733949789402266,-0.06660713681244612,-0.6124159965113027,-0.24661226752042537,-0.5950151951675458,-0.6257596841514206,-1.5347441485858733,0.25490723677965677,-0.6905510341206936,-1.9589507902758578,1
0.5930594123671106,0.38231401445856217,-0.053780319705321586,-0.34275438191605284,-0.48161826704580074,-1.1699838149231858,-0.8216590425176848,-0.05311239053509695,-0.8490029630561199,-0.7795421353797557,-0.8058501799683967,-0.22489796730674147,0.28048346515247335,0.0742997591318115,1
-0.2297581301569166,0.0907110918828084,-0.07887518034054183,-0.2795230946065767,2.6691089640048946,-0.5499825453081839,-0.22830581587602677,-0.08499631964491058,-0.2868976985948381,-0.15622346218405514,-0.9929392885925007,-0.22455153322619478,-0.2985496726844926,-0.7460512394246019,1
-1.8474547339336371,-1.609566330067967,-0.07905033041425891,0.2068818698253525,1.6655459549977039,-0.3460662195447518,-0.4360280320930794,0.18022398355385577,-0.42313953806493454,-0.44611987080714827,-1.2695438469996907,-0.22482282481376603,-0.9786244738482693,-1.4142385394780108,1
-2.205607831921633,-2.1073575752564206,-0.06366666098718879,0.1032998436988588,-0.15100078507270562,-0.19107140631123232,-0.6895943711098601,-0.3125746361755606,-0.7309601804642464,-0.6324403358496312,0.708197208658986,-0.17246365826538942,-0.16205736729281472,1.347636615510135,1
-0.7801475714426289,-0.8209354742931968,-0.06722103969046449,-0.2856586085150392,0.677385101756521,-0.6560007551214742,-0.47310337429023597,-0.18861781604850347,-0.46296326176577324,-0.4795014774898887,-0.8953501445622148,-0.22557842428402589,-0.07699779092153648,-0.3897171650476346,1
-3.1192209737750467,-2.731967324116607,-0.08622875830398188,-0.3425462502828661,3.860521605397473,-0.5159835733777074,-0.24767863871902318,-0.3599299565516242,-0.32435668838056625,-0.15395163974706066,-2.1156222094693016,-0.2256651318289503,-1.477272411376074,-1.9866027791690195,1
-2.0844993414949133,-2.337043182740419,-0.07489349581833649,-0.3595674194957312,0.03338392588605821,-0.9983276686961393,1.4738184829105707,0.7505211091852246,1.4678926216253105,1.4633638557255222,-0.7411309101877124,-0.22569903998000157,0.1785007563155605,0.08874857812523296,1
0.44450596211588,0.3087509498516098,-0.06647056700169998,-0.17532825695969712,-0.40474665593988746,-0.3410230049674724,-0.46018324043413183,-0.2818772716669837,-0.5167052161245205,-0.3878030108847325,-1.061842135172156,-0.1954495916339051,-1.5886026416784145,-1.1746554389843071,1
0.29813212041839154,0.43298051714585417,-0.0814050415832945,-0.2683728689396678,0.07624519780455233,0.32052512125417054,0.5092764074958807,0.01899334768567435,0.517284641005785,0.49375708640020355,0.19502354626434526,-0.2253713742893511,-0.08447792928443235,0.10509904232941844,1
-0.6126178954211978,-0.6273152497560573,-0.0869506053788108,-0.33228051821732596,0.9174155948888337,-0.6742142976916683,-0.38137868233523065,-0.23147351104234712,-0.3623781074338254,-0.3993553857641517,-1.0932085420772664,-0.22544371904912336,0.006120290540343354,-0.9748372317529277,1
0.3739825429190635,0.17262271394749285,-0.05905201395961089,-0.34438706677244857,-0.49737532239787857,-1.0199014893929441,-0.8300234688833426,-0.15671251180571683,-0.8476607584626191,-0.7993005792362798,-0.7136612075231386,-0.22479334876589682,0.4857221595721496,0.055406208757512655,1
-3.80621211963775,-3.700866977913491,-0.08865911820528814,-0.14303904971417777,1.8602731357584152,0.05854232496285392,-0.31574916934461544,-0.0628965822515587,-0.2895125804613803,-0.34307169738634613,-0.43951218685531895,-0.22489151716300107,-0.9836086322233666,-0.6312427919046139,1
0.49061281342028357,0.3479821461543907,-0.03923654124271519,-0.359330030527342,1.5825009855598824,-0.8186183610872605,-0.045581103648023466,-0.26099615970870543,-0.21736164546422887,0.1583566179738461,-0.007683299090627392,-0.2103435874530091,-0.47013497491656103,0.09723558680927785,1
-2.0610794996790758,-1.6762644151972192,0.311394553358373,-0.2946237088696453,-0.12550395901921593,-1.0009387387139892,-0.17905917917448588,-0.08497453716833411,-0.2980586743726038,-0.03603475510939734,-0.7636796800474852,-0.2252919881089456,1.2323483251582121,-0.004439395819062997,1
-3.2396976371827555,-2.8884219572125893,-0.0938178968518324,0.14994920079896795,0.45585083680418537,0.48230472510166866,-0.34452305349342677,-0.5291321549447772,-0.29616017920996424,-0.3977031959647804,-0.43487966013394297,-0.22563157929126923,-0.4263255722411305,-1.0396224235985079,1
1.2917090620776357,1.1470041291487787,-0.0447400167845467,-0.29338398971102764,1.2818184793376632,-0.9350856741935507,-0.10157086086556055,-0.19697383314552108,-0.2594571387514708,0.08657902843225079,0.06519586929072736,-0.2135985795781563,-0.36117293809892126,0.5686200422192174,1
-0.378586089223352,-0.06379225629338442,-0.07351780068950514,-0.28441035453710045,2.5931840426598836,-0.5741127677899722,-0.27629310455938094,-0.06845024622478856,-0.334906804922561,-0.20361605932417443,-0.9621275171076822,-0.2245344322951394,-0.34012442448801794,-0.6732460348723829,1
-0.17120841223629213,0.15260709995283792,-0.08672931077891623,-0.27592239469865276,2.865850112013503,-0.5260112155931654,-0.21332430020922646,-0.15159201414907886,-0.27237824703075864,-0.14087243398589028,-1.1259578278257991,-0.2245491332800412,-0.33764057789267016,-0.9345117594298867,1
0.21823803282212678,0.315411431285473,-0.05971092067191415,-0.2543148299061369,-0.12975551958580558,-0.1313522355603246,1.485764261597181,-0.09831024915979067,1.3444409534685173,1.635485873610301,0.06967922392646918,-0.22550142803689244,-0.5068876616327636,0.36101530299614376,1
1.3748318719765653,1.1419542847171065,-0.08908593477442299,-0.04261458269858687,-0.233201314965125,3.5866680658877157,5.122242593626844,1.9210067915338351,5.053828787455856,5.142527340247791,2.1656027879580213,-0.22535484851050713,1.828914123108658,-0.35435358768634445,1
0.31245280991226576,0.1133355317232565,-0.05996994479194524,-0.34439385411121076,-0.5047961838199608,-0.9824848280526535,-0.8308796546856867,-0.1858134883170533,-0.8463043408782904,-0.8027664567488071,-0.6930717163787894,-0.22476647883182935,0.5382706326546449,0.04814322894412992,1
0.41720152937531485,0.7739692126316285,-0.051285810617702016,0.22958082445592842,0.2559931642319586,-0.38372873516765615,-0.0867050153281943,-0.05848612979363076,-0.13064554416378762,-0.03364923743231529,-0.24116130628598395,-0.22138069173217262,-0.19285565299739368,0.10373396618412291,1
-2.1528460435861803,-2.2587584198090824,-0.04794060099728429,-0.340576409198775,2.9956312453871705,-0.022874902809363162,-0.6480838768072471,-0.23546476909177663,-0.6214912755198858,-0.6718883295734811,-1.4778772845368362,0.3019683707402886,-0.6134913740228339,-1.9561886310913896,1
0.37893630481528906,0.7595097046468845,-0.04741880542972373,0.024316783788503493,-0.09590834058894793,-0.3135361720569798,-0.16534618170042886,-0.06460655091941055,-0.2430725727425257,-0.07135388827685088,-0.12211600810778742,-0.20464727416389483,-0.17274516248751925,0.17983563089163715,1
1.6488617723510595,1.935271048587782,-0.0661647767643831,-0.17898390261581834,0.33200924849743546,-1.8892311733835565,-0.32587630620301344,0.03879733264339494,-0.48392079938078536,-0.13488008547553312,-0.3894095281954862,-0.2252384807625855,0.3307189701761199,1.3342644214051196,1
-1.530604425007398,-1.5738176842161127,-0.02972783078520158,-0.3011838182654983,0.9850923130635364,-0.7287079228998727,-0.6140712076632782,-0.08072713084243266,-0.6020258258575095,-0.6210541694957118,-1.2339426849968644,-0.2255518516733935,-0.05413842384838523,-0.8935175772387913,1
-0.5160921755385138,-0.25911480522143726,-0.0756410807460507,-0.2489712628224099,1.876350027834792,-0.2409498218978714,-0.42817641035583326,-0.15632450665397085,-0.4322216034126592,-0.4183109300244644,-0.6572618454702122,-0.2243438540072035,-0.39469412785985175,-0.7161375877768872,1
-1.391110641874995,-1.1588137541557053,-0.059738077772394614,-0.30239969871518985,-0.37146550332098577,-0.07876954696105337,-0.39931119125999887,-0.22258134677384,-0.4867849782242607,-0.2910039536582194,-0.27848291638520767,-0.176994571218884,-0.10288436671507756,-0.2771014353241222,1
-0.4154842266585461,-0.12877363438287476,-0.01705603067594818,-0.3176246992118531,1.0503220435446528,-0.0909312125491485,-0.5359848191737457,-0.2934210797518197,-0.4800014725165368,-0.5959183547584255,-0.3643745769453826,-0.20684436315456156,-0.1973715209324509,-0.3859139399536782,1
-0.03531440275900144,0.1317663083678091,-0.06961043910898607,0.03380741259540526,-1.0958717471709056,0.777051056456039,0.7108533202815805,-0.01932822776376561,0.7289765613326215,0.6809677230543316,0.3268249856684216,-0.2134333253590908,1.6953748685348347,-0.4460862489874299,1
-2.0830767984305347,-2.8184947852677165,-0.07486943682761335,0.6513526745376902,0.05515014752104033,-0.6628909419315903,-0.4750140464133493,-0.3558721204290079,-0.46675205949040854,-0.4791656982520497,-0.5784045066922459,-0.2236986339855707,-0.3663766500250657,-0.13086336380864694,1
1.0805993452277614,0.4841522798348227,-0.06787793070157312,-0.3355394427680417,-0.12478053981228979,-0.5738436064939325,-0.4030180000995986,-0.32911204755319184,-0.40583558604046915,-0.39490430921016373,-0.9678698926300096,-0.19669569066547057,-1.5326314112495176,-1.3697758519803325,1
0.4126112889005322,0.5179584991434374,-0.03746712641904103,-0.33827495840807,1.6689142767087741,-1.0869425005796733,-0.1400328864255842,-0.3327768650783669,-0.3010124335861352,0.052235542264594204,-0.15276377168739386,-0.2128244383091,-0.598975523081978,-0.20875282820911154,1
-0.13596504631697753,0.07144525204846056,-0.08812979940844347,-0.20144224596024654,1.226305608243598,0.35681705645000805,-0.46346575016446323,-0.22710318037177218,-0.3957193560760153,-0.5381870323257504,-0.22756553112262307,-0.22390757476552178,-0.36349446517501316,-0.8553163054092702,1
0.35203709810883677,0.6134030666911571,0.06046873268527991,-0.23367164663472786,1.208311707350202,1.0182775160146824,-0.31921285223504936,-0.10641970106819015,-0.18670858430575185,-0.47232095972902266,0.11809462129587672,-0.22251534628031322,-0.342327300211562,-0.9684525794731665,1
-0.47233230171454965,-0.3837841970165745,-0.07788940703328066,0.9462091427703123,0.7747699915487738,-0.4644472595477062,-0.8449072551374346,-0.14144792699613734,-0.8336297010487392,-0.8482446556231816,-1.1623262430432426,-0.22530861092995466,-0.8915379337690592,-1.160077387920927,1
-2.882431545311489,-2.689792292146443,2.7465700167811384,-0.3459078371447474,1.031149328797614,0.5960835377237081,-0.4613337441550751,-0.4319586923187043,-0.38961856647858784,-0.5407795527837722,-0.07424546465874793,-0.22560190774304406,0.27875450187385753,-0.39832762297195956,1
1.0774556161280968,0.8919172424152116,-0.03379532585873215,-0.3409364142449927,-0.4285451889517816,-1.5565901690316544,-0.7261735653762219,0.1474149609205155,-0.8003627573670339,-0.6297212595735587,-1.0050442371771766,-0.22031701160860487,-0.1618048771150241,0.18521844471046034,1
-1.5576995216335852,-1.6942563770922738,-0.07952190607486205,-0.0034758736901570053,0.8347112525827074,-0.26235711567681114,-0.38140542231953767,-0.3016582518116211,-0.34549030088896954,-0.4194095402617656,-0.7931551261292619,-0.22557118222083813,-0.2933651362886653,-1.0832960052854614,1
-1.487322336682595,-1.1471248229661082,0.22581503172533224,-0.35186303143036374,-0.24681148225744906,-1.2385483278106713,-0.3835655633189563,0.1926015995663851,-0.5012927435305781,-0.2396233375705589,-1.6233944499499757,-0.22563278631005215,0.8750413775803103,-0.9436534314351347,1
0.39597201526161885,-0.17262800299732892,-0.06922005473374358,0.3631629726216596,-0.6061885949183416,3.2615369194774626,4.608499598250611,3.0938609638727077,4.797882436424332,4.329629363854762,2.062367924073503,-0.2254394035756687,0.7643171465779426,-0.342844547424295,1
0.1993600522394126,-0.013233410195178149,-0.05395203124191468,-0.3196525850554054,1.2675877393850152,-0.9040923435348291,-0.6346120951547192,-0.2128847936296006,-0.7112430688053566,-0.5363539907584494,-1.709520429714417,-0.22379640190224714,-0.011269297119289524,-1.531599736294219,1
2.0573243154628873,2.1085685033665453,-0.04942967414585636,-0.32451330106943505,-0.9384048398609159,-0.4682425965628739,-0.49560273485055883,-0.39751224624310644,-0.516300882319915,-0.46521996665417564,1.7991013570701997,0.027964376077487783,1.5495351105901705,3.07026615447373,1
-1.3627426052381657,-0.8196566199451099,-0.07517677775317207,0.14417688623622787,-0.7806485523823345,0.4194957871210009,0.34465946210459564,-0.04219418881205599,0.3767256033852354,0.3026057136134655,-0.2982448673259249,-0.2247700495487486,0.016703612344892052,-0.8104843266208496,1
-0.05862539305692893,-0.1585265188047078,-0.02595695844242293,-0.017613765408610094,-0.8729109362118046,-0.7727201706586442,1.3068451727259018,-0.05729348878652121,1.1793101963275436,1.442361629574191,0.2657180634052109,-0.21897089672107423,0.3120120594745531,1.124937069720469,1
-0.8621950619392693,-0.89446774924777,-0.08346969278596622,-0.31708649858683563,0.7324553701991923,-0.6172245836917438,-0.7721643355722062,-0.296457861895535,-0.7321700824919258,-0.8103661701937815,-0.6455003494105215,-0.22547638443747217,-0.7180974797167093,-0.14204096196426216,1
-0.8667005907313391,-0.8385512688008785,-0.0789926021474316,-0.043230952714400465,-0.3380521594754601,-0.030679777225685767,-0.670281506201241,-0.21497424821551123,-0.6032696797526678,-0.7416813537578758,0.41713851825222636,4.361654034289799,0.8782195321678525,1.1285146030055797,1
0.13474836308553606,0.4838772948120085,-0.07030824206958142,-0.29792584145103534,0.5521104780060851,-0.8038727466495188,0.28443908370169463,0.5179512304090985,0.20376445159321604,0.3765903393781368,0.4918173536064971,-0.21397285679910905,1.0615849504672872,1.412707591619644,1
-3.3439516950158814,-3.2145183454266864,0.1571079598093626,-0.34188781498694415,2.188522370405898,0.5702550281559878,-0.5968322659392352,-0.2680480977270632,-0.4228294686062788,-0.7957858623045722,-0.37536674631030775,-0.22518289649717307,0.5712128141775598,-1.4279992910699384,1
0.18503137692197116,0.006599682700765663,-0.05352651726205276,-0.3237798542860178,-0.2748220912909075,-0.1792065273013714,-0.7459698476993472,-0.3809552285495767,-0.812728165458639,-0.6580814239398897,-1.2073570671759726,-0.15503585315560353,-1.1323847313698245,-1.576630591982551,1
-0.2478988537391233,-0.13291392821547943,-0.06386160289422188,-0.21559753971964285,0.12993657765836775,0.508187297470166,0.5187574513044686,0.5287357437573492,0.4988897931555932,0.5361322913835211,0.48880943301163304,-0.22346219551441676,-0.3701695994416933,0.3123230879080457,1
0.9754720167591526,1.020134677545877,-0.04994148226272624,-0.297360305667301,-0.542814780584329,-0.4671489132872494,-0.6534711739153234,-0.3726609829180312,-0.7507999686807727,-0.530482175542463,1.3226745021800885,-0.19662031811279432,0.4901113297792332,1.0684041495520618,1
-0.9778607996657308,-0.5575182496160634,-0.0972066051897288,-0.34418896493545287,3.720968556672174,-0.4612212959191199,-0.22800560678724308,-0.2678745737342515,-0.2577784450698586,-0.19005010824008425,-1.8425925566497237,-0.22563043262707216,-1.4917944083590535,-1.9871570320523064,1
-2.214004170962625,-2.1643776030193425,-0.09521716123245715,-0.31426654699881296,0.757186838554822,-0.4502137363774255,1.2898818292512821,1.5822120142043057,1.31543337409951,1.244336712789874,-0.7914313335876071,-0.22319992967490856,0.656547010990332,-0.23799330379844386,1
-1.3267623003259907,-0.9979011790810614,-0.07654278147898717,-0.3057045528505321,1.3038870445500104,-1.0681644220127304,-0.05896981920462672,0.13312484175028244,-0.144000096073917,0.04240964430039596,-1.4068087635339963,-0.22568565740242302,-0.9193777347541143,-0.9626048778913977,1
-0.4215186352375841,-0.6472191694236273,-0.06199334140804367,0.12077793983084295,-0.6032063119348076,3.170431877761204,0.1390055803644829,-0.1285496063902276,0.4043486845643435,-0.17682272673172655,2.3323041403910265,-0.2228835672049739,-1.7175037910566509,0.17305102448939877,1
-1.3887263981803288,-1.0456663633790837,-0.08494267649567197,-0.2313887811177054,4.064481641573921,0.15815549161344344,-0.26766095771357756,-0.07679258974056805,-0.21858263769409247,-0.3225993768092516,-0.6825679018702148,-0.22567103493339666,-1.0045715027160937,-1.0886796393413634,1
-0.23998579047632165,-0.3320781960253684,-0.001926708152682255,-0.15898167144055425,-0.12259557590485017,-1.02260831629776,-0.5330950952717455,1.1833983521672262,-0.5975441411470005,-0.45046446599735734,-1.741408364070852,-0.21525732678305037,-0.7433927372956475,-1.6129541891599082,1
-0.5484795957243551,-0.4898487077565985,-0.02647540042748732,0.14885783837551736,-0.08993520100079777,-0.38771469851660234,-0.09463395870537855,-0.31467280148242455,-0.11515842211949227,-0.06921006734814965,0.05097765401512966,-0.22113350199058182,-1.242446612457926,-0.40636531285428623,1
-2.0610031690160806,-1.9973522269460848,-0.05890730101205706,-0.21730195935863547,-0.10254926391827023,1.475130379785726,-0.1516806501343776,-0.25750739187788346,-0.019085368670183164,-0.30688250847751547,1.5396408790181608,0.19679211686690412,1.4591759204500492,0.7946609458849638,1
0.2678115478947364,0.40583237033529834,-0.08061665543506694,-0.2640143915281007,-0.10675446648185755,0.6021525849786609,-0.14671035482995476,-0.2424600209535413,-0.05311641899662334,-0.25579144498778406,0.4202500656230468,-0.22376644532271445,-1.0238811026089496,0.043639738563853836,1
-2.458660854800083,-2.5598224434940824,-0.057544534182176574,-0.141832726396113,-0.02767365191926563,-0.45930566455645816,-0.3734146638872646,-0.3792105432863649,-0.368129804149181,-0.375245632239837,-0.5458204112801779,-0.15789852829407472,-1.0453963166357223,-0.3857604787102825,1
-2.2695485169742216,-2.085645351350113,-0.08074981471976948,0.01257262875170051,-0.6986612143423294,0.05734470483588924,0.8532163151024978,-0.018986652915979223,0.8554433436159603,0.8404650659803086,0.041112139207213974,-0.21823022038890835,0.7121444761052456,0.1877717387922126,1
-2.0437396150380587,-2.2232398080757307,-0.04471891651306918,-0.33081069121368983,2.9684717640893337,0.06746036240279613,-0.6905411513981181,-0.22450724213781567,-0.6451457393294081,-0.7361058384090746,-1.3732010588678583,0.33855944000965116,-0.5082255967949894,-1.954064434668479,1
0.8814454093573174,0.9419032307843841,-0.060577102561442005,-0.24809439156824817,-0.5604100942085191,-0.5705715437267878,-0.7988441936886594,-0.41530921345029653,-0.8610609212889085,-0.7157064654017601,1.1070478609028802,-0.19161085345767065,0.9501025541558282,1.4912786824517439,1
-0.0848250927324661,0.09840612535994107,-0.08819225585461699,-0.18973450293580862,1.1859502264757618,0.26260929411923384,-0.5034761316901647,-0.16091735829762702,-0.4503527593482061,-0.5604086735598227,-0.23445799925656013,-0.22484193634151298,-0.3854964121546533,-0.6387539845052251,1
0.21719729321096826,0.40162435359164916,-0.03993049978701811,-0.2261997380153442,-0.5142346360637888,-0.12947373588625347,-0.188020119180236,-0.04805778425114188,-0.26622456680065226,-0.09319299622484128,0.23935862439130778,-0.19302712294767482,-0.5094884491161461,0.5001046505975095,1
-2.4461897006035196,-2.4634197914192417,0.08426545901321153,-0.24399590967758022,0.3947827497233929,0.2785844816906327,-0.6984023859093468,-0.2800366807259541,-0.5851840928962546,-0.8241798165831755,-0.6914135964895094,-0.2247965238513519,-0.11431622689334911,-1.290588160081331,1
1.7457405033413889,1.3596923720410923,-0.08625419442192539,-0.1473687287085344,-0.5619163844348096,2.271922803420865,4.57645966234982,1.0372807803448787,4.427394375274428,4.698709997575578,2.354122743386814,-0.22536775731732997,1.5675786131561669,1.116465435395366,1
-1.7907653536684092,-1.6755030716203034,-0.09416910837841239,0.45088792607175177,-0.6108815525782286,3.0820111012690488,4.403293315424224,2.115738485057469,4.481913478237155,4.258004625049738,2.3105945629453366,-0.22543149435127405,0.6630554845714267,0.16008358727352962,1
-1.159943912545093,-0.7972561758343117,-0.07753640428425289,2.0073742418714677,-0.49562297140591105,0.4071396853300556,-0.5423690738920953,-0.37720833369787177,-0.48098034869017203,-0.6086271867616342,0.31385520875461675,-0.19187132291782066,-0.07953204985773299,0.07870475802003934,1
0.28087912303163787,0.16341946695415344,-0.010529975333372774,-0.3232215580867394,-0.634850743452821,-1.3491557943299595,-0.5765473988205418,-0.2645741295441702,-0.6760218636524904,-0.4519296934719154,-0.9675874374824494,-0.21416766582860508,0.30704513860323585,0.08950841503928286,1
-2.0148092758764324,-1.8288167378057325,-0.05612167904837091,-0.34753438637260986,-0.33188683202213237,-0.22749083910999868,-0.673969674599952,-0.3775339947407876,-0.7319805569375261,-0.597292199666682,0.6979182232057654,-0.153397717189753,-0.004584435824845023,1.2995320992374133,1
-1.0212497904869628,-1.1614071752386046,0.034959951763743904,-0.322628049699541,-0.3018478703109358,-0.12791435704062612,-0.8495664832283457,-0.3706807968115731,-0.9266436209297527,-0.7482319513451846,-1.4065369702462536,-0.1356558532689888,-0.5815461495302686,-1.7365258994717463,1
0.5543245217020922,0.6132609343874437,-0.05214864792174325,-0.27301747889684086,-0.39037854307110087,-0.21392935702280047,0.7893589272524298,-0.040732633821932214,0.6837703925640042,0.9050240833195832,0.3923049226389129,-0.22380618125905777,0.0032126705351268317,0.8966675540854355,1
-1.4541625819242583,-1.3694338432629396,0.134844973342611,-0.2239533777842094,0.6270591389181045,-0.40396307108260987,-0.7799024751400485,-0.2255372018785361,-0.7102546902890889,-0.8531239533011821,-1.4359275070585364,-0.21108015722230514,-0.5109322462546072,-1.6083703992461504,1
-1.5725534328605828,-1.4193668740480174,-0.09102209072019404,0.456953304126981,0.42997107385679045,-0.3293021543401159,-0.5974979228454528,-0.3637537694275817,-0.5939188673122383,-0.5946527652568363,-0.579922738035577,-0.22565354901670762,-1.0551204392565312,-0.5233366404769721,1
-2.505273449273816,-2.251636297565272,-0.07577342655512091,-0.08253830910699514,-0.061623354270659125,-0.04387917386991674,1.0710497148489782,-0.3995278784715946,1.0377604713049362,1.097769365158919,-0.26508856988440965,-0.18527482057698974,0.3977459155576349,-0.22371799174626372,1
-1.7957283892328997,-1.284815889950552,0.03680286112016327,-0.35784548819818784,0.4216670552044881,0.10100947350165286,-0.3297774194230919,-0.18899883376802168,-0.33866142148542644,-0.31534898577388193,-0.7134668367194719,-0.20317713958380335,0.26499252205011964,-0.6220182521361836,1
1.0119446473070395,1.0497990580179437,-0.05364359857131312,-0.2830222480507096,-0.5036150481296678,-0.5989457734305015,-0.7044648608843379,-0.3911527566749085,-0.7990797769159925,-0.5840847434946953,1.2156600738386163,-0.1953233057867774,0.7041243959939292,1.240345701470307,1
-2.108334250095631,-2.567284913697355,-0.08657655450060438,1.592893009728587,-0.03891623109464082,-0.33119983583379037,-0.6779947612658523,-0.42563049983699774,-0.643147149989433,-0.7112190150044289,-0.3197585457768344,-0.2117277236773958,-0.15232699974889685,-0.17975580749309705,1
-3.7650581450488922,-3.6801617358280287,-0.08358192730773013,-0.14421285834180833,-0.04315705392443692,0.10638020637206819,-0.5348893468950451,-0.382537564635973,-0.507312938861387,-0.5612005276497468,-0.5244631905885248,-0.22261778256984152,-0.6353027639624944,-1.040928289746243,1
-1.2737424139032985,-1.1148756539341358,0.7617303116548892,-0.2764107276751556,0.12423121326409695,-0.05310904123640753,-0.8605019858683202,-0.24100506557788812,-0.7849252727089518,-0.9397881784769301,-1.0461138831828383,0.026873670469725303,-0.3089509080003524,-1.3690287406168156,1
1.3470068523282968,1.4013517619837883,-0.06815086116625638,-0.27470429972348065,-1.0070403971471533,-0.6754521719317409,-0.44241294748115867,-0.39660731140534716,-0.4798177134156758,-0.3928791763197016,1.4240039554639905,0.049118515769548385,1.5028686394665642,2.744582676413818,1
-1.7933350401427288,-1.4276793726806183,-0.07907949091347784,-0.30171540206423386,1.719933780880667,-0.543715599854167,-0.024022935248053996,0.421509911328927,-0.07110596135265632,0.03201067265294792,-1.3530467635558412,-0.22567085749546018,-0.9147123420171483,-1.312337965456912,1
0.7144349185014214,0.5852809731268407,3.027225616299959,-0.25905373713113733,-0.05394989441221379,-0.1189761380855299,-0.9873196913217476,-0.3636217364189171,-0.9238134686132089,-1.0508104330795125,-0.6825746031105113,-0.2255674419483161,1.2258607353268027,-0.35661068308933813,1
0.5548971871613068,0.43225547473553383,-0.0697812926200902,-0.1753756577867243,-0.4753486463230587,0.9640547652207281,1.8653955589238,-0.47818988763875236,2.0597236125777654,1.6131876486115893,0.49868496563877246,-0.22501797019674352,1.879813536396239,-0.273941147725783,1
-3.5500577944800873,-3.3485192591572184,-0.08888988890031162,0.10521705642256596,-0.4613991889381647,-0.5466358110262988,-0.2856991597367865,0.2994515249864912,-0.27802885869226707,-0.2913944292962039,-1.1111638556849917,-0.22566258110751447,-1.2792991494052912,-0.995252495521034,1
-3.076121588092466,-2.8531775668358543,-0.09321550891923207,-0.26066366331397756,0.027898018368148567,-0.19360989117936409,-0.012359829422838855,-0.21329376545756992,-0.06840821796161409,0.05415099051289058,-0.7776616668463251,-0.22563157929126923,-0.8073781653427756,-0.7857747615318718,1
-0.09326650588959762,-0.08702290995934939,-0.07100841523213121,0.176331733664426,-0.49783312000947433,-1.0894842756826641,-0.8522264397344794,-0.1759874292124145,-0.897260691433514,-0.7888008737000386,-0.7286629819228725,-0.22549977669979573,-0.5125937758180691,-0.09401980160669135,1
-0.10906262093667193,0.14601317005040973,-0.08898810657312256,-0.2763268612334929,0.9883463383106516,0.37405789592336053,-0.25581926010822886,-0.07033198888801902,-0.17739367013540897,-0.345646798613813,-0.24995323909630915,-0.22357076639249449,0.09267326812450782,-0.7966035267655937,1
-0.39858781802462334,-1.5050176210730868,-0.06390265874602677,0.12714827637032405,-0.5770288018441556,2.4725320210330097,5.110861929225887,0.5508259746347284,5.043282312466694,5.1302938612006885,2.3879776388732705,-0.22544374431972986,0.6903636427163641,1.0353951117512248,1
-1.5047389051023565,-1.4711014080234885,0.09673303264709551,-0.26465112348672887,0.2833276104512995,-0.3206389219659249,-0.8220096536868917,-0.30138426978791444,-0.7582033242391926,-0.8878153815542001,-1.1761428119165138,-0.2187455106205733,-0.38786575566615555,-1.3543252380905852,1
-3.521117588351995,-3.22842610797999,0.9457118775107444,-0.3574025079102502,0.31844292291911264,-1.2949854397352527,-0.40271460024321926,-0.4343772650956466,-0.5382926999629742,-0.23740892764890104,-0.36700332595458185,-0.22592592039083642,2.487193130536161,1.1856608114431137,1
-3.814572918542006,-3.7109013721988067,1.2950821920030817,-0.335000519414328,0.28533415807873863,0.29165622802410407,-0.4541419069776363,-0.43088968069936173,-0.36994070902635273,-0.5484570887622428,0.5332436933627827,-0.22509806433457322,-0.26788199578814353,0.2066744184947105,1
-0.4352623504320592,-0.4908082539129454,-0.03204544445521285,-0.08811112042834038,1.443348891101481,0.28360332460751403,-0.2733858631520224,-0.2501387335677536,-0.221473551824855,-0.33161201510508814,0.486267671236885,-0.22421207175756286,0.18614617298571917,0.42835401450193544,1
-1.1770837983868279,-1.0794131975668693,-0.048183467163937115,-0.30691213027480835,-0.7570381984222984,-0.3650359375038432,-0.44706930366789777,-0.14068459496389124,-0.4141653824136653,-0.48072959602505794,-0.4699870593307285,-0.22373980785783584,0.012080761978549237,0.09440931650484907,1
1.086503750713438,0.7244729190205503,-0.09031033088685596,-0.021559623792554994,-0.2681815057405429,3.808793846738199,5.100397346297005,1.6749289799869165,5.042945502638788,5.107961501865457,2.2922024287063034,-0.225361624345326,1.7810055151819626,-0.4398650340584942,1
-2.1864109596107757,-2.275475332361803,-0.06398244448871766,-0.15758369797185032,1.567000487299597,-0.37254212579024204,-0.5180529926476173,-0.27658401636594543,-0.4926782059243101,-0.5419569196250444,-0.18098266700395396,-0.2253992574538431,-0.24648541383850237,-0.062195296121188556,1
-0.42034018214179425,-1.5424357599473955,-0.06358655282658228,0.11097343069573337,-0.6097816191538807,2.5123298353949064,5.07489760758051,0.5046838040455702,5.0087678435143985,5.093039169881243,2.42476697074935,-0.22544033190145338,0.7116311965458009,1.0788245431198886,1
0.8997342951039886,0.7375325250927046,-0.01827253338578192,-0.31864537801804355,-0.9737056338269665,-1.5975263518322025,0.9869066463253873,0.7975214214420348,0.6922859294498762,1.324054257729983,0.10781137713729644,4.846305234284398,0.3594084387033252,1.6575727235562614,1
-1.2454422432464995,-1.0235496263867785,-0.026037437582616507,-0.24548093346134298,0.3010277628451009,-0.4769437349175839,-0.5285398060894494,-0.12613101248568126,-0.5282397604908526,-0.5226295785250616,-1.1629973596213545,-0.22572382109957662,0.044353053183163405,-0.7304433735097994,1
-3.4352910790563387,-3.14465485403583,-0.08932391850460975,-0.3362374104609334,2.1691811384060524,-1.5038469178203797,-0.22124975660790505,-0.30288182269118424,-0.3346054490278769,-0.08440775612003056,-2.162569747289556,-0.22565633722662826,-1.4488206027891624,-1.793828075549237,1
-2.0422197246488762,-2.0684327960648816,-0.07873627758967512,-0.21924242789845905,1.9624313730315142,-0.5502116546772063,-0.5197588305799441,-0.32955619339979964,-0.5046188933804983,-0.5315239244453357,-0.4141703348376679,-0.22553767719623882,-0.571399065018301,-0.09092336044859406,1
-3.2781126025201597,-3.2742344564139345,-0.07957097189333465,0.06411504239983179,-0.7025894702475796,0.3905735232880214,-0.15458487475818838,-0.1327521602943872,-0.2147185110061159,-0.08155091617852298,-0.16405820554364062,-0.2137213891764553,0.4085647140493911,-0.9055454089384241,1
0.10152464454618448,0.21017492003877428,-0.08059471112357199,-0.26910367436285987,0.1117279901386226,0.3334778287070631,0.4913360825378408,-0.07200256057133256,0.5177821263351255,0.4541980747987579,0.08245373278105449,-0.22529829042097627,-0.16026396298625334,-0.07802940607234371,1
0.7104778208388179,1.0997743866243785,0.2547138975874712,-0.3124557793700595,1.3356696245509505,1.6706001177388359,-0.17326451505676121,-0.22961938667776352,0.06021109589460652,-0.4476582386007334,0.32596038743020583,-0.21831148794289687,-0.26278504712062767,-1.511552635951558,1
1.4013622435649884,1.7008646791499005,-0.07644715169987187,-0.34809165919025276,1.9259996240350468,-0.6473170706899776,0.486390662839958,-0.2805511732500097,0.48501887053811965,0.4822490917723264,0.2677947817462066,-0.22522977906059147,0.6755912544037176,-0.4195422828998541,1
-0.7543780797297459,-0.44620424474681275,-0.07107154735384666,-0.07660048002263416,1.216132957269286,0.10970823974908445,-0.4266683779881053,-0.3308367570251056,-0.3743662566142003,-0.4835390208648471,-0.6156479874919614,-0.22513710221179853,-0.4103909682543445,-0.9546139131040201,1
-2.769432573938726,-2.642506852892885,0.07900094423003305,-0.2779111487145177,-0.42915622209293397,-0.3474106967030126,-0.48325343790842096,-0.25652889473351626,-0.5162635890987347,-0.4384389890119821,-0.0712099239329444,-0.14575725489208524,0.4167064047197611,0.3560118843907728,1
-2.6581058889137568,-2.7468458824117765,-0.051196604102575566,-0.22635834998595275,2.0423272463916162,-0.586447823866191,-0.7894961052591709,-0.13214464518034302,-0.8351969451377508,-0.7260248905766833,-1.275943993765619,0.7957571639254599,-0.8366019279506738,-0.9833068371030861,1
-2.7504475856890447,-2.811621178778659,-0.0712389389929515,0.00035168970529228516,-0.3679437296066578,-0.03200157034538431,-0.2575396295071164,-0.13801718275218783,-0.2697754629716108,-0.23999877975843348,-0.47244012739016256,-0.22034930352901572,0.30080836506035313,-0.31047282864632764,1
0.17368003401476084,-0.41289907555703054,-0.06528773375970565,0.4572173397284248,-0.680217096536168,3.1296861964915856,4.4958055091971865,3.395413184444867,4.737617212356258,4.156192598490393,2.011253157240873,-0.22545718582232865,0.5317224798078826,-0.3175399744475267,1
-3.762806464347729,-3.6340856394217527,0.05515709899141235,-0.2982209646224271,0.3872811430172201,0.159756632630189,-0.3288429225628874,0.05267883684248047,-0.3328325271182567,-0.3202207962751645,-0.6263207914033919,-0.20243732973739093,0.20522761912699627,-0.5526171465926297,1
-0.0955604728621014,-0.09349220153417262,-0.007545048428212867,-0.33836113362758435,-0.08595758932225639,-0.3656270522290117,-0.12950555831390317,0.15744027461356536,-0.11149886600473329,-0.14929124441004507,0.10035293700778503,-0.1509376005574135,0.5380924423774112,0.5225601543002056,1
0.14380089215081515,0.30993603602163855,-0.08185842181343468,-0.28143065150083435,0.33717943534618533,0.4944098188421722,0.5561145369095786,0.010229655997657624,0.5612282629511463,0.5434672323676123,0.14098558001893288,-0.22043861172085447,0.06613342745779578,-0.1722566700191937,1
0.3572909386797572,0.18617759538376522,-0.004214610276601322,-0.33219744575198357,-0.3118334623742781,-0.5513801615581682,-0.7768418972767214,-0.3964039818647541,-0.919318474392866,-0.5989330197476037,-1.7053656260260714,-0.15156477466423932,-0.5107303396230868,-1.5382745535011013,1
1.1224000138245938,0.3015204842325545,-0.07201021205669446,-0.33070550129904747,0.15787313277835374,-2.3096309736879137,-0.0947443646535225,-0.42693213380892436,-0.11802601323756642,-0.06605450918733034,-1.5615579956496883,-0.2248207891399352,-1.4290965553596806,-0.503063113123593,1
-0.7517976229337617,-0.6715065116349617,-0.05589588639201276,-0.3287936522807408,1.0135212733137533,-1.0515426812817656,-0.41423499965518235,-0.09832661608187188,-0.4441094746417151,-0.37395152874856197,-1.3878792854013757,-0.21585141356113308,0.013524933123385097,-0.8673531220214246,1
-1.149241419935767,-1.0495328914453514,-0.08146252347722237,-0.2972433169762376,-0.0900915831072655,-0.6051339451961854,-0.504241038953829,-0.4381448326178093,-0.46912585337689905,-0.5398418530698912,-0.7748299680287469,-0.2241713390914464,-0.24282503578988462,-0.19790954420125972,1
1.2924311460148108,1.2032708418420284,-0.07625545712580555,-0.3520720908641538,-0.7782191460313579,-0.9819384276006501,0.28375458385479646,0.6351640314468927,0.11498908222567272,0.48021827433091907,-0.35254030995071717,3.785224768106969,0.46949502430726464,0.7114880553890173,1
-1.568058215455594,-1.2973512220956245,-0.00025445147931249523,-0.3069204663247784,-0.017804408035851815,0.08693879121769532,-0.42743289759412856,-0.27621193009121003,-0.47238692914793745,-0.369137969306513,-0.0821571742907537,-0.1872960128533881,-0.15776304122468163,-0.24838426301858385,1
0.0752982832189284,0.4032311476496643,-0.08078537405059948,-0.2711557345279332,2.7440729518952747,-0.8154739370953037,-0.18626170295481903,0.05593857650388087,-0.24752165809239748,-0.11151861400280404,-1.220480947082528,-0.22459458219220663,-0.2154678411366668,-0.7909331321553875,1
0.005598036903028597,0.1618025978811317,-0.07708643962590954,-0.08747278983910212,-0.0696795942336317,0.1844004117928384,-0.11018873146376677,-0.28874731683419247,-0.07840505474367052,-0.14651609549817585,-0.10189546125118529,-0.22447852517598438,-1.2003468271364484,-0.26227242491423747,1
-1.9668405513415859,-2.811299087867582,-0.0753715378903988,0.976771880163681,0.1980739474981589,-0.7116562238154114,-0.5318737771086177,-0.387399450205342,-0.5125509569931357,-0.5484480141333307,-0.45143182039915264,-0.22143908380231217,-0.5449964769537893,0.0002898823054495736,1
0.9609411632706593,0.7280687318249576,-0.06134428454965591,-0.3389914734802201,-0.257249426242927,-0.7037350944124334,-0.6834744152634082,-0.39802535669901123,-0.7835093602858613,-0.5569255206232745,-1.0386045794421732,-0.18344190325389492,-1.6030109992110961,-0.9257295660613785,1
-2.463623317555504,-2.4743301403724027,0.07093856796956015,-0.23315016241422362,0.40278094017239535,0.28613351863085357,-0.7376951202493863,-0.2887265151556177,-0.6202836290599827,-0.8679717328023203,-0.7766248853125046,-0.22467534589861515,-0.16708139571645497,-1.378152597415787,1
0.8928091285831824,0.9110550958746595,-0.08652582803262565,-0.35295615948438774,0.7427181334768473,-0.6348467723396394,-0.27564316359407137,0.15848554823122107,-0.21822603294202736,-0.3403605584308545,-0.5556756037510222,-0.22532348396480165,0.2652522242250797,-0.48979683164703103,1
-0.2005868164366664,0.005076959423071771,-0.08692196525693685,-0.20996899546056425,1.2504230506798646,0.2517575640417869,-0.502477311070638,-0.25723060565298284,-0.43878245210659883,-0.571938901222849,-0.3036781856160109,-0.2239427900845147,-0.36484716024768393,-0.8391913542165272,1
-1.94355803474497,-2.0570980978921187,0.16654942037733053,-0.30202891301050705,0.15704342285134804,-0.14216378946247432,-0.6486431169029758,-0.3165197568182669,-0.609321402335857,-0.6875128939889671,-0.39450712001687355,-0.22511712351445587,0.6573061267524595,-0.5684887941427165,1
-1.10636331286635,-1.4117028532242326,0.012637329691717564,-0.34926902360942463,-0.5747007556651577,-0.2251745658723312,-0.6733369570083771,-0.3046058948152806,-0.6563371887442346,-0.6675289592741525,-0.5985767460683575,-0.21842913790092833,1.5694950557762748,-0.9724415527923027,1
-1.2882707408658753,-1.068297292617053,-0.05922077175831209,-0.25401364075636673,0.1454663366731973,-0.24897666291581688,-0.4952131222473388,-0.19697080612114487,-0.5189798737448593,-0.46120158068550354,-0.8011541099536279,-0.20679550107711875,-0.08978502949815706,-0.5687119881555371,1
0.4819496157219778,0.4751516570259147,-0.00013866535975466145,-0.3374311675822441,-0.5011338447724552,-1.4971714385490966,-0.4235873528328376,-0.23726875359852415,-0.5793279530092367,-0.23416076386970913,-0.9068083990833407,-0.20275478044208556,0.27513125215999845,0.32086762041833256,1
-0.40310724705350715,-0.5672995340485012,-0.07618383924672024,-0.30804689463201956,0.7392730008725532,-1.593634636316529,-0.3525536504230833,0.15996452875158687,-0.43062733888087734,-0.2559309147070412,-0.5662532924267197,-0.22569335009263797,-0.721765375592089,0.8946352304801316,1
-2.3726523807038125,-2.4646811392601826,-0.06370846892247649,1.2222136035693136,0.23073184687195575,0.02426757986330498,-0.662827827639689,-0.1584802700445198,-0.6385652227572424,-0.6836986595241187,0.35947368932985896,-0.20285290474799997,-0.44735796192901217,0.7470297175301643,1
-1.9914778482978386,-1.8983893616936585,-0.09172511852875645,-0.28958658391101627,0.08851469842149262,0.1696378163358594,1.0298758916824915,2.693434999399843,1.080025485771253,0.9582875661440201,-0.46886233806975997,-0.2256865281441146,-0.5510878035192956,-0.6230221494051106,1
0.43055458199557506,0.8085416844113484,-0.05465158579381062,0.2531853825689723,0.2811331678407256,-0.38674835000532715,-0.0790104519466015,-0.05331935884698902,-0.12693636312380283,-0.021326981394279965,-0.24863073791653956,-0.22559604456152654,-0.21377663901763688,0.0960952541263454,1
0.4006704227025743,0.4918237654871563,-0.03600155751963967,-0.3603084372315933,1.690899930973492,-1.1663224608958298,-0.14868084687952712,-0.3732946501256633,-0.3240308986685915,0.06070554704893537,-0.13551726744764866,-0.2114805824896549,-0.5595975164672886,-0.1833534291492948,1
-0.4424817000147373,-0.3587455218460576,-0.07787087517909505,1.1218653128666358,0.4439139813436158,-0.5731134690299581,-0.8040884736442285,-0.22476169223142206,-0.8225318302126502,-0.7727185999915751,-1.0312946180632985,-0.22558843304731363,-0.8176907324105773,-0.8633175566938819,1
-0.3241676506871669,-0.24659344182753365,-0.08129594656323978,1.0573060663340885,0.5298705273313274,-0.5661448481034859,-0.8214270361768716,-0.2209296869624601,-0.837255082274836,-0.7929482931300238,-1.0853946592005999,-0.22558843304731363,-0.8156877261188826,-0.902010273055005,1
-1.9572058386788898,-1.5369012857920472,0.025846032851119305,-0.24607168797441542,0.0013688856881665656,-0.9371909306009716,-0.1306475029462711,-0.17015338819717196,-0.25273614646546394,0.015460749515401925,-0.3999869690554373,-0.22494387108399294,1.1907521047789635,0.41558963620692013,1
-2.5157412568524093,-2.3504700695594196,-0.08492198084821373,-0.1980018311974383,-0.4611080764203987,0.4276785657012277,0.5220448127166668,-0.6504592801755742,0.5200511380827049,0.5182169268347426,0.4486608643199266,-0.2239471034321724,0.1577102084659452,0.24514622165181282,1
-1.5554007504737897,-1.6789098753288207,0.02648838417381907,-0.33383063250123624,3.025319842415297,-0.16962305278737858,-0.8865210656800663,-0.2868814750051607,-0.8169426458932942,-0.9583965174246055,-1.1090947578560029,-0.22531056726411142,0.4935949360842,-1.1802218985768353,1
2.095334776774385,2.1253073979015866,-0.02340833771526329,-0.18994995284356184,-0.8441339160298876,-0.15504645020652008,-0.6801386365794493,0.050229544961509665,-0.6394069178455506,-0.7203045753022536,1.7869908641318262,-0.1573237830233499,2.325175283633828,2.745875139924543,1
-1.6355299674597779,-1.5130029691370581,-0.0927140459534538,-0.026800616571322655,0.48988286771605705,-0.2601278789949161,-0.4139573780310494,-0.34831480707420537,-0.4137867984611827,-0.4092521563355357,-0.5249308519125617,-0.2256686520021896,-1.0711751433477705,-0.5557013701250422,1
0.8250109310080923,0.8003936551229437,-0.07610352801956823,-0.26536048801617085,-0.18254680713888238,0.30643195386857486,0.024597950525228562,-0.10507914072604002,0.02439569425316257,0.02454584001430099,0.34726415019453355,3.724241410040787,1.2414141789085598,0.5936969943921738,1
0.0030493665014849625,-0.09152760434794216,0.007265774166721965,-0.2568656302747671,0.9361552075316137,-0.5485770521344114,-0.5720038898066084,-0.09374744944915034,-0.6910609692966341,-0.4242531773659775,-1.2812162778352105,-0.22172295810119605,-0.03876566668226461,-0.895442229489854,1
-2.975821770519696,-3.095202754967904,-0.07878909573803336,-0.21715856551572005,-0.6894013310050717,2.1376911869296524,2.1721544093619967,0.0713063161876564,2.283691847136278,2.014338606748254,1.5953226354632681,-0.22460393763107583,0.9762686413803905,0.2352788606410774,1
-1.3723877391543287,-1.0331840419731155,-0.07743403865820662,1.6423178704589263,-0.3716399397507376,0.36363955792758584,-0.5396342755073206,-0.3730192169243317,-0.4584127902922388,-0.6294078606318524,0.21556446427253356,-0.19639110240464436,-0.3182979344766742,-0.012134163309876267,1
0.7827203622673274,0.9009085092140195,-0.06971618239121882,-0.21338911868946042,-0.45569574396978807,-0.5083963318175955,-0.8991043702436615,-0.4113176373239062,-0.9227619651671328,-0.8604342063236787,1.2988063767462694,-0.19235896624991136,0.8999500979475217,1.3918643592053463,1
-3.697600144951161,-3.5185843002679325,0.9735859477602332,-0.3581979174831931,0.3164728036078528,-1.4238934997291652,-0.5157387766838999,-0.44716729728685845,-0.6471097346737148,-0.35407475731089566,-0.4488331486325101,-0.22592690234795695,2.5772942704288093,1.1239839984760596,1
-0.1211592865048392,-0.015510871223251205,0.5987908946505223,-0.35182321951430173,-0.03805271503358865,-0.8937960897365661,-0.61558531207486,-0.3100108239790518,-0.660570384060394,-0.5550232050276158,-0.3414089618353894,-0.2254106256761219,1.223697820062211,0.5030220601354483,1
1.3855682624075063,1.4396092743044813,-0.06694467125884214,-0.2784119892868642,-1.0016114013625428,-0.6410139080729742,-0.44540422817061537,-0.39740341308677923,-0.47977783418961367,-0.399424053441253,1.4541463633866556,0.046764509470392554,1.503078877556291,2.7500448065757053,1
-0.5189914285612967,-0.742176179762562,-0.02010345672234767,-0.18185831092568147,-0.24406919830738277,-0.18659993485724619,-0.06577292353371947,-0.3241073175850517,-0.09673646666112479,-0.028330730069097178,-0.16745110503645122,-0.10357911511334397,-1.3485528556658009,0.3845347905567488,1
-1.2270647167676303,-1.2726064408553248,0.06053874604314005,-0.28796367168281456,0.005022270678399221,-0.3503207673689931,-0.8671217190482872,-0.374185918157145,-0.8844932582122736,-0.8362737163958724,-1.3337636186901807,-0.17889073189302324,-0.5314059841161348,-1.4098204036538906,1
-0.2749919629331933,-0.5792393964578408,-0.03959705537779894,-0.2544120043719151,-0.33600768876177267,-0.41936213221954227,-0.4549306164962096,-0.4085831224509125,-0.37946685973458244,-0.5388908490202542,-0.8946497505042877,-0.1195658611661548,-1.308743350969319,-1.3113561740227628,1
-0.46132403585640974,-0.22731373280454628,-0.06770388638138346,-0.25520477903527095,0.7274504046419876,-0.562952456108609,0.014127355896754457,0.47920634270804957,-0.03250236971593563,0.06917198463551857,0.49967980208731927,-0.21705458404692912,0.8254340021726949,1.245231024793634,1
-0.9720509762345168,-0.8705688568908374,-0.062197082788147035,-0.3064921091874954,0.6655607665204764,-0.5330757071558261,-0.4671311796915539,-0.032723141648338755,-0.44492994447892964,-0.48788109641091504,-0.7890050682046856,-0.2254949521331126,0.10290926957641659,-0.6492684433243157,1
-0.1369409593023043,0.1017046531842962,-0.08464345768745116,-0.297032907192819,0.5797499302165164,0.6778270834585104,0.6786204744193012,0.039326777000460424,0.6580013423837343,0.6949900271610236,0.19036658083576138,-0.21517201687555557,0.3016252484844676,-0.379215899595958,1
-1.726145045587465,-1.5456387527609232,-0.07869064718344165,0.2811421454411064,1.0366519106856815,-0.18782106007676122,-0.5010191759119134,-0.34747746833742144,-0.4694852996981652,-0.5324177205083739,-0.9720869143365619,-0.22520330976590072,-0.6597104682969352,-1.1608234517436604,1
-3.4411071674574427,-3.2894062028008992,0.6612731828115561,-0.35716996043076293,0.0055000812905972585,-0.5669443933034066,-0.6054012150120563,-0.38066245175052926,-0.6414706185825452,-0.5555164640766999,0.05731388087625378,-0.18248340134182311,1.8186848674531801,0.6457336904001147,1
0.48252840538907943,0.5656377989526893,-0.0667723920401515,-0.24038692758496033,-0.2720705603502738,-0.3349922764558961,-0.8715499998814706,-0.3994672588399793,-0.9186510071052262,-0.805448215997496,1.4519249212128826,-0.196487765752168,0.7460545041449356,1.2455752130398046,1
-0.7849999029024699,-1.0400823430693285,-0.06111331364631102,-0.3194795003676705,-0.2690324481873301,-0.5795894404011575,-0.725976907192732,-0.4449979143152652,-0.7683416074277452,-0.6672088400419947,-1.0974543659480733,-0.17253790530230742,-1.5088720696037774,-0.898031754577672,1
-1.8860528412010302,-1.6672141629242292,3.2063537063223437,-0.33556375888284673,-0.3565046677640006,0.30201754565071803,-0.7747702034881221,-0.4211418699689118,-0.7318167726714976,-0.8164449725950329,0.5825756202353581,-0.22559132116384545,-0.24655737065369288,1.4627291096193704,1
-1.448119160656129,-1.362234275931126,0.1381395781915617,-0.22608001856351348,0.6319314639395195,-0.377200858510814,-0.7787098387142596,-0.22925228801520742,-0.7061692247791143,-0.8553707198062698,-1.425713997223314,-0.21082768191390566,-0.5142228034411194,-1.6236282691474382,1
-1.1018893400651428,-0.6619333397108699,-0.09214643569256983,-0.31382194393735896,2.0017684259760786,0.1652602654982142,0.02941966582051215,0.41490049773043786,0.018499319638547777,0.04200119106842354,-1.1377062656241144,-0.22567406134329035,-0.8758765154280482,-1.6279002044677942,1
-1.1653368227932042,-1.2165820646345087,0.011821623273864518,-0.3250675356686524,-0.5136139180297907,-0.35734683873657686,-0.2624243488667755,-0.18498999354933304,-0.3019874415536324,-0.2124686513787789,0.44766831432376075,-0.18433394472258594,-0.6303419834585244,-0.6468215992202373,1
0.21002395993400316,0.23014336322909446,0.0014323874566938705,-0.14566652287586312,-0.12789004780694657,-0.3435971410899643,-0.20600440587482205,-0.14130808262899644,-0.1891114584933658,-0.22356451378550485,-0.12239883184336253,-0.15521472014236765,0.13238710691554442,0.2272520219372211,1
-1.046339091442857,-0.7921104380775682,-0.08444492514992645,-0.24617313613010014,-0.11917983917356623,0.7455550693581579,1.3403366463600443,3.332091265550817,1.324843134649465,1.342792971984173,0.1866488735825248,-0.18515641447137052,-0.7061285857732126,-0.4594340641907244,1
2.12592272153578,2.0592465849469828,-0.04181708454342623,-0.23943276059370844,-0.8534786741178941,-0.8312662906196666,-0.35238437215388535,0.062429845619825425,-0.4012110479813007,-0.29039367680869566,1.352334896291524,-0.2198361419398442,2.1964387116216995,2.8402975052649437,1
-0.444824736004231,-0.31605958985980304,-0.07504541154494423,-0.2529794241298795,4.304599465338364,-0.2013315262297854,-0.19340219670325035,-0.2034110758914515,-0.18973980204119792,-0.19544601067933076,-1.3911415661097972,-0.22232023747773516,-1.034050683155475,-1.6624571356940394,1
-0.39760377408332714,-0.0914521200415011,-0.032007746997557644,-0.3153915428994113,1.0250516320937024,-0.22133194904991438,-0.5402679148175873,-0.2879731580242187,-0.49110717128937564,-0.5920723485551087,-0.35309443684640585,-0.22413934941641403,-0.2963911211763744,-0.3081828325329428,1
-0.39999956361314365,-0.7825023758969472,-0.03333102381584249,-0.32853783276781773,-0.9780171403894093,-1.2440614296465824,-0.5945702091582914,-0.156415751810823,-0.6775011275681899,-0.48932730249286427,-1.3134676458485517,-0.21390688112460313,-0.9788686164009512,-0.529264170455486,1
-0.06890760931067452,0.1385144873398198,-0.08882836677840557,-0.18738853330847163,1.1978646858289834,0.35276926591260777,-0.45583062521217943,-0.2130785613897044,-0.39033082505865585,-0.527982328969284,-0.19640505875478473,-0.22390172824231508,-0.364432168127629,-0.7974883691708156,1
-2.1589565165445928,-2.0303634224381013,-0.08783826570630562,-0.24790805506647584,-0.020751563628373243,-0.48563720363738627,0.6225972200468975,-0.10951243784831823,0.6045676237298473,0.6365647428830795,-0.2391612900009529,-0.2194694360423303,0.665262992959174,0.41391279437383816,1
-0.5844030054410341,-0.30784356660676676,-0.08526761148591637,-0.12539198656482692,1.0392861106316185,0.5095790328486574,-0.2930523418438924,-0.20512824092947898,-0.2295321114447635,-0.3647897600005949,-0.24258606011131065,-0.22514649366481826,0.2250093429320466,-0.8993876601433595,1
-0.6194473085689712,-0.25976762313756085,-0.08536733453955002,2.3283570045150714,-0.6688266158593508,0.4761155312274772,-0.7162776320214083,-0.4010621876341577,-0.6887987297004382,-0.7403231199343234,0.5633043002134139,-0.1792345179932391,0.7020234571419,0.35385781044989234,1
-0.0538732892929873,0.1513225376469669,-0.0882982064154884,-0.17779366272597674,1.1872614242651955,0.21189531511965354,-0.4947801078191143,-0.2312736808909053,-0.4377695240407722,-0.5564184025354343,-0.24861670645288841,-0.22393841633544775,-0.36754081333522715,-0.6922242264281055,1
-1.418429460527713,-1.08479676908306,-0.08456883676396676,-0.23049556272960076,4.042971699476743,0.1330220714243517,-0.269160870891097,-0.09789341901733642,-0.22217598902032237,-0.3216027662881499,-0.689626186140996,-0.2256703611253054,-1.0052979419959591,-1.0728660150486273,1
0.8196967801773722,0.805123446379437,-0.08026963441484189,-0.2842747218805312,-0.3302607111617923,0.2990145287532857,0.15456975795205807,-0.06302770914263295,0.131356053484887,0.18022370620849326,0.4442888033203028,3.974793135205738,1.05568184085684,0.7351251865423508,1
-2.4024953204539012,-2.362602943544924,0.006242331479272431,-0.14101162803565753,0.3288766360298897,0.02712984909405508,-0.6698013791960018,-0.3149987167583968,-0.5935269378969983,-0.7521743517862186,-0.8158866086560393,-0.22505591924436336,-0.31020595997547873,-1.147061955094421,1
-0.49324114692626075,-0.1830909302791182,-0.08695083357962344,-0.1413007116178707,0.9108262528460265,0.6278137747516335,-0.14723806225180244,-0.11609916643223396,-0.07452729881436501,-0.23158609911666625,-0.193273365025544,-0.22509979674908565,0.5320785426477833,-0.8772055701130907,1
-0.4991872942988847,-0.2603969441428534,-0.0844420143611478,-0.2899864063796992,0.5018147841618601,0.8051440978142016,0.8571571259520592,0.5136253181378259,0.8360665929887733,0.8719684061402863,0.1877124823053616,-0.21716251259489142,-0.005172052787962844,-0.5507617913569421,1
-1.7201147399625625,-1.690547114574347,-0.015706072698198598,-0.32595767940531,-0.3821164760269057,0.16781495870358604,0.27761210657015345,-0.012342744736782096,0.28531706092789877,0.26519811478054023,-0.026186654209669924,-0.22360097301817763,0.11373193561089193,-0.2564027808599053,1
0.645665906915348,0.5855841400580593,-0.033630098921333104,-0.25060269977474237,0.1241725207311083,0.3574683302254582,-0.3195530868021201,-0.22912671105836813,-0.24064466294927384,-0.40919680324503127,0.09590687934337755,2.987351884694424,1.8389302203940532,0.2585866830502338,1
-1.0222929623870936,-0.704652135898242,0.011064859037348034,-0.3441244013462603,1.1420428131111304,-1.8369097144992805,-0.40627074001887736,0.3375384596617503,-0.5101727548406774,-0.2784290973931095,-1.5306225679509846,-0.19464368577243255,0.2639231534410076,-0.5894854548593469,1
-0.9834659629331188,-0.949566847435189,-0.08007900891109321,-0.03208378716335986,-0.38019934234383396,-0.05530463698241796,-0.6900453098203255,-0.21351314523880321,-0.623349297002811,-0.7608369299634118,0.4426169686660104,4.4586832174299165,0.8137643218594193,1.195247250693439,1
2.1421286254467935,1.9999461559415384,-0.06552811137536811,-0.32339203904450503,-0.8907606106905253,-1.505498008708665,-0.016560124987784183,-0.06647208234426386,-0.1608122838953244,0.1544384879002786,0.9866719168669255,-0.2152126874055308,1.8460316515890447,3.0238536738999042,1
0.17624799611642858,0.17952039832590547,-0.07573872677067335,-0.31861333136709574,0.7873144786089484,-0.6974975667023839,-0.743527859533057,-0.17430135169473282,-0.7213284991922354,-0.760999052371656,-0.3749820429283389,-0.22544850197031127,-0.6106864708773964,0.24469707892939363,1
-1.4802688502702819,-1.6205110018813693,0.06085537478220366,-0.34592633273357926,-0.32306611121105205,0.3734906838474337,-1.0079323177081843,-0.2814214002789673,-0.8896515035412107,-1.0612749505806862,-1.0120656400390342,-0.22481215894618414,1.749228696706129,-1.6543954668614953,1
-1.0601904747619106,-1.0304514074541904,-0.07136826495841,-0.2207319388213672,-0.5669562999161256,-1.2036374983025426,-0.2122494549601584,-0.24118666000764777,-0.2273901291257174,-0.19180600355117178,-1.1206131482866561,-0.2254940924900166,-0.913392489398534,-0.3891704817633471,1
0.37952199755044336,0.3839480198758237,-0.09208287457027146,-0.32679891179209625,0.771963467813714,-0.49297689475183515,-0.22185487701967213,-0.19980540813377834,-0.2067562544403298,-0.23710251091202986,-0.9339125942313229,-0.225449439547475,-0.07397743826540501,-0.7702263050743674,1
-0.20094828192384517,-0.3769775283252558,0.04138605014629365,-0.24123159863300714,0.010146882018992094,-1.0093450281877203,-0.6478566559320919,1.103941858398682,-0.7252345242351896,-0.5485571824502067,-1.863319226750205,-0.21054193537704752,-0.4609995781400225,-1.8942747766424841,1
-3.1550782115925107,-2.896269320844837,-0.0986672376236552,-0.08430076850703919,-0.5513966908914756,2.1293900777090613,1.8092369841576557,0.26006302630643247,1.8644152841258244,1.722455578941838,1.1038503584546224,-0.224662214075563,-1.3258886820572637,-0.11270836547439944,1
-1.472767264328589,-1.455085382859568,0.06806095652659162,-0.263876212486486,0.2225257002293091,-0.4771378023785281,-0.8718319299520361,-0.35748578291295724,-0.8333413035011559,-0.9070718950009791,-1.1924231699682866,-0.22163460747085292,-0.465225351583999,-1.1403376822524647,1
-2.649807768048406,-2.3605236011974293,-0.07392855416380235,-0.2073771166117004,0.5393529723400754,-0.23247749576047563,1.1794358145985417,-0.6892195907987212,1.1170771086477274,1.239290422460525,-0.5438619799617402,-0.16210508667438633,0.16115472546236748,-0.46717147372085105,1
-0.7238256860912959,-0.8735069186064893,-0.01296724098220773,-0.3454614020229372,0.18115017656358026,-0.5153775591738273,-0.8578946136099119,-0.38453023202672937,-0.8871034805641624,-0.813139960490611,-0.3783861944272009,-0.19519044182350181,-0.528114090692272,0.2155932469793666,1
-2.1020998822839605,-2.080096972204262,-0.029240320585346674,-0.25212978492149185,0.34287417338824244,0.7475773657929929,-0.048833677321186944,-0.18763203492462238,0.008816691506037505,-0.11651591849691464,0.09386886079271,-0.22385445407326016,-0.31621734917501865,-0.6649927815098393,1
0.10748335359981048,-0.162168344644662,0.015587651228006406,-0.27884341949121366,1.1275118124103976,-0.5827279442917632,-0.6025839161961806,-0.124750961530356,-0.7617538055377174,-0.4069749761628184,-1.3573324474469188,-0.2209297930080977,-0.02362190797565168,-1.063392591543979,1
1.9934024237219392,2.0444339456661043,-0.05042577516537775,-0.3236713051714115,-0.9384048398609159,-0.4027817262656685,-0.49119240566591893,-0.40014008809952367,-0.5056895269747694,-0.4682042670751193,1.800815560793701,0.02549534175457297,1.536909426994707,2.9966414525030585,1
-0.6149595612917456,-0.5922040914978108,-0.07042901207667795,-0.19760283032496484,4.211858243887374,-0.17013161758944065,-0.19834035605962824,-0.2819718401654116,-0.18662436040378635,-0.2098615274505017,-1.111013699763499,-0.22074877278709937,-0.700740613158624,-1.4178114516568332,1
-2.189678522218265,-2.0298174758266123,0.051336294814898153,-0.3262834865552082,1.8009272220697428,-0.18526411685131974,-0.6392692514490634,-0.32965453457857097,-0.5437697182858229,-0.744767703937576,-0.9605717949670138,-0.22396188737398479,-0.17423251830993683,-1.534037363922197,1
0.9517620020467366,0.30393636145481756,-0.07325150741159302,-0.33425703397441914,0.18776541491811452,-2.3096309736879137,-0.14230713033375747,-0.4177218982971913,-0.18965313470844947,-0.08455995938288453,-1.5317351650016526,-0.22496122120841736,-1.4117682814724835,-0.3463650276779212,1
-0.6116816172812767,-0.4778541871424691,-0.0782033335989663,-0.27595886076696907,0.7277433211979053,-0.4878203493809779,-0.6220512394430915,-0.21196098746736064,-0.598457671478995,-0.6426132757735481,-1.0484053131452855,-0.2256305969687979,-0.3489699200542518,-0.6229318760693718,1
-0.7570654156228324,-0.7233943794827494,-0.07133927063746949,-0.35198460858020536,0.8316317220665339,-0.6340433186548391,-0.38711432157654146,0.008615863622743095,-0.3551675552550581,-0.4203520186366897,-0.6171437960566152,-0.2253358213505879,0.21242086522020504,-0.7146821175706826,1
-0.46815777722308954,-0.3466601360252985,-0.07655073612029445,0.7415192072004269,0.5182550221928833,-0.5258001729077163,-0.7285867555988,-0.21481652809422436,-0.738953261886977,-0.7076753305019329,-1.084744762485441,-0.22562908267102535,-0.6221827725845088,-0.8629104753301118,1
-0.389161435553349,-0.20860003069453253,-0.08136890697632443,-0.28830727613746887,0.38922722117444847,0.523326919077301,0.648454535022077,0.04548597258324874,0.6392743716726955,0.6516373322086454,0.12989624767253602,-0.21937415139569388,0.0615034032397819,-0.32327467325693526,1
-0.0929295831573709,-0.09239743245651297,-0.08544528103881711,-0.3221298049626483,0.9668839743147191,-0.6978109195763228,-0.30784983492522333,-0.34153051409002255,-0.30465124288451084,-0.3079877789351854,-1.1844702747805655,-0.22548470320754357,-0.09807153600097446,-0.9517411883818311,1
-1.6496550011743292,-1.4219450726492833,0.002705975775855315,-0.34212569116171615,0.6983104579706194,-0.06765665385289775,-0.39229802923063206,-0.015001912588562594,-0.3887132800994252,-0.39189212523211225,-1.0725829580156256,-0.203446776591645,0.19922370409474255,-1.206162466059881,1
0.18395229892710518,-0.11030635805507782,-0.04489463101119112,-0.3198075186731155,1.3568825754115414,-0.7827624591453793,-0.7206928275254937,-0.19389099816883654,-0.8225610668850111,-0.5915320137185234,-1.773900970364161,-0.22333723526518726,0.020056645199597472,-1.7413079744705322,1
-0.31423518189870303,-0.25503264348365284,-0.08394482421371012,-0.1639976129811715,-0.26545656774441384,0.3928652274736284,0.39956884104795576,-1.2148573180056847,0.3982083806237862,0.3964430689902066,0.28220588844099065,-0.22561899937954322,0.205781998053552,0.03384457304454966,1
-2.388801431068463,-2.3385286096274704,-0.0068029251620328884,-0.12206231411363314,0.3129165606902332,-0.027870297882476414,-0.6536837280940945,-0.32014684308888763,-0.5862812856678787,-0.7257428418745357,-0.8202891029330781,-0.22514175115920382,-0.3380045040374623,-1.094306200728984,1
-3.13306738868142,-2.9417510875475203,0.49400243250182474,-0.3530548290057245,-0.2561185311438862,-0.2008078646650321,-0.5024621115150655,-0.33302883693541613,-0.5052812254147143,-0.4931677657963537,0.2600367532728509,-0.14641343793750863,0.304730372607244,0.4748850976581143,1
0.25890234772285203,0.10199334498321705,-0.0634176304383971,-0.09373709312953307,-0.2964698188462147,-0.08346005770014271,-0.1616987302617512,-0.14947119323474856,-0.1549607051376717,-0.16776007998023929,-0.014915428023553036,-0.2252974735629682,-1.253681522553097,0.20102426458845385,1
-0.522675277703276,-0.40468447945983677,-0.05868758836000133,-0.18223368372691648,-0.22608249266297742,2.228832688726402,0.356421170621513,-0.06360896434538088,0.5252471740843943,0.152296973069102,1.674419769907162,-0.22240715885083195,-1.1465401231303411,-0.09679155944161194,1
-1.4328870235578248,-1.4365690413198031,-0.06785606772150883,-0.30492802377916206,0.7097803795681882,-0.6298957764954157,-0.4390235254278848,-0.336144816896118,-0.42166313589265675,-0.454374818952023,-1.1535380060379918,-0.22494771727183963,-0.09575783278547091,-0.8502462299686394,1
-1.4522631667904444,-1.8499870279795785,0.16635006463528634,-0.34126729085689705,-0.6022694870134038,-0.2902715166893079,0.5045647497193547,-0.1259938435732803,0.49877198339298434,0.5054424072791057,-0.17006249809565055,-0.21827300375118447,0.3242468153658844,-0.428147675055661,1
-2.2568975977079058,-2.239158640792482,-0.0936953811209277,-0.1548104190509951,-0.258319215308919,0.093937463578736,0.6759516701736453,-0.20218276412057548,0.6784038407481259,0.6650351985128111,-0.1779927268721448,-0.22198796700399914,0.8218784751459672,-0.19780054492439314,1
0.2717968226134083,0.24425001274962344,-0.07992836003773521,-0.2825063747168084,-0.8189626941740626,0.7842719264870147,1.1694460394592332,-0.16339077396385537,1.2576564462513398,1.0511371537353156,0.5105686559968334,-0.21345972489979992,2.096173079434076,-0.17140270976423122,1
-0.5904435402374367,-0.28001017737572337,-0.08566006115072607,-0.09039217262978419,0.8978409860815444,0.6921145009301191,-0.20719941904264894,-0.3822611823239763,-0.13517558210722178,-0.2900232949212394,-0.16520324179778342,-0.22565640763546393,0.5535286284665403,-0.9009103560850932,1
-2.44776293535991,-2.2134989422490206,-0.07228601799603537,-0.3444048716187366,1.3112758751012095,-1.7729810946287883,-0.43501066033751173,-0.4218671228259434,-0.5443645946938556,-0.300372959010313,-2.094646431115285,-0.22567175966509534,-1.493995224397218,-1.054662699914815,1
0.16170001374929477,-0.07369200596422121,-0.059043540343631025,-0.32686217478144497,-0.5128923076627943,1.3482587770457841,2.8457967557431894,-1.9548634131821723,3.203926228003042,2.3880171464295983,0.9861243359580544,-0.2256090432110738,2.53780665949094,0.038348840667956574,1
-3.2388143053159397,-2.984013995749571,3.1163789433911235,-0.33591187469678835,-0.1665754468340223,0.30201754565071803,-0.15255247528978333,-0.4182671591108164,-0.04315881696285362,-0.28027203085485425,0.5825756202353581,-0.22556813955793434,-0.24655737065369288,0.504342455640531,1
0.6179944697793083,0.6151800742280336,-0.03672482244257932,-0.35944358296994894,1.6275005542840604,-0.9948780146391079,-0.08990079094402878,-0.3089150710559352,-0.2669059891702116,0.12074858569867448,-0.049558711240959216,-0.21063703599601963,-0.5346038386245037,-0.01895343718539888,1
-1.644122888249525,-1.3782021983500459,-0.0933602182269641,-0.3167139958788405,0.7017233073831446,-1.6868491482308652,-0.22744163425519281,-0.08734611272221644,-0.3370662182386993,-0.09494406583190448,-1.6456103790429257,-0.22568643689237172,-0.9485907061101295,-0.629166286962846,1
-3.523996755406911,-3.32114629580713,-0.08913695412667152,0.08357152179697747,-0.4345742225405804,-0.5263771244258307,-0.26972344982556207,0.2710915532758744,-0.2656841482765794,-0.2713088026885053,-1.09315654423856,-0.22566084668364692,-1.2518050946023942,-0.9848351898802824,1
-0.7913361375073835,-1.0458105858597337,-0.061380159763314415,-0.32028650491766597,-0.2682031932781173,-0.5815329616836015,-0.7293431011849305,-0.4454515066400128,-0.7731748222395474,-0.6687980985430402,-1.0999887688370038,-0.17319546762698967,-1.5113494283507825,-0.892864461060408,1
-0.38576598478972807,-0.33283544103429263,-0.08272859749283418,0.032633012986729715,-0.44012943568168333,-0.9300311590168575,-0.27388134059034425,0.849572381364482,-0.30207546628584575,-0.23725129536951706,-1.3637746130466444,-0.2256736261065075,-1.337435841289066,-0.957879830206197,1
-1.2562302335514843,-1.0964020343258645,0.15796054352528893,-0.2965579866997591,-0.18983086419756853,-0.6071074095364987,-0.6162986303181441,-0.2529408824453042,-0.5831377067910151,-0.6482571229187681,-0.9156204773548131,-0.18475915440690638,-0.09772549208591541,-0.4643195896255948,1
-0.038244523615369896,-0.34985726433380215,-0.046940684416328475,-0.31789806967678774,1.3661771211894682,-0.5618268429444973,-0.6751086719410724,-0.2203114054815978,-0.7606598817362941,-0.5658084681476104,-1.5685052064065135,-0.22343698771589515,0.006623577808210893,-1.713233754148027,1
0.003992266022001062,-0.0125205317509684,-0.01486619841717618,-0.3414626311947985,0.24770242595745506,-0.42513139047922127,-0.6881391324460975,-0.29965620779474217,-0.782846842941017,-0.56784267238339,-0.11925505372337436,-0.17280606788158645,-0.8664804521896138,0.3233394828233217,1
-1.3975508167199109,-1.1613417747214128,-0.06007115982298412,-0.30228019020500646,-0.3596805579263875,-0.07007174711901853,-0.39790646392871903,-0.22514616533346704,-0.4890660986108287,-0.2852516368121478,-0.27264983766725537,-0.17556793248381958,-0.10576631025147681,-0.28876702935754867,1
0.7561295400569501,0.5921769522670556,-0.0653041441908822,-0.22602315090880976,-0.48204511088301244,1.112137999027141,2.189386025540568,-0.7676587427682519,2.45440708231825,1.849633105409075,0.6323682535108213,-0.2252147097161855,2.1457323239875237,-0.250389010570418,1
1.280055731428382,1.5476025125043333,-0.07198095808062516,-0.2909055260438529,1.798969047595138,-0.4962418907864053,0.39050005101404056,-0.17308635035672384,0.3904061787869755,0.3859820751501948,0.15883239696696905,-0.22569714739137317,0.3125880115184871,-0.39253698974253765,1
-0.7706867201739966,-0.5371612991894145,-0.09690460095921584,1.048471345709538,-0.3034660828443062,0.376834092920635,-0.9819693398374982,-0.42031751085095226,-0.9042104879749047,-1.0623993849189735,0.4570892147899478,-0.18319793436250817,0.7242216409717657,0.3140559536298319,1
-3.550440882347118,-3.4128007377602554,1.0212369548020663,-0.34672984949878666,0.08070060234447574,0.10713680931333547,-0.4698681380314246,-0.39350096109103133,-0.4184983247665327,-0.5251227728128306,0.4575687876418988,-0.19461209892814688,-0.032894021235848114,0.34330412648086595,1
-0.14771040318236545,0.029357658527795483,-0.08537472685447477,-0.22555572866037743,1.1889776139923893,-0.09323964509328869,-0.6020036375162654,-0.2861222523207973,-0.5549724204884134,-0.6505547604329931,-0.4421916649173231,-0.22426173120108794,-0.4222303113685124,-0.5928633268463567,1
0.4707383876170005,0.6258933843676757,-0.0733713271988107,-0.18138741031884711,-0.703349336109337,-0.21285316986045033,-0.958389217263744,-0.4288668283956675,-0.9341853973752919,-0.9756867553830426,1.1900772158850326,-0.1865366345081901,1.0318409733784664,1.6398785183420412,1
-2.9103254412363673,-2.7130378392072974,-0.0735282384551115,0.4487601277471792,0.28848860193160014,-0.07309064924363351,-0.3714519269549897,-0.25276475862570735,-0.34445947168022006,-0.39900912122247845,-0.48987298414538627,-0.22207537562547647,-1.0721967902893539,-0.4427364281715018,1
1.1037835763035502,0.8795165287114347,-0.06523108308307408,-0.33630927879328953,-0.235233544890606,-0.7988205375045275,-0.7208700244426086,-0.4032749917815243,-0.8236664996575944,-0.5906080289763005,-1.0194680882498093,-0.18710354841839671,-1.6141839624933425,-0.6994318829686944,1
0.08732193525669263,-0.21243241635148513,-0.046038489740400534,-0.31829351124615884,1.3615036754884753,-0.7053570692078708,-0.6957814371254395,-0.2014108194693469,-0.7869675306100558,-0.5795641661531828,-1.6750477397430388,-0.22337643432915424,0.009930152284490519,-1.7103838665378726,1
0.07204429304156304,-0.06528894100948616,-0.013155887573883904,-0.2893572123886193,1.038680240318577,-0.6666164890671168,-0.4695553219136767,-0.1873239904027296,-0.5686728191485326,-0.3466286072659046,-1.270685966131122,-0.22235428100326152,-0.04559558588453424,-0.9490928725336543,1
-2.1967307821701456,-2.1142310299708735,0.4409817989029951,-0.3100168555470031,0.44272050670410085,0.23557210702121936,-0.4289176948264322,-0.2930735794759594,-0.35190304247369525,-0.5150226373897389,0.05105551640136391,-0.22514937164205506,0.013323555353274064,-0.3541530076686149,1
-0.08425547015038384,-0.12641053634206376,-0.06261500537013348,-0.3118377629650372,1.0067575231823325,-0.7090382430742579,-0.36652939507601756,-0.3049519106192541,-0.3954821189353213,-0.32790284610499265,-1.2326123684945338,-0.22452755169067584,-0.08198947581859645,-0.9663060539767525,1
0.40601593044713163,0.46292069855909085,-0.046681747956729906,-0.20405289667785695,-0.5817234857531648,0.6861085841132779,1.9234836939933435,-0.2267543555257239,1.8336799859794337,2.007014451714853,0.44918529997359163,-0.22560589214387178,-0.9914876192502949,-0.0038444422779594367,1
0.05008311114147662,0.23798743784552412,-0.08341008555104278,-0.29384821001157135,0.42256904873035717,0.8004214626280877,0.6150310999664689,0.04513461556831652,0.6163261020549419,0.6062069519105002,0.25894439634720623,-0.21413266833144104,0.5370763894825283,-0.3998883876468273,1
0.5899829118285507,0.3189051698309463,-0.06520681248435453,-0.15671982938434512,-0.6850571138486594,2.4640731268716616,1.9927270658536147,-0.2964706177920549,2.2289120117092764,1.6894489145329064,1.5082462285797305,-0.2249581373994137,1.6662822853850423,-0.39867837412825186,1
-2.965770811295236,-2.726751237972553,-0.043466924089325246,0.7861694649892319,0.32443507503773183,0.5158259090510984,-0.4760036692119668,-0.07591574926266131,-0.3558735877607275,-0.6126014215910086,-0.48339021240157737,-0.21595847885987046,-0.7079131376246882,-0.8301934186723445,1
-0.290373729840234,-0.5929179013372742,-0.04028247610952667,-0.25648221616065203,-0.3337666646127909,-0.4278721265480998,-0.46320133842591027,-0.4095890871947682,-0.3910458324109011,-0.5431463803330104,-0.8996109967998673,-0.12120654582971649,-1.3154817435285482,-1.301406752017255,1
-0.5392554972871936,-0.6360555612690337,-0.03381155678221018,-0.05253347036211342,-0.14437847491465106,-0.19907839016141024,-0.08420339802660118,-0.37895027020162564,-0.11660375059046924,-0.04484146366564969,-0.23199326421091968,-0.13656768596983165,-1.2992877931501698,0.21084429785002068,1
0.8871514614876814,0.6849332274983988,-0.06914479990523406,-0.3346017762535277,-0.45433636133183514,-0.05354398157864937,2.970973590304575,-0.5819649594501141,3.1342628864352164,2.7424113231220253,0.9661657518906215,-0.22561356503792662,2.6737809375582473,1.2037568244854229,1
-1.0665049143443999,-1.2871693673602453,-0.0585633361246809,-0.3270208872694176,-0.21103860495649318,-0.3956754474490069,-0.8398030216415152,-0.4135893195175866,-0.9209608658559145,-0.733752453614093,-1.204860728391559,-0.1803403687623998,-1.269316268239668,-1.1513561547781015,1
1.175259186179344,1.0940902907040835,-0.07023671189573998,-0.3362131296853252,-0.5853183398412172,-0.810041253963854,0.18956237347129407,0.5058427403931036,0.06355628503328656,0.33651321005676255,-0.2975824878560533,3.6641516603252557,0.7338565957111599,0.6122119241675263,1
0.13644716956694014,0.08850148835916274,-0.06860482480374355,-0.3148691701803564,0.6186991025112377,-0.9113835222819987,-0.7508810910175036,-0.15589454300515443,-0.7359157933738703,-0.7596995973071148,-0.17201962329769666,-0.22547928097950862,-0.5480744514781245,0.5294037534218945,1
0.16957479499039313,0.11041420762786103,-0.034692452686397125,-0.09743437634222737,-0.7361521191136186,-0.5868983455801795,1.040532345030659,-0.04161892225980515,0.9323912505380588,1.1562423705245204,0.33865910149271183,-0.22098929970384482,0.2922448885263204,1.0929751707738207,1
0.5596369872209016,0.6767153666458694,-0.0675535970405454,-0.20521252371463328,-0.7423268234834557,-0.2783108937653689,-0.892731555208282,-0.4295773318606016,-0.8961750559582089,-0.8780715100042066,1.0857356761508044,-0.18664566114386547,1.0492395683522557,1.6756503163000185,1
1.0601525664968108,1.0930875090373147,-0.05742137017908649,-0.26857121026652514,-0.46320506834712655,-0.7028453714576219,-0.7458737806749888,-0.40515177957066084,-0.8358494087361608,-0.6304959534280544,1.120403320901038,-0.18949163940320582,0.9082133573632213,1.39572806891792,1
-1.1285568314906715,-1.1672007399344817,-0.02478661594352683,-0.28794478227441983,-0.3598031209732725,0.0804732632651419,0.6530139413617769,-0.34449599213544985,0.6073507570566451,0.699340545892861,0.2814939404360976,-0.22461481925356974,-0.05815380941171388,0.23367772206258297,1
0.361184009288294,0.5293201414189385,-0.07465485365108714,-0.17014981471759935,-0.7903144095182371,-0.10907138114074966,-0.979207453852179,-0.43502933416284634,-0.9381968054553506,-1.0161583928138564,1.1518963061138652,-0.18449208711053136,1.0781552608665845,1.7269702070570419,1
0.2327071719419494,-0.5936465664376668,-0.07383768958176978,0.05854789527180479,-0.462198321445893,3.0139591201891065,5.122242593626844,0.9526430935287948,5.053828787455856,5.142527340247791,2.3557691257969817,-0.22540968640924358,1.1517316708277412,0.4563756318406891,1
0.4089491080032809,0.7372405809912395,0.139912953551788,-0.278921285889062,1.306473923475414,1.23104158966003,-0.2726027134334663,-0.23246565146827394,-0.09411912822635413,-0.48070533499613327,0.13211695034725907,-0.22018987178840393,-0.29631478118612364,-1.3066762986121783,1
-0.6981229391903064,-0.6357052980003653,-0.08789495669001991,-0.22288456487904518,1.0442428690385581,-0.438363472319377,-0.4093651015133021,-0.30945487848706793,-0.3917854473853057,-0.4253275975305316,-1.1521381273103923,-0.22556072480687667,-0.20685728829353972,-1.0551396034305507,1
-2.429286583525478,-2.452841441199348,0.09718681665331395,-0.25451162401822935,0.38702794187460776,0.2712651597404914,-0.6603053180033965,-0.27161127542090746,-0.5511526253703539,-0.7817204755891236,-0.6087952623071726,-0.2249140143943659,-0.06315668675225025,-1.2056882830097129,1
1.1499236606669432,0.9035526290807409,-0.05650040289653072,-0.32482901909667006,-0.49747757457798986,1.418381318193668,2.8241978980201234,-1.3315319131386845,3.2278886564468667,2.3127273194762705,0.904984897287537,-0.22559866086674876,2.663210773229114,-0.20573789668936832,1
-3.576833107914241,-3.456499282705448,0.1001264161930503,-0.2668674561593079,0.9288907481829893,0.04851652820113135,-0.7507167524328258,-0.23101457248169316,-0.6730415374188586,-0.8337891168982374,-1.1296778191374393,-0.2013012432699016,-0.2725369134708977,-1.5311308020840813,1
-0.6763587007281802,-0.49507809606621295,-0.056909354722023686,-0.2497449342267846,0.4236371690260397,-0.6730064423378658,-0.4935669602216411,0.028174003249245586,-0.5005051673168125,-0.47950083320785447,-0.9876699078017276,-0.22571804569294346,-0.015430375839507397,-0.1271409313378439,1
-1.4162223364217752,-1.3421736788978818,0.13375096654008883,-0.24427358028214263,0.5582636344993328,-0.2992114273211618,-0.8029154397896088,-0.2864438366165568,-0.7285824576639239,-0.8814116393293345,-1.3303894441661035,-0.212438153567395,-0.5373478059906914,-1.552764133915659,1
-0.521388109563664,-0.3311405652563401,-0.07098849866169148,-0.2522721610644235,0.39739240126626074,0.6441472592836435,0.6606727056342794,0.48234422719844955,0.6208119021511254,0.700038189952487,0.4077203300489799,-0.21825075656442228,-0.057307923792606075,-0.032782193789806624,1
0.6008958416331605,0.45466646977213,2.3107201229387684,-0.28037705276649094,-0.16674155536332497,-0.3524204116613699,-0.9659957507337946,-0.32325004805589586,-0.9231556807045788,-1.0052694393569175,-0.6954227189041945,-0.2254471079143751,1.048941058753776,-0.22760905286439306,1
0.46667077596555273,0.6498494721252762,-0.07806724580915254,-0.2695397775440138,-0.09117459665675612,0.17600062153273438,0.6240936594926174,0.07516150998410794,0.5594617718545799,0.6932230587406351,0.5557305680714264,-0.22563911462407063,0.06041963601662634,0.6522709575129255,1
-2.467197563206125,-2.492241230816011,0.06835201919704166,-0.23808316049869743,0.3759252455105039,0.25040754245497165,-0.7317149889675962,-0.27537555681637,-0.6187354968124744,-0.856814767230032,-0.7701462375206553,-0.22456874921254505,-0.09503435314201991,-1.348293904857742,1
-1.4638399643359983,-1.818341587087096,0.14755931740420586,-0.3532740644620043,-0.559807907733896,-0.23958046428276597,0.4575375543156472,-0.11365600481738636,0.45329285548641607,0.45713969381419756,-0.15862677023981517,-0.2190705755600702,0.2798831953374181,-0.4208039515272712,1
1.0175336488219064,0.7653210675881692,-0.05855890939181779,-0.2850819964635707,-0.5418280839442904,1.6656202469987815,2.627608466821043,-1.0868064177437624,2.9916948625426207,2.1653620213007256,1.0476174436080345,-0.22544721821928396,2.427501236839535,-0.25135592350115343,1
-1.554979608853924,-1.0775811180973807,-0.08173198659323246,-0.06037738065649968,-0.6231085109550237,0.33463152651272005,0.3334159999829895,0.009638866557336052,0.3595347885067446,0.2985375205367651,-0.28615749887121156,-0.22494015953312102,-0.035003549998143126,-0.6743356387840745,1
0.4856689920285375,0.24521924857170455,-0.06938961132757661,-0.3368979007985152,-0.35409171348187785,-0.8089794758543138,-0.7529933761070641,-0.39417639731187415,-0.8488738730247898,-0.6305394688081141,-1.2620664542734539,-0.1880084813976947,-1.5437415376437928,-0.9240225010656554,1
-0.6710466711930559,-0.5976960705072998,-0.08250430662236623,-0.2962648218136753,0.7805684289028209,-0.5392078902053976,-0.6817667377836555,-0.22714427290636605,-0.6502265457364074,-0.7110301151847421,-0.9426515196080225,-0.22556052138939237,-0.5031388872139079,-0.4891284594797827,1
-1.4920348275096433,-2.0400743341546006,-0.09447520089149779,-0.10042153038053547,-0.7121672085690562,3.539490708658804,4.164095220425056,0.6449690379049111,4.15228676866185,4.1287144050028886,3.0018541664130236,-0.2253620506520608,1.0238314363987024,1.1947212486821774,1
1.5487843598883944,1.5206682614272278,-0.0597983837070421,-0.19843366206131557,0.07017160472801542,-1.1240214444402488,-0.5830957949471177,-0.30482106935564474,-0.6787012087141656,-0.4629816268473963,0.5694068625180635,-0.2091514931881774,0.46053072645983584,1.389945293068689,1
2.181758615341343,2.312644571417464,-0.0872313474651401,-0.1666814233107314,-0.11673819658275815,0.540439479592979,-0.35591221344677576,-0.18712227719527963,-0.2831634162175321,-0.4378315872221909,1.3092176733894976,0.16057167507367398,1.5543729016618315,1.2680403128255164,1
-3.3955825664343533,-3.318713210386714,0.0673750907399847,-0.24395004273488308,1.205086309244668,-0.09988294575753076,-0.8003846829790833,-0.24166235297251504,-0.7429948192523431,-0.8588493208776788,-1.2141261748870222,0.04917367668313677,-0.4862384893875098,-1.518845798082121,1
1.9792986070189396,2.092503521666978,-0.08185037768912774,-0.18507344886755617,-0.17927859194984308,0.3160153499708739,-0.42630379365247867,-0.22647856892616325,-0.3829282229072537,-0.47260924308955554,1.2751349797239415,0.09738208935828783,1.4377352757761046,1.291089104500427,1
-1.2890142248014953,-1.3388909750397417,-0.07939664589507936,-0.1061203210037264,-0.8383359422489991,0.7319558409363414,0.2850607957161149,0.16348078363360163,0.2949832527403203,0.269932862283037,1.1824731834133466,-0.22549315819527285,0.3914551297288239,1.0680937309921787,1
1.1127420148397933,1.0236345175182837,0.0036630942947503894,-0.3352740895248841,-0.364516573352467,-0.13261575079561816,-0.32803974332915287,-0.1515555623399975,-0.2767117033351508,-0.3849262002326709,-0.14120378206932133,-0.11341492319855562,0.33550337758625925,-0.07338680871166581,1
0.9032151246377722,0.9372536975178736,-0.007052940237803666,-0.32361816322902254,-0.4292044656931251,-0.15370912819620436,-0.3165235982092023,-0.1329922021068462,-0.3095011435303919,-0.32108637909038906,-0.090937909398971,-0.12967802745556542,0.21776115882358069,0.022603327583833377,1
-3.446816778741009,-3.374548691352624,-0.008202486065666856,-0.06631099521404588,-0.09253094268549023,0.22705776970679542,-0.14713198372367747,0.017454834440794584,-0.15203607591263027,-0.13958112065707035,-0.4755461822864097,-0.2098693963378848,0.4563037875577939,-0.5878424353027607,1
-0.7914808201733032,-0.7970654090603603,-0.05884101848007643,-0.33262009700271344,0.6333027902047101,-0.6379457690113913,-0.7303764928243288,-0.2693236244020849,-0.7422052710875386,-0.7077124429990124,-0.661758789335463,-0.20779829370224567,-0.7815933673196795,-0.12632083744006814,1
-1.7360786430981612,-1.3595821080810286,0.025463357803887643,-0.35325451462108326,0.5803505709657585,0.08447276342011496,-0.35593417262318927,-0.03512513198896042,-0.35763048490313565,-0.3497062782992091,-0.9159748015086844,-0.20038114350378672,0.26499252205011964,-1.0271211139884882,1
-1.424666742814395,-1.3778612634586138,0.09803505802329968,-0.25125876579636003,0.40947022545877054,-0.4269828757369426,-0.8481563713785336,-0.334946843829877,-0.797117848724085,-0.8985343778655461,-1.285488129698121,-0.2169955081983316,-0.5409756409400436,-1.3151537090888303,1
-2.0112997648383892,-2.189557960180095,-0.04233446506128297,-0.34028073423362626,2.8678153897683627,0.04900529959131317,-0.7067091566110375,-0.21714225569682855,-0.6650085130424102,-0.7477073780394935,-1.3844084327638315,0.3793200979366874,-0.48683276416606336,-1.9516486260866495,1
0.21422487231747503,0.521021977587078,-0.046878171844062504,-0.30382173608355,-0.4390582801485784,0.0914734825421798,-0.1880830628803756,-0.08261952415408608,-0.23687671739288813,-0.12807915233587305,0.37236043141690783,-0.1924938677774798,-0.4198658974213326,0.4338593959816719,1
-1.429290219449229,-1.461332219981688,-0.09247323679929129,0.43632064652704516,-0.40638464559369286,2.810365881334478,4.693781642702672,2.0081280517005498,4.7313578789932365,4.593647614323457,2.1791337048113975,-0.22544536469089416,0.5792349054070438,0.13537838202923308,1
-0.25421655245085567,-0.20649174854232055,-0.053802008475084526,0.1541891278863724,0.005488759714942337,-0.27880011461548593,-0.026888694703508756,-0.03398124575997141,-0.08374098295904348,0.04074621597496909,-0.24882768036479055,-0.18824718740729665,-1.2970099209304928,0.1145979660372633,1
1.7493963414848124,1.6833175787873,-0.042117005399887594,-0.23305773516446504,-0.8533423419173346,-0.7546367736510642,-0.3283678415815451,0.0034140416809437524,-0.37051529575334397,-0.27457040383080766,1.4650688969994263,-0.21985909206308457,2.294500616628655,2.978622004099072,1
-0.016309172649853557,-0.05396800266250641,-0.005269566712864797,-0.3283501240618842,0.14382477015935988,-0.3229988534819235,-0.6534738755413827,-0.29582721001943385,-0.7640843589724071,-0.5147586124597154,-0.07173734762545012,-0.16653819908034037,-0.9372452758362279,0.3693098618674069,1
-2.3944678557962167,-2.1957826892335612,-0.08187465255867996,-0.24527143568156667,0.29497042620724495,-0.3908782872679585,0.8901390227402675,-0.3964135446442846,0.8508030401143059,0.9261629161526487,-0.4050134672609237,-0.19152552827568026,0.40889017643135017,-0.002691809389842037,1
-3.0754967388388037,-2.8527102255837513,-0.09320853437952548,-0.259044156811539,0.028654323176247498,-0.19430993412844985,-0.013301086892346548,-0.21374272396206814,-0.06925830867412897,0.053112944705645926,-0.7767654946869187,-0.22563157929126923,-0.8088820003883015,-0.7839816089854557,1
-0.9455974275509157,-1.4848382752104952,-0.09118171153337774,0.10805273998212081,-0.2875059482406958,2.8373588018748044,4.808069931044692,1.0729217471722574,4.758369033195095,4.8099219030055025,2.461232014854137,-0.22541759934832767,0.7133099619868917,0.706422625233712,1
0.2251188302210882,-0.2534162538421797,-0.07839341971996477,-0.36040232566358427,-0.8438003097618274,-2.3096309736879137,-0.2083194172416747,-0.4035324832133448,-0.3319048952712929,-0.059518082006829454,-0.40906803534736447,-0.2071506214541392,-1.2990890585982298,-0.6672083605339475,1
-2.1274689424367383,-2.190841167647186,-0.0700134676937641,-0.1827883501077712,1.7286434197851548,-0.44516928947134743,-0.5187502994480612,-0.29823780807735295,-0.4975592807365095,-0.5376921542860033,-0.2763043523051467,-0.22545584021933276,-0.37930254390177787,-0.0739386594498279,1
-0.47364882331508096,-0.29654642086037075,-0.07836223299711492,-0.26555252716597794,4.303034769081577,-0.21753348263947136,-0.19119786728273894,-0.21626641577631445,-0.19252679466806538,-0.1873578187921909,-1.4425063486436753,-0.2227765692531317,-1.1025254961551887,-1.7066359023294544,1
-0.7977389027568428,-0.9058865569058072,-0.07224757002687135,-0.300280996751288,0.7825755651416284,-0.6543291363821195,-0.4614376894647261,-0.2658483061290899,-0.44660720525162695,-0.4735277337945569,-0.9075692330350602,-0.22552922811330214,-0.09807153600097446,-0.5290307072336857,1
-0.1965332211528712,-0.014106963303918557,-0.08765554647908906,-0.18964112544587128,1.1601048252622346,0.33390797194972144,-0.4806333400044655,-0.13851060479102284,-0.4261347614920741,-0.5394649863625088,-0.2022653562154692,-0.22495781038661,-0.40259884198526413,-0.6984865403677564,1
-2.046563796208137,-2.102701543014905,0.04120553266064697,-0.3268833160930722,2.415887440157893,-0.22559331469581154,-0.8994011586804765,-0.3138912908279596,-0.8319997126806032,-0.9685462713706328,-1.3178431852774273,-0.07722003743983652,-0.18504771153647354,-1.5886709508760881,1
-0.11478092671281931,0.03574919936328665,-0.07767969985727756,-0.09542805208818825,-0.07232496773588626,0.158169012006251,-0.10962430526518975,-0.19120042577855564,-0.07637668425346975,-0.14769174887072023,-0.09114867910779996,-0.224216528924445,-1.1723353889324453,-0.21739262561019998,1
-0.7635656361382622,-0.7688745362849545,-0.06557358277289065,-0.2799208235339465,0.6368448032140119,-0.6587176861689689,-0.47637276006998386,-0.15398184884541508,-0.46896118278336185,-0.4795013745555092,-0.9100997061559989,-0.22560073104152154,-0.06716140974964681,-0.34776640395091635,1
0.4468911496778057,0.45016679353517364,-0.09138769195843462,-0.3305661324244172,0.7552219460162563,-0.5130000608903212,-0.2376671532296656,-0.14430005395604467,-0.21600090121174714,-0.260503768785758,-0.8889499865614642,-0.2254273290094467,-0.030526577598558285,-0.7309392040544491,1
-0.7981680572834864,-0.9055780823179467,-0.07204118146385974,-0.3020364078339336,0.7697424668856483,-0.6490048213402603,-0.45427442538906726,-0.25083590041226245,-0.43575083345726673,-0.4708222234629934,-0.8457918403645802,-0.22551309259194255,-0.0743437494733381,-0.5131609058850564,1
0.37530871429088036,0.7534400712385084,-0.048657123378435155,0.1222402790836992,0.07087557559943808,-0.32318894078221705,-0.10779061244399217,-0.04119272886471108,-0.17177142144521929,-0.030756110433545834,-0.09885534597791551,-0.21409044417627668,-0.19085834109602456,0.22389465838615474,1
0.01082785416015783,-0.08922785383058697,-0.03252706894914993,-0.2981619554175104,1.0261773738868512,-0.6832314132255813,-0.4292041388750153,-0.23339419704686026,-0.5008408679164013,-0.33929446682829567,-1.2557740429450766,-0.22320546522447796,-0.05984963396053221,-0.9558345952864387,1
-1.5273486461675687,-1.5079531370388624,0.08188350642331062,-0.27070104263462086,0.1925592057774086,-0.34718381123280495,-0.834163888452082,-0.313090638440108,-0.7767821797217939,-0.8922184397563825,-1.1316845006634129,-0.2210195536537868,-0.3526816810506684,-1.2669877843991437,1
-1.2309047708735807,-1.0394899153494634,0.9348357426030962,-0.2817368829362691,0.07956975819723278,0.07007125810627121,-0.8537897980233813,-0.20735549718945848,-0.7680093398944936,-0.9452373413224897,-0.9971640483751821,0.08942197582551073,-0.25003905573109786,-1.437134434565775,1
-1.4354261617295105,-1.3436002017424022,0.1433571432860361,-0.17528655557856188,0.6897099307994549,-0.2210724093876184,-0.7816360724404026,-0.22600581457056207,-0.6934564371561212,-0.8767797061059581,-1.3642224108155436,-0.21037799242395155,-0.5698791371545711,-1.7093941487932836,1
-1.5853212557033083,-1.496975287057557,-0.07333951945533863,-0.06712253193917242,0.8036457150630353,-0.38706875430382737,-0.42593012233076366,-0.41941759135345374,-0.41013319675998017,-0.4395854043820455,-1.0107642180494274,-0.22560667939707552,-0.3134163776031486,-0.9519393047659299,1
0.7219915445241841,1.0837536519766506,0.2508169649376877,-0.30279439656292084,1.0163613324329535,2.198512312732439,-0.0884976678085301,-0.21241910140468967,0.19744307975280845,-0.4260177869440549,0.8140075889852518,-0.21822391134779573,-0.5101242950971394,-1.4355198970069467,1
-1.714224987764141,-1.9032602168748147,-0.03471860954291434,-0.3472625974675282,3.243573702195416,0.10216281722954226,-0.7261473273485148,-0.340826235820466,-0.6567936675471651,-0.7996577781757293,-1.3020598029854302,0.0662310598724154,0.28734256868500807,-1.6934468658279656,1
0.04025262346176664,0.10956640858352643,-0.07485155644152677,-0.2695920846798426,-0.35371439205687577,0.24381388230426942,-0.3054349833895972,-0.17683366532355033,-0.21181559065186076,-0.4126646380432084,0.012512526958298768,-0.22421376101193663,-1.4180429493304303,-0.2292606128672749,1
0.32265868563048267,-0.2071848470044897,-0.08661705279104379,-0.3587863146647597,-0.7599663192097378,-2.3044894296159346,-0.07860398644919889,-0.39809763827221856,-0.18903160005706898,0.05308003809468915,-0.16867950989492203,-0.20958350948639115,-1.4317514276605667,-0.3717049866556486,1
-1.295995911273669,-1.443704226690798,-0.0191512635644783,-0.30303550827380527,-0.0990767065736059,-0.17789872111251392,-0.8679157501348242,-0.3526815799506326,-0.9184292902283033,-0.79781642574152,-1.2167173378788578,-0.18288771948212676,-0.7621295326039514,-1.5086416941806264,1
0.6755456549605785,0.5020782389804974,0.0013815010938149647,-0.3040439610641957,-1.0259722165888083,-1.6353666859381732,1.2721816032841502,0.7669518448910055,0.9462537858409008,1.6430167529647999,0.4306568033334307,5.354195588765216,0.34950031277017607,2.055478421603256,1
0.10008105695403216,0.22449919623926212,-0.06685460565609037,-0.19300496228630593,1.0695352750385403,0.3043897122167227,-0.4918955457094024,-0.20793176988565515,-0.4269274580927458,-0.562990146952572,-0.1961039323875705,-0.19396956281991834,-0.2592775399250773,-0.670738312972645,1
-1.548999424958985,-1.3958071160912147,-0.08786766761855039,-0.2524805994936144,-0.3757678981405752,0.6746340366774609,0.8184501581947585,2.4944249576211703,0.8665402279694894,0.7518067354229344,-0.05247400779934688,-0.22568382591952296,-1.1874412689134883,-0.7160024993503292,1
-0.6650316244324863,-0.8075672583605559,-0.04825116880383081,0.02750426237171244,0.046976105222635456,-0.1405117561827381,-1.0284477408876904,-0.4419990860312647,-0.9624826817766738,-1.0943623305638246,-0.13368795130293248,-0.20769187083806762,0.0936161798842644,0.22927051249639394,1
-1.445630654298042,-1.105697799715835,0.201140438368905,-0.35199596066673466,-0.24545461583999245,-1.2485175782940732,-0.3925870626506815,0.2035158673273478,-0.5104486503796744,-0.24837874714164684,-1.650372734766871,-0.22562954271085836,0.8506559862721762,-0.9715747428816889,1
-3.021852289245518,-2.718178425221775,-0.0956774142324963,-0.13321742190021857,-0.4729842863695505,1.6309271729321848,1.4079743332311894,-0.039479066844332,1.4497968168825424,1.3417636411037435,0.9323351656196254,-0.22495605615971062,-0.926106448787757,-0.06390021061778459,1
-2.7037056872622616,-2.4597512567913973,-0.07278080403025616,-0.34478700373021753,1.5791569643011774,-1.7905750329629928,-0.4249569023981174,-0.4236433815628449,-0.5276133260354128,-0.2983685942569412,-2.1102464212813596,-0.22567685635997864,-1.4913292037411272,-1.2097216150442671,1
-2.087163444012354,-1.7112601982909665,0.38309927274193045,-0.3068157140238399,-0.1573632791479834,-1.0169465915438367,-0.19121594206951056,-0.06358508783906854,-0.3094397144128808,-0.04896590496118624,-0.8550073596208332,-0.22537940454361152,1.242793643888676,-0.10991381333965833,1
-0.5918395938971568,-0.8429637620065275,-0.030369173702361075,-0.33306145480573435,0.20551816835310938,-0.37472010496448505,-0.9980040414477158,-0.40688275268139507,-0.9427356255999684,-1.0516141214022583,-0.42916470229438536,-0.21872675947042677,-0.148626090759232,0.16641453885376586,1
-0.8237799092736257,-0.9363552790030779,-0.0711788797225212,-0.29943147652837987,0.7756671552071317,-0.6127531325790558,-0.46089057721344706,-0.17500575010896435,-0.44353844343839394,-0.4759728757136493,-0.8273017989590326,-0.21443997756998168,-0.11304407251408904,-0.4658665052656418,1
-1.0640625266624506,-0.8761339366232174,-0.08381599155625752,-0.2560375454416509,4.311641458307726,-0.29832149808239017,-0.2510667769482501,-0.33563811548864764,-0.25460777006503515,-0.24389781661595378,-1.5670264367795137,-0.22230068873879297,-1.0549405277381914,-1.8522888298092166,1
-1.5323924957149904,-1.48251125520691,0.06806095652659162,-0.20414905475353853,0.4538384638323747,-0.8205033702107234,-0.8291451680150846,-0.21910181721174216,-0.8118797011633464,-0.839759428149144,-1.5222325203312983,-0.2176102063735739,-0.4747185417144372,-1.2430675272612026,1
0.7778627379656826,0.7466115273744993,-0.05196858489515882,0.17119273238609795,-0.07160126078295392,-0.8405108504889449,-0.5177625037384056,-0.3284402511708427,-0.6166514902418598,-0.39453489309735623,1.214724412133877,-0.2021444743593595,0.27403759331631006,2.0611978325839413,1
-1.6434867209259996,-1.5755374676528648,-0.09238932199741816,-0.09598105127250607,0.443463168231626,-0.3777755661824084,-0.37803690759253317,-0.3108038151577992,-0.38611744170409845,-0.36398773811837903,-0.6160555414530047,-0.22562072336970138,-1.0973360245501245,-0.4850352911267438,1
-1.7408242710314576,-1.5668254432396194,-0.08687475355301952,-0.24841861819356403,3.283938569748424,-0.33055877599811045,-0.3768099669942842,-0.3092036480969255,-0.35646740105293206,-0.39642981905351626,-0.7118853598331852,-0.22567375178726645,-0.9748542344644918,-0.6210427323937048,1
-1.6770379018527877,-1.6589255703741828,0.06806095652659162,-0.23381467326350627,1.0318898461251047,-0.8692188015004567,-0.8839130378611337,0.2624210094872479,-0.8650452626451188,-0.8957752794654421,-1.50851077487707,-0.22074607097312815,-0.1991324243828058,-1.1933884023341261,1
-1.3960016932986758,-1.2947650775923834,0.22184849664214545,-0.2427719035534092,0.61568035951244,-0.18709642744256336,-0.7779079251108083,-0.24875452127044653,-0.6875627569718743,-0.8756598607539005,-1.3321561580769503,-0.18503978474721183,-0.5116912121547724,-1.6961561607223214,1
-1.8393357953205152,-1.5458425431926568,-0.07956935101840688,-0.08357620443619318,1.362875630564264,-0.22578874324522388,-0.19401568257625895,0.041005405418460594,-0.1983308905641019,-0.18660631409355122,-1.0979319729824288,-0.22566525528798112,-0.7059685807741871,-1.2569542747871842,1
-0.8265552965797468,-1.3396216156927017,-0.09047799951394603,0.162270524644337,-0.19492695531510712,2.687621073706603,4.951483873135869,1.2015051134652772,4.8955864817879915,4.95897274662838,2.3270680971032807,-0.22543012823853137,0.6456397025724693,0.5663336755212154,1
-2.7540924599481182,-2.8345074785284705,-0.06427043702441124,-0.12734829861251915,-0.4022520921461701,-0.15781330626561174,-0.3430618315082717,-0.18069790513376038,-0.3479421332177791,-0.33321651598237323,-0.3855016362280683,-0.22044628250533105,0.23216557641539937,-0.1636285752616307,1
-3.814572918542006,-3.7109013721988067,0.03840386462111857,-0.3108795317280966,0.3139953727744633,0.1026973744665916,-0.37295506316603544,0.0078080519750837185,-0.3711906292194405,-0.37062310658385,-0.6417926256770632,-0.20518180957818272,0.051374389728493786,-0.6079829903029845,1
-1.6552952029052754,-1.6683438492935438,-0.0919074047180448,-0.19865055334460202,0.3745724847170088,-0.5523744902228048,-0.32472795065915305,-0.25513439245291486,-0.3450538217199871,-0.29681158780923567,-0.751292137493526,-0.22554959330447671,-1.1361609417165812,-0.3801609697166388,1
0.6812630193761249,0.6427720915658146,-0.050015490005944525,-0.2771387854074997,0.12392146324918396,-0.023344915663526623,-0.12208484319783014,-0.03981912916139682,-0.08141489369952898,-0.16879301073233788,0.040671246311600205,3.3399475361747943,1.7096131945606599,0.3042004861832645,1
-1.9693186205558073,-1.684415653830143,0.7072111638777541,-0.3139386698614997,0.5860812266771032,0.2590749955366232,-0.3982102306816004,-0.3808001569189001,-0.33315838989557556,-0.4705145790115882,0.37218438521636577,-0.22455019975681179,-0.24655737065369288,0.18630968887286664,1
2.080095546442217,2.1203861807596818,-0.03596779814906616,-0.25519638770531994,-0.8898142136430014,-0.31006584866009745,-0.5909385343512814,-0.16659931582766002,-0.5802819377094832,-0.5965513228492588,1.792773914208319,-0.06741700628734629,1.9499559263498478,2.906725211701496,1
-0.15487377347759196,-0.06456898230269947,-0.07878937355696602,-0.27069654868636417,0.1117279901386226,0.30958302667360393,0.5016668033159916,-0.19379696327168125,0.5300777544697886,0.46207977572465325,0.05115384943485029,-0.22528908983141827,-0.22328405193492873,-0.16338749848557368,1
0.15022089152245655,-0.05622630867063838,-0.054931137638296705,-0.09272441382726351,-0.31657186775435675,-0.15530189973475456,-0.15002237621846187,-0.1706127311440852,-0.15561883090020012,-0.14161745504235915,-0.06955851097675961,-0.20719951211097037,-1.2924968038573996,0.25029210784577816,1
0.4911946999658361,0.5432066697024864,-0.036302826685660046,-0.3599481903650983,1.664491519981009,-1.0949088976157846,-0.12419657027678045,-0.3464779450983434,-0.3002360576667386,0.08571590716126379,-0.09971204349810316,-0.21112921117248387,-0.5491866362480828,-0.11487416670778944,1
-1.5582996153961295,-1.94521899738814,0.12327375432486001,-0.3583408205115634,-0.4661623301065838,-0.457571401460253,0.6942283306302359,0.043556767390121376,0.6876860432433052,0.6937451222568806,-0.29681234517214516,-0.21984393438018668,0.27866656841466614,-0.33222230951426956,1
-3.814572918542006,-3.7109013721988067,-0.007048471262490093,-0.35044936197308313,-0.5592653314350835,0.11313530197968004,-0.1682541511276801,-0.1296379523336295,-0.12109683014435593,-0.2220964076152725,0.17212973376281787,-0.2110181559023034,0.593052650389596,-0.36773903300527394,1
-2.353531711921223,-2.4054323415053074,0.15509659651576546,-0.30164000785565614,0.35227314072236604,0.23846208016628273,-0.4895653015680219,-0.23385105083329083,-0.3986334514791608,-0.5914300155186428,-0.23852383430700658,-0.22544057295511216,0.16612554426041923,-0.8251916410540916,1
-1.8908445703783967,-1.463089826252716,-0.07114359687066506,-0.22611689294515191,-0.1253664845063177,-0.9275076068798286,-0.05578090424002985,-0.22206517700120323,-0.16914147082201592,0.07910534125853541,-0.444623576690184,-0.2246847365981811,0.6545046922284169,0.3474396392800648,1
-1.8279331769368077,-1.9238340287224238,0.18762804644296577,-0.29899019276470934,0.1761554017789554,-0.14079436000080423,-0.6644538176850605,-0.3616704416167542,-0.6288305636935331,-0.6987569931858717,-0.3701047106706749,-0.22542899465835176,0.6266433130722073,-0.5110185108268324,1
-0.7362096573625216,-0.5016530165576745,-0.0966360107282161,1.0963424579031393,-0.3059531081536092,0.38376154541053065,-0.98064743102227,-0.4212801067450009,-0.9025265638586208,-1.061521792036798,0.45930442233409413,-0.1834783363241877,0.727243115856113,0.3104990880739302,1
1.146330884419867,1.3182708618274397,-0.06927845784518441,-0.35091210503839165,1.7343620342126138,-0.8256346063688845,0.3453787545843264,-0.2755709026510606,0.2720872809076402,0.42806555376262206,0.1600161175401587,-0.21987068752242078,0.30182741197568463,-0.10805883482908651,1
-0.506524828828885,-0.2633440816110348,-0.08334895394148188,-0.2997567351689427,0.5733712090909716,0.6687151594754357,0.7443251340880587,0.22237140978477027,0.709908091184958,0.7762532680655634,0.18680023460421316,-0.2154504616038389,0.2598498247828408,-0.4166872338010502,1
0.23597163013759728,0.6158380299037038,-0.032111393182061784,-0.3004704203612709,-0.6129024128499888,-0.1519165142722234,-0.23100208109439258,-0.030126639719085406,-0.34843958438278777,-0.08921138982038551,0.2686150055669635,-0.17628943220009785,-0.1165982258738866,0.5172066547909018,1
-0.4820499244359584,-0.48666613462865316,-0.0648223052584749,-0.20331677863507938,4.284885097887092,-0.05753903571238628,-0.21355039845966106,-0.1165546144819079,-0.18168372084520637,-0.24875075427813143,-1.0696058048405923,-0.22122644110817527,-0.7747720374642715,-1.4096534462237904,1
-1.756443064200467,-1.7724916004779347,0.06806095652659162,-0.27572006919305947,1.4302939379509179,-0.8081178869305786,-0.9470719187344511,0.5888764617199118,-0.9219861749581875,-0.9655478613580066,-1.4021434128813768,-0.22434412113766403,-0.005231083834089781,-1.109771994748779,1
0.5284617839613599,0.4879101246306903,-0.06601175164619677,-0.17642203212454596,0.1655403237106774,0.2635485300785364,-0.43413516700649724,-0.23243212858034995,-0.36334986485052945,-0.512802374625781,0.1127111463995693,3.202308048304107,1.6483578238510472,0.3311645199960729,1
0.24705638498236987,0.07792325442201986,-0.06286012869871288,-0.08916538159663204,-0.30962968911338273,-0.1031453653948245,-0.16248766479368595,-0.16848366412273164,-0.15757341776882602,-0.1663802109865904,-0.05183833846605805,-0.22535240073099103,-1.2725613277541967,0.17210096142756937,1
-1.6495256901156932,-1.632242774259042,0.052179490023660416,-0.2926866707120273,-0.2620065458366641,-0.7254393899511993,0.008163419182762963,-0.1606712576835615,-0.10621660698455798,0.14349874097099188,-0.1996414019727723,-0.22165707802992077,0.9710342218106122,0.31531616552194536,1
-2.7470657802866443,-2.6391267439946624,-0.08458169194544832,-0.2655428073136957,0.5510996476466613,-0.31905890201730125,-0.19538917202796574,0.015797892697489213,-0.1731942914850466,-0.2193528902798364,-0.7360601128017542,-0.05925443418489393,-1.1150058612683422,-0.6353735067363723,1
-0.8054728977615246,-0.8264953621718609,-0.08608834832599485,-0.32095617320900754,0.7959368562550085,-0.6137921693659648,-0.76831280980245,-0.2712836383576579,-0.7269637856429325,-0.808164423488557,-0.7238999019668426,-0.22546944422401008,-0.7177752003261394,-0.22615324004823878,1
-2.8031289401562263,-2.8509785401371484,-0.05602022851945156,-0.2706515047582161,-0.5898135538405932,1.9568731276854774,0.3127210890438672,0.30680230767687966,0.49834350711357833,0.08922707074560902,0.9792683099640196,-0.1290818515939124,1.7966129833216968,-0.44885834784226164,1
0.5132394619817808,0.6337323908054637,-0.06655697406805641,-0.2705604023946663,-0.2248106126277844,-0.004921201971315403,0.7173945253709556,0.021213433778910926,0.6341308626580668,0.8074789255004442,0.4806509827675439,-0.22562384384535042,0.0362207637338537,0.7690720817191053,1
-2.079636406358849,-1.792721300154116,-0.0907000061027168,2.02481366834773,-0.31817159214467744,0.3587397104271346,-0.7648975214829931,-0.4020089851134005,-0.6896952935068219,-0.8448736326337442,0.08433110136796326,-0.19647181167132519,0.033187532238927064,-0.19324916771772843,1
-0.07924046220905559,0.03487798427483971,-0.0675824051683075,0.24807560996846245,0.05182414234312885,-0.2951581421261055,-0.03197053129673753,0.05998205111858781,-0.09062037670866507,0.03785302548111018,-0.2514165048656889,-0.22558803888811454,-1.2754625991341715,0.028618560256985462,1
-0.0778511238909231,0.09558506670893352,-0.08070856911878324,-0.28816169914863526,0.4330580364918897,0.5405178051881684,0.5933182521559631,-0.06862867490573948,0.5911963119341352,0.5887973390768443,0.13662464575973987,-0.21836331860559016,0.10351548444998823,-0.2921050783631362,1
-0.5268797779024281,-0.5931358751410978,-0.02619817685660185,-0.07351087005353259,1.4619703660352583,0.2778767339359913,-0.2397086072443388,-0.28015575401400694,-0.18720001771581812,-0.2990400067057027,0.5304860461729506,-0.22408367158850234,0.3062418134942789,0.4994835654007434,1
-1.9421009526202526,-1.560049632560138,-0.0804997285377672,-0.3007002907328037,1.886230965047598,-0.32212303458322933,-0.009168629999241135,0.5286880161019476,-0.04077087014381696,0.028358807733745085,-1.324918113710877,-0.22566548244702023,-0.911668196904168,-1.4542059248608816,1
0.5786831211897823,0.5071488567960244,0.052854076183565024,-0.3098350413233869,2.108766152375844,-0.5593996925023543,-0.935056375374485,-0.11469322094397856,-0.910284174861176,-0.9533035024333713,-1.0655322298166798,-0.22527508141084548,0.14222476260019873,-0.8991781064778216,1
-1.343372733635889,-1.2899109241970441,-0.08130392747279533,-0.002050805305312764,-0.5664229905723475,-0.14555700059913235,-0.7054239551515769,-0.19536752299376478,-0.6476079610202022,-0.7655188523652703,0.5690946495941525,4.903651200443696,0.560971630263022,1.4493423708774293,1
0.6066626977895728,0.47818860193254675,-0.0933592223719686,-0.09087321745994476,-0.24607242118719777,3.058351057518017,4.946090244375626,0.9759343689832314,4.846437740851503,5.005451458566549,1.95272996974317,-0.22533413678148795,1.601951656130245,-0.10172566778867004,1
-2.5041091824215265,-2.5088930330777064,0.06930552152857494,-0.2316148627686435,0.4252274708474171,0.2792476168733451,-0.7484939204201962,-0.29032359251448414,-0.6311192292812857,-0.8785989469430451,-0.8088681814394653,-0.2238575803039175,-0.18439584552055788,-1.406841047779853,1
-0.7354412454813688,-0.8135365666036488,-0.077447544525415,-0.3083732188692888,0.8462678389242733,-0.6687421024034774,-0.4452460455177343,-0.27635752952763226,-0.43442875545824805,-0.45277619390826634,-1.0597815856018655,-0.2255243457621411,-0.09807153600097446,-0.7007582961349291,1
0.26894154164029915,0.2866074346791976,-0.06828156837461094,-0.23580463072761287,-0.4808987339929245,0.13129434128073209,-0.4232740265709014,-0.007015970904774724,-0.325465837215184,-0.5340665357159304,0.11452509588079134,-0.22490653685482687,-1.6339078834711296,-0.03347959519101214,1
-1.207631862934381,-1.2571997176552672,-0.032323764287690744,-0.32578044064809836,-0.48273001131817184,-0.22357344852362265,-0.47902877293264734,-0.2728862065064112,-0.5395943685178513,-0.40163727865928395,-0.35797094348707587,-0.19302494724478297,0.6880369638656543,-0.5421471231852051,1
-1.6541390849304807,-1.723446661605046,0.026325145667866645,-0.33299003907792213,-0.4278615501247949,0.06293464099427454,0.3239323081698894,-0.03842493983737815,0.3285609309047138,0.31461176219736775,-0.06028218072510909,-0.22243466260341463,0.15650609536993318,-0.2987263958013371,1
0.3783582011152125,0.5806266620123244,-0.057035719012201364,0.5388323243265206,1.3120980385557794,-0.46294950364292337,-0.6604737039492716,-0.0887342401944725,-0.6229261826006003,-0.6971024970200572,-0.961725999035422,-0.22423857737222466,-0.7522610064430393,-0.8034375681415546,1
-1.5698818823171177,-1.7654625203139218,0.08000301942651274,-0.3419710329535752,-0.4862823717893152,-0.07100752562900892,0.383087622495802,-0.07173439005994225,0.3837874764032111,0.37771770180858305,-0.10382541927914404,-0.22094517298972335,0.21113277613091058,-0.3527776878683294,1
-1.6805774982528585,-1.645575802993235,-0.06629914078005064,-0.2761792143071085,-0.9855922768293157,-0.5249437171749358,0.23044866488107846,-0.12166056495115682,0.18106605812714383,0.28618850348374314,0.6522202910322925,-0.21717535361618265,1.6028206791239175,1.5191466738362176,1
