economy,year,GDP_Growth,Inflation_CPI,Unemployment,Current_Account_GDP,Reserves_Months_Imports,Exchange_Depreciation,FDI_Inflows_GDP,Exports_GDP,Imports_GDP,Gross_Savings_GDP,Investment_GDP,Manufacturing_Value,Domestic_Credit_GDP,Broad_Money_Growth,is_crisis
ARE,1990,2.7536218099513228,-0.003933720218182907,-1.1226432339442933,2.1778573993163226,-0.044102305664952594,-0.24451868391876644,-0.5673660562017498,0.34574788527350214,0.1404785607941068,1.1123479570443957,-0.2564729467275328,-1.6060301418247993,0.13125704805642585,-1.1119143225743644,0
ARE,1991,-0.6476968223492442,-0.003933720218182907,-1.1226432339442933,2.1778573993163226,-0.044102305664952594,-0.24451868391876644,-0.5224752841913027,0.34574788527350214,0.1404785607941068,1.1123479570443957,-0.2564729467275328,-1.6185616022331637,0.13125704805642585,-0.005095791610033743,0
ARE,1992,0.03585030230890162,-0.003933720218182907,-1.1037770227234918,2.1778573993163226,-0.044102305664952594,-0.24451868391876644,-0.4920635294899692,0.34574788527350214,0.1404785607941068,1.1123479570443957,-0.2564729467275328,-1.590267879475875,0.13125704805642585,-0.5257232655918711,0
ARE,1993,-0.5374036776157656,-0.003933720218182907,-1.0629733565947812,2.1778573993163226,-0.044102305664952594,-0.24451868391876644,-0.41439220234468277,0.34574788527350214,0.1404785607941068,1.1123479570443957,-0.2564729467275328,-1.5444868798060747,0.13125704805642585,-0.8505034276896563,0
ARE,1994,1.012494924243759,-0.003933720218182907,-1.07767145138308,2.1778573993163226,-0.044102305664952594,-0.24451868391876644,-0.5136177572587803,0.34574788527350214,0.1404785607941068,1.1123479570443957,-0.2564729467275328,-1.2581137483931895,0.13125704805642585,-0.35362274909856883,0
ARE,1995,0.9551728105315587,-0.003933720218182907,-1.0851301860517693,2.1778573993163226,-0.044102305664952594,-0.24451868391876644,-0.43263406072723526,0.34574788527350214,0.1404785607941068,1.1123479570443957,-0.2564729467275328,-1.211379531925594,0.13125704805642585,-0.23189617919123745,0
ARE,1996,0.7106211095316366,-0.003933720218182907,-1.077232702284922,2.1778573993163226,-0.044102305664952594,-0.24451868391876644,-0.4647973419762776,0.34574788527350214,0.1404785607941068,1.1123479570443957,-0.2564729467275328,-1.2455680434220213,0.13125704805642585,-0.4080533645778805,0
ARE,1997,1.368460564315875,-0.003933720218182907,-1.0618764838493857,2.1778573993163226,-0.044102305664952594,-0.24437237992565583,-0.4831010229446924,0.34574788527350214,0.1404785607941068,1.1123479570443957,-0.2564729467275328,-0.9273385609072328,0.13125704805642585,-0.29348964929659077,0
ARE,1998,-0.8038914144293641,-0.003933720218182907,-1.0263378068985731,2.1778573993163226,-0.044102305664952594,-0.24290939479191664,-0.4757464971380984,0.34574788527350214,0.1404785607941068,1.1123479570443957,-0.2564729467275328,-0.7412979568482977,0.13125704805642585,-0.5476919498384613,0
ARE,1999,-0.08605946615914621,-0.003933720218182907,-0.9984772391655291,2.1778573993163226,-0.044102305664952594,-0.24451868391876644,-0.7184871168946663,0.34574788527350214,0.1404785607941068,1.1123479570443957,-0.2564729467275328,-0.7599090817051433,0.13125704805642585,-0.16707755728591042,0
ARE,2000,2.100800930774605,-0.003933720218182907,-0.9864116389661791,2.1778573993163226,-0.044102305664952594,-0.24451868391876644,-0.6087287088096155,0.34574788527350214,0.1404785607941068,1.1123479570443957,-0.2564729467275328,-0.629782585408398,0.13125704805642585,0.03579914460195346,0
ARE,2001,-0.49949532409012165,-0.003933720218182907,-0.9440723509939148,2.1778573993163226,-0.044102305664952594,-0.24451868391876644,-0.34604292447697954,0.34574788527350214,0.1404785607941068,1.1123479570443957,-0.2564729467275328,-0.5823347731992806,0.13125704805642585,0.3832292112113048,0
ARE,2002,-0.21496932953903994,-0.003933720218182907,-0.8966874483928318,2.1778573993163226,-0.044102305664952594,-0.24451868391876644,-0.5166031843756344,0.357003315797213,0.2513910503519039,1.1123479570443957,-0.24897567751913638,-0.6263401364452287,0.13125704805642585,-0.21592950348108764,0
ARE,2003,1.5363276094256568,-0.003933720218182907,-0.8431600584175339,2.1778573993163226,-0.044102305664952594,-0.24451868391876644,0.020609930938331755,0.5669505225817798,0.3601950695311647,1.1123479570443957,-0.32132408360124415,-0.7672606025607144,0.13125704805642585,0.028038842507668957,0
ARE,2004,1.7470013738712005,-0.003933720218182907,-0.8295588363746305,2.1778573993163226,-0.044102305664952594,-0.24451868391876644,0.5592112449137863,0.8169556055451616,0.6189007279279898,1.1123479570443957,-0.6954826907160788,-0.8992005624303013,0.13125704805642585,0.4772446756538571,0
ARE,2005,0.45113534998938887,-0.003933720218182907,-0.7955557812673716,2.1778573993163226,-0.044102305664952594,-0.24451868391876644,0.44127422749473244,0.9483422333776471,0.5767761905707995,1.1123479570443957,-0.6627293765059686,-1.0582676865568565,0.13125704805642585,0.8394466573074435,0
ARE,2006,1.8214718789442985,-0.003933720218182907,-0.8297782109237095,2.1778573993163226,-0.044102305664952594,-0.24451868391876644,0.39789328137121693,0.9824351023943612,0.5332058511903737,1.1123479570443957,-0.8186484035706063,-1.2255601255455448,0.13125704805642585,0.45424844203524717,0
ARE,2007,-0.008396615862301378,-0.003933720218182907,-0.8363594473960821,2.1778573993163226,-0.044102305664952594,-0.24451868391876644,0.3552176795055872,1.1052784072123205,1.0589531705950281,1.1123479570443957,0.21254289920272285,-1.3366437246983538,0.13125704805642585,1.403877848231466,0
ARE,2008,-0.006361375087327004,-0.003933720218182907,-0.8618068950892566,2.1778573993163226,-0.044102305664952594,-0.24451868391876644,-0.2721279515131257,1.3173201505254561,1.261625462715531,1.1123479570443957,0.19496038064723406,-1.4114531804112056,0.13125704805642585,0.34777800323947666,0
ARE,2009,-2.3263319753418585,-0.1917671119092999,-0.8367981964942404,2.1778573993163226,-0.044102305664952594,-0.24451868391876644,-0.45853407005338687,1.3430063043350327,1.4228989351470778,1.1123479570443957,1.3316707424046486,-1.306778076001124,0.13125704805642585,-0.3440753387354976,0
ARE,2010,-0.4434048826070941,-0.20378421442046185,-0.8661943860708383,2.1778573993163226,-0.044102305664952594,-0.24451868391876644,-0.07023627032409217,1.2708050011834386,0.8120297493324588,1.1123479570443957,0.859584258269764,-1.4996570861029297,0.13125704805642585,-0.4386012747478853,0
ARE,2011,0.9686068887744741,-0.20379540316843212,-0.9124824159265259,2.1778573993163226,-0.044102305664952594,-0.24451868391876644,-0.21834221777361768,1.538420378363723,0.8317084175369677,1.1123479570443957,0.1385624379681729,-1.542315028780072,0.13125704805642585,-0.5014262208602717,0
ARE,2012,0.40385977684195923,-0.20757501380818366,-0.9703972968834057,2.1778573993163226,-0.044102305664952594,-0.24451868391876644,-0.13835647847486174,1.8645435894238322,0.9281189989837216,1.1123479570443957,-0.09666299599003222,-1.5465314236791283,0.13125704805642585,-0.53248377872887,0
ARE,2013,0.46854984601557886,-0.1998630095566977,-1.0138334576010652,2.1778573993163226,-0.044102305664952594,-0.24451868391876644,-0.1466853661764553,1.8695917976709215,0.9515993843265672,1.1123479570443957,-0.4933423630524825,-1.5714825869089963,0.13125704805642585,0.42503788827461886,0
ARE,2014,0.390014171308884,-0.17798169226689795,-1.0414746507850305,2.1778573993163226,-0.044102305664952594,-0.24451868391876644,-0.11099253826996465,1.837498643304177,1.0716487944276314,1.1123479570443957,-0.3226348988037312,-1.5384678923944037,0.13125704805642585,-0.35280911007926474,0
ARE,2015,1.0651918197616976,-0.14769075427903589,-1.0866658078953226,2.1778573993163226,-0.044102305664952594,-0.24451868391876644,-0.1700700230899564,1.8076946276307708,1.2917639080066188,1.1123479570443957,-0.4059482172585264,-1.3613618505198561,0.13125704805642585,-0.4817310734600043,0
ARE,2016,0.6719355424464658,-0.19078872361571994,-1.1202301139044235,2.1778573993163226,-0.044102305664952594,-0.24451868391876644,-0.12536700901307868,1.8277157048642498,1.3110029801416005,1.1123479570443957,-0.5301256427454346,-1.3338796719626564,0.13125704805642585,-0.5970666649953259,0
ARE,2017,-1.1761979543298817,-0.1846497342226661,-0.939904234561412,2.1778573993163226,-0.044102305664952594,-0.24451868391876644,-0.11719262799889509,1.8363056401538767,1.3039869759829823,1.1123479570443957,-0.5867666662043496,-1.3173808372278872,0.05193411723426982,-0.550896555643521,0
ARE,2018,-0.4614601593552281,-0.16528740080266038,-0.9894828826532864,2.1778573993163226,-0.044102305664952594,-0.24451868391876644,-0.15095789485674724,1.7089455832609204,1.0391961889008945,1.1123479570443957,-0.4897932548339599,-1.3898567271736066,-0.035206789981624916,-0.6350940289291404,0
ARE,2019,-0.5346000207740783,-0.24243630757665158,-0.9686423004907728,2.1778573993163226,-0.044102305664952594,-0.24451868391876644,0.13279528915689,1.7893737791376079,1.2954914534222783,1.1123479570443957,-0.137726132937984,-1.3687749590036642,-0.0079175777676701,-0.3480030483279449,0
ARE,2020,-3.2753939756136305,-0.24243630757665158,-0.5380100606485213,2.1778573993163226,-0.044102305664952594,-0.24451868391876644,0.3659941060727746,1.945374866765135,1.7874739561777542,1.1123479570443957,-0.2001086234800334,-1.342531609407898,0.2755476337105826,-0.5249423147297915,1
ARE,2021,0.367978168660053,-0.21605117432884632,-0.798846399503558,2.1778573993163226,-0.044102305664952594,-0.24451868391876644,0.25728326503177495,2.0294258378531977,1.7505685719297115,1.1123479570443957,0.24451640446536016,-1.3811829686237862,0.010478313952163401,-0.4683799830442558,0
ARE,2022,1.1825989347681214,-0.12622926739465765,-0.8499606694389857,2.1778573993163226,-0.044102305664952594,-0.24451868391876644,0.1853958581952811,2.0755175663969445,1.8056905590593075,1.1123479570443957,0.3620016900619106,-1.4212859718499757,-0.213625493311408,-0.29603762729676386,0
ARE,2023,0.2987578247502165,-0.19062669342470942,-1.008129719325009,2.1778573993163226,-0.044102305664952594,-0.24451868391876644,0.4150283770339002,2.2323017615888268,2.135335156368083,1.1123479570443957,0.4629122470376705,-1.2604685077480071,-0.213625493311408,0.21503501866037064,0
ARE,2024,0.21367823831052782,-0.18998251613380707,-1.006155348383297,2.4100484973940985,0.09139171066580576,-0.24451868391876644,0.8000413586226851,2.2323017615888268,2.135335156368083,1.1123479570443957,0.4629122470376705,-1.275410158296738,-0.213625493311408,-0.009898807868307255,0
ARG,1990,-1.5628744608746965,0.38314844833203476,-0.2866068274038851,0.47317324683007495,0.20751269471712003,-0.24451868391876644,-0.32140578220623817,-0.9231315104812686,-1.1240054151785097,-1.0710562283122909,-1.7358527675018158,1.7881497185620014,-1.2568205820638712,8.043572658517492,0
ARG,1991,1.6277905440131475,0.38314844833203476,-0.2866068274038851,-0.13948223095521756,0.06743362016709926,3.861587584196982,-0.323547657449577,-1.0109233951616328,-1.1240054151785097,-1.3755953455862746,-1.6245384623153447,1.365406542192406,-1.319896624519233,6.644767078873947,0
ARG,1992,1.2988809586593593,0.38314844833203476,-0.08478224225112324,-0.4979762669300965,0.20878542147036638,-0.07740588972471563,-0.21867523901204874,-1.0156835720161133,-1.1213823641421032,-1.364576457886022,-1.265299045496426,0.9208403025601029,-1.2600922882989984,2.509350501518071,0
ARG,1993,1.3730584120849139,0.38314844833203476,0.7356785713046695,-0.6770995495375315,0.44995293977137213,-0.20850147811080305,-0.3405819366556937,-1.0156835720161133,-1.0756301694576031,-1.0456338601546893,-0.7459962181474963,0.28420362537198,-1.2006826357234737,1.6699280760305015,0
ARG,1994,0.7209766814786207,0.38314844833203476,1.0998403227759572,-0.8144960444050607,0.1836473435056481,-0.24424985955372644,-0.30319623450196187,-1.0156684733567305,-1.0256324424324552,-1.1195333235392864,-0.6977284845661982,0.21017957291016887,-1.1589183482468273,0.15735331628288235,0
ARG,1995,-1.6668420775311552,0.38314844833203476,2.6442371482927443,-0.4220285787227908,0.15479010078832836,-0.24132883436294503,-0.18048709265000432,-0.9453412071654604,-1.0455209468148208,-1.013590388307461,-0.9525725526276938,0.10950252760290576,-1.1656134973640246,-0.9149503550279333,1
ARG,1996,0.6358458271185594,0.38314844833203476,2.2734941603490837,-0.5087541900279856,0.2535537400047724,-0.24489473530270922,-0.1194081375844846,-0.9208730127472955,-1.007290043471487,-0.9376930425976141,-0.7571691128504616,0.16033382516264663,-1.1608763617414843,0.21925494944302115,0
ARG,1997,1.3466722673521028,0.38314844833203476,1.7711264429579698,-0.7938217469715961,0.15552784137807976,-0.24521712618935537,-0.026861978714601394,-0.9165478871326223,-0.9415305682825301,-0.9948567255062457,-0.5480744166612131,0.2820917555382627,-1.1243330182199045,0.571387393272842,0
ARG,1998,0.17472209119446397,0.38314844833203476,1.2950836714563465,-0.9141796477134888,0.20741272652401876,-0.24451868391876644,-0.13783677446274134,-0.9212986399592087,-0.9353663664138584,-1.0604579935477072,-0.5229037210412418,0.21349831969744973,-1.077884477594088,-0.21775051972281362,0
ARG,1999,-1.8154369372730395,0.38314844833203476,1.6022080401670713,-0.8054535085715065,0.4640639785233214,-0.24451868391876644,0.8319220200991552,-0.9405415264030306,-0.9887839955776354,-1.3633156545372735,-1.0634497405088892,0.05932983785814561,-1.0623995737233887,-0.5535368774306865,0
ARG,2000,-1.101282077924377,0.38314844833203476,1.8106138617922058,-0.6244145527250624,0.34301117743305143,-0.24451868391876644,0.059764011056273596,-0.9026317957892586,-0.9856654611310885,-1.2766093420367155,-1.1207492297393233,-0.02286203496778132,-1.0832947657150243,-0.6875133903177056,0
ARG,2001,-2.096917961858096,0.38314844833203476,2.3195628156556922,-0.3228515453762671,-0.118872667490674,-0.24451868391876644,-0.40075308117326547,-0.8832507245442293,-1.0384611821522034,-1.2955534397347752,-1.4525240497774774,-0.09340779732398015,-1.1473472947376724,-1.1119143225743644,1
ARG,2002,-3.8807923075366766,0.38314844833203476,2.8175430420652243,1.4624227157910468,0.10904273891863736,8.627168942562449,-0.17645613905676594,-0.33371730941250305,-0.9184880742384279,-0.42064944723879477,-1.9653425794397696,0.6549858637375321,-1.2624667130439748,0.26584247489994106,1
ARG,2003,1.5463566606854662,0.38314844833203476,1.8895886994606776,1.0167157602523786,0.20764235451960592,-0.47262701631026266,-0.3220609246252222,-0.41389457642382205,-0.8664340083276845,-0.3726211063204175,-1.7097666939830716,1.0312412426039743,-1.3580729116781978,0.7864224521020269,1
ARG,2004,1.5993126563482605,0.38314844833203476,1.4863782782533121,0.2547422467103278,0.22580662052827302,-0.21093552746326524,-0.12716804123091266,-0.48202620501792753,-0.7838705000767461,-1.3484761912450784,-1.1176562497507563,0.4068269404311522,-1.3806750555335452,0.3559688295951642,0
ARG,2005,1.5503776455411213,0.38314844833203476,1.0441191873098687,0.37568714580180806,0.5698489141965505,-0.2733903542550732,-0.10392388345859353,-0.5017051984269594,-0.766035864525922,-1.3575853124584927,-0.8851132730514929,0.30188279089632464,-1.3603581143804144,0.36051108554868044,0
ARG,2006,1.3290978964206142,0.38314844833203476,0.7308523312249294,0.3999199217281035,0.516144454731466,-0.021587349743977385,-0.1471289070057861,-0.5088731852812932,-0.7621079767220975,-0.41156149335297065,-0.9212518550410873,0.2205055377288704,-1.334061140858605,0.294891386459353,0
ARG,2007,1.5932829011268328,0.38314844833203476,0.3780980563057546,0.2810683743243791,0.7814014346850802,-0.18636994171325563,-0.16802789096339454,-0.5207753777748265,-0.72818588179153,-0.3116387503253703,-0.6745106123836817,0.07443833426845702,-1.3091972510531373,0.5153166226568279,0
ARG,2008,0.23167228810105647,0.38314844833203476,0.23923396673869107,0.17712574444822474,0.44308048544030904,-0.17718052203150786,-0.09739422659040184,-0.540457878248763,-0.7258865590452737,-0.44720354086916536,-0.7660563254506126,-0.015105679790906677,-1.3256143241833875,-0.34484804001712105,0
ARG,2009,-2.5121563819927646,0.38314844833203476,0.41648860239459495,0.2939621304880439,0.9894086700507476,0.5288692922943053,-0.3362923818934057,-0.6222134492610283,-0.8748662812267537,-0.7914946635309494,-1.3782304790427937,-0.18302204105698647,-1.3234745906116057,0.12376924861338945,0
ARG,2010,1.900718885479147,0.38314844833203476,0.21225089720196327,-0.14672290829526202,0.5737197793551475,-0.028894942000065,-0.09976784947359406,-0.6427237274798433,-0.8151660927682549,-0.9129302171780106,-1.090825249715068,-0.13709630250751584,-1.3177434590822619,1.0037167053791536,0
ARG,2011,0.7671165302088062,0.38314844833203476,0.09510488799372961,-0.25409709621587,0.09198360438414886,-0.00870085937441634,-0.20130447742779428,-0.6585722304794683,-0.7872827507912078,-0.9127632215789997,-0.9703049666855539,-0.13606944520048073,-1.290152525745581,0.580082987319392,0
ARG,2012,-1.166584779637997,0.38314844833203476,0.10322174630965589,-0.14818110176274382,0.09577682543170896,0.20164383546725573,-0.07858931900093975,-0.7308907422889416,-0.8829032390165258,-1.0506142947915011,-1.3001579121457425,-0.2475747927985915,-1.2649576095252737,1.0626550703784985,0
ARG,2013,-0.22268477210798632,0.38314844833203476,0.07755492406740247,-0.4898142188238408,-0.3123922848286499,0.6290478090180449,-0.24405352508906067,-0.7838925835796658,-0.8663197056316688,-1.1752367457220527,-1.1603545155931207,-0.28376653207757285,-1.2541548881607796,0.6496177982738249,1
ARG,2014,-1.5753621387340224,0.38314844833203476,0.11440984831268945,-0.380834755714646,-0.19565137627955448,1.8142825128107278,-0.37559163091300857,-0.7908157097327664,-0.8940358675478481,-1.0875437518406255,-1.1678157351951313,-0.32568027391458737,-1.294022383833736,0.7975082164891205,1
ARG,2015,-0.1330636853943783,0.38314844833203476,0.182196583978128,-0.5905255146439398,-0.335145758893947,0.37157648851700004,-0.21217882877080804,-0.911812380349704,-0.9800673581279404,-1.2842930684475369,-1.2012408777962489,-0.4296737322707578,-1.281667357568887,1.3012006435475685,0
ARG,2016,-1.4564616249250955,0.38314844833203476,0.2942969785575423,-0.5468808195531583,0.06766362357751535,2.326530892151423,-0.4364100043871545,-0.85224511395387,-0.9108692611780359,-1.2454601622007884,-1.098183511746044,-0.5516738876230532,-1.2972894124758632,1.4131118722928138,0
ARG,2017,-0.10903998380382493,0.38314844833203476,0.3511149867690264,-0.913430145674051,0.2889563861864669,0.28084789468041443,-0.24241742839339325,-0.8917118860994624,-0.8952754418549104,-1.4360986268965539,-1.0026370687664077,-0.6665144081705852,-1.2493547482035279,0.8118365971396704,0
ARG,2018,-1.6041821538486847,0.38314844833203476,0.5426289681150713,-0.9685816018084168,0.5352139980272509,2.7471575464803033,-0.1710494482150249,-0.7897951314749617,-0.8039833930654985,-1.6416512042081486,-1.2806954378376267,-0.45103592167914175,-1.2648477931245343,1.7293485379183788,0
ARG,2019,-1.4346042991450842,0.7218036550977681,0.6792993121913437,-0.21499786087082198,0.26383983846321885,2.8222345474302886,-0.29143157032203915,-0.6757195957676523,-0.8667465795050628,-1.359771532707156,-1.6987972414417818,-0.5423838317764946,-1.280340838045541,0.5897125631612832,0
ARG,2020,-3.60739296385614,0.5191278654298146,1.0342473326013097,0.039078055823784895,0.5312537920266869,1.7536497789105716,-0.3266734005516765,-0.7188704684185533,-0.9096492733292608,-1.197612932945092,-1.6631198444860735,-0.3577386794763389,-1.2537908527685844,2.710997534608097,1
ARG,2021,1.9877483952787471,0.6314961115625616,0.4364516863607923,0.15341026528480908,0.18553283881935745,1.2448666224423792,-0.31021314457281873,-0.6710812557415834,-0.8548826996542473,-0.6575391341698088,-1.0263398530137442,-0.18748302750311796,-1.3057261727841252,1.9217164104549966,0
ARG,2022,0.7717356265027122,1.0536294207377224,0.012839432089071234,-0.1883773765305061,-0.010780324484785104,1.3669207961455638,-0.1443281507123424,-0.7294580659325922,-0.8437824855319039,-0.9734466172342222,-1.1464736641922255,-0.036530390822239266,-1.3135796397028363,3.83096787424006,0
ARG,2023,-1.3947020306922329,2.126619062931085,-0.13326401759760192,-0.6304741137732376,-0.5451556279200793,5.204288946533993,0.0832950319759517,-0.8425905355801141,-0.8997180909733031,-1.047677311958306,-0.7991921295824582,-0.01736008380307279,-1.2619389205506832,7.547470192392984,0
ARG,2024,-1.2536408138479735,3.644858486694966,0.08852365152135708,0.07282729342795127,-0.2907761873522995,8.724723626385297,-0.23682444427387764,-0.7632052640939169,-0.9452231282190932,-0.9908272299095898,-1.4156796598313388,-0.25316065451538866,-1.266948285897656,5.688036755007905,0
AUS,1990,0.0984774623929279,-0.09034827997114357,0.6229200530780179,-0.9376707978468357,-0.3516314340519307,-0.24451868391876644,-0.09380139629119694,-0.768275170064118,-0.7772738442249995,-0.04361274765671065,0.8568412683159423,-0.5149083522744438,-0.31787147636469715,-0.09871958052599283,0
AUS,1991,-0.9900609211183302,-0.1633888777082062,0.6229200530780179,-0.6387315693969242,-0.32882775475973847,-0.23546569659706865,-0.4017094845646531,-0.7384496800325066,-0.8112232043390419,-0.48634356270309326,0.0364826829411316,-0.7278722583580478,-0.3271199493302089,-0.7058098055476579,0
AUS,1992,-0.7651535969360336,-0.20142509647075751,0.874542660871733,-0.6250739895724896,-0.5561845906183743,0.016182956580382168,-0.2864401650432635,-0.7179075992338511,-0.8025320204972303,-0.7920938453721256,-0.2892130486102502,-0.7266080279134056,-0.29071307297750765,-0.38080844784419365,0
AUS,1993,0.2285368975915682,-0.18839578640115232,0.9065713450372798,-0.5920849883280132,-0.5434876778297087,0.09915002893590069,-0.2568725166151658,-0.6891175696416505,-0.7455158130509042,-0.5482519095219974,-0.07096381411151775,-0.6755297082048978,-0.2610264916796653,-0.4674732074916879,0
AUS,1994,0.21011148762220494,-0.18460036234949492,0.6531937408509321,-0.9249746487716634,-0.6357039086009318,-0.544904651749499,-0.30847321141056516,-0.6750158698330521,-0.721298118898833,-0.35890027379835654,0.04511249835788836,-0.6194198861368102,-0.18818172671027214,-0.24548597039789707,0
AUS,1995,0.18572216180957696,-0.13788843307479515,0.37875617995299193,-0.9518316719836815,-0.6777228594264841,-0.30332050007087813,0.048940634111596604,-0.6783785863308567,-0.6692669339118469,-0.5111967979115101,0.34392272329043483,-0.6333354172881283,-0.125523450657121,-0.3210547254368534,0
AUS,1996,0.1789842438831225,-0.17325255284274657,0.386653663719839,-0.6973001065248168,-0.6405954886005925,-0.4711918022198949,-0.3477298042742067,-0.6451060739979783,-0.688259501347241,-0.47898690435207636,0.1344732954052994,-0.6980588860199045,-0.08956661122047752,-0.20931407701484372,0
AUS,1997,0.1933647620247655,-0.21526108716709544,0.3555024777506085,-0.5504121094867439,-0.6476834336253569,-0.010777584867673716,-0.23205797454626353,-0.6373642973018314,-0.7072051713200389,-0.3670161995727231,0.1461025024600677,-0.7802633570071859,-0.009738558615395415,-0.38439867647726766,0
AUS,1998,0.4020877160853645,-0.20409795580111653,0.20566966072959056,-0.8448177418731695,-0.6790296962403026,0.5350018057425425,-0.2249730610292655,-0.6234229602651707,-0.6461483136000831,-0.3902258108424709,0.28226402329706257,-0.7522523835673159,0.06921764700477424,-0.32567071297832484,0
AUS,1999,0.498741980515099,-0.19314966337722592,0.02841502507368669,-1.041369198214874,-0.5343412440361232,-0.35755648742142343,-0.43936542622234864,-0.6646898823768542,-0.634602366223977,-0.5126108347631875,0.36910095903787854,-0.8402239487036245,0.17237020176613183,-0.15396739447542782,0
AUS,2000,0.1928419863058799,-0.14088163621073987,-0.10057720978481766,-0.7198780166322237,-0.6365693817890532,0.2402613550035479,0.044707782497264176,-0.6289144402537855,-0.6032640193892507,-0.4433033538167319,0.38735215272430196,-0.91459736534876,0.2451099556043874,-0.5716664513364131,0
AUS,2001,-0.32551619882541716,-0.14176569417983967,0.0001157082424841096,-0.44204850601253687,-0.5905290888001454,0.2751569567694588,-0.07682506429463137,-0.5388600951218149,-0.583238114389599,-0.49863593896858793,-0.10941341049344482,-1.0236038697250813,0.26202200360682004,-0.1945439881923153,0
AUS,2002,0.20212432559062565,-0.16681737262038338,-0.08149162401493697,-0.7752140587896494,-0.5729431924498039,-0.45092429391215405,0.06479191879950036,-0.5852003679509258,-0.6349726401528126,-0.3714145737720448,0.06789125545909494,-1.093135570069182,0.322268368112893,-0.39880369453641823,0
AUS,2003,-0.03401273530380642,-0.17119264430641343,-0.17845517470789435,-1.1569314226740608,-0.4334669151669647,-0.9416909096141031,-0.22173332592399914,-0.6397235367680668,-0.6186749782358828,-0.45688341079945405,0.3333767603529159,-1.038349941267088,0.487602147037501,-0.0984176944733673,0
AUS,2004,0.27615011718637894,-0.17803461907613663,-0.29560118391612783,-1.2344977429371415,-0.5203357662354218,-0.7521253813611164,0.5918079221218417,-0.7015491976284111,-0.6687962031796195,-0.403033587088649,0.5293124915654238,-1.0314374859993418,0.5603688966046221,-0.16896502428550167,0
AUS,2005,-0.01635424232724523,-0.17190907082119328,-0.37523414523183724,-1.1508689416594549,-0.5137126690495126,-0.4033948518427119,-1.1105093607795795,-0.6668818842668617,-0.6266737461638324,-0.469351284851387,0.5975482524207724,-1.1355717556383804,0.6819664847233343,-0.32197345036400543,0
AUS,2006,-0.12212596649563089,-0.15673533071053528,-0.43029715705068844,-1.1429800591232415,-0.4534672739050618,-0.1838159660215099,0.1256739096879534,-0.6137638423356443,-0.5970077892969222,-0.3867023910145841,0.6053244027938165,-1.2232037596569323,0.789661757321232,0.022195746413573976,0
AUS,2007,0.15802447332241937,-0.17830950742169807,-0.5189244748786404,-1.3797983919248362,-0.8558621151560886,-0.6745194370134896,0.3049074209830218,-0.6030849312715998,-0.5925405301145723,-0.4233929603139199,0.604156774043616,-1.323000288845972,0.9336486522150865,0.18843894235020903,0
AUS,2008,0.11250756414863397,-0.14276442884131194,-0.5494175372006338,-0.9188196096033328,-0.8404577987343953,-0.2549241092108211,0.15667634514034068,-0.6044415707068478,-0.5590707697758643,-0.3590612388354713,0.7936440832964112,-1.339923517973514,0.9578699564799845,0.12402243535753601,0
AUS,2009,-0.3465878999365302,-0.1880889096029025,-0.25918500876899897,-0.9778799585417697,-0.6971867273448704,0.07988246853468817,-0.03051562135382273,-0.5118095358981006,-0.5587261260117194,-0.10446861752172638,0.5738064266567613,-1.458428940086066,0.9718527037807085,-0.5995881277725691,0
AUS,2010,-0.27639531773273174,-0.16792860111493024,-0.3361854754957592,-0.7675756976984051,-0.7791864898109562,-0.8880150831393108,-0.033794776725728955,-0.616613373938755,-0.6361449641710731,-0.37573800483831093,0.47317868755446835,-1.5388241872673365,1.0278934580734227,-0.23649035925391876,0
AUS,2011,-0.22559722801954865,-0.16115392921930177,-0.3649235414251199,-0.6405878382322283,-0.8062495928184729,-0.7202200682185923,0.22218281107750146,-0.5630168069856794,-0.6480533519382968,-0.19741770261218658,0.4183476270189459,-1.64896847182565,0.9651094823871206,-0.349931237453807,0
AUS,2012,0.20285761437724978,-0.1882354223332502,-0.3337723554558894,-0.8427628620096709,-0.79776437070542,-0.26074940528110707,0.06652117826034691,-0.5613771348181521,-0.5997164647206578,-0.07000147943481759,0.6341773340454179,-1.709001693516865,0.9438493723235291,-0.3824405290179934,0
AUS,2013,-0.15416186357068004,-0.176160862299942,-0.23768630295924828,-0.6389459016550131,-0.7548424905672572,0.06708446191335847,0.02332244654701543,-0.6113508383802612,-0.6148733222560974,-0.12125211869570916,0.6574370928666001,-1.7853385388137148,1.0151701675576799,-0.4139493494909115,0
AUS,2014,-0.16881189953329007,-0.1754922562880195,-0.14664586509142635,-0.6105305611468806,-0.7300760050216296,0.06044156470743609,0.15964162005059787,-0.5752863552767105,-0.6111534782988309,-0.1613175752469227,0.45812162511910415,-1.8271610649010583,1.092601973004928,-0.3989620512232581,0
AUS,2015,-0.28896512646436595,-0.19270631590781742,-0.15169147972024552,-0.8196922605485132,-0.7439541840461393,0.6142481847747743,0.025998100357735296,-0.60835834101839,-0.6031453912290953,-0.2760752596816782,0.38086431729623105,-1.8403765862589034,1.2582478159061956,-0.4539683264750125,0
AUS,2016,-0.12633024280236724,-0.19677231189466587,-0.227156324603452,-0.7004874091959516,-0.6773072815587652,-0.19892843682938535,0.04056998939576394,-0.6339160495482331,-0.5992654610573752,-0.520488897066903,0.23849476738138264,-1.8800578400150247,1.390153665606198,-0.4181945398741344,0
AUS,2017,-0.25349403885316063,-0.18496925932823188,-0.2532618959438637,-0.5978077709312122,-0.6323984182495452,-0.3737360963254169,0.05264557408515278,-0.5695330787732568,-0.6281920725250276,-0.3918058250281651,0.017863539735875483,-1.9326912762918178,1.3483848657042088,-0.5306495023483133,0
AUS,2018,-0.09372868087841656,-0.18562374037471605,-0.3074474095663987,-0.5262816979841336,-0.7512017511676296,-0.1336935798834207,0.15135083656742224,-0.5485789905896656,-0.5934392230926722,-0.41352053103364866,0.10043931486653566,-1.9369885942330483,1.3356209710610254,-0.6433124054699766,0
AUS,2019,-0.2808046155802231,-0.1909067658377851,-0.35176106848037464,-0.09384579365035592,-0.7019250739138269,0.07681070832306273,-0.08437009417582203,-0.47499954670832295,-0.5865221595597523,-0.3423875364859585,-0.11827141458412575,-1.9369885942330483,1.2554527865567895,-0.03044239052229139,0
AUS,2020,-0.9209961076916955,-0.2043304354052412,-0.07732350758243425,0.20178116015296196,-0.745141061582824,-0.20097413837166897,-0.31345340517042314,-0.47906923584040967,-0.6398933165142209,-0.18877416742023492,-0.2838962712596813,-1.9369885942330483,1.3817942840821384,-0.050964586490167454,1
AUS,2021,-0.33225776421891123,-0.16888500985281354,-0.37830538891894433,0.34019169624182305,-0.7129469894582022,-0.6048514295000491,-0.20601265904151841,-0.5423901862455118,-0.7313625143441909,0.052161838189560786,-0.19079894771644196,-1.9369885942330483,1.3113802899565885,-0.41643114841497003,0
AUS,2022,0.2855304421767313,-0.10333361864519586,-0.6621760554272855,-0.037084976313458855,-0.8136863348410399,0.11193779249887913,0.12198417598067599,-0.42924595041996627,-0.6526160983663337,0.019037096258714532,-0.04824484690827715,-1.9369885942330483,1.2131265110827738,-0.3565793383378613,0
AUS,2023,0.10146046290265137,-0.1208555151888211,-0.6753385283720309,-0.15531621307849647,-0.784431837507341,-0.05518755842894051,-0.20267540892731453,-0.38870890909437367,-0.5708685534304451,-0.12216184779353056,-0.018101338555109852,-1.9369885942330483,1.0733154872513755,-0.5615287611551424,0
AUS,2024,-0.5065129066940188,-0.16356640372017106,-0.6152299019243604,-0.4777731651805833,-0.8017872792248569,-0.21549646675907835,-0.03817794945542809,-0.4567169418689976,-0.563872653613963,-0.2272402672456254,0.06024313936993232,-1.9369885942330483,1.1225969390488355,-0.42302658375060986,0
AUT,1990,0.3109990058712542,-0.16189157498970969,-0.7297434165436449,0.2607172958217547,-0.9293541875021178,-0.24451868391876644,-0.46715723058890707,-0.08990778259215582,-0.04445304524604731,0.175729113713222,0.5308265378839908,0.6347889829454356,0.3037680618577727,-0.36200831160848,0
AUT,1991,0.06235018681339661,-0.16056383429683305,-0.7297434165436449,0.2607172958217547,-0.9293541875021178,-0.1288499092758615,-0.4970890966513595,-0.12625030412306956,-0.05740562760738406,0.175729113713222,0.567506223746159,0.5603807442760128,0.3037680618577727,-0.3696737559743928,0
AUT,1992,-0.3084450715124741,-0.1485539213570759,-0.6924497432001998,0.2607172958217547,-0.9293541875021178,-0.49717654848668585,-0.4074637943896163,-0.1733713665666476,-0.09563749771850646,0.175729113713222,0.44511966812695075,0.4345839332214703,0.3037680618577727,-0.4548418907355228,0
AUT,1993,-0.7393693697560456,-0.15539100855139723,-0.5476625408080011,0.2607172958217547,-0.9293541875021178,0.006825181348090182,-0.43503230290508355,-0.22890230339348594,-0.19962575776432392,0.175729113713222,0.27663036117080936,0.24929255115460772,0.3037680618577727,-0.43622995470154924,0
AUT,1994,-0.22356640196916489,-0.16731226656804504,-0.7045153433995497,0.2607172958217547,-0.9293541875021178,-0.3222198464554332,-0.3656895567125123,-0.2060960650746764,-0.1207751697553666,0.175729113713222,0.4238740357291177,0.23044641324552256,0.3037680618577727,-0.32685301928938015,0
AUT,1995,-0.1504402046361268,-0.1797900191825289,-0.5268219586454876,0.2607172958217547,-0.9293541875021178,-0.7487229242354443,-0.4081622760061553,-0.16096507876460728,-0.085970380020602,0.175729113713222,0.5438477958721439,0.3302980399514294,0.3037680618577727,-0.4780025742830016,0
AUT,1996,-0.27482225993442727,-0.18650993871077054,-0.32126800615838125,0.2607172958217547,-0.9293541875021178,-0.029265301931034896,-0.2354926329214807,-0.1356940775751023,-0.0405835388085149,0.175729113713222,0.43744520608700943,0.2792264507081909,0.3037680618577727,-0.39911585094886876,0
AUT,1997,-0.29405705197293097,-0.19626295320364273,-0.3502254466368209,0.2607172958217547,-0.9293541875021178,0.41203493023721227,-0.32757241915591273,-0.044886789557466264,0.03683685364867736,0.175729113713222,0.41851753818551435,0.2963423721652676,0.3037680618577727,-0.27177379350531494,0
AUT,1998,0.07644717977857586,-0.20300248829520223,-0.27717372179348443,0.2607172958217547,-0.9293541875021178,-0.18297083921316354,-0.1913964084404121,-0.0008302603201692864,0.06619745218926676,0.175729113713222,0.39530883343723994,0.2846494409314465,0.3037680618577727,-0.24773275231367547,0
AUT,1999,0.15044772306518925,-0.2092141595580857,-0.44916336827149017,0.2607172958217547,-0.9293541875021178,-1.798390128144076,-0.3092439125037056,0.03016340959546848,0.07649025569722075,0.175729113713222,0.3993670237281576,0.3143414200915623,0.3037680618577727,-0.3051107707094071,0
AUT,2000,-0.006991080504670769,-0.1780063967743028,-0.45179586286043916,0.2607172958217547,-0.9293541875021178,0.4168293268839252,0.16725022641538806,0.16365119579834422,0.20037671849737435,0.175729113713222,0.34140698817888765,0.3698302764245402,0.3037680618577727,-0.059485243452787155,0
AUT,2001,-0.5220312726828816,-0.17264413676006174,-0.6009705562342198,0.2607172958217547,-0.9293541875021178,-0.11027410609580504,-0.06424853280005173,0.20488090368563466,0.23496883044157485,0.175729113713222,0.2520150758155049,0.394424405973007,0.3037680618577727,-0.05703553958349974,0
AUT,2002,-0.4759931122187638,-0.18739937771601503,-0.41559906226238946,0.2607172958217547,-0.9293541875021178,-0.47146346402766526,-0.5201107222681365,0.23101882308811944,0.1880544581717279,0.175729113713222,-0.034648579881935836,0.2928250704746731,0.2825295621497346,-0.37963677293289033,0
AUT,2003,-0.5702811540248174,-0.19539175773296016,-0.43161340434516304,0.2607172958217547,-0.9293541875021178,-0.949460272290276,-0.14801351202478227,0.2040277524923804,0.19282193416213464,0.175729113713222,0.08331723533099698,0.23520224529590997,0.2645340577625234,-0.46321839692109357,0
AUT,2004,-0.17869565455387781,-0.18299116182934838,-0.17055769094104703,0.2607172958217547,-0.9293541875021178,-0.6339489650696531,-0.3592281986973761,0.28230241919570354,0.2779924801425106,0.175729113713222,0.03939432310174159,0.20718686971507053,0.2669540177599214,-0.3911314846408601,0
AUT,2005,-0.24605261471822928,-0.17880993284302246,-0.23351818652674555,0.2607172958217547,-0.9293541875021178,-0.2451678178666069,3.6292235086074798,0.33894304598881253,0.3348853370593596,0.175729113713222,-0.0020616726386019023,0.21567687325949578,0.4038415632732831,-0.12014096125342322,0
AUT,2006,0.014961479631429386,-0.1938805509626494,-0.3129317732933758,0.48559276488255976,-0.9320622116348813,-0.2839009138533064,-0.024147350975522796,0.41259109817645245,0.4069016766227029,0.26113493110170094,-0.02572533412659602,0.2909338665868954,0.40681334685863335,-0.07434784821117607,0
AUT,2007,0.15410597549066768,-0.1811046908553782,-0.4030947129648815,0.5752165318608494,-0.9042113987193363,-0.6046823781061714,2.3368870304197347,0.4677723300775765,0.4414541012414381,0.43960689764274424,0.13155157888470032,0.3385245860580075,0.37319908381240396,-0.12088381572274827,0
AUT,2008,-0.48453702163665496,-0.16269857279583166,-0.5590700173601136,0.6926555622868991,-0.9361060903660886,-0.5374685286100913,-0.29417102346053686,0.4909232866582105,0.4674423535370931,0.49544675084025175,0.12654874428466117,0.22294276291663379,0.43470185561580243,-0.3246626640646106,1
AUT,2009,-1.8706690181854129,-0.21031573663642028,-0.30174367129034224,0.3631082618531202,-0.8768891548855716,-0.01048216504772744,0.046169151419784865,0.22565080881372152,0.1950331621362271,0.04048178906366296,-0.16738576212902156,0.03453050794928206,0.47449896674411707,0.03423127941191399,1
AUT,2010,-0.3867082442872798,-0.187343556122342,-0.4087984512409378,0.4254581686675329,-0.8368070186060599,-0.020676156961311035,-1.4397188614468381,0.4250453846899803,0.4254322183229636,0.13881468995524435,-0.19443530967511366,0.06867011538780539,0.49130175456933733,-0.10941897738387736,1
AUT,2011,-0.07906919348256132,-0.1614573960887261,-0.46276459031439376,0.19185295102389674,-0.8580047080554766,-0.4489824384630788,0.3322996762083638,0.5136091180298473,0.558005162355262,0.18678423527140275,0.06522071028321234,0.09154184510543209,0.4395286090233153,-0.3050600060322505,1
AUT,2012,-0.7114693054686695,-0.17553186106820898,-0.4030947129648815,0.17894904179886964,-0.8135721296329902,0.11387325097248478,-0.3239625090614056,0.5147019182615912,0.5592555908798115,0.13859955557285958,0.048475220971669404,0.1112142487444664,0.4011411519033652,0.27585809849335224,1
AUT,2013,-0.9532304176510411,-0.18406400795551647,-0.3026211694866587,0.22075081733140262,-0.8501257524172067,-0.38469551033842525,-0.5793149528217113,0.50045400822775,0.542994637111793,0.10074895493761067,-0.006239236970554848,0.0848121946377459,0.36982085241615126,-0.2847735566241261,0
AUT,2014,-0.6763860061092117,-0.19099391325448228,-0.23527318291937827,0.3172500478187408,-0.8390432751783673,-0.24575656342533242,-0.46784390228430417,0.49935308674492507,0.5253690973762898,0.17655621499357013,-0.022351348952604246,0.09895300578186629,0.26559239810903246,-0.07809189851463179,0
AUT,2015,-0.5257345898087084,-0.2034577029098384,-0.20719324063725506,0.19242351774755867,-0.8206835198764971,0.6035251585265867,-0.8211118287874174,0.4843048159417008,0.4897665243166048,0.1110307376779157,0.006078797654265041,0.10882997748314331,0.22541945283667908,0.18781745443760742,0
AUT,2016,-0.3019277102057514,-0.20354506969361272,-0.14971710877853364,0.3615560293040628,-0.8262562158753677,-0.23438833340814982,-1.6964991057335839,0.4603460187389702,0.45832991288759967,0.29116360999513247,0.08348519048484493,0.18364148369422345,0.16578019718507017,-0.20773805643037138,0
AUT,2017,-0.2592866891610849,-0.18263859120654524,-0.2600625069653154,0.13326592370901538,-0.8698562251211025,-0.3311533010824438,0.014030326683129223,0.514719487603693,0.548204548216035,0.1994518487623263,0.17408364543338667,0.1439715278358854,0.18978729930739627,-0.11614441146986039,0
AUT,2018,-0.20098408184697858,-0.18409522425226318,-0.39782972378698334,0.07541776082121865,-0.8792719217122941,-0.43106596964475413,-1.5211726513390416,0.5597261391020911,0.604210700543595,0.2590124617587821,0.3341362923644708,0.1225834795711067,0.19242119012829978,0.10689150426151459,0
AUT,2019,-0.4015626393505556,-0.1923104329464744,-0.47965643059348356,0.3293422806990436,-0.868171935020408,-0.008552265515865357,-0.9899570425417122,0.5660564558189639,0.5900995425289267,0.411305199236962,0.26643098912354524,0.08409028093581022,0.2225485977800696,0.3001582303419494,0
AUT,2020,-2.6221019778805053,-0.1949285813339243,-0.33903734463378754,0.49572001375974933,-0.7565706595632693,-0.32999164869926234,-0.9755864737717731,0.42763247554795863,0.4341186426901184,0.5450496976740222,0.29148829110700974,-0.0047342918897465645,0.36376316314281726,-0.19165140478840048,1
AUT,2021,0.4698263858383411,-0.17059393972350062,-0.06306416189229358,0.21437017094999836,-0.8039616210747735,-0.3918075436670068,0.10619344913287211,0.5679577517301355,0.6973128418288932,0.5769216135987083,0.6400207549884115,0.0624828089004411,0.3639895824394596,-0.04359791789287843,0
AUT,2022,0.5820114526723472,-0.06901707598187992,-0.38488662539131707,-0.2230061416731479,-0.8401929739185116,0.2846500908128757,-0.043886912785850316,0.7469551137093047,0.9713316364577739,0.399025930574594,0.9148038147588968,0.004808938227025082,0.2828263807139343,0.3767866158037862,0
AUT,2023,-1.1005244123135898,-0.0818936128830232,-0.3252167480418048,0.1450202763543257,-0.8578399359145737,-0.35665693895190115,-0.43941125631127004,0.6507892355921425,0.7587997259505441,0.36118421146231466,0.3525485242797649,-0.12011612534800724,0.17650843523986973,0.4857500011837196,0
AUT,2024,-1.0655505539433987,-0.16758453966030384,-0.3392567191828665,0.18254193014032874,-0.8241948515168234,-0.24893228833889064,-0.11935782998412808,0.5589427506903099,0.6224867666536897,0.0820893800867705,-0.06957676692364825,-0.26218333201927196,0.12760409216033347,0.06106003136560233,0
BEL,1990,-0.021326863598231445,-0.1586152237143605,0.052107476374228225,0.6929784180950094,-0.9263406432453437,-0.24451868391876644,0.10052375686919703,0.7530503234428727,0.8823030109330212,0.1964735732478095,0.06421424714536125,0.301157706268554,-0.19601149046470065,0.5578282401054157,0
BEL,1991,-0.380081753100834,-0.1627098133354602,0.052107476374228225,0.6929784180950094,-0.9263406432453437,-0.15061723312752046,0.18565764439289578,0.7077877266577346,0.8244379640098783,0.1964735732478095,-0.19774086163960497,0.301157706268554,-0.19601149046470065,0.4586692811380175,0
BEL,1992,-0.463262171477236,-0.17654618725016163,-0.00975614646607488,0.6929784180950094,-0.9263406432453437,-0.49600859979345296,0.24353494434650513,0.6613252942321295,0.7430791112779966,0.1964735732478095,-0.24083210616809497,0.301157706268554,-0.19601149046470065,0.17347620533052427,0
BEL,1993,-1.1488310468593548,-0.17080904018175133,0.29210323306675146,0.6929784180950094,-0.9263406432453437,0.08251613582525288,0.23979206916879817,0.572987396940552,0.6130924381560022,0.1964735732478095,-0.35573632230449953,0.301157706268554,-0.19601149046470065,-0.10866276417139203,0
BEL,1994,0.0033091225455254376,-0.17743213879300457,0.635863151473684,0.6929784180950094,-0.9263406432453437,-0.386101929885271,0.02929251525974653,0.6487681620344332,0.686789263527446,0.1964735732478095,-0.341669051733902,0.301157706268554,-0.19601149046470065,-0.048454203181259536,0
BEL,1995,-0.22834158930263285,-0.19341629284041859,0.5682957903573246,0.6929784180950094,-0.9263406432453437,-0.7551988266296172,0.0670485156155777,0.7040175825782894,0.7432278315283309,0.1964735732478095,-0.38028082994899015,0.301157706268554,-0.19601149046470065,-0.07554759984915226,0
BEL,1996,-0.5208087736936342,-0.1827132430130497,0.6003244745228717,0.6929784180950094,-0.9263406432453437,-0.02859339715870832,0.2806151515667258,0.739272407977263,0.8112625687044174,0.1964735732478095,-0.40811398425734663,0.2715638950356946,-0.19601149046470065,0.2528971440589635,0
BEL,1997,0.15917980738379645,-0.1906011749276877,0.48339783986371704,0.6929784180950094,-0.9263406432453437,0.4233145982400253,0.2340263572239787,0.8568144154370826,0.9229102268901529,0.1964735732478095,-0.2916515364017425,0.3122637316819636,-0.19601149046470065,0.14220187422085204,0
BEL,1998,-0.34466691432994995,-0.20253182276177895,0.5650051721211381,0.6929784180950094,-0.9263406432453437,-0.1814931082784899,0.8828451001979692,0.8367922536628242,0.9086701275358604,0.1964735732478095,-0.28324768745070966,0.27001207979022834,-0.19601149046470065,0.3561433425880469,0
BEL,1999,0.0901550922244289,-0.19951629192974316,0.4173661005909112,0.6929784180950094,-0.9263406432453437,-1.798390128144076,6.9334231272106175,0.849504514604073,0.9114653502593268,0.1964735732478095,-0.22405022482889966,0.12011663215480661,-0.19601149046470065,-0.1367372054885383,0
BEL,2000,0.13801018607551419,-0.17449781437868933,-0.035203594159249126,0.6929784180950094,-0.9263406432453437,0.4168293268839252,5.504483046456272,1.110618926213249,1.2630621192785487,0.1964735732478095,-0.033779877670145494,0.16037800495972818,-0.19601149046470065,-0.21080712841037716,0
BEL,2001,-0.5818226277190481,-0.1758203677180398,-0.12470841018351751,0.6929784180950094,-0.9263406432453437,-0.11027410609580504,5.469240381732851,1.0800270405794115,1.1965122745360477,0.1964735732478095,-0.23364876677091756,0.07322928687888844,-0.19601149046470065,-0.6530477175745926,0
BEL,2002,-0.41478754658459016,-0.19030148334127503,0.03587375974237567,0.6929784180950094,-0.9263406432453437,-0.47146346402766526,0.5987092572629593,1.0544968142121036,1.0914870264115828,0.1964735732478095,-0.5617539156908105,0.029964709757555174,-0.24133983434388034,-0.4708501177198807,0
BEL,2003,-0.5987790094950808,-0.19128998410832254,0.20479216253327412,0.5036094680910854,-0.9490799019599447,-0.949460272290276,1.2191116484237354,0.9958012203034197,1.0304789967764134,0.1783671430482318,-0.5239579871724876,-0.07458399902460273,-0.27486115168510766,-0.43607296291870096,0
BEL,2004,0.09799090740641181,-0.18235717346520572,0.13525043047520305,0.4519518143402925,-0.9824463512698841,-0.6339489650696531,1.4103053459794714,1.056948902223465,1.12086263725644,0.29742291696348866,-0.22786826895156984,-0.0939864871061743,-0.28926335098291955,-0.4708949979021132,0
BEL,2005,-0.2456750303027935,-0.17033445387892138,0.3715168198333817,0.2626504010302491,-1.014461674001867,-0.2451678178666069,0.8748547492344977,1.167373399762538,1.2848914015758819,0.31245334880854186,-0.05150298787616427,-0.1325078068367521,-0.25253755183332766,-0.7416298885510846,0
BEL,2006,-0.1822477741442364,-0.18773590825379688,0.32895815731203865,0.23748875196461888,-1.0139116269751165,-0.2839009138533064,1.7896793975245682,1.2498567118093031,1.38237247676158,0.37764112621288604,-0.001152778843887434,-0.28245019431852253,-0.20575403427912542,-0.7750201886295777,0
BEL,2007,0.12706857904489222,-0.18717622536553305,0.1563103871867954,0.1764876805687482,-1.013271784530789,-0.6046823781061714,2.771192478176409,1.2988073153063104,1.4367684597903587,0.49196776118707186,0.10889692110768158,-0.2751007745830951,-0.15113687497252654,-0.649882267235394,0
BEL,2008,-0.7613471116757515,-0.1403191671510612,0.05035247998159551,-0.22381230377571304,-1.031279806160457,-0.5374685286100913,5.3962003946472805,1.3831431777612793,1.6708039468927676,0.3260165579453845,0.34083156228599226,-0.46289234863804796,-0.2701027938266498,-0.1787899245995417,1
BEL,2009,-1.4086341267661455,-0.22014716143131624,0.25480955972330654,0.23050781839972115,-0.954666571940671,-0.01048216504772744,2.0378490924126784,0.9813976429211245,1.141402610466824,-0.002346478038640298,-0.33929712505225385,-0.6652983159392166,-0.35992024676930895,-0.37095176907122696,1
BEL,2010,-0.1387980098302253,-0.18074015316451147,0.33926876111875554,0.18132193012597833,-0.9495648072181754,-0.020676156961311035,3.6660919348965733,1.2179151284871281,1.4432625059478956,-0.04557962451084369,-0.2753138168196146,-0.6148908278146809,-0.3950794327419959,-0.34131869628451916,1
BEL,2011,-0.3531047166969689,-0.1571431151859943,0.08632990603056603,-0.412638737185803,-0.9577127632161162,-0.4489824384630788,4.467600648720882,1.3632184863735037,1.681896164465745,-0.1737116479356249,0.08737900964672395,-0.6463256653745605,-0.432135628530045,-0.15392723521866825,1
BEL,2012,-0.8249115005783313,-0.16931115045201697,0.17451847476035984,-0.0950913696155944,-0.9375203550703067,0.11387325097248478,-0.14898080363328875,1.3559455189457885,1.6757046131204882,-0.06700252188349527,-0.06764838673357704,-0.7040861578278792,-0.4431041623469789,-0.5677083444961831,1
BEL,2013,-0.8002420408842672,-0.1996525248034581,0.3682262015971956,0.08589572711224361,-0.9638771089669367,-0.38469551033842525,-1.4413648850543332,1.3187435547396151,1.6109266986393727,-0.1183574259121961,-0.22058318683476386,-0.6965571730889281,-0.40817021682661797,-0.4470126783104074,0
BEL,2014,-0.3986569640951869,-0.2132382707673735,0.3897249074069461,0.04841650384355245,-0.9759490779711237,-0.24575656342533242,-0.9857506613884965,1.3346081765138635,1.6307957060408904,-0.0897378380258051,-0.1250347801069176,-0.710733050503478,-0.37781425533350127,-0.4457320862595435,0
BEL,2015,-0.47879983939235754,-0.20934709427307585,0.38073055089470337,0.15661600798506495,-0.9534073972181369,0.6035251585265867,-1.2122029452262446,1.284938959315597,1.5539298447283987,-0.09950227335542025,-0.11389081449674118,-0.7135577267259496,-0.31102399310575773,-0.5890731640988729,0
BEL,2016,-0.5559957126947781,-0.18452624590731626,0.23769834489513753,0.01519033537101753,-0.9658866994869335,-0.23438833340814982,1.4231614657333371,1.3418555996775605,1.641041447424579,-0.13606714701100958,0.03555117694659371,-0.7697280665164352,-0.25215429866628203,-0.5409949725303039,0
BEL,2017,-0.47871642282005594,-0.18185303696711647,0.07536117857661163,0.04001189315181766,-0.9616691188153219,-0.3311533010824438,-1.7294060391528372,1.4669875026960555,1.7967804124677509,-0.10116675622484297,0.06168525590479107,-0.7350009808713306,-0.2161405313053223,-0.4534349725168206,0
BEL,2018,-0.36773365806509195,-0.18313247139547265,-0.17670017831526164,-0.2311858315372383,-0.9730331724408656,-0.43106596964475413,-1.7651986058738818,1.4682515410403716,1.8484968682729592,-0.12142778810480515,0.27383494615867754,-0.752927153757902,-0.1568968331937654,-0.8953239278841314,0
BEL,2019,-0.21235218481067486,-0.19396365375272337,-0.30327929313389596,-0.05963869978812107,-0.9575907696669845,-0.008552265515865357,-0.8482367475624685,1.4513887468058895,1.7595271913246275,0.003832839410060821,0.12149083969252658,-0.7407314767337023,-0.13196699824694483,-0.9978032478110631,0
BEL,2020,-2.202576691862323,-0.20619511231304558,-0.26357249975058084,0.07468917566146115,-0.9166978176355227,-0.32999164869926234,-1.4469349024826037,1.3280789548608845,1.5757136484406382,0.02680286650532824,0.01589559354986601,-0.8113117410248113,0.009592982328596938,-0.29165238546633854,1
BEL,2021,0.836017886894407,-0.17633016230163837,-0.10935219174798122,0.24058874316523268,-0.9161861952935055,-0.3918075436670068,0.3837194729029112,1.6691258356083365,1.9632408978301301,0.1884626455741426,0.08172104580945554,-1.0342179619905179,-0.019107841040163994,-0.4244168121866234,0
BEL,2022,0.22269891054822158,-0.0505539019822562,-0.25808813602360353,-0.39396335032120017,-0.9323961265856525,0.2846500908128757,-0.17291123509938272,1.8239414588419463,2.3094821446292757,0.05987652446946563,0.588659791158839,-0.7211149221624992,-0.06512377145489111,-0.19041520507277043,0
BEL,2023,-0.4548454754413609,-0.14805900679794207,-0.2631337506524227,-0.0494288881003573,-0.9345266372321632,-0.35665693895190115,-0.6356954605282221,1.4463482064179272,1.7857189534526068,0.08248816828939351,0.2294157843820522,-0.8181407518358158,-0.13244894107666677,-0.8526984077231676,0
BEL,2024,-0.5823314106626917,-0.16397191117522295,-0.22956944464332202,-0.1460155048891937,-0.9319627023851499,-0.24893228833889064,-1.523195234053519,1.3320660122452965,1.6513125723770332,-0.06597489118791944,0.10023529293921137,-0.9112097829763423,-0.1575439819747236,-0.7264187233893316,0
BGD,1990,0.6621318628557394,-0.11154696360296898,-0.9973803664201335,-0.2974472459101628,-0.671815038262412,-0.24451868391876644,-0.5289279106797994,-1.0156835720161133,-0.9305726985588764,-0.21432349246793506,-1.3076909855905894,-0.5954402044769286,-1.2469358642343304,-0.22238256131578446,0
BGD,1991,0.07434244119085226,-0.10749377360443002,-0.9973803664201335,-0.044921095912688454,-0.1900843553658047,0.0074695305523906855,-0.5298552461703017,-1.0156835720161133,-0.9627644938221295,-0.2712676253148122,-1.2316363902131562,-0.4638805847070977,-1.2501621753064067,-0.04887651314851704,0
BGD,1992,0.6127404810566911,-0.1553507365239824,-0.9901410063005237,0.017268782070123268,0.08277046452983063,0.031925390352114134,-0.5286883250539465,-1.013813272477198,-0.9581112909166237,-0.3407781065828821,-1.1604848975974602,-0.39169980419858963,-1.2789197835878336,-0.13661472766715083,0
BGD,1993,0.41164513806489295,-0.166233107767861,-0.9732491660214339,0.10552892098210073,0.31465050597309874,-0.1765127001291508,-0.523756592951088,-0.9670281374551474,-0.8900456878907215,-0.4748898488366076,-1.0488563161942597,-0.21314371788797346,-1.2632522412542913,-0.21638100462925355,0
BGD,1994,0.18570966123035473,-0.12583362298197412,-0.9600866930766884,0.020852048259810765,0.47384813899395156,-0.17453365129206294,-0.5252622335009911,-0.9675424101513664,-0.8993430198108617,-0.2888471666631672,-0.9695923294098676,-0.13277013651896682,-1.2428118430338597,0.24618300483158492,0
BGD,1995,0.5243374228016566,-0.03824736514990455,-0.9445111000920732,-0.45438533678320014,-0.26595461004819515,-0.23740464807080786,-0.5297736122440683,-0.9066131332342983,-0.7645068889947353,-0.3221057433732491,-0.8448430278315724,-0.12739587218550377,-1.146339035895911,-0.13065460798017098,0
BGD,1996,0.3597590847259679,-0.17743937571837987,-0.929374256205616,-0.44808205114066413,-0.434327027631006,-0.08281666242472346,-0.5258866338533595,-0.9444877354525291,-0.8022892982729694,-0.2002861800744302,-0.5647892285418582,-0.46115011894464153,-1.1875549000623704,-0.20484087926129788,0
BGD,1997,0.350676197779348,-0.12597665193087326,-0.8881318409787473,-0.18290859050812666,-0.5570267333292598,-0.028838880251725346,-0.48405436518624495,-0.9178717032818963,-0.8241555928179051,-0.04581681242519868,-0.37585563273473993,-0.44054546616259077,-1.1650689700260415,-0.2568389061692372,0
BGD,1998,0.5396711584098398,-0.07155872751549928,-0.8453538039083249,-0.09291815931692074,-0.45472091225667727,0.050480214590345254,-0.4693449451672753,-0.8774189627695705,-0.8118521840823594,0.13048389692154788,-0.3227725691529934,-0.31036733718775183,-1.1543974506547015,-0.16918946797285372,0
BGD,1999,0.40025660998822093,-0.11189882493258436,-0.8025757668379024,-0.20306823335082475,-0.620283100774457,-0.044849183504543186,-0.47416520426287107,-0.8773760835611741,-0.7922278210964127,0.23184095801294938,-0.21842212193633243,-0.3931718791718344,-1.1441320816769367,0.04360174097189767,0
BGD,2000,0.5716505872310466,-0.18040701727969993,-0.7626495989055083,-0.17939539832848878,-0.69417080270898,0.023009450748154418,-0.4459737221480303,-0.8582263559675967,-0.778737976024524,0.37143831124724974,-0.029327055325622766,-0.4554032142555771,-1.1275568158879246,0.2468713833995912,0
BGD,2001,0.5122379557031892,-0.18394068650172626,-0.6882816267676971,-0.2514145381901274,-0.7525742404486084,0.057490132370851495,-0.5071561248494016,-0.8241377726642876,-0.7115649699735902,0.44811956835775896,0.034286730170222865,-0.43024162762307194,-1.0773342961545909,1.4872473825785346,0
BGD,2002,0.17003114393482746,-0.1606492771528392,-0.6099649127464624,0.15157369453409725,-0.6076848089505995,-0.08427308601250949,-0.5151863595201879,-0.8560755326357956,-0.7950126990195383,0.7336816577896491,0.06335202536823382,-0.40577675298972227,-1.0348887311313473,-0.0073192465121309095,0
BGD,2003,0.4193480888435145,-0.11959569336682675,-0.5323063223724648,-0.043172415000731705,-0.47605047124345806,-0.22506913216914146,-0.4587605875074288,-0.8880862197515572,-0.8078230687259602,0.6619403649604638,0.12210074686054154,-0.4360280836788125,-1.0384353390232954,-0.029982733861477536,0
BGD,2004,0.5568634212625679,-0.08587566875080108,-0.5331838205687812,-0.1544477220344742,-0.4481846101363212,-0.1438360053252012,-0.41954524468911014,-0.8973948891417176,-0.8277745910983819,0.8353236994935586,0.17647902430370987,-0.3838527977230793,-0.9992070204125689,-0.02678232780925168,0
BGD,2005,0.9134410796035126,-0.09538135118000489,-0.5476625408080011,-0.12383534912418531,-0.6117135695039382,0.1030982753744763,-0.3420556448955434,-0.7912289716996861,-0.6614882957021311,0.931293779498538,0.32233677563354407,-0.33074276540648884,-0.9692763695491686,0.06154036605220046,0
BGD,2006,0.950836841234551,-0.10032570339299321,-0.6922303686511206,0.2057726747631027,-0.5089433860830826,0.06311592564861751,-0.428178400607555,-0.7271101024515125,-0.5935240962068974,1.297226781090399,0.3769003142374034,-0.2316094876130767,-0.9311550373634749,0.2924203752619603,0
BGD,2007,1.0571969871364324,-0.059174043444852144,-0.599215559841587,0.10432531039161883,-0.407661239475769,-0.2481561988250664,-0.39888616706163244,-0.7061187702436337,-0.5474782469696149,1.4170376235600268,0.38287503028550957,-0.12140348769161362,-0.9128017004974011,-0.05725215216494228,0
BGD,2008,0.7698224863040787,-0.06277726062312347,-0.4950126490290197,0.09305670760271886,-0.5044900836889653,-0.26177395963771,-0.29712420196093914,-0.6844193338141487,-0.46941686188372655,1.5476656957171882,0.3870100938289432,-0.08792994189219447,-0.87096657136132,0.0926841280998487,0
BGD,2009,0.5033915407965294,-0.12390527192161845,-0.38313162899868436,0.5161664980298518,0.059894407903951584,-0.21690968043099604,-0.3889402397713716,-0.7079240578665721,-0.5395127036054038,1.743349263890693,0.38766852491568976,-0.025339803658878796,-0.8260035326428246,0.293929822392521,0
BGD,2010,0.6482501141827518,-0.07640123533028194,-0.7387377730558876,0.23384321402951047,-0.11256600798309241,-0.20654124835046656,-0.3584309393274333,-0.7378809749442631,-0.592738870731858,1.7194649440183511,0.3947299262300724,-0.08848203777207014,-0.7261887808553671,0.33769384881426867,0
BGD,2011,0.8937569284740965,-0.018963317917756416,-0.6602016844855737,-0.10246381452577487,-0.4694715724489953,0.033277478663718656,-0.37221094337298094,-0.6104046049374775,-0.3711443738196985,1.6308241725385242,0.5989786078489063,-0.11038109765408978,-0.6946157559956477,0.11933499820830379,0
BGD,2012,0.9094566666333755,-0.10995156437157289,-0.587149959642237,0.251537259047656,-0.22159393429612595,0.2022413020371068,-0.33918070163299524,-0.6025717010976949,-0.3536897213078602,1.9425512242033798,0.7453164176445095,-0.12489559809959977,-0.6835169307424148,0.1243674643667896,0
BGD,2013,0.7697718499293568,-0.08687962717801041,-0.5090526201700813,0.15526490130020956,0.024145627139510763,-0.44183633654264853,-0.25112087547631806,-0.62296925430103,-0.39982150873624506,1.8377223765817337,0.7674551937359906,-0.03205347380478697,-0.7087498176332909,0.011004698645830556,0
BGD,2014,0.7828239730465798,-0.09634751474941043,-0.5110269911117933,-0.005610957346789424,0.18014251425746206,-0.2699249320177306,-0.29405715452631603,-0.6408976847251501,-0.4476308594526604,1.5964301615428937,0.8001983292408971,-0.0020286727017184637,-0.6681280793584613,0.05088487816141366,0
BGD,2015,0.9180330166337187,-0.11035968499383395,-0.5154144820933749,0.1465883560479457,0.4701632485263266,-0.22761239209248935,-0.2969431050588978,-0.6949558481810854,-0.4776581378916791,1.4677827132615804,0.8539101865503578,0.02892450103289808,-0.6540910733303665,0.013234873099454939,0
BGD,2016,1.0722913971856454,-0.12232274307531854,-0.5257250859000923,-0.020403403463621773,0.6496142179003955,-0.21578957365653603,-0.3889384364768414,-0.8066530886231176,-0.7618693234502714,1.5351996806684136,1.089250109559185,0.6550165031891896,-0.7923655629881562,0.10792217870825999,0
BGD,2017,0.9283776664411898,-0.11900940770954989,-0.5208988458203523,-0.43133635069902615,0.4557579631856944,-0.13667805304688102,-0.4313222614230998,-0.8426744263577534,-0.7708942646220905,1.290355799814815,1.2122374270240104,0.6070145551106096,-0.7369096775681044,-0.0472323533500997,0
BGD,2018,1.1289335840297015,-0.1217938648645084,-0.5062007510320533,-0.46062831892868883,0.2021010809197121,-0.08273961950360598,-0.4092262532577933,-0.8474150674903119,-0.6678513079830085,1.3116894933124743,1.36454798641558,0.7349382794018554,-0.7457861637602081,-0.1643564102576527,0
BGD,2019,1.2836496984741572,-0.12094375959844864,-0.4919414053419126,-0.22523129287528454,0.24460151588083853,-0.19369360161294738,-0.44309397863455935,-0.8336806673682532,-0.7204039141525012,1.4214728067561737,1.4325820543848942,0.8062935340169008,-0.7665067536831845,-0.14342532980071762,0
BGD,2020,0.06410777136240732,-0.11920263261578201,-0.26488874704505544,-0.025948152547142753,0.8943710974015393,-0.223259180809919,-0.46489639251485787,-0.9204089097116505,-0.8232445644839251,1.523978763488669,1.2750379289455378,0.6990600581197661,-0.7638579852502145,-0.08155887354112466,1
BGD,2021,1.0242129713382946,-0.12175814001122615,-0.28287746006954073,-0.732753494888713,0.3446404312663867,-0.2337672687517898,-0.4638885562252583,-0.9132144753828567,-0.7754949478337628,1.3843579572933278,1.2247369955072718,0.8111712053713278,-0.7655119008193956,-0.2865799220636384,0
BGD,2022,1.068537124502086,-0.08395284088157524,-0.47241707047387355,-0.7362655648271723,-0.14316454818248261,0.09189089796286332,-0.474542727266333,-0.8406311368245233,-0.6268683838637631,1.1264301309266669,1.4036301395057815,0.9042503733591419,-0.768157731343108,-0.3743438109057113,0
BGD,2023,0.704174357471149,-0.045528109825913834,-0.7446608858810231,-0.36398037514772247,-0.3366158121890677,0.43754912907509685,-0.47651363058952645,-0.8316397666659578,-0.7458750556013726,1.2407810046331538,1.2129900154218354,1.005782298521058,-0.79565616523455,-0.39999227136485677,0
BGD,2024,0.27733768168490563,-0.03529617808465523,-0.6825778884916409,-0.19598314382776857,-0.4021008333506496,0.13111897755069146,-0.4848637240846448,-0.9198071759296992,-0.804330589797639,1.1794586080158451,1.1693840805532543,0.9267909368173518,-0.8339519526307367,-0.44626299362173155,0
BRA,1990,-2.0807341284985825,12.075312485263332,0.0308281451135565,-0.2516559690102406,-0.43552603301434695,-0.24451868391876644,-0.4892055251153821,-0.9938459375479016,-1.1240054151785097,-0.7136281328449864,-0.6625801804441759,1.0912916340828365,-0.7027228988117946,8.043572658517492,1
BRA,1991,-0.6003648346197284,7.386248001721619,0.0308281451135565,-0.15363794149571428,-0.4414668481184447,9.31183058337656,-0.4787214641951648,-0.9781352511705087,-1.1240054151785097,-0.7409803220125459,-0.7319673159328037,0.9173108786368729,-0.6383488099547433,8.043572658517492,1
BRA,1992,-1.033915025839827,12.075312485263332,0.07448368038029538,0.23835364425980393,0.6678341650708205,9.31183058337656,-0.4294470284476727,-0.9064928684580768,-1.1116094257055271,-0.5611417477158119,-0.8770645344650764,1.1758075317583925,0.1841129732895638,8.043572658517492,1
BRA,1993,0.4702659939683394,12.075312485263332,-0.15717584344722263,-0.07988105885147302,0.8169070618519194,9.31183058337656,-0.47408399551065306,-0.9184308944179457,-1.0840658424397824,-0.5542720123179234,-0.5445430064798755,1.6579860885430988,1.2229547682353603,8.043572658517492,1
BRA,1994,0.7255616650058767,12.075312485263332,-0.036739216002802874,-0.1185696050375727,0.8577907514907823,9.31183058337656,-0.4364128366313865,-0.9508135817239866,-1.0815231632851459,-0.69409271864189,-0.31857214467056577,1.2483922369148546,-0.12855224457311987,8.043572658517492,1
BRA,1995,0.2774847014928284,0.9407438170236783,0.07579992767476976,-0.4863514206333393,0.7393972891922997,1.3908182454991154,-0.42886731452524207,-1.0156835720161133,-1.0701374177994731,-1.26790522222985,-1.1626908364339348,-0.36622612919902015,-0.6731833641565964,1.5556653164004106,1
BRA,1996,-0.27672094971828376,0.057699922619671974,0.2826701274563508,-0.5510896351161708,0.8901628945501119,0.16485755369706726,-0.29288761674245933,-1.0156835720161133,-1.091452284456232,-1.3167540343960114,-1.1671086465449998,-0.625700562245832,-0.7300143439187162,0.859849697004649,1
BRA,1997,0.049482951712080066,-0.09748848113712183,0.4950246909649089,-0.7067031478471734,0.3628378261487943,0.06708254268115993,-0.18426745442826054,-1.0156835720161133,-1.0648310179551705,-1.3572725113102952,-1.0806587426052239,-0.634243510865066,-0.7284713148657774,0.13653486149688351,1
BRA,1998,-0.7912745007011168,-0.16306539717530816,0.7466472987586241,-0.7777848507410018,0.12820068612703425,0.0844091919678407,0.007441388653449541,-1.0156835720161133,-1.0719775817135213,-1.3352689952676395,-1.010953563592978,-0.7861348688784462,-0.9653336071609406,-0.1374421497346253,1
BRA,1999,-0.7555621478492159,-0.13383458597126652,0.9605374841107358,-0.8492023262340214,0.04445452503014618,2.1746661625287347,0.2317525141841508,-0.9491188348734563,-0.9941418229561051,-1.4768361255395646,-1.1457825356503957,-0.759151816993657,-0.9591682774124395,0.18226911439669208,1
BRA,2000,0.3226356985965536,-0.09542488188588753,0.9087650905280706,-0.7771454373962956,-0.15420272804045773,-0.2078269286574474,0.2800884179960227,-0.9287397594076146,-0.9540674260735944,-1.3228432831690538,-0.8825295240547801,-0.6138325836960175,-0.9316722000150676,0.26562132784216463,0
BRA,2001,-0.5019777047329635,-0.0990059912364621,0.8561151987490893,-0.8454488577335347,-0.08457557843175881,0.9772638271019987,0.13735407462126856,-0.8573267054434371,-0.872215206577403,-1.3715772343129884,-0.9105772550302975,-0.621769680826208,-0.9763862804207634,1.246529783917884,0
BRA,2002,-0.04441462869028628,-0.0707165053120241,0.8543602023564567,-0.3982539107015872,0.13079215051010218,0.7991495226816416,-0.006618694939956205,-0.796535141166904,-0.917804709622684,-1.1492924108310467,-1.1354302828707297,-0.7506328840140333,-0.9629716463124615,-0.4456014067690654,0
BRA,2003,-0.5704836035344709,0.03937550545811282,0.9699705897211365,-0.013228865247231915,0.4648858258394557,-0.01336365482084877,-0.238546730192213,-0.7654606458772116,-0.9343918618032762,-1.025088349073743,-1.2384647086874507,-0.38232394642649986,-1.0039721753017445,0.20686120194346208,0
BRA,2004,0.7000079789005593,-0.10327934348956727,0.7295360839304549,0.14946845875653597,0.28166419838680523,-0.45723197115974007,-0.09358871545682046,-0.7208213180812375,-0.9276941063286298,-0.7260032989585447,-1.0548157871041162,-0.2682032329576442,-0.9686708261114112,-0.05628273178160036,0
BRA,2005,-0.003522943480718269,-0.0984932361833912,0.8346164929393387,0.1445233069942076,0.049197316920539226,-0.9653423467654507,-0.25135061314460094,-0.7633988458117332,-0.9776502964128736,-0.8169315240541154,-1.1779032350829013,-0.3317485195595474,-0.9170503512887129,0.19469670432822936,0
BRA,2006,0.20547535255215682,-0.1456943989689995,0.6461737552804012,0.0865194690058401,0.41802339052607257,-0.7017609824335305,-0.24825344733754387,-0.7918348204273096,-0.9844523553472952,-0.780639826900399,-1.0715294718605755,-0.4424513538016555,-0.8420288249738671,0.11108707605638048,0
BRA,2007,0.7852475035957874,-0.15522427824954405,0.5557914410598164,-0.11472171535439829,1.3808445969631395,-0.6953890950866743,-0.016724758142225946,-0.8260634793047519,-0.9729251665881202,-0.6657044749293257,-0.7231739302209035,-0.43447955430828256,-0.7318463841110293,0.3870517112830242,0
BRA,2008,0.5168884045689641,-0.11942196141707495,0.3337843973917787,-0.44196291887800754,0.8185210162445966,-0.494524178657674,-0.048967829698412055,-0.8193159501271029,-0.9047957513955226,-0.680371530481579,-0.4100905102632135,-0.4694999901505854,-0.6253142501196775,0.17005513405468603,0
BRA,2009,-0.9188727514063748,-0.1333146414336079,0.58628450338181,-0.38347639556240637,1.894444772868754,0.14363890668031545,-0.22645549580611063,-0.9070468801675743,-1.0004434152712456,-1.0296998798005705,-0.9011372646402778,-0.6270601436610197,-0.5894911846965998,0.0553146864753539,0
BRA,2010,1.1863675756756875,-0.13066649387871657,0.3671293288518,-0.7561930822613189,1.2588443104857485,-0.7606977544265568,0.07010643227992672,-0.9065820467056398,-0.9751853714017529,-0.8551837687767625,-0.3784459590777827,-0.6864459109238047,-0.4792125650511055,-0.048307962833020066,0
BRA,2011,0.20889542102253245,-0.10258933885726854,0.18241595852720716,-0.6303832719878238,1.3281481013659104,-0.45553313838655624,0.0999259474375109,-0.883136112563082,-0.9579344852611347,-0.7571445215420202,-0.37410648896974075,-0.8514551209465696,-0.3680244573576008,0.10163754458686915,0
BRA,2012,-0.35584944757610004,-0.12425626601182334,0.11068048097834506,-0.7275450522807939,1.584539513663947,0.475276550233186,0.07412440075612507,-0.8734877653265791,-0.9236557110629197,-0.8704370942049038,-0.4452517086581346,-1.0463317383451953,-0.275103897481942,-0.07515973341407071,0
BRA,2013,-0.05779282016635547,-0.11018341778659606,0.0711930621441089,-0.695686027466444,1.4856473386836213,0.20211660061613804,-0.04077091597214285,-0.8779128022001,-0.892392841486041,-0.8123177223679687,-0.39715290277396387,-1.0808670493534258,-0.23929659274288148,-0.23612779812879087,0
BRA,2014,-0.7456553622155061,-0.10799151731129374,0.0018707046351168232,-0.8547459841448665,1.5187109041992948,0.14778963723760624,0.044555633467368884,-0.9017956504161664,-0.9067368539953188,-1.0598847960926965,-0.5963644068028945,-1.1059360444464017,-0.20167607538894203,-0.09063195954086474,0
BRA,2015,-1.8595291412796209,-0.06052865763534703,0.3930155256431326,-0.6860817805802436,2.2850344154571807,1.5339868927431213,0.04790474642076273,-0.8400436219324577,-0.8920167599321231,-1.2568620714901204,-1.1419445804876054,-1.0735977714029221,-0.18491175098972998,-0.16158731799295561,1
BRA,2016,-1.785307963463282,-0.06563820719482119,1.0603529039417212,-0.37328460859536017,2.7389466598629224,-0.03218645327762674,0.1357089224338582,-0.8542209228252231,-0.968971100935265,-1.3927891872350395,-1.5666947229195767,-1.026892754483015,-0.28191027586759454,-0.1704069333095548,0
BRA,2017,-0.520413552196735,-0.15864929521491392,1.3262348574255771,-0.2914306264806746,2.3352862234933753,-0.613626206853538,0.007018128486691592,-0.8525109037482778,-0.9792851021482417,-1.3736423757225067,-1.6265194867570427,-1.038318290571862,-0.3386087323164159,-0.548050634078778,0
BRA,2018,-0.39367130981184467,-0.1548099489704101,1.224664441201959,-0.5637910267236808,1.9493122615379153,0.37807154837813767,0.1262413506287134,-0.7833096104097869,-0.8847425762412183,-1.4804541792406163,-1.5448674700982021,-1.0722749845091717,-0.32324950666187335,-0.39522471712742474,0
BRA,2019,-0.5484937081092061,-0.1536127560986357,1.138450243413877,-0.6681734188870511,1.7238943911633542,0.09726137534083891,0.06409321459120602,-0.8000563446806099,-0.8643601180711848,-1.5296684172119017,-1.4715127471518834,-1.1067446528921827,-0.2694289858501002,-0.34109491892543115,0
BRA,2020,-1.7855395246316532,-0.16277206923278245,1.5247688243421524,-0.36312146421734015,2.353667396096238,1.0742878007611634,-0.11305755887183631,-0.7238368764291182,-0.8224749085368149,-1.2187278285472185,-1.3673236504660353,-1.0433432528398026,-0.14585755189139615,0.1250465903678189,1
BRA,2021,0.4256844016894523,-0.07332621175022226,1.4065259423885237,-0.48649840635360253,1.470613368654018,-0.045135769367520645,-0.08291827012754628,-0.6369807939403586,-0.717939925299167,-0.9270226450475205,-0.7749077588873801,-0.8302453894157042,-0.14357534475738515,-0.1248624204867432,0
BRA,2022,-0.05452751765326497,-0.05613174550783041,0.5450420881549412,-0.4506227263454828,0.8195355213705259,-0.42805723563285863,0.09233313552092873,-0.6199314121933454,-0.6932082914773169,-1.0901845574832307,-1.0242646630291683,-0.6244885131220039,-0.1058933910233008,-0.09913008954859145,0
BRA,2023,0.007347916986831764,-0.1384894663321306,0.26336516713739094,-0.2926512088927309,1.0734855884389813,-0.38562563520438764,-0.06938396718216208,-0.674266065732476,-0.8283487052461961,-1.1942541312680937,-1.4290988664240951,-0.592987204858915,-0.09607063344711325,0.0026931492787449986,0
BRA,2024,0.05621319044425525,-0.14246275247660695,0.011961933892754975,-0.5948413183203487,0.7304938307644407,0.09491637548063273,0.015287304702369872,-0.675271525332552,-0.7528429498956649,-1.3045026357653011,-1.2167674602284115,-0.793932830580823,-0.0007536071032541173,-0.04893347610134445,0
CAN,1990,-0.8284474737499765,-0.13520478095591867,0.7830634739057529,-0.6655090460992853,-0.7587889212380619,-0.24451868391876644,-0.303590665387981,-0.4419096919761633,-0.4710396835451675,-0.8604005439215332,-0.46490828196292117,-0.06906196707392484,-0.0543788752141542,-0.3433442960300592,0
CAN,1991,-1.459412170733307,-0.12034859482109096,0.7830634739057529,-0.7232563943800073,-0.7993277305568216,-0.3220273556489669,-0.4381854295390812,-0.465488222678481,-0.47297726986120325,-1.1816500567707362,-0.8063173908544942,-0.06906196707392484,-0.01418599032016753,-0.5641647291001349,0
CAN,1992,-0.6393457883197332,-0.1930267660702991,0.9763324516444299,-0.7094126555467183,-0.8964966466412297,-0.008269545933011381,-0.3404290935435055,-0.40512388070704863,-0.4083299821483033,-1.3148399708499827,-0.9739642879378514,-0.06906196707392484,0.018030639684948273,-0.43210370362848116,0
CAN,1993,-0.15326690362084278,-0.18643774422006404,1.0158198704786663,-0.7448942420662691,-0.909538529383378,0.04470990443147881,-0.41437110065529603,-0.30886269672658123,-0.3087953812225257,-1.2133591796339314,-0.9569941927187424,-0.06906196707392484,-0.002822417956478423,-0.6678953260412567,0
CAN,1994,0.3518184352445698,-0.2163037442664904,0.8003940632830007,-0.49333992889065115,-0.9398832644063388,0.007220096515314691,-0.26563988840401515,-0.18985562066344996,-0.21187725123908846,-0.9557440006944532,-0.7759149890116847,-0.06906196707392484,-0.019153717470487486,-0.5249545999592949,0
CAN,1995,-0.14649478789946566,-0.18145255227154053,0.6016407218173463,-0.22449854533254765,-0.9272375212024466,-0.22321283885808874,-0.16761259850474403,-0.08139611713994208,-0.15943345537796394,-0.7143966684331765,-0.7995261727193348,-0.06906196707392484,-0.035913911369861044,-0.5144962180740686,0
CAN,1996,-0.419720034296548,-0.19161390932496022,0.6303787877467066,-0.014577795050310266,-0.8759203073466645,-0.2724559848572294,-0.3053978415074659,-0.04868016906834975,-0.1517652718342417,-0.651565909396727,-0.8782501585512763,-0.06906196707392484,0.06206549726094292,-0.555653203211461,0
CAN,1997,0.29299012165811755,-0.1907232054719594,0.5163040222255805,-0.31681457342762487,-0.931212276028604,-0.1781038952189692,-0.1572908138601313,-0.014848953491299506,-0.03391951417855336,-0.5613469198354769,-0.47990663175805026,-0.06906196707392484,0.12270600787061418,-0.5385093276822428,0
CAN,1998,0.18646883779344622,-0.2017112903686532,0.3359781428825695,-0.32501338680200914,-0.8801883315456064,0.062408299973864496,0.10391369165030817,0.04716602875803443,0.03768946730816489,-0.6131944346222379,-0.5099413990587118,-0.031220109917315747,0.08779272355979433,-0.6408622001926302,0
CAN,1999,0.5297629384229482,-0.18872641918081035,0.18351283127260257,-0.059379214404314,-0.8541756364535614,-0.2381482521270411,0.12116910345580936,0.10707340863128753,0.04550252556508296,-0.4510052993053693,-0.5727498742921255,0.13017530846395392,0.033122956750276225,-0.48657994907837004,0
CAN,2000,0.5290851350992611,-0.17142386573835144,0.018104421266969376,0.3463728175792479,-0.8460937071619635,-0.2454172976509188,0.9463323256685217,0.1838665784714153,0.0572171729206311,-0.12225481848683539,-0.5848751377918513,0.12520032305653273,-0.03513500574854274,-0.4204440746191563,0
CAN,2001,-0.36852314482165643,-0.17483869332836732,0.1036604954078142,0.28601486288296535,-0.8093625300657588,-0.060994988083310456,0.08812827394705777,0.11292386177286104,-0.030019817454622535,-0.26205320949616057,-0.7489035389485936,-0.04409771568416,0.9559451843515243,5.789578978328682,0
CAN,2002,-0.05932411257158395,-0.1795259269651657,0.20150154429708783,0.20217771207817892,-0.7822631800290595,-0.18486728650510587,-0.012164677608732308,0.0481266616321684,-0.055431298039354676,-0.3738277430464779,-0.7370906833382844,-0.10684819857997199,0.8824262244974755,-0.628538165986855,0
CAN,2003,-0.38742263371576785,-0.17073634359930065,0.1815384603308907,0.11959653668778651,-0.8182295505824985,-0.7078221913526707,-0.40448888238004277,-0.05628413604507295,-0.1590319904563524,-0.3469463605472827,-0.6105859051357959,-0.28363058289623316,0.7862068064057406,-0.7410276388895884,0
CAN,2004,-0.03371466109445897,-0.18657517827006986,0.09620176073912504,0.30851273293325543,-0.8678667213575619,-0.5503814292967162,-0.5077967643579956,-0.04118118197575284,-0.1632714154993803,-0.13626261544066284,-0.45123156029115846,-0.3463650978368374,0.8322909890058283,-0.48129141254111607,0
CAN,2005,-0.0012338831067669846,-0.18031395250809773,0.0025288282823541152,0.2408177053484762,-0.9105191302833123,-0.5412785908396589,-0.1798078486355929,-0.05659580637069392,-0.1618177408976258,-0.039181306011197736,-0.23399217916763443,-0.5091048986778849,0.9623738373838171,-0.2619574357831283,0
CAN,2006,-0.15870273309459867,-0.18403115960398186,-0.057579798165316276,0.1537688928257633,-0.9219330587862212,-0.5178393353132904,0.2543358340070318,-0.104167604419513,-0.1716227234009553,-0.01890308705599784,-0.06639888184309653,-0.6497848809533809,1.2230495444171328,-0.11330939187616158,0
CAN,2007,-0.3204426904388809,-0.18163489808425193,-0.12953465026325753,0.04861263219655705,-0.9117088607246029,-0.47291881828164023,0.7900476375792278,-0.14250227169763965,-0.19468023238719365,-0.04497728270857558,-0.012053458444006817,-0.7753724801852399,1.0015771821728652,-1.1119143225743644,0
CAN,2008,-0.6104820443554873,-0.17755989919626225,-0.10145470798113411,-0.04561229661782098,-0.9110431423144448,-0.27235656298800215,0.19654186925318293,-0.13709420732913188,-0.17241792907433717,-0.0642409397561623,0.016569888038414048,-1.0041780291872875,1.0133747913819624,0.014778480370835961,0
CAN,2009,-1.68606162753331,-0.21395061990845365,0.3759043108149638,-0.5911018291656974,-0.7997756794189946,0.055250257824449284,-0.2851314218921354,-0.3293617850985351,-0.27585462890825757,-0.7671204552886552,-0.3509423094404032,-1.1007600805777518,1.0133747913819624,0.014778480370835961,0
CAN,2010,-0.03414304345994616,-0.18798784094224366,0.31404068797466067,-0.6994624020320778,-0.8433881083717718,-0.6639054567440539,-0.23470602379941746,-0.3080556591973515,-0.2339330185506352,-0.6698647500499624,-0.08613988950442424,-1.1078409251120473,1.0133747913819624,0.014778480370835961,0
CAN,2011,-0.0213840142174244,-0.16803758912336023,0.19535905692287325,-0.5580232049040881,-0.8391597029598293,-0.4149253218788575,-0.1863015305413666,-0.258642246453866,-0.20373296122891146,-0.48031401902441595,0.030290558543441575,-1.117215187923306,1.0133747913819624,0.014778480370835961,0
CAN,2012,-0.40137419306336,-0.19257785205610023,0.14161229239849663,-0.6884677482568187,-0.8383020804737532,-0.20062264406686042,-0.09573898471519139,-0.2692739204289057,-0.18736680539618325,-0.4728245177813033,0.15487780674097523,-1.1029732083473471,1.0133747913819624,0.014778480370835961,0
CAN,2013,-0.2445540278212391,-0.20272439712139173,0.08698802967780334,-0.6221740831580465,-0.8242989183325402,-0.11221528455382059,0.05397299339629218,-0.2699600331755314,-0.20066531257982356,-0.3894434217263834,0.1618731776653418,-1.1784888849128783,1.0133747913819624,0.014778480370835961,0
CAN,2014,-0.09392221658460051,-0.18570746138731556,0.06066308378831263,-0.47973732387620266,-0.8140816112636857,0.066675237168569,0.04174500712163558,-0.22403205174265067,-0.17189379591194012,-0.32182137008666567,0.1554072159100683,-1.2081831332051851,1.0133747913819624,0.014778480370835961,0
CAN,2015,-0.7054939138638052,-0.19943909048573474,0.04355186896014382,-0.6853234698053059,-0.7572622076917114,0.4323655914965787,0.09005583348863923,-0.22032398709312473,-0.10708748050275976,-0.6383392835625735,-0.027064771097191746,-1.1102587470373075,1.0133747913819624,0.014778480370835961,0
CAN,2016,-0.5986151518996078,-0.19410529442100774,0.06395370202449908,-0.6129205885434634,-0.7324521096281511,-0.08717579388314196,-0.17011277993510115,-0.231684722367726,-0.12466877176790857,-0.6902397970685986,-0.21151234882228495,-1.1218069030022144,1.0133747913819624,0.014778480370835961,0
CAN,2017,-0.04981301160726536,-0.1911508018322561,-0.0703035220119034,-0.5630858514909869,-0.7451935822637508,-0.334234386341178,-0.28297526696814435,-0.2332611743317246,-0.1329787546420788,-0.6044811935899294,-0.07422673061863354,-1.164843452623743,1.0133747913819624,0.014778480370835961,0
CAN,2018,-0.12981711341855523,-0.17935315988004769,-0.1995151314194869,-0.49111713637341803,-0.7825431759615978,-0.2515297899022069,-0.1329184371993009,-0.20477532175078675,-0.10865471313628973,-0.6366739659122854,-0.1043381376770175,-1.1327409748493515,1.0133747913819624,0.014778480370835961,0
CAN,2019,-0.35935469305292084,-0.18495825965316867,-0.23176319013411284,-0.4165646276706413,-0.7795891715312702,-0.14181075444665725,-0.07857500173761889,-0.20388412012811866,-0.12630988717696504,-0.5533848510051066,-0.16258996773119572,-1.234024868889265,1.0133747913819624,0.014778480370835961,0
CAN,2020,-2.270032483296494,-0.2066132178547023,0.6384956460626331,-0.42667862355697644,-0.7069381610431369,-0.1980178416730686,-0.24731252077068777,-0.29803762914752285,-0.2090443886611641,-0.6515296904206268,-0.2265417405479238,-1.2880111079562295,1.0133747913819624,0.014778480370835961,1
CAN,2021,0.7524223765848553,-0.1595486962243877,0.17122785652417358,-0.08459358012865824,-0.7163766357290753,-0.5241243844324857,-0.05129091272417805,-0.24239345302970117,-0.2327265433285994,-0.18008596093815737,0.05702949589962529,-1.2480674166841756,1.0133747913819624,0.014778480370835961,0
CAN,2022,0.4072053214520556,-0.09966600449492015,-0.3219261298056185,-0.15687666449286175,-0.775490103460767,-0.08114108173991817,-0.15907845915359062,-0.15912690906025087,-0.14904106721416757,-0.10547780042529788,0.18259197772746907,-1.2840621808314183,1.0133747913819624,0.014778480370835961,0
CAN,2023,-0.34707274120801723,-0.15104661784587245,-0.2920911911308624,-0.20015972695942277,-0.7541929744479358,-0.08489427413778255,-0.20875165835218207,-0.1715396656144002,-0.14900477900956913,-0.35045261094474106,-0.05905872741833876,-1.2840621808314183,1.0133747913819624,0.014778480370835961,0
CAN,2024,-0.32144346966182197,-0.1773610904185461,-0.08675661319283512,-0.16474021384587886,-0.757662065082908,-0.18260724410083684,-0.08327681888088462,-0.20007453694316196,-0.17149360630936622,-0.4224779130245805,-0.14069570956396416,-1.2840621808314183,1.0133747913819624,0.014778480370835961,0
CHE,1990,-0.6766951617490999,-0.12424818317093639,-1.0811814441683454,0.3096847254515275,0.3411125027397483,-0.24451868391876644,-0.19957609155340922,0.06289750603038052,0.1447932455913087,1.4993987340857047,2.345252165014884,0.5048354166105182,1.3914221833766725,-0.7240326413868218,0
CHE,1991,-1.1994681638098417,-0.11624115808094923,-1.0811814441683454,0.5200934813910347,0.3703292386543828,-0.10584954071533835,-0.3630917172165719,0.013516856438677576,0.03937847415389725,1.2608062846523815,1.7756541593345747,0.48307586673902103,1.3677273962365848,-0.6455555916228505,0
CHE,1992,-1.2029387001646445,-0.1482695441273751,-0.9657904313527447,0.7286948178772549,0.4162764410745507,-0.32773565993504067,-0.4666195436579961,0.04284563330215694,0.029508755928539007,1.019596676232679,1.0157450914807635,0.42907020786813993,1.369916787513385,-0.6316094497929292,0
CHE,1993,-1.4524152243345767,-0.16135120711012754,-0.7010053506142843,0.9697315734083507,0.6591284512885605,-0.026363333180996682,-0.43110426882894,0.04546904941821144,-0.020191355356627416,1.0730590651315173,0.7084549678670875,0.39457628548008816,1.359747347973071,-0.3011458888461214,0
CHE,1994,0.22026675671232052,-0.20423876883936146,-0.6946434886909907,0.8599363137024193,0.5430351661870876,-0.564159294773802,-0.33671328143110435,0.021459817710302836,-0.04963503319606058,1.056059225755754,0.9789139574604464,0.45598525641093357,1.3891498800030153,-0.5498370289877872,0
CHE,1995,0.24189226456952456,-0.187584425783519,-0.801259519543428,0.9135771948332068,0.35730390404546075,-0.8264045137549381,-0.3436055895482209,0.02002187844578542,-0.04419016070873023,1.0958015734390842,0.9591540063055196,0.4102393009405319,1.4388911625896657,-0.5262392177233663,0
CHE,1996,-0.7301944962986926,-0.20495018484426916,-0.6718285355867655,0.9111902033989907,0.35826540669978235,-0.049971095207088985,-0.3030234430056798,0.05647558683598375,0.016204307896390963,1.012311039179019,0.8767469188642709,0.37362983076128736,1.3977647370484558,-0.26607314676286,0
CHE,1997,-0.30731946472860305,-0.21007117705723635,-0.574645610344729,1.3764186638322304,0.2797713610992119,0.5039224349400843,-0.07839157151430759,0.23790703242205685,0.18545019872419424,1.158411397008446,0.602559184501155,0.38295179611742286,1.43487931143063,-0.42039632553969,0
CHE,1998,-0.12069912924678702,-0.218897983707904,-0.6972759832799398,1.3313858522333109,0.21134537715915655,-0.2489570873463747,0.0647454320951409,0.2219786818994444,0.19833749179284052,1.2425679379137957,0.814701749667981,0.3372682272416644,1.4060211983159967,-0.5004274821717334,0
CHE,1999,-0.42216399067981786,-0.20504138436904237,-0.8102538760556707,1.5307680801138468,0.11293946354946363,-0.08939924545903916,0.24506329507893213,0.24794057642802625,0.22651742017519635,1.2289852918618587,0.7063535042719978,0.2898128377236852,1.537803836628725,-0.07133005379741504,0
CHE,2000,0.11504673962563705,-0.19182482201742598,-0.8969068229419107,1.8430025419514706,-0.25288756907379467,0.2894687576787447,0.7859668761262725,0.40116053489020603,0.3649501506855425,1.728698783406589,0.6853616596937439,0.19655401389785576,1.3524071204868777,-1.1119143225743644,0
CHE,2001,-0.44633477454916864,-0.20183293452217016,-0.9337617471871977,1.1420861130987872,-0.2874278812672935,-0.24764161861192377,0.011386782686478159,0.35471883238824514,0.33703478505061046,1.3228745604267105,0.788784952409437,0.3237797353271821,1.241001269791212,-0.5625749496958987,0
CHE,2002,-0.7796365363604211,-0.20791870046183022,-0.8385531928868731,1.1809420413095428,-0.09873085447367878,-0.5729708523967154,-0.10695526014270021,0.3013258948570796,0.23319880542958704,1.133446132344492,0.5690266143496775,0.39350357364844685,1.2515549837238322,-0.46718305273274824,0
CHE,2003,-0.9624434623002303,-0.20799670058984274,-0.5768393558355199,1.8365774408071442,-0.1227897237264387,-0.8288253894615538,0.3358181887350462,0.28049638965022927,0.21330508255719066,1.5564265877486276,0.48251959886341417,0.36547659947036804,1.32857831745142,-0.3294063242496352,0
CHE,2004,-0.17273433471372363,-0.2051035171734161,-0.5331838205687812,2.047283648520793,-0.20493440014113415,-0.5736474414516176,-0.25093933325184703,0.4009310759451149,0.2753241613637236,1.4945850579379254,0.1875970911021655,0.35932559011019755,1.365469569105126,-0.61832651269783,0
CHE,2005,-0.0722983315143572,-0.1986181947820459,-0.5066395001302114,1.8522798954345998,-0.5315458565832005,-0.2387108943967709,-0.4294834505642653,0.4834874282025908,0.4346125812016074,1.719017530891358,0.6054502709057976,0.41063326527780225,1.4346021483708908,-0.4065772074150007,0
CHE,2006,0.2528757027027322,-0.20059421565920882,-0.6036030508231688,2.083778930403718,-0.5203588317911841,-0.21461314242625246,1.4003693436150584,0.5754025181005413,0.4842947658556765,1.9771663275444282,0.7350594207827098,0.4687465000806784,1.512023499380388,-0.5262398357268424,0
CHE,2007,0.211307817752109,-0.20634345165459306,-0.6812616411971663,1.4031137918944587,-0.5669602148952887,-0.427774755444324,1.040745784191965,0.735747514899844,0.5635195374848803,1.4266804898688747,0.5597157403532661,0.5038093763752406,1.5776224233459286,-0.5932161623141587,0
CHE,2008,-0.18795360159742144,-0.17657983122474447,-0.7450996349791812,0.21453492110399686,-0.6403223449337269,-0.6643022700681007,-0.44676785218926224,0.7910460945152441,0.6387430896726822,0.5290391999777062,0.6366262624518965,0.5311012156158489,1.4293765406591368,-0.5570308065547641,1
CHE,2009,-1.4164643481816357,-0.2276568415058023,-0.5785943522281527,0.9874759083348602,-0.12452869787210827,-0.22447842912886143,0.83105605302792,0.6221155654524034,0.5568325572896401,1.2801785055827835,0.8337521234187472,0.29843267081430846,1.6095422181984926,-0.368917809169705,0
CHE,2010,0.012567119222254789,-0.20711864031731905,-0.42525154242186947,2.243680005766247,0.6398277988849767,-0.4231385583452422,-0.06406794121237873,0.8430697659484996,0.6879058101540919,1.872012391426085,0.4139085661399331,0.2976976877310659,1.5788877247966335,-0.47929441647549503,0
CHE,2011,-0.4970916476432073,-0.2151476663417102,-0.5127819875044259,1.0870388821828338,0.6130658972429913,-0.8825396237077409,-0.07076176878927884,0.9030978414618985,0.8432289033895483,1.3656998731877923,0.8291135745275072,0.3667092101683133,1.636604283097686,-0.17889904725480044,0
CHE,2012,-0.5750750753360607,-0.23138359864603938,-0.4947932744799407,1.5131144808190304,1.738705492230381,-0.00433126243185483,0.3911439050924723,0.9432326295549611,0.827397212008881,1.4374927087982434,0.5436772267697986,0.30226821704955636,1.75552162335808,-0.08574953647408055,0
CHE,2013,-0.3792429848720679,-0.22303229069940628,-0.4386333899156939,1.6564691901501547,1.6065321735708102,-0.2939190500777108,-1.0890748066738247,1.0776344010959045,0.9368325808201263,1.3717851906200433,0.30570546521478426,0.31575653827476047,1.7898170944872698,-0.5540562104770491,0
CHE,2014,-0.18470050080835873,-0.21944523137226546,-0.42130280053844593,1.1768009569498035,1.6063042351675718,-0.29436183344542743,-0.07422342154572857,0.8550198234913627,0.674837352662018,1.128385511476079,0.40942850392329944,0.2873306383707449,1.8036236106718309,-0.5281338126679598,0
CHE,2015,-0.48420758272408,-0.23931539468443422,-0.426787164265423,1.4735159899567625,2.14338452213314,-0.02770334723546927,2.2223651107873814,0.8067131328301745,0.6212447285379192,1.2844542416881137,0.34156853065634996,0.21682007747898369,1.8467147551660175,-0.7636451586168014,0
CHE,2016,-0.35848581034732596,-0.2268508754989167,-0.4011203420231696,1.1437324817294083,2.315190801413928,-0.14177435725579396,3.4077740216819215,0.9042574698029829,0.7602830382893032,1.1248840737517312,0.45984740424139575,0.2850556970483959,1.9272512234274104,-0.5943505768961265,0
CHE,2017,-0.49360251991516346,-0.2098328415300119,-0.42766466246173945,0.8190983903706437,2.7196405775144217,-0.24758281585478023,2.814375983217852,0.8848012017976785,0.7835887319709286,0.9403016523657628,0.5577073772293111,0.318037820278365,1.9272512234274104,-0.5943505768961265,0
CHE,2018,0.030940913530048676,-0.20275877798836528,-0.44609212458438285,0.9502531721998557,2.3923646089656905,-0.27419016337051305,-3.501244557540165,0.9208420427444176,0.7622577234123724,1.0576220561814094,0.5766253895873305,0.3390925259560315,1.9272512234274104,-0.5943505768961265,0
CHE,2019,-0.5774993293671511,-0.21283613636634352,-0.5160726057406122,0.6114515841067135,2.725962708673589,-0.17501982901310395,-0.04169141483884369,0.901352091216412,0.766853925569182,0.8645128607821059,0.6807425405069283,0.4552198422085866,1.9272512234274104,-0.5943505768961265,0
CHE,2020,-1.5045760851508665,-0.23196919002791155,-0.4232771714801576,-0.005290268588734678,3.8402712189937436,-0.4812245954473085,-3.501244557540165,0.816970162262353,0.8059353983049133,0.887013751639446,1.2739430215367435,0.42610644388857594,1.9272512234274104,-0.5943505768961265,1
CHE,2021,0.814501165190062,-0.20898886362493255,-0.3802797598606562,1.199039593560825,3.352613428916583,-0.35946270193424895,-2.8441324532962153,1.025418157314204,0.8128742300935391,1.3513201986778043,0.7264254544724726,0.7156675345303857,1.9272512234274104,-0.5943505768961265,0
CHE,2022,0.08784051657069211,-0.1693926102640242,-0.5757424830901245,1.4598656054100354,2.369143000989991,-0.05181047506021777,-0.7634520942754429,1.18967921889869,0.9371904697401573,1.348016953343787,0.46652364050523876,0.5804096924652126,1.9272512234274104,-0.5943505768961265,0
CHE,2023,-0.6571979702539418,-0.18168732101792606,-0.5930730724673725,0.9278742842274803,1.8892311031978195,-0.49805458897939364,-2.533256571450085,1.037734407651343,0.8654238514248643,1.168445956042487,0.7960859856584303,0.4806312000957981,1.9272512234274104,-0.5943505768961265,0
CHE,2024,-0.5018574426341947,-0.2005444634350884,-0.5272607077436459,1.4481173803514142,1.9465681053623145,-0.33083133546890947,-2.330328446209189,1.0666294851417397,0.8551101078211969,1.1927771925802506,0.47798724378641183,0.4295908443591177,1.9272512234274104,-0.5943505768961265,0
CHL,1990,0.10555926330613599,0.23833195184359784,-0.3326754827104938,-0.33020403682657956,0.544010148176624,-0.24451868391876644,-0.21204781122546898,-0.2084848573733319,-0.3131150425833392,-0.05421118564232588,0.3036967018214533,0.3037464493005503,-0.054093287912326087,0.503715698137393,0
CHL,1991,1.2490723124324585,0.16360935403837323,-0.3326754827104938,-0.12477612717625029,0.6639876253396384,0.3799269470328422,-0.1840435060130318,-0.24861399080506844,-0.40895875955944594,-0.16233254671513392,-0.11053246665620826,0.39745127076549663,-0.054093287912326087,0.6468770521264039,0
CHL,1992,2.279333865257503,0.05186808449536183,-0.5257250859000923,-0.4345298298515735,0.7969268678611118,-0.0801409144489095,-0.20665493527400258,-0.32676871776475364,-0.39253263308067227,-0.240981020484852,0.15416793032114012,0.37334504070296554,-0.054093287912326087,0.5999936293732384,0
CHL,1993,0.9545993593800609,0.004454805048771954,-0.4950126490290197,-0.9600657355146457,0.7989399307343651,0.24833796253510707,-0.19701514200658557,-0.42651438252914486,-0.37617969448772165,-0.3071264588918501,0.6616486043643021,0.42166930061401414,-0.054093287912326087,0.5190861687288565,0
CHL,1994,0.512104823813987,-0.01812060246336931,-0.19227577129987689,-0.5561264265712874,1.156999585308159,-0.07430875486424017,0.1933707006372186,-0.3706583116849344,-0.4464591384422699,-0.3252543628962482,0.27083641829333105,0.433989726253763,-0.054093287912326087,-0.155790396957008,0
CHL,1995,1.6614337933010284,-0.07453928179792993,-0.448943993722411,-0.3953227499474309,0.7760841096895008,-0.48383722022338566,0.11449795148546278,-0.3305121762871369,-0.421192360461684,-0.018437819201583616,0.6178132639485778,0.4621338898589859,-0.054093287912326087,0.5091227372013801,0
CHL,1996,1.0726721798572645,-0.08988972164959906,0.14643853247823643,-0.7556420790510091,0.6543199915245089,-0.07674148490789862,0.4560721329012919,-0.4132567229661937,-0.35287729551266855,0.06719207546658705,1.0268875196391605,-0.24576462399048948,-0.054093287912326087,0.28604604955646434,0
CHL,1997,1.148826999665814,-0.11142138222019342,0.08545240783424977,-0.8151865088208567,0.7454299808242807,-0.17126918133536953,0.459504825866267,-0.41562578555461366,-0.3431539165006725,0.03749749820581636,1.0230702634483633,-0.3067252900288537,-0.054093287912326087,0.5154072004832562,0
CHL,1998,0.26568314491402034,-0.12940960972770774,0.12296545572677406,-0.9029701970082801,0.6323611843277738,0.17554513162697793,0.3783960960955349,-0.43964389178390584,-0.3248956676902951,-0.16884643443047626,0.8072962936417161,-0.38816594896933737,-0.054093287912326087,-0.07059097387689309,0
CHL,1999,-0.9595304226850098,-0.160573461959733,0.9677768442303456,-0.058204313936845206,0.7390379231605528,0.20811418765882211,1.3361948078619592,-0.3361205061696853,-0.41423399576545816,-0.2807282772512251,-0.248146034000278,-0.341454398160303,-0.054093287912326087,-0.08680705504456379,0
CHL,2000,0.4831744817872087,-0.15167448560650015,0.8214540199945932,-0.2779065968068508,0.47626076152556523,0.015681027275703984,0.4684822712799544,-0.27677564855681985,-0.3289412624900122,-0.2784692533284152,-0.039381234800149545,-0.25184460455127083,-0.054093287912326087,-0.29093875730570856,0
CHL,2001,-0.01675204349104747,-0.1564925817852021,0.7992971905376055,-0.34523013171853717,0.46394524885989663,0.5147459370187807,0.41435540637492324,-0.22040959626938136,-0.2627235219302503,-0.22296392388346423,0.019834598956930478,-0.12092776397817254,-0.054093287912326087,3.5636249298631357,0
CHL,2002,-0.00333946504728248,-0.17546644391899083,0.7505960406420474,-0.2228367697049156,0.6050688055491595,0.12089041628749708,0.053848594488678805,-0.2070041569001111,-0.2654671674924984,-0.20238532567599965,0.022821737698770963,-0.1478592096709148,-0.02763658737463005,-0.44898173352896886,0
CHL,2003,0.41485869262494557,-0.1698292915766452,0.6621880973631749,-0.043897699585250874,0.4249914917380742,-0.22917133196992207,0.20327716957946876,-0.11531211684777741,-0.24974610774383085,-0.15131559955602394,-0.10053827175551579,-0.2516280292567655,0.0034561275786304567,-0.7946810275037955,0
CHL,2004,0.951482983018719,-0.20067804998763505,0.7492797933475732,0.4800971637071634,0.04271197926481575,-0.7532854043418348,0.27705353204947686,0.03593349341820994,-0.2663590568235664,-0.04210394668143978,-0.4755150089110018,-0.4226280049387054,0.02266301343097135,-0.2667751855922844,0
CHL,2005,0.7212091026833762,-0.1655695843873625,0.5689539140045619,0.24794835413203103,-0.1813293513055179,-0.5952955768198729,0.258314093607751,0.05195229262764488,-0.20114603502032438,0.04410604145532503,-0.12339884606379813,-0.6693236035281942,0.04117219990939739,-0.18085190155171388,0
CHL,2006,0.7797795770007291,-0.15960450614893965,0.4996315564955696,0.8647331073606366,-0.28260053784569555,-0.4708968093689978,-0.03279766307626164,0.17263096512490572,-0.2802144401269007,0.35332731028637837,-0.3114832010831676,-0.8690664657881733,0.051189862671277085,0.2384413620146464,0
CHL,2007,0.5372518526418733,-0.14175393068582365,0.36866495069535354,0.7888925076021152,-0.5050858777538032,-0.30780747054187857,0.45394395114652947,0.21397377952837732,-0.2026874765231928,0.3268621056366507,-0.28335834947509364,-1.0522734202847217,0.1759387929673684,0.2157946004425319,0
CHL,2008,0.15800291150082985,-0.06604019127992863,0.5568883138052121,-0.8013204634932561,-0.4026190889030733,-0.2445444313549531,1.1534450573060235,0.08423014577295446,0.0943279044532618,-0.07628530965367149,0.8556935195936151,-1.1698054717970832,0.5127635436863123,-0.7554058779228604,0
CHL,2009,-1.191783942305443,-0.213009074588527,1.0017798993376046,0.1668637512816293,-0.05462635068035825,0.07126883696771814,0.66475829539987,-0.04811784387642069,-0.2908897643721971,-0.060609857147363035,-0.183873242998881,-1.1192939439376979,0.5653777942687522,-1.0141993701228142,0
CHL,2010,0.7252262859948622,-0.19442246436064245,0.39498989658484446,0.07347468493806826,-0.23851038598702193,-0.6322391719730157,0.5711748589006712,-0.022335864108254895,-0.20398473939675799,0.10515862867802829,0.13884640154915773,-1.185079615062473,0.49817979693458525,-0.3632169839807356,0
CHL,2011,0.8276123480886772,-0.1604972333599609,0.16354974730640542,-0.9267073338274202,-0.07290960546284933,-0.46835495108786634,1.1587050611661296,-0.029341383878838063,-0.08861021542070346,-0.3785623284103104,0.4642394123446927,-1.1812309008044357,0.5481447597729582,0.4319835549805049,0
CHL,2012,0.8087558343118838,-0.1663626259768287,0.009548813852884969,-0.9974719679108721,-0.08751238960750991,-0.21961112296660656,1.3873786356815658,-0.1550591645951364,-0.10725617708896992,-0.15980377158252534,0.8373277511349496,-1.1955354945598582,0.5984299994928265,-0.22757463497018718,0
CHL,2013,0.025735787850039524,-0.18776494206294111,-0.08456286770204427,-0.9024385385571294,-0.08864964840913833,-0.16678062689699402,0.6955817852514317,-0.2125558359285003,-0.15586429951776448,-0.25826973748099336,0.6121948662297984,-1.1678657332168842,0.5959747040202826,-0.15194245377631385,0
CHL,2014,-0.3912006187499237,-0.1362908358889795,0.003186951929591407,-0.6760882965465985,-0.0165942217655887,0.40678465470712355,1.0532602337203978,-0.18258519183401023,-0.17233267948214828,-0.37937752422501086,0.2053965191042377,-1.1792233849709084,0.6617749160730072,-0.30929904695255844,0
CHL,2015,-0.29237720156480507,-0.14279120578350338,-0.03103547772674641,-0.5513271809163003,0.15035894457255874,0.38659762115712554,0.6494982130084133,-0.3072772484521771,-0.2681247922473866,-0.2499806873303008,0.28215947469522695,-1.0950709104458007,0.6908414574556118,-0.28784939784137964,0
CHL,2016,-0.40209553356141475,-0.15267755521854093,0.0393837525276411,-0.5316453594950736,0.22755008317206105,-0.09453438921605083,0.2032973198571464,-0.3487425062153761,-0.34650853955845234,-0.4519891627090553,-0.0466805194445738,-1.2169621453584685,0.7112599559585583,-0.5107289092441211,0
CHL,2017,-0.5108345856751926,-0.1808557979691201,0.11199672827281945,-0.5552376812790565,0.022537118574744778,-0.42302155733105,-0.22516909108825783,-0.33539237789371423,-0.3635510691141366,-0.6048627687797415,-0.23315406829138174,-1.3128439979510265,0.757308944042228,-0.7386489993542528,0
CHL,2018,0.2131879552579968,-0.176424331953204,0.19228781323576613,-0.8521389086527247,-0.09838908196349268,-0.2945619142832068,-0.09824573294787196,-0.32892796378884676,-0.28788317319177376,-0.6341219357660585,0.03929102716904701,-1.2348534536965672,0.8459973907362077,-0.5486515172148965,0
CHL,2019,-0.707074792537039,-0.17426888794686932,0.1637691218554846,-0.9774341161331311,-0.025180707937468197,0.1683491069658467,0.2551648953074037,-0.3504048534882181,-0.284528944480446,-0.6243728261559865,0.16838800045982658,-1.3452284262368444,0.9954062313345788,-0.13006263816582606,0
CHL,2020,-2.5729896232186524,-0.16569409717817307,0.9186369452366296,-0.418420342085629,0.1117558477014311,0.3045908111104311,0.1949127218152651,-0.23756284095604652,-0.39643407922609547,-0.6969691871559076,-0.5043698676874759,-1.337913812411884,1.0015546373830289,-0.030122454567004103,1
CHL,2021,2.2340804445988427,-0.1397019217655616,0.5560108156088958,-1.3356874631799525,-0.025886690875932317,-0.42756515027729747,0.24407925954219964,-0.21625514719794917,-0.163231793148743,-0.991712391024151,0.030038925575373337,-1.4189140768572766,0.7028873143415713,0.24362588592349102,0
CHL,2022,-0.31658813158895305,-0.014592827315898844,0.3296162809592759,-1.6074551447575613,-0.3770943806811017,0.4028980773019906,0.4734292897279417,-0.09697494389623776,0.0981115570851853,-0.9742896216273201,0.31131042097150446,-1.2528867299433404,0.7742545458135892,-0.5689448210916395,0
CHL,2023,-0.6980527713944844,-0.08597854019429903,0.4972184364556998,-0.6148439335116174,-0.09544819581914396,-0.4080952763718271,0.39112456668265044,-0.2554757309031443,-0.2780596154867637,-0.5675931924252482,-0.11201929739640401,-1.2390307798179645,0.70803973660993,-0.6308019245526868,0
CHL,2024,-0.11271921462432388,-0.14368980635666823,0.43250294447736853,-0.28177511055489035,-0.1433854329958661,0.2848776009572117,0.1103476279917918,-0.15877168168931854,-0.2655042412539562,-0.3464423277567777,-0.14921606100395632,-1.2755972527064963,0.6047309212017608,-0.8790029451452197,0
CHN,1990,0.19461937936116286,-0.1655746119687744,-0.9600866930766884,0.4899985543809525,0.8578007734752419,-0.24451868391876644,-0.37526558025459694,-0.8175413492368488,-1.0243415785529035,1.4545128845360136,1.7591813037117952,2.6184984429593205,0.21690377059518076,0.7461303080830969,0
CHN,1991,1.6944960803627613,-0.15671075133631096,-0.9600866930766884,0.5129717490943588,1.2311546126839548,0.2407166686075802,-0.347721371972462,-0.7895221710782127,-0.9937280423996057,1.676045432446369,2.010726444000044,2.6184984429593205,0.2601762991676511,0.6314051670557846,0
CHN,1992,2.7536218099513228,-0.1075532200329935,-0.9600866930766884,0.1761634142800735,-0.2411154518792573,-0.09019591086668859,-0.1113105341235773,-0.7517429924246648,-0.8772793495501066,1.933547710949479,2.666515061447559,2.6184984429593205,0.21732316068562807,0.8475126278172361,0
CHN,1993,2.7536218099513228,0.03753310851534463,-0.8898868373713799,-0.5280341042986297,-0.38327051690175284,-0.05178466931401691,0.4616889717419427,-0.7179357062259095,-0.6897471379522835,2.0646454093477753,3.3753739732159413,2.6184984429593205,0.43605146503405756,1.679838592019313,0
CHN,1994,2.714127068088033,0.20706053310930053,-0.8438181820647712,0.12880135954369978,0.2445095360274512,1.8857672176388294,0.429168950297508,-0.6584947667200141,-0.7719053041615728,2.0609297635527355,2.8352630517271176,2.6184984429593205,0.20549030168194923,0.8842492139854792,0
CHN,1995,2.1455173287449187,0.07586293615773385,-0.8218807271568623,-0.04310001121926583,0.3534662207733113,-0.37778728445309234,0.2514943316884728,-0.677761893100386,-0.8072114889181581,1.7930360360756035,2.6289500944356576,2.6184984429593205,0.16982994792336162,0.7773057154365264,0
CHN,1996,1.8588809905685184,-0.07312413764079422,-0.7955557812673716,0.06264749409003488,0.6744073644299365,-0.26367886052332473,0.21443570673586615,-0.6789954207040495,-0.8241982868378783,1.694865706585041,2.4001759145656125,2.6184984429593205,0.27822838957210977,0.5576684878971248,0
CHN,1997,1.6730318191789852,-0.17024601800965336,-0.7714245808686718,0.5762445434683495,2.449916244778514,-0.2571067484014779,0.22555833894336524,-0.62848236686432,-0.8575053456399262,1.8133676298315766,2.0461399608162183,2.6184984429593205,0.4277776649277765,0.3192566183530112,0
CHN,1998,1.2951000698634483,-0.23280059866994962,-0.769230835377881,0.44121043581225955,2.43995838577309,-0.2501466153141062,0.17815861755187218,-0.6667474887107789,-0.8951516518399399,1.6452018414464629,1.9147527839749665,2.6184984429593205,0.6006830840713553,0.013864963978615804,1
CHN,1999,1.2449565753193654,-0.24243630757665158,-0.7670370898870901,0.24825313088432324,2.050145703118263,-0.24488629833475148,0.0677795596497496,-0.6732402836338528,-0.846636230118293,1.42628812947233,1.7838994262785473,2.6184984429593205,0.7058324628333652,0.0013894853139692549,0
CHN,2000,1.4738900185551205,-0.21310105204218752,-0.7648433443962992,0.20762184639790476,1.4244433984050056,-0.2443867639297169,0.02337787028200881,-0.5855656229935366,-0.7263680925900126,1.3268590126921604,1.6793795867762364,2.6184984429593205,0.7182882275420076,-0.12142333397555961,0
CHN,2001,1.4052578903755568,-0.20657585756699773,-0.6463810878935912,0.14009996853512152,1.8168858897166997,-0.24526390084541913,0.02862862847124347,-0.6053155594278761,-0.7389347087374697,1.5103187736466481,2.008311210528757,2.6184984429593205,0.6927588378268672,0.021105853622271284,0
CHN,2002,1.65610364111752,-0.2320763159174031,-0.5498562862987919,0.32820162146850135,2.4361668065197004,-0.24457621789708667,0.043116170632209704,-0.5309437259771987,-0.6677437972432281,1.7046335962752832,2.1030896421534417,2.6184984429593205,0.8435098264423037,-0.07864544303248841,0
CHN,2003,1.8975320906343063,-0.19939758028691457,-0.4752689396119017,0.35900420168603986,1.5408440860016899,-0.24447758766966843,0.023160162850003083,-0.3919365452504474,-0.4882812730685666,2.134163696371684,2.6873598696069823,2.6184984429593205,1.009419459262117,0.2412406766020547,0
CHN,2004,1.9048531651384795,-0.1520019720627338,-0.4950126490290197,0.5169010545747641,1.880182900389153,-0.24464110631093428,0.0222735957123398,-0.2608830802528392,-0.35054078325837146,2.5281846814894955,3.071111683948291,2.6184984429593205,0.8630064293288572,0.012950832310800828,0
CHN,2005,2.2660163925550485,-0.18799588006850165,-0.4884314125566472,0.9018159382380536,2.173949774798644,-0.2873378926327924,0.19284740324424282,-0.1706519106651616,-0.35206483794579796,2.549063054690833,2.8178199871295324,2.644232907966987,0.7250579807900812,0.11022431439576554,0
CHN,2006,2.6020641249965712,-0.19022738346688856,-0.5081751219737651,1.3479442673769286,2.4579833099030832,-0.36033531413103953,0.18524825688504798,-0.10007650514478886,-0.3500714405159294,2.8246784135620078,2.732875076918287,2.694141815776437,0.6685639303961742,0.3920941451075274,0
CHN,2007,2.7536218099513228,-0.13456703528744965,-0.5257250859000923,1.605001450663898,3.085415327146347,-0.44169477127711065,0.1675945505935472,-0.12035751983098886,-0.41526947716518775,3.070506233248956,2.8254731082345943,2.6871774616301027,0.5972536027140637,0.10990345899958724,0
CHN,2008,1.7751251494737523,-0.11508739205601123,-0.4730751941211109,1.4693185601120202,3.3292157116902756,-0.6166458810090061,0.06128046642773728,-0.21239066004010715,-0.48272157588296943,3.0858202699714945,3.1278737896942403,2.637288493362109,0.5176889685202876,0.16458235004705146,0
CHN,2009,1.7028762278974503,-0.23200943831505405,-0.4445565027408293,0.7255560662471121,4.778782439767505,-0.3170126257871998,-0.12388726141916383,-0.4662255100933649,-0.6581992837329868,3.080683966909223,3.3753739732159413,2.539516211414589,0.9757880070739235,0.722880067674961,0
CHN,2010,2.028972394939989,-0.16341249560874288,-0.48623766706585614,0.5798214896944084,3.952229183192383,-0.2829774311700002,0.10318539355722336,-0.3880000022155481,-0.5403392691433543,3.0858202699714945,3.3753739732159413,2.541933626990638,1.0202408060505286,0.22595515220061546,0
CHN,2011,1.7182658986206778,-0.12161325546654855,-0.48185017608427444,0.22436427792151717,3.3256928222934854,-0.4404991329520953,0.057332502492244336,-0.40666910238933524,-0.5146694819035367,2.9294249371172705,3.3753739732159413,2.62768013316103,0.9520587382900033,0.14071214716825278,0
CHN,2012,1.277022376620715,-0.1731797064788332,-0.4752689396119017,0.3463824334525017,3.314616658545916,-0.34368414842319484,-0.08272493518904993,-0.44183102832109294,-0.5685349460476139,2.874759409828057,3.3753739732159413,2.531275229774717,1.0703361554526671,-0.013024051592858606,0
CHN,2013,1.255186020727138,-0.17315289515363882,-0.47088144863032,0.18086080935287285,3.421464513210328,-0.3238681759992799,-0.0497122234399545,-0.471700987851329,-0.5937473384488304,2.732489585323494,3.3753739732159413,2.3752829565700355,1.1774540254852024,-0.0551251517891014,0
CHN,2014,1.1678791625241378,-0.18544376234809126,-0.4643002121579473,0.2995941814561554,3.2873081997492704,-0.2808046847137458,-0.1261146204981443,-0.5073923098452083,-0.6230432376383243,2.7616089936281782,3.3753739732159413,2.3229580222282173,1.2964018402525421,-0.19027698464524673,0
CHN,2015,1.0360245465181197,-0.19396006460612122,-0.4599127211763654,0.3660357036933561,3.0482682315607854,-0.18573176186475376,-0.1844092046189676,-0.5771456631521692,-0.7484972480669149,2.4950526925941534,3.2625410309637206,2.0694721092859436,1.5475999620784975,-0.06801643162297834,0
CHN,2016,0.9788324112886061,-0.18406672033296398,-0.47965643059348356,0.206505888517356,2.765105996586608,0.04318297519141924,-0.2849274743802634,-0.6338994735939911,-0.778892671690364,2.343644724507666,3.1588144422331728,1.9172731905599123,1.6221726055298273,-0.1734321970743803,0
CHN,2017,1.0111646280751783,-0.19121666855889582,-0.49940014001060157,0.17806946641942162,2.463631139271632,-0.17062122555838258,-0.31724920509228827,-0.6295833059685756,-0.7540331218342678,2.39916317918552,3.2303205981919514,1.9306588984358095,1.5990928306379562,-0.3424838762171005,0
CHN,2018,0.9744639231970877,-0.18275244316629993,-0.5345000678632559,-0.05147335535732962,1.9352833778252696,-0.3352977456551799,-0.2626675473857215,-0.6480643000678467,-0.7343283291542607,2.3318277440923834,3.363218561071287,1.885550484027554,1.6598111560879296,-0.40115618679652626,0
CHN,2019,0.7845619304245932,-0.16826430009788565,-0.47965643059348356,0.025836222815131253,2.049412323626565,-0.054604863269512485,-0.32356160130462425,-0.6686902128948482,-0.7656787397116224,2.273046357553806,3.2511573560643963,1.6948784833845194,1.810800843061371,-0.3019692027299531,0
CHN,2020,-0.24078851964789796,-0.17669615331029787,-0.38313162899868436,0.17581737698712013,2.249928313928373,-0.2492565217456173,-0.2587884498463505,-0.6644460035686633,-0.8139656475066468,2.298482340336934,3.2342576645517855,1.5755298435629015,2.164348550080898,-0.24263780268082635,1
CHN,2021,1.4730128469076678,-0.201973611673487,-0.48185017608427444,0.20027283761685782,1.548637484548992,-0.5258200183655505,-0.22615544852267072,-0.6263317608975281,-0.7698157613951774,2.443304555614524,3.253370418293752,1.758637889050814,2.0482275860999533,-0.2918226292886567,0
CHN,2022,-0.02230269388172672,-0.18453111525959343,-0.387519119980266,0.29875102204036946,1.448728322421899,-0.05251564550957205,-0.3633513872497276,-0.6004078139353308,-0.7668336988535301,2.4621587558715943,3.1965253189503335,1.6458369050578774,2.220447830355484,-0.15611547546822943,0
CHN,2023,0.6054015503186984,-0.2150863775580046,-0.45552523019478375,0.16119748430357916,1.5407421427177272,-0.023319572341713387,-0.4853274689625602,-0.6274026802549004,-0.7648176353973841,2.1845765724159376,2.98333562105379,1.4758705740120974,2.3841080137551156,-0.2512771330315428,0
CHN,2024,0.47951145311680565,-0.21537998922426824,-0.4730751941211109,0.34378508161084015,1.441661908988064,-0.17568199635669976,-0.49391030637342986,-0.5933742311369548,-0.757984240000449,2.202163010612207,2.8705949213625703,1.445466801894096,2.4825738657148975,-0.41061508353869636,0
COL,1990,0.2934938823046156,0.2930821256934586,0.7400660622862512,0.11406751350644291,0.31051368247222205,-0.24451868391876644,-0.3622808695373411,-0.6450507129732166,-0.8198942510082825,-0.47736923263396225,-0.586220860789284,0.2478610772553349,-1.041114399821896,0.954577253231411,0
COL,1991,-0.3337267624586927,0.31479905583415474,0.7400660622862512,0.7408579760108006,1.0395477947285883,0.8238922351773013,-0.3809521521136285,-0.6374677945712636,-0.877220226114437,-0.2211067399367994,-0.8473357844662264,0.22584129839363323,-1.0935565411586654,0.954577253231411,0
COL,1992,0.22828816974388777,0.2554508382991585,0.5908913689124707,0.18441839031286814,0.9768127343580435,0.12018575954991868,-0.32970109712207396,-0.7217110717462845,-0.7742625959323844,-0.6978908614200475,-0.5953050521032436,0.03834193404383615,-1.0551008463496898,1.2792808527621686,0
COL,1993,0.5969868451139405,0.17517377952335592,0.2311171084227648,-0.6251220029405788,0.5150182666370514,0.42462695815748186,-0.29813033023486124,-0.7653392649341099,-0.6231789681240315,-0.8427940253186659,0.16783457121154988,-0.13933287954296283,-0.9833474803865629,1.2781141985684703,0
COL,1994,0.7150524433273601,0.1822691291311068,0.3298356555083549,-0.8529079664741234,0.2916954543600155,-0.024899372398104583,-0.24546793450187088,-0.7714264497287424,-0.6260380006492565,-0.6957609170843908,0.2715512461525478,-0.2862429866185583,-0.9330819322285904,1.6308056988072808,0
COL,1995,0.5466603676318635,0.14792314442794652,0.43294169357552686,-0.9206011948056891,0.1736814422998559,0.20438602771647893,-0.3620004809712938,-0.7866210392324746,-0.6243213613419928,-0.7687153811397242,0.31682456205600357,-0.3276634025330111,-0.8788918946233321,0.7128932877477545,0
COL,1996,-0.31880611252067037,0.14626743814815688,1.110809050229912,-0.9025819169338575,0.3260271679550127,0.3378204288707832,-0.014824199957984518,-0.764849813204909,-0.6289252973587284,-1.185691563542578,-0.3176371484034513,-0.3896347177998021,-0.84415648982411,0.3350245617788953,0
COL,1997,0.059232826426817375,0.10536479088296241,1.1832026514260112,-1.0083059338352143,0.1623336173581214,0.18859506159280415,0.3092386108267132,-0.7765549244601289,-0.6323778496521797,-1.3834016097270372,-0.5310816417866058,-0.49876582375486755,-0.8200441408418682,0.48466300425989023,0
COL,1998,-0.7275492989149375,0.10900171600786068,1.8106138617922058,-0.9296795407304552,0.10628168440543705,0.8297519172261604,-0.06781982928946922,-0.7711324793617979,-0.6267199561980752,-1.460034137312696,-0.7390444626323042,-0.4525887635861078,-0.8463521180605312,-0.17211689363305727,1
COL,1999,-2.040581073869112,-0.02812737398614051,2.920649080132396,0.05311418970089667,0.3270190450780946,0.7502910618221909,-0.2488223329449509,-0.6619285867810394,-0.7467702210874456,-1.378099714957821,-1.9301057440047753,-0.4881108820787654,-0.9209339115172761,-0.14383480158192888,1
COL,2000,-0.07978611584242853,-0.0570940189555329,3.021561372708777,0.06480093999364164,0.3046696592572668,0.5656387000033842,-0.13771784282146118,-0.7414447546104758,-0.7874764546584373,-1.3739861247213665,-1.5795515992428635,-0.4734536604872483,-1.1449640253579731,-0.5764631842123411,1
COL,2001,-0.42276288466582673,-0.07923255549091182,1.8193888437553691,-0.26305911823195566,0.358631143438284,0.19169741277397323,-0.11372082071134015,-0.7587122451865618,-0.7192154148585712,-1.4648419372381525,-1.3818588286387181,-0.43748191823184973,-1.124894754715058,0.2593852579252549,0
COL,2002,-0.19554928645153097,-0.107596697135456,1.6967584708201584,-0.3072456912481819,0.48235929731169935,0.1380648734146492,-0.1797591995359887,-0.7774043630671789,-0.7326545697743684,-1.3309727532004485,-1.1697879526068329,-0.45582322759085464,-1.1329151051558104,-0.5261644337885428,0
COL,2003,0.19345106036342197,-0.09391977710963331,1.4203465389805063,-0.24658247445464251,0.36758780904605237,0.3951084307675459,-0.23783190353075898,-0.7198553204060669,-0.6639370181342786,-1.1504431786188543,-0.9210202189141395,-0.4198458288392361,-1.1422698028512295,-0.21579412632781286,0
COL,2004,0.5825775800784044,-0.11546049491872411,1.5291563153237346,-0.19460974569340797,0.40249306312625616,-0.61657882427873,-0.10207505662617405,-0.7134633973536255,-0.6967966012636855,-0.9747201171978275,-0.7889766582141384,-0.38889471420066035,-1.1187738593361511,0.243810989663671,0
COL,2005,0.44388078591621283,-0.13045047093316378,0.946716887518753,-0.3109442239501926,0.1983913211380958,-0.7467657050171949,0.601506470824656,-0.7069131704895152,-0.6441497940378537,-0.7788906838282091,-0.4036797290293224,-0.11138268722204447,-1.1071906007263892,0.15699712379812722,0
COL,2006,0.9632040941020378,-0.14376388244798438,0.9524206257948092,-0.39884005226037833,0.013694198723066167,-0.175170895581302,0.14134649454076612,-0.6821389541115894,-0.587546230893441,-0.706888793913413,-0.1805762979446395,-0.11356991974104988,-1.0114283885361688,0.17357586036682163,0
COL,2007,0.9690698005968166,-0.12178044834562547,0.9778680734879839,-0.5937940621024549,0.09333453913130178,-0.7560227151082032,0.16329504651279922,-0.7245043476929314,-0.6358555145089607,-0.7525567191864546,-0.09094721098251148,-0.08267053350309123,-0.9436914703158426,0.14434568783082255,0
COL,2008,0.018842477077385664,-0.09625532445154836,0.9930049173744409,-0.5417232708197499,0.026273158467233354,-0.4775134381472225,0.1709608459114354,-0.6696787415825741,-0.6206578421640142,-0.6384786182620156,-0.04457045315951809,-0.2199749015469671,-0.9274476654498798,0.20149768023340459,0
COL,2009,-0.5708082591353785,-0.14536141284249682,1.1669689347941588,-0.408862442823255,0.27316649002328214,0.17628542303685338,0.026022710708555167,-0.7247871150862587,-0.7107833923686352,-0.74870975413392,-0.34604953998796184,-0.32439726547258224,-0.954315109532134,-0.3453103099120589,0
COL,2010,0.3519861142738517,-0.17928679269189474,0.9666799714849503,-0.5961860098498987,0.1470748046012472,-0.759498103192033,-0.16914845931374625,-0.7275227794889314,-0.7420804410688646,-0.7749826443818294,-0.36323741924394964,-0.4674157350299304,-0.9063125477952274,-0.16690036818828774,0
COL,2011,1.0267469644010807,-0.1592000386518436,0.7769209865315383,-0.5807521517555565,-0.03899355713207577,-0.35986748589798595,0.17360465834723024,-0.6315168937359478,-0.6541344566678237,-0.6658031293845925,-0.17072691149672006,-0.5992425487287286,-0.8517626463548066,0.22467035000185856,0
COL,2012,0.1919008431827177,-0.16351833681144715,0.704746759884518,-0.6210011046819719,0.03626349298597225,-0.36078076674389636,0.12280992107484426,-0.6467337491193961,-0.6607191995986167,-0.7853631694087236,-0.3256891554831925,-0.6218141937947284,-0.7934911035606138,0.07508309965637039,0
COL,2013,0.5278348502182098,-0.1837681436881,0.5483327063911276,-0.6375280542005356,0.22525314733251497,-0.0751308641962649,0.1526418260849581,-0.6704360008560489,-0.6655127568370549,-0.8076409358944144,-0.31213989177649853,-0.696912803607431,-0.7571071354862896,-0.04747370466931234,0
COL,2014,0.35318836460054986,-0.16827126412382234,0.45027228295277466,-0.9750978353216678,0.2675096147163906,0.059436779650912305,0.15240799249559062,-0.7179111267691538,-0.6286126250759431,-0.811777215722331,0.004545949922797936,-0.7660498522302988,-0.6964076159507534,-0.28578340986023026,0
COL,2015,-0.07124860438843772,-0.1315257501979596,0.4004742603118214,-1.1770384469843271,0.5774522045060524,1.3458189541517696,0.10704692816177452,-0.7501087907576259,-0.5566400691800387,-0.9082653396439709,-0.035392033719317775,-0.7429052122073626,-0.6018134111275749,-0.1688233889323371,0
COL,2016,-0.3101344056554821,-0.08717742606090102,0.47725535248950285,-0.8466813008395435,0.8179202684674216,0.24672647660374294,0.2587873521892224,-0.7806233654936711,-0.6040980672160962,-0.8950124975882411,-0.1408408920942599,-0.7610435789863149,-0.5986997911603049,-0.39090263915752005,0
COL,2017,-0.5103764920312177,-0.14339678425885172,0.5132327785384734,-0.6282541669693121,0.71543554566092,-0.3904494645139038,0.17690389980985752,-0.7666214167880606,-0.6563152581959416,-0.9411231124694892,-0.41357015093166793,-0.917279263896855,-0.5411324348279607,-0.4117130949450234,0
COL,2018,-0.17895174169209246,-0.16226593740577286,0.5733414049861436,-0.8035763908953043,0.5132572895574885,-0.23837965974285824,0.0138745961960875,-0.741949041291606,-0.6370456788502713,-1.0315140372565847,-0.4838205946746995,-0.9626169648505151,-0.6234634671635874,-1.1119143225743644,0
COL,2019,-0.00772478570822739,-0.15730237753507426,0.7751659901389054,-0.8694449935704194,0.6695578303563083,0.22926299331775496,0.16682274663665578,-0.7429851164467816,-0.5961570807464227,-1.0544235171544982,-0.4516202892264537,-1.0022298301047154,-0.6198881231995105,-0.3907853218023003,0
COL,2020,-2.8607512837299547,-0.17481207232090448,2.0262590435369505,-0.6704852225699607,1.5638847910829263,0.2944629049732946,-0.08628347293022622,-0.8196993952218236,-0.6409869970090422,-1.2681387009262803,-0.8433905206700724,-1.0372621005177225,-0.4952380180952717,0.2774968165601337,1
COL,2021,2.086597439888707,-0.15779375596707687,1.5688631087070495,-1.0502296276713388,0.7732317686561685,-0.18522352475025797,-0.047172630249785456,-0.7322267882615692,-0.5120275651749757,-1.3548898334032604,-0.8801236198570784,-0.954295301949272,-0.5807424063737711,0.10371826133595986,0
COL,2022,1.1313718066866016,-0.0403663534228692,0.8324227474485478,-1.1199655824441712,0.2744539998022971,0.34296246639564726,0.2699951046690588,-0.595155267008424,-0.35582223263406176,-1.5201034509201483,-0.7287538366480824,-0.9633531550757429,-0.6586663509620931,-0.1180989076290127,0
COL,2023,-0.6527260422707852,-0.012975425816941154,0.6240169258234131,-0.4709129839438525,0.5479947750430293,-0.17409466933537582,0.2065330523671086,-0.6795492767756859,-0.5715553837266284,-1.4188142347069572,-1.321269359558314,-1.0095433874227147,-0.7130617038152437,-0.5428600543085879,0
COL,2024,-0.47353457782854314,-0.10307020729040178,0.6301594131976277,-0.36769259267907156,0.5894300061812666,-0.49433598774731946,-0.006525309009470075,-0.736038409316204,-0.6524445838327247,-1.2622610789748236,-1.3052761225985323,-1.125454889939684,-0.7594006247163314,-0.17300623258152817,0
CZE,1990,-3.8922701976861074,-0.02438756160622155,-0.9820241479845973,0.11411059663512102,-0.4044713111168558,-0.24451868391876644,-0.2745611232470011,-0.19280139296568904,-0.2603096014498272,0.5401372798474267,0.06097135630463705,0.7400341618119727,-0.3035082319980579,0.30241906556180287,0
CZE,1991,-3.8922701976861074,-0.02438756160622155,-0.9820241479845973,0.11411059663512102,-0.4044713111168558,-0.24451868391876644,-0.2745611232470011,-0.014031918639159252,-0.17300707709819543,0.5401372798474267,-0.29651024985016167,0.7400341618119727,-0.3035082319980579,0.30241906556180287,0
CZE,1992,-1.0235924936313527,-0.02438756160622155,-0.9096305467884979,0.11411059663512102,-0.4044713111168558,-0.24451868391876644,-0.2745611232470011,0.032439434049619,0.050480302666071994,0.5401372798474267,0.24556216906761905,0.7400341618119727,-0.3035082319980579,0.30241906556180287,0
CZE,1993,-0.8672414664175537,0.14653901545081224,-0.5259444604491712,0.11411059663512102,-0.4044713111168558,-0.24451868391876644,-0.2745611232470011,0.0350148414953337,0.05659566210534337,0.5401372798474267,0.43265824656314034,0.7400341618119727,-0.3035082319980579,0.30241906556180287,0
CZE,1994,-0.08406368715351084,-0.04278797175092821,-0.5402038061393121,-0.3735047360817621,-0.17122711319268907,-0.2987190803075868,-0.23708243705892054,-0.05722568848274713,0.03435129247275559,0.5991170306379228,1.009580053522841,0.7705383883858737,-0.21720441771821328,0.30241906556180287,0
CZE,1995,0.8269272554274394,-0.06122064605915233,-0.584517465053288,-0.47090433243235674,0.3819641111193381,-0.5795354523011739,0.15204800936173177,0.043870258155232704,0.22830993029181132,0.7622767717788201,1.7182534647114962,0.8351041427519803,-0.23207135741214036,0.769044753010155,0
CZE,1996,0.26229938584731655,-0.06529322342982898,-0.6349736113414786,-1.1280381820075327,0.056916565358540006,-0.14669694413318263,-0.18968654276095198,-0.022497973111984905,0.21777115565523977,0.6560376322236456,2.0619154709980427,0.9827269687054455,-0.26565398725958,-0.4299926518891474,1
CZE,1997,-1.0481533456076204,-0.06815094865673488,-0.45464773199846725,-1.0770503127544822,-0.1838550217736073,0.47623584379364964,-0.19930437781560098,0.04680242467360421,0.27334796257299476,0.35569682179541146,1.516348339762627,1.1333139769461764,-0.24012786343075546,-0.680518268613037,1
CZE,1998,-0.9924040240647224,-0.031208340730222772,-0.06394166008860984,-0.4157952147271954,0.002263081491008089,-0.1655281110508935,0.3563147932207791,0.10552811027467252,0.19546943291164118,0.6092122586375226,1.176809841610969,1.0693474988121474,-0.4016916696981033,-0.5914539418288275,1
CZE,1999,-0.5051506200070545,-0.18168648516446498,0.4289929516921031,-0.4652723246507933,0.022888769166802568,0.060027503286186806,1.0194140233500786,0.12766758224334684,0.22806883884035026,0.4358215037002881,1.0032193580244604,1.024239480460041,-0.5131188743961438,-0.6301861094100555,1
CZE,2000,0.21886501885403717,-0.1528674387097318,0.4425941737350065,-0.8250243373482165,-0.05224203648765079,0.25627152131880415,0.7611237234231651,0.3020234685872672,0.4880076659084114,0.4756825423760015,1.3667127635659986,1.163101332555392,-0.6482569201437692,0.07137147188789753,1
CZE,2001,-0.08188803218140317,-0.13727493186546127,0.30307196052070606,-0.9070808680974637,-0.07892969968206176,-0.30719992550543423,0.8026291198347406,0.32817350150455743,0.4972612739950621,0.4699157884706485,1.3964566291599685,1.212483889925031,-0.8104895084670282,-0.18127125540515826,0
CZE,2002,-0.46799172151109925,-0.18577169044975747,0.11704234290163862,-0.9689591945289542,0.371423161104938,-0.842872102042387,1.1258040437338683,0.20252415797184198,0.3494485771503527,0.2352130940784774,1.131315758444901,0.986735968369911,-1.090571310453282,-1.1119143225743644,0
CZE,2003,0.023625768076852897,-0.2171265882440822,0.22607149379394584,-1.0717685076890504,0.2309683917245458,-0.838979936858522,-0.20648310967152306,0.26098389796914845,0.42615419856524794,0.056716194000579416,0.9692077429423234,0.8677481927769299,-1.0758531519484809,-0.4235051204965203,0
CZE,2004,0.41846031035983794,-0.17070919992761957,0.3403656338641512,-0.7190045327591366,-0.08151114622630647,-0.6267152608671915,0.3303946471133738,0.598879838465201,0.7436269192664997,0.1172306922443913,1.0169836458477148,1.0577728627792284,-1.0474370564760311,-0.3818512601435849,0
CZE,2005,0.8691811707297034,-0.186578004528992,0.2589776761558091,-0.4329475372785628,-0.2141168903120965,-0.5358135951585464,1.0802709023463264,0.757798046336855,0.865964835502387,0.21449144006331117,0.9232931264279253,1.0423822215691978,-0.9723170683735701,-0.1910510399517127,0
CZE,2006,0.9374331239571483,-0.17468277580141436,0.0865492805796452,-0.5208179037511377,-0.32562739527600265,-0.48875740941390605,0.20455474793293082,0.8600978791663131,0.9717874492137643,0.15853288498635726,1.0614091954458704,1.1562591640402045,-0.8750546070191068,-0.08860176519689016,0
CZE,2007,0.6254313818899585,-0.16907459824666263,-0.31380927148969223,-0.8905937496443005,-0.4341970038050708,-0.6822388857410137,0.6401638011412047,0.9014204992515381,1.0323056969843258,0.3397155096585281,1.4140546438140384,1.1494166465203366,-0.7732722466889208,0.07748336073914959,0
CZE,2008,-0.1657648198368599,-0.10747093404596443,-0.5165113548387704,-0.40143978425311994,-0.48998308652874667,-0.9266933148069271,0.0696760166094801,0.7995063828827611,0.9216794697293756,0.24537083646983018,1.221375074423851,0.9324011153005901,-0.6775937300719244,-0.05526538764431001,0
CZE,2009,-2.2040455280256426,-0.2012994634495994,-0.018531128429238448,-0.48557696762151537,-0.23677917854560152,0.25666692519287215,-0.12040403967555037,0.6504303131191022,0.6777291270477682,-0.2329732705034347,0.4210336777082785,0.6542884122645342,-0.6400729639924827,-0.7566219931482789,0
CZE,2010,-0.1376005546831792,-0.19333263929467312,0.11726171745071759,-0.6796837915570485,-0.3260982602740506,-0.2365736011743855,0.2448386456449303,0.8602488195562545,0.9601983656510624,-0.37215543809555507,0.47902175191902735,0.7166340189216953,-0.6234720872791427,-0.6693967664182345,0
CZE,2011,-0.396775494783475,-0.18552147982598946,-0.007562400975284036,-0.45397330653418166,-0.4705608900894034,-0.5600105990127774,-0.2391037663863293,1.0355072923867377,1.1397712413534915,-0.346618232895981,0.4571151917988627,0.9217507286027627,-0.5803086893452486,-0.6233499553657724,0
CZE,2012,-1.096240212214388,-0.16143905108499795,0.0510106036288328,-0.33910858354167017,-0.37112734264032227,0.21233901096209173,0.19156853119999792,1.1942549387907113,1.2898951818888122,-0.15260179844860955,0.2942308778713667,0.8952412503690413,-0.5568356021215567,-0.5165766862418384,0
CZE,2013,-0.895768695703758,-0.19393767519935284,0.04530686535277653,-0.1701222144053162,-0.1859833459690513,-0.24603667830256146,0.02563566674813745,1.2098081538696719,1.272324668256803,-0.13571021136539266,0.06951687213589221,0.9037072893055486,-0.5309958060445942,-0.4630862619614161,0
CZE,2014,-0.26672340472597145,-0.21316822813998013,-0.1400646286190538,-0.04348144055641203,-0.2642579854639866,0.01606487347484659,0.08703001321731361,1.398527325340553,1.4715354895786912,0.0064839059055495545,0.2386765502880939,1.2040525221358367,-0.5560457341640352,-0.4573314474942851,0
CZE,2015,0.47963651853765304,-0.21377668451234094,-0.3726016506428881,-0.003923107466519917,0.021417824593261414,0.5505928946021773,-0.3858166323583457,1.3547549542891821,1.4305387467400676,0.1090344854678725,0.5203017608899886,1.2506291974253818,-0.5525355733286351,-0.35081521133862836,0
CZE,2016,-0.17440080987878967,-0.20720184075497333,-0.6130361564335696,0.21978003572371285,0.3859615578231786,-0.27226205064269693,0.3512278605335912,1.2924801454026498,1.2923469096438323,-0.0010951908077787233,0.190944891541949,1.25540416253763,-0.525088502536514,-0.4254529408282907,0
CZE,2017,0.5387190538818292,-0.17614941327642067,-0.8453538039083249,0.15194334255081535,1.1647701643625854,-0.43150178298858266,0.2860059666915228,1.2786171887180606,1.277925194819562,0.11742855698971451,0.19350798923764495,1.1536183874629806,-0.5321973269519028,-0.22462076222808422,0
CZE,2018,-0.10579359908551911,-0.18143964264152349,-0.9872891371624956,-0.0030821304230595264,0.8518810975835042,-0.5471360963509058,0.0014268117630229214,1.2107691754191483,1.257219992620417,0.09947014202355091,0.289667968209153,0.9994530859767732,-0.5220265187258813,-0.43680311247320136,0
CZE,2019,0.09649734987984276,-0.1691668298345013,-1.037964657999765,-0.01953926007096948,0.9896408254746953,-0.0067813555730359305,0.14370933241011496,1.0968003271520004,1.1215456602843064,0.120368841407672,0.3817190217040012,0.9679026517402365,-0.5487764212624889,-0.43433603755214956,0
CZE,2020,-2.3433734037574205,-0.16365903872581913,-0.9205992742424525,0.2262916190722362,1.5295005211777273,-0.19243176370071874,0.015534112392887387,0.954086961584913,0.9274466062534662,0.13328389797851362,0.13097400197871586,0.7339756329827178,-0.49556837949117083,-0.24564176191252451,1
CZE,2021,0.22391182229178716,-0.15173472739137822,-0.8650975133254429,-0.4328287247892646,1.0581406441217904,-0.5281362468741347,0.18288060110726817,1.045298917462824,1.1524722730656376,0.46080448338381935,0.7220444160263507,0.5306579986025555,-0.4944566731554969,-0.41278090000687534,0
CZE,2022,-0.10115494864373945,0.04614551338819398,-0.9921153772422353,-0.8584711094495711,0.470814895032504,0.08822941563347085,-0.04272496218663851,1.106106944550234,1.3374167965493837,0.30840509062997035,1.2272698115619034,0.48739954622719617,-0.5656274751079584,-0.44758186301650443,0
CZE,2023,-0.8711812530716204,-0.031860402430507244,-0.9142374123191589,-0.10238886399751383,0.5317801586324213,-0.45770812890387375,0.02440767132465242,0.9750868755657921,1.023135716602527,0.4958067763735488,0.737765445471614,0.6699882855560042,-0.5847782978876784,-0.25749668392876046,0
CZE,2024,-0.540095579339772,-0.17641691234368048,-0.9096305467884979,0.21096384367399537,0.5006011299262377,-0.047329679005403164,0.09641807436096564,0.9899806709268812,0.9889898433044793,0.5049152459587274,0.40790277478865317,0.5731961378323287,-0.5784771819064641,-0.3824568408952749,0
DEU,1990,0.5611193167819294,-0.1718275530405797,-0.31380927148969223,0.3686255918694191,-0.48351970540807415,-0.24451868391876644,-0.5074235270682107,-0.5182355887758107,-0.5474203267578647,-0.0008800881673653861,0.22387533977837773,1.4072585876925063,0.7443450882634697,-0.17843114440918337,0
DEU,1991,0.5207572679847838,-0.14809376979318142,-0.31380927148969223,0.2914087814954708,-0.5111613119076672,-0.12802091791211384,-0.4899940579813351,-0.49123571462096377,-0.5039982761500064,-0.03460546018405711,0.39095537778612816,1.4072585876925063,0.7443450882634697,-0.2604537606643115,0
DEU,1992,-0.3304245677619232,-0.13034576362353575,-0.09289910056704952,0.2141919711215224,-0.5388029184072604,-0.49796624299231873,-0.5462917540642194,-0.5395209526064417,-0.5611361640069877,-0.06833083220074883,0.28876888426396,1.150733273287373,0.7443450882634697,-0.3631155471199368,0
DEU,1993,-1.15190060230286,-0.14058044067718115,0.20369528978787868,0.1369751607475741,-0.5664445249068535,0.007700446991302327,-0.5277261169893185,-0.6118125899133147,-0.6666686346059534,-0.10205620421744055,0.03064686929451045,0.7781895014443978,0.7443450882634697,-0.7351272939012777,0
DEU,1994,-0.17000398802463126,-0.17188751017966675,0.4344773154190804,0.05975835037362576,-0.5940861314064466,-0.32385148658188606,-0.4787139122210076,-0.5880475845686407,-0.6426627812138401,-0.13578157623413228,0.09985892299075852,0.6820396822123878,0.7443450882634697,-0.6698215805820557,0
DEU,1995,-0.4703201953051383,-0.18923046412683978,0.3096531969930786,-0.017458460000322543,-0.6217277379060397,-0.7466839567196323,-0.45590075552314013,-0.5594052792476513,-0.6180790719661915,-0.169506948250824,0.08694447151874701,0.6319928235146345,0.7443450882634697,-0.17785509565128416,0
DEU,1996,-0.5988009073481375,-0.1937368281211632,0.45531789758159363,-0.09467527037427088,-0.6493693444056329,-0.029730746817005316,-0.48835102472018943,-0.5332216536975432,-0.598833173999985,-0.20323232026751573,-0.0898818905648022,0.5468467634546134,0.7443450882634697,-0.7189734363938094,0
DEU,1997,-0.37423750650485765,-0.18513222310344699,0.6832480540747674,-0.1718920807482192,-0.677010950905226,0.41016053297572697,-0.44170636629659393,-0.45410473279495644,-0.5191254811886515,-0.23695769228420743,-0.09951398147294017,0.575274230393073,0.7443450882634697,-0.4721846799873723,0
DEU,1998,-0.3078707993731937,-0.20320075847291025,0.6670143374429148,-0.24910889112216755,-0.704652557404819,-0.18105766937503764,-0.354380091577041,-0.42275005186242126,-0.4874987796322227,-0.27068306430089917,0.014544839731884024,0.6091197230239772,0.7443450882634697,-0.4694489980780922,0
DEU,1999,-0.29853070469871584,-0.20892524810277177,0.4623378831521245,-0.3263257014961159,-0.7322941639044122,-1.798390128144076,0.09525979271041028,-0.410659128925158,-0.44898943020963666,-0.3044084363175909,-0.03806009250772881,0.5486924530870538,0.7443450882634697,-0.2263350337906473,0
DEU,2000,-0.09308156340804578,-0.19390304688094478,0.2567839306650182,-0.38470576219299096,-0.7688401060658662,0.4168293268839252,1.4999120391576912,-0.2912665396400699,-0.29303791770712195,-0.3225082604816231,-0.002297764251762781,0.643774076218949,0.7443450882634697,-0.4138791246515871,0
DEU,2001,-0.43424802262041884,-0.18435043155771239,0.22519399559762937,-0.1578277123113168,-0.7798141076482312,-0.11027410609580504,-0.06418635396870885,-0.2624955138260481,-0.3130305067849355,-0.30487659666290884,-0.21090812263480688,0.6090015312981966,0.7443450882634697,-0.4608884372159946,0
DEU,2002,-0.9470498576943405,-0.19424506122974486,0.38073055089470337,0.2141578413662259,-0.7593937933118836,-0.47146346402766526,-0.1378617756302279,-0.24189113315314448,-0.38496124959775335,-0.36066599212545464,-0.6653551075276856,0.5016956053378048,0.72186351583761,-0.4233108255740596,0
DEU,2003,-1.029989887223027,-0.2010385917277859,0.665259341050282,0.1356716955743346,-0.8000692726671395,-0.949460272290276,-0.11505558413719548,-0.23936007087950867,-0.36541378735886315,-0.4874660550728055,-0.7653866209041749,0.5151770987294018,0.6871333437995448,-0.33081872783559146,0
DEU,2004,-0.5646366404737675,-0.18994083480758453,0.8732264135772584,0.6531913454496564,-0.8418794306197273,-0.6339489650696531,-0.6458038735277737,-0.15212825405836722,-0.3140996021137335,-0.1836377589923016,-0.8619593430294079,0.5568048904598465,0.6142914462500163,-0.2997838020707001,0
DEU,2005,-0.6407157971975084,-0.19202898871437143,0.9754549534481137,0.67593989455244,-0.8539645708916979,-0.2451678178666069,-0.19754675724560528,-0.08613497740778069,-0.23550877088417863,-0.20139759754428424,-0.9116789902868748,0.5532404519452243,0.5876923716626826,-0.47384457392061347,0
DEU,2006,0.17926139039756378,-0.1914927365469275,0.7745078664916681,0.8698023662081457,-0.865987412438947,-0.2839009138533064,-0.06831108412660841,0.012508099241589634,-0.12743229419603058,0.07873757926418859,-0.7094994727977945,0.6534153038729117,0.5162936600356373,-0.3311725768220413,0
DEU,2007,-0.0896175087752863,-0.1788238833438862,0.43557418816447563,1.0400344192146294,-0.860695672827492,-0.6046823781061714,-0.2955513490223456,0.06703619331632178,-0.1097167858338598,0.30812939484993296,-0.5548069239906611,0.6870210927205697,0.41495879734003055,-0.482405135020204,0
DEU,2008,-0.6400509917192123,-0.17302408688357523,0.16705974009167085,0.84946538987227,-0.8748010297270167,-0.5374685286100913,-0.3996772271427088,0.07724186425655939,-0.07418226723863264,0.18681387737110386,-0.5375201089321868,0.5513307530619382,0.4129372892775061,-0.364940522437589,1
DEU,2009,-2.409295915854404,-0.21371738435740434,0.24866707234909194,0.8929386843783059,-0.7163052548017996,-0.01048216504772744,-0.26807421080165755,-0.10244195624123784,-0.24772509516962243,-0.1466211579235784,-1.0384901904430244,0.12571199637381258,0.4434367504309554,-0.7189281368866586,1
DEU,2010,0.25296241775275646,-0.19981570216273847,0.06505057476989451,0.8805096766159124,-0.6835493730021518,-0.020676156961311035,-0.13094803212124645,0.029706673321899028,-0.10418268019076111,0.0357038649133031,-0.773311955508172,0.49314172109885884,0.23233245574432207,-0.32049188871663525,1
DEU,2011,0.1493597622960276,-0.1827457224991083,-0.17099644003920536,0.967138406017093,-0.7135110389451119,-0.4489824384630788,-0.11977988579900133,0.09996266528883405,-0.01122662327121974,0.32025825896334087,-0.47138258200309546,0.6154298608271827,0.15865846617918727,-0.22537057081602774,1
DEU,2012,-0.7567793882071638,-0.18391757584186408,-0.30152429674126324,1.1268038012354789,-0.6532268203723375,0.11387325097248478,-0.2375417391642333,0.13403806249442193,-0.016778378432565355,0.20978731158071193,-0.7835022408602483,0.6021308108340679,0.1365180976858466,-0.2913629602862538,1
DEU,2013,-0.7750747144663509,-0.19277036558053592,-0.31380927148969223,1.0472142130466866,-0.7558935128653914,-0.38469551033842525,-0.2463169838574043,0.1011614117399029,-0.04545841260270551,0.19249975166419467,-0.728556084049454,0.5516033781987615,0.10499566614895375,-0.320559524838659,0
DEU,2014,-0.2846088311161747,-0.20327791703818723,-0.38773849452934517,1.1567827417129495,-0.7720858718937386,-0.24575656342533242,-0.46008083566455865,0.10159910403023399,-0.07455450801608457,0.32135822656177027,-0.6674881034571555,0.6132021365008558,0.04446717397979303,-0.3581349684139697,0
DEU,2015,-0.42685900212524125,-0.21017308925950626,-0.46824895404137085,1.3120569826505983,-0.7584849499701035,0.6035251585265867,-0.2370975454236097,0.13076165193762676,-0.07391530308727846,0.3502418003481472,-0.7790964959085351,0.6180794362071877,0.019137652467192588,0.512653019795161,0
DEU,2016,-0.27304680580043766,-0.21057163489156006,-0.5796912249735481,1.4506517284588167,-0.7386260552710524,-0.23438833340814982,-0.26588217070911807,0.09969820298405074,-0.10493579774533612,0.4766535578887383,-0.7417964478997601,0.6664637273418728,0.006733306665278703,-0.21338896783544917,0
DEU,2017,-0.11470497688062052,-0.19268651404150583,-0.6505492043260938,1.308964062496207,-0.738313919190845,-0.3311533010824438,-0.06530762645698036,0.11825458754316394,-0.07078906616372502,0.4768786275787132,-0.5715680197774315,0.6101130585957125,0.008206436210990164,-0.1435040046147843,0
DEU,2018,-0.5718954201897043,-0.1887734127037078,-0.7376409003104922,1.370701417575205,-0.7780245373357361,-0.43106596964475413,0.1137188894818725,0.12786720368460677,-0.017465296316838713,0.6426649950316015,-0.40470194169884527,0.5595882237920731,0.019918912851647718,-0.23725622547913938,0
DEU,2019,-0.6153426319434318,-0.19380830286976028,-0.7861226756569709,1.2738661184502391,-0.7240925502357994,-0.008552265515865357,-0.2236838557839423,0.12274432662830297,-0.01341062934194785,0.551554779424365,-0.45150732174052044,0.47234354955955404,0.048100884022508575,-0.335646624734715,0
DEU,2020,-2.0207497722090033,-0.2166672463996584,-0.628611749418185,1.011197069757208,-0.6004416434062887,-0.32999164869926234,0.1917282308092563,0.017425273553386928,-0.12650322070443906,0.398846958131538,-0.3910195303513112,0.33479094376797003,0.17037568963181432,-0.35930882755703986,1
DEU,2021,0.1911758604392068,-0.16532196956531264,-0.6915722450038835,1.1096396093203271,-0.6520995488333948,-0.3918075436670068,-0.05872494650672751,0.12861763149392344,0.012417273204724442,0.5820040904902684,-0.2268254647789954,0.3427284309939477,0.14724275987316307,-0.19998918914939734,0
DEU,2022,-0.3866324147884502,-0.09843986317010588,-0.7918264139330271,0.6268727156866255,-0.7069007159186753,0.2846500908128757,-0.23705010287447018,0.23027812353409702,0.2354687054490015,0.27692498029807167,-0.12195297975174976,0.2986035052511416,0.11324841736179317,-0.12926214951854928,0
DEU,2023,-1.1234644569797327,-0.11471509770437435,-0.806305134172247,0.865909204004122,-0.6879786953553361,-0.35665693895190115,-0.20976747788551095,0.143249904963645,0.07423038031418636,0.35134259166882437,-0.34488415212015416,0.40739680779568327,0.03319836012447117,-0.15308815031612602,0
DEU,2024,-1.020652090374941,-0.1795592504914138,-0.7341309075252268,0.9330926239111403,-0.6104750172275182,-0.24893228833889064,-0.31529812709482,0.09310905047032432,0.022372455126000213,0.2887355165064346,-0.4309533760154463,0.24318215269555485,0.03319836012447117,-0.3664594607774291,0
EGY,1990,0.6744461089488654,0.07525047132465472,0.5777288959677256,0.850600135160366,-0.48417496659204207,-0.24451868391876644,-0.25555045759831796,-0.5962495840624106,-0.17476845331580748,0.8484206439723112,0.8587309272660976,0.06169088439122135,-1.0491684282111797,0.7389858784312794,1
EGY,1991,-0.5747260799980387,0.1278325764498893,0.5777288959677256,1.469332672850896,0.007763873728412705,4.157497450862965,-0.4216036173773965,-0.3636712868716848,-0.06591185986366951,1.246506679916486,-0.042411657293991475,-0.10667949570633359,-1.1217138777185205,0.24643977491641392,0
EGY,1992,0.3459900908667114,0.020440424154974518,0.4768166033913445,1.263164224798801,0.8385995567296962,0.0070636666953018505,-0.3539782101375385,-0.33325162015734167,-0.23887684448229282,1.3137255945784891,-0.7817776789056721,-0.17632404057304615,-1.1172816603242066,0.2511252198705212,0
EGY,1993,-0.0864067482460515,-0.006756472887198907,0.9155657015495225,0.8565467817616763,1.1208919759289613,-0.20471900581463642,-0.36012869878111325,-0.4169462575003735,-0.27075234422347483,0.841168641315979,-0.7186456970328585,-0.15650290535495617,-1.0859928993191519,-0.07295122230396849,0
EGY,1994,0.20855136167821747,-0.07591700673099631,0.9177594470403133,-0.07053950588537454,1.1456953272024895,-0.2027175582832085,-0.1408379972812733,-0.5237619033289687,-0.3495132025241046,-0.1036009397049609,-0.5824220819164004,-0.1067911341230541,-0.9994109514311459,-0.17964402803451157,0
EGY,1995,0.3926383961376505,0.057428678031081426,0.941890647439013,-0.15344823027914287,1.37867408581089,-0.23553858302772324,-0.37049922781086697,-0.5244947511955641,-0.3635008357069508,-0.3101663474135614,-0.6661714431511438,-0.05030956608600875,-0.8983432264420599,-0.2487764681714364,0
EGY,1996,0.48788032716407553,-0.09291256601977463,0.49436656731767165,-0.12965418801276155,1.4574975422998337,-0.24543698699875807,-0.37913318887810615,-0.5833358220012019,-0.4215061881514375,-0.7386669529815074,-1.0162564419632039,-0.015336627516260838,-0.8188190470229639,-0.19950918489195987,0
EGY,1997,0.6264019746806376,-0.13792636780700018,0.3561606013978454,-0.23664412615424815,1.32484563881275,-0.24798153217999372,-0.3477364918351981,-0.6457374577820679,-0.4719534748465667,-0.863217148519454,-1.1156172292823017,-0.05430314784671647,-0.7527148180205174,-0.20286259060364023,0
EGY,1998,0.6492703491065955,-0.15115954579460936,0.2815732547109552,-0.6011894627232413,1.248249278539233,-0.2454696220972271,-0.32630819524659244,-0.7316600569072227,-0.440313983670999,-0.7131982840570271,-0.4303100736589066,0.0624254229157761,-0.6091449244063188,-0.20262942799935138,0
EGY,1999,0.7807279368832964,-0.16509646174970596,0.2640232907846282,-0.39084871206752014,0.7517271942811256,-0.23532424660909707,-0.341453167847037,-0.7696717924545765,-0.5334371287563489,-0.7210790013155377,-0.41015958792978935,0.23382452486719424,-0.49517437722801466,-0.47077419274965576,0
EGY,2000,0.8677990377889404,-0.17205008095803304,0.48997907633608995,-0.24812586085544247,0.4926415295216299,-0.14732903501773495,-0.33137129433422985,-0.732092332957803,-0.5525233261404575,-0.8820018948111528,-0.7694833069107004,0.24164525703153125,-0.49619008540118353,-0.1604149319813318,0
EGY,2001,0.08810156769178867,-0.17932624590515198,0.5514039500782347,-0.14992260681477518,0.6156288010637616,0.37540604577260234,-0.4456479952558748,-0.6902755319174899,-0.5713579421843752,-0.7559903615798698,-0.9943201752002264,0.18889244666834115,-0.43388048952799113,-0.0747216902287988,0
EGY,2002,-0.22684345497365838,-0.17111108689970358,0.7159348618875515,0.04493458565336673,0.7996798568319133,0.32505224972419045,-0.4082271389918911,-0.6629227792821067,-0.558176620953017,-0.7808642515218589,-1.0397006295073317,0.32938329989591514,-0.43965021216419453,-0.10539632597582303,0
EGY,2003,-0.00590963822802282,-0.13999701184944183,0.9133719560587317,0.7212394018255739,0.8694739255903954,1.0457273223777146,-0.4829613373046963,-0.5491076881521786,-0.4918404225609076,-0.7513974865120829,-1.2333269730771104,0.11954318875750054,-0.45550596705601054,0.34823036144030983,0
EGY,2004,0.2412546067458929,-0.021151990795001397,0.7839409721020691,0.7755267666382609,0.42510738240757173,0.009105200790940671,-0.2743887131835236,-0.3387090207256593,-0.2901324834775351,-0.44899322692313554,-1.224326289246292,0.10778125214306931,-0.45246597266351835,0.08387532411154684,0
EGY,2005,0.3456834894548328,-0.13364216837969792,0.9438650183807249,0.3226443442943886,0.5858128310400952,-0.5339618622950025,0.4349453078774067,-0.2695877061779425,-0.17317044166868995,-0.3598974571560942,-1.0438076826793594,0.014989112718898766,-0.5126751573874311,-0.16523825927218533,0
EGY,2006,0.9981270077320501,-0.08487416909486892,0.8212346454455143,0.3412107856467546,0.5941113074854975,-0.278472586191189,0.9749240237582899,-0.28246409088349983,-0.21347462613322618,-0.22017437614412366,-0.9125052379544116,-0.11375359400199551,-0.5518967531534846,0.018992226857254126,0
EGY,2007,1.0652361578125564,-0.05544879747520493,0.450491657501854,-0.02653095525920897,0.49794145956019015,-0.31776380397163156,0.8988754407928266,-0.27265578331824114,-0.08720475423351277,-0.14917160626597195,-0.543694225111111,-0.22063962708124457,-0.6309017516734231,0.2346577548631135,0
EGY,2008,1.0840649943958425,0.10267274668278976,0.38840866011247155,-0.23027809666787946,0.2704330096922762,-0.39924230598271404,0.4085179377592581,-0.18130682134080067,0.060374892119586875,-0.1408015840794788,-0.2761048574635363,-0.1938243085309223,-0.6877678140736508,-0.21802311730817384,0
EGY,2009,0.40120372448719144,-0.012490563709540685,0.5134521530875523,-0.38543430184428096,0.5925951836746954,-0.15589383645807275,0.04085145071771787,-0.4457515769288448,-0.21239378621450294,-0.9733115457466391,-0.8326020601178218,-0.14742303641898108,-0.828060895449984,-0.2710095832890757,0
EGY,2010,0.5314768752991472,-0.021247432200821856,0.44105855189145293,-0.43462504761067106,0.44005207148401787,-0.18454694522457257,-0.06098034356824448,-0.5637313567332335,-0.40646248690441156,-0.8370220637898583,-0.7785268215728295,-0.09181674790116702,-0.8912609520136702,-0.11650748925684103,0
EGY,2011,-0.39892333136137786,-0.04233992190333236,1.1193646576439962,-0.4805749473351464,-0.35298226810294536,-0.006920281707432613,-0.5635183400566062,-0.5892994201148062,-0.48002577015617276,-0.9697677772441711,-1.1956140670454636,-0.15075819508320665,-0.931380567688216,-0.41826284520227225,0
EGY,2012,-0.2719527585734013,-0.09423713558406126,1.2834568203551546,-0.5105238911248715,-0.5381344585056294,-0.15527290790552212,-0.36916060893854485,-0.7256874074052155,-0.49449143441215293,-1.4594942116852891,-1.3828154929266299,-0.08069896277939084,-1.0101912925204413,-0.12024210052045592,0
EGY,2013,-0.28315656024188046,-0.05279961924409986,1.4056484441922072,-0.2915739683100629,-0.48189506333009374,0.33318768834416673,-0.29651606421175275,-0.7053825927025469,-0.5316667272149391,-1.3607010142395712,-1.698455118048441,-0.0027908873057093833,-1.034589210149544,0.22293435979822368,0
EGY,2014,-0.08224770041815714,-0.0422469686120383,1.394899091287332,-0.41601289254233864,-0.6021517099814863,-0.1148849204637688,-0.28752736540418744,-0.7960922992753753,-0.5579764544602552,-1.581388713493581,-1.7973872107782587,0.026421812034463064,-1.047473519280096,0.059075349337547205,0
EGY,2015,0.31825405620369956,-0.03697016801525459,1.3832722401861401,-0.9814388678498884,-0.5127640983472909,0.1280141783619257,-0.1919767727575102,-0.8307671874139193,-0.5972572136153452,-1.8626076524232023,-1.6851252134227965,0.012877296489439591,-1.0326232853746662,0.20794777329099634,0
EGY,2016,0.3112745006295716,0.023536512400540024,1.2512087616405285,-1.1413174357125537,-0.21366430902274824,1.0594300302417696,-0.13786997791409414,-0.9235917331542725,-0.6654788192598048,-1.8483010131513071,-1.554400788601641,0.038186382443474484,-0.8690275005008797,1.30429045847255,1
EGY,2017,0.2657751139788612,0.29931330967047465,1.1013759446195108,-0.6307612803993837,0.21296430911943826,3.0800095831114813,-0.05019076858566945,-0.7709121902927134,-0.35877575335691564,-1.3137573095102435,-0.9119268198598777,-0.00540375920032057,-1.0168582904941972,0.30473859366968037,0
EGY,2018,0.5820512866997325,0.033867106029538026,0.6819318067802929,-0.5851441230865594,0.24413909978590195,-0.2482017543312599,-0.03128692838240916,-0.6737646809083203,-0.3545795719649518,-0.8310951588505159,-0.5830572374466777,-0.048083620119252456,-1.0749136429454778,-0.07016472221330194,0
EGY,2019,0.6428329800841074,-0.05836893233965064,0.2423052104257984,-0.6326139955141984,0.2399362569942058,-0.48555226107229393,-0.07526260661831546,-0.7176075632395201,-0.4880922441668001,-0.8588097066246919,-0.5779925836364814,-0.1118649015217203,-1.1051816132970813,-0.07140397002469463,0
EGY,2020,0.09220334577947094,-0.13055743458804928,0.26928827996252636,-0.7188788670230583,0.176207230868085,-0.5036436169637573,-0.28505070507296665,-0.8540215405896239,-0.6750710460303547,-1.0424356265761179,-0.897323745998052,-0.04288274688536308,-1.043648693489666,0.2656815966360812,1
EGY,2021,0.020822786543914246,-0.12758551051402123,0.15236164530337187,-0.8347170609444108,-0.09831668458415312,-0.2757762148327496,-0.33633435174046966,-0.9165380724219744,-0.6889266586818988,-1.3347536163904266,-1.002693356686726,-0.20034746158813535,-0.992566679015786,0.1937319694715613,0
EGY,2022,0.9277163400537002,0.02497847993464835,-0.043978576122412696,-0.46101560968636773,-0.3432162832549805,0.7211011109310528,-0.14550041781560888,-0.7685268415902151,-0.5881927685786216,-1.1265505911185147,-0.7168103090014385,-0.11499014818964344,-0.9378235946913049,0.6554184904190848,0
EGY,2023,0.1499955884639482,0.37625187836667773,0.0014319555369586934,-0.6267309711089399,-0.21633432724292131,2.3266823258325244,-0.1303169578599959,-0.637089991305031,-0.6095683197681369,-1.224819403143727,-1.3021150628100908,-0.2744690027136909,-0.9710760445436,0.27707733168979015,0
EGY,2024,-0.22437756866852157,0.2775924681852909,0.015471926678020402,-1.0589674864144596,-0.06180926903575623,1.81397137878529,1.3973937917507904,-0.7263651647751509,-0.5367293684083647,-1.903485538894518,-1.9098244900785115,-0.48035599451112954,-1.0064086390201559,0.862021187698805,0
ESP,1990,0.15580271930570966,-0.10108911363717353,2.0144128178866794,-0.6586386658562537,0.30527138404382637,-0.24451868391876644,-0.11057885502297196,-0.7467491172979249,-0.6655223424905463,-0.36383404798941366,0.4973529946585673,-0.05937494793700719,0.4032641580363579,-0.7394185458038405,0
ESP,1991,-0.18399169247028824,-0.11492989945221337,2.0144128178866794,-0.6713239078947058,0.5008151270248645,-0.16115729671876697,-0.18175556996425246,-0.7455722611188352,-0.672039656201852,-0.43833707210272355,0.3548732334702522,-0.05937494793700719,0.4032641580363579,-0.8222068065880255,0
ESP,1992,-0.6286878241931572,-0.11510004668451507,2.402267020658509,-0.668481563899153,-0.08471557976967137,-0.30788625664314856,-0.1914741704785467,-0.7315885384255241,-0.6692301264875127,-0.6658328296099485,0.01551571160903037,-0.05937494793700719,0.4032641580363579,-0.6234654958347157,0
ESP,1993,-1.167979661561479,-0.13891985391415515,3.3804581350021663,-0.2710991214845562,0.06355946218868559,0.7997036167217878,-0.19885456512128316,-0.6817466373005552,-0.6905245008671482,-0.6848343607337772,-0.43713202610393653,-0.05937494793700719,0.4032641580363579,-0.15430758698304067,0
ESP,1994,-0.2287711809731426,-0.13629543197276522,3.8308340842615363,-0.28813123873723434,-0.049001422309707325,-0.01839168538651365,-0.2641137632274737,-0.596492134053647,-0.6094102102937391,-0.7442108375997799,-0.4044397796403935,-0.05937494793700719,0.4032641580363579,-0.08446903709886995,0
ESP,1995,-0.12582048020691577,-0.1370793803218634,3.494313525974214,-0.1359071395782898,-0.3853656998930668,-0.5418172508663969,-0.3134272321314344,-0.5468263206737243,-0.5468036478182938,-0.4240227816965459,-0.2535721242840182,-0.05937494793700719,0.4032641580363579,-0.5135343384656608,0
ESP,1996,-0.16710070868177127,-0.15667279418481045,3.3773868913150595,-0.14065303032373833,-0.056060864080968435,-0.17654547567203638,-0.28481438378979795,-0.5073555708449934,-0.536723917782468,-0.46309894521460787,-0.3028436098839166,-0.04437880886130062,0.4032641580363579,-0.4211119103434022,0
ESP,1997,0.10241728235965347,-0.18457507648885538,3.060610042444855,-0.10501695798656276,0.08304808331414139,0.42551664884372753,-0.2729723915766826,-0.4209212953885623,-0.4481484574035245,-0.3312550113799241,-0.2363295971744368,0.010406154783229572,0.4032641580363579,-0.05490441782294564,0
ESP,1998,0.2989891327876559,-0.1869781100197645,2.6163765805596992,-0.2824322984426107,-0.20432089185372537,-0.15701759076028884,-0.12156361457965907,-0.4067346733668708,-0.4067208461853168,-0.2516998019788553,-0.007462515912853733,-0.007962007081904535,0.4032641580363579,-0.397508451426546,0
ESP,1999,0.32838863835341847,-0.17861293190982372,1.9148167726047727,-0.634296219145099,-0.6017717564094635,-1.798390128144076,-0.02777896039955459,-0.39888937156886584,-0.33982822575817684,-0.2989541022594249,0.2731127281720206,-0.053443189457497584,0.4032641580363579,-0.1865903137540383,0
ESP,2000,0.546166285723402,-0.15887524686753896,1.5440737846611126,-0.8135780452947768,-0.6569912300206413,0.4168293268839252,0.5659151113726549,-0.32696977492104284,-0.21487008507842983,-0.28669187807543256,0.4687742285403586,-0.06281434024126782,0.4032641580363579,-0.5652475381956291,0
ESP,2001,0.1936757497497705,-0.15612822532446918,0.7900834594762838,-0.8255749593388622,-0.6884723571281895,-0.11027410609580504,0.21374960851817046,-0.350256971176533,-0.26893796304522394,-0.31983648834502365,0.43574515979509826,-0.1397518251808333,0.4032641580363579,-0.08954362422732653,0
ESP,2002,-0.1263810003683025,-0.1653397151512058,0.9651443496413968,-0.7060716381668876,-0.6433276712010146,-0.47146346402766526,0.36248423393937496,-0.393182757592675,-0.33088967149244297,-0.2106148132689453,0.47456240374541464,-0.25231531790352646,0.4943583909164874,0.11079387412684208,0
ESP,2003,-0.07581766844501299,-0.16581012364771605,0.9951986628652317,-0.7356562916948465,-0.8618229739062013,-0.949460272290276,0.01935780119328984,-0.4242076132499582,-0.3586924441136034,-0.1294000937956308,0.6176895782545271,-0.3557597949191007,0.6460822373306175,-0.4549633547048376,0
ESP,2004,-0.02761745162710057,-0.1658037899564959,0.9528593748929676,-1.01390256826976,-0.9642026503379476,-0.6339489650696531,-0.14457659091889402,-0.43164217584932163,-0.3094515113558127,-0.23073991080456302,0.7523589591227493,-0.45851193346766367,0.842441336235739,-0.2239043452449776,0
ESP,2005,0.09249510352199906,-0.16001226210282535,0.5263952514832189,-1.3217600283489541,-0.9979056549327195,-0.2451678178666069,-0.13612166067165934,-0.44628278292527973,-0.283599239116618,-0.3155334270813428,0.9439047836721872,-0.5491974566987974,1.2597326293618376,-0.36541541540332917,0
ESP,2006,0.22787716766830196,-0.15743318493977515,0.37414931442233085,-1.5936103804407018,-1.003445990392179,-0.2839009138533064,-0.07808180211011365,-0.4383388797846651,-0.2393639149690527,-0.36582666429328065,1.1491773474025064,-0.6248802831460072,1.693053475261616,-0.37092884689326694,0
ESP,2007,0.08761972411468213,-0.1702401766187312,0.32588691362493116,-1.6923727224273954,-1.0263599146659421,-0.6046823781061714,0.23596266160475518,-0.4141511602790935,-0.2082397312586311,-0.4490054338444271,1.1273783426842086,-0.7066925641580916,1.924385653811672,-0.3925943003564862,0
ESP,2008,-0.6732595449431538,-0.14759625815110214,0.9888368009419382,-1.5975452712294071,-1.0260415430358754,-0.5374685286100913,0.1716830503416661,-0.4264243416577532,-0.26338722983443513,-0.6227066691727849,0.7830085750872272,-0.7439094773611732,1.98939903107611,-0.4154104922900985,1
ESP,2009,-1.9206918402252353,-0.22427102669634205,2.437366948511163,-0.758690052034109,-0.9450985158430346,-0.01048216504772744,-0.4492034375857099,-0.5102237890470687,-0.5124477542918109,-0.6610610731881923,-0.10874699194319282,-0.9316533602196451,2.044624539924609,-0.5025432560910921,1
ESP,2010,-0.858379898145574,-0.1875837789370986,2.8767741703165783,-0.6962232355978403,-0.9290432247642054,-0.020676156961311035,-0.12493911470505671,-0.417267257948423,-0.395675244011242,-0.7283278669254785,-0.2745194928085766,-0.9692410977801439,2.001579106667911,-0.5429360510534889,1
ESP,2011,-1.0602781448682936,-0.16304737414508302,3.2124172304075844,-0.5262490685190583,-0.8719110688937837,-0.4489824384630788,-0.2504669911821035,-0.30082386526272376,-0.30820591374175016,-0.8177890128589376,-0.5676358814690834,-0.9538889433336989,1.9116462546547162,-0.45660897112082044,1
ESP,2012,-1.6723166863644594,-0.17622684377292924,3.9580713227274082,-0.05915280218208098,-0.8120781088734061,0.11387325097248478,-0.2976622264022674,-0.23831712307664787,-0.3031354051899618,-0.7394456514155703,-0.9362130654776315,-1.0224228351416438,1.710924375674847,-0.34791490709393824,1
ESP,2013,-1.2768526724731388,-0.19445989513284537,4.244355109275619,0.27664710424066147,-0.8436187190731221,-0.38469551033842525,0.026761124704076655,-0.19071019877683515,-0.3163450757343609,-0.6470168405244652,-1.1418205998090667,-1.0128542446746651,1.4666385753783204,-0.0496693528224931,0
ESP,2014,-0.4660591003417764,-0.22186879645090613,3.881728979647885,0.21781904874705618,-0.8294898404167048,-0.24575656342533242,-0.15753960262718436,-0.1755396800032938,-0.2672767461066094,-0.596056207205377,-1.0138415151928333,-0.98975844676957,1.1234683680154414,-0.3188120574732048,0
ESP,2015,0.2326717143150646,-0.22800626370719693,3.3587400546433366,0.2696040404192277,-0.7633904712120918,0.6035251585265867,-0.2131157154072951,-0.172944832921595,-0.26326971143126116,-0.41174196531455526,-0.8007266192847284,-0.9869066133803772,0.890327885012309,-0.32549301774011447,0
ESP,2016,-0.08245560894567895,-0.22277352211241705,2.8274148967737838,0.4624685808151677,-0.7065528313780183,-0.23438833340814982,0.05194292647396779,-0.16384192379659931,-0.2892918062108421,-0.3143103768784132,-0.8550498523607489,-0.9976364184381518,0.7372656468348109,-0.6375635314662601,0
ESP,2017,-0.08771288221988312,-0.1848386332109486,2.2985028589441,0.40578291404073896,-0.714368902509712,-0.3311533010824438,-0.1214712793569858,-0.12056356438387943,-0.22516138744288722,-0.29533955133811113,-0.7672927656351577,-0.9691772554497722,0.6170589165251623,-0.5750369967961888,0
ESP,2018,-0.22541121154198188,-0.18977838076796497,1.8665543718073734,0.23940466804789512,-0.7487022667492905,-0.43106596964475413,0.18886969184812066,-0.12140015559560326,-0.1915526819763074,-0.26849392699025976,-0.5689243702138173,-1.0265090758452586,0.4846689150369258,-0.44057577396419034,0
ESP,2019,-0.34484676822587007,-0.20692040919165883,1.6140542658173418,0.28385062838419883,-0.7145143311156336,-0.008552265515865357,-0.18264566028959872,-0.12791632987125093,-0.20875069336500096,-0.2129099453722397,-0.5336780665793691,-1.0426747228026103,0.39222001895871905,-0.686081806671374,0
ESP,2020,-3.8922701976861074,-0.22488503432345872,1.9273211219022812,0.06012495748082584,-0.5896138577248762,-0.32999164869926234,-0.060071551818886675,-0.26509171809121546,-0.3143388270996318,-0.41093926517426344,-0.5827565763150432,-1.015149056044533,0.6676022466501482,-0.7077947121954397,1
ESP,2021,0.9539281843346833,-0.164856833249105,1.7917476505714036,0.05078796287905459,-0.643870167123749,-0.3918075436670068,0.18166212928972392,-0.1579536442996447,-0.16703382277333587,-0.2613349203217011,-0.36579914290535986,-0.9442821452651369,0.47621001725718193,-0.2749945450550301,0
ESP,2022,0.8678852084689544,-0.07176365980213634,1.3791041237536374,-0.015544181395128571,-0.709450191655274,0.2846500908128757,0.21924288294512234,0.03547344501638163,0.06643455663557264,-0.20404239971277105,-0.22394553638539832,-0.9844054404559712,0.26041341880051827,-0.31066034126959197,0
ESP,2023,-0.20741011403871856,-0.1571382082523758,1.1917582588400957,0.38924811697286515,-0.6894510088920415,-0.35665693895190115,-0.0635893562301428,-0.02519238071646673,-0.12002344847753363,-0.1129447115073109,-0.4967868928290013,-0.9979456183770051,0.05613552250006851,-0.3713776764854821,0
ESP,2024,0.0660981694599667,-0.1709369478099705,1.0208654851074852,0.46680118237688745,-0.6920879515527241,-0.24893228833889064,-0.13136327535328643,-0.050072044610427656,-0.1621185952338617,-0.051417021634338624,-0.48769148141897606,-1.0166940232442572,-0.03029180415070043,-0.39531547201424094,0
FRA,1990,-0.10598028336469588,-0.16307933121220183,0.5237627568942697,-0.2168387611255026,-0.5607287205648404,-0.24451868391876644,-0.36176765149181506,-0.5428190304234924,-0.5610164068288188,-0.14679876863082092,0.07644121333175906,-0.10522472350048889,0.0360210776266507,-0.2871302077250612,0
FRA,1991,-0.5441246383106877,-0.16274326167543274,0.5237627568942697,-0.16988317935472355,-0.6471229747246985,-0.0891985461640881,-0.33675116814153244,-0.5289015499577189,-0.5632693078831357,-0.19231099688589876,-0.06892381530590573,-0.15551276827795218,0.0360210776266507,-0.40394511290358454,0
FRA,1992,-0.4672761453434311,-0.17767430466981718,0.7582741498598156,-0.03261767078819313,-0.731642998369415,-0.5097611166278396,-0.27749166807525527,-0.5278833308420902,-0.6028414620365821,-0.27299761119769084,-0.37768424593384825,-0.213336016915911,0.0360210776266507,-0.31690265544365936,0
FRA,1993,-0.9830104234395722,-0.1822310036411379,1.0033155211811582,0.03684498306091644,-0.7035391201837166,0.05531144308965359,-0.2762956736526301,-0.5484568198277031,-0.6651603061727065,-0.4264257580041563,-0.8143638011457621,-0.30870104455887065,0.0360210776266507,-0.3574324636030031,0
FRA,1994,-0.2286431503144293,-0.19012046203011895,1.2825793221588384,0.011234355941324612,-0.6285392479675178,-0.32887401835390134,-0.34700639776862,-0.5179052681852528,-0.6228744447644476,-0.41390870798132917,-0.68692986140161,-0.37565563780059585,0.0360210776266507,-0.38413176537175536,0
FRA,1995,-0.2503357863444833,-0.18764323193450436,1.1160740394078097,0.03608751815619054,-0.695472210750266,-0.6783307376455575,-0.2909552380888378,-0.4871921711963386,-0.5941615277585888,-0.34335982731568954,-0.65920715329727,-0.3376527128424992,0.0360210776266507,-0.30522601781894876,0
FRA,1996,-0.5000018936302564,-0.18436754195560043,1.2330006740669646,0.1404025774530142,-0.7024941782462086,-0.13774536171102758,-0.30927649138756536,-0.47302025141565696,-0.5845745172700179,-0.36576507551139364,-0.8270692569780949,-0.41189306134168413,0.0360210776266507,-0.46726076189910165,0
FRA,1997,-0.18920081974426492,-0.19805604922702316,1.2766562093337033,0.36784906596262595,-0.7076093299422214,0.36120938955855875,-0.2744946134117224,-0.391022447886795,-0.5387198854096842,-0.24706205355364108,-0.8840967368451167,-0.368872125775633,0.0360210776266507,0.3351151535465641,0
FRA,1998,0.06536661622463667,-0.20777081534986303,1.1687239311867912,0.3524286118118702,-0.6067422523750755,-0.19827106434115496,-0.21301178923343278,-0.3706665161696487,-0.5001527788334684,-0.1307131197854267,-0.6697112129340366,-0.37239392088778234,0.0360210776266507,-0.44752210569254464,0
FRA,1999,0.05071025119080464,-0.20977390443043814,1.148322098122436,0.5056727216887599,-0.6641816945378572,-1.798390128144076,-0.0326855299345833,-0.37216399470385264,-0.4887237666537729,-0.05904967914930811,-0.5646071047652114,-0.406721664337573,0.0360210776266507,-0.0640209955865447,0
FRA,2000,0.25471233272516763,-0.18976118503227474,0.761564768096002,0.12301187140584632,-0.7100073676691907,0.4168293268839252,-0.04082546733060941,-0.2887354407626692,-0.3506422724274623,-0.13005685015632903,-0.3686092742532972,-0.393392790370108,0.0360210776266507,0.6404611721272946,0
FRA,2001,-0.3618204929752314,-0.1904848348411205,0.40881049317682683,0.18237230081575243,-0.7407487923141138,-0.11027410609580504,0.05867010950849752,-0.2994440003115188,-0.3725446515419611,-0.12080515042968376,-0.42830665549395497,-0.4739893770181895,0.0360210776266507,-0.5155380109211639,0
FRA,2002,-0.5905838810496463,-0.1854126461366236,0.4289929516921031,0.12264457222508007,-0.7389926852166768,-0.47146346402766526,0.025678938328394102,-0.3223331224632081,-0.4136402780155699,-0.26975247126556956,-0.5699653902915987,-0.5566380143672784,0.01802731427526665,-0.5514954611812037,0
FRA,2003,-0.6180676902087563,-0.1823362775005239,0.3421206302567837,0.06903318487714258,-0.7541532538511992,-0.949460272290276,-0.15892414841215655,-0.3744535440391546,-0.4500523252418045,-0.3338207798842834,-0.5785877322232268,-0.6388801794863322,0.006159184310676409,-0.31098064993210683,0
FRA,2004,-0.09535693897112868,-0.1815697777645775,0.4755003560968699,-0.006073660683478248,-0.7844712698512115,-0.6339489650696531,-0.2587776746814556,-0.36133505233853636,-0.42100715720039333,-0.2868552993486688,-0.4544450817088115,-0.7136475525199181,0.027359056744334784,-0.4334132292347558,0
FRA,2005,-0.364818856043659,-0.18853264945098655,0.46848037052633906,-0.08193503127101714,-0.8315202372065453,-0.2451678178666069,0.09486129578696734,-0.34088066362286173,-0.3649264222244243,-0.28616383471227935,-0.3593081361385428,-0.7878740534331332,0.09745356020186338,-0.5045188380665038,0
FRA,2006,-0.13776575266524918,-0.18977586555582707,0.45751164307238484,-0.07699798760458221,-0.7862276237932566,-0.2839009138533064,0.0180013442394552,-0.3158857668866952,-0.31525596212399865,-0.2084478899071036,-0.22471519684902025,-0.8769195763033539,0.1818401956697866,-0.5678894167005637,0
FRA,2007,-0.18826008133887318,-0.19306428218680205,0.27674701463121515,-0.13728903562579295,-0.7877303740314154,-0.6046823781061714,-0.022575621298704444,-0.3181525664028797,-0.30159633307273376,-0.1513351672564707,-0.07097584753758017,-0.8873174185886207,0.27844805106991394,-0.30590604050577813,0
FRA,2008,-0.7797021902539769,-0.16978213922120175,0.14029604510402202,-0.24634960165155784,-0.8517588981266758,-0.5374685286100913,-0.15643732529806417,-0.30701625604887794,-0.27499332831065665,-0.18591450334803045,-0.0887168484827938,-0.9773711967919521,0.35506094212786876,-0.30150295587361853,1
FRA,2009,-1.6611600819268988,-0.21767344491758883,0.5211302623053204,-0.2216178415381115,-0.6834172690257355,-0.01048216504772744,-0.42069843393389833,-0.41552956974351557,-0.41688122780941217,-0.4866188215891095,-0.5669097762247712,-1.0734681648893962,0.4065534486272636,-0.4815212401117525,1
FRA,2010,-0.33407960581522916,-0.1923064427208494,0.5555720665107374,-0.2240374890998985,-0.6043383170339951,-0.020676156961311035,-0.2939100146620305,-0.3519039258967428,-0.32224318038534777,-0.46754377471742636,-0.45905405384608816,-1.1164134812850472,0.4222572105438152,-0.11415766023281197,1
FRA,2011,-0.21381366312886524,-0.18210561544551074,0.5443839645077039,-0.25766621218150504,-0.6639718663781055,-0.4489824384630788,-0.2825668984423424,-0.2959040660905051,-0.23291956631880334,-0.3471273981230604,-0.2569866986249045,-1.1101249173287964,0.4390394559131946,-0.18541520752410956,1
FRA,2012,-0.8337043828608925,-0.18487168877145005,0.6788605630931853,-0.2916041732251627,-0.5945714996490465,0.11387325097248478,-0.3328362023833904,-0.26919095704797996,-0.2237579346678617,-0.44502382596066975,-0.3735336060534529,-1.1217705732436314,0.43756130962867296,-0.6801857976200709,1
FRA,2013,-0.6692463787653387,-0.20403494563825827,0.6946555306268799,-0.18368715026297003,-0.7202051739601238,-0.38469551033842525,-0.33922416173730735,-0.2614858322889782,-0.22667621419425502,-0.44402166071698623,-0.4272992739578129,-1.120667591563363,0.42288111918495197,-0.18530157703936861,0
FRA,2014,-0.6098146154981248,-0.21029025553094485,0.7736303682953519,-0.24643368172141397,-0.7328927928449219,-0.24575656342533242,-0.5020784587447542,-0.2565630789512866,-0.21778517259701421,-0.45144921776140173,-0.3723324566162291,-1.1333065995147953,0.3818474767067999,-0.23440302957998937,0
FRA,2015,-0.5908576992511891,-0.2185539710893468,0.791399706770758,-0.1383639585127448,-0.6924631372907939,0.6035251585265867,-0.24618630480879442,-0.2254399084268029,-0.2040813483220581,-0.39758720897285654,-0.39319166960369717,-1.1089590940632936,0.4033892694918386,-0.7165531858492237,0
FRA,2016,-0.647716970388599,-0.21599143368189663,0.7262454656942688,-0.17347581590393688,-0.6680643930983325,-0.23438833340814982,-0.2983569227912615,-0.23182636816347288,-0.2027892185257424,-0.4430404627345629,-0.4138338676420548,-1.136167917564673,0.45664256241187673,-0.3629800795600681,0
FRA,2017,-0.31117069412623377,-0.20107267388382435,0.5840907578910192,-0.16246298634438566,-0.6723542320110877,-0.3311533010824438,-0.25853510674311786,-0.20521814989776085,-0.15477224734158374,-0.386858905422309,-0.31233915519535926,-1.16346483878877,0.5430046047970534,-0.40954379334177393,0
FRA,2018,-0.43156160812257943,-0.1866884137821765,0.4983153092010954,-0.2073721740851141,-0.6899742223312099,-0.43106596964475413,-0.08192770755866093,-0.1853950931539242,-0.12376999576421324,-0.35354105706134675,-0.23751898262126853,-1.1852499565922356,0.6059076121746445,-0.44474531699859166,0
FRA,2019,-0.32661979101900407,-0.19973759713421915,0.3660324561064044,0.020228356702734346,-0.6152859392278579,-0.008552265515865357,-0.21415402634670716,-0.18632514159780617,-0.13712991245710837,-0.15718643403441857,-0.1655991286493395,-1.180897239507088,0.6538028279004884,-0.5908009617574528,0
FRA,2020,-2.9308151624662067,-0.21083959429797275,0.27696638918029454,-0.42541340403873057,-0.4349906316052494,-0.32999164869926234,-0.4127816245827935,-0.3280064625354267,-0.26333511863702985,-0.4893240808195433,-0.2039776206435484,-1.297923420120893,1.0405756691479469,0.014778480370835867,1
FRA,2021,1.0087163197273439,-0.19035214611990303,0.24669270140738025,-0.03879907469309415,-0.4997372569102001,-0.3918075436670068,0.001509448239435515,-0.23869930574258508,-0.17738018697806252,-0.16185520552470245,-0.09212925636561238,-1.3242812755754727,0.9427436034412048,0.014778480370835961,0
FRA,2022,-0.1370236263015374,-0.12743933497409546,0.1220879575304576,-0.32722120490063433,-0.5876044406493062,0.2846500908128757,0.11648930366221592,-0.06445598054773523,0.08785420570244916,-0.2798697923910543,0.008031282707883919,-1.2881263577159376,0.9127896065081887,-0.046416426402416396,0
FRA,2023,-0.4884126572481717,-0.1334847069962237,0.12910794310098847,-0.26024476975628735,-0.6376052451901194,-0.35665693895190115,-0.4354604697362834,-0.1350883693653647,-0.035225508620783684,-0.3718314167274173,-0.18250482613095032,-1.2059187652574068,0.7721154579313301,-0.605681868217909,0
FRA,2024,-0.5568304188443733,-0.18408345706340393,0.14336728879112934,-0.06617074962165806,-0.5609131160984956,-0.24893228833889064,-0.26534373757839247,-0.15361489568713402,-0.1108248559677988,-0.40941331279883464,-0.4284349983563774,-1.2414918676687674,0.6678143503163771,-0.536412921207172,0
GBR,1990,-0.6699313421242354,-0.07751213578454254,0.39564802023208173,-0.6915729869746756,-0.8218695061528908,-0.24451868391876644,0.07876927775409964,-0.49896600082760156,-0.47103870392107844,-0.9990824552364811,-0.07327468684493191,-0.008907005634442704,0.6097139120189051,-0.2160135826517861,0
GBR,1991,-1.2397532897409775,-0.0880855631423967,0.39564802023208173,-0.36715796823279573,-0.7690037937307708,-0.215236103683658,-0.20302551637963304,-0.5229729285567232,-0.5562699591867959,-1.0833506615500017,-0.6753039630150302,-0.07957914059717391,0.5579850079982266,-0.6806701791243734,0
GBR,1992,-0.528153602470458,-0.13852485051399555,0.6637237192067285,-0.4192013941394059,-0.8050412865644356,-0.22361315246923763,-0.21644145044553673,-0.512247097622665,-0.5306119574378984,-1.2073498312692954,-0.8108718482435967,-0.11769209626025598,0.544263574240962,-1.1119143225743644,0
GBR,1993,0.07578910066774092,-0.17425073106613026,0.7896447103781254,-0.3680379680068661,-0.7799385894685094,0.4868235669382495,-0.23188548446011267,-0.449835921422033,-0.4711907706939726,-1.2261756996025202,-0.8920864296197885,-0.1813893492577573,0.5065627730315676,-0.521570867110023,0
GBR,1994,0.4781656737826423,-0.1802179926231516,0.6365212751209213,-0.23204305698295355,-0.7748392508656304,-0.33041840455463445,-0.25436587973164054,-0.40908946618637887,-0.436635922489229,-0.9611219563423377,-0.713602665705106,-0.055114195992735794,0.5097984960670424,-0.36634321613157034,0
GBR,1995,0.08758969741914463,-0.17180950638168307,0.4272379552994706,-0.2521486216461929,-0.819730397640873,-0.3744420792589539,-0.18286342349534793,-0.4215531300277432,-0.46278221738765474,-1.109212640333024,-0.8795131670009123,-0.22170368775332297,0.4460411977315975,0.29639119682680415,0
GBR,1996,-0.16503648910020896,-0.16909818166944796,0.3164538080145305,-0.20547956034239925,-0.8549266342840963,-0.19508712993674737,-0.16435278745012005,-0.4028996497634049,-0.43732432572089464,-1.0868032382445982,-0.8438564091695739,-0.2572799105639753,0.5052179675076744,-0.007002874933518017,0
GBR,1997,0.45796998246971754,-0.18053201699725363,0.07141243669318807,-0.09619119870157403,-0.9187731698462939,-0.44644207937353364,-0.004024157149122086,-0.42409651382256497,-0.46463179914126806,-1.0073247992281993,-0.987840655446781,-0.289305126565508,0.5408008592242415,0.5698391983452445,0
GBR,1998,0.008629510702511084,-0.18722006466100127,-0.12032091920193563,-0.13543343424497964,-0.9184275961165616,-0.29384514500699477,0.5342642394623619,-0.46653190849756565,-0.47493922635160574,-0.8423187230360762,-0.9006931441504759,-0.38288254889825557,0.5527037093077029,0.32544175611515735,0
GBR,1999,-0.07439590847309133,-0.18840820570762426,-0.15454334885827364,-0.44347946457613086,-0.9045280548851151,-0.14323847810736248,0.7046370732064701,-0.47015830074767917,-0.4579568084249083,-1.0271794386613498,-0.9459058655467528,-0.48923943372088224,0.6161122045690962,-0.5372201547508886,0
GBR,2000,0.36016107837039496,-0.19842485338184887,-0.26072063061255274,-0.3910226512629951,-0.8986178941948542,0.05353604445188959,1.0506458444645,-0.4261452418161251,-0.3989246948358769,-0.94187690711446,-0.8749081873045162,-0.5860214304493683,0.8082494601510896,-0.18756670397640185,0
GBR,2001,-0.22661839030711184,-0.19228488214632225,-0.44982149191872745,-0.3834953189412063,-0.9122347014784232,-0.025280717394056067,0.014832414520712978,-0.4296455806073786,-0.3833028478188619,-0.9518383375996802,-0.9011134988087848,-0.7249024807207034,0.9137629920849658,-0.3049899497884812,0
GBR,2002,-0.41420084945543795,-0.1924948320886144,-0.37501477068275807,-0.4193253906394389,-0.8816996764348174,-0.4141920125668534,0.2767288091061027,-0.4629311912088817,-0.39803372573004103,-0.98894859153781,-0.9180007135110706,-0.8019762606624549,1.0224975236793676,-0.5058919503189437,0
GBR,2003,0.0009834877643538496,-0.19502365688900167,-0.4254709169709484,-0.39426108334209187,-0.9010525379203519,-0.5970925024721198,-0.24922750185682244,-0.47806728706937923,-0.42535444940206996,-1.0153859923618775,-0.983543055633766,-0.8929152836822035,1.1204786174674652,-0.2539563836305721,0
GBR,2004,-0.24449765168581947,-0.19477943847053553,-0.47219769592479444,-0.47379172695823957,-0.9213488674378614,-0.7095780065529941,0.04643656726291624,-0.47754879949393647,-0.41742905271026176,-1.102598707943928,-1.022109470019041,-1.004328932108626,1.2763837876015725,-0.2527044182767812,0
GBR,2005,-0.1166996376987641,-0.18250033596128934,-0.4085790766918586,-0.420603667499091,-0.956302191595604,-0.21448085103330014,1.0641601566689745,-0.4375698679637927,-0.3774009830702636,-1.0249811833006406,-0.9677292153839193,-1.0664393654480642,1.4018761172965495,-0.04145582849846367,0
GBR,2006,-0.2819586446637244,-0.17605930336028222,-0.27958684183335425,-0.6157266290984582,-0.9769887957115297,-0.2953886371653766,0.6752721259439957,-0.3654309467804997,-0.30167797433295634,-1.0999954092474258,-0.8813907493392421,-1.1386583112887012,1.6280028091559875,-0.02845276335066159,0
GBR,2007,-0.07812210567810977,-0.1772736165730677,-0.29560118391612783,-0.7201391750761008,-0.9729848427275328,-0.5901174154422925,0.5561769758000826,-0.4309971960469663,-0.3772421560443284,-1.1423985368267267,-0.8352529891240614,-1.215450411851222,1.9651337351688531,0.06144390107600016,1
GBR,2008,-0.8978588685023313,-0.1573306838673486,-0.2190394662875257,-0.7458250502843972,-0.9924810896104297,0.13543264128280338,0.8552623066725978,-0.3665239759685937,-0.3107743767321371,-1.2697613870769073,-0.9894024762964628,-1.2318490903143322,2.3954059511032937,0.16591071812036703,1
GBR,2009,-2.146033165695029,-0.18473924950970247,0.2054502861805114,-0.6000906662940823,-0.8915908597027907,0.5291880870427829,-0.43414646670072254,-0.38850295335382806,-0.353804768504436,-1.452159687478405,-1.3897971686667527,-1.2896933130010273,2.415978193020933,-0.7712262219708945,1
GBR,2010,-0.2625062307254369,-0.17540921566080114,0.2690689054134472,-0.5555030749299203,-0.8520045671895244,-0.20931057799452146,-0.10013743485780252,-0.32182083518680615,-0.2624384474462444,-1.3392287159676899,-1.279959537304739,-1.2621086674281927,2.261828863107532,-0.5585483028125846,1
GBR,2011,-0.6500805644504483,-0.15144885425025176,0.31777005530900504,-0.3601541871162304,-0.8564648718688546,-0.39747248956274195,-0.3679958217276949,-0.23945566962972187,-0.19447587551683654,-1.2157561666924164,-1.3019503739584353,-1.283645786444075,1.9658142973086654,-0.9995196320860966,1
GBR,2012,-0.46392075148507467,-0.17399316321324196,0.33619751743164844,-0.6197105826549892,-0.8343666682733127,-0.18320772476793357,-0.2537557617213127,-0.26448624932596115,-0.21732503520577304,-1.3956600995489965,-1.2979659676201882,-1.2752153409319842,1.764833127437189,-0.7274297720456268,0
GBR,2013,-0.41160376187950737,-0.17894122580729932,0.22058713006696853,-0.8775082923355305,-0.837526445767233,-0.19963052533622677,-0.21693172339617703,-0.2740330992312582,-0.2156750259813715,-1.4871336431728328,-1.1840158311656308,-1.2359281376603926,1.5324804282664137,-0.6575523900427084,0
GBR,2014,-0.015063626514920598,-0.1937123460881439,-0.076446009386118,-0.937154812272874,-0.8348280226234385,-0.45900165397540393,-0.22319888994628634,-0.3288310383235126,-0.2630505376764335,-1.3682627780869496,-0.9643984991997641,-1.2635914729525919,1.2332383437005776,-0.9007296410135848,0
GBR,2015,-0.29555042158292244,-0.21274544683938168,-0.2620368779070273,-0.926684260570486,-0.7514748575958907,0.08646994533121667,-0.2827309495441271,-0.3501842037657953,-0.30345800953880686,-1.359187326428849,-0.9569015875317731,-1.2734990165872615,1.138612132537278,-0.6642702665385004,0
GBR,2016,-0.27736562317067387,-0.2014920658322449,-0.4030947129648815,-1.0205835958076543,-0.7684040494373972,0.32059823522031117,1.401891445950122,-0.31151308013258666,-0.24410817135628352,-1.4018368057311954,-0.9360095094291457,-1.3179725966747529,1.1678510465028291,-0.3106459324827098,0
GBR,2017,-0.052732036397932044,-0.17426517966864313,-0.49259952898914966,-0.6783186021983239,-0.74678511663007,-0.03368593517117059,0.21736594496310466,-0.248975309949616,-0.18839548617223179,-1.106668912718549,-0.8427660798856856,-1.3336890781007156,1.1857024320865412,-0.33269986390342265,0
GBR,2018,-0.4575751903388534,-0.17892060824276573,-0.5706968684613055,-0.749542865618878,-0.7392300731539665,-0.3962894230170599,-0.6698576047157259,-0.2201733869187549,-0.15588702610715183,-1.1803516739990563,-0.8872261621985947,-1.3384181269080568,1.195120684887161,-0.48985490852425456,0
GBR,2019,-0.5387236220807254,-0.1886691014459989,-0.6777516484119008,-0.5388358233709326,-0.7245727105132295,-0.05011067848143933,-0.41974944198607284,-0.21859295635620887,-0.1541255983643734,-1.0093186867368513,-0.8607196458322063,-1.3443891692852177,1.1670759972182432,-0.8393549202051687,0
GBR,2020,-3.6479385325167906,-0.20182473882385701,-0.49896139091244324,-0.584660555275075,-0.6244247403109711,-0.263415055933609,0.39869109243634127,-0.28250208456622894,-0.30480359446294775,-1.1303041259848745,-0.9907841988055603,-1.3267468801801932,1.4627152741436171,-0.25874516242836393,1
GBR,2021,1.4655116094461431,-0.17495729585088612,-0.4129665676734405,-0.2103251850751958,-0.6716301063317516,-0.5361110046558031,-0.014210563659636275,-0.30406159366761476,-0.3033414720345854,-0.8132240457224598,-0.8832909288775391,-1.3881356143838839,1.2658077955570002,-0.25736639031105224,0
GBR,2022,0.5321559804899428,-0.07999720330035973,-0.653401073464122,-0.43646368575228955,-0.7878273979687379,0.25328608985807166,-0.06092594772083991,-0.1479842266232426,-0.07523966443830896,-1.0238415483862306,-0.979280224747029,-1.5238430437267394,1.0558285859179142,-0.3163803164289322,0
GBR,2023,-0.8095509585337225,-0.09982124794494343,-0.597021814350796,-0.6961231612245992,-0.8246743810620547,-0.28033453573727507,-0.4656602357267408,-0.2182852348821546,-0.1549233216618922,-1.212707065598261,-0.9597052563062752,-1.4776517192870677,0.8853368492894044,-0.9057686967318405,0
GBR,2024,-0.5871383623263271,-0.16172110359276629,-0.5233119658602222,-0.5899539573798912,-0.8411192461572118,-0.36267407561906306,-0.5870333409279538,-0.24628341734126172,-0.20517707022370277,-0.9837165789814862,-0.8364227111637592,-1.521704941725971,0.7680281965316735,-0.6333519412029247,0
GRC,1990,-0.884268205832058,0.13986943837023152,0.18109971123273258,-0.7111584702580089,-0.506449295317383,-0.24451868391876644,-0.3629136927226778,-0.7804722057738094,-0.49452372231028585,-0.37828206967752726,0.25338208195648004,-0.9259638224479841,-0.5015610838787234,-0.41544163363965086,0
GRC,1991,-0.03161441068035272,0.1226889053970958,0.18109971123273258,-0.3419266438906321,-0.3165499734831943,0.3993132012564891,-0.35428611069842714,-0.7993330230376251,-0.5300671802712135,-0.06725410809789338,0.3895570199339174,-0.9259638224479841,-0.5015610838787234,-0.0650050867458973,0
GRC,1992,-0.6917333669311696,0.059798310704869746,0.47835222523489807,-0.40203382070160293,-0.42481853217844645,-0.047495377954735525,-0.3698300810936511,-0.7772063236191932,-0.5467653351342187,-0.21095364197789512,-0.09127846939738542,-0.9259638224479841,-0.5015610838787234,-0.3204015230695723,0
GRC,1993,-1.324347631676795,0.034039300229343074,0.7525704115837593,-0.2005832422868218,0.06808751113053442,0.6260991655433071,-0.38393983141122745,-0.8042806179195474,-0.5826451469688343,-0.3204914712970286,-0.2883786898347317,-0.9259638224479841,-0.5015610838787234,-0.19429746916313614,0
GRC,1994,-0.3341689730572008,-0.02812054511240952,0.6716212029735755,-0.10265929032564176,0.8218114508021795,0.005745967633665341,-0.3931797650935533,-0.791319927430212,-0.6294860942597297,-0.234930425120218,-0.5119693989555917,-0.9259638224479841,-0.5015610838787234,-0.6279785308780769,0
GRC,1995,-0.3067411098280971,-0.062204913313248976,0.7391885640899349,-0.445840914359044,0.5050082656495934,-0.4382747350817708,-0.404942954326523,-0.7919820642484376,-0.5936263472315149,-0.4067070869800119,-0.5629479729260776,-0.9259638224479841,-0.5015610838787234,-0.5412204134887941,0
GRC,1996,-0.5040201759485982,-0.07520843829353878,0.8019296851265543,-0.6305732322365848,0.6905109530269732,-0.076690196836919,-0.4110151838404393,-0.7938275531876868,-0.564504521141012,-0.4382939431272364,-0.38562625128249534,-1.0238984827053554,-0.5015610838787234,-0.6541997707183012,0
GRC,1997,0.10670352982557006,-0.12192775053808348,0.8172859035620905,-0.6833130476334561,0.22160145604074935,0.3328568685443618,-0.41638324709299435,-0.7265585420841959,-0.542784055741817,-0.3317698737742529,-0.4947489771496843,-1.1830723561892358,-0.5015610838787234,-0.2568937788191652,0
GRC,1998,0.061059738774922906,-0.13545522079126668,1.2022882371958918,-0.8395908294256007,0.24527949565009033,0.10907389618721383,-0.5223657575854992,-0.7227784632875273,-0.42905272123177385,-0.5953451554610018,-0.04182381518436103,-1.2104464381837765,-0.5015610838787234,-0.5799245742133343,0
GRC,1999,-0.1529701842576939,-0.17287905069933243,1.182763902327853,-0.9958686112177452,0.2689575352594313,-0.09742180099951382,-0.520866507000292,-0.6269576287260596,-0.3222799076447905,-0.8589204371477501,-0.12869561060072204,-1.158658416751586,-0.5015610838787234,-0.5148910674064386,0
GRC,2000,0.2538396084852738,-0.16383676843888542,1.0087998849081354,-1.4237586158674083,-0.2198161352792455,0.595450024669132,-0.5316280191394702,-0.4766746792287589,-0.07661874082217138,-0.560085696945167,0.3715197288908805,-1.1792081773714307,-0.5015610838787234,-0.16294026036031778,0
GRC,2001,0.3948266420981181,-0.1599216857079471,0.8813432718931845,-1.3058081167645723,-0.7284831432421354,-1.798390128144076,-0.530334493339553,-0.5045215167869107,-0.1309913050902137,-0.6570380858732118,0.20283342127833803,-1.0941496685053262,-0.5015610838787234,0.17844113524438865,0
GRC,2002,0.4038270023238577,-0.1554336505418577,0.7896447103781254,-1.1794387492464358,-0.5271645235997275,-0.47146346402766526,-0.5269151084365242,-0.595327468753199,-0.287022033838847,-0.8708989007794178,-0.052193896519688095,-1.1163454923967457,-0.4351214556385962,-0.3744903460972406,0
GRC,2003,0.7101457876553136,-0.1571682770619095,0.6784218139950274,-1.200082837874103,-0.8315207332332327,-0.949460272290276,-0.4154315003447457,-0.6446967531356889,-0.3121803660202381,-0.7401829261977217,0.3758621733235072,-1.165975074365155,-0.3543510755453651,-0.30884365792572005,0
GRC,2004,0.594911982580396,-0.16827108435026694,0.8515083332184286,-1.0686100155879545,-1.0084519644281031,-0.6339489650696531,-0.38337240351931834,-0.587929696455414,-0.3046188235426283,-0.8352976395049431,0.20912720528837458,-1.226616960675709,-0.24668351050916024,-0.34564127075531054,0
GRC,2005,-0.5587452120535743,-0.1569148278751322,0.7299748330286132,-1.3742354707803361,-1.0336842101640904,-0.2451678178666069,-0.4848224599686228,-0.5753971444652275,-0.29892418440881496,-1.080335075458907,-0.31467530857408166,-1.247259863832957,-0.042047188437628016,-0.4624547670985863,0
GRC,2006,0.8879859744787938,-0.16305009882038377,0.4737453597042374,-1.9717510503215017,-1.0316665595337973,-0.2839009138533064,-0.2067049455974416,-0.5825119999923151,-0.2614714973982634,-1.044253954141329,0.4023108912535994,-1.3184055610208745,0.039307261414319776,-0.3137137258646834,0
GRC,2007,0.08029505180482265,-0.16833865154386088,0.3519924849653431,-2.362459815720941,-1.0310680716973413,-0.6046823781061714,-0.430276140257902,-0.5506846337672855,-0.16664682059867034,-1.3766383873038648,0.4684862654282297,-1.3370861750867309,0.21199500868722543,-0.19016863791192812,0
GRC,2008,-0.8684599964207378,-0.146235145789288,0.20128216974800867,-2.362459815720941,-1.0479644959200956,-0.5374685286100913,-0.26761535002807557,-0.516784207477902,-0.10687111747818263,-1.6486233429582515,0.1511173534029302,-1.360882813428001,0.3105251115058085,-0.12391025973653554,1
GRC,2009,-2.0172735944299065,-0.197948329666743,0.6141450711148541,-1.9728429129206237,-0.9675540932564836,-0.01048216504772744,-0.39427268296001666,-0.6493932914826114,-0.3653603957293918,-2.159575300483786,-0.8798253047287273,-1.4868308036441586,0.2836816010295928,-0.5228273606726811,1
GRC,2010,-2.4503296626565594,-0.13639076082792653,1.3102205153428035,-1.8371399775892288,-0.9316966194095837,-0.020676156961311035,-0.5016251205325656,-0.5513177071245855,-0.3054834211892307,-2.0914257877094022,-1.0020819569769988,-1.512800294109924,0.777282131918464,-0.41138732871417444,1
GRC,2011,-3.600872620471962,-0.16069693047726244,2.462814396204337,-1.8179031924143207,-0.9317783836461743,-0.4489824384630788,-0.46847751415205874,-0.4342799907728878,-0.2360726803501527,-2.1625824132193148,-1.7229002665621251,-1.4908802003980006,0.9109276712093866,-0.3826001156276486,1
GRC,2012,-3.175743649653245,-0.19282653562387891,3.9453475988808213,-0.5253708544867158,-0.8521561708831191,0.11387325097248478,-0.41851047537015595,-0.3146439052295181,-0.14143113938502788,-2.1153738413925414,-1.9653425794397696,-1.4930441659418459,0.9307335186307353,-0.4507005074235213,1
GRC,2013,-1.509213162492151,-0.23540290363953803,4.397728631518776,-0.44728912139302346,-0.9331742589146645,-0.38469551033842525,-0.3300725661493003,-0.27012235487663105,-0.17245648579423167,-1.8042310912148916,-1.9653425794397696,-1.5556549875739898,0.9232483262157142,-0.4643060816627423,0
GRC,2014,-0.6663669900793238,-0.24227388887873821,4.37905108241018,-0.3281710076205777,-0.923229696403096,-0.24575656342533242,-0.34487496890042174,-0.19857245487055947,-0.12244462371088762,-1.7676736608304282,-1.9653425794397696,-1.553413246600851,0.8835937617492784,-0.4635358267686068,0
GRC,2015,-0.9470625584906993,-0.24243630757665158,4.000191236150593,-0.3393952159308174,-0.886824303596935,0.6035251585265867,-0.4255500939416723,-0.20932159249550705,-0.15472296827845322,-1.806477286540159,-1.9653425794397696,-1.4653294591645667,0.7902359310203785,-0.37176849299481973,0
GRC,2016,-0.8930133451978267,-0.2337226305214495,3.6783687726515693,-0.4770859220172147,-0.8468042142920298,-0.23438833340814982,-0.30552287258422095,-0.24225382192857364,-0.1782419127989513,-1.8491482448908254,-1.9653425794397696,-1.4980885056862654,0.6896684335973381,-0.4375234919355107,0
GRC,2017,-0.47908578382723527,-0.19950915216846582,3.217462845036404,-0.49083706385003517,-0.8476565630576467,-0.3311533010824438,-0.254184619256081,-0.12452184008018587,-0.03781143452951492,-1.9287335693112655,-1.9653425794397696,-1.5139259931378257,0.5227013554260843,-0.17071029677919583,0
GRC,2018,-0.3163808991852538,-0.2082190286643943,2.7273801023937185,-0.6926876413090701,-0.8965332412701892,-0.43106596964475413,-0.22665659483155035,0.0014334460497328482,0.13667517484633715,-1.9405452460586896,-1.917422860952274,-1.485058681460377,0.32516413425499785,-0.49259939718688134,0
GRC,2019,-0.2579304928466943,-0.214767059717956,2.259234814658943,-0.4451871545606821,-0.8613740246107006,-0.008552265515865357,-0.14219244221565153,0.03183049369991751,0.15304768706545213,-1.87665914070092,-1.9653425794397696,-1.5452585512510393,0.09510816247747193,-0.555994890433293,0
GRC,2020,-3.4136883445528134,-0.2411443269517641,2.0078315814143064,-1.3059755096022934,-0.7027626466740631,-0.32999164869926234,-0.2525608946658454,-0.2333888544717215,0.06834298656865812,-2.1625824132193148,-1.8151611219728587,-1.4418812270117203,0.11726143325923818,-0.5468971831489817,1
GRC,2021,1.4961482923990541,-0.1977066569625293,1.7351490169089991,-1.3112245780391603,-0.7584877123597871,-0.3918075436670068,-0.04479483332437018,0.05472675322570407,0.41347536974568133,-1.8206989909934055,-1.129536310064945,-1.399961601384277,-0.40738625888991126,-0.3311542201808627,0
GRC,2022,0.6345519877771787,-0.04971481373429839,1.2459437724626305,-1.9521480427032136,-0.8738395739065585,0.2846500908128757,0.06470673580808865,0.348115314309062,0.8449600813314364,-2.0967894070833526,-0.898828098062541,-1.2143050981551593,-0.4856554734768274,-0.3236536719466859,0
GRC,2023,-0.2967865717683255,-0.15832545680697582,0.9381612801046686,-1.2469011585445855,-0.8369973118798032,-0.35665693895190115,-0.21756836227407012,0.17175334928388789,0.4475662893350578,-1.920103799948576,-1.3581989534899446,-1.3503013738672212,-0.5534710728093547,-0.33846957231975217,0
GRC,2024,-0.310356690751717,-0.17104465644171468,0.7181286073783423,-1.3038582917752775,-0.8151285270887103,-0.24893228833889064,-0.10683911524783471,0.11526945070247314,0.41008921249210345,-1.717552387809666,-0.9887250576165809,-1.3295497571214652,-0.5675895253191506,-0.33702735150367674,0
HUN,1990,-1.8460232051988514,0.27933238916811864,0.3846792927781271,0.10807858943314265,-0.8563498773770299,-0.24451868391876644,-0.271906301995411,-0.32299050622843883,-0.29382365077399897,-0.6478280572163414,-0.48375188790664553,0.2642136837303529,-0.6485420579545195,0.7631391847106006,0
HUN,1991,-3.8922701976861074,0.3926436038905703,0.3846792927781271,0.11809911160083206,-0.25293914947276935,0.5392434218320764,0.14473793401913193,-0.32299050622843883,-0.29382365077399897,-0.6478280572163414,-0.48375188790664553,0.2642136837303529,-0.7974806925592344,0.7734350450088965,1
HUN,1992,-1.7270698987972197,0.19649429334886526,0.7010173925501735,0.07498527488419415,-0.25501811007699865,-6.492322741785326e-06,0.08244918348966326,-0.36063301046540136,-0.36203358443154865,-1.0450310437942285,-1.2726757567664466,0.2642136837303529,-0.9128465009306993,1.3977421959780967,1
HUN,1993,-1.042726644924957,0.17555602828965447,1.1739889203646896,-1.902328063892862,0.028996491571119897,0.45962671433280916,0.40940124130208616,-0.5049887355873875,-0.263862169653594,-1.546025958664817,-0.5736441306535816,0.2642136837303529,-1.0132634953802717,0.1597849422280809,1
HUN,1994,-0.07365441402053798,0.1123598741738659,0.8995513594667489,-1.6909881768739556,0.035363519738649804,0.3736807959911692,-0.10514995471727628,-0.43289229192287576,-0.23721295900173667,-1.0795326094501339,-0.17058374931867654,0.2642136837303529,-1.0513958851260243,-0.023930124670559258,1
HUN,1995,-0.4745747637873817,0.27820539514099085,0.7505960406420474,-0.713080689427334,0.4724602583677441,0.5939288577999511,1.1304453507550998,0.017113546314251552,0.07695499204443228,-0.6358240825731866,-0.09681391668257876,0.2642136837303529,-1.130559326041595,0.3277666622839279,1
HUN,1996,-0.8564237682296135,0.19321353597341748,0.7185673564765006,-0.7618559809148159,0.07786414069386591,0.6773387702858403,0.6003439228224042,0.10413218415618589,0.16161117648352216,-0.4649854324204271,0.1966668675274099,0.2418677890987832,-1.137992838289947,0.39867268803017963,0
HUN,1997,-0.06520364868031155,0.10246613344880723,0.49239219637595977,-0.8574129981148573,-0.22938828815333237,0.7165148545489058,0.8842207485060097,0.3027008900949386,0.37832701330953916,-0.37257069446954266,0.42868432466544276,0.5393401002695939,-1.0922649246873912,0.2665338494242826,0
HUN,1998,0.17415254396738516,0.02951463554198772,0.4779134761367401,-1.3931815972507269,-0.2782444443293401,0.39064344457174255,0.5461180770185615,0.46758958621358093,0.6723430853411984,-0.3940171786103301,0.8427438607543555,0.5843825513505244,-1.0949088051574238,0.050283098625280784,0
HUN,1999,-0.035449040080026195,-0.043520525045668994,0.040041876174878394,-1.5187003477416985,-0.1888151817014328,0.21127932446309824,0.5782823556920313,0.5554987582547332,0.8219615113996314,-0.7182764674580427,0.5757295130993593,0.47106372927244516,-1.0504349106872424,0.05417770135277818,0
HUN,2000,0.32852879402321483,-0.04693208589156579,-0.0402492087880683,-1.5995053322566382,-0.2848794580922377,0.571404262191655,0.40540332221185527,0.9220660895813064,1.293966236294971,-0.6551257063307184,0.7340207050474656,0.4324436461964698,-0.9169221454618661,-0.10661494060798277,0
HUN,2001,0.23299061993545864,-0.059001401398867274,-0.23593130656661557,-1.1326900091624696,-0.37266148400797283,-0.17887894622480843,0.6843573473373592,0.8570789626959989,1.1246171604327533,-0.5930901161655896,0.4140192741774817,0.44531532604961444,-0.9008804975368138,0.08974942050024512,0
HUN,2002,0.4167345420013427,-0.12668226719326658,-0.2497519031585983,-1.1901223373373515,-0.4883456113298415,-0.6734993615631489,0.336914004591397,0.637072763060975,0.8957782042386675,-0.7496186550976928,0.3078031746603694,0.3386682193190053,-0.864644950610441,-0.04293327620652534,0
HUN,2003,0.19909114824398952,-0.13730407919543636,-0.20982573522620404,-1.5024170145311035,-0.5060685071275558,-0.8039958342991729,0.2553422449258378,0.580702839996894,0.905131135088572,-1.0986574416936579,0.1272569710683657,0.34738873625601796,-0.8193291853676199,-0.1934065119388369,0
HUN,2004,0.48083762520975515,-0.10069323659333164,-0.20061200416488234,-1.6430536928124067,-0.5295209014398866,-0.6575223550147659,0.1720292614355006,0.6860224427951361,1.0449105741456766,-0.9893947484449085,0.6131109524332011,0.4133548907940524,-0.7682931485837502,-0.16271340794370232,0
HUN,2005,0.29852312479082405,-0.15662584693209458,0.09707925893544149,-1.7816364805459608,-0.5379854775079792,-0.31155707320787546,3.3836885218485024,0.7827394035232468,1.1003754364858773,-0.9977924340686344,0.38038336095361963,0.4239611963726387,-0.6782050437875587,0.0031539329814429863,0
HUN,2006,0.1977582617425538,-0.1501446814497477,0.16398849640456356,-1.3341250032132574,-0.5237924920192127,-0.011852462431217105,2.0714393413973227,1.151795412780201,1.4855189795016908,-0.8236871358489083,0.41129316837931595,0.5424882609204281,-0.5939922284996505,-0.043918257101303385,0
HUN,2007,-0.7928542657119408,-0.07935233004167591,0.14468353608560372,-1.3342835622387115,-0.6064584807887088,-0.7911055390569713,6.994912530902091,1.2831215178078936,1.5767215083985633,-0.9815832149601651,0.16013036548475304,0.4288913625809837,-0.47014471246701534,-0.19029717875496854,0
HUN,2008,-0.6110236956965411,-0.11302673412095354,0.2348464757571094,-1.3311794585689618,-0.5015266865721837,-0.5138993451210937,6.994912530902091,1.3283103081261258,1.633669782668437,-0.8486343899616692,0.2025984026344958,0.29013860121372664,-0.341203836483536,-0.3110211710090587,1
HUN,2009,-2.7381484433669003,-0.1451998252077876,0.7203223528691332,-0.29064793712818665,-0.0710412284638661,0.5101046638844419,-0.8982037389460175,1.1696665805918545,1.312269185229556,-0.6156311045480456,-0.5184024884283746,0.09465285245950453,-0.3298512832303202,-0.5764656230171779,1
HUN,2010,-0.5905287581245509,-0.1338853645704649,0.970848087917453,-0.1131943095784563,-0.1205332155362582,-0.12555152413440296,-3.0887853115094126,1.395337714467036,1.5304733105068362,-0.4850199397606486,-0.4848983393026759,0.26581376895810066,-0.3211033116400803,-0.5440120958519832,1
HUN,2011,-0.3570780447335817,-0.15015179947159202,0.9394775273991433,-0.007041738928407482,-0.12150579768618584,-0.3868663991356919,0.6698888966042974,1.5568806428262658,1.6844934623005334,-0.42043881051262044,-0.5119423692099447,0.32282199345217033,-0.36031356495204464,-0.41817428670736095,1
HUN,2012,-1.2526929222760004,-0.11988675116904102,0.933773789123087,0.10481213773647005,-0.11351030658115538,0.2694252036212228,0.8069471925105166,1.5534291127233177,1.6661652623357863,-0.41868702737879004,-0.6419131158531782,0.32884929545233854,-0.5283426753608645,-1.0109973822856015,1
HUN,2013,-0.32532060984762085,-0.18875529378294964,0.7525704115837593,0.4337400221097965,-0.09856837310940794,-0.2714160267690257,-0.9734193847028041,1.5307387369731333,1.6271986671582204,0.0057780301306987955,-0.3622127756443649,0.3664231375324652,-0.61873092100764,-0.358250328857689,0
HUN,2014,0.30789419150332686,-0.22321229537009601,0.2146640172418331,0.04777279895887733,-0.2469529144131756,-0.07344253187575317,0.9391624498218563,1.5841556761362747,1.7143230274344028,0.029747214888247345,0.08058845233704515,0.49239523843207156,-0.69332291816496,-0.6369377082192098,0
HUN,2015,0.12236290027563275,-0.22029651645026074,0.014594428481703947,0.2836392760736332,-0.3220462070759409,0.6187008401191093,-1.2338857957521912,1.5974894811962699,1.6571684977298173,0.1113930029758305,-0.02094311354618223,0.6303420564618522,-0.848881428868676,-0.4698299811627662,0
HUN,2016,-0.2135207694252836,-0.21227584672383307,-0.35790355585458905,0.6765163723235783,-0.505843349918228,-0.21081957456706646,6.994912530902091,1.5542092100462308,1.5798677502008214,0.1811011154134671,-0.3382924293914445,0.5159837173184161,-0.8860956045973443,-0.3881857943568997,0
HUN,2017,0.25008707890373755,-0.17794699998318214,-0.5682837484214355,0.21499716205468736,-0.5364166595040692,-0.3527274364129821,-1.9205805524733084,1.54226235059858,1.6351195588142502,0.013432569399833966,-0.12246394058437172,0.4360937550117862,-0.9055194835669418,-0.3593931620288513,0
HUN,2018,0.6576980561232144,-0.16912514670781187,-0.6755579029211101,-0.022169311717394353,-0.5244610365575043,-0.3106150571198555,-3.501244557540165,1.4654299882519655,1.6357927352389554,0.28634079560042286,0.5416028770580145,0.31286386569262403,-0.9081534622283347,-0.1481200902498218,0
HUN,2019,0.5122096738953187,-0.1605434613116589,-0.7317177874853568,-0.18519190999138035,-0.5330398772279491,0.08063177474186277,6.994912530902091,1.3891959348007825,1.6185835197509626,0.38749040340256924,0.8211519067517161,0.12347107450850565,-0.8891724992116459,-0.34037611542247953,0
HUN,2020,-2.077633053922925,-0.16075157226604386,-0.5481012899061593,-0.2587418959549388,-0.2843701045966561,0.01175905339163984,6.994912530902091,1.2918129560724751,1.5248023431959232,0.20984339445770242,0.606548152478552,0.1142939287297349,-0.7959025258090991,0.33828577163038465,1
HUN,2021,1.1023921681206228,-0.12939703083058213,-0.5978993125471125,-0.8179706616545865,-0.4138315562443614,-0.3122591697119409,2.4106598382093543,1.3350959075962499,1.6540785414345864,0.22392350947562756,1.2104161526887787,-0.017097496293700474,-0.779519258937353,0.20238860752950127,0
HUN,2022,0.25784256641404735,0.03749910981849346,-0.6939853650437534,-1.5919020437997382,-0.5297409464870243,0.7399221657548921,-0.7000688531658985,1.6751681169067048,2.250043909668395,0.07090333657905576,1.787442439766211,0.026890104949753024,-0.8291210604558822,-0.32421159941762834,0
HUN,2023,-1.1090132918042304,0.08172781173745519,-0.5814462213661807,-0.08218805689003456,-0.4833964082715449,-0.46947291844786826,-3.501244557540165,1.3997194972621294,1.555494685978636,0.18081867311165883,0.38522102256734264,0.09633545599151613,-0.8947405646100554,-0.5871050160580052,0
HUN,2024,-0.6892385946717801,-0.15412716873558266,-0.4928189035382288,0.23608562605267666,-0.4599495066258754,-0.09116158325809132,-3.501244557540165,1.2300030056120346,1.3423247104298937,0.09621110889442598,-0.054528453663840765,-0.13470321917497907,-0.9060343789350294,-0.2694453174458599,0
IDN,1990,1.1076774753190304,-0.08180463265806673,-0.9059011794541534,-0.5651002429974846,-0.38730692069661504,-0.24451868391876644,-0.3647441844490834,-0.3689335050819144,-0.44524128924398326,-0.2843700267409775,1.5184958619749143,0.5749935445860576,-1.004536282358619,1.5690534226029602,0
IDN,1991,1.0168701668634637,-0.053689738108840084,-0.9059011794541534,-0.7092086336902256,-0.3542348074250129,0.00613523683770269,-0.32593212294730817,-0.3347420989241061,-0.4102900154741188,-0.33108340818531173,1.3726967185803434,0.7620525350771518,-1.004536282358619,0.15135694775779768,0
IDN,1992,0.9028686055902289,-0.08700081829144043,-0.8802343572119,-0.45436273809072397,-0.34222241719242913,-0.06914820527009764,-0.30705545242907145,-0.27076775313473866,-0.38581924874165424,-0.18045078307146717,1.0781296370707607,0.9027767242904576,-1.004536282358619,0.26129680279308354,0
IDN,1993,0.9025664920658172,-0.04924646807574119,-0.8697043788561037,-0.3101053745055416,-0.3301203282209228,-0.12348154771794533,-0.3263301573706033,-0.3869512627569722,-0.5156523877264899,0.5187903852604454,0.7485059589441005,0.999261865744807,-1.004536282358619,0.2840752578347981,0
IDN,1994,1.1895981099548603,-0.06927841878937055,-0.5222150931148268,-0.35233995624274544,-0.36565321905878756,-0.09289811936513945,-0.33857711824637654,-0.3949107828465563,-0.45378071720908175,0.6259946723730017,0.9728778666901684,1.1827454394280434,-1.004536282358619,0.2917203649886239,0
IDN,1995,1.3766418486533423,-0.05366803231359071,-0.46846832859045,-0.6281409627300801,-0.4419406679000934,-0.06982053087707725,-0.1843275579930964,-0.40142734241337896,-0.3654244073184468,0.41328731655920803,1.1223049641078076,1.3208551703027571,-1.004536282358619,0.6757017548380968,0
IDN,1996,1.2661213146997272,-0.07909688903447146,-0.41362469132067775,-0.6606026224235325,-0.3043114993920673,-0.06549840049724891,-0.09187101622309506,-0.41737391522851197,-0.4121538793545104,0.37274190229653437,1.3262461999732513,1.5818016163400188,-1.004536282358619,0.6524661616430043,0
IDN,1997,0.40843176873272763,-0.10979960285120847,-0.45245398650767643,-0.47064387693407034,-0.4297128901002192,0.7957269243165469,-0.18147439276702046,-0.3508327218593451,-0.3465119119233844,0.522814931251475,1.1010620033457663,1.7887199948572114,-1.004536282358619,0.5567095243778227,1
IDN,1998,-3.8922701976861074,0.807960598996653,-0.28243871097138257,0.6576143953655561,0.09924427598560197,9.31183058337656,-0.5712076609129042,0.47031178752744074,0.23782052996238065,-0.28819277525638753,0.6004628021561681,1.4725713398249298,-1.004536282358619,2.5238579344215664,1
IDN,1999,-0.6666692638449766,0.14064851840635118,-0.08522099134928156,0.629769361409086,0.29868547004554274,-1.170678333433001,-0.7451775258007047,-0.10049241911884847,-0.3738170886729131,-1.4197819080514167,-0.31975549906489403,1.6483364377533736,-1.004536282358619,-0.12622039435049323,1
IDN,2000,0.46899464394175516,-0.1543922316761946,-0.1468652396405055,0.752333831218887,0.10658285820743461,0.06541715675021932,-0.9746394282156574,0.07817177235618078,-0.2564432918239287,0.1860582639239505,-0.30115586688216184,1.0616728105283397,-1.004536282358619,0.10400830462403943,1
IDN,2001,0.11786591933375884,-0.017118991210830437,-0.14576836689511008,0.6590911885730744,0.2004259751249472,0.6937481334341142,-0.8294201080679499,0.014558244507904385,-0.24476314583344588,0.2980913088973052,-0.25009542075186525,2.485591729140555,-1.004536282358619,-0.14523090672829667,1
IDN,2002,0.3533108688892146,-0.010089627747028856,-0.03125485227582557,0.607048599825187,0.3458077561114068,-0.6421811448428704,-0.5186371023844578,-0.19292866649218782,-0.4140269888539078,-0.2151830532902802,-0.44753978248131693,2.694141815776437,-1.004536282358619,-0.5182766973812206,1
IDN,2003,0.43057058769736656,-0.1004653861263947,-0.01962800117463387,0.513209353649349,0.45716007387892393,-0.5832503965395774,-0.5715242470130326,-0.2652019307370677,-0.5400482588637329,-0.5015393348633104,0.28199601179816525,2.045521985874972,-1.004536282358619,-0.35150765324563193,0
IDN,2004,0.4994718485227145,-0.11264804230947122,0.1220879575304576,0.02387513145327779,0.14273644493007628,-0.06331921945315702,-0.4116910105344424,-0.20832952653941283,-0.3693691005555221,-0.491692103244068,0.013773394966109735,2.012625181566571,-1.004536282358619,-0.2882444004710619,0
IDN,2005,0.6814714671302851,-0.035516688587270404,0.26292641803923283,-0.06411323460271598,-0.16273444048802066,0.12362406061123615,-0.060964520061804126,-0.14780961552291594,-0.2773202429468558,-0.053056487196740776,0.19205895351508773,1.896823963375941,-1.004536282358619,0.08890557689452694,0
IDN,2006,0.6287665880132787,0.011148520756242068,0.17649284570207172,0.43160996504056065,0.02547532995738263,-0.48599893132021177,-0.3135045311890602,-0.24698416021320435,-0.4438347160032887,0.12349959957453477,0.2475090333093463,1.9197032488481618,-1.004536282358619,0.01590190169575206,0
IDN,2007,0.8609278568747247,-0.10662922749063372,0.2881544911833281,0.33674533432517134,0.20229985646053295,-0.25311107269044714,-0.2724281376057664,-0.29927672355918944,-0.4527014870599499,0.05010886123506654,0.16403433485751903,1.8336576250900047,-1.004536282358619,0.2457171805051565,0
IDN,2008,0.7697987887715719,-0.03949762108791876,0.1012473753679442,-0.07656728352428584,-0.18683778755481714,0.017747232183672784,-0.23646471173758524,-0.2870925828531964,-0.32255122888690907,0.45181624842171725,0.6677280260582045,1.9683757999248115,-1.004536282358619,0.014836122296552371,0
IDN,2009,0.38890113447775526,-0.1421297565406963,-0.14050337771721194,0.2580430281305361,0.40421401448499883,0.061584329816504337,-0.3850104727696403,-0.4718391078388723,-0.6092315813452595,0.5259364564921978,1.2189022925600774,1.7117667525349753,-1.004536282358619,-0.0885388679029131,0
IDN,2010,0.8276006297452795,-0.12898861048825416,-0.24843565586412372,0.03638440797383448,0.47921756095271323,-0.7819157515602044,-0.20444169017330693,-0.46726354262432346,-0.5685839835036555,0.9764577202592639,1.5484868038887678,0.9524146181111396,-1.0130246190565,0.0399798570222612,0
IDN,2011,0.8127287033014641,-0.12509012736782926,-0.3495673229895838,-0.04835264682342432,0.29111611888365835,-0.39576887891828405,-0.15970367253966417,-0.40093064166851794,-0.5123948336120058,1.0369171414504676,1.5666123359930861,0.9035529375564811,-0.9538265371827168,0.09386802378935982,0
IDN,2012,0.7742950397620434,-0.1440083150087976,-0.4998388891087597,-0.5384603131739436,0.1819287898102271,0.05735708667295346,-0.1586092339535371,-0.4576046825848612,-0.4683916482457871,0.8853908316719734,1.9296489820650715,0.8490402652937543,-0.8836889549660807,0.01652096145419494,0
IDN,2013,0.6442551567087837,-0.10652495320440543,-0.5287963295871994,-0.629582735257491,0.03356450312436241,0.2473759725927478,-0.11970559191000513,-0.4795421591813341,-0.479034423568308,0.7794069914117138,1.7139349163949724,0.774761758024413,-0.8287843259357895,-0.09756476369162938,0
IDN,2014,0.49281412922679474,-0.10683364032563228,-0.5917568251728978,-0.6120708811145732,0.21790055673972403,0.3321224437387474,-0.0764473603397567,-0.4879662698048136,-0.4906411309580054,0.7238310659755659,1.8476846459268654,0.7829390901049791,-0.8211384801210104,-0.1447756239215573,0
IDN,2015,0.45696247466294176,-0.10739261347378132,-0.48974765985112156,-0.4309021355029852,0.38083907136604217,0.30742847113873184,-0.1605681245017451,-0.5699144638126701,-0.6315280245159004,0.6568792488197993,1.754188413563553,0.7672152398529338,-0.7647422648853806,-0.2959530567341184,0
IDN,2016,0.5000756478794517,-0.15725343255112076,-0.5364744388049675,-0.39376254787422443,0.5618603623378295,-0.27053918242641684,-0.4520916080314478,-0.6376491361647153,-0.726251685325319,0.6322624969793952,1.7186975502361341,0.6858044470515215,-0.7588075884080007,-0.24185444110228357,0
IDN,2017,0.5101745680022305,-0.15228031195100872,-0.6501104552279356,-0.3551429992989928,0.5296538416359896,-0.22110943440091388,-0.2053580049944705,-0.6020577494965429,-0.6934836684215142,0.7495358554627565,1.6929308147449986,0.6219595421483292,-0.7728284240909963,-0.33379092819945577,0
IDN,2018,0.5389188058951276,-0.16300791044497173,-0.517608227584166,-0.5864219702230979,0.183374718661483,0.030381070646882315,-0.23840352141078097,-0.5750630403514465,-0.5813945429016869,0.8479791410440516,1.8425088303458657,0.5697460229975582,-0.771298857458336,-0.4379089783876569,0
IDN,2019,0.4962850506583706,-0.16595604799554148,-0.6924497432001998,-0.5462684464060774,0.3510328332050642,-0.2714592602612756,-0.17091570915487347,-0.6539179357848262,-0.6989825351905101,0.7525241664652839,1.705027207394899,0.5416621320487879,-0.7803539566166219,-0.4247913811703596,0
IDN,2020,-1.4523864855267141,-0.18547550585005693,-0.5465656680626056,-0.15282780699552084,0.8360612761967308,-0.11255104099095961,-0.2390003028200661,-0.6951358964518538,-0.8305142092948646,0.5465823590390639,1.4551370786372209,0.570313930666187,-0.7739334448810764,-0.11046844976727258,1
IDN,2021,0.13420914353930777,-0.19179758995355858,-0.6404579750684557,-0.029914207192473702,0.459544690386674,-0.3252705122264927,-0.24266050518312965,-0.5615301009273082,-0.7085918781146238,1.0022138840519461,1.299550045969074,0.4607230171381051,-0.8092685181954533,-0.0353250033148682,0
IDN,2022,0.5754744669390424,-0.14523931357460074,-0.7205296854823232,0.09152865792780665,0.09459985922880751,-0.08184618709688565,-0.22900658363399767,-0.4605959619553106,-0.6243883396471659,1.5013060079533906,1.0032505337774669,0.3011371623388249,-0.8448898786579564,-0.32962752170924525,0
IDN,2023,0.5044109790960365,-0.15473023212769316,-0.7543133660405029,-0.10643035557038608,0.2141261474065861,-0.13253524154528562,-0.27755582909843596,-0.5487101452831116,-0.6751317324107803,1.361133852426553,1.1071431565664418,0.3594093045133809,-0.8297298593151211,-0.5842315964197972,0
IDN,2024,0.4999396600610726,-0.18087698658890114,-0.7558489878840565,-0.18656685601098744,0.21228258797560035,-0.0700896609439204,-0.2506002656325298,-0.5323229761368097,-0.6422656611413412,1.2164359410319647,1.2904089373857623,0.41509275489861197,-0.8217900294910074,-0.518192697869245,0
IND,1990,0.637706465278393,-0.06155965328267259,0.1962365551191897,-0.45789249336568055,-0.6429296824247525,-0.24451868391876644,-0.5187033897218113,-1.0156835720161133,-1.1089809889249735,-0.4365560033362757,0.5842335982586884,-0.004686802526556875,-1.0619159547481332,0.022375049628767324,0
IND,1991,-0.5935871034087132,0.024531859708100144,0.1962365551191897,-0.3541545897695773,-0.43710523780004734,1.0415036893053715,-0.5261941279473623,-0.9841329065743835,-1.1074091329190074,-0.36949988505256903,0.20233739039127746,-0.16675389563738824,-1.0848220110477202,0.1928426569101155,0
IND,1992,0.6236628319818236,-0.012063154489184793,0.1979915515118224,-0.34853502293478306,-0.33305037612588684,0.355446780524845,-0.5151279691041935,-0.972729706089408,-1.0649235123686456,-0.1870311868651246,0.602323413510856,-0.14484682379218602,-1.0664819728000374,0.11656203673793594,0
IND,1993,0.4224310707062321,-0.10802929391858138,0.20084342064985056,-0.1963533959144187,0.061570061411305686,0.5139515537353486,-0.4988443929516457,-0.9403111987720402,-1.056123714728045,-0.08440080653091997,-0.2192847772328971,-0.12463324781952653,-1.0846062622387,0.12417550880678234,1
IND,1994,0.9472664443645147,-0.03912385196385018,0.18570657676339342,-0.16892761303093157,0.48168771756562856,-0.12045880523243009,-0.48268712490122956,-0.9385495530739356,-1.0416838811132885,0.1448365579638664,0.40577626986863485,0.02460861106825943,-1.0884712682131374,0.29567771914783625,0
IND,1995,1.1990930282830186,-0.039528904317305456,0.18066096213457444,-0.3464512027991574,0.07617540915325706,-0.10026384344911435,-0.43476136516784586,-0.9072889862244223,-0.9706571569758553,0.26957016982793874,0.9001142569869706,0.2184046660801497,-1.112253101323127,-0.19031973004126854,0
IND,1996,1.1922251512270516,-0.06145562262845267,0.17342160201496443,-0.34160396043676255,0.04719865240945814,0.15379542928986126,-0.431139066505327,-0.9222932363635409,-0.9892198920768812,0.2794547526150792,-0.2118331629849537,0.1709967108042965,-1.0935956096897512,0.21483446574155535,0
IND,1997,0.22963355020527004,-0.09331414222441023,0.1815384603308907,-0.20347462815077433,0.13605909592995866,-0.13779552007722662,-0.39204964876475634,-0.9123007959115139,-0.9743301391607315,0.3411228610015122,0.2983861970905914,-0.018586399797950685,-1.0903966374328766,0.15821784437292083,0
IND,1998,0.8167531231773208,0.013295407440305607,0.18636470041063072,-0.3626552501905276,0.20166177810810992,0.34071062283331877,-0.42988184319274997,-0.9015822166635425,-0.9451848281861321,0.13728886926257874,0.17361544469558163,-0.1591801817190281,-1.0878350561783572,0.18529369721282118,0
IND,1999,1.5487536537409916,-0.13714937443977232,0.18351283127260257,-0.20184601038652664,0.3495718497195573,-0.0574807664843435,-0.45446346489147404,-0.8874021994937724,-0.9187435229566407,0.10636617831736708,1.2141880234363671,-0.25395382434511077,-1.0513197844258793,0.1315975749265691,0
IND,2000,0.17219501909963347,-0.1487544651676715,0.18482907856707717,-0.2498069840952937,0.30546112301682543,-0.05629034703860475,-0.40734810295976687,-0.8368699301863067,-0.8978179932400887,0.16545610666809193,0.2957048575402189,-0.12264360903519742,-0.9902901856287921,0.027886827057391005,0
IND,2001,0.4425619658774563,-0.15279881820421046,0.18965531864681698,-0.03084152337525683,0.6145755914334999,-0.029903028040379982,-0.3604580353145934,-0.8512220075848798,-0.9159797464900684,0.18274294177123784,1.031527189022298,-0.23170463371768693,-0.9844342290016447,-0.016753039293916572,0
IND,2002,0.1620138269220735,-0.14369836235002717,0.20501153708235326,0.15502626001476802,1.292512732998192,-0.11486209527181816,-0.3676744023080597,-0.7954299759786525,-0.8458834531318431,0.4099758219339511,1.0912565982757136,-0.1874329398500826,-0.9072848896906077,0.1112476610227789,0
IND,2003,1.2777268687737364,-0.15233196990646197,0.19448155872655698,0.16751899367530101,1.7359841071679913,-0.42368787216299664,-0.43300577232190113,-0.7730762668536783,-0.8303780320463291,0.6995379293671601,1.1935968251024647,-0.18238713619106,-0.9215180716494722,-0.08424800838551336,0
IND,2004,1.2949326366958522,-0.1530104243241813,0.18680344950878885,-0.061888936119636535,1.5088917407474405,-0.3613648593482977,-0.4072860762763273,-0.6778699517880205,-0.6754115989720528,1.0507212053980985,1.9339795004897196,-0.14019486986534865,-0.8259874985946067,0.10973554567253528,0
IND,2005,1.2950685134826143,-0.1445912305787877,0.17649284570207172,-0.2964546987562734,0.8619467089885018,-0.35985966703524397,-0.38788039098617105,-0.6207659460149528,-0.5688094510042968,1.1839320312028323,2.339544048263256,-0.11455305809134816,-0.7448813168118162,0.05034405319553642,0
IND,2006,1.3328333655202578,-0.11734955921294567,0.17693159480022985,-0.2509502432832842,0.9551485498971289,-0.12691756021844272,-0.1875341120519737,-0.5663902816028856,-0.48900056632351663,1.422323238797275,2.612655889679102,0.11951170114469077,-0.6703956730023964,0.36676384413829927,0
IND,2007,1.2228361999728121,-0.10722108563741577,0.17890596574194173,-0.194994154291443,1.4703723426941404,-0.6199176492817731,-0.19667711451496475,-0.5817033463956788,-0.47234121298549303,1.5021982539028935,3.1261472384913707,0.04227462596827346,-0.6285468673555189,0.4002434317991656,0
IND,2008,-0.03527302381977454,-0.07248959765301309,0.19360406053024054,-0.525231929125691,0.6752390072840029,-0.020414424275300234,0.05247411034185963,-0.4738589446387364,-0.3024936862323733,1.409259455102893,2.5124572775943093,0.083454963911483,-0.5462809510329913,0.30708378320983826,0
IND,2009,1.2781414669304607,-0.027975086882079066,0.19513968237379428,-0.4165239532102952,1.1533625487611265,0.2394229805662359,-0.10356380902469053,-0.5947578763277389,-0.43415205124191314,1.3311282179595514,2.6575793987375866,0.09135368974063608,-0.5763055846831239,0.1760015278091443,0
IND,2010,1.4529893850883042,-0.008520867153392588,0.19404280962839887,-0.6405098415450518,0.6860069178158762,-0.48235837280324206,-0.2672710376663171,-0.5293376691594658,-0.396112362258256,1.4156155671779398,2.7495590846664824,0.07136331415418119,-0.5254402006267689,0.16584470224053083,0
IND,2011,0.5573539145151474,-0.06260419115344477,0.18921656954865884,-0.6707527671969409,0.32108787321670507,-0.1557536052832097,-0.2081642627281323,-0.459369598846261,-0.23227336199748078,1.2715288803822435,2.7156075946316456,-0.08529657021529992,-0.5100847515270892,0.07854356036782845,0
IND,2012,0.6165092117329991,-0.05263659053388896,0.19711405331550597,-0.941803027198132,0.25490490661230153,0.37845486745742274,-0.31914227213130586,-0.45956518631962895,-0.2254620045538446,1.2874213949981812,2.499411855043017,-0.14201068394721703,-0.4975453673718059,-0.18850637666586284,0
IND,2013,0.8722280441034655,-0.04316669884958222,0.20435341343511598,-0.5359475708242645,0.2837000158000571,0.17042370332172266,-0.2863958842733373,-0.4302489138865318,-0.3357168146126017,1.1700204384877428,1.7473017907156358,-0.24120322264664543,-0.4871417792131746,0.010045835435084742,0
IND,2014,1.1539122099812642,-0.1020760757192391,0.19952717335537595,-0.31125007389427656,0.41635303081344405,-0.06621785202136503,-0.25750784750336714,-0.5107939043918441,-0.4309803123435229,1.0671011585781645,1.789846348605938,-0.27417695399311587,-0.49767761481777034,-0.21254321624972058,0
IND,2015,1.3150984984343035,-0.13298182823987356,0.19360406053024054,-0.2644649987943889,0.7422958617576054,-0.02469051238696097,-0.1936622390227048,-0.613965533815814,-0.5799161375607241,0.9428931575690104,1.4157103520458123,-0.18300844143748415,-0.49798443334316744,-0.21095184641900971,0
IND,2016,1.3866256286478051,-0.13225705712452598,0.18965531864681698,-0.17162620039212093,0.8414390756566418,-0.04068533233383324,-0.21858350894518816,-0.6353847226117622,-0.6258413879380809,0.853611131642739,1.0775840614611272,-0.2571728007362652,-0.7838910620252412,-0.41112658832050597,0
IND,2017,0.9847995395277593,-0.16072645103044989,0.19294593688300343,-0.3284494341439034,0.7793548025586575,-0.3771196681280089,-0.28783891370002435,-0.6473695165044343,-0.5860755094850456,0.8511982076982362,1.2183770978844832,-0.28250274792483915,-0.7845802433486958,-0.2207425296652329,0
IND,2018,0.8908612663958344,-0.1499953014316889,0.1986496751590597,-0.49832619370768144,0.4864472863955073,-0.028906027640413497,-0.2796420871869122,-0.6102164416051074,-0.5187295724741647,0.8148402198294095,1.4551033643925595,-0.30655029932963934,-0.7693722395605099,-0.21609704958489867,0
IND,2019,0.180569120904937,-0.15367374359865826,-0.05187605988926,-0.26137930330253023,0.8051107843266445,-0.11692646450864112,-0.2431483453640278,-0.6515391899549452,-0.6135651557211731,0.6051937937256934,1.0642796520184272,-0.5573412468124028,-0.7727113440973483,-0.2165885506991713,0
IND,2020,-2.473429291423246,-0.10281801664050552,0.2440602068184311,0.12968344637903206,1.8866665404871816,-0.020032851752334095,-0.1430811928184226,-0.6509435957386658,-0.6974570061555558,0.47970740981745535,0.8601185669888413,-0.4404215073810603,-0.7298408570648345,-0.11332796704105319,1
IND,2021,1.780850695571162,-0.12903779653577,-0.08039475126954156,-0.26234776454206,1.1693060328569305,-0.25504607765618714,-0.3031611305843002,-0.5620990509539435,-0.5057598211999889,0.6253120561453845,1.415552430744169,-0.3952943812846937,-0.811334550573466,-0.17532095337570716,0
IND,2022,1.2086848720855452,-0.10148952647466676,-0.42218029873476215,-0.49925639949215683,0.5116265574278733,0.02789368897695336,-0.28311452085649436,-0.47572910530252077,-0.4037250268529744,1.055420172548033,1.8148905974768403,-0.5789928429326804,-0.7842608867433284,-0.17532095337570716,0
IND,2023,1.098901464000072,-0.11993950569738446,-0.56477375563617,-0.23783982638931256,0.7351642168369068,-0.02615686768567168,-0.4013826127972591,-0.5308463159789892,-0.5079207520108548,1.1793594846262707,1.8310466035164452,-0.5824891866448767,-0.7275958699217949,-0.17532095337570716,0
IND,2024,1.0683858901130032,-0.13217236873864946,-0.5645543810870909,-0.22726204973139236,0.630457284695907,-0.1888590725141484,-0.41436356579069306,-0.5403571110024862,-0.5123929339109268,1.224642829668031,1.8034303330788783,-0.6130303967655555,-0.7126581659440068,-0.17532095337570716,0
IRL,1990,1.4444471856428613,-0.16091702410233122,1.9797516391321837,-0.66090473823686,-1.1048902356898358,-0.24451868391876644,-0.327451323482266,0.5271529546427933,0.5130739473571287,0.2793609190894955,-0.42613834075829715,0.7146759983904407,-0.08140570262999612,-0.46530617322277196,0
IRL,1991,-0.3535213756415376,-0.16278889853208015,1.9797516391321837,-0.66090473823686,-1.1048902356898358,-0.12577088192580665,-0.09013795668800499,0.5557885588066067,0.5338064567802454,0.2793609190894955,-0.7486726525057604,0.7146759983904407,-0.08140570262999612,-0.42996096529497607,0
IRL,1992,0.0352981302454399,-0.1652634178048701,1.8152207273228669,-0.66090473823686,-1.1048902356898358,-0.4767220570245721,-0.1106356146983494,0.6481305869177366,0.5447159222784966,0.2793609190894955,-1.2766874212324701,0.7146759983904407,-0.08140570262999612,-0.39867999517116043,0
IRL,1993,-0.1436672377329724,-0.19339084269950818,1.9358767293163652,-0.66090473823686,-1.1048902356898358,0.40999788368955586,-0.1994209219130773,0.8103882990146927,0.6259044227899432,0.2793609190894955,-1.4797911936201327,0.7146759983904407,-0.08140570262999612,-0.05738410756816957,0
IRL,1994,0.6988701903915582,-0.17863307459230213,1.710579067412141,-0.66090473823686,-1.1048902356898358,-0.29921397703766156,-0.28887204676039846,0.9605968507754074,0.8309612539432563,0.2793609190894955,-1.2980715617347414,0.7146759983904407,-0.08140570262999612,-0.21314007224937803,0
IRL,1995,1.765675897280256,-0.17484318631205747,1.1459089780825662,-0.66090473823686,-1.1048902356898358,-0.5330175824646446,-0.19449138124611595,1.142425713273884,0.988023818739534,0.2793609190894955,-0.887768160577375,0.7146759983904407,-0.08140570262999612,-0.3039352478728165,0
IRL,1996,1.1454948803651528,-0.1883591079275664,1.0849228534385793,-0.66090473823686,-1.1048902356898358,-0.23559590963016477,0.025586762844844926,1.1877859436221718,1.04140646814684,0.2793609190894955,-0.5994592182207451,0.6711275638821389,-0.08140570262999612,-0.3430730528086277,0
IRL,1997,2.1472642835148146,-0.1921187725610549,0.7556416552708668,-0.66090473823686,-1.1048902356898358,-0.006565168234312799,-0.13625942091154541,1.260314701665047,1.0872569960965446,0.2793609190894955,-0.3040582178799588,0.9086977922076691,-0.08140570262999612,-0.48646293238836313,0
IRL,1998,1.5268506523656784,-0.17690247975687412,0.20896027896577682,-0.66090473823686,-1.1048902356898358,0.03314249237272262,1.0516715190874533,1.4957548346285034,1.4089405848953696,0.2793609190894955,0.021008328706487736,1.164540219955962,-0.08140570262999612,-0.7848388996153755,0
IRL,1999,2.011973022000776,-0.19057085130950138,-0.20675449153909672,-0.66090473823686,-1.1048902356898358,1.1994575283087616,2.434880530467766,1.565609997282783,1.4074909724781226,0.2793609190894955,0.11450302701224127,1.215023149787172,-0.08140570262999612,-0.4696719674525537,0
IRL,2000,1.70216787073623,-0.12119617625593769,-0.5327450714706231,-0.66090473823686,-1.1048902356898358,0.4168293268839252,3.612366321628684,1.8249264864075032,1.6846440231776885,0.2793609190894955,0.09231734796217188,1.1424815155088626,-0.08140570262999612,-0.9469154311656501,0
IRL,2001,0.5750960284794979,-0.133933781656314,-0.6718285355867655,-0.66090473823686,-1.1048902356898358,-0.11027410609580504,0.8907668150334462,1.8522317412526192,1.647889653810176,0.2793609190894955,0.048537638685603374,1.517286107298282,-0.08140570262999612,-0.8192931515044768,0
IRL,2002,0.7383500149965555,-0.13788068899833777,-0.5551212754766901,-0.66090473823686,-1.1048902356898358,-0.47146346402766526,3.141644601597117,1.6960763914795365,1.4020272237171099,0.2793609190894955,0.018335713926355822,1.7803054255671829,-0.005440333708229418,-0.6727197259721578,0
IRL,2003,-0.05531296589254396,-0.15784363729610423,-0.49764514361796885,-0.66090473823686,-1.1048902356898358,-0.949460272290276,1.6973347818828088,1.381833891568243,1.1084178560209819,0.2793609190894955,0.3073418639060161,1.184600717801612,0.2103327870387599,-0.4248593886482571,0
IRL,2004,0.9828072139557243,-0.18092912073006287,-0.4947932744799407,-0.66090473823686,-1.1048902356898358,-0.6339489650696531,-1.4094394511263735,1.36989656152301,1.1247289841261425,0.2793609190894955,0.5637213103454984,0.7921188828057223,0.6116724035156055,-0.22286565335937847,0
IRL,2005,0.6944567592127513,-0.17604374639275314,-0.5505144099460292,-0.66090473823686,-1.1048902356898358,-0.2451678178666069,3.0418372489341605,1.3388977366485897,1.222971570600345,0.2793609190894955,1.1014226985071474,0.5220559231289196,1.0247347560477837,-0.4866582695195595,0
IRL,2006,0.48763913070593334,-0.15004916913821265,-0.5246282131546967,-0.6633428250430993,-1.1048902356898358,-0.2839009138533064,1.0002060148006382,1.3227742355405632,1.313593892443783,0.32174087846554494,1.3768327346894,0.34280563929741303,1.4417655376911784,-0.3474205870624755,0
IRL,2007,0.5762779095769477,-0.13335487400571863,-0.387519119980266,-0.9629105862470364,-1.1048902356898358,-0.6046823781061714,3.043169381279309,1.381709728313024,1.3745294394076872,-0.10062095467147729,0.9167712339521492,0.2372068771524587,1.724834791496011,-0.5600334397524356,0
IRL,2008,-2.117610256292663,-0.14829312491838031,0.0060388210676195425,-1.0365552342370574,-1.1048902356898358,-0.5374685286100913,0.8309413638071917,1.4960564614798477,1.4964088568135605,-0.7269403234941868,0.11999704784349546,0.16444041784462035,1.8969057563056893,-0.5950339330377497,1
IRL,2009,-2.285861411475685,-0.24243630757665158,1.2860893149441037,-0.4451384841577856,-1.094457440615079,-0.01048216504772744,3.145602300590138,1.7976755470298749,1.6641208865671624,-1.1442926234451485,-0.6389323190032594,0.6621828950642514,1.958206619734941,-0.45101815621514524,1
IRL,2010,-0.42136743491107087,-0.23535227851137816,1.7083853219213503,0.09915347444807183,-1.0946181004161082,-0.020676156961311035,2.211031231203616,2.117217249239658,1.9243714011564887,-0.9242340012713539,-1.1628630216569678,0.507401231814925,1.208583223370725,-0.34675951020071966,1
IRL,2011,-0.44175006136969736,-0.17441942826302298,1.888272452166203,0.12114443204467208,-1.1003091869421278,-0.4489824384630788,1.053217902085363,2.0872546867192376,1.8136059847969914,-1.0170412845705303,-1.1953724851110399,0.6989218575482672,0.817608338652062,-0.3510557856287032,1
IRL,2012,-0.9956713999992164,-0.18943113721376093,1.9095517834268751,-0.665201840450026,-1.1005106861143135,0.11387325097248478,3.5919592410744636,2.1333928697701774,1.9158793118776776,-0.98899712664719,-0.7111927707925494,0.5244107137492395,0.7317101876471869,-0.32805472986632106,1
IRL,2013,-0.28110152099854,-0.21016125636158461,1.5331050572071578,0.3320405700165102,-1.102014424089413,-0.38469551033842525,4.278314459988388,2.3271531225428728,2.050001751478311,-0.3515326297841032,-0.9760252080351952,0.43129790263354145,0.559468943290671,-0.26744908344807894,0
IRL,2014,1.6972908521060917,-0.2158582015488048,1.121339028585708,0.2764798714751186,-1.102971883553361,-0.24575656342533242,5.808796235204689,2.5021416330664477,2.2858597779462215,0.09495703348017633,-0.3550108540323358,0.5210471525382288,0.05650639702072735,-0.16451905083974055,0
IRL,2015,2.7536218099513228,-0.22502925374288388,0.6935586578814843,0.9809562839652926,-1.1019673555443699,0.6035251585265867,6.994912530902091,2.8811816866569417,2.3219298015881913,0.9653902901475724,0.36642845517781947,2.694141815776437,-0.5105751301482483,-0.19028662414041722,0
IRL,2016,-0.5479604452550471,-0.2188595627184294,0.35703809959416205,-0.2858075792998914,-1.094783396201622,-0.23438833340814982,3.676675273216545,2.962642815030313,2.845488312790258,1.2241159486652788,2.0266629614732143,2.694141815776437,-0.5917394646447216,0.13786970642237967,0
IRL,2017,1.8961694133358469,-0.2128486685724119,-0.007343026426204874,0.20279312032854455,-1.0928526404426426,-0.3311533010824438,2.757411011667554,2.940333807535882,2.623807173650827,1.2403775580306016,1.749333200488298,2.694141815776437,-0.6914249533681991,0.11792289725513569,0
IRL,2018,1.230494767140118,-0.21093392986022957,-0.22057508813107948,0.699025453670312,-1.0908610151066913,-0.43106596964475413,2.7482403407759124,2.857674315351204,2.301381498727028,0.9777064313649073,0.7300196692371562,2.694141815776437,-0.7522062735502256,0.14291993252054944,0
IRL,2019,0.4835206453353619,-0.20273228638970978,-0.39410035645263874,-2.362459815720941,-1.094106148999497,-0.008552265515865357,0.7053588730772237,3.029556309628115,3.4613832859819404,1.079633015528571,3.3753739732159413,2.692404308294284,-0.8288443231931719,-0.3571715245292005,0
IRL,2020,1.083353025724448,-0.2249453216566862,-0.24646128492241184,-1.2370546477206983,-1.0880211536050552,-0.32999164869926234,0.7727999495094136,3.3103923019957984,3.172393925947702,1.2056867255662131,3.237532875906299,2.694141815776437,-0.9065785415704617,0.30621734898485775,1
IRL,2021,2.7536218099513228,-0.17808585800154078,-0.08544036589836053,2.0312512001481347,-1.0696902950353875,-0.3918075436670068,1.8292810075799601,3.198735928332811,2.22970011860883,1.2489312103759616,-0.16441147392304772,2.694141815776437,-1.0291358732720945,1.1001501895348267,0
IRL,2022,1.181667820674637,-0.08162433480587361,-0.500497012755997,1.4384534356348575,-1.0739260875666092,0.2846500908128757,-1.5753977093354967,3.3003880451294467,2.369735831502519,0.9061327159939705,-0.19012108599720015,2.694141815776437,-1.050920037380829,0.8994509235208699,0
IRL,2023,-1.5818969804452132,-0.10851195356963012,-0.5491981626515546,1.2758371637443875,-1.079071212427005,-0.35665693895190115,-3.501244557540165,3.202944731626355,2.5585476554724242,1.1465045934231366,0.4663236180743251,2.3184747173242477,-1.0555110596385755,0.30942789950808886,0
IRL,2024,-0.16928569077946104,-0.18207306904277137,-0.5366938133540466,2.91241927432319,-1.0830406281481184,-0.24893228833889064,-0.4031828594493615,3.4468538967190474,2.522210018347737,1.2383883905057536,-0.9964083041592616,2.2763358953914903,-1.085600538358656,1.6113282537109548,0
ITA,1990,-0.3380815348032943,-0.10574971908749384,0.7350204476574321,-0.31965893361634407,-0.1240904992286031,-0.24451868391876644,-0.4429708348753173,-0.6661515279566735,-0.7383219151721855,-0.3834705119110124,-0.14178519296886952,0.6328754516764898,-0.3248254888460587,-0.4307358594590684,0
ITA,1991,-0.46111875348354664,-0.10938052078044126,0.7350204476574321,-0.4155047181082839,-0.3171901066977286,-0.09206251204903738,-0.49959303994575127,-0.7060697066637089,-0.7854715402186673,-0.4871151601840775,-0.20599841252549464,0.46803101751128295,-0.3248254888460587,-0.3878791920234935,0
ITA,1992,-0.6548010547906741,-0.12659190966502712,0.5647857975720592,-0.4614725643816597,-0.6250763780374344,-0.2729439800697653,-0.49262413425721713,-0.6916095508370287,-0.7625865800488046,-0.6092528810003419,-0.31873326240778116,0.3756929738048816,-0.3248254888460587,-0.40963437289711213,0
ITA,1993,-1.1188321131630048,-0.13790652947030704,0.7602485208015275,0.04380867844294241,-0.47899277783774236,0.9452491810142645,-0.47416945895152174,-0.5963384596817393,-0.7654617648374576,-0.5209158059578379,-0.7643474692530545,0.3440759564690227,-0.3248254888460587,0.07688015397228083,0
ITA,1994,-0.29262992516550707,-0.14800924986419764,0.9519818766966514,0.1252868252646099,-0.471133546260539,-0.13863819491520027,-0.498296461472052,-0.5483100936270148,-0.7181605011391674,-0.5095749178631358,-0.7759259922203412,0.3933943265710988,-0.3248254888460587,-0.44207373604325406,0
ITA,1995,-0.09024481298264062,-0.12720991470590912,1.0781222424171273,0.28587257398805643,-0.5418767071598388,-0.20058291474298195,-0.46432376080671944,-0.4569056024366147,-0.6243112877825768,-0.26244054980624054,-0.5911475580409034,0.4504730788145279,-0.3248254888460587,-0.33129107568512517,0
ITA,1996,-0.5141656022294511,-0.14879768162711948,1.1226552758801827,0.4422113472177969,-0.47122608741533434,-0.4713254476269459,-0.48710923873561934,-0.4880866428908278,-0.6949731214302131,-0.23709701102755648,-0.7211101092984653,0.3903522262855372,-0.3248254888460587,-0.36547676910524285,0
ITA,1997,-0.35459928087424025,-0.18330920894327232,1.1491995963187522,0.3651758414764453,-0.4425641063531187,0.20145202649854216,-0.48288323810517225,-0.47411617496213143,-0.6466283884401078,-0.22639730982363207,-0.6894768539879388,0.3523582384874295,-0.3248254888460587,-0.19818524109578614,0
ITA,1998,-0.38797598893093443,-0.18485604400566835,1.1781570367971923,0.19096403939031079,-0.6599049425697798,-0.16098596805371027,-0.49717329463735443,-0.47663976000760444,-0.6234667131315526,-0.3247805298887469,-0.651190010780795,0.3369656766654989,-0.3248254888460587,-0.41810443020698895,0
ITA,1999,-0.4227372303575014,-0.18998084935074094,1.082509733398709,0.05604311617311388,-0.730246045549333,-1.798390128144076,-0.4415024566755398,-0.5047278082372048,-0.6083255724564601,-0.4012817733743206,-0.5691475708560307,0.23789643798914023,-0.3248254888460587,0.05702593701043035,0
ITA,2000,0.18350167536271883,-0.1746178824615004,0.8966994903287208,-0.12730280345927567,-0.7245344066845897,0.4168293268839252,-0.34605551407758417,-0.42598654665579955,-0.4790445260262941,-0.45668967514992714,-0.46153418720703704,0.18447090785479825,-0.3248254888460587,-0.16138000677618822,0
ITA,2001,-0.3323994546569433,-0.17026885667965,0.625771922216046,-0.054187636945947595,-0.7322262990530399,-0.11027410609580504,-0.3261504803202602,-0.4259903217238857,-0.49497996596886623,-0.40651055697589283,-0.4646933044191783,0.10075878255011471,-0.3248254888460587,-0.3658712745603245,0
ITA,2002,-0.8100241496849244,-0.17588951908125905,0.5406545971733595,-0.1650647190908687,-0.6863585505529409,-0.47146346402766526,-0.3139800169328414,-0.46681668809383525,-0.5237857951760482,-0.3953450623157848,-0.33485421780549396,0.03610831520326985,-0.28970943837768764,-0.361339623490008,0
ITA,2003,-0.865962604834253,-0.17224777677695136,0.4656285013883109,-0.21262623772585812,-0.706877887505376,-0.949460272290276,-0.33145180165729315,-0.5024190155652304,-0.5543356719191445,-0.4869694191857872,-0.41689684334200455,-0.08619946492302875,-0.22080585958178742,-0.24215375059161176,0
ITA,2004,-0.47883906995509795,-0.18043372148044717,0.24559582866198465,-0.16602278168092727,-0.76657548834672,-0.6339489650696531,-0.35201346233932157,-0.4794353969405389,-0.5322726590207546,-0.4434647745502853,-0.40615586631805073,-0.13200587372520078,-0.17101463170450484,-0.3240272452003851,0
ITA,2005,-0.6745674254931443,-0.1843252021590499,0.2157608899872287,-0.23499553703993176,-0.7759053398079527,-0.2451678178666069,-0.21313849396762594,-0.4603035394630084,-0.4830430607666297,-0.5070211563831936,-0.4263288006844916,-0.1937191003595148,-0.10615442607148372,-0.3737517910805341,0
ITA,2006,-0.3893219056929259,-0.18247033107249533,0.006696944714856834,-0.32957628733039523,-0.7763366809381115,-0.2839009138533064,-0.06193871147135442,-0.4099008483650458,-0.3954845075849131,-0.4754653912347529,-0.2812108839207499,-0.18494658793804103,-0.0050983388092204944,-0.4689992660067929,0
ITA,2007,-0.4820653069188733,-0.1870587514294995,-0.14708461418958466,-0.31402903338671617,-0.7584920272312303,-0.6046823781061714,-0.052529034531084165,-0.3709187427384037,-0.3678819962338598,-0.43147676414115077,-0.23604077562335452,-0.11716533472731017,0.12107260800994848,-0.48060873922258573,0
ITA,2008,-1.1656820824991032,-0.1603809751461984,-0.005149280935414031,-0.5430050077253517,-0.7476611472934035,-0.5374685286100913,-0.5938728042355113,-0.38734539764896264,-0.37220126206489645,-0.6682217676849318,-0.3371456168713427,-0.20118349621378367,0.16143868479912538,-0.4064365558255135,1
ITA,2009,-2.3434488932486017,-0.20559803851060002,0.21992900641973123,-0.38601550824635417,-0.5043519607649617,-0.01048216504772744,-0.4095349527777513,-0.5333854805351693,-0.5506832387146074,-0.8448415187024118,-0.7435147683380147,-0.5218447424914149,0.24103252871564093,-0.3764067976255011,1
ITA,2010,-0.4636882285779186,-0.19240497027286022,0.35462497955429184,-0.638899382870193,-0.4460005167081995,-0.020676156961311035,-0.45602073049921427,-0.4469998856575033,-0.40040525152534073,-0.8845433265769361,-0.5531322816711133,-0.43292894707165896,0.355728152041578,-0.4605170444063248,1
ITA,2011,-0.6929813173819903,-0.17034851084763908,0.35374748135797557,-0.5524573913880502,-0.47906009701160146,-0.4489824384630788,-0.28998826510305076,-0.39322463799366064,-0.3552434117378246,-0.8381627078536298,-0.5739357590383363,-0.4384122286214366,0.3746489766227844,-0.24216178514411738,1
ITA,2012,-1.7438639970704504,-0.16576663097815952,0.8574314460435638,-0.11784267682769316,-0.32981848992673546,0.11387325097248478,-0.5303106491805712,-0.3467139396505303,-0.39436770883171246,-0.8596781845060284,-1.0448603777545218,-0.5041430736112421,0.3683048555532448,-0.5165822039774192,1
ITA,2013,-1.3843153524236205,-0.19777399034494186,1.1851770223677227,0.09779521236707096,-0.4795393957859666,-0.38469551033842525,-0.38450198821980763,-0.34042654900152597,-0.4347567067188939,-0.8259394348284413,-1.212456302866138,-0.5039471710643613,0.3075611995254429,-0.2905453794645107,0
ITA,2014,-0.8846498694685155,-0.21497723721538162,1.3023230315759564,0.21331969965893235,-0.49933807379957407,-0.24575656342533242,-0.40436375766429344,-0.3258748618034102,-0.43571029274108736,-0.72951450877947,-1.2002027401569448,-0.49042469695112734,0.26198408919448013,-0.18766346804099218,0
ITA,2015,-0.6406656439069506,-0.21853154730649307,1.1296752614507135,0.13134274045033212,-0.4628991712918791,0.6035251585265867,-0.41448629767831285,-0.30881325942104576,-0.4179112974553642,-0.7669991735744099,-1.1646090832534663,-0.41546781513127556,0.23537640375327545,0.28079466354178834,0
ITA,2016,-0.5442460446311885,-0.22086539677000433,1.084045355242263,0.34261812849718654,-0.43045424285939715,-0.23438833340814982,-0.31163148461971596,-0.3201077542175024,-0.44340906772053856,-0.5635540624087223,-1.089724241775658,-0.34483952124065714,0.18465348913345805,-0.5126642748161918,0
ITA,2017,-0.443171115285913,-0.19765906589924856,0.9794036953315375,0.3457629339116207,-0.4284131352407105,-0.3311533010824438,-0.4591823916570805,-0.2762480994578051,-0.37330090399945365,-0.5104974223377704,-1.0101412471662903,-0.3179411324716001,0.09938670348064992,-0.5493000541803114,0
ITA,2018,-0.6568993273483797,-0.1992238838301638,0.8317646238013106,0.3615489633567565,-0.4882561275251253,-0.43106596964475413,-0.19115307703926393,-0.2542184338083616,-0.33384933029421693,-0.43987071155912666,-0.9246635961786395,-0.29484551456888314,0.01634884242662068,-0.5580446763954398,0
ITA,2019,-0.7662272065324317,-0.2084716345818499,0.6882936687035864,0.475507251213155,-0.3569829987542035,-0.008552265515865357,-0.24542826674909415,-0.24975878960460426,-0.36163209943406327,-0.4012044095017221,-0.9762755205691666,-0.3203145428755837,-0.046587520415193345,-0.48835837852165004,0
ITA,2020,-3.3234692372378523,-0.22163318747204383,0.5364864807408568,0.5964563508413508,-0.03674136645465794,-0.32999164869926234,-0.6745282569700538,-0.3224916215444003,-0.45967091926430825,-0.3764985815153762,-1.0572301949432863,-0.37766396539937985,0.14617562214283125,-0.48296491085334886,1
ITA,2021,1.5722171885220513,-0.18628478868086562,0.6033957182099788,0.2700668507899492,-0.2167443170117954,-0.3918075436670068,-0.3365655187515758,-0.2425073171910181,-0.307936439093891,-0.09393473550864673,-0.343691897503058,-0.22145305186644726,0.00707728269804658,-0.49392811383584645,0
ITA,2022,0.44179469708044633,-0.0750900344955984,0.29012886212503997,-0.3956973998568318,-0.38971060935526497,0.2846500908128757,-0.05682589130748693,-0.11406394523477868,-0.006268368335738519,-0.24388211109105312,0.10793259928182805,-0.21847089028852504,-0.12722017525961588,0.44025223676504543,0
ITA,2023,-0.6304533511065571,-0.12041308268424394,0.1931653114320824,-0.037480973183575815,-0.33176191885044864,-0.35665693895190115,-0.23850921440441167,-0.17194134370703906,-0.20554262450078448,-0.1807624888647149,-0.15756615567643412,-0.20347235829410604,-0.26247523532002626,-0.19969814449789902,0
ITA,2024,-0.6688935756084027,-0.2019497491986025,-0.05406980538005085,0.10801885866655862,-0.18298200807923734,-0.24893228833889064,-0.3379359898843744,-0.20445830111865337,-0.26426960681099493,-0.17834107812137162,-0.29708403423457624,-0.27097967982414817,-0.3214571995325595,-0.32261460558842814,0
JPN,1990,0.4614707487770533,-0.16511373341688704,-1.028312177840285,0.15555137575506947,0.1407349089084757,-0.24451868391876644,-0.5216376757717385,-0.940029760175602,-1.0841408884101835,1.2434270065696613,2.3578968220805363,1.190878514414901,2.248613833941851,-0.4084368026897102,0
JPN,1991,0.055713039306711905,-0.1620749311463748,-1.028312177840285,0.15555137575506947,0.1407349089084757,-0.5438114855147538,-0.5250261757071785,-0.9539277633781491,-1.1240054151785097,1.2434270065696613,2.271669390023511,1.190878514414901,2.241834084482896,-0.47680312120965446,0
JPN,1992,-0.6510069750325647,-0.18827935418653788,-1.0065940974814551,0.15555137575506947,0.1407349089084757,-0.501454695285275,-0.5196605592370542,-0.9570630589273538,-1.1240054151785097,1.2434270065696613,1.92572229879552,1.190878514414901,2.3180013185026485,-0.5952383840134925,0
JPN,1993,-1.026721871981312,-0.19736888382236614,-0.9230123942823222,0.15555137575506947,0.1407349089084757,-0.7687814037414681,-0.529847009895834,-0.9764203765278001,-1.1240054151785097,1.2434270065696613,1.6942610875650583,1.190878514414901,2.388368277138165,-0.5360326877806229,0
JPN,1994,-0.6111256627179226,-0.2069917729800418,-0.8460119275555621,0.15555137575506947,0.1407349089084757,-0.5918893464531993,-0.5277755674074641,-0.9787932947921052,-1.1240054151785097,1.2434270065696613,1.443316921105382,1.190878514414901,2.4248355305926355,-0.5482113777366445,0
JPN,1995,-0.24008670025960716,-0.22146081989992458,-0.788974544794999,0.15555137575506947,0.1407349089084757,-0.5870573385714122,-0.5304601576615889,-0.9784050880493952,-1.1240054151785097,1.2434270065696613,1.4487139022763058,1.2156656043722724,2.399299120502657,-0.5542061200301736,0
JPN,1996,-0.038362036271731584,-0.2168127100245301,-0.7378602748595713,0.15555137575506947,0.1407349089084757,0.42786925376274587,-0.5307010775357874,-0.9632157727925015,-1.0969451103750876,1.2434270065696613,1.6614749569814407,1.2016296716145094,2.386587445098308,-0.5683078408817047,0
JPN,1997,-0.5093835006275654,-0.18849864132258853,-0.739834645801283,0.2777436034718902,0.20280011880851864,0.23783450408115017,-0.5218336288750128,-0.9288169342253868,-1.079241660709984,1.2199968414245907,1.5088478388291848,1.1736049403532753,2.5016746281618754,-0.46309415806234133,1
JPN,1998,-1.3718324454627708,-0.20758019279630713,-0.5853949632496044,0.3945457396300529,0.4184470644451381,0.1075651518376414,-0.520831483460059,-0.9269151297221299,-1.106332777889852,1.0636279668781072,1.1708089838277027,1.0682571257263866,2.5016746281618754,-0.6033186677145249,1
JPN,1999,-0.9798755694460346,-0.2252109108086427,-0.4539896083512302,0.33789153365646335,0.7991188360266888,-0.8024539425386634,-0.47981556922071816,-0.9448737687910799,-1.1177697171075862,0.8472477744516725,0.9172496565969047,0.9519212606258249,2.5016746281618754,-0.6208434618737297,1
JPN,2000,-0.06508047533169856,-0.23110289550316138,-0.43841401536661473,0.36505722527528317,0.9261927967405246,-0.4761736768628902,-0.49644323421833386,-0.9247551566672559,-1.0891308682211407,0.9150318216051839,0.9869908428317108,0.9766328839884795,2.5016746281618754,-0.6977649780795379,1
JPN,2001,-0.8059867256006052,-0.2322183885157241,-0.37874413801710266,0.253337629798506,1.3670723885103755,0.3042358136789627,-0.5127067290996856,-0.9371354488831238,-1.0743864148349636,0.7579383946702503,0.8748801406421136,0.7933162282217707,2.132877192043881,-1.1119143225743644,1
JPN,2002,-0.8608920658242155,-0.23544199657557724,-0.298453053054156,0.36024852767877386,1.9195167633904222,-0.10808121369154942,-0.4867435528376901,-0.912189584569799,-1.0703874741985542,0.6130123382601406,0.5603847653018125,0.6964491232916972,2.0842047118246065,-0.7193789422625136,0
JPN,2003,-0.5046696272645769,-0.22372148940438066,-0.32806861717983293,0.44346572729646605,2.8460903069886827,-0.5684967451004395,-0.4996918470583469,-0.8913681951728224,-1.0589557296243857,0.6184797247983528,0.48949465357466637,0.722041753357578,2.0878023227591207,-0.739462801436344,0
JPN,2004,-0.3031025593480602,-0.21936388222710076,-0.44148525905372205,0.552764725929828,3.0531437752012254,-0.5314070351743879,-0.5060452783244074,-0.847872239366964,-1.0191546188122664,0.6791318460684242,0.46714482106751304,0.7641364264025229,1.955026030858634,-0.7351949060443407,0
JPN,2005,-0.37589909415406203,-0.22418549750757077,-0.5046651291884997,0.5194351657718858,2.560589878626238,-0.16407426523639637,-0.5125456240975094,-0.8142351438375377,-0.9598840977268437,0.6952355292596106,0.5265807854005109,0.7828645571729063,1.9563580022869258,-0.7565931610438317,0
JPN,2006,-0.4589566326437843,-0.2148312443020287,-0.5603862646545882,0.5656661628829986,2.370905058400187,-0.007458107469788881,-0.5388831136242849,-0.7550474040043036,-0.8857316058939021,0.7382242509413828,0.5405653353226734,0.7960453388134054,1.9160231465084527,-0.8052254758083655,0
JPN,2007,-0.408878153214912,-0.21815813269646026,-0.6270761275746314,0.7068028312336401,2.367863118857051,-0.19079289847106104,-0.45525403423344574,-0.7020716642981085,-0.8407560568046694,0.8054187715823597,0.49158434818792773,0.9010455455154034,1.787313279705684,-0.7325219446433817,0
JPN,2008,-1.2051471896398902,-0.19496077148936353,-0.6020674289796152,0.39296717053552654,1.9792343090456377,-0.7697361732159365,-0.4537285932815396,-0.7041648440412641,-0.7887635905616348,0.605130954723304,0.5184391377861006,0.8209661917058774,1.7449230459103466,-0.7227155564223183,0
JPN,2009,-2.516946663543614,-0.24243630757665158,-0.3682141596613064,0.388773224358212,3.152495639759322,-0.6514643874119649,-0.49368424088806984,-0.8593947883242616,-0.9768134983327877,0.19543917248211937,-0.05523889000576713,0.4278076959626484,1.8960586716490628,-0.6573896539498781,0
JPN,2010,0.2534624874224234,-0.23201080826435116,-0.3607554249926172,0.5730382898444167,2.5540530147551896,-0.5104001897342291,-0.5099593250962542,-0.7784780716700733,-0.9151118906579524,0.3134615772860749,-0.07043163026846506,0.7476982285201915,1.7266868298985707,-0.67325155574361,0
JPN,2011,-0.9393765607395834,-0.22400114632961743,-0.48185017608427444,0.2742242227754986,2.4208634073113804,-0.6347745752639229,-0.5327602903863967,-0.7823439879473881,-0.8434590996301676,0.20933174341618285,0.08251151159261702,0.537790178154925,1.7143516500949527,-0.6147348097195227,0
JPN,2012,-0.4307293613197808,-0.21998757601820307,-0.5239700895074596,0.08246555267194795,2.1890329530252637,-0.24541048001088075,-0.529187868591376,-0.7951182630171559,-0.8204659472383106,0.13476816539284842,0.17559778534064077,0.5467099730490873,1.717671621540351,-0.6534660622698863,0
JPN,2013,-0.33491801938065724,-0.21332552048823178,-0.5941699452127679,0.07051285967821393,2.360167882413033,0.7142780220414532,-0.4980531571443996,-0.7516295752953897,-0.7396048797729646,0.17521181658420854,0.24279511992113775,0.4496950136033088,1.782440368868448,-0.5814559887952168,0
JPN,2014,-0.6350964798794986,-0.17072468375983949,-0.692669117749279,0.0446122452208596,2.183853205705527,0.12305202835625334,-0.46677845708894566,-0.7024387316085954,-0.6749555071811547,0.28223390335260645,0.41234852125523735,0.4896360928536296,1.7725509213614574,-0.6176518035571626,0
JPN,2015,-0.38918508624113884,-0.20523758513845894,-0.7374215257614131,0.43693684214536327,2.7852396674867332,0.36784045732457393,-0.5119252549311927,-0.702953900576771,-0.7532467712689155,0.581143680511082,0.44786408644752507,0.6068309928046084,1.7474873843873535,-0.6107418218381653,0
JPN,2016,-0.6903619259836242,-0.22144956950628106,-0.7929232866784226,0.582509635101996,2.8238135517960514,-0.6793924261910418,-0.4015210036526968,-0.7477481134343483,-0.8579081847549735,0.6479290144163112,0.39357893156333285,0.5986953592516894,1.7653397793914392,-0.5657540508049159,0
JPN,2017,-0.43773870079795196,-0.21070426381863394,-0.8609293968929401,0.6128999214258828,2.66230819874494,-0.11129624741655893,-0.47047942850753066,-0.6989079955575401,-0.7982824880142065,0.7181371964513008,0.46219919468334336,0.6191295791855473,1.8706273100905741,-0.5849413337913884,0
JPN,2018,-0.6548372434642955,-0.20183162938991112,-0.9388073618160169,0.5108348671452964,2.2945255444787267,-0.3112848788993017,-0.45156433610175156,-0.6761687727844975,-0.743294046090472,0.7084365644216821,0.5494745739484713,0.6519364176832728,1.8553739214971436,-0.6459991694042545,0
JPN,2019,-0.9691201721298587,-0.21097530699409006,-0.9642548095091911,0.4983596646934296,2.4649823053567665,-0.29951964090288963,-0.40790249045851446,-0.7047301024932484,-0.76545067272198,0.7183197845335656,0.5821754687803651,0.6032576797452921,2.025840361382309,-0.6594205852715698,0
JPN,2020,-2.0623826590209267,-0.2196524777081404,-0.8637812660309683,0.4165520837314369,3.183578355325068,-0.33261531927567145,-0.33635381443750456,-0.7671642741720502,-0.8402175982786055,0.6089256487019723,0.5060142302426952,0.5557495471598879,2.39481257089366,-0.3819695602836682,1
JPN,2021,0.09606242309198017,-0.2233139830356222,-0.8640006405800474,0.5661136252380847,2.6156223543664,-0.12461258576670811,-0.4226397672927259,-0.6908577410312676,-0.7405444412291672,0.7660683702595441,0.5823140469417197,0.5368823787076767,2.3566126734017683,-0.6133835043173433,0
JPN,2022,-0.5179990420215342,-0.17532050497368634,-0.9065593031013908,0.268079333345648,1.748426429162421,0.6067069409612749,-0.35623542098337524,-0.5866687724568208,-0.4984444236731866,0.6690347383810112,0.7537417853871634,0.3869025698677989,2.3252282670758557,-0.648753404399006,0
JPN,2023,-0.6860164691212739,-0.1617815429880156,-0.9096305467884979,0.5404299728293254,2.023134379780505,0.049323121006676164,-0.4570959203681524,-0.5732132207188761,-0.5634110204108206,0.8115881786854224,0.6621392522169369,0.5037989437911663,2.3109605427493793,-0.6558616797622988,0
JPN,2024,-0.9503032878994836,-0.17108827216153802,-0.9315680016964069,0.714308396958414,1.8918514170786058,0.0880785559149919,-0.45803686379879466,-0.5431065545564094,-0.5503457160911809,0.8944566344277165,0.6438868798291856,0.38579349875392327,2.330987062162219,-0.7639842534613979,0
KEN,1990,0.2687538938328654,0.09327076337198656,-0.870143127954262,-1.1385620167366135,-0.9054208301263036,-0.24451868391876644,-0.42334557015317786,-0.42168899016765315,-0.22278830006452305,-0.7092257315714626,0.03251024063423472,-1.1558626344183456,-1.1929003243637197,0.28411612628816046,0
KEN,1991,-0.4886514423230139,0.13373631764906857,-0.870143127954262,-0.5310082495278298,-0.969448742392788,0.6167150106448025,-0.49337603588814205,-0.3775713278106768,-0.3301848887819309,-0.6625349832138836,-0.5229479507239161,-1.0926642030692266,-1.1656665397849075,0.2587033477570356,0
KEN,1992,-1.104168729255526,0.26110481232989163,-0.8451344293592458,-0.4583443117790668,-1.028173852826801,0.491009395078822,-0.5180957905166977,-0.40312107508597783,-0.4032318948729786,-1.1838130078149816,-1.2273069972838075,-1.2871212056066053,-1.1197507805476397,1.278711894932823,1
KEN,1993,-0.7871214285779898,0.588784413727224,-0.8264875926875231,-0.8640360038866125,-0.8806062214017746,3.194277332081097,-0.1227659762840338,0.01035557392550861,-0.12103602520036251,1.52000354511585,-1.1073657497742124,-1.4271575966102823,-1.1962552368485158,0.702434583373901,1
KEN,1994,-0.16012177886290213,0.28714878394510324,-0.8317525818654213,-1.1611876831874381,-0.838436494414979,-0.3890280662275707,-0.5138340366148207,-0.05058216543134279,-0.11053775074839635,1.107903932228848,-0.8146754112544129,-1.336922802349616,-1.1682594068571064,0.447778983645049,1
KEN,1995,0.32766005160252054,-0.19189864780972826,-0.8552256586168839,-2.362459815720941,-0.9428964984938563,-0.5987297848788957,-0.45529598277433486,-0.19606555965557587,0.08038052700605139,-0.11694714299368068,-0.37523877386738447,-1.4531097703236993,-1.0431330455971715,0.7531519707790543,1
KEN,1996,0.2563184313740602,-0.06344253895279071,-0.8716787497978155,-1.4535087022813171,-0.7467990630760305,0.23043192588887956,-0.3852938751434223,-0.4377791628232817,-0.19244709766293314,-1.0173803289771428,-1.5607331570635599,-0.8381418888694102,-1.1296024336781485,0.5603904229520112,0
KEN,1997,-0.7536466045822653,-0.019548859909235206,-0.8618068950892566,-2.362459815720941,-0.8087574990857713,-0.12287636543058437,-0.45433342235016466,-0.5200023677083577,-0.22114488016159195,-1.043152968274702,-1.5368760048487053,-0.8893648185461556,-1.0736603048878355,0.29132127272655967,0
KEN,1998,0.020703885489697687,-0.10107827121104034,-0.8563225313622793,-2.362459815720941,-0.8638595012422974,-0.12491706531291476,-0.5002439717318415,-0.6023208022983282,-0.3235249334732477,-1.0446451778648271,-1.266984314459494,-1.001648828048898,-1.0818576203637011,-0.614077410828654,0
KEN,1999,-0.2501719086620418,-0.11830769199723153,-0.8473281748500366,-2.362459815720941,-0.8586896834821725,0.4643591204515314,-0.46570084601464706,-0.5806229769858149,-0.37653834016812165,-0.7712330530139722,-1.4707084844725418,-1.1398006788579742,-1.0273284361340296,-0.42755579882038103,0
KEN,2000,-0.7193222060432689,-0.04383190411368459,-0.8473281748500366,-0.35078975549233243,-0.48094972831312766,0.11285210348132477,-0.3900064421363118,-0.5559373234734027,-0.2075570704314261,-1.4592098474646231,-1.1415158875223415,-1.1097209176895837,-1.0442992602774184,-0.5104100221542768,0
KEN,2001,0.15539370581548545,-0.11836749286485661,-0.8490831712426694,-0.5050950529855089,-0.41198835113972465,-0.10984390501424166,-0.5240027113719886,-0.5119838690310101,-0.15743579409859323,-1.8401271062898226,-0.9021451014720339,-1.203942503015014,-1.0555083116938715,-0.47199507120283046,0
KEN,2002,-0.7338546903514851,-0.1847466920942417,-0.8403081892795058,-0.23477734959540314,-0.3801972573834193,-0.23434917897957516,-0.49674990366637645,-0.44767615165435964,-0.26360506880331747,-1.9927389757557963,-1.5373581823361098,-1.1962608242725257,-1.0422859461592595,-0.24918056200007405,0
KEN,2003,-0.07769187031628573,-0.04671979313027189,-0.8506187930862229,0.07202424374804636,-0.17885462108708433,-0.39803084652529647,-0.44226165588497346,-0.4742037017264717,-0.2724861756526643,-1.8771776478209796,-1.3036081808291928,-1.2164166922451332,-1.0569104781028131,-0.1496122103409087,0
KEN,2004,0.5196675967918206,-0.014941325048039791,-0.8561031568132003,-0.22165618167543574,-0.3405588461297739,-0.061285864308924624,-0.4844895469168185,-0.39167868847686954,-0.1631892598846731,-1.5720148145127972,-1.2200616978067436,-1.165093537802113,-1.01230325684869,-0.06127384021352519,0
KEN,2005,0.74035815762801,-0.0379843542426495,-0.8791374844665046,-0.3124628001629834,-0.39146140032170906,-0.4409583621670127,-0.5123483821597622,-0.32958252149381145,-0.04297553066097104,-1.3374481429667902,-1.1005390543874303,-1.0709331200438648,-1.0334501769084157,-0.2481546472795624,0
KEN,2006,0.8959890044640778,0.034785631328267924,-0.8936162047057244,-0.42082603045732353,-0.3086800588057768,-0.44090153167748586,-0.49897915114182984,-0.51023871175754,-0.1870220758889445,-1.068863641124354,-0.929409478397474,-0.6921635458859565,-1.104353428465206,0.12230023877290386,0
KEN,2007,1.0000225332914168,-0.04771813556677435,-0.9004168157271761,-0.636361511632279,-0.21372650676789212,-0.5295604597439364,-0.16320488416276224,-0.5450987788827306,-0.1977045502184406,-0.9951494426140839,-0.6122672143461994,-0.6743823444544262,-1.1010755721937628,0.30329902579461804,0
KEN,2008,-0.8203789210982287,0.24190521428259376,-0.8765049898775555,-1.0309841587325737,-0.4881467121076286,-0.12594918569313404,-0.487694735578315,-0.5204055932490926,-0.08424504548842322,-1.1494170586418382,-0.7591103465619035,-0.7965777108238731,-1.0522038445922777,0.04766585639968638,0
KEN,2009,0.025304391529982533,-0.056939765711259756,-0.8622456441874148,-0.766745848553341,-0.1842790093947026,0.263356555437533,-0.4863672901831762,-0.6479195652842527,-0.38387156776524134,-2.1625824132193148,-0.8623444289623362,-0.9026159498405281,-1.1255599587756524,0.0953123422920527,0
KEN,2010,1.3322120366019503,-0.14959880667410208,-0.8672912588162337,-0.9782395557960473,-0.2448769731879982,-0.14002743594319383,-0.4674240287669083,-0.6037892206652903,-0.2637899339909548,-2.1625824132193148,-0.4719023658284464,-0.9611178985732046,-1.0813717636980262,0.4049725926890548,0
KEN,2011,0.5242901754521805,0.027207298878086185,-0.8879124664296681,-1.4826493794901037,-0.4055524252778773,0.2748564380026244,-0.03220321009538793,-0.5571831266765646,-0.008772264157182514,-2.1625824132193148,-0.36375051073972453,-0.8050217073931834,-1.0106620234901682,0.2366404991602401,0
KEN,2012,0.3723454654944179,-0.0544154741466509,-0.892519331960329,-1.366884367163104,-0.2591532621862516,-0.4516411498562052,-0.13646946420835235,-0.612272856022958,-0.2061131900016304,-2.1625824132193148,-0.3102583067771931,-0.9746686492582592,-1.0308271382921699,-0.012988874962588588,0
KEN,2013,0.1603286174254302,-0.11873836846237042,-0.8740918698376855,-1.431507288042762,-0.15968094886674866,-0.1635321050334159,-0.23842275308131528,-0.680059257320854,-0.2869357524479304,-2.1625824132193148,-0.27345387359185686,-1.005332943539164,-0.9904445848668577,0.0334784994678297,0
KEN,2014,0.4965115050379783,-0.09834179385384334,-0.8729949970922901,-1.68757743940932,-0.10210895277165705,-0.15475266806033372,-0.3369737144724969,-0.7232072568775741,-0.2859586160614183,-2.1625824132193148,0.16932791253105928,-1.15379328896233,-0.8609255681931989,0.6231267779260556,0
KEN,2015,0.4821016889911223,-0.10354348337630026,-0.8740918698376855,-1.1653907101671968,0.012178655980389709,0.2566944641243016,-0.3882505343976899,-0.7671628481490012,-0.46025116411538936,-2.1625824132193148,-0.32590584762545743,-1.1695989338978177,-0.815367896043852,0.07498879246859994,0
KEN,2016,0.27465813591780913,-0.10855018125867436,-0.875188742583081,-1.0092589778273147,0.10185051148347367,-0.09896417482443763,-0.4295106336863637,-0.8286120602051632,-0.5990711244599035,-1.3272987518014083,-0.8050757310076919,-1.2845856463623888,-0.8389758366169566,-0.563773272232761,0
KEN,2017,0.1713607981652079,-0.07852806608932592,-0.7029797215559962,-1.2844757106294251,-0.13385068590244797,-0.16385360954542244,-0.26633654742510404,-0.8453916467794469,-0.535416545339668,-1.4105701284370427,-0.5763478512849671,-1.3870234550116263,-0.8896224959522041,-0.29535844972236724,0
KEN,2018,0.6691974054627233,-0.13679815425215466,-0.5402038061393121,-1.0116773923508942,-0.07097214087891368,-0.3321233579071837,-0.39648193851662883,-0.8517584829384367,-0.5890954573993791,-1.264371029638469,-0.8002838938895813,-1.4452049633355062,-0.9304647859234166,-0.23689921616197518,0
KEN,2019,0.5223793335506066,-0.12713583689647648,-0.38006038531157704,-0.9819958954364061,0.026682450615296862,-0.21526437049646874,-0.4551842270535093,-0.8881893336647074,-0.6488058608207966,-1.3130528395410688,-0.8062242604682627,-1.5338202025288958,-0.9381369010965841,-0.45221583177407987,0
KEN,2020,-0.9592924852875583,-0.1242270427965139,-0.2486550304132027,-0.6431980372549135,0.045488961563359694,-0.05665111158756222,-0.5314430972841454,-0.8877625716370883,-0.702010303388316,-1.1584928334232967,-0.7523492196984396,-1.587431915351284,-0.9105633395233041,-0.07167807184041176,1
KEN,2021,1.2034931714560912,-0.11187703169446515,-0.23110506648687576,-0.8719794916692507,-0.08843245249862224,-0.11588367178750354,-0.46896523793767797,-0.8331907430562473,-0.5883387981562745,-1.0100407599669443,-0.623700243331991,-1.6290398103314756,-0.9320459443272737,-0.4416574801974673,0
KEN,2022,0.4524678177566619,-0.08460466180747918,-0.25918500876899897,-0.803330240356452,-0.3689931117841693,0.07794257014404038,-0.4191951983347529,-0.7400748560944497,-0.4943561224676891,-1.0444515658753144,-0.8562757722868535,-1.562655975413398,-0.9292150496717806,-0.37304187982180254,0
KEN,2023,0.6890136330274242,-0.08440197814570191,-0.293407438425337,-0.5187202496712376,-0.38700434356534136,0.556748819444714,-0.4544832654024749,-0.7153408018516939,-0.4981476844385452,-1.0812600598249964,-1.288197817749752,-1.60720389809453,-0.917922878561205,0.27448679348022315,0
KEN,2024,0.3975169992256642,-0.140313116030275,-0.276296223597168,-0.3022590491637461,-0.18036079365693694,-0.3988735546147158,-0.4685899201526243,-0.7107096631071099,-0.5395655930536352,-1.1295573074096301,-1.3036629466936436,-1.6414042584294863,-0.917922878561205,-0.7148758583293272,0
KOR,1990,1.8730767999483917,-0.0685531017431229,-0.9519698347607621,-0.24598599239600558,-0.5766704580317916,-0.24451868391876644,-0.4729253234129862,-0.471529725042051,-0.46710261248376933,1.815407072653372,2.8134473850687365,1.5152894760044644,-0.5525067873833155,0.1329081704055401,0
KOR,1991,2.106889429676915,-0.05520591036559734,-0.9519698347607621,-0.48626916509322504,-0.6886837478840458,-0.08933057518338118,-0.46182528677839446,-0.510153427753304,-0.45623531232057973,1.8092399404490074,3.0764401266334183,1.5609789495161939,-0.561018072828245,0.38009985010910974,0
KOR,1992,0.8627348695638346,-0.1100257718703483,-0.9287161325583787,-0.21683665427220034,-0.5921607730049725,0.03286131096117334,-0.48661853933813615,-0.5012015246168838,-0.5087964259387028,1.6963772049791412,2.6326450154750254,1.4360777880910962,-0.5915264254668986,0.01581466681082922,0
KOR,1993,1.0396264210332804,-0.13484418401752066,-0.8486444221445112,-0.009235546127729423,-0.5273585223956183,-0.12416435038296617,-0.49754117159528577,-0.5143646953684855,-0.562362360309703,1.6940991889641603,2.4529493350095244,1.476630560960848,-0.5958806974007052,0.10178482592806247,0
KOR,1994,1.6934518259986462,-0.10910180573293946,-0.9368329908743049,-0.25290496497112924,-0.5082711129753845,-0.23791562405337469,-0.4923802776875579,-0.49316602769985696,-0.49758928770843064,1.6393792935197098,2.596879031877335,1.6026008585585567,-0.5844519288251525,0.21174626008963932,0
KOR,1995,1.7935858399664664,-0.14047210910555483,-1.0274346796439688,-0.38097711070750767,-0.5372453207723181,-0.418344792169331,-0.4622629661341364,-0.44136832354562444,-0.41735707753928813,1.6069170819760352,2.6727054791095517,1.7039299552949436,-0.6003976231745406,0.04999163089488134,0
KOR,1996,1.3134966202349256,-0.1326730647345344,-1.030725297880155,-0.747489415524504,-0.5794556752715541,-0.05954296957618945,-0.4595844335983455,-0.472105590247459,-0.3725504013233997,1.3851878244431153,2.736041616443114,1.5122711668311815,-0.5340000661194678,0.062293391256346295,0
KOR,1997,0.8436466056366329,-0.14120683265455525,-0.9078755503958653,-0.39647836243452506,-0.7908968608932523,0.5322450054997121,-0.44035280060310616,-0.36346775090309924,-0.3353764169959829,1.3758546908140208,2.331520396199011,1.4969048829882419,-0.43658715736240955,-0.026026926911633223,1
KOR,1998,-2.242719041673103,-0.08717532018092115,0.047500610843567374,1.6560651826502188,0.07902592325885065,1.805871751493377,-0.28781150640194914,-0.011449021524795525,-0.34815919083061053,1.6090094140693803,0.7219915733804285,1.6092062189403753,-0.33600607066062166,0.6496079956813664,1
KOR,1999,2.3110557577220896,-0.20492693212015223,-0.08873098413454698,0.6458884672181572,0.2819301026953439,-0.8990198198374194,-0.19561950733675687,-0.23136684482116449,-0.4143851140155041,1.332161278290998,1.265491972845332,1.6124329471883614,-0.2339075095808734,0.6679879952229224,0
KOR,2000,1.6466996071568785,-0.1795123711238181,-0.5886855814857908,0.21231171705167007,0.23365964576258222,-0.4579235405036906,-0.22036516286746027,-0.18715061620931153,-0.22797147058439896,1.1513228937668072,1.5723961737615906,1.7532056798612492,-0.13559382901798575,0.5656726995974108,0
KOR,2001,0.41559866818476254,-0.147750331137975,-0.6685379173505792,-0.015187885003967224,0.46732279215928363,0.36528722121978735,-0.3455146348850728,-0.2526040089522108,-0.2911040332210989,0.9248596269374749,1.3722043481676918,1.4975420351045945,0.5009554109806486,3.7007595588074915,0
KOR,2002,1.2457158982284968,-0.17067134215146723,-0.8117894978992243,0.026795959852117166,0.6371965676142958,-0.3749622061458406,-0.39493301241820056,-0.31780765739420697,-0.35948282844211954,0.8531253720773119,1.2747506671269655,1.434065984218099,0.691306481061535,-0.033570380571273345,0
KOR,2003,-0.038565764389548014,-0.1574455082354247,-0.7455383840773394,0.18621495297510093,0.8188624369803624,-0.45034533556600137,-0.3756201731763452,-0.26627803397971245,-0.31377935915608585,1.0204535070715992,1.464433752241941,1.373334411252901,0.6594020641652867,-0.6114845479795509,0
KOR,2004,0.5414892328228421,-0.1561136596539044,-0.7297434165436449,0.5312363359252784,0.8677159310579127,-0.4082030939688133,-0.2705189713186174,-0.09735939329880201,-0.1844812012760264,1.3198282668395642,1.514494773237871,1.7221376976560698,0.5508451595623781,-0.4369633298506305,0
KOR,2005,0.31446321085859147,-0.17082019580037086,-0.7161421945007413,0.13531625984893358,0.6521751086436388,-0.7015326168639676,-0.30447756555911565,-0.1458497362410335,-0.1951275406232391,1.113069489976413,1.519656032858338,1.6653869946589126,0.637250853550493,-0.40126120050632424,0
KOR,2006,0.5583686566717981,-0.1798080498444997,-0.7661595916907737,-0.047910304587624505,0.5737520339529161,-0.533894193085125,-0.3958566374456972,-0.13543301676611091,-0.12202848689013049,0.9965595377906807,1.570036584356387,1.6003847860397722,0.8760739396363513,-0.11155408478273009,0
KOR,2007,0.7225617067747191,-0.17467256157111355,-0.8190288580188342,0.06674469406397551,0.47610830865957865,-0.36129655059271054,-0.4141497818935101,-0.08324592668707204,-0.06960406133363817,1.0628013413948392,1.61266971677403,1.6358950558249057,1.011915194246527,-0.2003451475309481,0
KOR,2008,-0.05790783290073674,-0.1370777428639754,-0.830875083669105,-0.053188589467636035,-0.07925493608530827,0.5448863439331646,-0.3655292701347333,0.23743186367600191,0.35474347841282045,1.0403545921301862,1.6917550662862155,1.6631965092931127,1.2665415285587813,-0.14075382928190971,0
KOR,2009,-0.6587655270156096,-0.1707726616510072,-0.742247765841153,0.4981938475571253,0.6958242249272256,0.44724186669697835,-0.3827861516922739,0.1610194950206047,0.0981989849732633,1.0259778673046767,0.9706724797816618,1.7027533732277271,1.1912653088377378,-0.2493306480223502,0
KOR,2010,1.0360352274951197,-0.16756045055666255,-0.7508033732552375,0.32228538402177864,0.4041856075430471,-0.650842292157876,-0.4023565351911589,0.21861795660779745,0.21992068652903912,1.2544492908268126,1.5309409016500772,2.018461530412496,1.0255547263470113,-0.4542413587420969,0
KOR,2011,0.1301236750517575,-0.1484639955349044,-0.8236357235494951,0.13816191093532562,0.1361131124010472,-0.42369771368459686,-0.41017082419010586,0.41514734903391914,0.5160216330804352,1.1787916106860046,1.6147925804571908,2.177048451629425,1.0758199761435803,-0.48062251063343125,0
KOR,2012,-0.18353373229140504,-0.18077930913936263,-0.8631231423837311,0.5477430948422971,0.22364352538575524,-0.17250928339706081,-0.41605902672162326,0.43942010649432084,0.48094044590639745,1.1739733058421356,1.258865495377028,2.131367963321447,1.0351023076553498,-0.5157297483958891,0
KOR,2013,0.021029057932332992,-0.1963443353206628,-0.8071826323685634,0.8455858519819058,0.3233328016190615,-0.3658682376497587,-0.3872740732320534,0.34818852220233787,0.30428312033576793,1.1959723118910437,1.0299843146094185,2.1532871430646954,0.9853219510058217,-0.5245183599203669,0
KOR,2014,-7.158335410200596e-05,-0.1968113102955728,-0.8038920141323771,0.8370002123683701,0.403159538263095,-0.4098837117245828,-0.434615346247558,0.23548501869671964,0.15757372037602596,1.2027975924943524,1.0109164036634626,2.0496088974113005,1.0424837647020626,-0.3406632042398746,0
KOR,2015,-0.08104276503393748,-0.20680068665067525,-0.7021022233596798,1.0940376906317948,0.72313189073368,0.07425958818115397,-0.4876391675323741,0.07787165319204677,-0.10301438175279388,1.3577466315171247,0.9279197331240329,1.9696632835336474,1.0502295252931249,-0.33823730333900015,0
KOR,2016,-0.011940719764772222,-0.20213755932471897,-0.6792872702554545,0.9859448233652875,0.8317686796528443,-0.13124709312124644,-0.4071394981748375,-0.015501077088391511,-0.20502884703518426,1.4137473359661976,1.0444862319714485,1.91537951954105,1.0958837244130724,-0.3942283541383346,0
KOR,2017,0.06002994395453163,-0.18504501372237336,-0.6786291466082173,0.6759351210115279,0.6390371741410589,-0.3547019179434491,-0.36190140012128175,0.008565387497260385,-0.10598942599771845,1.4333686560038943,1.389370629987727,2.006717253784687,1.1272376495003666,-0.5000863647030935,0
KOR,2018,-0.010678739237050771,-0.19327795003250248,-0.6411160987156931,0.6497040544430053,0.5377767940070013,-0.3616698966399588,-0.42303318294066244,0.02830053616431871,-0.07066182292197132,1.3017810893426671,1.2647259466232876,1.9600996328664484,1.2102024789286088,-0.41543662452490665,0
KOR,2019,-0.2478577755863665,-0.21248266616723366,-0.658227313543862,0.5054651850450642,0.6749232089088503,0.010095224172073725,-0.44197337471194137,-0.050547964327187785,-0.10356872777077307,1.1687268817604177,1.2554964220036564,1.7143527340698888,1.4016248279325696,-0.3536440196056835,0
KOR,2020,-1.0768696013603614,-0.20977133198530243,-0.6176430219642305,0.6737889528485029,1.0554920302077675,-0.1895518819356039,-0.4496467127937093,-0.12989039252943976,-0.23822812624475456,1.3506078954124445,1.3127675291374563,1.5965087164071141,1.6547127855196762,-0.25259208020458207,1
KOR,2021,0.38452695737781944,-0.17530942414276784,-0.6817003902953245,0.6620959113306056,0.626505955936012,-0.37671726638323955,-0.3476714883844714,0.024587709213268263,-0.04306658729487991,1.4522505571706876,1.481141887557967,1.6928765696287202,1.7630632418912102,-0.08949647559464646,0
KOR,2022,-0.13405256068364793,-0.1297740064518944,-0.853251287675172,0.1413570235900466,0.25433225779593144,0.3094690818805513,-0.3064312794632398,0.21937014299866409,0.31809865638691676,1.170410317523288,1.6259491040711722,1.7367920243272204,1.8225589355224963,-0.5580252090990467,0
KOR,2023,-0.4488605937480622,-0.15599428008151553,-0.8931774556075663,0.22253173235596183,0.3510207079307273,-0.19722246761546733,-0.364349729228206,0.0894273535277371,0.14943409559009813,1.054064470114792,1.3764874487586791,1.553394326546527,1.8381711591621535,-0.5636248082787785,0
KOR,2024,-0.33317572174412285,-0.17841268233436458,-0.8692656297579456,0.836241432847073,0.32330574463472295,-0.054599206001417475,-0.42012730145099836,0.18873945855055346,0.12416509960022262,1.2591029994559393,1.0429997592975517,1.757941300111482,1.7718736678017286,-0.42421427710203113,0
LKA,1990,0.8760481837438617,0.1585278711449788,1.7362458896543944,-0.7196716737057413,-0.7294724641326471,-0.24451868391876644,-0.4436578319357819,-0.2749099247460818,0.03811791605065905,-0.1313530749165945,-0.30807953430420953,-0.5666690876623944,-1.172817979298253,0.27428889479825097,0
LKA,1991,0.3809566176623524,-0.005072281664170221,1.7362458896543944,-1.2176442374157697,-0.5851650045195906,-0.1041761310988419,-0.44406871821050325,-0.321993493872629,0.06878894308576702,-0.14212837448522336,-0.19253836943926966,-0.5708538789088237,-1.3986974974118849,0.3792760588569144,0
LKA,1992,0.32594779252023104,-0.0191694186324293,1.6395017135105163,-0.8798170609317099,-0.44757236180381293,0.010770989359357434,-0.3270563033284183,-0.2229256970762704,0.1531862243418006,-0.03891837526256022,0.051863746676367,-0.4696237889357133,-1.393771349847712,0.11346305808852471,0
LKA,1993,1.0135916894913022,-0.012785063363539191,1.5517518938788806,-0.716812159528438,-0.12197109069534508,0.19588910428138093,-0.2276471934708601,-0.156517230372184,0.2427968242181236,0.10398605111699723,0.2748190459299112,-0.498872766666589,-1.3775189045279508,0.45452118435379923,0
LKA,1994,0.6559874089463253,-0.07074201971628834,1.3784460001064,-1.1927919866165895,-0.09653908198483306,-0.14733484691436324,-0.3018687867489423,-0.15612881547257823,0.33079066661327855,-0.048051063036381125,0.5304839768386074,-0.4795301191020895,-1.3539988994559464,0.26366274539100637,0
LKA,1995,0.6285282434625732,-0.08434130841497543,1.2117213428062925,-1.0973554172800242,-0.18800798500085766,-0.08483923553902781,-0.46137061681060343,-0.09776168902055288,0.3470425993168221,-0.4834352350987436,0.3050572634636494,-0.4455489660001665,-0.9332235174997102,1.1114498278838294,0
LKA,1996,0.160911396202047,0.060830865641063776,1.0098967576535307,-0.9258232426351493,-0.26210467770688095,0.09248418873097883,-0.39167333204238275,-0.11817809895702326,0.2642632147778488,-0.38906509963547325,0.04729263164350581,-0.34285210270458594,-0.957722751269188,-0.17724548078911434,0
LKA,1997,0.8775346578411778,-0.05097241671246095,0.8453658458442139,-0.5307009240059936,-0.2998212600531697,0.04490997756915183,-0.07167936416907453,-0.06700456284487971,0.2525950889567353,-0.3151727484451963,0.07113129820277661,-0.31860497358326784,-0.9672240824832585,0.05001986240568628,0
LKA,1998,0.40803134976985295,-0.054653187784445834,0.5316602406611167,-0.32930758079307254,-0.3284245797197881,0.1528136195124947,-0.33294060710395684,-0.07662913513574923,0.20036332133716248,-0.25908628104748394,0.20169114092125293,-0.31492917900548384,-0.9822748518671005,-0.07506870859646197,0
LKA,1999,0.2985938987803715,-0.13676477982151775,0.4680416214281811,-0.6954333300363817,-0.47568407436177523,0.16783494803219115,-0.3497652296852326,-0.10148739741013767,0.23974652117341996,-0.17240625554503036,0.5762880429927133,-0.3301092814197633,-0.971077521837687,-0.06557947499774655,0
LKA,2000,0.7660387387109384,-0.11067607911493997,0.21795463547801955,-1.162575427319523,-0.7472294441070969,0.1429392341278927,-0.3627618925851218,0.014020660232155492,0.48586042295057097,-0.3396108893870407,0.7065194198650364,-0.27612160017757653,-0.9799328293757883,-0.09310128069255248,0
LKA,2001,-1.309332152621962,0.029596634792024994,0.25305456333067383,-0.3161878139603669,-0.6115311937143282,0.44613100526658495,-0.3549235396212386,-0.04106851517169428,0.2513545502148298,-0.22295214627604487,-0.34319192415212246,-0.4405461768792145,-0.940215737171679,-0.05495548878014104,0
LKA,2002,0.2062144037504048,-0.05137070692281196,0.44171667553869026,-0.3266897903236714,-0.47437107573824994,0.05731632854796491,-0.3392170985488991,-0.12014054698506882,0.1682335777016835,-0.42456529886669586,-0.11968561562828552,0.4379985526773693,-0.9339010607864284,-0.06726001774768028,0
LKA,2003,0.749600650104268,-0.10824461202756933,0.32325441903598234,-0.14524733519707478,-0.30554925125405996,-0.20594188040321232,-0.3355051841506523,-0.12863776863023246,0.13960251163124443,-0.3822398851539617,-0.3403297113105739,0.34612546073458117,-0.9399476570911869,0.035600986654555834,0
LKA,2004,0.6133939245079222,-0.08607970375062014,0.35835434688863665,-0.6199605030993715,-0.46692337869638445,-0.03647629785397755,-0.3491373136717612,-0.10648453206191526,0.2740030777195061,-0.32545082120208074,0.22203601966046113,0.3687842406581509,-0.9056138399729011,0.2609104157924371,0
LKA,2005,0.8325223303137476,-0.014666294222421264,0.20259841704248327,-0.5390708126115745,-0.38594049566702826,-0.27408765583787276,-0.3508361042698891,-0.20439929294495682,0.1622404383101081,-0.07464103869002761,0.4957482035750639,0.5081429488329219,-0.8911812855438955,0.23164491591645942,0
LKA,2006,1.2248927009956405,-0.0431261902418038,-0.05406980538005085,-0.992472205044149,-0.475342506556984,-0.09845546057642605,-0.25729082256603814,-0.2766195708137668,0.1570319014683094,-0.2553645396803129,0.6961941961350198,0.4576392624206253,-0.857819843479141,0.16733686998003666,0
LKA,2007,0.9851963536133448,0.05918391003228817,-0.17033831639196806,-0.8257738181135436,-0.393661707602562,0.032876336738599826,-0.2304023469595679,-0.3097652981896371,0.09345417242594363,-0.14042051901099095,0.6913648644694497,0.3295892167548772,-0.8668379623635758,0.10070439250959459,0
LKA,2008,0.7523013808442414,0.17731793682470395,-0.33486922820128484,-1.7225246651684274,-0.6840947754063424,-0.33344274261728707,-0.23305054616566806,-0.4495234164619459,0.056110544894399025,-0.8268684206829813,0.6218346602604795,0.233927098370463,-0.965129680212158,-0.3242466168493549,0
LKA,2009,0.08910827116600857,-0.15832261106906564,-0.19666326228145878,-0.16861656677654208,0.09512592589974135,0.017682854093427416,-0.37591632138616615,-0.5644141883569823,-0.3586700804410013,-0.10320239714375076,0.07943176153142757,0.2609530374284864,-1.0446832752888358,0.2082151181926023,0
LKA,2010,1.3205207127645993,-0.10994902201047413,-0.4305165315997676,-0.39621283426730186,0.12485575142926698,-0.3148047274882314,-0.3994193504658988,-0.5722356404254559,-0.36381080190737947,0.06284211619021507,0.364732568081992,0.3223348920279518,-1.0667744647288937,0.060500070411341124,0
LKA,2011,1.500269952908646,-0.10117787755975274,-0.5766199812864408,-1.252695777430667,-0.3122427829665092,-0.3394955832346965,-0.3033684561945243,-0.5800570924939297,-0.3689515233737576,0.2288866295241809,0.6500333746325565,0.35030415711427915,-0.8773148871631452,1.8536149733464717,0
LKA,2012,1.4900101518335347,-0.08665983306134543,-0.628831123967264,-1.0598338032402546,-0.2592680557665118,0.4175977861150789,-0.3154410963883934,-0.5878785445624033,-0.37409224484013576,0.39493114285814673,0.935334181183121,0.5477138185720263,-0.8714718499762829,0.1566959555087045,0
LKA,2013,0.2301631531558824,-0.09780940648631123,-0.5617025119490628,-0.6485925585559341,-0.22244152987861912,-0.19516644473689979,-0.3354806106112419,-0.5956999966308768,-0.3792329663065139,0.5609756561921125,1.2206349877336853,0.25337094886747397,-0.881487944631404,0.08331324676290652,0
LKA,2014,0.869992577056782,-0.163347869519847,-0.5680643738723563,-0.49513162884818523,-0.20454667079250638,-0.19472895960521505,-0.35620688733320927,-0.6035214486993505,-0.384373687772892,0.7270201695260784,1.5059357942842497,0.09361432852498248,-0.8615205770595254,-0.006990333143000274,0
LKA,2015,0.27257832246888386,-0.15299081091087235,-0.4886507871057261,-0.461460690574296,-0.3067217596990218,-0.07036072082757232,-0.4019476539839852,-0.6113429007678242,-0.38951440923927017,0.8930646828600441,1.7912366008348142,-0.07867861930697537,-0.7592380896794845,0.12560363479653192,0
LKA,2016,0.5057294876717054,-0.1496427472312995,-0.5494175372006338,-0.4214324383242499,-0.4661797272134762,0.06303962530492749,-0.36641789876346154,-0.6136108044492783,-0.40412271832147073,1.1900440064384852,2.169924366049393,-0.10652439441439289,-0.6945022601233349,0.08108944574913964,0
LKA,2017,0.8927398350262314,-0.08382660695239263,-0.5924149488201352,-0.5017304631366634,-0.3207550351995605,-0.041914521647648646,-0.29632380648150036,-0.6005241069017564,-0.3937129421047219,1.5359161172467193,2.7392983325281826,-0.3048325260919533,-0.66505998039259,0.14498834657661008,0
LKA,2018,-0.2488803691297895,-0.18169370261534998,-0.5327450714706231,-0.590629033978559,-0.46153630715808885,0.03784812606224378,-0.2553776982487978,-0.560559041571926,-0.33765856022729074,1.2709107406488105,2.448860759787629,-0.27994512210348754,-0.6061444486296497,-0.16937654059492652,0
LKA,2019,-0.9449122189545753,-0.157207934496826,-0.45552523019478375,-0.4371337924606736,-0.3345011715358791,0.1860349739828575,-0.3960501485592659,-0.5482206514007002,-0.36714570614682834,0.8914574020159457,1.76217594192731,-0.08152091046662219,-0.5996561321812863,-0.3312726634937258,0
LKA,2020,-2.156239389919707,-0.11106850394610748,-0.30327929313389596,-0.32296630014874433,-0.3524874951045285,-0.0799158569011135,-0.44769066640592087,-0.7564065242589368,-0.5984433751394823,0.8077812555365579,1.5469217309142902,-0.05950429789206879,-0.5996561321812863,-0.3312726634937258,1
LKA,2021,0.27299667846466524,-0.0959408381315417,-0.38729974543118706,-0.7188145499329347,-0.745406953416616,0.06042087819287145,-0.422870198063033,-0.7085359803161578,-0.49477725464918654,1.010436381762168,2.2186340702474956,0.23586634675129342,-0.5996561321812863,-0.3312726634937258,0
LKA,2022,-2.90566110628375,0.6545473351409812,-0.4866764161640144,-0.4168907230831119,-0.8686133801510808,2.4331233024095953,-0.3385382603988459,-0.556853300763107,-0.4631801102361511,0.1336275067677038,0.57302412621764,0.5324298511188273,-0.5996561321812863,-0.3312726634937258,0
LKA,2023,-1.4423245755990943,0.0714687029664584,-0.4866764161640144,0.21362933353781233,-0.5624358478202114,-0.1796111407381164,-0.39401304171919843,-0.5882496183580889,-0.5551839435246215,0.15531865364091194,0.05148606819901122,0.23714601224581427,-0.5996561321812863,-0.3312726634937258,0
LKA,2024,0.4888940442928353,-0.22675846462394142,-0.5500756608478711,0.1274233622748438,-0.4505775906516479,-0.24451868391876644,-0.40753071380675115,-0.6158365486593996,-0.570079754760485,0.34665570727443873,0.41213061348145646,0.15256370293846905,-0.5996561321812863,-0.3312726634937258,0
MEX,1990,0.5597542999864089,0.24914285468463807,-0.7900714175403944,-0.5714458503154274,-0.5805052863514119,-0.24451868391876644,-0.3682145314003336,-0.6502243146577331,-0.6688050252208652,-0.6073038531429876,-0.12289412820106362,0.4417527539859494,-1.1582418439210815,3.6264127196194424,0
MEX,1991,0.20930301486147493,0.17903772246609814,-0.7900714175403944,-0.8987162964802347,-0.2903148720171564,0.0699179508912366,-0.2856791298777378,-0.7244962402991598,-0.686706010312836,-0.8044461384359758,-0.09581793217786787,0.40194765872501675,-1.1582418439210815,1.81297989990544,0
MEX,1992,0.0972776554802371,0.05331066747532478,-0.7703277081232764,-1.2386425795454263,-0.37543962873108944,-0.1356680238181718,-0.3357725985539161,-0.7629764764574061,-0.650150707786679,-1.0216128261975883,-0.11419842719970368,0.33678349102650346,-1.1582418439210815,0.46847683936294887,0
MEX,1993,-0.09570104543088553,-0.047848525037912835,-0.7418090167429948,-0.8401106148591623,-0.17211592943339693,-0.215755366098538,-0.3972588202034322,-0.8826955328557252,-0.8721158566322688,-0.7266709687760702,-0.2353523786853679,0.6892090834467064,-1.1582418439210815,0.11850820707044812,0
MEX,1994,0.3243350763292422,-0.09680137023040035,-0.5068588746792906,-1.0025248653377632,-0.9106781002088373,0.11335016375118544,-0.211401518290607,-0.8448050872281178,-0.8009606580139806,-0.6851197152796654,0.06262879214729516,0.5423529204919784,-1.1582418439210815,0.2867865577782643,1
MEX,1995,-2.509893974191902,0.3958371592411004,0.07645805132200705,-0.1521525132082954,-0.4597222193076127,3.631005024593909,-0.12702914626475895,-0.5141308248313271,-0.6306585509626547,-0.5003028043673876,-0.8114924281996138,0.7993635218714737,-1.1582418439210815,0.902899520695581,1
MEX,1996,0.8260721728782632,0.3849261480658102,-0.28112246367690796,-0.18064126346566498,-0.4863731999731108,0.5452957159025569,-0.1882828315009071,-0.453394024596645,-0.5436955278453989,-0.42534825635583534,-0.7373838197175568,0.9830927632944806,-1.1582418439210815,0.6488212895477403,1
MEX,1997,1.095780069657097,0.14324577705186511,-0.5509531590441874,-0.33271994410139133,-0.3250398848497587,-0.06415257666079427,-0.1358654757994669,-0.5013881260752358,-0.5362724864699024,-0.36121558241289453,-0.4924228874833887,1.0094131940732995,-1.1582418439210815,2.2137264304449147,0
MEX,1998,0.8169355113493324,0.06070019049791838,-0.66107918268189,-0.574339569034197,-0.5470892493471005,0.41615643844508854,-0.16205740627525295,-0.5024942428921693,-0.47530227276975606,-0.2704108325181477,-0.20405877604317071,0.985149624153365,-1.2080652904715314,0.14731645321412137,0
MEX,1999,-0.1264980952247834,0.07224970567857378,-0.9100692958866562,-0.4623387926192782,-0.6028037327314772,-0.04494532500786516,-0.17492203978178167,-0.4961134997749207,-0.4836214699256987,-0.2780191702073952,-0.3015488052859338,0.8152473208500975,-1.25814215529791,0.21544548633055305,0
MEX,2000,0.49903453301226175,-0.05241579022844524,-0.8995393175308599,-0.5155456822310124,-0.6472891588810958,-0.29163574153719757,-0.13164907001429485,-0.46948270822030214,-0.44163330745713153,-0.4799444706990475,-0.2978116020345047,0.7775566566798232,-1.2830578193057722,-1.0031584113056426,0
MEX,2001,-1.0082730292501756,-0.10731146993834503,-0.9037074339633626,-0.4644464870720507,-0.5035184113886313,-0.29596493548705444,0.07752481367535052,-0.55745348076662,-0.5377215410698601,-0.48675186185931524,-0.6441236336348287,0.598394721975817,-1.3271411575974899,0.22049137437162453,0
MEX,2002,-0.9493416499727909,-0.13080707218551585,-0.8212226035096251,-0.3439109140486932,-0.42384809628224346,-0.10028259440102584,-0.13009254826803507,-0.5472974035532953,-0.5315553534444265,-0.5167166638727664,-0.6207119834530263,0.45858032463304244,-1.2866048690760996,-0.5018239283867706,0
MEX,2003,-0.5581845200223994,-0.1393094809007043,-0.7220653073258768,-0.17143361761211465,-0.3169626234681067,0.2596645452926896,-0.14860858783014433,-0.488306093231018,-0.4662104373339131,-0.6122021511448018,-0.5385440553100665,0.38766250655714923,-1.2769166598104398,-0.27781219461078055,0
MEX,2004,0.09640505558398564,-0.13682271494352174,-0.6163267746697559,-0.16077029943271134,-0.3523991866677508,-0.04661262216999367,-0.03647090635180747,-0.4409594295246806,-0.39289730017379554,-0.4052769645192278,-0.33585810288036105,0.3907588474773346,-1.2881275132722747,-0.08359267656040227,0
MEX,2005,-0.3030203531995922,-0.14913015919548636,-0.6994697287707307,-0.18808145766996479,-0.346582543456841,-0.39226186784423783,-0.08897172174582879,-0.42841057661020626,-0.3875392957485737,-0.6265828561065322,-0.42700289570342387,0.2555607568781482,-1.2628489490928934,-0.2450013802000067,0
MEX,2006,0.4373490195983535,-0.15543173671823485,-0.697714732378098,-0.1352720934787338,-0.4269335666698234,-0.24398642636551782,-0.18129185267018247,-0.3934940638965631,-0.3545406827047148,-0.3529198266910837,-0.24577559230445187,0.4177358757556661,-1.1992747094117242,-0.41680954402992537,0
MEX,2007,-0.3127524827082407,-0.14950285394525584,-0.6841135103351944,-0.22611824335581407,-0.4031270547168007,-0.2331061301428851,-0.0774112589313535,-0.3860928685872553,-0.33323000063102476,-0.3905747483185474,-0.15745202872891545,0.28815518555999614,-1.1555936525208292,-0.23559837844247114,0
MEX,2008,-0.6248051162445963,-0.12915069974834067,-0.6301473712617385,-0.3228275858768386,-0.3946786202763384,-0.16528475755262526,-0.11781760773824246,-0.37827677460451953,-0.2996130785557512,-0.5357698125701135,0.025070045429139275,0.2727702299703402,-1.1699078330589316,-0.3010953660264445,0
MEX,2009,-2.6157745915860295,-0.12612154701174594,-0.30503428952652867,-0.2099957253679304,-0.14355235703285263,0.6757373356017079,-0.19511140313903078,-0.3948505474288827,-0.34868689579401324,-0.5416236275331152,-0.1248687067841307,0.14229930019072726,-1.1310609297085614,-0.16339837647625274,0
MEX,2010,0.48309556864964803,-0.1461660804198165,-0.3166611406277204,-0.1392351255863113,-0.17460706180383867,-0.523512216543531,-0.08574512691939563,-0.3129551675075204,-0.26433242120062944,-0.6931060554988273,-0.11230426525891468,0.21354325267336524,-1.11616593376265,-0.09839834639152266,0
MEX,2011,0.06301513715821493,-0.15933456530165724,-0.3447410829098438,-0.22839794095516425,-0.12291353229833095,-0.3168379659187463,-0.21747844009396167,-0.26633636215847917,-0.2076365724699779,-0.677172992937742,0.047757832085590556,0.1928168094231164,-1.089779214574269,-0.24447271664058282,0
MEX,2012,0.09304112532167287,-0.14696069664749478,-0.4068240802992259,-0.3233505615878857,-0.07452941564223574,0.013534455397950299,-0.2966521530460998,-0.23047767201328778,-0.16893297796641574,-0.688458496017549,0.06966966245858981,0.38273187917074114,-1.0616941613605069,-0.23894620902120361,0
MEX,2013,-0.6498979834358887,-0.15232262617964695,-0.4004622183759323,-0.49264821872056047,-0.05568722054710711,-0.3741958022644976,0.08728786351317572,-0.2561056351777057,-0.19925117956344196,-1.0316521804065968,-0.22549040014447533,0.2600867990761421,-1.0003441283814325,-0.33357829983843157,0
MEX,2014,-0.19560896087998014,-0.1485931398874961,-0.4228384223819995,-0.39413557349873785,-0.00010475723489006717,-0.06943007541429334,-0.19494375962972582,-0.23297811006011585,-0.17215090256084223,-0.972422687185018,-0.29288045566476223,0.28227047213922324,-0.9935516323705779,-0.12835374304907024,0
MEX,2015,-0.1409951262215713,-0.17140276568437987,-0.5342806933141767,-0.5279497841422731,-0.08024978598504665,0.581624289836229,-0.04941417142378138,-0.14468628141556072,-0.03211415230522252,-0.7676639896497904,-0.0419252780997066,0.5627499557105101,-0.9381689340916586,-0.12854956115275562,0
MEX,2016,-0.39674458689790104,-0.16962668818116328,-0.6347542367923994,-0.4718571648920858,-0.05985159892398247,0.5188762969758974,0.03269135696859427,-0.05792745201215422,0.0695560204889168,-0.6609665826924925,0.06369574512911372,0.5707279924704046,-0.8938022644084382,-0.12090149961855716,0
MEX,2017,-0.3694499478205841,-0.1130452791304086,-0.729962791092724,-0.39003157864735705,-0.15892179287757735,-0.1840981116171346,-0.08238939792812837,-0.03508707027786472,0.09138256873464362,-0.509869507655313,-0.014753806531994852,0.6222761789318717,-0.8646697474057689,-0.17911809715340152,0
MEX,2018,-0.3418477362862112,-0.13311579405753515,-0.7615527261601129,-0.43590798515350127,-0.24600349645719566,-0.17236676012497673,-0.04517224881234729,0.014943860766757886,0.1584296333140716,-0.4020101550195395,-0.08690988876124345,0.6271211638934351,-0.8799006909830771,-0.5302839847489853,0
MEX,2019,-0.992277589120914,-0.1553176197070343,-0.717239067246137,-0.13188119964837403,-0.2066984233787939,-0.24021146206642607,-0.16074557528590552,-0.0018747994416507148,0.0717911361637126,-0.3639216186552089,-0.31805388811646995,0.574066391037026,-0.8386805266711206,-0.5213106377912752,0
MEX,2020,-3.1820423916360245,-0.15951985906735466,-0.5059813764829741,0.33155677157986185,0.06344575354443675,0.2510815653401083,-0.0774077849757355,0.021204641595725316,0.0209201858751611,-0.3163814976153687,-0.6505872464996547,0.6262254360299155,-0.810487091212143,-0.06293372789086703,1
MEX,2021,0.7793649798560194,-0.11923542902591497,-0.5983380616452706,-0.13942713285249606,-0.1582778323713536,-0.48713237107071755,-0.09491384584394176,0.06482504129320796,0.21000702194545792,-0.3793474119044986,-0.3947653735927038,0.7408381010995729,-0.8497311785036611,-0.26916883207815895,0
MEX,2022,0.13609913469412596,-0.0804501119266569,-0.7657208425926156,-0.30002657443409547,-0.3444872772980691,-0.27526321609779036,-0.10016865735246971,0.1421061971958005,0.3404093602457095,-0.5839405589798633,-0.2099300740942922,0.8552875341348634,-0.8666440794939435,-0.3836802718962458,0
MEX,2023,-0.02974497893754955,-0.12206907087508866,-0.8734337461904482,-0.20107701349546842,-0.316479373932132,-0.750159110554837,-0.2552139429127895,-0.07976487193955957,0.01983383273389562,-0.594448133122836,-0.11691084275545643,0.6756291475773248,-0.8880529532283211,-0.1899726559675137,0
MEX,2024,-0.5127926804347305,-0.1362279130626845,-0.892519331960329,-0.23772180131905035,-0.29214672448711215,-0.11238173210091906,-0.13050539601047628,-0.042624286318805694,0.041185141503641734,-0.7790748187442953,-0.012830884920069579,0.6167771382426136,-0.8493595758431061,-0.04314724582633513,0
MYS,1990,1.5935239168643751,-0.1732099900695926,-0.6683185428015,-0.4207393334898809,-0.2789004287306157,-0.24451868391876644,0.3226286232518487,1.173367619690693,1.3691861809234989,0.688704255430185,1.4580789454962313,1.3369519504220044,-0.1308650199574722,-1.1119143225743644,0
MYS,1991,1.7412091452689262,-0.14262320916201263,-0.6683185428015,-1.5450388276780869,-0.3701730694600044,-0.17273236077794735,0.7797040689866451,1.2832322901209532,1.7203162383904522,0.5531668433654152,2.4025431244780036,1.5700565574957306,-0.039888846451919445,0.11733234052004905,0
MYS,1992,1.559580272313435,-0.13543760228960267,-0.6661247973107092,-0.7109629160096501,-0.08589917502623629,-0.5611875501217022,0.8802169635180955,1.2230027923754903,1.4546167011368758,0.8499368451314258,1.9802552286570405,1.6180306031290614,0.6876204280436353,3.0036997161614036,0
MYS,1993,1.8373323701615667,-0.15706397836901612,-0.5783749776790735,-0.8499789490797328,0.2395295987749409,-0.19946428141559025,0.6744653062142635,1.3190337687630305,1.6247942824791513,1.2201545484322038,2.6448685508970633,1.6362186200346325,0.6443194526009873,0.6148000601653936,0
MYS,1994,1.6495005490922974,-0.15375344140900185,-0.6814810157462453,-1.124871737418083,-0.11429912160203562,-0.16078929184744897,0.40822832796735753,1.653604898221173,2.0793690021062985,1.2665737040780252,2.995923088045002,1.7619230888015873,0.7020155651011639,-0.1642435415953331,0
MYS,1995,1.8192181136080672,-0.15857545695822842,-0.788974544794999,-1.7570930442907131,-0.3807084943889622,-0.44075136580202323,0.22796405290100544,1.8151068400527879,2.3610034831486115,1.119531972067527,3.3753739732159413,1.715734779639786,1.0200011219158271,0.20377881551934876,0
MYS,1996,1.8669709908695729,-0.15790794886874787,-0.927180510714825,-0.8418906261354377,-0.3235474463380055,-0.22472305907708343,0.2803180827130438,1.7329227300836736,2.057545426896945,1.505798264494342,3.0441220258322215,1.973387358995423,1.3803084475693552,0.20164030059413265,0
MYS,1997,1.129849284843436,-0.17242422839872232,-0.9425367291503612,-1.1017981769438785,-0.5186111003208302,0.2631150625858715,0.29656683363922326,1.7889532506996584,2.1421857980958356,1.5033218941781195,3.3039530081767534,2.0679258059880246,1.7308174153748082,0.07319443366009272,1
MYS,1998,-2.9084726847759805,-0.1265962675184674,-0.7780058173410445,2.1905775029589907,-0.11378096237495365,1.4526184951042524,-0.04781777430474287,2.5232830285451726,2.195368613779625,1.850457484754345,0.4692273414890691,2.1387274176797555,1.7333352581556143,-0.7557707230776043,1
MYS,1999,0.803879752145801,-0.1709824024592275,-0.7275496710528541,2.6585933735783343,-0.08543471751614849,-0.38069235460929246,0.26197933543342744,2.705364355904425,2.2926466057753334,1.661074249383786,-0.2774486219998052,2.517539229260975,1.5376431261227939,-0.13327168319539287,1
MYS,2000,1.5523602719687088,-0.1922428709715224,-0.8218807271568623,1.4760360516914635,-0.34717666388685703,-0.24451868391876644,0.11977401017409732,2.656254249202875,2.4606834355541185,1.367938295734975,0.5027112424565854,2.504756960266466,1.241499215548339,-0.2408439995218062,0
MYS,2001,-0.7418817969999332,-0.1943157306445595,-0.7056122161449452,1.2702272029377122,-0.2383445176362778,-0.24451868391876644,-0.43443236023612086,2.3486068582734423,2.1649060868618286,0.918085336867758,0.07323190180641588,2.2361253287736815,1.118077838358873,-0.15755195582094567,0
MYS,2002,0.598521173186952,-0.18744305449199175,-0.7165809435988996,1.1456600983481415,-0.1789055431776484,-0.24451868391876644,-0.020702742986069767,2.2800217959934987,2.090865641452119,0.9773979831076187,0.13917269633428,2.220292909766255,0.9658740280057506,-0.5326405309872932,0
MYS,2003,0.707856423810139,-0.2000640831660369,-0.688062252218618,2.0080250326405853,0.0467845342100109,-0.24451868391876644,-0.060187133074019857,2.235484540421289,1.9436828410967975,1.2372718227728114,-0.21111450558923955,2.3403078419435914,0.9061729719595575,-0.31534815789941667,0
MYS,2004,0.9815138803612452,-0.19423688960818877,-0.7034184706541543,1.9986362325429092,0.31552708009300473,-0.24451868391876644,0.03433274316332112,2.511170117369225,2.243888545417088,1.2722288339820098,-0.16133937374652696,2.419372548164218,0.7589384028258418,-0.10242102212128758,0
MYS,2005,0.5823347370525895,-0.16693160292184583,-0.7056122161449452,2.313827709855382,0.26402559875756476,-0.25911412170896037,-0.09023009496772491,2.430250260005205,2.087175188993309,1.4781894846346826,-0.27494102408836146,1.9218327477811514,0.6456716826677963,-0.30664262840674633,0
MYS,2006,0.6518419548921986,-0.15578727807197562,-0.7516808714515539,2.6894971010668907,0.32463543128627237,-0.3794337059832315,0.23068877745130564,2.4069165626490623,2.065325762681414,1.721269041494592,-0.22152608600643292,1.9247188954721273,0.5858156723548286,-0.052916877253397096,0
MYS,2007,0.8482105795280596,-0.18358606855974527,-0.7538746169423447,2.5651884812509818,0.44074622424493426,-0.51463688171848,0.22419575500688538,2.2101338535207273,1.9067074002234958,1.7176325255957512,-0.09872982099076227,1.6708002771197161,0.5422146072825496,-0.3523039999179121,0
MYS,2008,0.4447083501475111,-0.12360108189246449,-0.7472933804699721,2.8195640789002887,0.181901810066589,-0.3716796871838915,-0.0022321188216889434,1.9920451941860389,1.5530699995321415,1.6870580208018688,-0.43810684686260026,1.3960611470967017,0.44111224703167357,-0.21526813180115212,0
MYS,2009,-1.3005637303506197,-0.20896260504633624,-0.6858685067278272,2.624003527384616,0.5662079185390647,-0.0015064802767509422,-0.5214487690206956,1.7277111477877485,1.3196007628128643,1.0545117423777572,-1.0681863548512665,1.2622730893680585,0.7520184281928072,-0.3618810594487162,0
MYS,2010,1.1579333746440381,-0.19069445610201152,-0.7516808714515539,1.6490561490872475,0.35646020879686546,-0.6144074575833465,0.15684854844845816,1.5809877353387736,1.3146533260780933,1.067155469561218,-0.10272913998550222,1.1978270905106547,0.6581911082399758,-0.38245000609630597,0
MYS,2011,0.5718205995967206,-0.163427500183727,-0.810911999702908,1.7951647981833556,0.4898228796116912,-0.4593908958781649,0.2866175862016379,1.5262144561343727,1.2630428496052195,1.1426710981689505,-0.13721647314205032,1.177849439675445,0.6854592900936292,-0.0006317571726035156,0
MYS,2012,0.6212033851215603,-0.18997889740879964,-0.8131057451936987,0.8118070195817598,0.5010205012877456,-0.20408262184079,-0.07498433870643076,1.3314488166277605,1.2188636978064842,0.754074889540822,0.30810686239030055,1.1458298812984882,0.8046982138388972,-0.30387086338757,0
MYS,2013,0.40673847285924336,-0.18222134642705257,-0.7911682902857898,0.5154630512413388,0.4321676099089465,-0.15812420856795256,0.0321488886238283,1.2113990267489936,1.1626949542106595,0.5705417117962496,0.34089006626139995,1.0935099587064274,0.925539329782897,-0.37984528963106695,0
MYS,2014,0.7678784872304024,-0.16398071283852234,-0.8482056730463531,0.674667261560735,0.20065076079634103,-0.07822306130129965,-0.02471184550300325,1.1513706666670742,1.0630085124412811,0.5640038771786793,0.17400478361227725,1.0993478422606535,0.9397460144449363,-0.43718737440301664,0
MYS,2015,0.5161559404980959,-0.18223228594002894,-0.7999432722489535,0.43680693998634695,0.16298245400853167,0.5860205609937925,-0.003822473043513907,1.00928095945697,0.9623871538072689,0.44527941910051433,0.25169134479528127,0.9972181354823421,0.992579358715776,-0.6081885782730408,0
MYS,2016,0.33964255406724997,-0.182475204391561,-0.7253559255620632,0.3264961348241791,0.19431000168361462,0.022599391708112284,0.1894855912743911,0.9218569154049108,0.892739737430489,0.4435434157285094,0.3510484853858813,0.9099004988191124,0.9690644706536841,-0.6209015942907692,0
MYS,2017,0.71451898526799,-0.1511836968047017,-0.7319371620344358,0.402220860067124,0.1629446120845856,-0.0869375032522519,-0.057791119081016896,1.027694625520209,1.0097293352352634,0.4375282392503577,0.2730986472766156,0.9185647192123906,0.8683715864335408,-0.5242169122362007,0
MYS,2018,0.44782111088314097,-0.20366601909387438,-0.7560683624331357,0.30402844456812544,0.024259176607009502,-0.5095959004236895,-0.15783512701177113,0.9800533510564043,0.9595309523298479,0.1665975527073394,-0.013872113157466193,0.8626171186478301,0.9334197874576252,-0.36460323286899826,0
MYS,2019,0.3295773941497317,-0.20756406628984733,-0.749487125960763,0.5219559813845969,0.10679532787560403,-0.13022217318308504,-0.12685247478598125,0.8728778284865321,0.800818668958741,-0.027571369383884322,-0.5094291686323336,0.8416557711689248,0.9424304999598132,-0.6275314784826782,0
MYS,2020,-2.3851718801526034,-0.23922389931984755,-0.48404392157506526,0.6399132332225365,0.3396652730718242,-0.18123554925150312,-0.3368857509558066,0.7518810140239413,0.7023978329434747,-0.11655637806080776,-0.7512318850695257,0.9864445969171427,1.2167487621658692,-0.5269121903332071,1
MYS,2021,0.02761748407916562,-0.17568252004178841,-0.46210646666715643,0.586224899182623,0.08832813593525247,-0.3060370711244819,0.3416619539919714,1.0480136346816318,1.0197826840062059,0.1520716074767242,-0.3220254407957504,1.1854064936632136,1.079567110259076,-0.47626045626817515,0
MYS,2022,1.5999078444449182,-0.15983855898075938,-0.6178623965133095,0.4565133464695065,-0.11076912367618695,0.022801364794971104,0.06283531408370013,1.2499482951265115,1.2605078893836452,0.2466685952302853,-0.06798648966018161,1.1810359818170353,0.7826427890793912,-0.5581822777182708,0
MYS,2023,0.08859991092874203,-0.1754758028126665,-0.6336573640470039,0.18831979806857138,-0.0065011831953255056,-0.08875703786349905,-0.21173338787559362,0.9841079808287622,1.0396008607587635,-0.11198001647045996,-0.2044401330984809,1.1250832950702543,0.8669458410330315,-0.4619863637504771,0
MYS,2024,0.5199864986774339,-0.1869821482537491,-0.636289858635953,0.21050330560057262,-0.08245508340726268,-0.2296289649580036,0.06416120290233276,1.0711685591814895,1.1212251768518964,-0.1709200809028798,-0.351910968939718,1.0336280199113042,0.8461885590095178,-0.5959848802141557,0
NGA,1990,2.354960000008936,-0.08979689125806913,-0.6395804768721394,1.5072513269756163,0.05112093493788671,-0.24451868391876644,-0.35537384553492624,-0.26968923605895945,-0.5915409987681485,0.45297867113671253,-0.6167687680521508,0.20375970139305075,-1.4202201914940926,0.9472313804101724,0
NGA,1991,-0.7857034526965186,0.009361360099697142,-0.6395804768721394,0.26671825248995246,-0.10484808485162524,0.7556860529711975,-0.3378565364977527,-0.42152310559539047,-0.4486285170375097,-0.3171844193353209,-0.34317675478238463,0.5049065694150412,-1.4202201914940926,1.192636472577554,1
NGA,1992,0.38953973469984493,0.5643569405344845,-0.648574833384382,0.6685836145280826,-0.825563894060605,2.9592483071094042,-0.25320428042674603,-0.6340396018826637,-0.5392995485330657,-1.433030565806219,-1.0234445484732426,0.18122594347372778,-1.4109734951050688,2.5499437540794903,1
NGA,1993,-1.4440268866744117,0.7853651366985924,-0.5974605634489544,-0.31750006713521184,-0.7564989030947722,0.9395226470671837,-0.14860485963138792,-0.5706751587109808,-0.5228728505666477,-1.0963178743054385,-0.9805936024215866,0.30818615951541856,-1.4202201914940926,2.0515858965635987,1
NGA,1994,-1.3834625273791672,0.7830183381098266,-0.5884662069367116,-0.5361243566295296,-0.7482735108393042,-0.2580325066219862,-0.13814542792996323,-0.5691899984602508,-0.7239368778703325,-0.47307258018321463,-0.7308062418404735,0.7568883859945721,-1.4151002994472524,1.0413256976058949,1
NGA,1995,-0.9042546228388614,1.0607420951546562,-0.5691612466177518,-0.17876014772041302,-0.14847060296296338,-0.26419736428138835,-0.4921990199960825,-0.5128376685781059,-0.6970448441362449,-0.4836909944653146,-0.6772547801998834,0.5927054473114354,-1.4202201914940926,0.2502586840442079,1
NGA,1996,0.2698191817389637,0.2951253319470627,-0.5930730724673725,0.02095947822461387,1.557038338977963,-0.24664458270376308,-0.48728779418362905,-0.5111465844877029,-0.7529997367826536,-0.7722502218441798,-0.8710900553922336,0.43568697299396825,-1.4202201914940926,0.08067125930636353,0
NGA,1997,-0.07642007558069566,-0.06931574570977106,-0.6104036618446206,-0.06640548290435465,2.918350889273454,-0.24419964124511925,-0.4929280700738318,-0.7769701587930714,-0.7043299887744234,-0.5907773861866779,-0.9745203064776695,0.45282907198280853,-1.4202201914940926,0.07337308791873981,1
NGA,1998,-0.1742952010789412,-0.04354452954126282,-0.6196173929059422,-0.17605119391231094,3.3439973596507024,-0.24452849988754535,-0.5084911317854753,-0.6140991156676426,-0.42582501588251553,-0.5743472507427644,-0.24523931985885494,0.14535426249425823,-1.4202201914940926,0.4026693114848428,0
NGA,1999,-0.7236043157524014,-0.10290699662751514,-0.6055774217648805,0.06628715932688506,-0.058033250038612344,9.31183058337656,-0.25695880313313785,-0.047496053613245805,-0.32491389084177635,-0.2701632912498379,-0.5349535237671194,-0.0645342788186226,-1.412348345478343,0.9692603468030577,0
NGA,2000,0.49536283092632916,-0.09737285559592893,-0.6128167818844905,1.766293963741034,0.7133501495249926,0.19098305334352728,-0.2651313028191357,-0.3127897384924247,-0.5015859622437402,0.3239455881076297,-0.3791747829199741,-0.4733305695776419,-1.4106706195690282,1.753144189015335,0
NGA,2001,0.7433888111581013,0.11245777856900994,-0.6244436329856823,0.4986577652868547,0.4676569430493815,0.15828398314625533,-0.2699150950669104,-0.26501404637996057,-0.3520727002345989,0.18179984217187906,-0.2952261551629954,-0.4747449832438783,-1.3765259979747964,0.6155502970675245,0
NGA,2002,2.7536218099513228,0.0070699175898778785,-0.6751191538229517,0.11520667411378285,0.014550157963693407,0.11653494700213494,-0.21307268401091625,-0.6183357131376443,-0.363130049845609,-0.7764098146313185,-0.8375931893732811,-0.846527087030719,-1.4141157113004024,0.21928315055450612,0
NGA,2003,1.1365751059652631,0.027370594844226916,-0.6821391393934827,0.47607751917720836,-0.29565294201037656,0.0635065475803609,-0.2222461532865821,-0.9043504853195093,-0.7641555883175959,-1.1065259479596277,-1.5743697445425733,-0.8027631742010509,-1.3968502196923505,-0.05919146858430934,0
NGA,2004,1.660094480815654,0.04435073566775632,-0.6924497432001998,2.0530717219275125,0.9152315308796849,-0.12263463466610368,-0.30828177294214054,-0.48099606143027773,-0.5752716381753666,0.22843074244125874,-0.9407838440699997,-1.013679026630501,-1.4062205421069014,0.31661930650081643,1
NGA,2005,0.8866434298270759,0.09470612642002793,-0.6623954299763647,3.4963701043864135,1.1141192421916142,-0.29669402062571193,-0.07381893784312608,-0.09276267414410194,-0.46002912779881544,0.9669875262229587,-0.6480002380443161,-1.1544881308537753,-1.4067764747970266,0.4176623380011074,0
NGA,2006,0.7823752771950044,-0.07463054944153684,-0.6575691898966246,2.553683457454613,1.6930201180186586,-0.33035949770824435,-0.20273891877697323,-0.10490861302202087,-0.5358735705820494,0.644431224634661,-0.5596457356891634,-1.3670176947964303,-1.413362072207181,1.1386435908671058,0
NGA,2007,0.9286198098903293,-0.12456195109101155,-0.6476973351880657,1.6284840148715278,1.2565172011331818,-0.3394866804596437,-0.18124917405824606,1.825581665547751,1.3378470309056725,0.5710552447567174,-0.17748784750717134,-1.4464372852270944,-1.2945821565457454,3.8349307418720575,0
NGA,2008,0.9762975788791287,-0.015661489308723037,-0.6481360842862239,1.3961157791467216,0.7140549898632932,-0.4918316894627443,-0.14186759499306467,-0.24136161870095524,-0.5823892365565867,0.3326285802856812,-0.629694581224445,-1.4873291947286396,-1.1933924141406125,1.446644268050715,0
NGA,2009,1.3262851289664734,0.0011186556935384796,-0.6544979462095174,0.7279603426248727,0.7378891714809518,0.8539852986521118,-0.06351961282269554,-0.9300999827287876,-0.8686245053028483,-0.9286292969202916,-0.8268432847389166,-1.5454657765211055,-1.1726232526123426,0.011767270339672283,1
NGA,2010,1.3176845510333102,0.02224392937836671,-0.6586660626420201,0.5337849915898145,-0.09933149645300968,-0.2036098351024858,-0.2661373738735591,-0.9345442857004902,-0.7734684972412267,-1.0917284193632595,-1.6134023393905845,-1.771607568959851,-1.300990719583239,-0.41511704357129925,1
NGA,2011,0.5756744215043205,-0.028962979459267468,-0.6529623243659638,0.36198841878339144,-0.295748771192009,-0.14260363235503432,-0.1870591576654971,-0.9211561381441438,-0.8034402569860756,-1.0319067960538617,-1.4883224947037392,-1.6628516355034677,-1.3521947873254827,0.3695159599141151,1
NGA,2012,0.279208586487975,-0.004393768901452748,-0.6549366953076756,0.5633811484328084,0.09001516695614133,-0.14294042411893423,-0.28518713131962664,-0.758278067309465,-0.7601269034210922,-0.6258295564452844,-1.2640694222356093,-1.5654951760569267,-1.3613789918756645,0.6526647035633761,1
NGA,2013,0.950680174972925,-0.06991948876556543,-0.6659054227616301,0.5492318503348235,0.0649761629044446,-0.2496564838200643,-0.3583388718851528,-0.9569443912889591,-0.8041517353275484,-1.0902720348949804,-1.5251594714761663,-1.3536389852872799,-1.341950569726525,-0.01772143681628884,0
NGA,2014,0.8512176223476835,-0.07779418671009333,-0.6244436329856823,-0.053654834654318015,-0.20465598591776712,-0.21062391703554342,-0.3989310097046579,-0.595096986781702,-0.6424209607056816,-0.8401344933181503,-1.354029161793237,-1.2292952915273159,-1.3050445353628894,-0.8094611102457825,0
NGA,2015,-0.1546458768083363,-0.06088831221424229,-0.5731099885011753,-0.6195080417090302,-0.17134577984467533,0.6738119159457976,-0.43049131366054044,-0.8736671476783434,-0.6714290770291473,-1.374296202982713,-1.2498104191117898,-1.265773337096582,-1.3096127416835366,-0.5532973576651288,0
NGA,2016,-1.328987423978615,0.05663053929676406,-0.493038278087308,0.13503353601220958,0.3165099549440949,1.1185946779367324,-0.39314685599882737,-0.6375123831438331,-0.6525444268322315,-0.6372845459129263,-0.30681314677899546,-1.3974799062394743,-1.2776121115992685,0.9063832576315256,1
NGA,2017,-0.6626093834697669,0.07078496333704828,-0.42042530234212944,0.5401805617132012,0.7410592260802101,0.6419273074172339,-0.42716077887992976,-0.8950296610729569,-0.632561967207462,-1.5837615832595484,-1.250629699873389,-1.3865218175973286,-1.3143553260991687,-0.6950239097616192,0
NGA,2018,-0.35541449611772896,-0.006663084672790863,-0.3679947851122272,0.2162678540848105,0.3182341824718975,-0.24039360530025616,-0.5009757593683315,-0.9120089895371178,-0.7443587455331643,-1.2908551855512789,-1.6887685176563567,-1.2269846328753247,-1.3688724445671843,0.017943170665616032,0
NGA,2019,-0.2768405336097153,-0.018941225154420167,-0.33794047188839194,-0.43313319749619583,-0.13871771513403874,-0.23276558491928134,-0.47502565839428684,-0.9639255461178363,-0.7830853637147771,-1.1608894722584693,-1.5731886988262083,-1.3234509351326478,-1.4174870374144712,-0.4296045610704972,0
NGA,2020,-2.6360314026437206,0.013562247346350444,-0.2264982009562147,-0.5402387114511997,0.23138939828701457,0.4818989780572199,-0.4664061622249617,-0.906180068760787,-0.6953401784924548,-1.394385446864619,-1.464274441018849,-1.5021734297012972,-1.399986750169778,-0.15772843337066433,1
NGA,2021,-0.5791686968575432,0.07870310240739418,-0.2945043111707324,-0.1727160344349887,0.3754168881652098,0.262505340338128,-0.44298688950082676,-0.8842363770184187,-0.6975789489006058,-1.3090959707651613,-1.4531202719718694,-1.373279378991101,-1.3796141284496395,-0.02111321717349338,0
NGA,2022,0.30362427979370366,0.11199281847786605,-0.6404579750684557,-0.05372989030840454,0.00394363767942314,0.021399512046794238,-0.535228254899576,-0.8861160393861688,-0.7224035881990265,-1.2802263291597107,-1.6092845653242396,-1.317120816178444,-1.3832032608544935,0.1459376349117093,0
NGA,2023,0.02776989929383664,0.21413482254590965,-0.8056470105250098,0.145900022154945,0.07295150144465928,1.966601196721957,-0.468707378870423,-0.6724491353900018,-0.7237856299911923,-1.166871347496669,-1.167188909165702,-1.2930976337120108,-1.3832032608544935,1.902849223487685,0
NGA,2024,0.23547715920845896,0.3649502284222712,-0.8120088724483033,1.2169970704845028,0.5579029459780981,5.307961769917699,-0.42754060431114266,-0.4066912523781506,-0.3601262756538109,-0.11648536802120503,-0.8837321205884576,-1.4014236125742496,-1.3832032608544935,1.902849223487685,0
NLD,1990,0.2663257348840417,-0.17608692506057752,0.11813921564703404,0.3556712052622441,-0.5475463781729852,-0.24451868391876644,0.008700814335113842,0.5322689236506034,0.4716151452035112,0.107466495039795,-0.013202275013787181,-0.12579612303420284,0.7230482836951151,-0.36353919998399,0
NLD,1991,-0.21338519018970292,-0.16371347649898593,0.11813921564703404,0.3108079425776352,-0.5787475002151337,-0.1295481984071312,-0.25444614198321575,0.5551607057044202,0.48629578249564837,0.049868233144564164,-0.16916138509885892,-0.24244648716735856,0.7230482836951151,-0.5318116955539438,0
NLD,1992,-0.4150139945214488,-0.1632673241377287,-0.26137875425979,0.2432036387658115,-0.564443343850362,-0.5000666653878604,-0.25649574321606283,0.498021158501066,0.4333522515859971,-0.031307452807521605,-0.17068857482844751,-0.30977760982052827,0.7230482836951151,-0.3466332030853437,0
NLD,1993,-0.5383789442676291,-0.17380080027252154,-0.10079658433389682,0.560684986348675,-0.38135246853059696,-0.003014808879550939,-0.24038478661821716,0.47283054983423767,0.3451156964112713,0.004532822046140079,-0.5231431570919554,-0.34943549158770787,0.7230482836951151,0.8388515735270042,0
NLD,1994,-0.06982078123727191,-0.1699813320453757,0.09049802246306876,0.7027520410685483,-0.39429592503654554,-0.3308311456334134,-0.22831447976500097,0.5428499850894198,0.4176426412804111,0.12319026129706952,-0.48086516240692895,-0.3770438836241983,0.7230482836951151,-0.210729727441925,0
NLD,1995,-0.0272036508185088,-0.18541594490688554,0.09005927336491062,0.8979893476605848,-0.5651915199883283,-0.7504862744077586,-0.0966192587357705,0.6247973374348633,0.5092627048904966,0.24723798612452416,-0.4443925385059843,-0.35248425062093075,0.7230482836951151,-0.32316465919147447,0
NLD,1996,0.056576307586827544,-0.18206713148823345,-0.07140039475729883,0.7386927389962393,-0.6628725867478964,-0.02985250979356313,0.06183327260152766,0.6282692921954848,0.5341208495539692,0.3427685815123624,-0.3031904118643801,-0.46563986625405357,0.7230482836951151,-0.38510689024781475,0
NLD,1997,0.28427301893684426,-0.18214695339152018,-0.27103123441926985,0.9524452201360664,-0.7337115344688642,0.4318080965549529,-0.10499843195227349,0.7253227320649133,0.6372736759824132,0.3831415220256253,-0.24753827173398302,-0.5426248857496009,0.7230482836951151,-0.433483723940596,0
NLD,1998,0.39408089329330004,-0.1847848593068301,-0.5160726057406122,0.4302786379082684,-0.7755246089420126,-0.17303565132139018,0.8506370907329576,0.6897217709692043,0.6063464139361733,0.17135447471424775,-0.21471442304071756,-0.5506486313130784,0.7230482836951151,-0.630095058204129,0
NLD,1999,0.5029012283249092,-0.1813046058521449,-0.685429757629669,0.521650624852935,-0.9142842924867226,-1.798390128144076,0.9497857097365702,0.7099541385665754,0.6567464322515352,0.29600713601844164,-0.17496470550838092,-0.6423174209898257,0.7230482836951151,-0.3142560677622936,0
NLD,2000,0.2763588441359982,-0.1777312089919829,-0.8822087281536117,0.2181133592517992,-0.9391800806575754,0.4168293268839252,1.902863703011196,0.9109829152932183,0.8578940579633235,0.32223600251312656,-0.2640783017505499,-0.6883171861995655,0.7230482836951151,-0.4198583914532679,0
NLD,2001,-0.24516711810284522,-0.14618164951150853,-1.0151497048955396,0.30950814659036413,-0.9442893641993769,-0.11027410609580504,1.4054343845985657,0.8105707010586553,0.7369799734010852,0.12751255179581375,-0.23876368947164772,-0.722762986032701,0.7230482836951151,-0.4359975753101084,0
NLD,2002,-0.8166528862569248,-0.16144066815599073,-0.9197217760461361,0.318296138349199,-0.92923919888629,-0.47146346402766526,0.3324872173008572,0.7037068949106648,0.6030261216402755,-0.07196384836864236,-0.5237755395252065,-0.8294832522915265,0.693350417896957,-0.5543811308977143,0
NLD,2003,-0.8573532401994712,-0.1824500431281213,-0.6917916195529625,0.8020822464030104,-0.9409159270470426,-0.949460272290276,0.03503345826663052,0.6754014180754853,0.5805569820680656,0.04509121932828994,-0.6167661485621264,-0.9094256341439586,0.6843367516844515,-0.397941063384798,0
NLD,2004,-0.3296902109874275,-0.1970068489372015,-0.4607902193726819,1.0721018069708188,-0.9991335652601272,-0.6339489650696531,2.8771829182518154,0.7851724295344547,0.6695461387817613,0.08168735407463504,-0.6508037608777093,-0.8946553684101018,0.7671058742673664,-0.42685675693431385,0
NLD,2005,-0.32481290717958133,-0.1895473136538231,-0.19183702220171878,0.9584166694713301,-1.0186168812531515,-0.2451678178666069,4.381360128863655,0.8829545635410404,0.7589470087645327,0.1630037298859336,-0.6236832933063773,-0.8852218653448817,0.8416579858270924,-0.6153871966577398,0
NLD,2006,0.08866373741508797,-0.19985628425514546,-0.3815960071551308,1.2531434844649767,-1.0155723870431612,-0.2839009138533064,6.994912530902091,0.9666697794639963,0.8511453563109264,0.29569873716947215,-0.5290777096112567,-0.9462642679026646,0.7802823235487715,-0.613622238513482,0
NLD,2007,0.18441611435973537,-0.1908525055102263,-0.5689418720686729,0.9280520919708997,-1.0286118776016018,-0.6046823781061714,6.994912530902091,0.98512486505563,0.9301094732138425,0.3155296528174027,-0.130197382117867,-0.9295404255423931,0.7752591166127086,0.5696614847753396,0
NLD,2008,-0.3020582219576513,-0.17551733923091623,-0.6775322738628218,0.6189143289029587,-1.029483691369189,-0.5374685286100913,2.756644751474952,1.0144145358519188,0.9091197974593632,-0.00011434250344778304,-0.30807251968842964,-1.024355283062246,0.7229706258906337,-0.513932247796981,1
NLD,2009,-1.8924025451124387,-0.19830499288897088,-0.5252863368019339,0.49469289493726115,-0.9683840903264511,-0.01048216504772744,3.1924562315896723,0.7526619108090196,0.6364468589203193,-0.11089934061913319,-0.5914387581079553,-1.1938528367497123,0.8489858183150709,-0.6914041636324328,1
NLD,2010,-0.5213806748755329,-0.1968019748392478,-0.38510599994039624,1.0213068710835558,-0.9610051019745982,-0.020676156961311035,0.5125228964042841,1.0040050635657494,0.9187256873106814,0.20540936137448462,-0.6852955019961874,-1.2053148039740382,0.781067823749365,-0.5651537583703831,1
NLD,2011,-0.39652180209976395,-0.1780730463576466,-0.38817724362750333,1.1260907856232991,-0.9707787069238195,-0.4489824384630788,5.7565983005407935,1.1965564884021034,1.1429360786618623,0.2697705797630557,-0.7071163699474625,-1.1474095817991592,0.7919847407970033,-0.3527854368302262,1
NLD,2012,-1.1532189259336056,-0.17606130691062613,-0.20302512420475233,1.2097473556910434,-0.9480999131431779,0.11387325097248478,4.446270778839179,1.340464356010233,1.268287864569968,0.1587894541255263,-0.9382673056685228,-1.1545487929822404,0.8442331395043101,-0.4560249905730053,1
NLD,2013,-0.8925859869848687,-0.17515890599880568,0.10848673548755403,1.2784491796524209,-0.9796371519912797,-0.38469551033842525,5.37891285923305,1.366482537560715,1.2862262356609653,0.18315515355161713,-0.9768660978875765,-1.2271223367476827,0.780540390153113,-0.36578626765117506,0
NLD,2014,-0.4407344785529771,-0.20206112735949372,0.14753540522363184,1.3893916081204474,-0.9930669805372438,-0.24575656342533242,2.044144178416101,1.3995485303283537,1.288277577978305,0.18224449310615767,-1.0906338706188559,-1.2246352602593369,0.8273240422933256,-0.368417675604083,0
NLD,2015,-0.3009869230017791,-0.20866491900469306,0.027537526877370235,0.7532466302588233,-0.9968992891181067,0.6035251585265867,6.994912530902091,1.4848906981538572,1.5207305312632187,0.2706636099219006,-0.3143242398059694,-1.139055172105924,0.7212250282561006,-0.15855314339460774,0
NLD,2016,-0.21747069087069107,-0.21364836268203213,-0.1622214580760418,1.1484867589107413,-1.0008109169128536,-0.23438833340814982,5.072336370523504,1.384087688948332,1.2775232990509366,0.2678204058539772,-0.730632516993856,-1.1182754540921944,0.7746433452306377,-0.36644705105004244,0
NLD,2017,-0.11921534363472983,-0.1949365230200417,-0.4188896804985759,1.3039685129902334,-1.005889529040571,-0.3311533010824438,3.2882148894445593,1.5237324398636813,1.4483854318793998,0.43000067597362457,-0.6543208909102385,-1.068481688889325,0.7029484424767884,-0.16732786810009714,0
NLD,2018,-0.263004903327639,-0.18927725225968814,-0.6393611023230603,1.4395398801504204,-1.0160213613619458,-0.43106596964475413,-3.501244557540165,1.5851137314520702,1.5272668239196083,0.5594763162620258,-0.6081859769299908,-1.0492321774456357,0.5866865131961486,-0.22330897088145682,0
NLD,2019,-0.25160959032721036,-0.17293060982455152,-0.7387377730558876,1.0883792515280635,-0.9993073678916959,-0.008552265515865357,-2.745944280445277,1.5283564390952393,1.4828338061101038,0.4641528921274755,-0.38597465893547817,-1.0912200112245902,0.4806296790320791,-0.3119894874148252,0
NLD,2020,-1.9481594171593843,-0.1968519762721615,-0.6419935969120094,0.9037022801431253,-0.955559224002154,-0.32999164869926234,-3.501244557540165,1.394946007067632,1.3137713963701902,0.2805673862638951,-0.45660016942898884,-1.0800948210508554,0.5165181548808155,-0.17068410340510726,1
NLD,2021,0.8421732427494866,-0.1721921652182879,-0.5566568973202438,1.6873256594061317,-0.9559765959124147,-0.3918075436670068,-2.2976160436005033,1.565280575987691,1.5350982204164922,0.9408224824358646,-0.3101788511098666,-1.0324291388260067,0.3811122248381234,-0.29437110370376496,0
NLD,2022,0.49296983708075925,-0.04345965518902945,-0.7064897143412616,1.0926787453543805,-0.9807063087117804,0.2846500908128757,-0.2927180971905113,1.8921052491835013,1.9596506820499522,0.5978823537870663,-0.19373716810920505,-1.1040977645726289,0.2752089310539877,-0.5232776470614575,0
NLD,2023,-1.0487646718573527,-0.1517602326834559,-0.7045153433995497,1.5386846581367666,-0.9684592169830446,-0.35665693895190115,-3.501244557540165,1.599163144795674,1.5676215407003036,0.5807607086895566,-0.6777472907717604,-1.0822886280735167,0.20524317981177775,-0.5033008560377851,0
NLD,2024,-0.5889112760108655,-0.16038606333215008,-0.6683185428015,1.4910897260085247,-0.9462243172951899,-0.24893228833889064,-0.7568705349919458,1.4360265657862945,1.3318591809898617,0.49783018734552315,-0.7484561755789348,-1.1517806672515813,0.13946457721670824,-0.3095698455618444,0
NOR,1990,-0.34544860044730236,-0.14661760258640488,-0.2938461875234951,0.493641098299727,-0.1490833906919539,-0.24451868391876644,-0.395372357877048,0.009359845873210456,-0.1591097192178318,0.26865436069080884,0.1341526601361148,-1.1035183141535883,0.43630611877759123,-0.4768728018102883,0
NOR,1991,-0.0979959182464796,-0.15879299786111906,-0.2938461875234951,0.6329748516262256,-0.26066380910308035,-0.09131473764009204,-0.5775918521906986,0.007621038914212693,-0.22159075986128188,0.1202587651447148,-0.318749970582007,-1.1624983035380667,0.43630611877759123,-0.6139421867805864,1
NOR,1992,0.09607087126704585,-0.17830123705564657,-0.18350078933671332,0.5108376851490519,-0.35064013239187447,-0.4224319399843589,-0.6133437908971138,-0.057384029392436316,-0.2563097158722618,0.04804482062393132,-0.4522713494189797,-1.1561272219588647,0.43630611877759123,-0.3219765737420746,1
NOR,1993,-0.09403406935469161,-0.1790009279651175,-0.1714351891373635,0.42478761604711135,0.218126387385538,0.3636492392961373,-0.3973394346735709,-0.05453650221427647,-0.24043455187001636,0.04345335311019155,-0.36799337614048966,-1.1195255275129046,0.43630611877759123,-0.8029228644121418,1
NOR,1994,0.5017984652008224,-0.1950381619189184,-0.3065699113700822,0.4312524863957418,0.08561118429259275,-0.26665265945816924,-0.18173728436676737,-0.052594195318165844,-0.22546753055429705,0.1579894771368247,-0.2118222177327469,-1.0899364301208427,0.43630611877759123,-0.5043173728377941,0
NOR,1995,0.25798413084850397,-0.17597660156823292,-0.09640909335231494,0.5149794613202473,0.083925720532206,-0.684332385109375,-0.27553200874060957,-0.056869671419326195,-0.23379061620192954,0.34451195030966253,-0.042546370333728385,-1.0131639536302395,0.43630611877759123,-0.5695107560280827,0
NOR,1996,0.4825894123496472,-0.1970264413389147,-0.37523414523183724,1.0809186747485755,0.18821418516086316,-0.16675916516633255,-0.15109625194676954,0.03632421394765993,-0.23013298375769806,0.579324618943135,-0.2864874530031422,-1.1420868678083647,0.43630611877759123,-0.40542443940004724,0
NOR,1997,0.5163090932121088,-0.17410407558117794,-0.45179586286043916,0.9981416592624248,0.0008506311242227286,0.17089866063178935,-0.07621885378425569,0.058377770115750786,-0.17809176683822775,0.7929170842657074,0.07993478382717041,-1.1454020604987982,0.43630611877759123,-0.6921764103244954,0
NOR,1998,-0.13450815820185683,-0.17963103440017567,-0.6602016844855737,-0.08012824263099098,-0.2402337129902071,0.04200801023524892,0.06385175468865864,-0.04991064813414742,-0.06998238232211483,0.3934819208127348,0.6139037494578463,-1.0550751324608205,0.43630611877759123,0.043581938639345556,0
NOR,1999,-0.2839414833292223,-0.17763552224247944,-0.7676952135343273,0.8639462527551383,0.049632751939753396,-0.09983278572766723,0.05068127153443003,0.0018448298609861729,-0.2185290166615066,0.6348595762220041,-0.02621506247563401,-1.132342300904405,0.43630611877759123,-0.6786475529105631,0
NOR,2000,0.06284215253047101,-0.16499089995020783,-0.7214071836786395,2.4477790540640427,0.1954792032270355,0.30786404650993276,0.2558480134925345,0.23708360544019996,-0.3150200326570273,1.4268220672724046,-0.49583595703183886,-1.3378452380168937,0.43630611877759123,-0.31345135469282787,0
NOR,2001,-0.2892161771659666,-0.16641976292422353,-0.6599823099364946,2.6489767849186134,0.011391289271327494,-0.15186092146556976,-0.23462102599701487,0.21473659128492087,-0.33621193750026757,1.388352612734657,-0.7225109065788398,-1.3284592897530065,0.43630611877759123,0.09581857219014855,0
NOR,2002,-0.4833891736386491,-0.19660129573845056,-0.5976799379980333,2.056258155292283,0.31978484852662903,-0.7261312087140919,-0.28231087452502884,0.06530353729380867,-0.38022141333792986,0.9027297856154103,-0.7971075788426144,-1.3332579786946837,0.5639113305569765,-0.3783645757442584,0
NOR,2003,-0.582715387158892,-0.1754940801469571,-0.5540244027312946,1.998142469093281,0.30821902229057657,-0.730791611483499,-0.23691665128208425,0.03658531721087309,-0.39810423068238737,0.7376001074982312,-0.9523550934897571,-1.3371991590643753,0.6489135874990772,-0.6551992437551794,0
NOR,2004,0.3067396254796348,-0.2112262116023988,-0.5463462935135265,2.0560901881584823,0.2572111855169902,-0.4504747149292197,-0.23242661319699362,0.08052053804845843,-0.3651430201604135,1.0094818282621336,-0.5960345274042278,-1.3979354741836434,0.6109119981099018,-0.4085673611471925,0
NOR,2005,-0.06744340405455172,-0.19228867667551766,-0.5189244748786404,2.6794272575750786,0.11060234813097791,-0.4346784972139215,-0.010417132374403885,0.15221380997887718,-0.3902499131575093,1.54561831726839,-0.457432541568987,-1.4699377546062764,0.6364734524667502,-0.21584765530515837,0
NOR,2006,-0.1011293391741132,-0.17827901115950415,-0.7347890311724641,2.6691625312857705,0.14399802825471697,-0.26397062395740656,0.016299310892807728,0.18269440810971138,-0.390646982865922,1.6709049674541407,-0.20444235381973946,-1.4553284236694948,0.43300466333547827,-0.4123976879846448,0
NOR,2007,0.05648439877885179,-0.20669072563372995,-0.9331036235399606,2.01706025246709,-0.07518241372333724,-0.6141114663156595,0.4489856129423817,0.12783089572407053,-0.3255526481808892,1.5403595228834266,0.34339395384756305,-1.455329839172664,0.6285589285799816,0.18162482694636312,0
NOR,2008,-0.6579557697169532,-0.15324451591676197,-0.9269611361657459,2.5763725527693575,-0.33454564217599797,-0.4070023927806048,0.17143707629659108,0.23156079256910833,-0.34400865943458625,1.8478097669365132,0.1888025349703172,-1.5527693946894257,0.8741427147610451,-0.6059213852456108,0
NOR,2009,-1.327997952278189,-0.18059804432142015,-0.7999432722489535,1.8830690243132033,-0.0666080560303015,0.24939356652583214,-0.17909089517475327,0.0216509873564379,-0.3851253189032436,1.0069328000930104,-0.09874781198093519,-1.613628273723472,1.033435864646901,-0.7206796760659145,0
NOR,2010,-0.6078618337945085,-0.17670521230827232,-0.7062703397921825,1.8835655775795284,-0.1290017260277004,-0.41135145773476306,0.2610027389793844,0.03215939740520293,-0.369775790270874,1.118904431571591,0.005397013268787647,-1.6496366762262065,1.0323491995788112,-0.4285402495313654,0
NOR,2011,-0.5033103835197157,-0.19663246531411485,-0.7788833155373609,2.148208062958927,-0.3193549990977958,-0.5569910759036526,-0.20727348756729957,0.07898545856727797,-0.37861117286002144,1.3449344001385604,0.08453491449415342,-1.7321478101111067,0.9731242993362724,-0.4310365436591526,0
NOR,2012,-0.10753992987304074,-0.20696706407079427,-0.7935814103256599,1.9996281604983797,-0.3065602763685607,-0.08130892677402916,0.32504181500495366,0.06655837279611532,-0.40330879669048697,1.3818525876731405,0.15775718647773643,-1.7558460674568783,0.9236343781194902,-0.5320353511158675,0
NOR,2013,-0.5341570336394921,-0.18194942011834897,-0.7286465437982496,1.6215329054201968,-0.23478535233694636,-0.2020506648372961,-0.5713837216663469,0.018494161704078485,-0.37090179516968536,1.2281837227112942,0.38295600562995336,-1.7597949766637857,0.947799409468561,-0.4138498974958158,0
NOR,2014,-0.3079803876536296,-0.18333389811426345,-0.715264696304425,1.7522578986807544,-0.11355692390713645,0.06752212499965515,-0.42935644641284115,0.013768225110190874,-0.322044417399993,1.2620233556692875,0.3484294490318081,-1.7331480096176637,1.0268436967826533,-0.44720369228395185,0
NOR,2015,-0.32198740755040733,-0.18105932790895382,-0.537571311550363,1.2547183334907515,-0.04592710345932351,0.9572039742890878,-0.23821112001457775,-0.0264046478223629,-0.23335299622779362,0.8218636895073353,0.2781761459996691,-1.7158846109427397,1.210797065302262,-1.04716058582166,0
NOR,2016,-0.5290175796816043,-0.15682823986601055,-0.45333148470399287,0.5819227430563398,0.02023613928177174,-0.06558386580571547,-1.3149591142628037,-0.11471504764557683,-0.18689241632336998,0.4160216144367983,0.3805076254295027,-1.774107578941933,1.3525873445620784,-0.1783935626420968,0
NOR,2017,-0.14998338737051772,-0.1862616387938642,-0.5665287520288028,0.8151819511524667,0.044341838738092,-0.3101620344277315,-0.30197606218712875,-0.0917978556675943,-0.21940177121266688,0.5073692663276863,0.35258483433648863,-1.8038290443312177,1.354441477813606,-0.44883562597582993,0
NOR,2018,-0.5788554988507604,-0.17062619225529843,-0.646161713344512,1.2422236859123061,-0.09952453434698554,-0.3168077728605451,-0.7312406676644001,-0.04203019758550887,-0.24037506910536513,0.8349589438663277,0.34477938714682027,-1.8668265933156099,1.3011883518475529,-0.4959863383110416,0
NOR,2019,-0.480025602991195,-0.18111919325366999,-0.6718285355867655,0.4024936623880083,-0.027239203987167743,0.1081425714774457,0.08929247845906531,-0.09457564372244678,-0.1508526423975235,0.41315640024241956,0.6849648700893611,-1.8433804777938971,1.4283443523538844,-0.5594156373156394,0
NOR,2020,-1.2584889793176366,-0.19660376261756338,-0.5094913692682396,0.1087199238379611,0.3847012219275239,0.056165836904308104,-0.668818899516981,-0.23679268021383582,-0.1959546519613561,0.20775550128182632,0.8775202824524997,-1.7918687435978273,1.7077290174279778,-0.1301298018911593,1
NOR,2021,0.25530284330014036,-0.1579901723767353,-0.5237507149583804,2.3762843341380417,0.1829158964587399,-0.6213649330249158,0.0361302392288474,0.10457553153338867,-0.37801677725297533,1.1842287598268422,-0.09821674540397467,-1.9369885942330483,1.1946023527829304,-0.2170254237333558,0
NOR,2022,0.23804370379189882,-0.11791893545360219,-0.7712052063195928,3.966617350881129,-0.1525856984268411,0.2677620512416523,-0.15810428085163397,0.49030708694243946,-0.4159558135029696,2.621833382628562,-0.5183100369542819,-1.9369885942330483,0.6455890729033895,-0.47690722169688216,0
NOR,2023,-0.7872594140793827,-0.12224675387950977,-0.6959597359854652,2.8730271950058324,-0.03824742895875201,0.17967225027230826,-0.08852248250723144,0.25567414204830385,-0.23565307305735775,1.5202774565255521,-0.06407087300125136,-1.932007924400543,0.9809514103365227,-0.7450967647322114,0
NOR,2024,-0.4926741660708318,-0.16394010398551837,-0.6025061780777733,2.506814684416365,-0.10852337106903051,-0.17028646621133778,-0.14044919809596637,0.2548413213691847,-0.15027349341636065,1.7034866963767465,-0.05416004593300905,-1.909729591257782,1.019487809868714,-0.5869359560983034,0
NZL,1990,-0.8466173382419621,-0.11204383487067399,0.8484370895313215,-0.6490020727642376,-0.6260357733756119,-0.24451868391876644,0.06578404073659774,-0.3867208660665109,-0.4351618898773622,-0.6131490254277961,-0.6098188821718887,0.20506376154697364,1.5320888856532722,-0.23151516033073175,0
NZL,1991,-1.1801851683296534,-0.17348076174526947,0.8484370895313215,-0.6490020727642376,-0.6260357733756119,-0.0976123318797523,0.10663556191146789,-0.3082496069084738,-0.4495756509733623,-0.6131490254277961,-1.1188407581866717,0.2181382119517672,1.5320888856532722,-0.6829075613890628,0
NZL,1992,-0.5814599139116075,-0.2013841151507294,0.860063940632513,-0.6490020727642376,-0.6260357733756119,0.0734275193862048,-0.10982096047989086,-0.24185102959224272,-0.35008503503851357,-0.6131490254277961,-0.9237740808471346,0.2266650954009853,1.5320888856532722,-0.5611916510563618,0
NZL,1993,0.8715471704411386,-0.19657524374273996,0.6707437047772593,-0.6490020727642376,-0.6260357733756119,-0.27054689949670413,0.23091668836204607,-0.261121564828165,-0.3923563854229541,-0.6131490254277961,-0.4786944140091381,0.23108285542642545,1.5320888856532722,-0.44372827856006347,0
NZL,1994,0.5216957554715657,-0.18854128592339192,0.35265060861257996,-0.6490020727642376,-0.6260357733756119,-0.6252863939757015,0.23121635040678498,-0.2553748753845201,-0.35031585705387275,-0.6131490254277961,-0.2427188191270122,0.3219939745770133,1.5320888856532722,-0.28954671068824717,0
NZL,1995,0.4185761354184664,-0.15322670862209137,-0.06262541279413525,-0.6490020727642376,-0.6260357733756119,-0.6588801328148792,0.18745964409192314,-0.30066178104573515,-0.3702877832024511,-0.6131490254277961,-0.056329988350882106,0.18927249348172936,1.5320888856532722,-0.27522397416682065,0
NZL,1996,0.10339090680587848,-0.17904585003461915,-0.10013846068665953,-0.6490020727642376,-0.6260357733756119,-0.4391502881812218,0.36912271892268755,-0.33482000557418573,-0.39948201077663803,-0.6131490254277961,-0.14471046302970061,0.006216033391397076,1.5320888856532722,-0.0269302964845489,0
NZL,1997,-0.3133983309712299,-0.1983511848223266,0.024246908641183968,-0.6490020727642376,-0.6260357733756119,-0.0744851999358188,-0.06324827948188268,-0.3357522093168637,-0.3933147040841196,-0.6131490254277961,-0.18231434542961422,-0.053317188482789366,1.5320888856532722,-0.42033432432790296,0
NZL,1998,-0.6490488928850571,-0.19697878962601992,0.21312839539827955,-0.6490020727642376,-0.6260357733756119,0.7663585746806039,-0.007656511432342679,-0.2933376950219008,-0.3409302277558042,-0.6131490254277961,-0.5506205036692816,-0.147705794951144,1.5320888856532722,-0.7527391461080692,0
NZL,1999,0.5963660624103458,-0.2212212630653925,0.06066308378831263,-0.6490020727642376,-0.6260357733756119,-0.19538342895785202,-0.27256547762959443,-0.24973662920416806,-0.2567876069620354,-0.6131490254277961,-0.12951031957768303,-0.18789315342189167,1.5320888856532722,-0.3932950956340799,0
NZL,2000,-0.09520831641381448,-0.17325509326199862,-0.1352383885393138,-0.6490020727642376,-0.6260357733756119,0.4638587120527284,-0.9920084440508039,-0.09292717580775893,-0.1668802663880666,-0.6131490254277961,-0.3378783295403678,-0.19703151664115143,1.5320888856532722,-0.6887823313899576,0
NZL,2001,0.055184354208544624,-0.1730691360872435,-0.28814244924743887,-0.2143857449577257,-0.6450861151296376,0.10216077769312687,-0.4530594835411977,-0.10320971455372756,-0.2044070725613994,-0.3659539438482328,-0.17830581879567697,-0.2523374061501932,1.5320888856532722,-0.29167638659226197,0
NZL,2002,0.41263097377365265,-0.17216804614702672,-0.32126800615838125,-0.44125441872507715,-0.552907692244655,-0.6356835502790928,0.1579252514004758,-0.187714092872759,-0.2816492585007691,-0.48072716055890086,-0.21404439375770107,-0.18865723216893926,1.5320888856532722,-0.7554543467037957,0
NZL,2003,0.415581957240861,-0.18839724621161688,-0.439072139013852,-0.4947163878469598,-0.5519078484343783,-1.119058716508958,-1.1444335341041916,-0.28606434960048205,-0.3488197145506055,-0.42156425825419286,0.02629970886270073,-0.33529224544323355,1.5320888856532722,-0.2695782093615475,0
NZL,2004,0.24083217522580186,-0.17896613829475738,-0.6014093053323779,-0.8563079619875452,-0.610946868327145,-0.77699855142863,-0.17103353505245494,-0.2957548319095195,-0.3030639974789674,-0.581776298637856,0.22687929257107559,-0.3637679623806205,1.5320888856532722,-0.5828064182988357,0
NZL,2005,0.03796069751029873,-0.1658428989202697,-0.6448454660500376,-1.284223640858951,-0.5557733421348138,-0.49630011934080387,-0.2629259773156789,-0.3369036466939141,-0.28456811715747526,-0.8688458564038712,0.2511008378856984,-0.36922234314013874,1.5320888856532722,-0.2702080331765864,0
NZL,2006,-0.12115870354276409,-0.16007222436292,-0.6338767385960831,-1.2962322274223985,-0.2330533776154888,0.12390093814689938,-0.11004747975849777,-0.29362247150752074,-0.2744541402800051,-0.9526636698589843,-0.03788985892280519,-0.5829620699304034,1.5320888856532722,-0.1768850242437138,0
NZL,2007,-0.04175755028464935,-0.17745670163754163,-0.6768741502155845,-1.2501015558294908,-0.2223481338203016,-0.7499022742054462,-0.021649643906775793,-0.30459443438218503,-0.30709663858138186,-0.8251215602127538,0.13892953443356118,-0.7560147082037938,1.5320888856532722,-0.18346036860816894,0
NZL,2008,-1.1663622343266573,-0.1496416768950076,-0.5658706283815655,-1.4040331432755755,-0.5879494353348076,-0.04857605798084599,-0.21776241384622883,-0.21524596368209856,-0.1868518130004568,-1.0874333909756888,-0.18667411989657196,-0.7460538247706728,1.5320888856532722,-0.22494909017742012,0
NZL,2009,-0.8953416726592733,-0.18203438842598754,-0.1372127594810255,-0.5064501088125635,-0.08113230031285758,0.29349837549350316,-0.5375126181373843,-0.32446679763507474,-0.41569083678887186,-0.7844332899688836,-0.704537049551895,-1.0343778148225033,1.5320888856532722,-0.8010034806557743,0
NZL,2010,-0.4794432615104765,-0.17875921643399184,-0.04156545608254269,-0.48245095792581905,-0.20114011674405188,-0.8163141771898716,-0.499189212260454,-0.27437059389353013,-0.3553125169109072,-0.8636605456586108,-0.6264113653823186,-1.0215280041120727,1.5320888856532722,-0.3294035671588428,0
NZL,2011,-0.29442413615234714,-0.14842987412165526,-0.05604417632176272,-0.5733214894802596,-0.3368817129999582,-0.6222954515376818,-0.3988070982232513,-0.2688924833580007,-0.32008554049367366,-0.8824253520483712,-0.5754682902197673,-1.0009657761622004,1.5320888856532722,-0.351036368782264,0
NZL,2012,-0.25094873135692636,-0.2005871178088193,0.04048062527303652,-0.7520696650460912,-0.3349485052979647,-0.3515337714898592,-0.1795996429744093,-0.3197361142190409,-0.3472472807771342,-0.8743780539625424,-0.4631173356340393,-1.061488115065263,1.5320888856532722,-0.37266917040568526,0
NZL,2013,-0.17881097370545376,-0.19927774529191325,-0.19907638232132857,-0.6066870665459868,-0.4103417919859182,-0.29630230685555237,-0.536441840673226,-0.31980480536240763,-0.38278439832246164,-0.6206893127599707,-0.3032800197192346,-1.1240442009058855,1.5320888856532722,-0.3943019720291065,0
NZL,2014,0.1662388291605429,-0.19764194360307638,-0.28923932199283425,-0.6123509425671314,-0.4700863511570747,-0.29375915151679005,-0.2706267687291416,-0.3473441446331528,-0.3844455593265821,-0.6138644202493394,-0.14667394571257095,-0.9777282404688079,1.5320888856532722,-0.41593477365252773,0
NZL,2015,0.14157978426452472,-0.2140694531889068,-0.2920911911308624,-0.5310744495329071,-0.428870571400938,0.5700969573506667,-0.5372112795009926,-0.34800281221196017,-0.39321068660456965,-0.47713436576316576,-0.12043292420392203,-0.9400598613982682,1.6014747401847091,-0.2511988014499464,0
NZL,2016,0.14538691846597226,-0.2078566884223537,-0.3508835702840582,-0.4515222366156559,-0.2815217824035247,-0.23687805423018893,-0.3594558780643683,-0.3909944387636722,-0.43507908390991545,-0.4979927213900678,-0.11987464598467297,-1.1493255872128674,1.6574432376397912,-0.36598851226008156,0
NZL,2017,0.027710085725565416,-0.18668889544043368,-0.4410465099555639,-0.5833126259975879,-0.26321976512750983,-0.3316068243378025,-0.34424521658188795,-0.3595683587462081,-0.4026544349439061,-0.49116051312617925,-0.021761156638522013,-1.1300601857516457,1.6227192760784976,-0.3848566738011815,0
NZL,2018,0.02950078220614014,-0.19112597244341378,-0.5290157041362785,-0.7972186143951179,-0.43689145867041096,-0.12896698989680525,-0.3437308834737459,-0.3493686106711718,-0.3516347503517976,-0.574096088780351,0.03217587259005044,-1.172412866685833,1.625254473516113,-0.4308558552508004,0
NZL,2019,-0.24513066435576136,-0.19075104989205852,-0.5785943522281527,-0.5660373124023212,-0.40499762163996195,-0.028634225514149084,-0.2981936879726372,-0.36845848611022525,-0.3850060290048393,-0.40352354746953734,-0.010379660399200484,-1.2231043619887474,1.6669138702942035,-0.5206952006463369,0
NZL,2020,-0.950532095839031,-0.18908282634738618,-0.47197832137571544,-0.26706080197669463,-0.4557266241569831,-0.1760628122044612,-0.1681759101394663,-0.5533037439518076,-0.5780402934201135,-0.5018375373308411,-0.12497831214664011,-1.2737277092868662,1.7500199975332946,-0.1291244814482667,1
NZL,2021,0.29821420761754325,-0.14995498595765622,-0.6516460770714894,-1.052618336006204,-0.5285635127328654,-0.6018864197480639,-0.19390307874727455,-0.5315365300771511,-0.4254165644795483,-0.7464197615858496,0.21800877996003448,-1.3951467601179965,1.6745680311959787,-0.3975703238300097,0
NZL,2022,0.03583292352739429,-0.09317403705989716,-0.7562877369822147,-1.5863503029068755,-0.6480346743171738,0.25201684125979734,0.1018372229097889,-0.475499764594078,-0.3067126342863535,-0.8310816202301603,0.4265334765114839,-1.3564255104603644,1.4715428953847545,-0.671700290529274,0
NZL,2023,-0.38535717195027197,-0.11846300889245533,-0.660859808132811,-1.138771994225576,-0.6030297543799511,-0.10490041734377344,-0.254511809347986,-0.48913294581415856,-0.4200954847154821,-0.7631633137605528,0.019117660048824956,-1.470095689341158,1.3581418792984536,-0.580923850937729,0
NZL,2024,-1.1232099792180572,-0.16785021039998185,-0.44367900454451287,-0.8772298080824444,-0.3830783798368489,-0.18152399324661808,-0.4222005827138687,-0.4539785355973114,-0.43093053600769154,-0.7149384309878029,-0.15381883511292868,-1.470095689341158,1.3858481589164553,-0.5509546293409276,0
PAK,1990,0.3420644809540941,-0.06013799535677425,-1.3492571431429923,-0.7951570293917573,-0.8596591117195999,-0.24451868391876644,-0.43186080227489243,-0.7782824891692215,-0.6521223397416681,-0.8272826919881259,-0.8769196352233807,-0.20479064551942644,-1.0778000662849692,-0.15714496198766065,0
PAK,1991,0.5079141709231535,-0.012002468957938977,-1.3492571431429923,-0.5583161422730861,-0.8384950066783373,0.16983741272760422,-0.4393675551065018,-0.7081771880792053,-0.7202503008333118,-0.41809947573293105,-0.8836923831282459,-0.18660753391547805,-1.1179812732780146,0.22574527698858174,0
PAK,1992,1.2352361945776384,-0.052108610670857425,-1.3501061226479283,-0.7410280737508513,-0.8099520686475469,-0.013079921375337648,-0.41973184473416936,-0.6971125180301972,-0.6452283674491283,-0.40551727280454014,-0.6685325826430261,-0.2113021407801684,-1.0916207380709457,0.7688902344090276,0
PAK,1993,-0.4008003389081213,-0.04394367679114475,-1.3492571431429923,-1.0439172872700921,-0.7077852189583461,0.27355640814434784,-0.42223661393419587,-0.7320603720078979,-0.572652483940049,-1.0607958360236283,-0.5726069392082274,-0.20666786253268274,-1.0728261106274413,0.18321852258724686,0
PAK,1994,0.14370658810002745,-0.0018640475571628228,-1.3481602703975968,-0.6769499171093326,-0.3608677783781379,0.13144324133529708,-0.40092140020717265,-0.7334899671935732,-0.7042862956974745,-0.6943705046841164,-0.7965584935050067,-0.16150703828430868,-1.0847956043704503,0.14321027013010254,0
PAK,1995,0.48069564037034973,-0.002296628114103337,-1.345966524906806,-1.0308830911650153,-0.6839877414480262,-0.09325565102662427,-0.3386576371234292,-0.7154511639723916,-0.6840082000763935,-0.9397898990912167,-0.9447260903370657,-0.3529392870636597,-1.076758282431551,-0.04354014441950794,0
PAK,1996,0.44878221971023413,-0.03691185572015797,-1.348379644946676,-1.2860096083181263,-0.9112996725805026,0.3578311342020897,-0.29609409059576747,-0.709135099369149,-0.6063639169758817,-1.124609583559312,-0.8662604703328844,-0.3546644801611113,-1.0665712107753011,0.2847077143735267,0
PAK,1997,-0.605258950892798,-0.019309023296677334,-1.345966524906806,-0.5524384501552235,-0.7987797773272167,0.3548487453713554,-0.3458277233144738,-0.7359893963461797,-0.6318049420874413,-1.0713672665565033,-1.053662945579447,-0.36304540475601765,-1.0675705602920065,0.2764860395900839,0
PAK,1998,-0.1828271868480732,-0.10976704658373221,-1.343992153965094,-0.7026350801901176,-0.7980766166292439,0.16675160471848177,-0.39955398429411687,-0.7228152514804207,-0.7574534155450412,-0.908585071722662,-1.089839791639111,-0.34154649136815957,-1.05778369579916,-0.35561630865159244,0
PAK,1999,0.12244997696487807,-0.1464136880929305,-1.3428952812196988,-0.3321369673075857,-0.6795061184675453,0.18031655533859908,-0.39453192710596485,-0.7598122689595223,-0.7791660394548794,-0.9901879248110033,-1.463137745299457,-0.3888744996411118,-1.050243116801771,-0.5415458303149435,0
PAK,2000,0.2874674568989739,-0.14247680339485147,-1.3453084012595686,-0.09551347639333789,-0.7108351528465744,0.11548350955875743,-0.4807210647760358,-0.9470020311733571,-0.9781394959320394,-1.044096114558892,-1.333432169127697,-1.3245675238831,-1.2358560608806428,-0.13189282259960294,0
PAK,2001,0.12003433465750996,-0.16388808542793173,-1.345966524906806,0.25174843755340043,-0.2846865450950385,0.4185401799437955,-0.46791644396350424,-0.9144116309483101,-0.9347237069407729,-0.9483458278693473,-1.388005959582946,-1.252291606106081,-1.2441244548686816,-0.010999874419897433,0
PAK,2002,-0.17056481766649825,-0.16139122271684697,-1.3450890267104896,0.5962462517348062,0.5201061014367387,-0.39739449664230214,-0.3947376902426802,-0.8935863256914418,-0.9767560564623677,-0.7477258041308765,-1.5679359798295291,-1.2753554202841402,-1.2484005292859395,0.15610394752984835,0
PAK,2003,0.6013603912814932,-0.16800244947631573,-1.3457471503577267,0.46617262642078094,0.7531143354712442,-0.3863730836773043,-0.45405063302262044,-0.8640984792599294,-0.9527579654381857,-0.7607004489853292,-1.5066335457149531,-1.2430001333070626,-1.2020009726351726,0.16876947752852406,0
PAK,2004,1.2697157989342218,-0.08838708932904822,-1.3488183940448342,-0.18711699440330906,0.09856002862888602,-0.20688301750226024,-0.3944045927989263,-0.8883536789410663,-0.9178977874575581,-0.8663591370419619,-1.4482096559115243,-1.0855567983635626,-1.137698574572205,0.2231799617583822,0
PAK,2005,1.1171509543943596,-0.05994124863747323,-1.3501061226479283,-0.5080435964009686,-0.16187997284737446,-0.151840591499317,-0.2864805331267673,-0.8612468189412303,-0.7535903294221897,-1.1376354099636612,-1.341125799495617,-0.8551915561147336,-1.1312752167097568,0.09088330639018792,0
PAK,2006,0.7802325425126523,-0.08001415146995196,-1.3501061226479283,-0.7978547836406336,-0.19805697617328516,-0.1898770726107265,-0.10547057787749843,-0.8515304983946228,-0.6422469249266786,-1.1448766873722476,-0.990523386267267,-0.7053778365103586,-1.1068642908949904,1.4825931606143277,0
PAK,2007,0.3382763666394177,-0.08567976189229354,-1.3501061226479283,-0.8563168488168191,-0.08473034634204046,-0.21121404289320098,-0.04170329149212224,-0.8817441316684138,-0.6940797902595225,-1.3129567783025464,-1.1203233129893841,-0.7287289369593788,-1.1011451494292641,0.14676363661104003,0
PAK,2008,-0.3010416657535051,0.1372795300202285,-1.3501061226479283,-1.4126565267484392,-0.646431333509902,0.4395050631122565,-0.09748028751442372,-0.8735441390040618,-0.5658372175494374,-1.6941310616072138,-1.0402310364762675,-0.5924374361692134,-1.077564620608969,-0.4256149286915213,0
PAK,2009,0.07085557634229829,0.020622147072886857,-1.3501061226479283,-0.4475256088180759,-0.1529571626829983,0.4453611686096647,-0.329597291112347,-0.856696265721815,-0.6253901337234273,-1.4039333957845732,-1.1130528398063195,-0.7185296817566532,-1.1565078967387676,0.1557687498316539,0
PAK,2010,-0.4712213460664517,0.008164578233314495,-1.3367527938454844,-0.19922720857299156,-0.020253447478879503,-0.06148349366732893,-0.36504273221316325,-0.8486435154944681,-0.6867589925553861,-1.2493683289679074,-1.3941554740217428,-0.6312751262598514,-1.179740923221156,-0.0038898387407862657,0
PAK,2011,-0.14710303690453064,-0.009808936144909807,-1.3053822333271745,-0.24546868565757846,-0.1506206481347111,-0.18654154644803964,-0.43797110283863666,-0.8209983945437245,-0.705032417473308,-1.1836356552439953,-1.6254689647337983,-0.5704763144083356,-1.2319552568821635,-0.10685171589968073,0
PAK,2012,-0.05153234896109092,-0.04906298650480902,-0.6755579029211101,-0.24190340120452503,-0.39448527177905823,0.10639663764366113,-0.4752685351490667,-0.8736046772383147,-0.6831471994439229,-1.3554854242551073,-1.5320061818788513,-0.5075130493226985,-1.2652724948799399,0.14449089606001966,0
PAK,2013,0.31683644266210137,-0.08403716169968335,-0.8319719564145004,-0.37451726264335117,-0.7182479581825068,0.13427362408778784,-0.44758545906624825,-0.8636780682755962,-0.7115139388982922,-1.2915052876536572,-1.5644626001802775,-0.5810962034917353,-1.281840483015197,-0.06945629089505992,0
PAK,2014,0.24795387013130601,-0.09287249322508088,-1.0792070732266337,-0.31268900066142796,-0.4033725773015103,-0.26687568931750777,-0.41860544466707006,-0.8958099940226912,-0.7284790024940231,-1.299581775971935,-1.5774771078050938,-0.5646907561833581,-1.2895744234131508,-0.16238726297101358,0
PAK,2015,0.27587523814849446,-0.1747647445848774,-0.697714732378098,-0.2415674957793816,-0.08773370775805503,-0.1735800181780253,-0.44076046007369013,-0.9357211712146877,-0.7889613852234724,-1.2059420556839606,-1.420353098479689,-0.7603991959947979,-1.2928945065633983,-0.12896518536802629,0
PAK,2016,0.9238636307782356,-0.153047900496768,-0.978733529748411,-0.4752434973008762,-0.04993148914023553,-0.16090762912373055,-0.39830753462776314,-0.9762031448697763,-0.8179680867517397,-1.2867080724453446,-1.39864383193552,-0.9522273872870973,-1.2760593155164395,-0.05370140961487172,0
PAK,2017,0.33492394255007846,-0.14741999297881822,-0.7771283191447281,-0.9013706128872717,-0.3850001056315201,-0.21638349048458508,-0.41207862497485837,-0.9930487983280502,-0.7681654243255538,-1.4571340033417532,-1.3295686385790466,-0.9366723100758244,-1.2628443014634056,-0.24695101320382895,0
PAK,2018,0.8077553666815183,-0.12997533230664182,-0.5842980905042089,-0.9918071398944812,-0.6733826098286861,0.4224145867128887,-0.45203149476307164,-0.9812694405686928,-0.6986723155784067,-1.581680256381401,-1.2016607516171702,-0.8833034028940635,-1.2352548472255807,-0.2520346056231046,0
PAK,2019,-0.19729407404799676,-0.033323015128942916,-0.42042530234212944,-0.5395784457000762,-0.4002067521194441,0.750506729356909,-0.4184704337619213,-0.9548103508831393,-0.6804468546254582,-1.6439731948157505,-1.4744949172088606,-0.7101200063350604,-1.255015005688647,-0.15560520591179022,0
PAK,2020,-1.2347054951446768,-0.04804788037844591,-0.16507332721406992,-0.11808552104757328,-0.2174955631052609,0.09346696483802885,-0.42031454488670916,-0.9578290027614702,-0.761684315294055,-1.2553606410290565,-1.5934811161990587,-0.916139427667145,-1.2687175945702172,0.0520645293830637,1
PAK,2021,0.9073737100805792,-0.052330484857174946,-0.08960848233086324,-0.6871146631284871,-0.3362788332518732,-0.21617031158251998,-0.43137095145270105,-0.9659054040316668,-0.7399473351499252,-1.3444444581067212,-1.6423289081399306,-0.8249078864439775,-1.2622934313708811,-0.2213553962811491,0
PAK,2022,0.42994835592883596,0.130034768801145,-0.31929363521666937,-0.6413868685726704,-0.7812461441522192,0.8622017742384258,-0.4677756672323681,-0.9172104511555438,-0.5651547090268475,-1.7595899633387821,-1.4639030091945036,-0.5040727721843002,-1.272793557168168,-0.3791048597705513,0
PAK,2023,-0.9983962013731865,0.32148228988097755,-0.33113986086694025,-0.1339086915003571,-0.535274312090686,1.3387017336777496,-0.4326203345921513,-0.9187354574554661,-0.7401443949529013,-1.4346612613053196,-1.7408679508560456,-0.5237459894001534,-1.3317566699945884,0.08459971299461441,0
PAK,2024,-0.03663042230511238,0.002781216434125161,-0.27519935085177255,-0.05932993052826596,-0.4550436294414853,-0.27172787526694425,-0.41513064336660815,-0.9222823179788802,-0.770900308229676,-1.3423107586746739,-1.8746014412929106,-0.6115647412277714,-1.3434695753074577,-0.11149191931096289,0
PER,1990,-2.2547204998325485,12.075312485263332,-0.3993653456305369,-1.0051091874573168,-0.23592845795096934,-0.24451868391876644,-0.5055782376899675,-0.7485723895852862,-0.9029007252604446,-1.4379152575336847,-1.3588732906241685,-0.08424035242212988,-1.4155191078260045,8.043572658517492,0
PER,1991,-0.2738617943247791,6.977556170958208,-0.3993653456305369,-0.8342254229901588,0.23104065474702953,9.31183058337656,-0.5338611385905108,-0.8628641652641588,-0.8763877713056031,-1.3270676399992305,-1.1442984483977574,-0.08424035242212988,-1.4202201914940926,8.043572658517492,0
PER,1992,-1.0329350445958407,1.0729166900560536,-0.3682141596613064,-0.9829021409426281,0.27312311607693257,2.3881678537045055,-0.5659512183329267,-0.852689532679238,-0.8373797390182486,-1.4333933577835063,-1.0770504824951384,-0.08366458200583993,-1.39329076103459,3.8568292490395524,0
PER,1993,0.5579757487954853,0.6344942427059236,-0.4281034115598976,-1.297884731108976,0.3918126153653527,2.3161808943685673,-0.1789314163900323,-0.854744305016922,-0.8043684197242725,-1.401659278642286,-0.853259705749862,-0.07637619497399149,-1.3506703218867584,2.997666248566058,0
PER,1994,2.5011434502292484,0.19792096361417222,-0.4947932744799407,-1.1161879898233973,1.148392595645894,0.2021085855174592,0.6496116386650177,-0.8442528241073811,-0.8107372151113538,-0.982437395833539,-0.3009063106682118,-0.10974239947957491,-1.3053258831086927,1.1840770806526584,0
PER,1995,1.1542333145299433,-0.023645920201532614,-0.4471889973297783,-1.5730583027656604,0.8357217876157015,-0.13033269421587995,0.24180423987513266,-0.8498646354253442,-0.7264459800481322,-1.0286062903619286,0.1325234136642705,-0.226831476203039,-1.2511253795460395,0.7669730294390527,0
PER,1996,-0.11441167534120944,-0.016454259803208287,-0.3987072219832996,-1.2153431364282237,1.376509208324847,0.13684128676266477,0.48113703973597927,-0.826428291103829,-0.726044960023747,-1.0446591324638912,-0.2418350832069179,-0.2313465208464071,-1.1433350921715664,1.1855328115496477,1
PER,1997,0.8971800025766036,-0.06874786181262085,-0.43534277167950763,-1.0772502662098429,1.2770240577622431,0.12472516269415153,0.06189476918227563,-0.7884682097577984,-0.7006857058125334,-0.799423581472695,-0.03265663606373256,-0.22311311381853696,-1.072517384962588,0.846589210936265,0
PER,1998,-0.9919604685905142,-0.09184555344084365,-0.3614135486398545,-1.1148141460576844,1.118860562250023,0.18420610764428869,-0.05357639178197797,-0.8137923129762064,-0.690697205306146,-0.8614393535024333,-0.13431323276876547,-0.30950235575777174,-0.9933974716565224,0.140930261284816,0
PER,1999,-0.4730935755133003,-0.15824007412581084,-0.3807185089588143,-0.5538141757099017,1.3006848481664268,0.4202653559858167,0.09193111406761949,-0.7583933143846551,-0.7465304986054796,-0.7823068662888247,-0.5767375526553571,-0.3431707693255699,-0.9769451628915319,-0.007854673491329452,0
PER,2000,-0.14318232978679343,-0.15318463484411515,-0.3921259855109271,-0.5947376022151594,0.9881122233896944,-0.1090576184708033,-0.27858318541021065,-0.7135411562060796,-0.7093102800685072,-0.9144613481179146,-0.7564538589227314,-0.24797492386446066,-1.0320942402791786,-0.7887593097920023,0
PER,2001,-0.7143171457201956,-0.18446920075650686,-0.3682141596613064,-0.4785054036296107,1.1443650483700891,-0.22379460451870276,-0.1764132527834497,-0.7190024236100099,-0.72118937706542,-0.9947935130897038,-1.0118661295111497,-0.18346546121361856,-1.0926463622714975,-0.7382362371848474,0
PER,2002,0.6157229511373612,-0.21581921348183558,-0.4182315568513386,-0.4295082570295661,1.259123229303615,-0.23267485383267852,0.10321774316217845,-0.696979070596178,-0.7401196136399654,-0.9595774703242549,-1.045149198507214,-0.19795099290652055,-1.118712977285428,-0.5407366778581363,0
PER,2003,0.2613198976466588,-0.17950865029329546,-0.5695999957159099,-0.3586499882203058,1.0626471265792399,-0.29098952284521074,-0.16451845507858096,-0.6400798739625999,-0.7154976404525699,-0.9780650021832926,-1.1247840624953465,-0.21559874517947086,-1.1650875949930986,-0.879882163608125,0
PER,2004,0.47948378813923764,-0.15485172200315064,-0.4467502482316202,-0.07584600187661288,1.0444280902142848,-0.32516836148781664,-0.14490275187777713,-0.5126164370198875,-0.6994631133813896,-0.8509060989691188,-1.2386396575910752,-0.04425585120077925,-1.2085159516631936,-0.5968399330093728,0
PER,2005,0.8444353575887202,-0.19080956811438368,-0.4116503203789659,0.1787443416511007,0.7979660039659737,-0.392223074085929,0.015406488531723337,-0.38387885988059256,-0.6419453873731187,-0.6171414315294005,-1.1641742246659474,-0.012775778020185551,-1.1843236892406968,0.12877006500625046,0
PER,2006,1.1865527462169512,-0.18402707176846503,-0.5652125047343283,0.4766469803328097,0.7187933377110838,-0.2729504102167298,0.0991975091776707,-0.26327303327890705,-0.6132830918907438,-0.1772311847158318,-0.752519984362826,-0.026745778244605375,-1.1477743723868623,-0.34587278209352273,0
PER,2007,1.4587112612441655,-0.1879331019728054,-0.5849562141514462,0.16506876320719696,1.1910442049202556,-0.43610500643079836,0.334901902044564,-0.23104454715259326,-0.500256173803002,-0.08030932504655329,-0.3382567514554289,-0.018682099012847727,-1.06838956686117,0.774306710982773,0
PER,2008,1.6259910961426247,-0.11753666834978467,-0.5959249416054007,-0.8396573610604239,0.8443663470234424,-0.5242317125474076,0.39433736946868403,-0.2897302363284702,-0.3243711672576597,-0.24785567105091016,0.38284874397605584,-0.057643598248080144,-0.9604854490123265,0.4260767194167954,0
PER,2009,-0.5828623057089412,-0.16761413662074018,-0.6112811600409369,-0.18373846184396592,1.4982511024747551,-0.11654794037956445,0.3265420837730779,-0.39717958046541085,-0.5969558393620114,-0.47252868790501645,-0.6954578791849806,-0.23416151684999328,-0.9552424896097977,-0.5281063027894819,0
PER,2010,1.4075716502898985,-0.19235568480035728,-0.6902559977094089,-0.49645743653465657,1.5156817251388033,-0.5104402478858928,0.39232763452169545,-0.3519145197951653,-0.512627866692325,-0.28529025199532715,-0.03768499363992327,-0.18782035808996897,-0.9500708853646461,0.33642451519383004,0
PER,2011,0.8560237699568961,-0.16000353073904713,-0.717239067246137,-0.41871905251955305,1.2498681940639753,-0.35253867203923517,0.1896976815980924,-0.2643809142893711,-0.44913783254827583,-0.1314007659276827,0.03890784602080918,-0.2696228318013605,-0.9072275901042349,-0.1523016712280719,0
PER,2012,0.8044608481470211,-0.15575253039087836,-0.7696695844760392,-0.5722321452367564,1.7183631722384785,-0.42629085768643393,0.6549628729662875,-0.3642289538240622,-0.46135021368889556,-0.22955791443584764,0.10938082176851863,-0.25679294409427045,-0.8709340325579109,0.019669321576046676,0
PER,2013,0.725464805907268,-0.17057232474859713,-0.6957403614363862,-0.9159710078194935,1.7581528140522547,-0.13975277714025064,0.23554966357885695,-0.45060876424719937,-0.46876651519504514,-0.2790503530152464,0.2777666462016904,-0.31536735746602895,-0.794012585637539,0.09644842383515442,0
PER,2014,-0.2290566845001318,-0.1592542986418879,-0.7762508209484118,-0.8385764679876669,1.7667505031827533,-0.026425662432998084,-0.1886837474960385,-0.5225995677564101,-0.497151009895009,-0.4384664705867947,0.11982777144515949,-0.46870477291059104,-0.7274797209233643,-0.43922739716498493,0
PER,2015,0.010260539475740632,-0.15949775559855517,-0.7622108498073502,-0.9030691746057053,2.021830354559346,0.27820789538885593,0.09798974542955155,-0.5657563645944469,-0.5115122084289603,-0.5100899018631349,0.05703806657114418,-0.498903591881951,-0.6653701013633238,-0.06571060054938849,0
PER,2016,0.2030906732910559,-0.1567021231709344,-0.6593241862892574,-0.49735438120328507,2.0785744999401405,0.012681570264768613,0.05923014508794551,-0.5228172619220096,-0.5536193242044822,-0.5375735866643949,-0.3401828376559742,-0.5770037423835296,-0.6875269429271126,-0.6232614849726611,0
PER,2017,-0.19146343076217986,-0.16658313393184407,-0.6702929137432119,-0.2720720320760017,1.8046117456996065,-0.39037710202770665,0.05877877040725466,-0.45350063673451074,-0.5534197771417523,-0.5114310041668185,-0.5679437743570785,-0.6426479515267809,-0.695779707549957,-0.27844004823751944,0
PER,2018,0.20750044130211254,-0.19269249985134065,-0.7139484490099506,-0.3012712908055855,1.4481538754046515,-0.21010551032707772,-0.08252190649157312,-0.4380544358674028,-0.5284089623923607,-0.5387599064942322,-0.463696996836483,-0.6077877166876742,-0.6646165975568282,-0.4828560607489698,0
PER,2019,-0.26798325030243814,-0.17963615500124588,-0.7387377730558876,-0.20603023956096106,1.84210659117073,-0.17828590945037218,-0.16681594939842695,-0.47576456231469194,-0.5491297276688073,-0.4994632405190599,-0.5467546370272734,-0.6640195868787314,-0.6474525316898269,-0.3315437261502853,0
PER,2020,-3.8914701944665224,-0.1840243646978145,0.09488551344465064,0.0322341195168278,2.9848330340792377,-0.04151476617368971,-0.4557040788707474,-0.5093719589296407,-0.6138214044486026,-0.6043840360652971,-1.006343213538504,-0.7689879681232116,-0.42590269827764843,1.2401045048553427,1
PER,2021,2.7536218099513228,-0.14414627286979956,-0.36185229773801264,-0.4763048370811553,1.6795926617946173,0.22955109411118177,-0.02255356244220845,-0.3061392491173079,-0.4221389267820397,-0.5588404882440854,-0.29045510737325525,-0.802566967379776,-0.5974205545202294,-0.6167580209074445,0
PER,2022,-0.10912338258354508,-0.07276305031865686,-0.5386681842957584,-0.7838581455817686,1.1266058385657953,-0.2947566410424214,0.2147246442448412,-0.3194243735413756,-0.3341755667343005,-0.7926972613080712,-0.2818112939418495,-0.7449469277199333,-0.6281057944541287,-0.27942567149609404,0
PER,2023,-0.9807280626022089,-0.10576721460843981,-0.40528845845567235,0.0019243780627588533,1.26408428490265,-0.346866304515279,-0.2659318987899648,-0.37336798472351723,-0.5168805833551803,-0.5555528088228545,-0.7660193454031282,-0.6905322045074617,-0.684595748268228,-0.27942567149609404,0
PER,2024,0.08260688831448787,-0.1839313085105283,-0.33947609373194565,0.3300926441873621,1.3265592258765249,-0.23456408436201803,-0.1605374157677453,-0.3173219185703948,-0.5532828061755882,-0.2633242641229925,-0.7389128455548778,-0.7709978443467266,-0.7542817739596037,-0.27942567149609404,0
PHL,1990,-0.03638024464567856,-0.005217761943305072,-0.6623954299763647,-0.9987220909652854,-0.7705783959974956,-0.24451868391876644,-0.3615929631086211,-0.6277001504879866,-0.5249278778983731,-0.28607702007431546,-0.11226579668514679,1.5225095915492062,-1.2296011635561717,0.4068835901523225,0
PHL,1991,-1.004297139245373,0.11927289511393263,-0.6623954299763647,-0.4243148298368613,-0.35860691957212976,0.3154195340924066,-0.36140263994473965,-0.5762928598220733,-0.5355566033379654,-0.4634982495608604,-0.740955371813155,1.5225095915492062,-1.25590416367638,0.16135113978665222,0
PHL,1992,-0.7693994826363773,-0.06718711105446491,-0.6356317349887157,-0.3655267619349751,-0.3389436016143655,-0.5519515040664974,-0.46981071067490965,-0.5823585645165242,-0.49849422332677845,-0.4983464455804018,-0.5615922891299561,1.5225095915492062,-1.2044623888868415,-0.08026881083635033,1
PHL,1993,-0.28414015645431634,-0.10118591546528795,-0.631244244007134,-0.9171618957942768,-0.38379463996387814,0.026181237550658817,-0.20920539851696715,-0.5325361496064892,-0.34545442532027765,-0.5423786678756369,-0.1376897642235259,1.5225095915492062,-1.0988969677100628,0.7083259413988594,0
PHL,1994,0.3187070190513876,-0.03668929349952303,-0.6536204480132011,-0.7744881537085568,-0.4025951641133881,-0.35584501685976927,-0.18036184442933753,-0.474568325884396,-0.3342614577217679,-0.28838732379908577,-0.11578925430199816,1.5225095915492062,-1.0500293596692747,0.634324818620836,0
PHL,1995,0.38789828557622713,-0.09915295469716023,-0.6727060337830818,-0.48322621349782924,-0.5088790725569453,-0.35881027230822277,-0.24938004568848068,-0.413400797378606,-0.22061077943949575,-0.3480029622866457,-0.37966807230090444,1.5225095915492062,-0.8955939022451459,0.4842955268283557,0
PHL,1996,0.7276183512681005,-0.08783390001625997,-0.6887203758658552,-0.7992998441462287,-0.3716511177460561,-0.16070027408335405,-0.2724653657096433,-0.3172307606003132,-0.0817640943826232,-0.2901250692355815,-0.12085338326809619,1.5225095915492062,-0.686192799417827,0.4768150168725075,0
PHL,1997,0.5422524444976645,-0.12097428435487452,-0.6920109941020416,-0.8761917915400478,-0.6602692946173654,0.28888317658727797,-0.3214617807807547,-0.11448890236920907,0.19615343599910354,-0.10536745264968594,0.015185992263743746,1.5225095915492062,-0.5495924208143976,0.4440963755897567,1
PHL,1998,-1.0256686388240215,-0.05692555953141815,-0.6689766664487373,0.2762107837740759,-0.40196793922544954,1.420801559719948,-0.03616479547643604,-0.025512194834135977,0.20110568308088234,0.5950025773212162,-0.6936772450304787,1.5225095915492062,-0.7046099570935636,-0.31854048263807255,1
PHL,1999,0.03617197888106999,-0.11484492277157449,-0.6571304407984665,-0.6583296255130887,0.08509301743113906,-0.4340729791305339,-0.18664652351806205,-0.00574988488255944,0.0647409810682338,1.374126166195853,-1.3525685934484661,1.5225095915492062,-0.8022148856986779,0.11759468633089178,1
PHL,2000,0.32113820552730593,-0.14932227178228885,-0.6529623243659638,-0.538903333080972,-0.029657278512270287,0.3164316859137244,-0.2443725489681293,0.1555776500109826,0.18323942284180977,1.0579764685031803,-1.442366757072262,1.5225095915492062,-0.83822117357442,-0.34190765269646306,1
PHL,2001,-0.04557823015802331,-0.1252754641017888,-0.6687572918996583,-0.4622731897222302,0.07857097386031336,0.41666007968965973,-0.3754984214138983,0.08399927901467286,0.25822989400285284,1.2091722015305717,-0.8752146291941604,1.5281351270719128,-0.8244534678827765,-0.24409946967477264,1
PHL,2002,0.13788638481940388,-0.17136530609428238,-0.6867460049241435,-0.1383574194172932,0.07111013865909716,-0.19304266610965223,-0.19267025374874044,0.04639627803219226,0.26188063598151334,1.2883481936733248,-0.61189174386062,1.4971518182417383,-0.878880796402027,-0.24500373662707803,0
PHL,2003,0.5148848573441489,-0.17898533533003969,-0.7062703397921825,-0.02448613867963997,0.0554289848297338,-0.02805492163027909,-0.4395480005511153,0.12159231530343714,0.3172982667812782,1.3302103596246246,-0.7737162379518014,1.4446380206431553,-0.9147782010938421,-0.542959213957193,0
PHL,2004,0.9225957143024525,-0.134348368683054,-0.7003472269670471,0.21343922321274345,-0.08362257077807557,-0.09893416527904657,-0.4302267006039114,0.10595431973994324,0.31841466969014093,1.406209581482684,-0.5646054122220238,1.299538931823906,-0.9344294778985203,-0.2054137700031802,0
PHL,2005,0.4751660349083977,-0.10469102187839309,-0.6474779606389865,0.23793917074322868,-0.04695478926726121,-0.3176957304144681,-0.2811163765201881,0.08643691074196165,0.21448268912192403,1.5954757334829064,-0.9410723947857379,1.3449052505474486,-0.9995591686251136,-0.40896336553491286,0
PHL,2006,0.5780103131240886,-0.12281995416906939,-0.5910987015256608,0.8575225429685167,0.06558773336335592,-0.5386729108085928,-0.18902367049216312,0.08694120124016289,0.09785376992143402,1.528806117723005,-1.3848006033801907,1.2673814134644175,-1.00847037169735,0.462240562786957,0
PHL,2007,0.9088605711171421,-0.16825084187541736,-0.7266721728565376,0.8094318804183194,0.4490869139859145,-0.6770691653097828,-0.22923663870592453,-0.018732206606959834,-0.056110026680981306,1.4706625744098811,-1.3650927390655272,1.1480700777637292,-1.0049482220957004,-0.26402825376274686,0
PHL,2008,0.310681452098847,-0.07405045251504826,-0.6639310518199182,-0.06717403179645065,0.3700143326417371,-0.41444533562960884,-0.4117624146097483,-0.1710431899305162,-0.10672600129458028,1.3808113290883726,-0.871393212171867,1.168783888405461,-0.9999883794113068,-0.24120388546752744,0
PHL,2009,-0.4859074725906092,-0.14507121006679916,-0.6336573640470039,0.7450602541834419,1.0167148848787873,0.08084749477251955,-0.3416374958344405,-0.2736436160991015,-0.24840483076112646,1.6172267167953132,-1.1384494047104083,0.8996408042310019,-0.9995571854812474,-0.3147601548467836,0
PHL,2010,1.1330833487315695,-0.15261353963475294,-0.6891591249640135,0.5118961335344911,1.307414202657879,-0.47611645067774483,-0.44785211071688685,-0.18680631315719762,-0.14913810879164877,1.8384713999870257,-0.6149122073268998,0.9314069067827403,-0.9904381693498884,-0.19630059628336224,0
PHL,2011,0.17693733448131457,-0.1362953738491032,-0.6920109941020416,0.33363617485083374,1.5772700284751828,-0.41563631828798436,-0.3925723808592079,-0.31007829556918887,-0.2087605446768876,1.4854689303560222,-0.563052372422871,0.893609493346741,-0.9451337485668381,-0.48949178672124866,0
PHL,2012,1.0127358612716697,-0.1660196753711979,-0.7113159544210015,0.37562638488595895,1.5480725996558844,-0.35208524095672117,-0.3328797974954147,-0.36365797036572567,-0.2597220816216528,1.2716585073118378,-0.7681518150925751,0.8275124099640548,-0.9156778898828555,-0.40185190858784475,0
PHL,2013,0.9724629808450405,-0.173827045808182,-0.7128515762645551,0.6089620261723332,1.582213010038444,-0.22239988102100616,-0.3185799405786874,-0.40583396010511563,-0.2879081470476098,1.4215708990587321,-0.5800474750180676,0.6702411455775695,-0.8648245403063755,0.7704080220762357,0
PHL,2014,0.8617434494448496,-0.15598782739473474,-0.6902559977094089,0.5411806769279396,1.1920850561376808,-0.04723238429250849,-0.21987004845652827,-0.3673393740075835,-0.2698434377090913,1.543440369293533,-0.5310434097129121,0.6949707032832112,-0.7969764122029486,-0.11551168751843227,0
PHL,2015,0.8618320798224202,-0.20736547695415747,-0.8069632578194843,0.3270576292760882,1.182300582285118,-0.13731455655310176,-0.23423411951881046,-0.3721286778880443,-0.19934180477194535,1.333263418507255,-0.45851863391469994,0.5811497268082018,-0.7483170178001004,-0.28552496019336077,0
PHL,2016,1.0821872808258104,-0.19718167785381394,-0.8887899646259846,-0.14554346872043222,0.9381156758484239,-0.05664625899643196,-0.1121122350482312,-0.38962672523664965,-0.0765543307188841,1.2620766838961734,0.11154568859375363,0.5217434426462642,-0.6863657995719863,-0.06889902931389001,0
PHL,2017,1.0220976199764218,-0.16907348491555846,-0.9201605251442941,-0.1930451103920015,0.6912046494103506,0.018863404598659494,-0.027746118682642606,-0.2954644181842687,0.05953990118646849,1.3153211293482403,0.2750867359177052,0.5058942562907376,-0.629019064565744,-0.16871173315851273,0
PHL,2018,0.8599551011615905,-0.12591083033627598,-0.9671066786472192,-0.5211059040668565,0.4822927303915991,-0.052060603439194296,-0.06865850685111496,-0.2738372272480105,0.1886879583408629,1.108952716239457,0.5519495151813363,0.4351886282644183,-0.5880578520428266,-0.2958400003232045,0
PHL,2019,0.7986300589491263,-0.1771768963672848,-0.9892635081042073,-0.21991091756672979,0.6766303231390146,-0.31514700510830834,-0.15999504527441602,-0.33370674579441006,0.13093163927612997,0.8571421709121134,0.42171552314740773,0.33284872877878724,-0.5794605309601817,-0.25153479529097655,0
PHL,2020,-3.502271722808475,-0.17715761766973442,-0.926741761616667,0.4697903949431888,1.7364863918544524,-0.42466828830567543,-0.22687719918165547,-0.43770599366187163,-0.15931618190446104,0.005812036940980401,-1.13816105893141,0.181874329725569,-0.494465654193838,-0.31374581825397724,1
PHL,2021,0.6875670698904502,-0.1501999636347183,-0.7345696566233849,-0.34023162868448065,1.1273835195591693,-0.27651134435813185,-0.040886940073966184,-0.41974546520950456,0.02531296313726639,-0.560585168242027,-0.49334123247323397,0.17869145388539584,-0.5382887525031388,-0.3492761464814567,0
PHL,2022,1.200878179529496,-0.11691664722692843,-0.9100692958866562,-0.8577095767370372,0.5491238544799778,0.21111879632507283,-0.15253325304053472,-0.33356018470965065,0.2697509721138274,-0.28190627066605617,0.12326134782982112,0.10644659318174507,-0.5606420496863289,-0.3576638097731409,0
PHL,2023,0.6337169020549744,-0.11415998599044018,-0.9973803664201335,-0.5683671876647288,0.6523493276763819,-0.1536150599160212,-0.2017161675433634,-0.3908090815322214,0.14349105667315848,0.3153643016061677,-0.099318287637729,-0.06929123238636904,-0.572401265815994,-0.3576638097731409,0
PHL,2024,0.6875704060872478,-0.1627573633878223,-0.9969416173219754,-0.7725931407805617,0.5891674177580721,-0.1162847130534804,-0.20274437012466978,-0.4202377896569256,0.1180655253446564,0.5352229300999876,-0.05200090221419768,-0.16746224144044797,-0.5403043279517341,-0.3576638097731409,0
POL,1990,-2.8139006089629683,9.760253748526862,1.508096358612142,0.7188693833137392,-0.43340188089605425,-0.24451868391876644,-0.5088550977624552,-0.5145295019597704,-0.6344714538038224,-0.3085692678948779,-0.7156609752546608,0.470955469928833,-1.1885455373547782,7.8790470631171186,0
POL,1991,-2.8139006089629683,1.1298751428869132,1.508096358612142,-0.5125940623676567,-0.6248494985820567,0.24216048858862155,-0.47576871191264036,-0.5145295019597704,-0.6344714538038224,-0.3085692678948779,-0.7156609752546608,0.470955469928833,-1.1351952640873968,1.2198874907054507,0
POL,1992,-0.19252425013301772,0.5908875924163823,1.5133613477900398,-0.646848436167216,-0.6000950015552418,0.9947342234790643,-0.4148384579513008,-0.5145295019597704,-0.6344714538038224,-0.3085692678948779,-0.7156609752546608,0.470955469928833,-1.178078023885035,2.1520249474433104,1
POL,1993,0.14395268517017895,0.430366724265806,1.6774535105011987,-1.1175426268083921,-0.6373943885771773,1.1707953401865785,-0.24301480316538648,-0.5145295019597704,-0.6344714538038224,-0.3085692678948779,-0.7156609752546608,0.470955469928833,-1.1834540897233283,1.1198567330887053,1
POL,1994,0.571515083394757,0.36055019914547803,1.772223315703365,0.01761705976094398,-0.4414628150360294,0.8483969343677533,-0.2580677616575421,-0.5145295019597704,-0.6344714538038224,-0.3085692678948779,-0.7156609752546608,0.470955469928833,-1.2348598611885988,1.2292020264817696,1
POL,1995,1.296781781671956,0.27198306788090404,1.5243300752439946,0.022037269933440195,0.013266374955849272,0.044234870943617464,-0.11805049742878651,-0.5145295019597704,-0.6344714538038224,-0.3085692678948779,-0.7156609752546608,0.470955469928833,-1.2391409355366494,1.1002793645910391,0
POL,1996,0.7918505836791688,0.1286483628714746,1.3025424061250352,-0.42998081464003013,0.030673612477779694,0.23585367450736677,-0.07994063374664387,-0.542969678102169,-0.5302160211637653,-0.42820673621066213,-0.3685595483124603,0.2863774531200854,-1.1911434155702827,0.8693751691707494,0
POL,1997,0.8647466800455094,0.04285920387005334,0.9252181817090025,-0.6988100702087159,0.06206932299766848,0.6848881559951792,-0.0360562713796889,-0.5014008149955426,-0.38577183517167773,-0.47475051376257865,-0.034587314114309924,0.16926975576005018,-1.154843678680984,0.7560909684678959,0
POL,1998,0.3869043167584112,-0.015401394393273067,0.69948177070662,-0.7581081366774747,0.30801472437560384,0.012430092810246552,0.055861063208451696,-0.41620344604339726,-0.2476824084372732,-0.374682516364893,0.2158444736145096,0.11452475921836905,-1.1176551665244205,0.5526221345739737,0
POL,1999,0.40824086723723946,-0.09349302373623336,1.2161088337878743,-1.3392066293936251,0.2688315986553201,0.36338296718450197,0.1681909460784429,-0.4771477415726132,-0.27807343240401944,-0.5342102974763525,0.2648959323365474,0.019017558316067672,-1.0583206231011106,0.25953702939601253,0
POL,2000,0.39645436810071655,-0.045235122709136245,1.7948188942585115,-1.1095882903120404,0.14061877089126365,0.16592871003580068,0.3386247031330576,-0.3765383143115354,-0.13720416032966817,-0.7646356175606976,0.12571479995394885,-0.12298281059026522,-1.0325811798183804,-0.16169447770555614,0
POL,2001,-0.544927188861362,-0.12417127631218157,2.5641654378788763,-0.614059583532577,0.07200834635977246,-0.49382619552427515,-0.0539783688950985,-0.37706031581535154,-0.24243081104298853,-0.926040812088119,-0.5802782140312376,-0.39082627335184456,-1.0926552403478493,-0.0014175525790699793,0
POL,2002,-0.3613453810828308,-0.18573125127036114,2.953774637043338,-0.5584101444740508,0.12107684135452511,-0.25907211510977574,-0.20066519629514606,-0.3258423035070808,-0.1900494019763664,-1.174409644012285,-0.9449076700698927,-0.4374219723056571,-1.3148337472627851,-0.8725489224515359,0
POL,2003,0.0848337575288997,-0.2072159491375434,2.885329777730663,-0.5115945325180767,0.018565757572238342,-0.44561562077111466,-0.13483078177038613,-0.17490762756776015,-0.04278395146611998,-1.0542769247158985,-0.8811320066482827,-0.2167803846149072,-1.3052072341345469,-0.4862013055707545,0
POL,2004,0.5159532406174137,-0.15976917645573316,2.649063388372484,-1.107680005944657,-0.17558843735905566,-0.5002065644093726,0.3408961535191025,-0.14797633772108046,-0.00618915677062368,-1.261228464792137,-0.6066863424543159,-0.005676624953076818,-1.0359043779733494,-0.5691474879091096,0
POL,2005,0.012619908281154876,-0.18083681439155697,2.3792326930052043,-0.6493527057189807,-0.15905487733138907,-0.740430848565369,0.04859217207197912,-0.1328251219914867,-0.05009668259086952,-0.9793425887495503,-0.6730762380035827,-0.04567944772909044,-1.0174600779434602,0.021148675267366582,0
POL,2006,0.8216191056753405,-0.19663699295989112,1.5460481556028245,-0.880590460610755,-0.2607995563334467,-0.42024357659015604,0.4691488173248756,-0.030379339908982086,0.11480960659730269,-0.9123169151907283,-0.35151385413606906,-0.016149382305649954,-0.9325485605433553,0.06945670970856062,0
POL,2007,0.9751905246953262,-0.17600515215254206,0.6152419438602497,-1.2306528422199707,-0.24284159530303728,-0.7086505880078093,0.40748874928032747,-0.0037890686737633594,0.20125868745584424,-0.7338383235163282,0.2507143169082112,0.0014980703655776424,-0.8078805111200852,-0.06561758934978099,0
POL,2008,0.3214863336287713,-0.1460211942301814,0.07075431304595078,-1.241408948688048,-0.44267648360367284,-0.8013373382214813,-0.09238610790483334,-0.030028384847910424,0.22572788240492284,-0.8174835975368687,0.1354857247855897,-0.020493127921224354,-0.597625230668845,0.20903152430785282,0
POL,2009,-0.16497803461006091,-0.15251590139677831,0.30373008416794334,-0.7595033620044844,0.0358299236640682,1.0233045310930224,-0.018298299944110426,-0.05176701945770501,0.034299524245688044,-0.965654331635716,-0.559925542963497,0.00920199269806799,-0.6016099440276389,-0.3427182570441339,0
POL,2010,-0.012655850818580726,-0.17386208611445933,0.6211650566853849,-0.9696177806116362,0.016610881899906206,-0.38889307124683586,0.10471120117877289,0.04268532918561777,0.203558403286613,-1.1134282836725098,-0.5424012913731533,-0.07992491612413859,-0.5606609699823158,-0.3060094560648156,0
POL,2011,0.5612448673222761,-0.1447132261483821,0.620726307587227,-0.9599808760384174,-0.09715008073429059,-0.3192605464194405,0.044545472996342234,0.12202310333779191,0.2915699652928682,-0.919904916262865,-0.28387605561216717,-0.08537245816890378,-0.5060138052216084,-0.11294324263961239,0
POL,2012,-0.46845320390587,-0.15664597877179054,0.7205417274182125,-0.7881696875921216,0.07734936972270048,0.18138963385196,-0.28436927229986403,0.1777728290838161,0.2993762038796457,-0.9926697599413946,-0.552266067754699,-0.011921233157194733,-0.5302584196672321,-0.5303355434370365,0
POL,2013,-0.6960680749718053,-0.2017808777444795,0.7780178592769336,-0.42170020306026257,0.00742872916419991,-0.37108138057717754,-0.48887160395921647,0.23482008778395655,0.29330244752579593,-0.9370863633774078,-0.8434082508657875,-0.18752356909771356,-0.5022372259435135,-0.440575525958524,0
POL,2014,0.194066269574086,-0.2182674055469776,0.48800470539437807,-0.5922378362484476,-0.12886696350136861,-0.25277725683226665,0.08957288772671844,0.24964725283107092,0.3383620408881892,-0.8404211760630106,-0.5478609399748854,0.04993429536483721,-0.4821651434606232,-0.33858276250140423,0
POL,2015,0.3346877012626954,-0.23457443848086657,0.15982037997206083,-0.3088359162285454,-0.042267183961252154,0.593087690868498,0.00012588989476055288,0.2804199374007206,0.3104864029836167,-0.6467362510967533,-0.5523105917658853,0.18383743776094788,-0.46769941702671725,-0.2925396328721589,0
POL,2016,-0.050543885183856906,-0.2308953318494222,-0.1328252684994438,-0.2646729665647698,0.1361759128135739,-0.047002085795061994,0.08396792817106682,0.37018379702242393,0.3827629639121287,-0.7034821565239998,-0.6765651219557333,0.29041175764009064,-0.44613042788696095,-0.2661018771990354,0
POL,2017,0.5329134253917976,-0.1827323194045409,-0.4123084440262032,-0.28489703249145654,-0.04721539963140741,-0.4226386336688549,-0.14760243016222746,0.42859518355336335,0.4569071926168859,-0.7398957916585563,-0.7077257166869894,0.04602062606568828,-0.4894729855915003,-0.5237309693465728,0
POL,2018,0.8336529022178913,-0.18735379823399723,-0.638702978675823,-0.4190201841535807,-0.1524826300600169,-0.43507903878710524,0.008593065652931286,0.44625655037507506,0.5086839309722225,-0.6504006171894344,-0.4406155070517106,-0.02447431059517789,-0.49736789065886916,-0.28715512961112544,0
POL,2019,0.3755851536322012,-0.18006921403435783,-0.7633077225527456,-0.12776993834617043,-0.04699619409323387,0.026313598605970916,-0.02256563785617125,0.4586942189502298,0.46057868509523725,-0.5319681188924645,-0.5686628446310484,0.006551982479237068,-0.532295943441035,-0.33439293425521033,0
POL,2020,-1.4441506727649256,-0.15991287441736665,-0.7878776720496036,0.33177284315822436,0.22338215039013012,-0.17696217261344263,0.0032708297390308563,0.4528400614384523,0.3775614135479752,-0.43508017598092275,-0.8936113027636813,-0.07315369019851466,-0.5524085864100172,0.09384313798870067,1
POL,2021,1.0210508731114336,-0.13038004759912858,-0.7630883480036665,-0.3047226366038633,-0.0057977051260437494,-0.2861934958927771,0.3459784334736358,0.6034091819623659,0.6491714236807818,-0.5283907273343105,-0.37681938569672224,0.11897736210768191,-0.6264518374725955,-0.3003245474227317,0
POL,2022,0.5612433291711005,0.03435889257201906,-0.8633425169328102,-0.4721060365713221,-0.12759452988489775,0.41839734878866175,0.436675689699476,0.7772123751817652,0.9138627975555829,-0.6608890792962697,-0.33354669175377444,0.1806680414751027,-0.7606174374796586,-0.49261299808365017,0
POL,2023,-0.8156128364456813,-0.016612939346430496,-0.8782599862701883,0.183564692140887,0.011345958644012872,-0.489427518935117,0.1762604454145697,0.6309877400085165,0.5835984491981863,-0.6997198252142159,-1.0972751197351447,0.14663859998385864,-0.8570450034575038,-0.3201376396948341,0
POL,2024,-0.051303398711095426,-0.15259996205649176,-0.8642200151291265,-0.028424849917014095,0.13034492126254354,-0.4723324031741714,-0.16900417264071205,0.4445310552555876,0.4300317794019314,-0.8167357737406705,-1.0738325090777119,-0.09626326470100764,-0.8805164461700447,-0.28314616279134014,0
PRT,1990,0.20232176022365655,0.020319984196958515,-0.6202755165531796,-0.12046039745936367,0.8887037417315496,-0.24451868391876644,0.0033995902444672495,-0.3079935019593806,-0.04620725376771266,0.39668620217336675,0.6511850247596238,-0.12061973064677776,0.823074423544719,-0.3413796300941006,0
PRT,1991,0.31720531636497135,-0.010979463494579502,-0.6202755165531796,-0.21891814919108205,1.3321612601646,-0.18643061853065535,-0.08870296875328687,-0.3937291777960446,-0.12629729795878103,0.05754954881003617,0.30637784514403443,-0.12061973064677776,0.823074423544719,-0.48414862525201025,0
PRT,1992,-0.5846079799979654,-0.05122610272635131,-0.6057967963139597,-0.11027301792794876,0.8948195712252667,-0.5265621113387954,-0.2501687451452446,-0.4620427914246522,-0.2026319117096948,0.06424743499153195,0.16850752487033874,-0.12061973064677776,0.823074423544719,-0.4969219266459174,0
PRT,1993,-1.446270884531697,-0.10000026860966096,-0.31709988972587855,-0.038644806699650126,0.8291635483808035,0.5767080085600607,-0.27058666465614933,-0.49011933666767704,-0.2519681668250175,-0.24577272902063585,-0.31859119370151173,-0.12061973064677776,0.823074423544719,-0.1553831824669106,0
PRT,1994,-0.6188897853797424,-0.12395855694236886,-0.008220524622521328,-0.4597296933476593,0.5982923336868279,-0.10577024448919699,-0.3254637494076207,-0.43997146430936496,-0.1950703634088327,-0.3823414600933014,-0.17852297252763913,-0.12061973064677776,0.823074423544719,-0.5443073543252493,0
PRT,1995,0.2937089276163579,-0.14500468447510567,0.06965744030055536,-0.10001064444659098,0.29448655134132423,-0.629869066277666,-0.43724777606198545,-0.3864633796059407,-0.15241971568701765,-0.016752659682312043,0.037603727950045074,-0.12061973064677776,0.823074423544719,-0.5052192140347971,0
PRT,1996,0.07957353174727651,-0.16528136382433037,0.12099108478506218,-0.7690209243617636,0.1878202570652441,-0.15528648621168273,-0.32421197073693986,-0.39369954847209465,-0.13240664018429493,-0.40261229197801207,0.0749940797914163,-0.008489761583272182,0.823074423544719,-0.3752666756266881,0
PRT,1997,0.3261888495323163,-0.17814698036825324,-0.03849421239543559,-1.0557542743540476,0.10390952079663703,0.3423793862139519,-0.1575315841400538,-0.3738917962131674,-0.07470471561189605,-0.38571277795364883,0.44302812237362643,-0.016766174950890157,0.823074423544719,-0.14395122671215946,0
PRT,1998,0.43816032605515615,-0.17400164295676745,-0.46210646666715643,-1.2438010181503512,0.06276764940784411,-0.1270728040666956,0.25825703985380755,-0.3680875270343629,-0.022465196339629977,-0.32079925299096734,0.7547829090591837,-0.11014673991460844,0.823074423544719,-0.24845296175501913,0
PRT,1999,0.19023460047506868,-0.1780901850826162,-0.47548831416098086,-1.6039082527262283,-0.3778450758652648,-1.798390128144076,-0.43700124749333535,-0.39587399835248077,-0.009561545452558263,-0.5493547225312483,0.8784571538548842,-0.17489310970804578,0.823074423544719,-0.14831866777210953,0
PRT,2000,0.16536993305618272,-0.16907624976582764,-0.6450648405991166,-1.942745344068414,-0.38086476988365003,0.4168293268839252,0.4596012027760299,-0.3395377316026904,0.08403514056977704,-0.8375732293978428,0.8347691405032103,-0.27703237249268226,0.823074423544719,-0.2651705252112204,0
PRT,2001,-0.34966189008461,-0.1424198873350461,-0.6400192259702975,-1.8758399799187921,-0.3546587604328946,-0.11027410609580504,0.2790734791229535,-0.36463082084082554,0.022293342102231658,-0.8159746214229793,0.7270810623654019,-0.3423760515102129,0.823074423544719,-0.2113526472348013,0
PRT,2002,-0.6722256242913711,-0.15594348759046597,-0.49347702718546615,-1.5116792564811805,-0.22774778069883433,-0.47146346402766526,-0.46034257228552516,-0.376533653947709,-0.07144705299475439,-0.9090142518131458,0.3351891366900628,-0.42737299231945924,0.9078063361384332,-0.10299831880796179,0
PRT,2003,-1.140207681864648,-0.1626451400703,-0.13479963944115567,-1.2277215244393103,-0.5702480259539537,-0.949460272290276,0.4786609474290621,-0.36692444366310356,-0.1281291475169674,-1.025642530904537,-0.15000945889170117,-0.5537300039007296,0.941699193718777,-0.12928018434320007,0
PRT,2004,-0.39227714713823003,-0.17764615976016648,-0.09377659876336597,-1.454193089184037,-0.7052693566796021,-0.6339489650696531,-0.3192529461248739,-0.3571180325215983,-0.059722590746670426,-1.1339246232120224,-0.026585702115458795,-0.6282474794313959,0.9525542458247166,-0.0806186564708004,0
PRT,2005,-0.6692213154467748,-0.17919608545860616,0.1832934567235234,-1.7323329349010494,-0.7749888808881255,-0.2451678178666069,-0.2556151749925393,-0.3761802841539375,-0.04721751860354576,-1.359410726413998,-0.1075865052582568,-0.7137257043669829,1.0275101788593406,0.014778480370836147,0
PRT,2006,-0.43730282768275375,-0.16460148820472437,0.1979915515118224,-1.840712011792646,-0.8437696505614717,-0.2839009138533064,0.5027136218763467,-0.2691345180114346,0.04301999797122684,-1.4712779426661091,-0.18288775004625496,-0.7530541368926917,1.2082944485765603,-0.5202545772282028,0
PRT,2007,-0.19483445694654133,-0.17608911429555404,0.2673139090208145,-1.742261368748709,-0.8486551853955677,-0.6046823781061714,-0.12782615634234995,-0.24176901621507152,0.06480288888532604,-1.3914654739876333,-0.15258694437651968,-0.7705680286731421,1.3929035192877564,-0.4393664755410867,0
PRT,2008,-0.7964593395061472,-0.1737247886512319,0.17693159480022985,-2.121048610378078,-0.8725504106838785,-0.5374685286100913,-0.05245976650925128,-0.23958134267135192,0.1447130661057973,-1.6385448572831633,-0.06916903787462488,-0.8307239012145462,1.5863589274498917,-0.33775641011371976,1
PRT,2009,-1.7429947034123616,-0.2338961845366951,0.5891363725198382,-1.8567675887114485,-0.7088913777865169,-0.01048216504772744,-0.15191656229740053,-0.36932647687289405,-0.11157960792376276,-1.6952412958482475,-0.5452122408294257,-0.9659041979182774,1.7617069660392504,-0.4343959442300276,1
PRT,2010,-0.4063352071671974,-0.19456547851134157,0.8828788937367384,-1.8460362081759862,-0.6118917869327666,-0.020676156961311035,0.07715283131682266,-0.27992070998872154,0.02256552951049506,-1.728342026590107,-0.4831288554625676,-0.8863949342394243,1.6681249586372762,-0.3817833130681082,1
PRT,2011,-1.3555733121096116,-0.15501800339710178,1.3093430171464873,-1.1333848644183757,-0.631786296917444,-0.4489824384630788,0.15166961911697707,-0.13655164038787818,0.05876446943584416,-1.4135357232850896,-0.9245751889320155,-0.9314930720108472,1.6822164668495818,-0.44552503443042174,1
PRT,2012,-1.9984675180469622,-0.17047669332406248,1.9222755072734623,-0.34354110115894715,-0.48213900147105376,0.11387325097248478,0.6313889059018537,-0.028238432468706436,0.04410287062969177,-1.3278681022060645,-1.4303140094066702,-0.9233081488690207,1.612461928861028,-0.4999466477902614,1
PRT,2013,-1.1549463622091873,-0.21439083181264332,2.0819801790030383,0.18406486734560265,-0.6362426270196934,-0.38469551033842525,0.5059687741914338,0.031950246103960134,0.0537473606221757,-1.1305398285904733,-1.6164415925353348,-0.8899075291351063,1.4075089381636214,-0.29059638182596903,0
PRT,2014,-0.680348764399274,-0.22410127424685514,1.564914366823626,-0.026571399933741264,-0.6115715211094113,-0.24575656342533242,0.34524456008135396,0.05226360440399137,0.11453130528244145,-1.1924737767051352,-1.5014959474517087,-0.8413072198057843,1.129581965212958,0.9051381729057105,0
PRT,2015,-0.4469948322172038,-0.21063856052372065,1.2413369069319695,0.00662674315153937,-0.542845944457408,0.6035251585265867,-0.4282817642200339,0.06869951057567371,0.11110013230901963,-1.0901208621060923,-1.3982538767773969,-0.7692098948778064,0.9286532660329456,0.7377623536061586,0
PRT,2016,-0.3330298688966212,-0.20853928923229142,0.9458393893224367,0.164422044218548,-0.38141509877817864,-0.23438833340814982,0.04318312268432466,0.05782311738918059,0.08089255879730436,-0.9876318278536383,-1.3825352230302501,-0.7705885392273882,0.7461947551226237,0.6466705866921745,0
PRT,2017,0.02744435072055546,-0.1951622441381683,0.4676028723300228,0.1882207797462551,-0.4398594326682655,-0.3311533010824438,0.2779141572302096,0.1424459336175919,0.1854074841728966,-0.7813883675586566,-1.1359160657792065,-0.7376217810696488,0.5688975647574719,-0.09567988675641588,0
PRT,2018,-0.07389401551334225,-0.20175042197467188,0.04815873449080467,0.04436747039109911,-0.5409967913789062,-0.43106596964475413,0.02756423101839663,0.16647967816135506,0.2316243442379123,-0.7379892177111129,-0.9483441490263379,-0.7567595395788861,0.4483949759034496,-0.31636668949830365,0
PRT,2019,-0.12906872743208717,-0.21327033178487492,-0.07118102020821986,0.05091982482674851,-0.5278349472601086,-0.008552265515865357,0.19473294211390493,0.16567993025859518,0.23393898302317387,-0.7138680416464618,-0.9059845206703746,-0.8243724625781278,0.370122377794401,-0.24490254613917162,0
PRT,2020,-3.140949150509977,-0.21943180175241062,0.022711286797630223,-0.18916495355558302,-0.3134796650145281,-0.32999164869926234,-0.23842675184322218,-0.04352693425121569,0.08419971557523355,-0.7857491790781261,-0.7928757165200414,-0.7975846533816876,0.5944020521430027,-0.6990979230983373,1
PRT,2021,0.6446658145622429,-0.19697153027184525,-0.007562400975284036,-0.1964552156162306,-0.39968902742022744,-0.3918075436670068,0.05051533807627573,0.09684925946760443,0.28070803532772093,-0.607073356960835,-0.5291654929190529,-0.7355108646390413,0.48505857803056984,-0.200208199523252,0
PRT,2022,1.0371849314786166,-0.0815675051116403,-0.1334833921466811,-0.43945814041417874,-0.5160084723021717,0.2846500908128757,0.28810381708205784,0.35629316420344115,0.5734795730758191,-0.7231067857595467,-0.4528537690155947,-0.7321099970824735,0.28853364774072127,-0.13288416053950297,0
PRT,2023,-0.031617779294558356,-0.14345005466979138,-0.05450855447820898,0.014407113014904658,-0.49620861249428144,-0.35665693895190115,0.10766786018029317,0.28021849157891005,0.3448327468684182,-0.5048137347437514,-0.6052581114932276,-0.7991794030154464,0.09541923729921273,-0.3927003580702182,0
PRT,2024,-0.27514539041101616,-0.17675396954245287,-0.05406980538005085,0.2761813297114446,-0.3862388152532905,-0.24893228833889064,0.16185600083196092,0.23653365914364657,0.2619873238326288,-0.341304851218503,-0.6325824490785196,-0.8577737925933905,0.030367057085511094,-0.5194869426455768,0
ROU,1990,-3.8922701976861074,3.8335698163303418,0.3254481645267732,-1.5443823093900921,-0.7296187909575768,-0.24451868391876644,-0.5305743455886167,-0.714897771517908,-0.42222566501596553,-0.49877686193786047,1.090731428680927,2.656391399638278,-1.3532964108854009,0.8103755733479895,0
ROU,1991,-3.8922701976861074,3.8335698163303418,0.3254481645267732,-0.6842462446033131,-0.2420212922412662,9.31183058337656,-0.5082510064215873,-0.6863240217000462,-0.6021983091775208,0.018236882543384212,0.7076436003766133,2.656391399638278,-1.3532964108854009,4.687855454599329,0
ROU,1992,-3.29569121258786,3.492351963671415,0.33202940099914574,-1.1121009508587458,-0.1415385489101583,9.31183058337656,-0.48121815004465407,-0.3530509292967961,-0.03410421184040413,-0.2298233084059184,1.2920051096447949,2.3585147984825676,-1.3532964108854009,4.198602124416826,0
ROU,1993,-0.4637628318946745,4.264893716291062,0.33005503005743386,-0.8469515621070265,-0.3662418073932278,6.063278882667085,-0.4731537184150576,-0.5092130966360578,-0.35221494152864596,-0.06779783484849237,0.8610465472324581,1.7625735970413559,-1.3532964108854009,8.043572658517492,0
ROU,1994,0.19721121620760712,2.1840915725115617,0.31228569158202774,-0.32564958100571384,-0.04177024456344792,4.8152181634759685,-0.34797178123249417,-0.4475656006203787,-0.3917950309236338,-0.1857969760640484,0.14470219798983017,2.125130058124645,-1.3532964108854009,5.811389659185785,0
ROU,1995,0.8302568674583524,0.34739150426216764,0.2771857637293735,-0.896147050742578,-0.4868867731534078,0.73727463156305,-0.3503063547981822,-0.4237350304186247,-0.24863270329637166,-0.7539838926487197,-0.11496975845315573,1.2746759383464301,-1.3532964108854009,2.883392487808285,0
ROU,1996,0.1905438365628674,0.4631431729911264,-0.0014199136010694417,-1.2782229770428373,-0.4359154718427481,1.9762987755505153,-0.41591386570845795,-0.3966746124231757,-0.10674001620792098,-1.07639024498364,-0.1534204870053361,1.5719997562572297,-1.3532964108854009,2.87956432814804,1
ROU,1997,-2.218001153614404,2.500481614720255,-0.2701537362229536,-1.0982362241969905,-0.09984112756773139,5.4445625028652245,0.01942462654129497,-0.33978223053906775,-0.08023325143058811,-1.1733985058655698,-0.4658598370180094,1.2873405471201305,-1.4097614730172552,5.1811344894241085,1
ROU,1998,-1.4425675095284347,0.8193048490306277,-0.2449256630788583,-1.2843081973623423,-0.32982088323043907,0.7790816044276014,0.2538457066651602,-0.5092399218540832,-0.242351708445814,-1.6669267726099,-0.9730057124554691,0.8386283723085197,-1.3391318980112228,2.0511074623195875,1
ROU,1999,-0.9878685963718595,0.5857073374734605,-0.1113265626896931,-0.7014061792452966,-0.5257423422657084,2.8814339834536176,-0.06429494829993372,-0.3899925492656265,-0.22342556819143936,-1.6269550683388572,-1.4484641049776679,0.48471945242308134,-1.4161485789483053,1.8754254385211575,1
ROU,2000,-0.2072985838391463,0.5832965166826148,0.04881685813804196,-0.7065235231836061,-0.46079819735612987,1.542167914264281,-0.08230271952837905,-0.5558943783663192,-0.3930841413876578,-1.075707283183231,-0.7492190169066706,0.5608977976803794,-1.4202201914940926,1.3725036339852428,0
ROU,2001,0.5509782794590362,0.38665938075959344,-0.04068795788622643,-1.0300719606508841,-0.3149799795312504,1.2106254064417945,-0.06932371222689591,-0.5389841649846816,-0.281118338510653,-0.9155871486919862,-0.21239705941154957,0.9492746827757718,-1.4022090969684595,0.1773868036925405,0
ROU,2002,0.6843375796852055,0.17688547237709823,0.29956196773544064,-0.6503188910992536,-0.057257100774058614,0.3460910159165743,-0.13064609433947963,-0.47661674833617185,-0.2859766859904503,-0.7301302341936924,-0.3138525330826544,0.9120691390276409,-1.3721517552092868,1.6760260323242242,0
ROU,2003,-0.2403364818496039,0.04919137388142965,0.04464874170553924,-1.0661546510250706,-0.08199506531889854,-0.22571778323139374,-0.01686436985216175,-0.4700857060440995,-0.19805342372556098,-1.0367975462305474,-0.1359883073791457,0.7781022023293179,-1.2875672688680682,0.3373516547817923,0
ROU,2004,1.983980498505485,-0.010542251694107005,0.2133477699473587,-1.5451844222468263,0.10505197993061426,-0.3174455226492285,0.8533570530155409,-0.4200103181141169,-0.08509727466077123,-1.0997138706160605,0.041636613379190265,0.8122849678880781,-1.2530493277728159,1.7716920661927482,0
ROU,2005,0.3997042228581365,-0.06079204861607013,0.09378864069925522,-1.5731063006753983,0.44546955122909543,-0.705304028576235,0.5324001953888841,-0.4595393524915248,-0.08731372751317347,-1.2949173950385975,-0.18201599121332032,0.8168399536502093,-1.163570298508227,0.28336139744528616,0
ROU,2006,1.3240533693291037,-0.1039589176135852,0.11484859741084759,-1.9156978094311448,0.5204931492452367,-0.3988713838148893,0.9220209712411107,-0.4518211724673988,-0.006460628508958921,-0.9547151090142072,0.6069787638536397,0.7882547028971819,-1.039130067927646,-0.026917569168925088,0
ROU,2007,1.1053879910350108,-0.13420570131776408,-0.07315539114993154,-2.362459815720941,0.33656468104863924,-0.811596978653542,0.4013318928473955,-0.45379637055559285,0.06644525589821462,-0.8555825403644909,1.280095362187247,0.7746519997893412,-0.8718503515437973,1.0066450484907576,0
ROU,2008,1.675747264551206,-0.08124923074093285,-0.21048385887344132,-2.0864229519995443,0.07399897551418767,-0.10247162047576303,0.49644729441577884,-0.40655082205302984,0.07517623185020239,-0.3631815232781222,1.5856317574261876,0.9360296353964469,-0.8317811521028288,0.14966721469389915,0
ROU,2009,-2.4016362343207587,-0.12102418098430592,0.024685657739342098,-0.8943861069415013,0.9003285261911117,0.6603486445633491,-0.10162266300920204,-0.41090437644349737,-0.17942377403472962,-0.27477605417946155,0.5610122149145822,0.7707650479860286,-0.8088974146029319,-0.29404758490144856,0
ROU,2010,-1.9585602627254737,-0.1121673301053075,0.04662311264725092,-0.9384565685811633,0.8440857462492423,-0.06334989976857636,-0.22625639270041611,-0.2271372579089253,0.04781188351421097,-0.27994889760711,0.5586453541777587,1.1845555415407656,-0.7821678103810339,-0.41026561160962205,0
ROU,2011,0.3522419458503449,-0.11747731816002421,0.09444676434649231,-0.9092883337029593,0.4822132835148766,-0.419326504374223,-0.33242938450864173,-0.10956825647681696,0.15323910873935184,-0.1520808901498558,0.6665899720173356,1.6337476571518013,-0.8000245853219814,-0.4286404408679334,0
ROU,2012,-0.3606790490465622,-0.16060784396236036,0.010426312049201228,-0.8683728640393399,0.5436042953120037,0.3468465281422858,-0.2565773302422672,-0.09414032253703118,0.147475117608376,-0.2757681016627649,0.4774485707133818,0.8186771996308417,-0.8308259034225722,-0.618734593437708,0
ROU,2013,-0.8075921020180612,-0.14918893798103586,0.07667742587108621,-0.27649294955909026,0.47428676075910725,-0.4183117695331785,-0.20350346626671706,0.05423473358619139,0.15779113434165998,-0.07766471199584886,0.2216410345717351,0.6316773285617668,-0.8682995888421765,-0.3060025303346839,0
ROU,2014,0.24783640222484793,-0.20043956076985278,0.012181308441833943,-0.13955714888112672,0.22867160862758887,-0.2170721617869391,-0.2185957240196547,0.09450393172088038,0.1866981984110758,0.016430528559471285,0.21715870310081903,0.860000719839352,-0.9328277536595552,-0.3309249791857963,0
ROU,2015,-0.01592658383170834,-0.2296544700971286,0.01437505393262498,-0.1904825114128432,0.2032587153426278,0.5976942914197281,-0.13969047554936412,0.09033365611068447,0.1972723607078402,0.007892414215793295,0.2641711534778086,0.6304034359492309,-0.9575591094027576,-0.2751594067078531,0
ROU,2016,-0.09764480240216887,-0.24243630757665158,-0.1854751602784252,-0.4426357274293454,0.1398645828895032,-0.18711433443330816,0.012802057415418714,0.12523274612294483,0.24782069043153576,-0.3919194277037598,-0.05435123480475377,0.6156730981112996,-0.9857062390613455,-0.25694917977602794,0
ROU,2017,1.3698951196199693,-0.1956822871852183,-0.39914597108145794,-0.6303039325037556,0.08230733572380775,-0.25160182975424344,-0.07439277669474251,0.12254907870257693,0.29994911772058835,-0.48595178151737806,0.001662907585754793,0.5640442092445608,-1.0252565452168843,-0.16952208078089911,0
ROU,2018,0.5994931917096744,-0.13792850043994884,-0.5614831373999837,-0.8734381578548762,-0.1375931262976855,-0.36207394042773233,-0.04147344261298281,0.10455952944296996,0.3187453183463521,-0.7819640452581837,-0.1623812746844743,0.43020723192229104,-1.0456937291529529,-0.3016702179840506,0
ROU,2019,0.2050080084931545,-0.15194544081612626,-0.6218111383967332,-0.9185600003175362,-0.15460193756432847,0.07847946330238045,-0.05627591538486754,0.05717279523323088,0.29023968512487236,-0.6439487975331726,0.07482498350798603,0.10877073472412746,-1.066119504505212,-0.19587966547108954,0
ROU,2020,-1.873903804037158,-0.17297675697233308,-0.3754535197809162,-0.9651230545391302,0.15429944402617551,-0.2383679432309559,-0.29910205100049403,-0.05284326893802954,0.1670211622013542,-0.6775580391717272,0.061707929252257314,-0.12449074568160418,-1.0422834356244504,0.035300693607399625,1
ROU,2021,0.6525305851824977,-0.1304274652140168,-0.2537006450420219,-1.3218899599102374,-0.12250940617689883,-0.32913077220671877,0.1342515663506206,0.06891930526751798,0.36019053885909946,-0.6844983016067683,0.4254211717234245,-0.16074058954532833,-1.0290109534800447,0.06161077441330511,0
ROU,2022,0.26756075036938376,0.02321812983555593,-0.24843565586412372,-1.672607378207808,-0.1779724370293201,0.30083170129997144,0.09530634186745657,0.161100791188494,0.5174646919857873,-0.877291869462382,0.5363972923094693,-0.4927956366008534,-1.0555219064798,-0.40896281829993697,0
ROU,2023,-0.26327924226382166,-0.03650101305394316,-0.25392001959110083,-1.2908306832000134,0.06563872291200415,-0.3491596314655325,-0.1272886464205803,0.02150634461964691,0.2731776327364537,-0.6627019599177478,0.38830711772378657,-0.4835103422529028,-1.0967805268051634,-0.21690277412273354,0
ROU,2024,-0.6323217025865466,-0.11866961892840241,-0.29538180936704866,-1.4858769505986336,0.03262536177983779,-0.2218970851550852,-0.2292145700809571,-0.09758517050622253,0.17560020071865073,-0.9734952468190908,0.17738200901373227,-0.60301882132966,-1.1077053183602052,-0.1745431737102504,0
RUS,1990,-1.7094159194681247,12.075312485263332,-0.3590004285999845,0.308543288523947,-0.8242269296155837,-0.24451868391876644,-0.48995886635502867,-0.6679629173482594,-0.7412677050747074,0.5897085220354532,1.070227478380295,-0.251683237000723,-1.2309565674053544,1.002564237448289,0
RUS,1991,-2.272427071898848,12.075312485263332,-0.3590004285999845,0.308543288523947,-0.8242269296155837,-0.24451868391876644,-0.48995886635502867,-0.8279050999888249,-0.9333946780151922,0.5897085220354532,2.13764038556895,-0.251683237000723,-1.2309565674053544,1.002564237448289,0
RUS,1992,-3.8922701976861074,12.075312485263332,-0.34342483561536924,0.308543288523947,-0.8242269296155837,-0.24451868391876644,-0.48995886635502867,0.7762294965828112,0.4329362477955619,0.5897085220354532,1.8499487717276937,-0.251683237000723,-1.2309565674053544,1.002564237448289,0
RUS,1993,-3.268547083805722,12.075312485263332,-0.18942390216184876,0.308543288523947,-0.8242269296155837,-0.24451868391876644,-0.48576291884228684,-0.012505225006623715,-0.25511523406340475,0.5897085220354532,0.5270061735233972,-0.251683237000723,-1.2309565674053544,1.002564237448289,0
RUS,1994,-3.8922701976861074,5.188468618712837,0.30373008416794334,0.308543288523947,-0.8242269296155837,-0.24451868391876644,-0.5024703759540006,-0.35413131902689754,-0.5378596569325342,0.5897085220354532,0.2713785688792774,-0.251683237000723,-1.2309565674053544,1.002564237448289,0
RUS,1995,-2.0239441912330576,3.249993880397386,0.5928657398541826,0.2426786205461524,-0.5498628634725381,-0.24451868391876644,-0.4464737948714917,-0.3040745363140072,-0.4333174427438806,0.3990817790733802,0.2542333500623844,-0.251683237000723,-1.2309565674053544,1.002564237448289,0
RUS,1996,-1.917098693244316,0.6199440576522435,0.6402506424552656,0.36284550160944057,-0.6443214763238964,-0.24451868391876644,-0.42454039483186357,-0.40924922438788874,-0.5899967493030918,0.2877983807116037,-0.0538794049123463,-0.251683237000723,-1.2309565674053544,1.002564237448289,0
RUS,1997,-0.499221871202356,0.04019107126318333,1.111467173877149,-0.11629945156360554,-0.6475110789304237,0.31261316922997967,-0.33711052391454555,-0.4531745990424277,-0.5637478013092254,-0.34674820835079695,-0.3479964433273722,-0.251683237000723,-1.2309565674053544,1.002564237448289,0
RUS,1998,-2.3420207294402005,0.267313705779406,1.4291215209436696,-0.0763036684381713,-0.7434965460629136,2.6672271553251674,-0.36645854920002857,-0.2408853425818242,-0.4853392986394226,-0.6685089574580823,-1.5676382462850011,-0.251683237000723,-1.2309565674053544,1.002564237448289,1
RUS,1999,0.8760260094050978,1.287629973407577,1.3797622474008748,1.9261573104161973,-0.5652467221426394,6.358601494650853,-0.2628829199620505,0.15151423724864668,-0.4224927577943148,0.4264835431076692,-1.590913904181757,-0.251683237000723,-1.2309565674053544,1.002564237448289,1
RUS,2000,1.866246545184455,0.1462882649455422,0.8411977294117112,2.925266767537192,-0.014383164804637662,0.36791721223611357,-0.3645193433494158,0.1790005014261207,-0.5053904245873462,1.397002500613684,-0.9189432928754342,-0.251683237000723,-1.2309565674053544,1.002564237448289,1
RUS,2001,0.5184990344976217,0.1582072502865785,0.4895403272379316,1.7176712286765767,0.10059983144458318,-0.08575945266734772,-0.3810257412779933,-0.05538259794631326,-0.49826616565021475,0.9501331346035906,-0.3526181275985519,-0.251683237000723,-1.2309565674053544,1.002564237448289,0
RUS,2002,0.4084628645351128,0.0582458384893033,0.24757019960369653,1.2872184638926703,0.3068980161784365,0.07659903912609464,-0.3686460463940707,-0.11035362023384405,-0.48991821634078786,0.4913776305175756,-0.6866103848850035,-0.251683237000723,-1.2072154482386492,1.002564237448289,0
RUS,2003,1.1235810397355088,0.02089502352584778,0.3210606735451915,1.2434650596090553,0.6314303123586485,-0.33449354457891073,-0.23388002621044585,-0.10913091730080922,-0.5114020385299679,0.42896843702384313,-0.542350922296899,-0.3969996277208433,-1.1387685013050646,1.2532023567383612,0
RUS,2004,1.096074844947223,-0.027865029383392238,0.22300025010683852,1.6237067158536205,1.179284663005262,-0.507464407878889,-0.11087588375746417,-0.13634305974882202,-0.5778150107807857,0.6737024968847579,-0.5349908073201908,-0.24762646061114113,-1.0744716829615644,1.0014670953941371,0
RUS,2005,0.8760399699767829,0.0037085928481419787,0.08281991324530061,1.8193202955714662,1.4192529920400616,-0.3234469908450135,-0.2036964098133261,-0.11066522082280923,-0.6031423973343041,0.70881805563605,-0.6782703271870825,-0.1660566973715247,-1.0408643993285474,1.127345805905179,0
RUS,2006,1.3711575941964371,-0.04930369258351893,0.06768306935884348,1.5234346745438088,2.0416860242078467,-0.4106284278986783,0.08100878060076945,-0.15882384349492945,-0.6227934949778279,0.722845237902761,-0.4879746904073581,-0.23448280192625492,-0.935837422602558,1.3504209507099019,0
RUS,2007,1.4536475974388772,-0.060925853763773505,-0.1633183308214372,0.874734698086118,2.609674915599518,-0.49894520756263344,0.16172958988702035,-0.2754575103955237,-0.6019073766169298,0.797212610882937,0.03258348890715811,-0.2655467062472976,-0.7926807861252629,1.3876135204240971,0
RUS,2008,0.5459814547077865,0.028758602150748942,-0.11878529735838209,0.9957393325724402,1.3869376586945574,-0.36679134387622647,0.19453980859568817,-0.23799584389116485,-0.5813425054311362,0.6495803587663641,0.2650763567705888,-0.2974693775807936,-0.7137865201810423,-0.02678092972897156,1
RUS,2009,-3.029653703203705,-0.014531973573173543,0.34102375751138847,0.628095084610126,2.703718189481157,0.9462145537438961,-0.04872368330440095,-0.3482538047682691,-0.6423946373036358,-0.4779576465194342,-0.8784845328237731,-0.6554670704320634,-0.6362230512823377,0.14037104588330973,1
RUS,2010,0.3534551622254032,-0.09884724733535102,0.14490291063468289,0.68012833089778,2.1716339457482854,-0.43030470794423326,-0.07469908412213705,-0.3064766148104879,-0.6174854078634179,0.1856674046278312,-0.23691428845671547,-0.6699793495997468,-0.6868778739671071,0.5176628977538333,0
RUS,2011,0.29845326257505034,-0.07088695720591384,-0.03849421239543559,0.7371026988830304,1.5848358511701433,-0.3839642773233854,-0.0969980310129611,-0.34441900256702934,-0.6624201877195055,0.48926533521124577,0.0493196862397912,-0.9064892626963038,-0.7107616619593157,0.2593283054538917,0
RUS,2012,0.22255523254483303,-0.1300335744092249,-0.27695434724440526,0.47448349378841304,1.559298124731523,-0.03138615946917727,-0.16166605287779773,-0.3819637777798892,-0.6521915854026646,0.30353743284756374,0.10027334624946833,-0.9162780386486084,-0.6644069823749438,-0.08294843568232968,0
RUS,2013,-0.4014399802303687,-0.10051185369841224,-0.2705924853211117,0.17003340033002518,1.285184580643944,-0.10557150716509857,-0.04433103357785801,-0.41669418148524584,-0.6445310413382127,-0.05997692630494555,-0.12270655500196703,-0.9792481328623852,-0.5783916899701945,0.07297033849989445,0
RUS,2014,-0.6817581735594619,-0.08178754910092487,-0.33662422459391755,0.3996471088787909,0.8620618752008837,0.6382457345325523,-0.3582845937816449,-0.3752995994762273,-0.6349068015661273,-0.03174024065407457,-0.27590695691220224,-0.9302985020350492,-0.43594907026405355,0.009842337912013171,1
RUS,2015,-1.4268639137429098,0.05377635360733013,-0.24821628131504456,0.7743233146227896,1.757965811221262,2.281137560348807,-0.4496380695484892,-0.32322632632310816,-0.6362349767329445,0.19585281527472453,-0.31802211419309145,-0.7460494841889208,-0.4125192651864801,0.2662714381785748,0
RUS,2016,-0.8309990315595484,-0.09545482325550284,-0.2534812704929427,0.24886814512771746,1.9548016132581563,0.18687563893415063,-0.12016558070257774,-0.41639507184662233,-0.6359375700449676,0.029772315043207924,-0.15336332607487446,-0.8661464030929192,-0.4721440062473308,-0.816294872258192,0
RUS,2017,-0.38183358218122176,-0.15448518788386473,-0.3309204863178611,0.27083447006243666,1.7831010383750199,-0.802818699801724,-0.23843521729665676,-0.4086640685189687,-0.6312110393437292,0.11018926888703132,-0.06442724368995081,-0.7584061930909746,-0.49360972364508854,-0.3791262127270517,0
RUS,2018,-0.11238518075709597,-0.16863193808002944,-0.4114309458298867,1.1199319627062772,1.8726982095832891,0.0740204077962804,-0.4452170385970643,-0.25488069178374173,-0.631133551186411,0.5127918198845354,-0.3581366022756689,-0.6692031227245987,-0.5110456456792122,-0.12172082480995387,0
RUS,2019,-0.27968827778006317,-0.14062525574748622,-0.48996703440020073,0.5859918434136094,2.2484211788239548,-0.10262780809689062,-0.22644984734280704,-0.3320548784665571,-0.6308360507601573,0.2167856938487645,-0.22883295273239113,-0.6429363701853557,-0.4834649781782653,-0.5001284390855427,0
RUS,2020,-1.6141549129899233,-0.1597770641906155,-0.24711940856964915,0.3267420375373251,3.206792241432858,0.24444766576664184,-0.42834148924956716,-0.4272623075303637,-0.6444183034150079,0.12243860701880194,-0.0906778875379146,-0.5666631027495541,-0.3365305919740745,0.10575388795800589,1
RUS,2021,0.7293082291041582,-0.10156992790717315,-0.43819464081753573,1.0943291025316222,2.394903984244976,-0.15218908423130303,-0.17445808994252357,-0.2807437086412245,-0.6390313821504316,0.6187340924418903,-0.1683357632804375,-0.6141828431519979,-0.43992541713349326,0.10575388795800589,0
RUS,2022,-1.279066378427348,0.022307678102213957,-0.6316829931052922,1.703151509210155,2.6212219944590527,-0.5460781657999364,-0.8101684094841328,-0.35572568608389354,-0.8531509747459444,1.0582524165721958,-0.1398296284172847,-0.6113594089505017,-0.43992541713349326,0.10575388795800589,0
RUS,2023,0.2342524887754379,-0.11613356274419945,-0.8052082614268515,0.33445623527667295,2.6588919275510308,0.8017786670476337,-0.6096328546175518,-0.5172699398048007,-0.7170616143437144,0.6771887297536677,0.5784823762852909,-0.6449189427642449,-0.43992541713349326,0.10575388795800589,0
RUS,2024,0.4694380005818199,-0.07098538057205114,-0.9469242201319429,0.4110320915741527,2.779204936886015,0.12834673902231752,-0.5994466632553271,-0.5471468376884694,-0.7560934108392598,0.7449645561508315,0.4352416188426678,-0.5910507162982714,-0.43992541713349326,0.10575388795800589,0
SAU,1990,1.7083767799925098,-0.18271095389189065,0.12493982666848574,-0.6872483024455133,-0.2856372869228413,-0.24451868391876644,-0.27575365522042283,0.05716050974310564,-0.2210473204386197,-0.8121688478995527,-1.4424277655097626,-1.4636544816755142,-1.2731328286990518,-0.5274992001791805,0
SAU,1991,1.3768518067513122,-0.1337877776931881,0.12493982666848574,-2.362459815720941,-0.5595749917163688,-0.24451868391876644,-0.511091390963639,-0.00911045672935553,-0.02666353581607706,-1.599516329535504,-0.6942502338337816,-1.467347040297435,-1.2720951479122131,-0.004514170770276741,0
SAU,1992,0.37561922932054825,-0.2205664646315839,0.09949237897531149,-2.304034273021374,-0.7926388539799437,-0.24451868391876644,-0.5398510791316973,0.017000129432864587,-0.042379253602632616,-0.6394137411329672,-0.17628252119562215,-1.3839819009196552,-1.2326141504901567,-0.6600495728295624,0
SAU,1993,-0.7797944717437674,-0.20065948210185308,0.05605621825765178,-2.311887507055933,-0.6268779577630136,-0.24451868391876644,-0.36499336267805543,-0.13847123243248177,-0.14043285936570946,-1.0165151180736078,0.18746091290223046,-1.373877991749002,-1.1549607278355034,-0.5904983540737766,0
SAU,1994,-0.6221552604851815,-0.2092961964634577,-0.0029555354446231877,-1.413628266430587,-0.5126832453480125,-0.24451868391876644,-0.4889606315265414,-0.14997848253388946,-0.42648102889006917,-1.0850439079030925,-0.6296303551624479,-1.3325094331493321,-1.115413028266892,-0.6112288646464306,0
SAU,1995,-0.7985330256204183,-0.13365914303687057,-0.08368536950572782,-0.7190564438509057,-0.500011888148296,-0.24451868391876644,-0.7411908111881027,-0.04085094363119093,-0.36319837651120873,-0.5572780891880208,-0.6419829292038288,-1.2893903484467033,-1.1110425974870382,-0.5917695607852062,0
SAU,1996,0.02468352912725423,-0.19773766425571823,-0.20675449153909672,-0.007144291221510256,-0.2618873065976235,-0.24451868391876644,-0.6450154101163291,0.046956845939945695,-0.40476200022596404,-0.13417696651288757,-0.9402425629209055,-1.2552617216912803,-1.1482080326923563,-0.3872091822823144,0
SAU,1997,-0.1561239649356559,-0.21820889912318758,-0.3210486316093021,-0.04919363642869797,-0.29804055745397073,-0.24451868391876644,-0.2356473255650331,0.018693869961795645,-0.4280652718400298,-0.03599466235712658,-0.9043657695670155,-1.205489224033086,-1.1332200579741594,-0.494542645750638,0
SAU,1998,-0.11308077592017385,-0.22573757752373905,-0.43753651717029846,-1.619961455241142,-0.20204112495382281,-0.24451868391876644,-0.06059964727768007,-0.29284517719024494,-0.411541046036667,-0.859583582840899,-0.17877151685604675,-1.1338748745380987,-0.9725297372686796,-0.5773765175126566,0
SAU,1999,-1.0584828970952107,-0.24243630757665158,-0.5266025840964085,-0.03709584400649009,-0.038215148754607985,-0.24451868391876644,-0.6081462500935721,-0.12821366665307657,-0.5384700355642672,0.16477117060976174,-0.428485299293553,-1.174947102536978,-1.0236629831811026,-0.40939566269699185,0
SAU,2000,0.41345290093758086,-0.2389830797867607,-0.4774626851026926,1.218770638559397,-0.07483316289142027,-0.24451868391876644,-0.6904228719734306,0.15757418235404663,-0.4771987881401026,0.6467086915235837,-0.8105494451608868,-1.3011955576419054,-1.0761621028098851,-0.5335881373653303,0
SAU,2001,-0.7894879721753613,-0.23891190228135387,-0.46693270674689624,0.7930241762107115,-0.11515441627369795,-0.24451868391876644,-0.5288609029662515,0.03423110398858352,-0.5095191887023899,0.2468651857623959,-0.757294527111054,-1.2349205566121106,-1.016426089383886,-0.5010011135549405,0
SAU,2002,-1.0736096615619712,-0.21486935403415688,-0.32499737349272584,0.996429971122098,0.038958289833957535,-0.24451868391876644,-0.5827397286719233,0.07723955715739018,-0.5204785512504677,0.4543480716699824,-0.7450861484159795,-1.1860686920573027,-0.9775505146101454,0.02928598353191521,0
SAU,2003,1.5275688510643897,-0.20845496787366724,-0.2596237578671573,2.15500320639111,0.04289386473287361,-0.24451868391876644,-0.5743451143878133,0.2376607330477807,-0.5075770728734438,1.1167372137673601,-0.7800339272235666,-1.1091955318474978,-0.9925132017074894,-0.3224197403083224,0
SAU,2004,1.4896867159624543,-0.2101540792267659,-0.20280574965567316,3.3715756186602266,0.04153087727976326,-0.24451868391876644,-0.5513866188637682,0.405467498932476,-0.5029095216101642,2.0726422897369616,-0.7152965071742693,-1.1472361145132852,-0.9062853297170562,0.13698945170029553,0
SAU,2005,0.7508733491491643,-0.2107915698322408,-0.15256897791656177,3.966617350881129,3.5613663942005083,-0.24451868391876644,-0.31556330139579186,0.6038267027476499,-0.4716917749354428,2.8456054823550074,-0.6613406011799465,-1.277356778247126,-0.8421595744333616,-0.07337070175748422,0
SAU,2006,0.02710456938848962,-0.18039353981623885,-0.10803594445350684,3.966617350881129,4.407243552809584,-0.24451868391876644,-0.2752422562988786,0.6947800846829619,-0.26988107222934277,2.9127909575190625,-0.306466950667004,-1.2638110745765823,-0.8776122249841642,0.30253045285606633,0
SAU,2007,-0.2754034857923241,-0.145971081534221,-0.22211070997463303,3.966617350881129,4.793554954398271,-0.24451868391876644,-0.29150050076458384,0.6982313297002912,-0.08341849429835982,2.964604321468762,0.4340836588251565,-1.205988848517574,-0.807578638055963,0.2885264996490211,0
SAU,2008,0.8314880041668328,-0.04576104075954506,-0.3644847923269618,3.966617350881129,5.640073515843385,-0.24451868391876644,-0.359994754834679,0.7693304064001927,-0.11963062941019569,3.0858202699714945,0.5772062907746371,-1.3748648065831297,-0.7947577059360182,0.174104569979959,0
SAU,2009,-1.17766836080084,-0.1303414617984091,-0.30042742399586786,0.9314529735025586,5.640073515843385,-0.24451868391876644,-0.5142022348658833,0.2780320682510372,0.02675199934377451,1.4515396333578792,1.3458866450083962,-1.0513428732958547,-0.6285042536553979,-0.2008550707926387,0
SAU,2010,0.5018485902133418,-0.12538239064799334,-0.26247562700518545,2.248869543127872,5.640073515843385,-0.24451868391876644,-0.3818298047723068,0.3591721149390742,-0.15880289620140614,2.4843715998977376,1.2086473259678303,-1.0195187786148547,-0.7637924007851237,-0.4965413128269094,0
SAU,2011,2.349991160224798,-0.11682775720937383,-0.2142132262077859,3.966617350881129,5.640073515843385,-0.24451868391876644,-0.41976083092740785,0.5456998961762893,-0.309651871145289,3.0858202699714945,0.4850234089300849,-1.176444070492198,-0.8796187017049081,-0.07235129686691238,0
SAU,2012,0.7004505849263982,-0.16884358179825187,-0.246680659471491,3.8497918619305933,5.640073515843385,-0.24451868391876644,-0.4227413161163793,0.4752733112855186,-0.32767593181675586,3.041443260886947,0.4314608428722836,-1.2083371576573603,-0.8390294491417224,0.09699875805348443,0
SAU,2013,-0.07407157187365015,-0.15751285618860064,-0.251506899551231,3.0716747782413365,5.640073515843385,-0.24451868391876644,-0.4600451451358753,0.38542641575300235,-0.27893505188931533,2.4679995583351273,0.4031307459209002,-1.1608965643027653,-0.766990726788064,-0.32978094398170155,0
SAU,2014,0.22271625392627742,-0.1798166044490277,-0.19074014945632334,1.6162163262061482,5.640073515843385,-0.24451868391876644,-0.49970514243744246,0.2128616832987472,-0.16173571514704815,1.7129927142086228,0.7923639893108678,-0.9909830744617487,-0.6927987554609448,-0.14772612522522807,0
SAU,2015,0.39612173314834376,-0.19772654678223686,-0.251506899551231,-1.4464154398449893,5.640073515843385,-0.24451868391876644,-0.43836292329654314,-0.23372572738403227,-0.05477954190828012,0.00879512733460028,1.4708823185577178,-0.6204152301358378,-0.4793062601983544,-0.61546444313544,0
SAU,2016,-0.41557058855134626,-0.18312709803499755,-0.251506899551231,-0.7539119388449069,5.640073515843385,-0.24451868391876644,-0.01763301238082386,-0.3088466606813711,-0.3215649731520185,-0.024734674263346322,0.7200473969362187,-0.5436519223049473,-0.4455011697207317,-0.7390850290853197,0
SAU,2017,-0.559130087952256,-0.23388415941040722,-0.18788828031829521,0.12999994346638347,5.565825593019067,-0.24451868391876644,-0.5085479212379865,-0.20355996471532467,-0.3839027558795739,0.28725194487780986,0.2606423429955488,-0.5635082139799622,-0.5341819730663984,-0.759898483858097,0
SAU,2018,0.003303466396350195,-0.1758786254645743,-0.1573952179963018,1.2780284169698708,5.211528216211189,-0.24451868391876644,-0.3100398642340178,-0.10026826787928231,-0.5228830198194603,0.7155913853157048,-0.2790652691930477,-0.7040713574854763,-0.5341819730663984,-0.759898483858097,0
SAU,2019,-0.42999917979661334,-0.2401778498676269,-0.24360941578438372,0.546204089795623,4.827405774763493,-0.24451868391876644,-0.47479211031837726,-0.21020962959304537,-0.4821018865697418,0.6267742532644089,0.27395799502713436,-0.660543572710999,-0.5341819730663984,-0.759898483858097,0
SAU,2020,-1.9307740461358296,-0.15995013171275096,0.20040467155169242,-0.8578581299206545,5.3464678384106366,-0.24451868391876644,-0.496580301968931,-0.48326264940394287,-0.517404394891662,-0.586820023976572,-0.11502932820736562,-0.5695920170620546,-0.5341819730663984,-0.759898483858097,1
SAU,2021,0.9089445803708663,-0.1653813104616441,-0.027525484941480983,0.7053179072784195,4.715782261880245,-0.24451868391876644,-0.06596542524846041,-0.3084355244385774,-0.5946938863158788,0.6991149721843588,0.41142553791602743,-0.437093960417326,-0.5341819730663984,-0.759898483858097,0
SAU,2022,2.4164890277693063,-0.17573574401435837,-0.25392001959110083,1.936994216445343,3.532843777277364,-0.24451868391876644,-0.18343134510604422,-0.08509304569612863,-0.6291380033771184,1.7048945348027609,0.44157523564202483,-0.2653809857893072,-0.5341819730663984,-0.759898483858097,0
SAU,2023,-0.7350283521239234,-0.17831880792575647,-0.6007511816851406,0.28549834530803314,2.7309764466428277,-0.24451868391876644,-0.22922094459863931,-0.2561003867133779,-0.4663389069366513,0.8739406367976507,1.0062820491566435,-0.12886055689417455,-0.5341819730663984,-0.759898483858097,0
SAU,2024,-0.15568078196484755,-0.18955098742514026,-0.7082447107338943,-0.30377067279076453,2.379961065397483,-0.24451868391876644,-0.25658840763612406,-0.3008371858704204,-0.3898108618689224,0.6883457531373633,1.3390204386704552,-0.09145883122744766,-0.5341819730663984,-0.759898483858097,0
SGP,1990,1.816966656296879,-0.1583965914758198,-1.0017678574017153,1.4050434937364356,-0.01682816288132602,-0.24451868391876644,1.9532448466902181,4.532864408641489,5.038543002073979,2.3272999566909736,2.030792651186393,1.3685335270107952,0.07318862648530705,0.2800741427324816,0
SGP,1991,0.9553731121813279,-0.15901256241937275,-1.0017678574017153,1.7657412766170155,0.11531376957985118,-0.44597380437342005,1.20042856662011,4.250099902281715,4.581493508418126,2.4794214127115355,1.7397787717235975,1.5542271582570901,0.0879701070106787,-0.11508531537284865,0
SGP,1992,0.9420079084282934,-0.17944374085833603,-0.8021370177397443,1.8710407496124715,0.19974703432580923,-0.4897090622593956,0.1503738266569494,4.027055165980091,4.358526124243092,2.727191751986264,2.006891578967058,1.3589393280855033,0.11338127038090035,-0.30128400688989254,0
SGP,1993,2.2677046120729445,-0.17898282205216884,-0.8065245087213262,1.1145329374603012,0.23606748182754259,-0.2792720156798546,0.7147033524008227,4.024588349039341,4.442952293078473,2.4051452290179025,2.30019859287208,1.3804299876195723,0.11099934495696946,-0.3244338959770399,0
SGP,1994,2.167597115532708,-0.16473386443566645,-0.8152994906844897,2.580505461626154,0.252686591523804,-0.4794471154950947,1.3379937815050884,4.17315435127497,4.375450506394881,2.86225584734772,1.5540417462148821,1.2314153513392065,0.11557212064553224,-0.011099631486945597,0
SGP,1995,1.0893232706351637,-0.18897787639722177,-0.7560683624331357,2.7571094788222816,0.12250888731382821,-0.5541400234974755,1.6596425395314265,4.661336077471474,4.930018708792979,3.0858202699714945,1.7226237533005144,1.294800838253217,0.26420260432879283,-0.32203499201372227,0
SGP,1996,1.1707351410496984,-0.19490626523712795,-0.6968372341817817,2.4355172974097012,0.18919986407902367,-0.2667516066038052,1.381375188661718,4.4821928119237295,4.733596404045981,2.958350770660039,1.924175577766348,1.1509384556955655,0.37820452460303283,-0.25434565802540765,0
SGP,1997,1.403102094713452,-0.18400373147546084,-0.9315680016964069,2.5976529402162547,0.09760619324878655,-0.01669587655791461,1.9949260682794658,4.274650042173269,4.551498492068816,3.0858202699714945,2.4685187218987097,0.9722698367439278,0.4352963748225548,-0.22939326022853926,0
SGP,1998,-1.4869060887894716,-0.22391410042219573,-0.7319371620344358,3.6679704363899113,0.4451722882472958,0.30180910486832563,0.5887569822861952,4.1925870498121585,4.192152099103001,3.0858202699714945,1.3067098887536424,1.0665456154406578,0.6751046400963141,0.8186076284919407,0
SGP,1999,0.6885678724480606,-0.21891957425519598,-0.4160378113605478,2.878756535159978,0.2941694490587897,-0.18969376132609703,2.988038921340863,4.518228634684275,4.751873258943277,2.9627068224840998,1.5156756381930783,1.0952591330079366,0.5658010555106001,-0.32125627090317865,0
SGP,2000,1.6017174221685162,-0.19528508441604087,-0.6683185428015,1.8238078904408965,0.10522395383795273,-0.17098780183618736,2.07005483994335,4.8977795427263935,5.234255083731379,2.651310621705759,1.947466759577607,1.6248720105296817,0.4265533392805374,-0.8753031026070544,0
SGP,2001,-1.1788086171952128,-0.2016892271823643,-0.6551560698567548,2.402071901849522,0.18141777933939285,-0.07564165387889661,2.519515465122231,4.719326935786461,5.009807673541527,1.8790044165306352,0.6317571325769687,1.1909531480411177,0.8235182910388982,-0.4605871452887966,0
SGP,2002,0.1948507505049871,-0.22609624924552552,-0.2405381720972764,2.478474160781388,0.25280477502814186,-0.24723848212340355,0.5409344219922115,4.758307263711257,4.98121643298292,1.6760513611728165,0.190702798029135,1.4271826198958573,0.551508090371741,-0.7852246280541673,0
SGP,2003,0.36672779998611715,-0.2102876814511044,-0.17911329835513165,3.966617350881129,0.31038382854476093,-0.36067023803034987,2.2815862004965,5.14085974946659,5.234255083731379,1.7951873601997472,-1.174487007329209,1.432067901633217,0.6092293126812716,-0.3454653647931585,0
SGP,2004,1.8497204272067893,-0.1899937261632706,-0.19885700777224963,3.241263789205853,0.18163729521470398,-0.3726525840927396,2.8839291859644276,5.14085974946659,5.234255083731379,1.9443639875653567,-0.18866424527778233,1.8461388941225225,0.41978439096935666,-0.440753513271521,0
SGP,2005,1.1418360971587964,-0.2117427280574614,-0.2537006450420219,3.920668800973723,0.029543022847152538,-0.31018211784977123,1.9032917995267769,5.14085974946659,5.234255083731379,2.3140409180075188,-0.42964831858942343,1.8386443472263114,0.2836592337966365,-0.4429771440101666,0
SGP,2006,1.5930395382171012,-0.20224349466024671,-0.4972063945198105,3.966617350881129,0.022058068172532124,-0.4393300433240959,3.7091722621494485,5.14085974946659,5.234255083731379,2.871433296782113,-0.2779246782350577,1.7509110121854579,0.18037073586130178,0.2480094479237927,0
SGP,2007,1.5970974648812457,-0.1821371819749416,-0.6244436329856823,3.966617350881129,0.06372747073954727,-0.465800777488327,3.6825741792905506,5.14085974946659,5.234255083731379,3.0858202699714945,-0.158488959637488,1.266232143776042,0.20264888587142477,-0.06440746476763957,0
SGP,2008,-0.37171775734791385,-0.10260707092114149,-0.6112811600409369,2.513977891756975,-0.04042234011233822,-0.5074917190385825,0.6004584269601481,5.14085974946659,5.234255083731379,2.4038528611520458,1.0753205031416209,0.6968319446222763,0.46446601390578623,-0.13590330465826703,0
SGP,2009,-0.8490746742955338,-0.20886008958349334,-0.19446951679066773,2.7392722482188216,0.2775216182846747,-0.12409760449838472,1.4133625062999418,4.979343125528654,5.046608800504209,2.3430605175426016,0.590132861851313,0.6418990198387405,0.4434792645793126,-0.17323867208376345,0
SGP,2010,2.7536218099513228,-0.16950126047828099,-0.5761812321882827,3.8643928352374295,0.23263109900355344,-0.5133527324463885,3.1845521305676794,5.14085974946659,5.214690710575581,3.0858202699714945,0.6402441600726482,0.7299315302160823,0.40156849087295715,-0.31728129013935674,0
SGP,2011,0.8251471836698356,-0.12693342331467217,-0.626637378476473,3.7414098694493028,0.08349056709811385,-0.5777003345462713,2.303103860104985,5.14085974946659,5.234255083731379,2.950060621953564,0.47218747736380756,0.5203798861270116,0.6075736419919355,-0.24397166030839193,0
SGP,2012,0.3357137990031821,-0.13871296322298388,-0.6639310518199182,2.9543451278421715,0.14637447411705373,-0.2721877692075689,2.4878972779299446,5.14085974946659,5.234255083731379,2.7590905230862766,0.9193518458830924,0.4384560193880608,0.7806146537625382,-0.38887091263098544,0
SGP,2013,0.4408194514002979,-0.17766310217724163,-0.6332186149488458,2.6212815184700373,0.14651317629058672,-0.23893572287476023,2.840731113546384,5.117771811945197,5.225436747390993,2.545871211133421,1.0439828546236263,0.1783967997499864,1.0127152466220033,-0.5414707533969622,0
SGP,2014,0.1982007203333679,-0.20105708980069012,-0.6595435608383364,3.0071477457451667,0.07375256592561481,-0.19043706736204957,2.983092486348228,5.015598069260167,5.09177601205157,2.764238205558492,0.9484095234788373,0.24196148161009265,1.0977475570250443,-0.5930742565454927,0
SGP,2015,-0.06550063327406232,-0.22838601956861668,-0.648574833384382,3.1349326273138463,0.14174844785864746,0.12095392158179473,3.1176735784776013,4.571848880372964,4.41665443456889,2.3655322118455726,0.23933011339432156,0.2577156477885319,0.978303233231705,-0.6878827571515256,0
SGP,2016,0.19143801607552874,-0.22852369089194932,-0.5849562141514462,3.0202905812515155,0.18223368186511665,-0.22351282122632923,2.739510339168239,4.094763111950155,3.891950593658294,2.511511749378765,0.411466629759188,0.13116080428949745,0.9915554116252496,-0.345938006277592,0
SGP,2017,0.3058148345533962,-0.20907762563042342,-0.5586312682619555,3.09976536869831,0.15834827953671018,-0.246451145732115,4.232064089486945,4.329481417535705,4.158689761386176,2.6811805748070605,0.5571202671941226,0.3261307207657193,0.9369000417715309,-0.600058332475011,0
SGP,2018,-0.0077926975855952705,-0.21150236244440618,-0.6874041285713808,2.6159907827817355,0.024022722554231376,-0.3443438272602248,3.1389354866614583,4.549886332831786,4.2975669256417985,2.0434605561827777,0.119633968163569,0.7018838713352138,0.8740690581980579,-0.5631717927025496,0
SGP,2019,-0.5655463319628175,-0.20923461089190493,-0.7999432722489535,2.577667903172062,-0.0017108764842214829,-0.195728344548173,4.006882614952668,4.520649641931372,4.2758057336358775,1.867359142316484,0.06336350152703327,0.4718633495904691,0.9120828258383221,-0.5081310881691898,0
SGP,2020,-1.8774292134190858,-0.22223778214132495,-0.5805687231698645,2.963676508824726,0.39952116382041575,-0.19543624540478524,3.1064347859973434,4.66326680884606,4.370700581395256,2.124297919971891,-0.1820396924955915,0.5336820556345272,1.1040895997389872,-0.07599204094188039,1
SGP,2021,1.9050334141045928,-0.17851179763648914,-0.46210646666715643,3.231226906505591,0.246008420482672,-0.3574308161341566,4.665004171143431,4.66259053996646,4.195339226517603,2.378821145065637,0.02445523487640734,0.7013852880581016,1.1040895997389872,-0.07599204094188039,0
SGP,2022,0.21875753626018518,-0.1114725283156881,-0.6922303686511206,3.1744440799677407,-0.29795309948247845,-0.13199725183685476,3.983489435048901,4.788542741996212,4.190004965549266,2.1046268414319584,-0.3649007915702599,0.540703379813371,1.1040895997389872,-0.07599204094188039,0
SGP,2023,-0.4853725846227456,-0.13426906433422459,-0.7244784273657469,2.7390283726342437,-0.11454684642906887,-0.3564021016228911,3.4321662802918342,4.638740428088423,4.113878793159597,1.6085040850386654,-0.495109851980798,0.01894221684217492,1.1040895997389872,-0.07599204094188039,0
SGP,2024,0.5854628374725995,-0.17722178030928684,-0.8795762335646627,2.878275480996288,-0.14482480672479717,-0.2654243888379042,3.266562888784645,4.449906186135374,3.9346023334527103,1.9243525462084723,-0.37013846367738135,-0.0644068428771995,1.1040895997389872,-0.07599204094188039,0
SWE,1990,-0.6766951852921936,-0.03703935305614465,-0.7685727117306438,-0.4978738938223317,-0.4466002816476585,-0.24451868391876644,-0.4084781883896003,-0.3429875262245644,-0.3592275319396405,-0.08232653657383426,0.8928418693222148,0.28291463352162766,-0.5135716865421527,-0.7272005325642495,0
SWE,1991,-1.1994681729285759,-0.05324057528449942,-0.7685727117306438,-0.3731361738089224,-0.4146143578711336,-0.15110781288119,-0.15708146538755738,-0.4031301691136702,-0.47142840373178796,-0.4656359485198661,0.11798594765604357,-0.011354838513802165,-0.5908841643598798,-0.549944748415432,1
SWE,1992,-1.2029387243230272,-0.1774879090963101,-0.224743204563582,-0.6157008489997371,-0.3148494757388115,-0.40340760097420275,-0.530885919136268,-0.40764310210560545,-0.4783947812993014,-0.8262778190447763,-0.2271793311026204,-0.15521467934266087,-0.5907354781430517,-0.5959275944876412,1
SWE,1993,-1.4524152391449077,-0.13612392939579152,0.566760168513771,-0.4172998672697419,-0.2783067471180497,1.2012125594081646,-0.24999573502104355,-0.26110399036036164,-0.36603631802771164,-1.0619765664694527,-0.9137735360502223,-0.09284089387804739,-0.7850286938042051,-0.549253220914164,1
SWE,1994,0.220266737551631,-0.18128775616638795,0.6216038057835432,-0.024954466064523142,-0.23205603938339198,-0.28175653322389954,-0.08915536022483857,-0.15615540760695834,-0.2689135582953946,-0.6206440690876581,-0.6880472912392108,0.15941935330684326,-0.8658012151818476,-0.7313675237851454,1
SWE,1995,0.24189225914069384,-0.1760683199442219,0.47177098876252554,0.23743472989915979,-0.410851056839966,-0.5689974493641744,0.37031933920000637,-0.04078499004507603,-0.22228784200313087,-0.2612378646859999,-0.6119240425049373,0.5143776452976914,-0.9278272190630391,-0.605677580931662,1
SWE,1996,-0.41538562820086433,-0.20984436712979296,0.6143644456639334,0.2663821127205307,-0.5738895624429807,-0.5019062642050005,-0.22764324310347778,-0.08046363349792703,-0.2595275014045144,-0.3006423976841831,-0.6576601427050696,0.433794585761236,-0.9172103995251739,-0.3029717773816965,0
SWE,1997,-0.041243305023548456,-0.20764282266202835,0.7924965795161536,0.3941141619612313,-0.7919775764348141,0.3506728526639383,0.08603471516647165,0.02108237586970433,-0.1671980608511264,-0.24329416482589492,-0.6949577814433049,0.4695751419273404,-0.8568095539659875,-0.7088990256030419,0
SWE,1998,0.2835462895952318,-0.22390760492404435,0.48142346892200555,0.5255067291436215,-0.7182249163030985,-0.06726215706218008,0.85666626679793,0.05047048535451846,-0.11136488902507616,-0.10267546441812654,-0.499911328691775,0.5243534374597811,-0.8334965009422115,-0.7907053293553123,0
SWE,1999,0.27124813374948104,-0.21109129742037094,0.1887778204505007,0.5950793753248746,-0.6914757238947246,-0.0755896672270623,3.1626334120435717,0.05199330942870873,-0.09328887548641057,0.065745308724861,-0.4785286248529141,0.49177287744324777,-0.800033381198009,-0.32128031358927883,0
SWE,2000,0.3895200464828184,-0.20341235695859927,-0.28090308912782885,0.6840368540871166,-0.7281283794419664,0.22340656105548864,0.8671230022525539,0.15234676825137058,0.044456663953680024,0.16654665766595853,-0.30368155870042257,0.5688577548610564,-0.750489873333766,-0.6670881640546484,0
SWE,2001,-0.5099788915376513,-0.17693275147793136,-0.44236275725003826,0.9808767395358865,-0.7064618666666447,0.3026978717939808,0.6792527513851798,0.14103409313628165,0.022876233550969655,0.21914474840699963,-0.2910292794765887,0.4124571578910013,0.29044033750384685,0.4084868711714529,0
SWE,2002,-0.2577797586946529,-0.18128170871320715,-0.3908097382164525,0.7203913732168985,-0.6248038792474975,-0.4907807048359536,0.5765678548679074,0.08420097107305391,-0.044764779200215696,0.13667121754338385,-0.4126415766170121,0.34970404211937534,0.292142163611612,-0.3347327107934494,0
SWE,2003,-0.3668922199094693,-0.1853732282896283,-0.26137875425979,0.9270349837607917,-0.6562215887981901,-0.9729680718184615,-0.24097570574521993,0.057201584692604265,-0.08085170712808941,0.2787338351637351,-0.475042991658593,0.21826873946415898,0.29805872257940796,-0.5364241267134607,0
SWE,2004,0.2653249110329768,-0.2126468085167801,-0.011730517407786755,0.9437362555646766,-0.6993991951245181,-0.6363452856628925,0.17526509765413437,0.13512862820553634,-0.04115028421294973,0.27691313361177416,-0.489496246739133,0.09411672950119761,0.33412166927048487,-0.5910795279931584,0
SWE,2005,-0.1160166589370979,-0.21124954270009055,0.23331085391355566,0.9549634763520982,-0.7424971107530095,-0.17190199795363245,0.32389251477478603,0.22057218650652516,0.0680714995584133,0.34942486548322566,-0.46958647408412135,0.05414139630199473,0.49387869585866145,0.096603018850613,0
SWE,2006,0.4018844967568042,-0.19530984928862888,0.07009618939871348,1.3225574901455144,-0.7498652782371369,-0.2990465076229551,0.30992868209271013,0.2947018289178252,0.14150732331703667,0.6976029893062419,-0.26476523148158676,0.03789757186829124,0.5661600203483407,0.020010595204700745,0
SWE,2007,0.002730606984615076,-0.18033825980570692,-0.12843777751786212,1.320824257387167,-0.7831299685955009,-0.6052666897912571,0.9858034278376806,0.2988117763976817,0.18377223387461267,0.843581483000335,0.01756308952085111,0.04218300280786075,0.7445986585226324,0.20715131104723897,0
SWE,2008,-1.1381701705373946,-0.1588131523405352,-0.11220406088600936,1.2831779258861715,-0.8242368705756922,-0.35110965190276316,0.7661181140481245,0.34100164314295334,0.26014296407803733,0.774871655433876,-0.002801805896303758,-0.18779286762306446,0.8945198168061278,-0.6252055846454599,1
SWE,2009,-2.0547732499865097,-0.22790249085243702,0.3519924849653431,0.9457952791395796,-0.48071646174731975,0.44825528258018804,-0.19831312566357473,0.15933546715204527,0.055011568834413986,0.19789026618702643,-0.6116894528921183,-0.5005673359998349,1.0231223720325542,-0.7413197149221007,1
SWE,2010,0.6974775604912606,-0.19886362566220928,0.40881049317682683,0.9384701232029525,-0.5630730586127796,-0.4950571275822878,-0.5101489491303467,0.2057056729356879,0.12146098064936002,0.44234268927549086,-0.2705085096470953,-0.29976796538467193,0.9962718667562458,-0.5840927404985001,1
SWE,2011,-0.014042598421371774,-0.16717622565190338,0.23199460661908125,0.8671153145747479,-0.6273291201786475,-0.6701474746997048,-0.3335783680641496,0.22327027698603438,0.15098747248784616,0.4376506710038134,-0.1286839794472713,-0.326907207372454,1.027393762545936,-0.41911488549539716,1
SWE,2012,-0.9982481436292943,-0.20360155438554012,0.2697270290606845,0.8710304135461577,-0.5769134367016749,-0.058273616949686795,-0.40538952457951183,0.20428432485581394,0.13114743090352404,0.24081067697401654,-0.3449728167964096,-0.448284064386483,1.1105472927961026,-0.5911230911228591,1
SWE,2013,-0.5713533875663432,-0.2199915907940342,0.2863994947906952,0.7286676343181934,-0.4639838191429657,-0.4100706067978503,-0.48956181555181194,0.1356958397008934,0.07069308423913061,0.18609570445649495,-0.3613913801104004,-0.5738326685364455,1.1582865968172447,-0.5676761435438075,0
SWE,2014,-0.252816843086887,-0.22237004933867666,0.2649007889809445,0.5122331790026377,-0.5153928948989386,-0.015758481811690848,-0.6989371359875117,0.1593226127466871,0.1272639849337307,0.18592169972947303,-0.19352942171882553,-0.629791511179,1.1435325733842154,-0.5487214787155006,0
SWE,2015,0.3227174677263567,-0.22003537933593062,0.1503872743616602,0.3865790858427363,-0.46785409118805416,0.7412542153457515,-0.2166666456778385,0.16758772792717475,0.13103592426477756,0.17057725509778507,-0.03243919497156249,-0.5042723079057744,1.0849345056300863,-0.41913121548373194,0
SWE,2016,-0.29808815414111683,-0.2019164264544402,0.05342372366870281,0.2651260972843517,-0.46422561014837693,-0.1797488370727055,-0.04498510082920803,0.1422781160811316,0.1330808749369835,0.11875753135633847,0.064690424589256,-0.5474338101281048,1.1195632683638586,-0.3038271651037393,0
SWE,2017,-0.366398738802688,-0.18767806866167583,-0.006246153680809453,0.29588796941442447,-0.47455121435187264,-0.25110811680842066,0.20079987833911028,0.17433392768996703,0.1965044786941431,0.24771474957261527,0.19389477886851875,-0.5759560257136657,1.1937092653207961,-0.23999683056736623,0
SWE,2018,-0.3973601124322638,-0.18488328736702103,-0.08368536950572782,0.2774346927898099,-0.5451040366862772,-0.1723164544170357,-0.5515024364761568,0.2404961871814119,0.2862379650447831,0.2740612884737445,0.23634416890265797,-0.5622472704744782,1.205236110504054,-0.5675590116014428,0
SWE,2019,-0.16687545469278883,-0.1878599177617923,0.01898191946328583,0.8163865732242526,-0.5673951167385691,0.13402655071563474,-0.05455286872030128,0.31727730533395726,0.2860294621021602,0.553305519503676,0.0869767922151812,-0.6050377969607911,1.175014855100204,-0.3977237114428996,0
SWE,2020,-1.4161583805673983,-0.21047286786238398,0.33883001202059765,0.8935631639216173,-0.4854381615066474,-0.35719617631430994,0.01112399393381742,0.18642206071856315,0.12040584436072217,0.639477112465792,0.07715128103997272,-0.698181545302505,1.3138831324426938,0.18323001643776504,1
SWE,2021,0.5531038757476724,-0.18119884689868612,0.45114978114909127,0.9927088245627639,-0.586035177074159,-0.5401626727423862,0.9475654706218046,0.2909700434889529,0.25362422401433554,0.7753095494922099,0.22513982905929764,-0.6552467309849812,1.279121287759128,-0.21987780657495476,0
SWE,2022,-0.5389609330238014,-0.07213771227932764,0.14709665612547373,0.6112256656480831,-0.615452050420257,0.5258246606878934,0.9755222946307592,0.5142627424526492,0.6090128313678036,0.7147794305041578,0.512158670485684,-0.516811756178932,1.2640513712447055,-0.6172376038012637,0
SWE,2023,-0.9403951937487152,-0.06898623556089432,0.18965531864681698,0.9893832067114615,-0.6572305689462207,-0.033850139479093086,-0.011201426100689606,0.543166428697675,0.5944521341972016,0.7859544422079114,0.22358246930466258,-0.5681890342301775,1.1188183500432431,-0.8350205768383643,0
SWE,2024,-0.6043236934867685,-0.1693787520856826,0.3627418378702183,1.0989086488432198,-0.6600907731543044,-0.2617394107894195,0.2874247239236333,0.5203153556356911,0.5575143709130898,0.794870580182091,0.19868134304097967,-0.6254062856296438,1.0383195087622374,-0.7517106561004853,0
THA,1990,2.187256050339346,-0.1161638690816907,-0.9030493103161253,-1.5484918745052205,-0.09148003247611106,-0.24451868391876644,-0.06948531583044944,-0.14569499764004878,0.17709087788976993,0.9886558468938406,3.022304985935284,1.8609567987284996,0.6422844436398042,0.5705649081242421,0
THA,1991,1.4696781922541393,-0.11887264504081858,-0.9030493103161253,-1.4067332091010105,0.008223627444154644,-0.256050174199056,-0.20041593890195392,-0.08577001713162044,0.21026739461366933,1.1974316534016156,3.281045466490657,2.0434542769059756,0.6422844436398042,0.24940855619725227,0
THA,1992,1.3390647389385453,-0.14647504380972792,-1.183848733137359,-1.0537575064535865,0.06770197931549007,-0.264163745765757,-0.2252624863652187,-0.05279962070448234,0.15120225431123266,1.135074852519358,2.780574838456282,1.9161113090793513,0.6422844436398042,0.04582171805186998,0
THA,1993,1.3854182744670707,-0.1610073010120784,-1.1531362962662868,-0.9290070375650596,0.1340380779239799,-0.258138856845422,-0.30517222690660206,-0.05787472414115746,0.14913576752300672,1.3707607965680026,2.7270390889729526,1.6799571274137919,0.6422844436398042,0.22819155119841536,0
THA,1994,1.3153105291180802,-0.13050794683206127,-1.1845068567845964,-1.025959420567237,0.1268317680688091,-0.2733092966744634,-0.38055992929002724,-0.011278214656840754,0.22963791873026038,1.3538653617327263,2.944736194574831,1.631907560050308,0.6422844436398042,-0.2073660148865364,0
THA,1995,1.3492215856847642,-0.11696895033668384,-1.2386923704071313,-1.4610570073752565,0.051579072994768216,-0.2846282009769749,-0.33384847996983774,0.09632332052206564,0.4317441032030738,1.3538781991378919,3.2847531018427807,1.6858450341211366,0.6422844436398042,0.16272702293997507,0
THA,1996,0.6702970698390939,-0.11719874270162522,-1.245054232330425,-1.4616227887907796,0.06952496937402103,-0.1707944978518935,-0.32506316032956245,0.014109590763335086,0.3167598509443077,1.2066977210900491,3.2273552984997944,1.5904847698193134,0.6422844436398042,-0.21082329854711612,0
THA,1997,-1.641638053242192,-0.12034976545572047,-1.2884903930480847,-0.4268778849403841,-0.1750436783780414,0.7764057225950006,-0.11293750702648084,0.3155898238581936,0.3771556597240683,0.9184312281866267,1.791050575013563,1.7315909095923696,0.6422844436398042,0.25753964759285053,1
THA,1998,-2.9840068431041398,-0.07871998209039431,-0.7332534093289104,2.0745481535947183,0.36953008726034947,1.1247213170171397,0.5056891231902588,0.6328201676061326,0.20237781800231822,0.8557378898878532,-0.6793141478680257,1.851150734500941,0.6422844436398042,-0.23969814238217024,1
THA,1999,0.37334338317971105,-0.21420965541699546,-0.8289007127273932,1.6070126586571272,0.4364521260315309,-0.6128700785988335,0.2452858186763286,0.5838057162310893,0.2784854372051057,0.6976086417049548,-0.6615890515021139,2.0318201728339442,0.6422844436398042,-0.5685609474741021,1
THA,2000,0.3411458779447149,-0.19123717346690733,-0.9559185766441857,1.1867745863472339,0.062039803781988895,0.016613128597643485,-0.10170566086146056,0.8585695923059231,0.7507243497554081,0.7377213619703713,-0.29473633548554073,2.0670884683153132,0.6422844436398042,-0.5104072058063664,1
THA,2001,0.06307123537812308,-0.190623169973599,-0.9096305467884979,0.6486359001441825,0.10309543578454042,0.21823707109270024,0.14776397736362828,0.8065856453437742,0.7724021611797305,0.42397006023747025,-0.15040395734185674,1.970573636080412,0.6422844436398042,0.09111010244368778,0
THA,2002,0.8070219306244041,-0.2069592463518778,-1.0807426950701873,0.5153532331636782,0.22543688552256255,-0.38684636798267596,-0.12988391670026658,0.7213955101608857,0.668064277717812,0.4090446340950607,-0.21445244247627765,2.091642344723565,0.6422844436398042,-0.6993210347061306,0
THA,2003,1.0931305579122634,-0.18750495649748924,-1.1421675688123323,0.45824962046025425,0.1445790194461379,-0.3920875833914116,0.022748617884472504,0.7500697635569806,0.7008490676784185,0.39308440762526903,-0.025720430767359696,2.2790633969500487,0.6422844436398042,-0.4402505493790988,0
THA,2004,0.8456130700115314,-0.1707260448282714,-1.148748805284705,0.19373895529396787,0.07492502991823205,-0.37524777671480797,0.015265864864813648,0.8955769032325878,0.9437390708027612,0.3839592841240305,0.2964176248287495,2.250648701075821,0.6422844436398042,-0.4640004422765217,0
THA,2005,0.26754022556095935,-0.13942425037027578,-1.183848733137359,-0.7752054650575326,-0.1052749588649778,-0.24476274207946652,0.16827286788229728,0.975074120363489,1.2540903252591797,0.4258652503687086,1.1207291214949702,2.285143552133348,0.6422844436398042,-0.44807354903210705,0
THA,2006,0.4821263787842513,-0.13771779861823122,-1.2123674245176408,0.09875025478143235,0.0638318149528587,-0.4942993896331171,0.11700862750903547,0.9839898716836158,1.0975983518862849,0.6963704595860318,0.5277839524494113,2.3824207729388114,0.6422844436398042,-0.3401018401885957,0
THA,2007,0.6106682958267822,-0.17982209669831234,-1.2211424064808043,0.938743029387472,0.2612291421485999,-0.626048382525985,-0.0017892718236913005,0.9904302422399285,0.9267297129270493,0.917846647991347,0.2641709797324363,2.4561897418985037,0.6422844436398042,-0.43986603252217155,0
THA,2008,-0.40961536325494585,-0.12311417528489209,-1.2211424064808043,-0.025857715099739245,0.2958858462566492,-0.39449629518665247,-0.0574000031071437,1.0736322036549044,1.237410569730298,0.7229899562949086,0.739072329972503,2.450434304565368,0.6296715605424721,-0.28715295689562265,0
THA,2009,-1.0742225002044246,-0.23407518674120517,-1.1531362962662868,1.2741839045145458,1.1627063191853313,-0.11909179374469332,-0.1640649933431194,0.8454346817476888,0.6876983235891768,0.5526512578949063,-0.581060742877065,2.258242847170657,0.6971228159697402,-0.41304282693825795,0
THA,2010,1.1822871357679805,-0.16214258920553598,-1.343553404866936,0.4984633093419045,0.9905834475384595,-0.5703564993490723,0.1656353708879961,0.9123967463316396,0.9175637400089335,0.596037453910359,0.23993219122058213,2.516530074406396,0.8386591220620105,-0.19389739382874793,0
THA,2011,-0.6531901810246774,-0.15222551212921556,-1.3352171720019306,0.35651267907644,0.6815694051012019,-0.4064240330665192,-0.4231500976199636,1.0552689950644327,1.2296588680770622,0.8177206154458129,0.4894872076595239,2.17622581915889,1.1509616402776364,0.025225731682728864,0
THA,2012,1.107860263387492,-0.16632681696474727,-1.3501061226479283,-0.2928132470821365,0.5718836787860465,-0.1611891103602076,-0.00807066786378654,0.9930125126829893,1.2259090318889165,0.5105880734819309,0.7038916945469943,1.9962591722513268,1.26726002472793,-0.22365831758954377,0
THA,2013,-0.1450735256728007,-0.18079501961295524,-1.3501061226479283,-0.4423408228308312,0.3957059732088739,-0.2938845311931894,0.07997045498665283,0.9347974822019314,1.0929313040354094,0.30066520207894065,0.6052623091353172,1.9286948945928666,1.3955719425997715,-0.38386005822227837,0
THA,2014,-0.6134904018672714,-0.18591973519847527,-1.3501061226479283,0.4108934063556747,0.43132239822363455,0.000738405595900397,-0.333874519847562,0.9747934688472217,0.9852429256357873,0.33310230142692293,-0.010115302654379793,1.9260229439796845,1.4625510265796806,-0.5240485354324882,0
THA,2015,-0.022249646385095342,-0.2349965042655455,-1.349037768593913,1.1089077119491142,0.5917495466693652,-0.010650921435527552,-0.17231298992444755,0.950022494052034,0.7795959982481939,0.4016730457769855,-0.2820333867702,1.8909423743440203,1.542252166183101,-0.535178284845418,0
THA,2016,0.06057067860051436,-0.21594046550538265,-1.3290746846277162,1.7269297861911317,0.8208291629042554,-0.1129548887966148,-0.39476232296943287,0.9315187404437449,0.6363111551179558,0.651129432548624,-0.4994718986242316,1.850513947869733,1.4763552657980312,-0.5463938834807848,0
THA,2017,0.2648014471973288,-0.20753729743844174,-1.2979234986584856,1.5760043016548018,0.9230410598841562,-0.40965526204177743,-0.23820820967942188,0.9185011283797061,0.6639812586547834,0.8801257098917649,-0.1813880654586226,1.8277477182392705,1.4432187028090484,-0.5049098277384683,0
THA,2018,0.277230735498396,-0.20046548134489633,-1.3121828443486263,0.8859659680592032,0.6924180247004695,-0.45081821118927723,-0.09370680870171505,0.8584991545737714,0.7331388422128792,0.8487231054366251,0.21609260306006944,1.7746279201929605,1.4316786394945904,-0.5230154482831223,0
THA,2019,-0.3026598507145772,-0.20681486773278876,-1.3229321972535015,1.1317417050639225,0.9508749943329605,-0.4124235219741442,-0.36674369632670323,0.6845433641806217,0.5071628969474616,0.8524080572587757,-0.028250429986454252,1.5826743735733284,1.4166209399122889,-0.5770690603936949,0
THA,2020,-2.560163010270005,-0.23408171390674387,-1.2389117449562104,0.6321040141298194,1.7176693099014173,-0.21046559020873556,-0.6688016833675524,0.417027731946389,0.3581301019214205,0.42803305670266806,-0.03702977474088738,1.5726983260900502,1.7681821367999369,-0.23496211467775072,1
THA,2021,-0.45558070365494613,-0.1975797754849394,-1.2134642972630363,-0.44927359906325975,0.9762924004155346,-0.15068433662523573,-0.040833038122773856,0.6486423555448324,0.8379921926612149,0.3513612578200432,0.8174826002680367,1.8531792697185965,1.8512779587721209,-0.5158008736123372,0
THA,2022,-0.1587306829137666,-0.11244001674456923,-1.2737922982597856,-0.6706457332921887,0.5366330205288061,0.1699026384355904,-0.14543758743533008,0.8747113462118769,1.1777135138455637,0.19994558981218855,0.6689539698861691,1.8304768001185074,1.6900718626383444,-0.5645410013820807,0
THA,2023,-0.26572712513352426,-0.19761413641810024,-1.3192028299191572,0.20131941543349363,0.6409574213646888,-0.2762781083486768,-0.20889152447567313,0.8805899760126079,1.014972427230155,0.1044686787232141,-0.2753553048467505,1.4706676120217679,1.6351028702185109,-0.6655150143358947,0
THA,2024,-0.07325688188538794,-0.2122132152500793,-1.308672851563361,0.29675953645599207,0.6152143303096117,-0.1838569927741735,-0.09550169643949688,1.0166044879139464,1.122419162536709,-0.08360286715382505,-0.43906154595637126,1.3395095069506608,1.4778436176345118,-0.5909947337740742,0
TUR,1990,1.6643820762072152,0.8405207749323934,0.3210606735451915,-0.3805566964931724,-0.38180000014617715,-0.24451868391876644,-0.4541496757836685,-0.8248394670893184,-0.7554792780713534,-0.37791913995845205,0.0995035614519298,0.9381977405867714,-0.8893660367258763,2.01594707842287,0
TUR,1991,-0.6861557173020356,0.9402435850394731,0.3210606735451915,-0.052340133753921964,-0.45178842246274625,2.3301627036112564,-0.4442121917680811,-0.8092717875668125,-0.7920115206906949,-0.763108434876734,-0.22004500472346783,0.9758607433121864,-0.8893660367258763,3.58154517797373,1
TUR,1992,0.5007813564343483,1.0122505412607967,0.386653663719839,-0.1861273460304983,-0.42319403419887847,2.536903361065689,-0.4451514518017179,-0.7912487952826958,-0.7644965048188955,-0.7881286807365371,-0.10695035514999439,0.8817819258091821,-0.8893660367258763,3.330360022814905,0
TUR,1993,1.2202095151318018,0.9422693393988765,0.4860303344526662,-0.6942121265415555,-0.5325212613381892,2.3264418159135634,-0.4700595657349071,-0.8147439473197707,-0.6870879943182031,-0.767860019733125,0.45890180971385036,0.7361324235229851,-0.8893660367258763,2.600382635136446,0
TUR,1994,-2.1682404465277894,1.6297543427945278,0.401571133057217,0.2656122850767171,-0.3260938423834847,7.04030851777997,-0.455635892476306,-0.5633099614113324,-0.6467815033139718,-0.8074544013618439,-0.4620693998983246,0.9566861391098355,-0.8893660367258763,6.826217593056062,1
TUR,1995,1.2826462423196072,1.3467959436170989,0.196894678766427,-0.2521851725416011,-0.25200133940851555,2.111620309192771,-0.46985358476185207,-0.6626718679791657,-0.7519641238845339,0.4659030186777131,0.5957351487770326,1.5930606728218286,-0.8893660367258763,4.69652724102654,0
TUR,1996,1.0844816704452807,1.1938883171268808,-0.025770488548848464,-0.24826364828595332,-0.18362102989829748,3.088192539178187,-0.484138084660124,-0.6223074276895462,-0.6581754964985387,0.5217183156904617,0.8885964126262046,1.3690032035686848,-0.8893660367258763,5.344245941440703,1
TUR,1997,1.1395091723517943,1.286274506894271,0.020736915855918543,-0.2528331316298822,-0.20758601109799565,3.474457138764751,-0.4814392930918476,-0.5607949374801361,-0.6104313754064506,0.36101739326723875,0.5306264396158147,1.3701550756200236,-0.8893660367258763,4.361207176621059,0
TUR,1998,-0.35931654240876193,1.2682089032616666,0.03104751966263566,0.043827692596327794,-0.16234283802027613,2.8353925116123606,-0.4757382888712709,-0.5864524446451861,-0.6723969519301111,0.29133798048029125,0.23003706889658282,0.9911780450618084,-0.8893660367258763,3.916494327635546,0
TUR,1999,-1.72393164074726,0.9207183100911412,0.20632778437682786,-0.14281108190792818,0.15331386676095599,2.3602396623992026,-0.48145198716953136,-0.6460943239540329,-0.7067500194096545,-0.33715331950856137,-0.4299913891245614,0.593155559606357,-0.8893660367258763,4.581215471633837,0
TUR,2000,1.0370324446109187,0.7458274296962717,-0.05516667812544627,-0.7019400586698173,-0.1505222453783964,1.873482276130748,-0.47301963256894575,-0.6100337062572108,-0.5670725235612616,-0.3669404145254128,0.005938184919919489,0.3678075836527567,-0.8893660367258763,1.3645415073775915,1
TUR,2001,-2.3858765026887414,0.7367740191039005,0.3585737214377156,0.23908878425728544,-0.04777349923986175,3.8813691043201266,-0.26360400029331815,-0.3692179843634001,-0.5590740926267276,-0.1844141822229336,-0.7588232276647531,0.19510426795614955,-0.8893660367258763,3.9716465105616763,1
TUR,2002,0.8858161664905779,0.5709517926851279,0.7922772049670747,-0.12554125170338806,0.1941142645618078,0.7428464497434256,-0.4582105028595789,-0.4356690068819787,-0.5517227482612402,-0.2083929436425231,-0.4263344168618689,0.06059448912356483,-0.8893660367258763,0.6946733445055553,0
TUR,2003,0.7107702789018306,0.16041148275380643,0.8326421219976269,-0.4928440251070893,0.10211538218358031,-0.2625955881997726,-0.4436736908545488,-0.5033801327665132,-0.5387056993487356,-0.4088377497464944,-0.1948701531130912,0.09438247700396529,-0.8893660367258763,-0.010654569477825284,0
TUR,2004,1.8457109832143745,-0.06811395675348605,0.8975769885250371,-0.6763124833097145,-0.16991939338167747,-0.4602208785931113,-0.42123032881184364,-0.4818031924680096,-0.4625613045985921,-0.2433363826305844,0.2070801283129004,0.06696580366782658,-0.8893660367258763,0.3226331315799661,0
TUR,2005,1.6218678702530844,-0.0754789221404591,0.8532633296110611,-0.7908436299386854,-0.015212852486267383,-0.4915334339336441,-0.21278255618628666,-0.5385644249695692,-0.4993250237733529,-0.005518547539176786,0.6244588801548737,0.060012690561727776,-0.8893660367258763,1.118542697845424,0
TUR,2006,1.0596797836781313,-0.050558639828742195,0.7635391390377139,-1.0386646438988887,0.006279033365527665,0.026888774931955458,0.050232176256433836,-0.5203523595320475,-0.4187474392862127,0.12850954362088965,1.0749793483449717,0.08861656118596672,-0.8893660367258763,0.3951442358175371,0
TUR,2007,0.5207362644042355,-0.06533880521867097,0.776262862884301,-1.0083591926361208,0.00306770608946547,-0.6220787713787129,-0.01243447299254356,-0.5363150212562442,-0.4354096452287348,0.06286647113537644,0.969165089267617,0.043649060856956794,-0.8893660367258763,0.030716774169154085,0
TUR,2008,-0.6311900226852173,-0.03567610964081002,0.9254375562580814,-0.9554978041893122,-0.2077606512543241,-0.24916578989532528,-0.11830630051176327,-0.4796140548281317,-0.39667026471576056,0.16423996446540645,0.9999262018646926,-0.0506568798970592,-0.8893660367258763,0.5340956663803139,0
TUR,2009,-2.227251424734884,-0.1093633458790137,1.5969430509891729,-0.3796263291277425,0.1600735204516954,0.5756388685473993,-0.319147346112892,-0.48496165306392186,-0.5345301312569889,-0.17343817275553428,-0.04910058774046677,-0.24823459303369688,-0.8128622358748223,-0.1038714290184246,0
TUR,2010,1.465260389930924,-0.06867309269346131,1.1259458941163687,-1.0618197799552251,0.04080283617611677,-0.3751158618038218,-0.34332916143589964,-0.5558596647529124,-0.45425653383987996,-0.08920383741995373,0.7783183284092061,-0.26533486600925976,-0.6616447582174692,0.2049003737977777,0
TUR,2011,2.1357665059244355,-0.10548136509226988,0.6674530865410728,-1.5969975612575014,-0.1835676581552463,0.24753345774798177,-0.22188529380177402,-0.4937098636952695,-0.2680010194591804,-0.017006832770045364,1.3881522455352049,-0.016522812554566814,-0.5633793948362998,0.029581831637097312,0
TUR,2012,0.4380678479866909,-0.06295958168604011,0.5404352226242806,-0.8929595116642586,0.16787467478698437,0.06599402089984711,-0.28057534963864167,-0.44545737746586783,-0.33770524019136167,0.08275958902397168,0.9469363257335764,-0.12032030680150822,-0.5044468426880885,-0.22120243093016895,0
TUR,2013,1.4504237746956212,-0.08753539179430335,0.6507806208110619,-0.9627857053088212,0.1529775423972613,0.013297980122394066,-0.3035704002676164,-0.4638549107086752,-0.32596121101327075,0.19256722318018926,1.2849522471125576,-0.03928926272828521,-0.3282515906598767,0.3415729649382724,0
TUR,2014,0.3811786456126459,-0.0636097430384716,0.6920230360379308,-0.6669987284828677,0.15341556987439753,0.39819430373901143,-0.3026570058519305,-0.4176102719409626,-0.3327656519617025,0.2527106850091367,1.0843409685317824,0.04953767120555842,-0.26007316456214896,-0.1812830479950245,0
TUR,2015,0.7125527809576423,-0.0844115149962356,0.7804309793168037,-0.5052732186548593,0.1528237396465481,0.7988821005013248,-0.17214113358868707,-0.4351569232864176,-0.4061898960826974,0.3707848953878849,1.0584880669387902,0.02545890476570886,-0.19411526241433252,0.09831922760717697,0
TUR,2016,0.029904669794324417,-0.08257896929785154,0.9109588360188614,-0.5186828474177152,0.1453218989470224,0.2295750596494303,-0.27472691646781733,-0.4890710592500347,-0.4587274975010505,0.31625284957228667,1.0177764839172567,0.03760337107035873,-0.13358584975965632,0.15780005553243515,0
TUR,2017,1.2682310068418776,-0.023371635175202417,0.9153463270004435,-0.7806023381965285,-0.00413124700322587,0.6489151884200373,-0.32197780512485336,-0.3939927628731839,-0.28989170828343985,0.4931437243160906,1.5336281157565925,0.16709800029073507,-0.11680947281880935,0.08978449524014774,0
TUR,2018,0.0696460360035259,0.06780098754422663,0.9234631853163696,-0.39947091729082207,-0.1365448431469639,1.145527869666612,-0.2762571722956492,-0.2243162568679986,-0.2317383612589857,0.7234432051032574,1.280753184948073,0.4019874228570363,-0.18767446300281754,0.19615068891039722,0
TUR,2019,-0.5262570915977222,0.04749261467453979,1.5320081844617628,0.2520890032182669,0.087884802728759,0.5078271017717917,-0.3332452389754542,-0.18173561364293794,-0.2917350251149831,0.5893316149276675,0.6137377661673012,0.2877118003509393,-0.23876975906496214,0.6494454840568941,0
TUR,2020,-0.38833652701877064,-0.003432229303488552,1.4043321968977327,-0.8072687882540975,-0.04244299049653636,0.7662847948884671,-0.36546081779089273,-0.3220288968164009,-0.21033180202409343,0.6531640748531419,1.7700619197106817,0.4240228299615732,-0.00835479261410198,1.028095809216191,1
TUR,2021,2.3643690400406454,0.12516052884157863,1.1456896035334867,-0.2082286565685799,-0.08050254240321555,0.8846060293343966,-0.2875806259034228,-0.11555216797537957,-0.09777602499310113,1.0852688754369375,1.808689695231746,0.9674170282088217,-0.09768556257023346,1.986551464649872,0
TUR,2022,0.61233878854254,1.051486864955149,0.815750281718537,-0.9405555297958301,-0.21484466916310685,3.4928912578208267,-0.29088574415869145,-0.014578084652562854,0.181221543715131,1.1268410094169907,2.5437159413679518,0.9107819445524575,-0.4653698078144157,2.3967525367924423,0
TUR,2023,0.5033912379474933,0.727270765651485,0.5794838923603581,-0.7059130395077674,-0.15044213299094786,1.6221772093550195,-0.3801974283145151,-0.21824197105093826,-0.1282120432593574,0.8564399513161494,1.84558576558465,0.5003443656327494,-0.562270230547967,2.9000790954243696,0
TUR,2024,0.030993318287747033,0.8089343209627821,0.450491657501854,-0.2125911342300552,-0.017674525530842238,1.3966522971169741,-0.39197031375618835,-0.3603500491219996,-0.38928212727938905,0.6312257707740668,1.1747177977923777,0.038389314160551455,-0.6842192992087198,1.1669553483051232,0
USA,1990,-0.36553405758721336,-0.12435366918334441,0.011742559343675813,-0.30858200061963653,-0.4806097667295932,-0.24451868391876644,-0.33821442537931806,-0.9592623041287078,-1.0273393983638484,-0.7377544558267356,-0.4257736513698809,-0.09447094452889097,0.8186525262634675,-0.6273614046741807,0
USA,1991,-0.9140596224774931,-0.14479120793107622,0.011742559343675813,-0.07285089904824105,-0.5116919084721858,-0.24451868391876644,-0.4402269833886767,-0.9459790902242825,-1.044183248246031,-0.7310141137330808,-0.6725118431170555,-0.09447094452889097,0.9104315647925526,-0.6891143292347977,0
USA,1992,0.08459336419928098,-0.165987063545443,0.16530474369903814,-0.21696765773229762,-0.5788739999815137,-0.24451868391876644,-0.4557180072349806,-0.9444090101465331,-1.0396841174163518,-0.8692201530123809,-0.6782555291125789,-0.09447094452889097,0.8908776390802826,-0.7758433223655194,0
USA,1993,-0.12738775149014672,-0.16734306192459347,0.03368001425158483,-0.2934711148676133,-0.5590621809438657,-0.24451868391876644,-0.4126370291358645,-0.9496982683070929,-1.0297760267458427,-0.9473970958227693,-0.6232857527519673,-0.09447094452889097,0.9484480259746242,-0.7365297821813065,0
USA,1994,0.22391303411260327,-0.17339203919437837,-0.13765150857918382,-0.3679757024738849,-0.6365428554077274,-0.24451868391876644,-0.4069564681451757,-0.938383992464046,-1.0040188347588364,-0.8479056053769712,-0.46927638043655745,-0.09447094452889097,0.931468042049876,-0.7465868300013297,0
USA,1995,-0.14591650426587208,-0.1699129238073746,-0.2405381720972764,-0.33652812968467977,-0.661773454803155,-0.24451868391876644,-0.38496235876621643,-0.913984803122488,-0.9787663246657492,-0.7377947421938147,-0.47039781419977655,-0.09447094452889097,1.140408724137408,-0.40754635045201454,0
USA,1996,0.15343155465492636,-0.16770248317253683,-0.2841937073640153,-0.3465949419665552,-0.7296748412386947,-0.24451868391876644,-0.33576837443978963,-0.9104720827245526,-0.9738742904216298,-0.6283031793592747,-0.3957531112447514,-0.09447094452889097,1.2972803415295833,-0.3552958568460857,0
USA,1997,0.3389127199793473,-0.1781324481092984,-0.38313162899868436,-0.3630489298697633,-0.823813297044315,-0.24451868391876644,-0.30124555274272463,-0.8982697437492426,-0.9596127949670953,-0.4814609461345723,-0.27262816037794946,-0.09447094452889097,1.4838024820294222,-0.3480578716925842,0
USA,1998,0.348815997849872,-0.1919346564520479,-0.49040578349835884,-0.48899594519641454,-0.8159193059755334,-0.24451868391876644,-0.15537726687710796,-0.9180387528758657,-0.959532937868558,-0.4148417785976297,-0.17720669805987868,-0.14950344630495224,1.718673162870538,-0.2642279887995238,0
USA,1999,0.43278636741258153,-0.1807625064454057,-0.5544631518294528,-0.5927715130492178,-0.8664135783702807,-0.24451868391876644,-0.008138524538953537,-0.9247731973346539,-0.9326628381247133,-0.47183390906714534,-0.09706040308011853,-0.2049584391606547,2.007629178721795,-0.2691246448470044,0
USA,2000,0.23727027889522964,-0.15987091752522142,-0.6042611744704061,-0.7553223682217756,-0.9173729447417474,-0.24451868391876644,0.017891845391533073,-0.9122335771013832,-0.8781951709165686,-0.48567313102764376,-0.05197199757386007,-0.2654698667461287,1.8194357836195962,-0.3424478707334383,0
USA,2001,-0.6214477325585913,-0.16954825406946358,-0.4421433827009593,-0.7214653888852881,-0.8979035457561546,-0.24451868391876644,-0.2680656666142528,-0.9445877893727828,-0.9226097209402184,-0.6275480017150258,-0.3131526201408431,-0.4758090612034,1.9916256670650376,-0.35176588201795045,0
USA,2002,-0.4165607840916376,-0.19134151538829253,-0.2113613570697576,-0.7987523542852406,-0.8564992417285466,-0.24451868391876644,-0.366938414824224,-0.9632961433466266,-0.926822162342691,-0.7841934732052774,-0.39212749858528656,-0.5578555602572784,1.8149182848901697,-0.5343099441785675,0
USA,2003,-0.11533779919455592,-0.17932031021852549,-0.16617019995946536,-0.8650930855182692,-0.8373911193076481,-0.24451868391876644,-0.3659650254164706,-0.9664269399393611,-0.9099064870801099,-0.9010433998194485,-0.3881327236166494,-0.5818456179524768,2.128693985563434,-0.5368535614457406,0
USA,2004,0.17406000301434052,-0.17216551356328322,-0.26708249253584626,-0.9762024440527346,-0.8706347554579889,-0.24451868391876644,-0.2489676255256052,-0.9470307395524814,-0.8623467965673991,-0.8636809334815868,-0.2304623937115487,-0.6068811117010244,2.283646285779756,-0.466662209001774,0
USA,2005,0.07388094121410009,-0.15959168632544032,-0.36470416687604096,-1.0692927428203762,-0.9059235541959269,-0.24451868391876644,-0.35477616977527665,-0.9354763717291245,-0.8299139789020844,-0.8159052581282215,-0.10461149205664265,-0.6404535820571802,2.3637354047499928,-0.34438619298023254,0
USA,2006,-0.11838158843520177,-0.16252294996825478,-0.46583583400150086,-1.0976841587300752,-0.9019429326124968,-0.24451868391876644,-0.18267591113360523,-0.9139139798307911,-0.8036716875372953,-0.6836963743755357,-0.07646767132357092,-0.6391510673197914,2.5016746281618754,-0.29564709370678316,0
USA,2007,-0.33310770594058353,-0.16908253942603715,-0.46605520855058,-0.9562255591561063,-0.8682193916836688,-0.24451868391876644,-0.14493517247667764,-0.8870187632712968,-0.79536854602999,-0.9011374472394055,-0.24691080000809998,-0.6780207885257339,2.5016746281618754,-0.1534832496568698,1
USA,2008,-0.8530260745941876,-0.1517478127437878,-0.21114198252067862,-0.8920814253146792,-0.865197002216367,-0.24451868391876644,-0.15867396229900035,-0.8555563674243964,-0.760745943162029,-1.191885261659117,-0.5112992660398108,-0.7753009846873976,2.290343920249603,-0.3390577537115178,1
USA,2009,-1.5929336616738954,-0.22546131775718714,0.5500877027837602,-0.5320200046601227,-0.6698885467160106,-0.24451868391876644,-0.35140431480970774,-0.9044028833205501,-0.9007768772711237,-1.334950350617806,-1.0798295091401582,-0.8664087077852596,2.3396074025836104,-0.47869568308670774,1
USA,2010,-0.14295646214194183,-0.19039235311652794,0.6332306568847348,-0.5746497527416229,-0.6506104285399575,-0.24451868391876644,-0.24802698866704093,-0.8583194229834182,-0.8213126710168065,-1.1520685427878032,-0.9226908976945365,-0.8299451383130215,2.2232831552260928,-0.9121596480844033,1
USA,2011,-0.4539786684369419,-0.16373730492489377,0.4831784653146381,-0.5829035816063871,-0.6603518501525514,-0.24451868391876644,-0.2585622213082808,-0.8183524029156232,-0.7670578039694177,-1.0349818077657846,-0.8598457369416831,-0.8227042185689786,2.0674787636360272,-0.41729419299353765,1
USA,2012,-0.25464839793059446,-0.18284827237229825,0.29012886212503997,-0.5233380551014672,-0.6405566768305139,-0.24451868391876644,-0.2825418730613388,-0.8157169232757986,-0.776402916284914,-0.7843855608509992,-0.7003195798479862,-0.8384796063916617,2.087760337144048,-0.5107354159661965,0
USA,2013,-0.3017598062944419,-0.19347137324721345,0.13788292506415203,-0.42675038741228016,-0.7455879951267902,-0.24451868391876644,-0.2557028113815341,-0.8186785173374472,-0.8015829004966207,-0.7618015635507004,-0.6257840098114278,-0.853545715114082,2.270200717189269,-0.5317442698313146,0
USA,2014,-0.19009248015782365,-0.19070551631515695,-0.12690215567430838,-0.44227916453677024,-0.7720932863396163,-0.24451868391876644,-0.30023539888941825,-0.8201592481488202,-0.8011745530354315,-0.6276234848340245,-0.5350049916486018,-0.8807178062653711,2.2834060184850777,-0.49622325520820987,0
USA,2015,-0.07409562200679853,-0.21712855767595046,-0.32170675525653936,-0.46488077522890137,-0.8023182816815276,-0.24451868391876644,-0.08039131907754064,-0.8560369525781142,-0.844613312375743,-0.6224978203149519,-0.44560579536019895,-0.8828042599533474,2.259094985597825,-0.6029699479686091,0
USA,2016,-0.38382873625105923,-0.19704312336273275,-0.41186969492804504,-0.4432805608135617,-0.7812152844291226,-0.24451868391876644,-0.12432346825941964,-0.8731404507668156,-0.8722204671938402,-0.7623693016377867,-0.5373073481549926,-0.9615175694646328,2.3154835522528345,-0.5659224393733633,0
USA,2017,-0.20830008301640354,-0.18178029882806312,-0.5246282131546967,-0.40327118956219443,-0.7711475671667644,-0.24451868391876644,-0.21787308947244174,-0.8636786627340642,-0.8573668320604632,-0.7107809956201574,-0.4907267421594045,-0.9574035534669876,2.477938477590307,-0.5159663600730174,0
USA,2018,-0.06833206281915143,-0.1762891325702551,-0.6253211311819986,-0.4464092373119092,-0.7999628860088783,-0.24451868391876644,-0.36318383484254585,-0.8600934047396117,-0.8492162794932269,-0.6798710841784871,-0.4188409028968218,-0.940031468585786,2.246997372098539,-0.5564303099044239,0
USA,2019,-0.17358798558095787,-0.18736682861410164,-0.6751191538229517,-0.4337887284908284,-0.7563032926249679,-0.24451868391876644,-0.29433704966513957,-0.8763768323434747,-0.8759067845321186,-0.6554801414284642,-0.401319870044383,-0.9934785912392629,2.491419197728504,-0.3276877256444663,0
USA,2020,-1.4567499138066569,-0.19753515298812166,0.2870576184379325,-0.5584702137501292,-0.6287739659233139,-0.24451868391876644,-0.42731326983995105,-0.9308643986537128,-0.9321735408159428,-0.7837946768616005,-0.4416869933792669,-1.0821139625334018,2.5016746281618754,0.2580261108018633,1
USA,2021,0.8078433461709358,-0.1366566476163204,-0.3065699113700822,-0.7033914715043188,-0.6573119993124004,-0.24451868391876644,-0.2061595145880696,-0.9078547295855405,-0.8783561582076536,-0.8654027596979336,-0.44713417468720473,-1.0728776319334887,2.5016746281618754,-0.00526963982302965,0
USA,2022,-0.1899841014817606,-0.07857814728544457,-0.6792872702554545,-0.7365514814857042,-0.7257486001622551,-0.24451868391876644,-0.27290296487406773,-0.8807950650038832,-0.8455145670085611,-0.7953307905151585,-0.3392256933838005,-1.0728776319334887,2.3313923695363536,-0.813183895463446,0
USA,2023,-0.07717266497639332,-0.14687584300421477,-0.6819197648444035,-0.6548441128100289,-0.6995230410836831,-0.24451868391876644,-0.32099695678114615,-0.9005290207768055,-0.898788900470892,-0.9369351130291443,-0.41865477729814976,-1.0728776319334887,2.4148390998720934,-0.6723700437479363,0
USA,2024,-0.11600309204858787,-0.1673805238685571,-0.5976799379980333,-0.7767850480249541,-0.6652361084128846,-0.24451868391876644,-0.36729609703214655,-0.9030137301173675,-0.8924860444369938,-1.0021613800742255,-0.4251851916852343,-1.0728776319334887,2.5016746281618754,-0.49079031086582375,0
VNM,1990,0.5187374787023952,-0.11948511791218556,-1.010542839364879,-1.4901213051460351,-0.7395870006664583,-0.24451868391876644,-0.08267156970028093,-0.08334002445630607,0.3175872016306816,-0.4386496561872426,0.5508469150972279,0.3868213243360279,-1.297513787887491,-0.07673410643446127,0
VNM,1991,0.7552597562822984,-0.11948511791218556,-1.010542839364879,-1.4901213051460351,-0.7395870006664583,2.111153529223093,0.09793172953858752,-0.25089799658672857,-0.040570664018479426,-0.4386496561872426,0.5508469150972279,0.3868213243360279,-1.297513787887491,-0.07673410643446127,0
VNM,1992,1.4938240127573938,-0.11948511791218556,-1.0173434503863306,-1.4901213051460351,-0.7395870006664583,0.21405860929693127,0.24295735836599194,-0.1256260207620944,0.06787715126765839,-0.4386496561872426,0.5508469150972279,0.3868213243360279,-1.297513787887491,-0.07673410643446127,0
VNM,1993,1.3361334342689117,-0.11948511791218556,-1.0331384179200251,-1.4901213051460351,-0.7395870006664583,-0.4597824872381098,0.6011519410407744,-0.32259210320100834,0.015895642322893443,-0.4386496561872426,0.5508469150972279,0.3868213243360279,-1.2374076796898736,-0.07673410643446127,0
VNM,1994,1.5468903000780265,-0.11948511791218556,-1.0473977636101657,-1.4901213051460351,-0.7395870006664583,-0.11340644217282661,1.3921676503459552,-0.149580140896661,0.24719605384036064,-0.4386496561872426,0.5508469150972279,0.3868213243360279,-1.2169520259900302,0.14386076702854494,0
VNM,1995,1.7398374068479332,-0.11948511791218556,-1.0511271309445103,-1.4901213051460351,-0.7395870006664583,-0.21607849873252344,0.8521139332830326,-0.1888330823161298,0.1870848068323444,-0.4386496561872426,0.5508469150972279,0.3868213243360279,-1.1964963722901867,0.3644556404915511,0
VNM,1996,1.684700220634774,-0.11948511791218556,-1.0566114946714875,-1.4901213051460351,-0.7395870006664583,-0.24672444257268816,1.0336256200038412,0.07461296100830651,0.5717283355242947,-0.4386496561872426,0.7175856056827267,0.3868213243360279,-1.1926177713570996,0.5850505139545572,0
VNM,1997,1.3579595818076973,-0.1628114679911481,-0.8503994185371438,-1.060042394537928,-0.7278411765732153,0.008916852669909084,0.8012460595236046,0.14767938651208484,0.5486593648485036,-0.3651383055459141,0.7517948847236624,0.3868213243360279,-1.1679521289035328,0.5586624779413824,1
VNM,1998,0.7012431778024467,-0.09152262256623422,-0.9776366570030155,-0.7598383771393477,-0.7256210711577383,0.3382573803792957,0.45840872548969225,0.2047662194853276,0.5839579994578241,-0.17500456706953293,0.8822936571018961,0.3868213243360279,-1.1621974928474001,0.48090272224446906,0
VNM,1999,0.42870513553240264,-0.14686241751093296,-0.968861675039852,0.6250866895289651,-0.4621725280257215,-0.025875430503729716,0.2621720679937801,0.3721400160986234,0.6098446627994846,0.2577869492316467,0.6352921709546777,0.3868213243360279,-0.9934908484210977,2.7173172900288862,0
VNM,2000,0.9825807101441876,-0.24243630757665158,-0.9842178934753882,0.5295442369716081,-0.5900409328851544,-0.1753122205987472,0.1399839232890457,0.5014899198699148,0.7909323090632114,0.794873344293195,0.9797004474545513,0.3868213243360279,-0.8455041934512649,1.0897951465790459,0
VNM,2001,0.8190848541487236,-0.22679685269709818,-0.8745306189358437,0.2781361912012709,-0.5689378849696322,-0.0754708477269802,0.10993550505516227,0.5387859905511362,0.7676266125428471,0.8015129289728798,1.2515282138650332,0.3868213243360279,-0.7611517571811186,0.6658808272761664,0
VNM,2002,0.8542713159459226,-0.1518931770399661,-1.0149303303464607,-0.37714595699688236,-0.6019213213325486,-0.08276978738849174,0.11240774178311781,0.5282293669531393,0.9637954848827092,0.9519440167674532,1.6076947543459061,0.3868213243360279,-0.6807945757581575,-0.07161249272350168,0
VNM,2003,1.0133167056066799,-0.16236999127132565,-0.9864116389661791,-0.9206825321660023,-0.49006710858738983,-0.1798183430264065,0.05979971457645055,0.5914816814937227,1.184495733564286,0.8249928780658131,1.9945707520663454,0.3868213243360279,-0.5711183964304,0.9656408381535322,0
VNM,2004,1.1886187994036859,-0.08293371430362628,-1.010542839364879,-0.44321858883515314,-0.5485733522839665,-0.17902362906087335,0.04016378838463559,0.6914814028403208,1.4026313315904302,1.06714496291207,1.998131739311433,0.3868213243360279,-0.35455048699975533,0.8606401782227292,0
VNM,2005,1.1915995453453034,-0.07362649130094436,-1.0241440614077824,-0.2480258928031662,-0.4996279412241178,-0.21370679289663058,0.015415421482283745,0.8212629978422642,1.1597275846837163,1.0191174928106272,1.7010721345258202,0.3868213243360279,-0.318051083283954,0.8531264332335488,0
VNM,2006,1.0350157345702569,-0.08885466989309296,-1.0311640469783132,-0.12325564474256474,-0.36706870625501176,-0.20785282923368217,0.051745829642915894,0.9526428179622596,1.2984730926798922,1.0505013743995555,1.8366065672139753,0.48487782837839305,-0.21567374554995827,0.7883075274024702,0
VNM,2007,1.076699417860301,-0.072574268153239,-1.035551537959895,-1.6259239995521173,-0.16962643471074845,-0.21473349878188994,0.8631858012248892,1.0442468334636934,1.821102782559184,0.8675772565006074,2.711407024798901,0.48482309900059145,0.2086735656180787,1.8076081406219615,0
VNM,2008,0.6729999121907595,0.18699995953166107,-1.06560585118373,-1.959023272510643,-0.36940338542307993,-0.19192808006532439,1.0255668737267791,1.0383215559824517,1.8169683844275535,0.3840805896724651,2.1768950069505713,0.3439664569365491,0.15077784830772958,0.3176945314193489,0
VNM,2009,0.6004215552770933,-0.10117411224835685,-1.0989507826437517,-1.1530912463919247,-0.5180785181078194,-0.043464708750586036,0.6238953360605518,0.7855964581815612,1.3566073371437777,0.3352704726644382,2.2933294240265143,0.2949555921733905,0.5786705223104814,0.6079912397289144,0
VNM,2010,0.8824429534643116,-0.057408258217533835,-1.235621126720024,-0.5805377482419587,-0.7394746105959707,0.14519560797644177,0.3446372705282391,0.509807979314393,0.8802761908456619,1.0634418759659605,2.282288492618119,0.08906568442382326,0.30729976961733546,0.7906052420186994,0
VNM,2011,0.8796715737876706,0.10901493721987152,-1.2608491998641196,-0.05729261532740904,-0.7866488418048387,0.1933514168320393,0.16268269501231172,0.7388722749860366,1.0460283734445959,1.34934823888947,1.4599603918904587,0.36410537932291015,0.08947622987699654,-0.14147536476073158,0
VNM,2012,0.6297548190581532,-0.05938987040782602,-1.254706712489905,0.7485006370827237,-0.5383125520469472,-0.1778474340559039,0.15840681949325497,0.8138861793804318,0.8782752806588975,1.2387894097896281,1.1448251572197115,0.6420249768445285,-0.002458553003112317,0.5194662679859146,0
VNM,2013,0.6432229287970858,-0.10335860476442668,-1.1913074678060482,0.5426345000670987,-0.6173645213322233,-0.22277203908911533,0.14008394475895614,0.9226745163893579,1.0446913267223246,1.034618400745691,1.0845782773040151,0.7147370265295654,0.03957244317822068,0.35450871243907056,0
VNM,2014,0.8821674359099572,-0.14743438921714047,-1.2044699407507935,0.6088451633544165,-0.5268655725175888,-0.20047471773464387,0.10406176628799857,1.0141827007178612,1.1131075726755322,1.0088723550865644,1.0978183873006515,0.6591117566861558,0.09068878464660722,0.2674769363953251,0
VNM,2015,1.037546052449466,-0.20812097895153936,-1.0746002076959729,-0.22756536072343767,-0.6861184215088746,-0.13286262591113102,0.26366077548307437,1.1228976121540664,1.3524986782433523,0.4052462896610912,1.414351209762461,0.7626952449275207,0.3082634835657131,0.014079460846894251,0
VNM,2016,0.955816323597005,-0.17232347098706893,-1.0746002076959729,-0.03899495744960277,-0.5993805472961153,-0.19750100427163847,0.2586661366532169,1.1616325689730953,1.3258008325582453,0.4539068171477008,1.3474966670900277,0.855601172563709,0.48527726407502314,0.1699449277801891,0
VNM,2017,1.0246286398738584,-0.1573509225268889,-1.0688964694199166,-0.181640818562986,-0.5439138346597967,-0.1592935213216695,0.27647633484823947,1.4119843106609262,1.6324410496919528,0.5014525074958012,1.44850841914706,1.0559335371445222,0.5922645730085482,-0.02011915496333275,0
VNM,2018,1.168979222983918,-0.15701050840329997,-1.225310522913307,0.24644706731849894,-0.5284337597521547,-0.19996514301501503,0.27434994611655916,1.4990057375640113,1.6720689191182725,0.756081199734269,1.398799644815813,1.1861105136389598,0.6195488308685559,-0.10182936818723014,0
VNM,2019,1.1398943315832881,-0.1700815568057756,-1.1112357573921807,0.5932375782134776,-0.33406638460033394,-0.15931732980771626,0.2458121393935748,1.523014280955358,1.6451890563787608,0.8053340174344751,1.3919220723549386,1.259910948766518,0.6772143776299442,-0.05342589363904042,0
VNM,2020,-0.09613734167718699,-0.16261098719856,-1.018659697680805,0.6666296052078067,-0.19210016298562288,-0.2150432515703609,0.20350459351401703,1.4976368388913097,1.6187543258547603,1.0108082036853476,1.3807432145305638,1.288148271213857,0.834009357882089,-0.05278669593444419,1
VNM,2021,-0.18186610061915442,-0.18697133467666288,-0.9572348239386602,-0.29806124442976756,-0.25994221488476477,-0.253513551434686,0.15757307564978626,1.807291944791952,2.1596173439484705,0.9603737440762304,1.5511793898709854,1.3782341215792009,1.0172547088421897,-0.26034417927580566,0
VNM,2022,1.4639681867945997,-0.1637431755973961,-1.1355863323399595,-0.022479816983768847,-0.5003480991853475,-0.22384595344215236,0.16664410060621643,1.7932269566830492,2.039828033491944,1.0158028348475587,1.454630489273149,1.4128889490228642,1.0314535042671367,-0.46994722267041206,0
VNM,2023,0.48511031043764596,-0.16204937370449274,-1.1191332411590278,0.9420295294945159,-0.41513647176935486,-0.1492278762098088,0.15619503232085832,1.5746553562709142,1.5953033255600229,1.25571605633531,1.3377236346280006,1.3172694359924877,1.0314535042671367,-0.46994722267041206,0
VNM,2024,1.0519580112751705,-0.1555789105402601,-1.1285663467694287,1.0089846343002316,-0.5645350170958786,-0.176319575492645,0.15135075574161813,1.6868148892684791,1.8068263779871987,1.5058503629085676,1.1492493495431426,1.3560189790743735,1.0314535042671367,-0.46994722267041206,0
ZAF,1990,-0.971668095930338,0.032452919554061474,3.595664567648753,0.1309417026334514,-0.8383497525177146,-0.24451868391876644,-0.5402529650612987,-0.5575407486800755,-0.7905247715435414,-1.2562953269189157,-0.9993890998291362,1.2523109051255374,-0.07802013330233136,-0.14610450711348588,0
ZAF,1991,-1.1643361149340383,0.050268429999449964,3.595664567648753,0.09720475736581,-0.7618196639103063,0.04442616322491093,-0.5003087246773278,-0.6294137333888834,-0.8343964679584283,-1.209040881268769,-1.0682228586036604,1.1458738235317178,0.12122998751514709,0.12960736410265686,0
ZAF,1992,-1.4720583149510689,0.024610193650068803,3.6671806706485364,0.15098638077207613,-0.7781949992407919,-0.1033891537154513,-0.5302105696844133,-0.6420263877350562,-0.8411599678016417,-1.2279088418177853,-1.4371156743798663,0.9992730751178661,0.32048010833262525,-0.617750782246668,0
ZAF,1993,-0.5449785421018707,-0.04844659763932454,3.6448044666424693,0.24679407458665084,-0.8135277170229075,0.38178871060194636,-0.5293432940508263,-0.6106566928652958,-0.82498405211716,-1.0986939526207873,-1.7072889403362768,0.8378068460844161,0.42186196135353216,-0.43688649963986886,1
ZAF,1994,-0.004109365352001232,-0.06213374937841544,3.5803083492132166,-0.0774959266910817,-0.8131052551435853,0.1276641704204701,-0.4913013983059616,-0.6225943532235468,-0.7559682266358959,-1.1535298212098053,-1.305635088973751,0.7725265535567839,0.531303184537686,0.19279424576363322,0
ZAF,1995,-0.03161432975917337,-0.06667009535047275,3.500894762446586,-0.33056598016424366,-0.7830850750905398,-0.15220774196042822,-0.4135106893927812,-0.6066180278415269,-0.6833345443883887,-0.9876600182581035,-1.0917854416517343,0.8131161236733305,0.6139222873974947,0.07297283006291855,0
ZAF,1996,0.29844523421321917,-0.08997755437764161,3.4559229798853734,-0.25767564828240747,-0.9417705730230497,0.5518474456947752,-0.45003688205584963,-0.5498161721338445,-0.6452014005212495,-1.1171682585978604,-1.2886068268747555,0.6408277380976392,0.6251541074066405,-0.018935359030529546,0
ZAF,1997,-0.16913914820359854,-0.06812248976457433,3.4666723327902487,-0.30757293239647876,-0.6951391142531618,0.06390047359906645,-0.1674226547338865,-0.5535493025433474,-0.6368244946203544,-1.2147983971894687,-1.3363154858165696,0.578592827188284,0.5586482406487162,0.1664232428658395,0
ZAF,1998,-0.7467433870408531,-0.09829979000073438,3.5083534971152757,-0.32810685857258903,-0.7067674709693131,0.6136284044482277,-0.47264592016057516,-0.5254676031784414,-0.6028986842759755,-1.227239257735835,-1.31304526387184,0.47557027801238105,0.5869688681186614,-0.05176607875220853,0
ZAF,1999,-0.22414907678273968,-0.12815770122968448,3.5401628067317437,-0.15748140171732014,-0.5237818765493245,0.20719765336247242,-0.3707956777251887,-0.533645263438638,-0.6620698962640841,-1.2710800829473357,-1.4474659711382374,0.3345506173656426,0.8894388171956343,-0.1957672730402849,0
ZAF,2000,0.270940271411773,-0.1253904426020128,3.519102850020151,-0.10241706005277226,-0.5622582234885615,0.3394427233236453,-0.42776555350901824,-0.4638207847992941,-0.5912788208615657,-1.1859547749003092,-1.5509133619939113,0.41232444672342394,0.8668608142449278,-0.38940850653268044,0
ZAF,2001,-0.14163418481412104,-0.11901248876623467,3.489267911345395,-0.037291655228336,-0.5461722669482519,0.7890274701501653,0.3339451153929005,-0.39997218715327026,-0.5526214945023864,-1.2285715316943868,-1.6355303153558425,0.4244075713403845,0.9500218124911891,0.2910702274826772,0
ZAF,2002,0.13351843223070245,-0.0523603943580902,3.4732535692626216,0.05370090977764471,-0.5349089496104279,0.7194839836769226,-0.3459680401234463,-0.3321289012346424,-0.4666167793327822,-0.8375269793806315,-1.5551157526649404,0.4306037030208486,0.45302065578645667,0.19122933303569903,0
ZAF,2003,-0.07312606783531576,-0.1194073714532418,3.4951910241705297,-0.2154195984360639,-0.6681781172179546,-1.4576050937987428,-0.4665659287406297,-0.4798136955677871,-0.5915821246756529,-0.7836114519389586,-1.4471062781972972,0.33032581670499156,0.5670648196241554,-0.06762308683787206,0
ZAF,2004,0.3684618451401165,-0.23137459095347818,3.470621074673672,-0.5121376963877545,-0.49133976256998263,-0.8721730697469203,-0.4864211487798895,-0.5176761325177762,-0.5498410521280053,-0.9559586224006574,-1.2204346448098824,0.2402104641085098,0.7774209871450041,-0.07798663905882484,0
ZAF,2005,0.5671830258415269,-0.1829622204370163,3.449780492511159,-0.5581580665488278,-0.3818099927375509,-0.3112757727029151,-0.16697717747857843,-0.49013188816453346,-0.5133495106001029,-0.8679839866066684,-1.242790872792048,0.13128434819207244,0.9754117954265976,0.31769048487662555,0
ZAF,2006,0.6570567287340431,-0.16220727224183773,3.4129255682658717,-0.7689539128622968,-0.3641345551106529,0.03399673278286989,-0.49754493509094805,-0.40842308084203244,-0.3645153214028922,-0.8178484025930357,-0.9543479969096675,-0.1809556433423115,1.3253535327888826,0.41867860556878816,0
ZAF,2007,0.5901282389676896,-0.11064908244576732,3.4032730881063924,-0.9172031596077013,-0.31150472635754767,-0.07077818174085179,-0.2121106916251696,-0.34757150883670895,-0.306549315469921,-0.9527929563114977,-0.8089840636094161,-0.20797450851214727,1.396803186040667,0.4872848138891761,0
ZAF,2008,-0.006572741987099952,-0.045062743842208326,3.435521146821018,-0.9729904574624323,-0.3430532914889038,0.49697939339038977,-0.027024919281724215,-0.20708748481270323,-0.13013996472762535,-1.036660558444519,-0.4678584439487931,-0.17863959379241284,1.0522606323269303,0.005151748078483503,0
ZAF,2009,-1.307319064764732,-0.09201647974670703,3.6803431435932814,-0.4910332542558108,0.07449544580497329,-0.13402317924963777,-0.158223639822322,-0.44490376317726815,-0.4832573716216348,-0.9073364561725304,-0.9062144182943493,-0.37229039544564935,0.9505407491020482,-0.6754480421744674,0
ZAF,2010,-0.048190779059704404,-0.1477341693770372,3.9348176205250245,-0.30428445046571184,-0.06155601957953779,-0.8288803402923983,-0.3880726363757667,-0.4187191458753143,-0.4825646735784419,-0.9361800470833952,-1.1099382499130033,-0.48631702762649803,1.0133000452840968,-0.4041472831040639,0
ZAF,2011,-0.012757950342029362,-0.13133205398208317,3.9251651403655443,-0.4282587945239719,-0.14253230605709388,-0.2797840132699485,-0.3850971120718381,-0.3561010596563045,-0.39286096438652224,-1.0638546517300191,-0.8912054199995152,-0.6618350569706526,0.9061003043119917,-0.3303422582901583,0
ZAF,2012,-0.22518535731885403,-0.11837850692427743,3.9444701006845047,-0.8865552465901309,-0.1100495091446013,0.3169397262008195,-0.3590823772459191,-0.3743822008490673,-0.33454696936500816,-1.383508371152207,-0.9379407252450622,-0.7285341601463207,1.0357703206751472,-0.49657303389022345,0
ZAF,2013,-0.20064113140267523,-0.11763695671081627,3.908053925537376,-0.9991718855229976,-0.11633673894851378,0.5117623002820124,-0.19986783496136107,-0.3338257758740939,-0.2550416840755216,-1.3417253532329654,-0.8363262499775271,-0.7489067147965986,1.0747205853473418,-0.4575080035691895,0
ZAF,2014,-0.49539575280513654,-0.11143957250279984,3.980228152184396,-0.9086947594440877,-0.08835604635268234,0.28843240857816455,-0.28590455287527483,-0.3135059183145714,-0.254917427795321,-1.3608787417909725,-0.954737402969538,-0.7288649414265174,1.1125747375842518,-0.38602935194840476,0
ZAF,2015,-0.5206904769194882,-0.1398052072818812,4.03704616039588,-0.8223109753932651,-0.018927841929084383,0.5101914031191903,-0.45992410729012645,-0.3555944868742122,-0.3124818421357375,-1.2863611160493893,-0.9294753526447808,-0.7223154783338145,1.0783608181865876,-0.22637514347801482,1
ZAF,2016,-0.7014833345259457,-0.10317876617688955,4.341318659968577,-0.5338741701643958,0.14655394434355518,0.41238590930564667,-0.4203278688419243,-0.3411249037737576,-0.36314865416835873,-1.2864920748720234,-1.220417081771986,-0.7283490197811208,1.0188783773510977,-0.4489667254495411,0
ZAF,2017,-0.5657753166125258,-0.12807515089114305,4.397728631518776,-0.48927608800848077,0.0974406612732382,-0.6493115859305488,-0.4436689247533153,-0.36781123113884795,-0.42161943973283755,-1.291916698150803,-1.2812434825103034,-0.7232372119872605,1.074741747712996,-0.4308157867278541,0
ZAF,2018,-0.4560753731533342,-0.13996017333444838,4.397728631518776,-0.5969925662197205,0.001559883350190564,-0.2735015330100203,-0.30926133754940177,-0.3626780707217886,-0.3909121098821415,-1.4162916518598323,-1.3577988449799896,-0.7330300234843776,0.8937587902522811,-0.4741321110631184,0
ZAF,2019,-0.8127730196662701,-0.14711286426519996,4.397728631518776,-0.5315304699160253,0.13956458537395203,0.14979292330171418,-0.3189582034682981,-0.3723225378330862,-0.40224901904061006,-1.418037925972219,-1.4186376585201064,-0.7429056505533354,0.8687479824688965,-0.44735157917703167,0
ZAF,2020,-2.581026786370669,-0.1624097042631548,4.397728631518776,0.2638493942559977,0.5380999407602667,0.35341439470197494,-0.3803154409569277,-0.3600985293719836,-0.5383086025501975,-1.2840031437010386,-1.9653425794397696,-0.8617896603878681,0.6986155250386239,-0.27338358962482395,1
ZAF,2021,0.45210134374359046,-0.13804692615551697,4.397728631518776,0.568150497632138,0.1757842917198009,-0.6831948320933195,1.0284561379394628,-0.24185319676624809,-0.46898887902190234,-1.0069672945638122,-1.9378598701273,-0.7997821141131757,0.3667920763271884,-0.46834365882075873,0
ZAF,2022,-0.318178475639154,-0.09549989031760257,4.397728631518776,-0.1317673499755468,0.02510603002259633,0.21401887744754422,-0.16554648407830408,-0.16507132946789246,-0.21971287271209639,-1.1573969353108478,-1.4444982413569687,-0.7350754013888204,0.3327553763377453,-0.3147950611040561,0
ZAF,2023,-0.6625494413889208,-0.11245153920872467,4.397728631518776,-0.2706604713437779,0.12188539195347096,0.30567428879420017,-0.3674862538056435,-0.17441230357116122,-0.18026126005481583,-1.2339615962458501,-1.493336285585118,-0.6410369074062032,0.29387955714380215,-0.3695479115767341,0
ZAF,2024,-0.737159686318708,-0.14257366789861228,4.397728631518776,-0.19139567051780335,0.20088410500386866,-0.2728335327358856,-0.4370311767881263,-0.2222214966542263,-0.27986952166984186,-1.3731840863030813,-1.7232308079365226,-0.6731754455956659,0.288352126241531,-0.41594147314024693,0
