economy,year,PC1,PC2,PC3,PC4,PC5,PC6,PC7,PC8,PC9
ARE,1990,2.774029809293894,-0.18469802649711667,-0.14398579815886847,-0.25461748364024467,-2.3103440771037937,-1.1158161681259757,1.1602461176313925,-0.762247631963875,3.6847363188354167
ARE,1991,1.9311260986416838,-0.14831142278705547,-1.3847090464154976,1.9617978824102877,-1.271961022089912,-1.5518228526177098,-0.14278905783963988,0.17510180834650352,0.4873242736555945
ARE,1992,2.067315110976564,-0.17319585481010139,-1.208124917191258,1.6308295559722383,-1.415103857209796,-1.4687896785518026,0.044234331997077964,0.058483616790444524,0.927480677095107
ARE,1993,1.9803008814713932,-0.19942174723520892,-1.3731691725371256,1.867660768041455,-1.2770992025559624,-1.4392172823258929,-0.10274095687191619,0.17269015496768592,0.5253583436518902
ARE,1994,2.3246372240577564,-0.10154286766467797,-0.8866802714410327,1.0993394819380842,-1.559390201359516,-1.2754365318130856,0.1749683893317142,-0.19610209781131183,1.4865957225464792
ARE,1995,2.3403235103800224,-0.08855426189547123,-0.9139541367113693,1.0933274633970378,-1.537246298246689,-1.2475165136727824,0.18214637472636253,-0.16012962840924336,1.4176299346004009
ARE,1996,2.2811107807600957,-0.10782310583814086,-0.9750892478544679,1.224121320390583,-1.4905888351090735,-1.2777706482211728,0.10833447361115153,-0.12341940738943173,1.2737010241957514
ARE,1997,2.48037642490109,-0.04460485210333879,-0.7369074245461443,0.8430693295325472,-1.569036795995324,-1.1174685160004592,0.15580410020432342,-0.31072826904731693,1.6243597257779927
ARE,1998,2.131485830888652,-0.0588580293293599,-1.2658037061611114,1.8043625639848553,-1.0540047178818457,-1.172806485021604,-0.5323873626224682,0.044883585317830266,0.1412164444509858
ARE,1999,2.2094096113449297,-0.025032525690680627,-1.027306800716137,1.5374003293671865,-1.2130923365188673,-1.179499665550333,-0.43740228440797924,-0.19712102108821444,0.6736553068686095
ARE,2000,2.6543094337493303,0.027722734520350106,-0.4697435795691774,0.4615247731686397,-1.6627954112028756,-0.9472558847054001,0.18244799069953363,-0.5811268848858216,2.0592853387293277
ARE,2001,1.2964117978558942,0.049064041944086194,-0.3358967159483536,1.7422071539558022,-0.97233369347534,-0.9361127715084471,-0.07128907100095788,0.19068342660827428,0.3679377773510162
ARE,2002,1.3537759685933037,0.0049625764312254085,-0.2715450379368528,1.650987555395806,-1.0420821577181474,-0.945177725508487,-0.08911529098878083,0.05586492416836871,0.6018585011720113
ARE,2003,1.8070339267050013,-0.012549514254507895,-0.16581461440993525,0.7333536383205859,-1.4852616390198183,-0.6988258040229144,0.6783177612110566,-0.08892789604953144,1.689025784190445
ARE,2004,1.973979308203944,-0.05609762331287976,-0.6463832712649435,0.5588368122181958,-1.703672018543465,-0.5866639971115822,0.9631734575668375,0.03827434722216704,1.777495046289249
ARE,2005,1.7130057008540813,-0.06864856558133112,-1.0159193247153337,1.2277852358873529,-1.4456982496274022,-0.743070499257254,0.6007794733039524,0.2227389551925871,0.990831525373571
ARE,2006,1.8696001568403755,-0.11296584520989171,-0.7322779049106758,0.6754626316073162,-1.8391587345054348,-0.7346584423479182,1.0202288551219143,0.0052408661170677585,1.9696273718152741
ARE,2007,2.070390022807742,-0.013335278041244781,-1.0621498606996165,1.3163200903393089,-1.118093533137388,-0.9759694352602317,0.4967927774011385,0.2717104584914691,0.6338936794666564
ARE,2008,2.126731024314406,-0.05058624846031571,-1.058743850514646,1.464835702291257,-1.1661619847463396,-1.2029406945112302,0.1413892543998574,0.010421685199742684,0.7642695568290607
ARE,2009,2.1346233294366894,-0.0428085100663259,-1.1884011946680881,2.3480931569472325,-0.247668059873597,-1.3813685065955386,-0.6343607676549807,0.3476933262909539,-0.8995749756741209
ARE,2010,2.0748435664144513,-0.09504323783647903,-0.768650955385651,1.583751714541813,-0.8466191291764757,-1.189546462571024,0.25489331004555726,0.2680824345793792,0.4144234643565977
ARE,2011,2.2041126672813203,-0.14395705965334768,-0.7635483757317103,1.089489706463813,-1.439279644157735,-1.1701390218406291,0.509447653022687,-0.05363271666934712,1.4667989639652568
ARE,2012,2.2270567702963073,-0.17452924970402584,-1.1788017321139703,1.3509686040248046,-1.4270282836501977,-1.2359240504553686,0.3130180350885994,0.06303908315017774,1.0878388062483575
ARE,2013,2.1222015655333633,-0.1425144816576982,-1.3389341336887846,1.3917849284564197,-1.5870202002352798,-1.2740411132993712,0.32567546038955625,0.04870510011286979,1.1796332319871383
ARE,2014,2.2222232852847283,-0.17204954194254748,-1.3123556955935527,1.367166024872441,-1.5077554989745385,-1.2815314993287978,0.2902258834838307,0.08857540094413936,1.0797325511234286
ARE,2015,2.444916672101919,-0.14565183925895014,-1.1805364908181222,1.0095402994052567,-1.655752864515348,-1.2308008310130993,0.33919414515833424,-0.08499093255513247,1.4781085163688024
ARE,2016,2.3896392997821048,-0.17535999004740752,-1.3532871951611103,1.237160935913814,-1.5206110343470032,-1.2549499682585694,0.24986845366689575,0.018182928832968962,1.2492487640129168
ARE,2017,1.9887030527322287,-0.20587848400856082,-1.8875816579710987,2.0756251451990964,-1.1772780559767198,-1.244901853850402,-0.2946120233208825,0.2688523066778388,0.027360017115436827
ARE,2018,1.9689230521822239,-0.18745001982279097,-1.4996323484358283,1.7557159614108888,-1.3718709844464516,-1.2527315578523657,-0.030266352935423967,0.1970904919840233,0.502043672651244
ARE,2019,2.24543109631213,-0.1690680176206007,-1.5885307381364393,1.6289403514060068,-1.214009790628142,-1.1797534339350342,0.05196844335034366,0.281696614585778,0.3394069979033671
ARE,2020,1.957154768207421,-0.2836050088666104,-2.746442898678711,2.9038914837590806,-0.3952143198550067,-1.0090563333037672,-0.6658957046652584,0.6196055612422003,-1.4165445301565547
ARE,2021,2.7814340980413403,-0.16325032908163628,-1.545779524065126,1.0657573910491636,-1.2749681562116715,-1.003091966856276,0.28412401248529773,0.02662774506568458,0.855302396502807
ARE,2022,2.9676508298695636,-0.1083099141059333,-1.2922812798950178,0.6004479083474623,-1.598962344407081,-1.0305614925875488,0.4406468659180756,-0.14498773752518854,1.3229981837095914
ARE,2023,3.1297660141769192,-0.08385764213364011,-1.694201407288813,0.8464606050123068,-1.139026624207283,-1.1369883577064257,0.20762365940660532,0.10800739773803113,0.6499822014249487
ARE,2024,2.4005571182713816,-0.12372871261458031,-1.4731962362819688,1.228044281484916,-1.4281428520260822,-0.9010938417736178,0.633530324561766,0.42867054927923365,0.706394284597564
ARG,1990,-2.3569270165989264,3.9517325641287693,-0.7109176115680128,0.39959974447768976,-0.7969843295474114,0.44777195964960037,-0.37146811250032985,-1.1671309448546756,-1.63784145636675
ARG,1991,-1.707893853383419,1.1621263061401337,0.7981619264831279,-1.381322830943973,-1.5191521058855373,0.6802720406863529,-0.7397914715574953,0.36652532132279747,0.8998500578308868
ARG,1992,-1.7599551365190798,0.26539747579331446,0.8891542654069519,-1.3044338206693515,-1.2991088515316565,0.37063551541960593,-0.06989935537156397,-0.26857786416489515,0.17480424082841978
ARG,1993,-1.831823686837105,0.10368384419750334,1.0044820913013104,-1.1230678002985526,-1.1647910255626004,0.7716026002723743,0.2449961170271145,-0.5986117369382936,0.3817880094546468
ARG,1994,-2.1002833638525176,-0.0893469714457888,0.6414518491763599,-0.9797894374238427,-0.8390062937230629,0.877370681987783,0.02642793978108226,-0.6122502038484201,0.041692919411285174
ARG,1995,-2.801889901727324,-0.34674693478321356,-0.5260331823510666,0.4158416992780504,-0.41740493177634563,1.8383266607152624,-0.5919915726687192,-0.828554962590337,-1.2092321664549717
ARG,1996,-2.175107361330868,-0.18057554558072658,0.2501302216251274,-0.7217710822823299,-0.8732950819172244,1.780684131159653,0.11231224828429438,-1.080222071546491,0.17138582236605052
ARG,1997,-1.909554120615725,-0.09782090256204024,0.5869735783422011,-1.3394051731869785,-0.8277981941635641,1.4797895608486533,0.299254168449386,-0.9643358542514678,0.46288417672236665
ARG,1998,-2.083829644575459,-0.1307857225571222,0.4448593559902731,-0.8018530627767675,-0.5620180516882457,1.0242007592602285,-0.04843536083885231,-0.5409306312611865,-0.35996179274121054
ARG,1999,-2.6834409158464823,-0.294735071032547,-0.6021998676972448,0.13201985356838813,-0.40371909371515957,1.431637637112457,-0.03863026962032782,0.12495543365038987,-1.785552718814506
ARG,2000,-2.6621667521483405,-0.3077628056907262,-0.3580419030811902,0.07818881195517854,-0.6264005125246093,1.3565945982439596,-0.22759537106949262,-0.41500173195525136,-1.0247419043991535
ARG,2001,-3.1304927689884967,-0.4932935944178189,-0.9424106141857036,0.6908201228961974,-0.5104789547245148,1.368139537897101,-0.8546827659737407,-0.6644277060441222,-1.2894932210911338
ARG,2002,-2.550211170817443,1.0338676929006998,-2.1688304893547534,2.487025610166534,-0.9480857198299548,2.8872104083674044,-2.823711020309123,0.99805063715775,-1.0942270383510229
ARG,2003,-1.0048202947845875,0.03193669114582145,0.053763508966329844,-0.4571334904904225,-1.9369555986192855,1.836164505913169,-0.21615122762735128,-1.5477862999396723,0.9381955652452236
ARG,2004,-1.5496983929401966,-0.08264146277041429,0.13551529762506473,-1.0385145020544853,-1.6631430451279974,1.3722261663457287,0.096462899098951,-1.036997581499584,0.7549987883479191
ARG,2005,-1.3287005038548818,-0.013779183563024822,0.3979488456508982,-0.8530756777930238,-1.7544731516925305,1.138148090037238,0.24331796031287212,-0.7946190118588291,0.5996148707909965
ARG,2006,-0.898199188056441,0.10365590268515743,0.5437129812863694,-0.5505319263138928,-1.7473122244079706,0.8695148574871624,0.18340864950807326,-0.6185800957147422,0.5824464990577168
ARG,2007,-0.6820653203930268,0.15584488226135382,0.8919769592367629,-0.6150249394692507,-1.8015049130377594,0.6451513474372036,0.4113699124479294,-0.5091651135651152,0.6244879100340003
ARG,2008,-1.0699214551438372,0.029109296314824406,0.3714001611913574,-0.1794990906432705,-1.4453708755054777,0.3253275472534282,-0.0007062535959900721,-0.15097745297537415,-0.21718222735544027
ARG,2009,-2.060082645953127,0.07612224048703983,-0.3935371312638899,1.540133595348383,-1.2559975564075068,0.42366176533889666,-0.802883708649892,0.40694718077380576,-1.8774347195562529
ARG,2010,-1.2916928524102271,0.07764272674258976,0.7153190038530011,-1.0404120800486996,-1.8597040983290227,0.4264623143469531,0.5410822469803968,-0.34650377149477046,0.8395786105235824
ARG,2011,-1.5203360976998566,0.012463562109616726,0.352935061997295,-0.7465437007543373,-1.3857936588619963,0.06298554189775289,0.06703417095410771,-0.14375008459808306,0.19468018714359958
ARG,2012,-2.088843758194731,-0.0016978216259490627,-0.3266537706793031,0.25610565203249,-1.1041777982081185,-0.03470538685595842,-0.3797956111656091,0.32197033872973296,-0.9808288309959596
ARG,2013,-2.1347383879696196,-0.00705052266496059,-0.10173724760624273,-0.49767638434405365,-1.0301970519419188,-0.1649095260467029,-0.3298998903637453,0.20060846793823864,-0.25671831928012934
ARG,2014,-2.382926696118351,0.17465132290609187,-0.3924922911456126,0.28271395843753183,-0.8370105358944686,-0.12504816737991747,-0.8949382297131955,0.6276128291589059,-0.9664733617419594
ARG,2015,-2.377728865508573,-0.04662582644871492,-0.08103644347429122,-0.5711092286937434,-1.053018278007472,-0.15859481031562817,-0.16337187946788345,0.14202914758644186,-0.2024275058853482
ARG,2016,-2.6050682825129328,0.251868951138094,-0.2933346178465446,0.2932975389718419,-0.8836322604732679,0.04710600664539586,-0.7963949953190944,0.6782024119404912,-0.8534870454396993
ARG,2017,-2.483103819990034,-0.09419313906840004,0.14970307151738757,-0.47753512272442245,-1.0769131697370113,0.07023805633598372,0.055837917777374846,0.1395446515976744,-0.37395358781610116
ARG,2018,-2.8865377767653055,0.23808647656575255,-0.41334496042022356,0.21831858571698506,-0.8469915731129033,0.5173628364681345,-0.7708167402311251,0.8476189517603283,-1.1670618652164866
ARG,2019,-2.6938919591109434,0.19892478916792306,-0.7323968979342992,0.5748064920519925,-1.2221437441624294,0.5110409040516335,-0.8285624012889803,0.6469155001481866,-0.6732376957248528
ARG,2020,-2.954925238046894,0.1774754835670002,-1.1824871415429095,1.8190502962187511,-0.8041300539952686,0.6683365447533777,-1.2743416377036614,0.6017130294876101,-2.2321206848636654
ARG,2021,-1.2437866070039962,0.28251504390037735,0.6159283289834594,-0.9683103381751847,-1.8158347378497348,0.507924150911241,0.2594957166202746,-0.33210909706728253,1.3314619170588968
ARG,2022,-1.6553332836169368,0.4719585920686363,0.22450610385718667,-0.7807115976733897,-1.4219802080060429,0.11665578141735516,-0.07926336549356078,0.10780727503569106,0.36109631132037495
ARG,2023,-2.306440954295045,1.3766855429339933,-0.4567914393840848,-0.30029573360639095,-0.4565835379118677,0.008245199433223936,-1.0544470203297078,1.3193642599883233,-0.6896233369785052
ARG,2024,-2.4450882441239905,1.9609060354653325,-0.7674505409469494,0.3485266508212864,-1.0220967556374303,0.43045046727493197,-1.482581602739809,1.7205818972810627,0.13165388205715978
AUS,1990,-0.8543979204610012,-0.1262748819554943,0.979093141571515,-0.664536088778952,0.3699313218195038,-0.5146261055310821,0.33006991319988876,0.27444051424928806,-0.10453406543835873
AUS,1991,-1.7214848963389895,-0.3871849623071017,0.11174119164025628,0.21494331423031343,0.24647985560894026,-0.09125535746285399,-0.11332360367472392,0.011502116792506852,-0.46669986147329656
AUS,1992,-1.9766351360221055,-0.4362050370966991,-0.21792060388979131,0.019873698078055852,0.20103987575212062,0.083483497062901,-0.10118792003978457,-0.05328625584431323,-0.1901654058562576
AUS,1993,-1.5579756075891285,-0.37536168705586603,0.13383651954374104,-0.4294825246116178,0.07545599909228806,0.2071735204980928,0.17674100567005271,-0.24681295012049057,0.459612359132447
AUS,1994,-1.4495252461463082,-0.4178329888202385,0.29400263667800397,-0.5897084191343138,0.2910475022818203,-0.0809394676254996,0.2168182892384197,-0.29512238987892786,0.29897045839647973
AUS,1995,-1.3052667654643293,-0.36587521137444484,0.2963196917201296,-0.7646976967279839,0.4468187581801889,-0.19055242218934362,0.3726921116564916,0.030120714703098128,0.1797968490271034
AUS,1996,-1.3357430409635553,-0.39147388925303506,0.2820953793753393,-0.45244276314854337,0.2917483842919699,-0.3024217876721689,0.22987981747341804,-0.16717575824387734,0.34580152788967256
AUS,1997,-1.2314047475285093,-0.34654719530263844,0.2396721553545787,-0.3486785906994704,0.2894567904360225,-0.2696566104210433,0.2819374281998301,-0.006513826908105327,0.47745874475426275
AUS,1998,-1.1901804467017525,-0.25280990618981636,0.3673922902904389,-0.6166682250188286,0.4481665235983635,-0.32953883502132664,0.26159383224072746,0.1439456927608962,0.5973344079952915
AUS,1999,-1.2456868954476874,-0.3580962292607611,0.583100647575108,-0.6297522725403575,0.5225398860401056,-0.5810521225913464,0.40419703332523044,-0.018012416417770655,0.5254392483682512
AUS,2000,-1.0595540866783912,-0.3047956459654489,0.278396241153961,-0.447480531257597,0.552524527247257,-0.5563928478971532,0.4959202646613376,0.3921262250987237,0.4240026281171548
AUS,2001,-1.2674627819896687,-0.33685964417240055,-0.150609415206256,0.08234118691252387,0.3843773860520397,-0.5548378456705193,0.30487402220400767,0.38758942342126323,0.2645186990720658
AUS,2002,-1.1560306884309042,-0.4455312237687354,0.149252938341356,-0.3144964139546221,0.45696030896178863,-0.6336243190489077,0.6922593849963936,0.27619024061766145,0.432705621290732
AUS,2003,-1.2592758190664668,-0.4670496619668425,0.407612155068169,-0.2782646000993707,0.8124209683116174,-0.7963240781033311,0.6155088707692118,0.1812401711700463,0.13470518579527513
AUS,2004,-1.0368386053608698,-0.44666149155436996,0.39200649754261485,-0.6919776906746975,0.9203592997462164,-0.6499340729078541,1.1063818369156087,0.5478056001187256,0.18892034691343515
AUS,2005,-1.3032518291491102,-0.37351842848913525,0.7475729851362557,-0.043901830358099414,1.0301124238540218,-1.1915643764928585,0.18899675901294682,0.05467918815653554,0.45208183438669275
AUS,2006,-1.056552605374371,-0.35541496072937534,0.36235379244129745,-0.20851758838747272,1.101130794261581,-0.8939676055944458,0.8160674851116847,0.6318815021603542,0.18915102403226922
AUS,2007,-1.0862821869286992,-0.4850321577593871,0.2442920408990417,-0.5874407472410272,1.3131788782865343,-1.1222354538197583,1.034305340635634,0.5941780498140561,0.38478130171091934
AUS,2008,-0.8686782309685454,-0.383374540194416,0.2830462177066514,-0.31409912161391734,1.2482664530153667,-1.1370402285025856,0.9210136588058424,0.6177142484508492,0.526320974931613
AUS,2009,-1.001861221510134,-0.42173263687070217,0.12006930244577359,0.10351060255546404,1.2506336241285723,-0.9605457955764987,0.69925609430777,0.5893237159154374,0.3726791575034376
AUS,2010,-1.1358857038242476,-0.5686257998956269,0.059564376220791505,0.15564610449485466,1.1848511204958447,-1.146861730873981,0.9045540238643897,0.4311479140972938,0.39670022122158694
AUS,2011,-0.999887419723102,-0.5570291437597349,-0.04534933506209132,0.1633328777900324,1.045798286631985,-1.1196804690908875,1.0450579507371855,0.564607424977336,0.46224380783540375
AUS,2012,-0.9028885134960634,-0.4793072183046608,0.2104080089220543,-0.09994415017258054,1.0623980297051938,-1.098998366937121,1.0488071293646568,0.5204634953508896,0.7812175723708707
AUS,2013,-0.9904758787153837,-0.4502647724748694,0.09387493215484517,0.23151380804484642,1.123608140584259,-1.0374233127672892,0.9507917067701758,0.6084240061686348,0.6804553530806546
AUS,2014,-1.0491683832380343,-0.4897598873424677,-0.08098268597637212,0.2960069673461109,1.098703743389426,-0.937044370542729,1.0370730987506231,0.6274478365054126,0.7082822353074961
AUS,2015,-1.2436448139785818,-0.4496822164441046,-0.11478266708039508,0.34012594120957146,1.2970044037990198,-0.9471004643038148,0.8910968719249548,0.7413790127500731,0.7367435890976798
AUS,2016,-1.289287129998786,-0.5896408429076425,-0.15464628193527893,0.3791547235238377,1.2412459673093024,-1.0433035971327445,1.1074689669981115,0.605161633534099,0.7908361274723108
AUS,2017,-1.274311360053504,-0.6245309282232989,-0.2654132452749634,0.5614063575704658,1.0949094862897932,-1.0760517160791319,1.1107631359718328,0.601761700444169,0.7306928304081047
AUS,2018,-1.176570822109718,-0.5998242820473807,-0.2919361680069622,0.42337755471199234,1.0834764633546576,-1.1009629977732476,1.1414014169475568,0.6730552515693516,0.8711032555020892
AUS,2019,-1.116448761321031,-0.5141638330165686,-0.4246509529039083,0.8170177357740617,0.8198434197645817,-1.1658889275902464,0.9372434309312755,0.6352444650004081,0.9157492684527784
AUS,2020,-1.2230218559432422,-0.5811441962652509,-0.6641043101095467,1.4135928894706997,0.9383663758164255,-1.0931618006473822,0.7043814559536173,0.46026506311006293,0.6902382847905543
AUS,2021,-0.8991487973127775,-0.5857961506234971,-0.3276485928695418,1.1981186303070317,0.7059977185994786,-1.2583529462749328,1.0142514672976461,0.44915181293450945,0.9888750430472917
AUS,2022,-0.7303740716019766,-0.4614569601299476,-0.2157425982473031,0.5269248579982995,0.6634176997242892,-1.3358792220113134,1.1956462786386797,0.7352211858858981,1.270871157179563
AUS,2023,-0.863553903899187,-0.49893899483746307,-0.18841372683045837,0.5541726818117555,0.6294129740750556,-1.4627228109383394,0.9511886700699902,0.617812972006254,1.0987624260413031
AUS,2024,-1.105707533494238,-0.5508898796623776,-0.32640888293112363,0.6178777198558041,0.9515361888517511,-1.4442045336056708,0.8890471997717088,0.7608882577659482,0.5748803969851105
AUT,1990,0.48293419914698077,-0.008197327114217905,0.3815815655377704,-0.3726076324133114,0.5917875893971176,-0.4895076220206272,-0.4505762853531809,-0.27268975636490006,0.35309467206168893
AUT,1991,0.48485642101778353,0.0328706736138137,0.4154575290684492,-0.2458882462979686,0.6166482533859473,-0.7695459190273083,-0.5119492377491608,-0.04094191929780293,0.18946190387215328
AUT,1992,0.3235549131196328,-0.05577931687338473,0.2486515846893678,-0.03727259900518356,0.6361015671006424,-0.8164352839404092,-0.4622012272167056,-0.0044699546536076645,-0.06213473896920205
AUT,1993,0.026672605366541622,-0.042534557185265234,0.060103635714668445,0.26669344160383734,0.6549857613692454,-0.7564537990942872,-0.5762068429334488,0.1470923277982231,-0.17941131851058847
AUT,1994,0.25867547535307617,-0.06588793315407498,0.22997308221805554,-0.02775686995186862,0.5716913195631906,-0.8589951556006846,-0.35131139716816634,0.07849060909458375,0.06837484229869249
AUT,1995,0.32831751096084927,-0.1186043948597914,0.2675856027343499,-0.097536206754846,0.6276841527139085,-0.7485085198977384,-0.34116084924307905,-0.14220852210962584,0.04800165503487098
AUT,1996,0.24588234532503564,-0.060510916379332216,0.050384484756274134,-0.049011836952202174,0.6278316448188563,-0.5134096745584152,-0.3886897926155091,0.005558145566720147,0.06861324254615278
AUT,1997,0.2921371449381968,0.004346233013174463,0.0015883187165202934,-0.02959021224265327,0.6199342616151626,-0.5185046678067657,-0.5365726355484873,0.05827616180306057,0.11770397903334405
AUT,1998,0.39554994145484546,-0.09255997078574459,0.012561643935491626,-0.23304510396381675,0.529909941678422,-0.46468066884545184,-0.29109215133297583,-0.11686280041329418,0.2718621769740228
AUT,1999,0.554423743854036,-0.6415608321701195,0.15615518688917823,-0.26642659517579936,0.4848071844397453,-0.9816541814401876,0.21269044270924908,-0.9432631850443172,-0.18920887905219916
AUT,2000,0.5915767399973353,0.006243547975042163,-0.20032152406901327,-0.32208731925280326,0.5226512830161216,-0.42213427181178464,-0.3021237417688135,0.19617314973671676,0.16550216170612594
AUT,2001,0.522854483588683,-0.05798671461300399,-0.28972633443560836,-0.023717446644090874,0.5961590943884729,-0.6688050993623964,-0.5129572090933645,0.14417852513443494,-0.2059921551264659
AUT,2002,0.2974363001262854,-0.15265209319756762,-0.3132426530344867,0.14722730288298297,0.46024606554153896,-0.7172435798447478,-0.6551423284893392,-0.18551017593898558,-0.04252724748684036
AUT,2003,0.3620073481989736,-0.2302138042597749,-0.38462524785028984,0.08284313478626892,0.4976817924200354,-0.700494292331259,-0.4008563117588587,-0.10106787916820315,-0.2476244105490899
AUT,2004,0.3730216151591142,-0.20766503227437685,-0.37416594722384444,-0.03284349983550529,0.4094653991800331,-0.5297380826519827,-0.45765242061330874,-0.3205035431752442,0.13230072323091874
AUT,2005,1.0041003870027094,-0.28247270072745156,-1.6055408492846832,-0.9884300193871212,0.5525994473152605,0.5192391761352858,1.4471082703901383,1.355903212890964,-0.6451196341828171
AUT,2006,0.6971759342730919,-0.15373540321511056,-0.5708879095315575,-0.09544482769799002,0.3911583210374289,-0.4894333634078276,-0.3440201222405947,-0.14312172501510953,0.31187407652402804
AUT,2007,1.3222638534223883,-0.21318921273665123,-1.0942140312629747,-0.7300421001807402,0.3640300172019116,0.09289285701197426,0.8983396262078717,0.7043761431068291,-0.16065948644054753
AUT,2008,0.8939903652325026,-0.13462307730635936,-0.5639893643820125,0.3271126383258623,0.46106576368753005,-0.8222406958634179,-0.5492591779846397,-0.12731388514622596,0.04541577947907075
AUT,2009,-0.04573431485759653,-0.20748882368861693,-1.0497428228443728,0.8330147459435324,0.7995503893942525,-0.6220796243831073,-0.6986011276010506,0.3843538413699463,-0.8431768197172649
AUT,2010,0.26775423650265817,-0.12686560924262152,-0.37618985136380395,0.5462507622079965,0.41395961271988235,-0.9896211940243026,-1.086364236044227,-0.4789879237811276,0.42291415520156944
AUT,2011,0.7308526863065815,-0.2079246430268164,-0.7089065522566881,-0.2460943776484572,0.481275744988616,-0.5883261902376917,-0.10436944206902686,0.07948886209082888,0.08565735375086807
AUT,2012,0.46271672958965104,-0.12045691985461161,-0.701877805789755,0.20235610626907752,0.5831518170147982,-0.6932036907932677,-0.6990034382309059,0.028790511445284637,-0.15020044798487944
AUT,2013,0.31906647325797705,-0.2088978103694048,-0.7483756828882171,0.38615694831390085,0.5916649365313635,-0.7723184254558,-0.8296500119952693,-0.17255502197596315,-0.28403864493119757
AUT,2014,0.41355748841804124,-0.1792358910014508,-0.707948238473716,0.25842369573197627,0.42163976349952664,-0.6482625717770067,-0.7378658286126358,-0.1922234790396178,-0.10626921098954957
AUT,2015,0.2777733329813266,-0.052931099192946085,-0.5404261004476887,0.1989764795906131,0.4109553630637209,-0.6286677570089421,-0.9934839984281737,-0.1800868341684133,0.12279611363375345
AUT,2016,0.3422275006548401,-0.10733340484845037,-0.1575709568882766,0.37589067772108775,0.3006639476151421,-0.8580046494297457,-1.2745550141216384,-0.7914282857991508,0.3634739909068594
AUT,2017,0.5979177456833046,-0.17807469862699765,-0.6282895915645955,-0.23069593426159787,0.4177068401273848,-0.5234896026915404,-0.40729732225354914,-0.09044512576403525,-0.03959477241102321
AUT,2018,0.5016270085587191,-0.1252245385938195,-0.1172994123855794,0.07399120556939232,0.4507464374446871,-1.0662736910034227,-1.1395310925298583,-0.6688760794992021,0.266720913117262
AUT,2019,0.6804002346086898,-0.0664945103863066,-0.3437419911496295,0.21955693429391776,0.3974753354907529,-0.9504307177215654,-0.9583752190410741,-0.31257758834584026,0.1623929966075808
AUT,2020,0.2604879230826523,-0.13667850546304366,-0.8084666022482585,1.4934492356470714,0.9171886212792227,-1.0006212967136094,-1.3828296511240117,0.006185344488428943,-1.2331546978864218
AUT,2021,1.1254647622376164,-0.1438505117972076,-0.34225991545552625,-0.46589065275083635,0.49852058051289866,-0.3305912009471662,-0.05274464839169492,-0.30631353984152077,0.47505399486829764
AUT,2022,1.1976809530184236,-0.0192792896015714,-0.26996653158270945,-0.8470746453636692,0.606464019664796,-0.6102998143527961,-0.25499892536950225,-0.11249049775377927,0.4544442957702767
AUT,2023,0.589608742773891,-0.17140787534328517,-0.7918141180624606,0.3128027971400736,0.5695208410901983,-0.8611784824747444,-0.7929976288190224,-0.09797565574979737,-0.4717490117431962
AUT,2024,0.2689992099781471,-0.24701906134892096,-1.0225456439062732,0.3056257598175731,0.3406087738876607,-0.7872468602358822,-0.5859913991608126,0.11231471868107433,-0.43406934865863517
BEL,1990,0.3615044076013946,-0.34661452478751126,-1.1465725396392,-0.44457168502567357,-0.09614731893892423,-0.49937227507559506,-0.21882774292992907,-0.21649601352347572,0.22410670434700733
BEL,1991,0.2126488439432919,-0.3465121811005502,-1.305794045049069,-0.2496047508500774,-0.11409268373956154,-0.5611684473698538,-0.29161436826566584,-0.03463079595602245,0.007566957341313799
BEL,1992,0.1656647870903211,-0.39613830061241023,-1.2919676293238276,-0.20997501759724782,-0.11302920484431378,-0.6210892376683321,-0.22019595060858776,-0.0271476628174932,-0.09790912244384575
BEL,1993,-0.1711752888541907,-0.35407698020340134,-1.5049324501553951,0.1598644167996963,0.034821793704958796,-0.3883160401623238,-0.4678735548236191,0.09993244074866822,-0.4166546919495844
BEL,1994,-0.0039776936078250846,-0.4359427127972282,-1.2683643770051023,-0.3251676499545555,-0.19139758367010493,-0.16928097252930377,-0.20955266804683476,-0.45842240885088936,0.3629470736873725
BEL,1995,0.2746035932545407,-0.3480528465307348,-1.178467103995733,-0.4683998903845235,0.020573461485118235,0.0618706739754998,-0.6068288466965569,-0.6096559038889375,-0.11289886008756365
BEL,1996,0.2536804130540007,-0.26389030601662083,-1.3896522018156052,-0.38017919747546725,0.07294303499576482,0.1765710991278062,-0.6896351822294867,-0.342896406695979,-0.24984484879831872
BEL,1997,0.5281984824255037,-0.16913177962110326,-1.2152250821452757,-0.7341202365169097,-0.04581562460348667,0.17264281343002694,-0.6305058366957338,-0.3662385145899688,0.21590831489181572
BEL,1998,0.5074909918418543,-0.2937943121316545,-1.5264750418688973,-0.6510241110818267,0.06986760065817052,0.3037639392253964,-0.3431365808744721,-0.1704515713110753,-0.3055531737876938
BEL,1999,1.6336912245729867,-1.0695515102846405,-3.01418049017193,-2.367676099749224,-0.022468043932131143,1.4282050806143292,3.4463934937214264,1.3389389272442804,-1.7973362468225136
BEL,2000,1.737699864815081,-0.2821139871555161,-2.7330025986708146,-2.124422823930699,-0.012467014491472604,1.1551023360611654,1.9752519074538446,1.9091319152479798,-0.9803073754981906
BEL,2001,1.5175899678353792,-0.3865582001017155,-2.9471742189493586,-1.7012460864211927,0.08895251811950339,0.9617352816133597,1.8806224027657823,1.9806436407434447,-1.4552391487623033
BEL,2002,0.8934293547077895,-0.3021470547015342,-1.7069133072749085,-0.14134944614359832,-0.33542335810553014,-0.23904035943955793,-0.4188113830686759,-0.13732347112415988,-0.15793874947399517
BEL,2003,0.7826783145470918,-0.42540023055494763,-1.8990873360545728,-0.2940090403322762,-0.2379880008924878,-0.05472213768780893,-0.04815059869321137,0.0030413271412135256,-0.46752036919891005
BEL,2004,1.1277469154272488,-0.3461964319769299,-1.686549659726724,-0.747593754917817,-0.2863807102070889,-0.00828417957090623,0.1936155605113775,0.03227109364648273,-0.05359065073474574
BEL,2005,1.0151513450199605,-0.30539535154826375,-1.712284902428961,-0.5739957540386176,-0.05094656311551098,-0.01919380761815244,-0.24389492601866125,-0.15366774629839247,-0.13888950662822344
BEL,2006,1.2527304441177962,-0.354972497650856,-2.0084537604136754,-0.8025686023914448,-0.03936150657021589,0.14156175753989314,0.2823529586194041,0.21319840270609794,-0.2567429055323217
BEL,2007,1.6262838660214134,-0.3959391634816923,-2.125944106851482,-1.2165264134950593,-0.02164259541726006,0.27205383275088807,0.9066082010045412,0.5425960650467939,-0.3277650175921781
BEL,2008,1.815639114671632,-0.49266206376401034,-3.1064652446899474,-1.7658613592925823,0.26203444180977353,0.7477566282262056,1.9529905902886624,1.8217278883096963,-1.5978040653091228
BEL,2009,0.4773864282090128,-0.43328864941996875,-2.4397025427873893,-0.2129326707968503,-0.07444721129261021,0.009245680705978808,0.20412920428779535,0.7566320715692192,-1.0140011154544388
BEL,2010,1.1465382187549826,-0.46705983303044385,-2.752763674298042,-1.3199578864472148,-0.333130533751157,0.5940309903994899,1.262071549664412,1.0662665171614845,-0.5816549866088787
BEL,2011,1.3020454592283,-0.5376905897400253,-2.9172008291480997,-1.844511589050188,-0.03187989630522252,0.5146136415289095,1.611568086130417,1.4519446674782936,-1.1852215325655746
BEL,2012,0.5581658431080613,-0.3400221366187814,-1.8691890530168729,-0.24107367499415977,-0.13551188544241055,-0.6567052466038727,-0.8739184630471727,-0.21246737820868808,-0.34255905983759577
BEL,2013,0.27960612926806167,-0.4084388499717516,-1.606745252254094,0.19150311620426402,-0.20683762383639914,-0.9061306383355731,-1.4367974561108119,-0.9140039592543184,-0.017196971600086555
BEL,2014,0.45719646513286105,-0.3982058903466372,-1.6102721187879339,-0.13015974413915998,-0.22147827746711865,-0.739188661589937,-1.1065410154148796,-0.7875020489896498,0.16959103342393142
BEL,2015,0.3829904717388182,-0.26647624693637234,-1.540359459393186,0.06018198915404074,-0.1849988647492542,-0.7172959349765212,-1.3151092477781108,-0.6710241644265621,0.3128653524297811
BEL,2016,0.8586392402223795,-0.4553469058905259,-2.2533987631937187,-0.655732932329436,-0.03512937560086793,-0.22333494600260065,0.11074628184773946,0.2749242725032866,-0.43530007526250825
BEL,2017,0.5911095973644435,-0.3572625286005189,-1.40841738151568,0.0938571814171071,-0.06794094115283529,-1.1991838539248554,-1.470940339750967,-0.9610532348795247,0.23501958746249577
BEL,2018,0.6599634721769362,-0.34811993639882766,-1.2248076341550371,-0.11134837353144157,0.08961438633336304,-1.4190034745302702,-1.424673070285312,-0.8857336132967276,0.20550195040829516
BEL,2019,0.8829036226614382,-0.2946899095416015,-1.4331428689045709,-0.2625696832601351,-0.037444830420729436,-1.183585456514013,-0.9627037101808729,-0.415297193673916,0.22839824107582357
BEL,2020,0.32744704999524377,-0.36187031936879793,-1.733373627826707,1.0130507933988329,0.40841613980769703,-1.4736381813797377,-1.6596948907314804,-0.3334898072108442,-0.8832531943164249
BEL,2021,1.4997923524654988,-0.41882678418326175,-1.7849766549035884,-0.7678434891884897,-0.3580653268169933,-0.7597595628988338,0.09478168249690323,-0.3042875418981055,0.8134153836707965
BEL,2022,1.4907544991959343,-0.22956216757705591,-1.62813815634398,-0.9100043945070699,0.1605507904055862,-0.9574257159127054,-0.6495141096032837,-0.27062724448669484,0.24569226501822303
BEL,2023,0.930675907712583,-0.3434394575841929,-1.5183515746072027,-0.1772251007053863,0.030051228370869418,-1.1691481485760682,-0.8324013456521662,-0.3729299504397234,-0.007522899094714572
BEL,2024,0.49307586043565793,-0.34548696709074006,-1.2999276943092772,0.09083196577428324,0.01437377206004584,-1.4091339995687067,-1.2674123162355388,-0.6389044659618444,0.12348830056038186
BGD,1990,-1.6105637858210213,-0.22891055262803334,0.4326674296046107,-0.6142346126340403,-1.3559752695222111,-0.9135050942280879,-0.04944837260055432,0.15662017585358573,0.5694503273153625
BGD,1991,-1.4614381312330331,-0.0927614864585053,0.5623341417143515,-0.09879945641458461,-1.432683132665557,-0.9997622489231374,-0.16762701095635532,0.46400151911945825,0.030316467684197445
BGD,1992,-1.2948264887657739,-0.05708454976475435,0.8174559701487764,-0.2668801114935471,-1.633089560058254,-0.8307640067671292,-0.0028238586213395534,0.3774499758051644,0.2900445815699468
BGD,1993,-1.2064054871333365,-0.04913631512469393,0.8529471490562242,-0.1338128000962359,-1.6003030265243208,-0.7089133956900455,-0.06454053105135621,0.34677766560563283,0.017467676946008693
BGD,1994,-1.1366270568131365,0.030489765782408976,0.9461660837183906,0.0024538461254143876,-1.5103786514783792,-0.6397023994025901,-0.10130579931853986,0.3660055032655274,-0.20424634924512783
BGD,1995,-1.1944461399981092,-0.07411227257319625,0.7803367267621492,-0.6818633629018881,-1.1042493856461646,-0.9032329984908011,-0.1741962524625174,0.24212838790962898,0.09656640149334422
BGD,1996,-1.2271685714697222,-0.1146390055440851,0.7688000343318184,-0.6199286346455853,-1.0192791643839547,-1.0614823096954484,-0.12625655167869973,0.35501010171547365,0.11734898830577488
BGD,1997,-1.0207807953519739,-0.0789325429038248,0.7646434732242968,-0.5452779440557224,-0.9787540919633362,-1.0467741862198732,-0.1233111383591373,0.3297699446576027,0.19594137821851915
BGD,1998,-0.8029112529879834,-0.0041408199011216135,0.8841507812283167,-0.5604024571672831,-1.026475011623396,-0.9112185013768533,-0.09579634783916859,0.2599300001649657,0.2964709415665524
BGD,1999,-0.8263303862254411,-0.032186631005301995,0.8282673949580861,-0.5883709559468072,-0.8829462703365596,-0.995615016697895,-0.11845350358439487,0.24562492477449469,0.2375186419026735
BGD,2000,-0.6819402834158343,-0.01321698237007914,0.8989654319237945,-0.6786662689822559,-0.8396781177346776,-0.9920980910760971,-0.042241659375027746,0.2184964543673552,0.3931065787662158
BGD,2001,-0.6531458662015726,0.06961018887260495,0.8595659252775678,-0.6853960867417425,-0.7163154470680114,-0.9864856306881594,-0.09694679229657364,0.14211020459875343,0.3777369989969577
BGD,2002,-0.4684402629546322,0.0029295913729802912,0.8863177328137061,-0.2028657356679115,-0.7631053776095297,-0.8756716138282851,-0.13396627317078785,0.14126527412211598,0.23142177647487935
BGD,2003,-0.5231397409372698,-0.017260879698275194,1.0197047493687463,-0.3861403155398947,-0.7712147472150255,-0.7734086769940451,0.030690638461581956,0.08494007850606672,0.291774074669996
BGD,2004,-0.42461983003961257,0.02481422612732131,1.1441102761357076,-0.4752218779276468,-0.7149302087557805,-0.7228603258758396,0.08577309913373256,0.08485239509540458,0.35563658855298647
BGD,2005,-0.1410931720110503,0.07480080947504948,1.126560376295899,-0.743177570786212,-0.6819204732708665,-0.7169600329229238,0.10878943184606872,0.0557202003981907,0.6241810912604733
BGD,2006,0.2755318793379429,0.16770861081499222,1.2406449245565825,-0.5100300922412082,-0.7818051713879848,-0.7671225932344444,0.07595097202803792,0.010290112136841414,0.6916571423893273
BGD,2007,0.37879350636982106,0.13101315599375915,1.3229486129302381,-0.5791846957933288,-0.7610220656212344,-0.6446255291036308,0.13251173340960404,-0.11892267601477045,0.6569534702775478
BGD,2008,0.416834272270947,0.12564968572296098,1.1524877579947832,-0.4913949780511888,-0.6207368091288554,-0.591317838194226,0.06850614437217034,-0.10592057292113881,0.4864313069195571
BGD,2009,0.5967163063933494,0.21917770839493364,1.3235476693070205,0.1296222354046889,-0.8054838576465615,-0.30489213047097813,0.07636182988406405,-0.12736943814341986,0.31544458420111304
BGD,2010,0.5563745171603909,0.2231134659602616,1.4121899289461126,-0.10469783199496026,-0.6586077004056743,-0.6328843837092153,0.15769985614776072,0.04261151174254036,0.39147980743247646
BGD,2011,0.5874395518453215,0.20063580695511624,1.2939996622539331,-0.5773692316257361,-0.41328304443279484,-0.7080296166813121,0.0715373573484751,-0.023830149797810934,0.5772117688652537
BGD,2012,0.912181384160877,0.27367360665181406,1.422582484208521,-0.28619455322396786,-0.5439538175112141,-0.5322367651403838,0.14547751609301557,-0.02210663010583822,0.641240969113772
BGD,2013,0.8449347443648147,0.19751084868658944,1.5005738736160106,-0.2414935190389881,-0.5383041939093145,-0.40423537571030865,0.25528330849787895,-0.11158331327977779,0.33166876745703944
BGD,2014,0.6865495648706817,0.21991449289112744,1.5927403995894192,-0.28693544127220516,-0.4807061766617284,-0.3392718115273233,0.2474753015280043,-0.05857904973330215,0.2782046873822247
BGD,2015,0.7245371403131127,0.25504795473980524,1.7543827466188973,-0.1921210844977097,-0.6022718120866148,-0.20794370760285358,0.3446526435506666,-0.048699115082642706,0.3145457387674095
BGD,2016,0.8055674603573849,0.4137380648929991,2.32035219885449,-0.45072027515679935,-0.5213094500041543,0.05487112050839074,0.1717941593575289,-0.15307039114643775,0.13061750005625386
BGD,2017,0.5172057655577782,0.3611962234503263,2.2853999841405757,-0.6756075977936186,-0.21992860785687637,-0.05856627900413115,0.08737884245829941,-0.08990591224836632,0.009578539315994537
BGD,2018,0.6470976669841803,0.36814976446388786,2.2905154846159244,-0.958279290277361,-0.10909205597687485,-0.07813243912747131,0.027623465910507402,-0.15747486866506824,0.14333490326455836
BGD,2019,0.8237008734386396,0.3954031423076147,2.4006120748010282,-0.9037111246694824,-0.20944955145412747,-0.026978810037743092,0.06338648931406872,-0.2524050253966952,0.2600207928796474
BGD,2020,0.5676817282363399,0.4133717995496651,2.269537142079706,0.11577713282785582,-0.24346017149635638,0.25624524521773256,-0.07352015013108495,-0.08502225050115604,-0.575100281005778
BGD,2021,0.4337763875103395,0.33314625157519956,2.371145862323827,-0.9366187332887195,-0.064482456657994,0.12335341106327377,0.002182948870517641,-0.2658983158250243,-0.001967495754915388
BGD,2022,0.4788049070466446,0.35495747658655125,2.190777946500082,-1.2765196554708398,0.12794821896194244,-0.13883671954139756,-0.2130605799144361,-0.18226625570367458,0.09348623017144292
BGD,2023,0.5481602978392586,0.4377865891758543,2.03236920182906,-0.9814926849250641,0.05432833655825966,-0.3374095809646291,-0.4334176559769476,0.02654208994695015,0.0017771850521449224
BGD,2024,0.3824016661594425,0.3654421530158174,1.8793707389722367,-0.7141754398481299,0.0644343989691,-0.39210109608151805,-0.4855393361709115,0.024874219874810956,-0.236755930235364
BRA,1990,-3.3698550902570634,10.56130502501522,-2.0312793623346845,0.34423313276911516,0.6156765627204038,-1.7300296116423741,2.3181557120941205,-4.402009608150485,-3.289011309040423
BRA,1991,-2.4191764742522404,5.847574394207385,-0.419088696314367,-0.15187804553580783,0.03377394915402666,1.5589686537925715,-2.828985863398852,3.3373367496682618,1.7918117183902162
BRA,1992,-3.289437594222852,14.866671625729893,-1.6939201177315215,0.9501131985634041,0.6105448778707387,3.2587308672774635,-4.043388560616453,6.246121558186669,3.8642280902372548
BRA,1993,-4.604485872158827,28.19590300167071,-3.0973212487085444,0.38485032417902326,1.772924346639404,5.4938876998114345,-6.259080823662623,10.994473898236427,8.737850740561804
BRA,1994,-3.7466658409372817,19.80138005280625,-1.4945966827694876,-0.11275503357753251,0.3954411714372835,5.443548269012653,-6.717351156567508,10.67454075664552,7.461539294117648
BRA,1995,-2.1675789667550176,0.2633368197065587,0.5431173500559676,-0.010225730305444384,-0.9958419388841199,0.24090725982022057,0.10538098213064258,0.3164267618505107,0.13437337446257555
BRA,1996,-2.3706455386628975,-0.15861421426778902,0.39739203296967146,0.2853919017008009,-0.9840084918769225,0.2741751134070676,0.25233871979414335,0.26262908775750393,-0.3583307226573725
BRA,1997,-2.4209951720379634,-0.31877838360126637,0.25164606996272254,-0.19041438303070202,-0.8061409392929995,0.2800467105807351,0.2741239924204619,0.12627125917472778,-0.05634079526642214
BRA,1998,-2.6903935792871305,-0.41130304014624647,-0.12858459427184665,-0.023969686620369694,-0.6947848808567751,0.31841892506136193,0.08143074471049734,0.2593857506083712,-0.607002598560758
BRA,1999,-2.820556070917115,-0.14650854227023613,-0.42623609225450326,-0.16952482091552332,-0.6663340420477007,0.6999388204463304,-0.14827143703372822,0.6544442356579117,-0.34575405539578824
BRA,2000,-2.327970522323246,-0.4199231313703257,-0.06095640070512261,-0.7845947233802727,-0.7441229069354991,0.5005421702041843,0.4290355761526985,-0.049535919161613616,0.06284078767810773
BRA,2001,-2.5141721940288586,-0.19140820651243556,-0.2947184515861326,-0.401299335118269,-0.6113511041446645,0.48329670742066577,-0.04299396218242986,0.29303373530935123,-0.3638534001424093
BRA,2002,-2.2609215765315627,-0.2972309571268374,-0.1782750700620143,-0.15682460071774218,-1.024074114044501,0.5281496054134974,0.11429901111678642,0.13951263037160483,0.08039361124005623
BRA,2003,-2.121484607186087,-0.2544665556878297,-0.14351284481558535,0.3947277360684995,-1.1192085257282467,0.6905845499563757,-0.10575120827374183,-0.1637162713531882,-0.4031069131764919
BRA,2004,-1.5082838720356373,-0.2828078949892048,0.2509966456453247,-0.23014920826487215,-1.3133589367788552,0.5878384976824664,0.31130573906678766,-0.3649263011024704,0.388668181271309
BRA,2005,-1.8306271102522826,-0.40185295816381117,-0.043226856290580463,0.09176428571397041,-1.0951192711060178,0.4232248199203589,0.10125605084335887,-0.4476068964759936,0.011522162074516397
BRA,2006,-1.7174467858460896,-0.33372232512979555,0.23486209487016918,0.15225250317400746,-1.1720547830988892,0.42097960078369395,0.27700530283438574,-0.28808152599160447,0.09518508926127445
BRA,2007,-1.3575405375297227,-0.1892229935130899,0.903076291273087,0.10461300315502059,-1.3121141146063535,0.7901554758396813,0.81520325376893,-0.18441081369070073,0.11753778993526011
BRA,2008,-1.4023501544977652,-0.20412047383499754,0.7995936128890084,-0.16311794567638224,-0.8227920917806064,0.3877297437954185,0.6133091524526897,-0.02208234826494951,0.014570864905528605
BRA,2009,-2.0617308992765766,-0.14458722461071735,0.5902509720504339,1.0993021526422326,-0.9796886898527254,0.8311631455956194,0.324327610925152,0.3215774363209812,-0.9565578804605774
BRA,2010,-1.4968688074342953,-0.27724451351190055,1.1383668898369315,-0.39585044462753094,-0.905800501033898,0.5428197189271059,1.1284395282090698,-0.04953802955974691,0.3101974132701582
BRA,2011,-1.5543279193670583,-0.22625683532091,0.8797362478781916,0.23052759798062103,-0.7174154458854847,0.3502866837465489,0.9388176845538765,0.3003466685023212,-0.23083206232518583
BRA,2012,-1.7674776871703377,-0.13799018870705768,0.7420782077253701,0.6261099737709941,-0.6332985845417158,0.3626349416552241,0.7745827970265852,0.6813123364401389,-0.49856476149714424
BRA,2013,-1.6668238942735665,-0.18224452553872206,0.8328036948217092,0.5116768623087536,-0.6498999124435539,0.25094583099997997,0.8389201531841812,0.5375571579700066,-0.2666733120496707
BRA,2014,-2.003156709004598,-0.22835285959966667,0.5597225612334736,0.7561405767832331,-0.504128522855298,0.1729095370113145,0.7084126226161539,0.7448761727062141,-0.7734149662648049
BRA,2015,-2.417790022609833,-0.054767504606931264,0.15170533860229524,1.7254712290700034,-0.6689115436092463,0.8067672805404391,0.3125560712265453,1.0945105222916451,-1.406399783013825
BRA,2016,-2.598923411071036,-0.31917368755328096,0.009199776416421529,2.0250293391565792,-1.0721891851053265,1.3709069440432227,0.6366717749906985,0.5073419968682839,-1.5329223916747043
BRA,2017,-2.4737116499156726,-0.4866539778332705,0.14768882643748368,1.3545373427649432,-1.3053477927070225,1.422154890647926,0.8990455552150426,-0.03334626525321906,-0.5877658371496469
BRA,2018,-2.5261180760376254,-0.3855060385694533,-0.016330405582306393,0.9503520560797695,-1.108482483897908,1.3130931332100617,0.764360084294428,0.2230018619950538,-0.39062414770889076
BRA,2019,-2.5956144510961865,-0.44545557696409477,-0.08099766848683901,0.9007969725257918,-0.9238646211637502,1.0985512888990425,0.7081681024982394,0.20648224345157642,-0.4781600746101084
BRA,2020,-2.5509228321540136,-0.21382862525320678,-0.1977529149431052,1.9917242273247795,-0.7625913169929265,1.5845185594278208,0.28313620918419286,0.3757913937532465,-1.1589484315322272
BRA,2021,-1.767852135736792,-0.32676856371606416,0.3527736609797939,0.4262597307960844,-0.7258422564693555,1.288793014827666,0.8108211682132758,-0.31407728198930185,0.22223679187702747
BRA,2022,-1.7352112945210296,-0.37351103067343916,0.008844425966025254,0.3064811873385638,-0.5373679307239134,0.49386944063618626,0.5800578049602951,0.07153446428824524,-0.13450702561946629
BRA,2023,-1.8396169060326006,-0.34743563103537034,0.10273950420094369,0.548884461578765,-0.8219160474151017,0.38294515700682297,0.5606791394064732,0.16174120867274683,-0.06979765409398729
BRA,2024,-1.8999992800112686,-0.3351920790582648,0.03766698781576183,0.23936846835372197,-0.5494233715910503,0.06279373602170081,0.5720549232072808,0.4288040064877637,0.04097465645846446
CAN,1990,-1.7517631858937166,-0.5053513588997987,-0.5547586078217194,0.0815488564476672,0.23786774623834778,-0.7067726546714422,-0.035172940524959256,0.2376030593062113,-0.13850354715437352
CAN,1991,-2.3284166430332176,-0.6610692522110563,-1.0208537715822785,0.4040187141869244,0.38100544541725034,-0.33313371765620414,-0.2971987165359219,-0.0031184716733995694,-0.43472684678488493
CAN,1992,-2.2836652550960217,-0.668821808534645,-1.0661616550447093,-0.01829836765264396,0.20741914726202143,-0.11588268133626926,-0.1126225011835374,-0.1460203056371895,0.19453905442861635
CAN,1993,-2.100621787081051,-0.6662964709000438,-0.9744323291145198,-0.25292173085604486,0.09938149006632158,-0.08082517716371657,-0.059280755952168966,-0.29112673378603754,0.5284278775693216
CAN,1994,-1.5936203424381807,-0.6060402869588437,-0.8466188303303783,-0.4300870362350134,-0.06387817036013853,-0.17502087485254053,0.14220507072146576,-0.2853208815641457,0.8498120003360827
CAN,1995,-1.3590596882408006,-0.5944371789981896,-1.015816731540216,-0.06536910089063432,-0.09545556005853197,-0.3362041298605981,0.07060550614138326,-0.1608779712498857,0.5151253768974188
CAN,1996,-1.328962746044335,-0.6018500764853435,-1.1066370085006296,0.2778864136524989,-0.07303147302564869,-0.3473077675880446,-0.04123063637033919,-0.20043326180202545,0.4389135562428569
CAN,1997,-0.739874661312625,-0.39407502391500787,-0.5825767336681733,-0.5663833138903366,0.262405886611221,-0.02032300225144669,-0.20285404879947092,-0.37095714369202776,0.4995948395002305
CAN,1998,-0.649231078787759,-0.3569307493636369,-0.6879072251223236,-0.6095568617236037,0.2257475242831496,-0.03567277909678677,-0.17501415127695616,-0.12923527216186234,0.34088494207316494
CAN,1999,-0.3305681444117932,-0.3226267496462388,-0.5791362184745776,-0.6664381922770829,0.0058072423604474096,-0.07094405857446175,-0.10165620804499671,-0.23863454206379092,0.5179130923260854
CAN,2000,0.14380069942041093,-0.2814153446799676,-0.8021488640675106,-0.6489878298857156,-0.2023348647968019,0.04955231792785742,0.3040763873714482,0.10708439304219577,0.4191292544276647
CAN,2001,-0.3546812994965243,0.05784086754775842,-1.0134029657617394,0.4002707277882347,0.6909049538281562,-0.24918489579091577,0.020318806844557533,-0.08730801284163926,0.37059721963068076
CAN,2002,-0.4163434581204667,-0.39637114429187886,-0.8129952949391301,0.2334863081175063,0.576150141609033,-0.15611784777551813,-0.009399785843158585,-0.11560025063237912,0.5646468596704204
CAN,2003,-0.6409442301279569,-0.4802434948885049,-0.6702088597472396,0.43588989296752545,0.6216962051420915,-0.4216997402648768,-0.14310910335727367,-0.2598791268842044,0.36838973431422484
CAN,2004,-0.381680768484934,-0.4085746786021335,-0.49932601290089484,0.4100122145735253,0.5651128328551575,-0.5080537218682792,-0.06961790051236949,-0.3100265731108924,0.7170437232542509
CAN,2005,-0.25477587273110763,-0.40486657080567523,-0.5039022386810903,0.3308329098341207,0.7285671535562339,-0.5618823132951214,0.21113330005605715,-0.11777831829620904,0.7206090915607327
CAN,2006,-0.20418599680570862,-0.4245456823641552,-0.6018836745730485,0.35820784623541996,1.0242007754478062,-0.5520879530673388,0.5165167250076772,0.15190299113060288,0.6053632610253968
CAN,2007,-0.23141846524745793,-0.5662103578541451,-0.7031177373298807,0.18972982280097483,0.9118895900101627,-0.49312055445757363,0.7114517562640669,0.4953587987950282,0.32162341047054804
CAN,2008,-0.48579030110838406,-0.4263359002233492,-0.6867224649480377,0.4793384283524523,0.9821128817290414,-0.7387240401168336,0.43340288895608386,0.34931072319812695,0.31834937313216527
CAN,2009,-1.732156197066271,-0.5226321066010844,-0.9288204181372591,0.5280491172317382,0.572259922838456,-0.5754946836835906,-0.3276101235152305,0.3104003680524202,-0.5952323947372671
CAN,2010,-1.2830720987829256,-0.5787923248858662,-0.39314700738598063,-0.35681885612582576,0.3377890944584786,-0.5909228347887159,0.2641454189175463,-0.09784140486684267,0.3466967529893558
CAN,2011,-1.050819548039557,-0.5022391946415883,-0.35027074944984116,-0.29727545989175036,0.31149044467077514,-0.6399779192546315,0.26673548925107954,-0.0005220088963909193,0.39201198229741535
CAN,2012,-1.091691005907296,-0.46924241996017685,-0.39240893806408694,-0.23221577177486044,0.4795506775923153,-0.6623643603774777,0.17295709868165485,0.17967962342355395,0.09344444625087947
CAN,2013,-0.9912566832676017,-0.456158032173765,-0.37866042655638266,-0.2724099051507805,0.4028495403601037,-0.6589040703144008,0.31966841353194236,0.2603817114925836,0.20952389859803522
CAN,2014,-0.865056458434378,-0.4180956275098875,-0.3756963495492675,-0.2514401437608305,0.30682554809927265,-0.6576717311567302,0.3388321447788139,0.2624550219772018,0.37153077554566943
CAN,2015,-1.1816562194022415,-0.4041170947195556,-0.6371939966010567,-0.11413430973271148,0.4493060728228786,-0.6185985283663928,0.07556785220761314,0.4848884351808673,-0.09346474516680983
CAN,2016,-1.2644916488445586,-0.48613795585771097,-0.6106354689706519,-0.027144762053228563,0.3282117716094807,-0.7033654294955521,0.051497011312099404,0.24954064302206871,0.0024621262640292007
CAN,2017,-1.0621121223894363,-0.4868461573979366,-0.3498173892979963,-0.2362188774686121,0.22027360078279604,-0.8355365177034801,0.2131863677280217,0.11562230146522597,0.35816201019863
CAN,2018,-0.9979698186800865,-0.4684263148690846,-0.4427271102959808,-0.23402214355567244,0.20941986473520924,-0.8860592855755869,0.22402895130322234,0.248019651253674,0.2847651614394738
CAN,2019,-1.0152300863289796,-0.46510293362420524,-0.5439883699346517,-0.05213503723588436,0.19121561824725775,-0.9281697177455198,0.21664807815803966,0.35802305890326064,0.19121969835863212
CAN,2020,-1.7492777124687287,-0.5850923552545683,-1.1376495291743078,0.950989114948516,0.6438728266126494,-0.47264306651983673,-0.34511131185477223,0.27318732418411706,-0.9348987718855862
CAN,2021,-0.6084924368431702,-0.4738376970048262,-0.15728234266102334,-0.33098346668542417,-0.06874348373623636,-0.5587932379348793,0.6687509949125265,-0.1110297273657001,0.9918688323637992
CAN,2022,-0.47618051577928733,-0.35615509750571467,-0.13722022154656177,-0.22860533616284437,0.03271024748052478,-0.9709330963201711,0.4472207754524783,0.20506784301241454,0.7723198661916266
CAN,2023,-0.7809401360761923,-0.38584376363194206,-0.409997653628659,0.07404047645924426,0.16379933090892043,-0.939797752912859,0.11639598411286439,0.2984489056022209,0.23456382500044456
CAN,2024,-0.8728442398602803,-0.4373148948222465,-0.5143550382012386,0.05739505527256366,0.14146465451648002,-0.7614433376867271,0.1974121334868791,0.23832291336834044,0.25441111753204504
CHE,1990,1.9113460860077425,0.2513306826396379,1.2827992424338794,0.8576559481454522,1.8341368595606615,-0.2667368212650547,0.062494116760104565,0.14974961187248179,-0.4494462376413186
CHE,1991,1.628169909759473,0.2693608599050494,1.061105632459394,1.3018370175795262,1.613965130906316,-0.6660533881371208,-0.18569168696476776,0.45455480055765873,-0.7021927988794061
CHE,1992,1.3100295582575048,0.14663575821537214,0.682374248667176,1.552240748595949,1.2699267656247644,-0.6092070748146413,-0.22989855306453721,0.32318573303152254,-0.5681854532257787
CHE,1993,1.1991677797476723,0.18811839951260853,0.49809672383450354,1.9532040190129456,1.080701229222152,-0.3073948322014669,-0.2613493106644485,0.3290590118423485,-0.6273708380127468
CHE,1994,1.5579621514942372,0.11766575257908002,1.0246254481413961,1.0038088050028156,0.9135042902130788,-0.23707820285855138,0.3030671008718912,-0.04713991412872047,0.35736285818344626
CHE,1995,1.598187783116011,0.07090765680365643,0.9636728146377345,0.9838450982980391,0.9560573854378661,-0.41822587654713794,0.3343652763161439,-0.07146003370592713,0.4208648502211765
CHE,1996,1.3354065944095472,0.152945949069302,0.5672721639492756,1.4149971367144192,1.1151698869783833,-0.325558833563302,-0.04205807478974408,0.21963299048134838,-0.12056580558560286
CHE,1997,1.6856605249865464,0.20294250129517744,0.26839095458911644,1.4181748687752438,0.8254877965669377,-0.12396198797784033,0.03536549322796239,0.22826608642637383,0.3589221386524365
CHE,1998,1.8554596120365294,0.10912697775501427,0.39229295786912827,1.2187873507175653,0.8481171467610666,-0.27624582898241107,0.2744307075794838,0.15401440343808828,0.3350148336689541
CHE,1999,1.8881685213811037,0.13658806032434376,0.12588255067869755,1.4398334054463566,0.9223636527957045,-0.35990975755216525,0.2821632382991227,0.3434832824569483,0.2381941117694474
CHE,2000,2.452262130298149,0.09431796924416568,-0.07153417583428663,1.0857486875859967,0.6181371606372863,-0.34918228214073244,0.51376225536193,0.5126574142121657,0.6842919591881613
CHE,2001,1.8493057297780997,0.08040595138790424,0.11942113009270802,1.0276278524928106,0.9534848914122046,-0.6831360867879669,-0.02902555770631149,0.24009058892998913,0.14082461089031093
CHE,2002,1.588698111327097,0.028974024444546106,0.06617232768885135,1.3112891825076625,0.9189579029570858,-0.597394737636008,-0.1138791647623161,0.16634226173279146,-0.11963503088159887
CHE,2003,1.9273133339503346,0.004349176387541071,-0.21396220574580838,1.7274955519836732,0.7999785402504417,-0.3133554733391361,0.1405283708077379,0.15018359988341928,-0.10139867750218179
CHE,2004,1.9838481894149553,0.008330808705215643,-0.12517097973937955,1.6236477559920717,0.49894350001217486,-0.38354521564745264,-0.021731460214601348,-0.2191476079342539,0.6881900380492328
CHE,2005,2.2119006503498158,0.08977055565926732,-0.036685188599306466,1.3621386830190743,0.8347742530164692,-0.501294308909479,-0.21150099042513057,-0.30485138026895664,0.8367153428962587
CHE,2006,2.893750471959386,0.08984427453631583,-0.41536976360387295,0.8929650686763168,0.7958775195581754,-0.01837597286858888,0.7808940347894574,0.3604019284868913,0.7162569285627305
CHE,2007,2.436327315551597,-0.018737496890339708,-0.490672626162263,0.5883378910212301,1.0175763385308332,-0.23016447862442904,0.5335069904266546,0.2528329490780989,0.5662448282652373
CHE,2008,1.414563739684506,-0.10895051589918121,-0.19360511468951805,0.29850411757467593,1.4173861434667465,-0.8077954636928284,-0.4097507527064892,-0.19556759979050117,0.1860472508904702
CHE,2009,1.9018396560270423,0.005967519032742851,-0.5660893349061369,1.37076421636454,1.4760201871112768,-0.24119170999295977,0.15557659699689935,0.5704737184024378,-0.6128696161013537
CHE,2010,2.761373775121717,0.13040690319358894,-0.056402531264939514,1.9845928625471838,0.34848132534834886,0.027055957002151305,0.25413972537236657,-0.23791624342236725,0.6728449472483626
CHE,2011,2.32445338350489,0.038662418246989134,-0.00746757477399626,1.4753537833809174,1.0329101105414704,-0.16879411268960295,0.11072855453610264,-0.1465992403352038,-0.09154422266677663
CHE,2012,2.56193511472519,0.2405877809066513,0.06394592428088508,2.169733360305995,0.5695723361795849,0.4506819547225425,0.48459989257020597,0.2830871785407226,-0.2295117783771396
CHE,2013,2.4028721081116693,0.1736805974264364,0.248845728344912,2.490978560532745,0.4463552518947567,0.03775399534650904,-0.2446153967304408,-0.4540408167436641,0.2687880938313032
CHE,2014,2.151422821604428,0.12073918761296375,0.25868438336687993,1.9053650116680025,0.631372874647198,0.32567938334242164,0.40074173482525777,-0.00538139157189372,0.08006681690115085
CHE,2015,2.594266113031172,0.12954746292722388,-0.26947063088202206,1.902388811307405,0.459562014787521,1.1403943464558175,1.596060791213104,1.0504207966663297,-0.5791152885318649
CHE,2016,2.789611373598216,0.09558083540668111,-0.5248931742553868,1.4000853851523065,0.6085511934917085,1.5386050766673798,2.2276569939150184,1.462128303218587,-0.9088934370823628
CHE,2017,2.516607257461978,0.156169963326728,-0.13798474131676547,1.3671056062841291,0.287348076807155,1.4716901212557556,1.8641144998104504,1.2781126606373592,-1.257405232153545
CHE,2018,1.6457473334515804,0.3446863304384364,1.7948389782742882,2.7991482060258894,0.1800748667129927,-0.4836959939558757,-1.4773101028848243,-1.554385951259601,0.6342998455323906
CHE,2019,2.05762494095317,0.273269922073366,0.7505371802679083,1.957809239606132,0.4124686353540549,0.6694426172699202,0.3554238524477281,0.22005157268000558,-0.825313648682906
CHE,2020,1.0989530678919923,0.498518130041761,2.8217186866042625,3.8442874210612836,0.6610510923565823,-0.5249450075072718,-2.3533124267970695,-1.77989049734244,-0.797898159666864
CHE,2021,2.4860308966986113,0.4940702690705556,2.1208041953322936,2.554488090244157,-0.21981114367900859,0.4137406472405491,-0.593792995863936,-1.3078950427358287,0.5955483041729394
CHE,2022,2.69545040073441,0.3630627473525874,0.7263392557982153,2.1579478041004347,0.009262820129778103,0.4271299903694127,-0.016358982953743422,-0.3011824023670001,0.07039477548623081
CHE,2023,1.981585358294325,0.27623289285397906,1.0941577826867517,2.4533687761317675,0.574829634941774,-0.38860622794727884,-1.0689798141305047,-0.8985415689064671,-0.12387542022608185
CHE,2024,2.1038273336645545,0.27847464516219345,0.8654385447171988,2.676498027637023,0.24169279195261079,-0.2286069128210634,-0.9285349705579379,-0.862923978386675,0.12556975905353424
CHL,1990,-0.15004845959966653,0.06878776327850021,0.6239459962672652,0.18208789792415225,0.581643926072135,0.41489182439690586,0.16777101929491542,-0.1898656760307941,-0.034372748544357956
CHL,1991,0.07233839684814504,0.1909775523461925,0.9355836607054044,-0.1891317713689844,0.0596836262120587,0.21900113131573384,0.4256601068382412,-0.02166466983317841,0.7435809776977639
CHL,1992,0.2432935747456302,0.14738488464543256,1.469195935276005,-0.8192166074972832,-0.03141100545056539,0.128328683038604,0.8177941358723259,-0.17363695312368316,1.2141966104801885
CHL,1993,-0.07594334233946613,0.18946429686025176,1.4276225842774604,-0.5654851469659312,0.6245200741126986,0.08099099692554097,0.41279568525422805,0.16771229456134273,0.18247958910169462
CHL,1994,-0.11936651422256178,0.06998396614838151,1.0780853433917548,-0.045927826103743956,0.37828670328777947,0.5095455772782104,0.5717992651317121,0.21062640800966456,-0.14738428017553218
CHL,1995,0.4418353834012385,0.11091951864127915,1.4627743743002082,-0.6590170846648773,0.2811758209883485,0.21267866914517897,0.850562565655185,-0.06504607947365551,0.6531779923515355
CHL,1996,0.06575108393995203,-0.01365504253749761,1.1252149956930972,-0.5513910399087804,0.6220998959768747,0.41917313174087234,1.0754938857082812,0.12459951453503072,0.4171332600065878
CHL,1997,0.057259480513313206,-0.015073462073459176,1.17741898956271,-0.5733052076764492,0.5794943724566701,0.380322171416322,1.1559920150354335,0.13822616334857704,0.42505575821783553
CHL,1998,-0.3543544551037846,-0.07940711315618555,0.7930024083076848,-0.2077166567171908,0.7488605732517233,0.2940340775141181,0.7962179022084177,0.3526774260532674,-0.048998097313458416
CHL,1999,-0.7095890705736724,-0.24687836355611856,-0.5005738333383799,0.7527118545202888,0.4345851802977252,1.193916111334988,0.8669733086636722,0.5283264972643944,-0.6725552624506921
CHL,2000,-0.4890457600154206,-0.23635632446690263,0.12963756013744585,0.01712802148312055,0.33041090985726485,0.8534167931966172,0.7571503277751314,-0.07959334603116039,0.3805598199188759
CHL,2001,-0.5956918504697712,0.14218716525470518,0.03525540454740983,-0.06783310312574373,0.01983225461021948,0.8283122344711401,0.3608561781180793,-0.01232583361653619,-0.13963413278582176
CHL,2002,-0.528292504913666,-0.149984919831596,0.23528522825240475,0.1525870162151605,-0.06746225370415486,0.7401561430570366,0.22082261364102757,-0.1417826456309604,-0.0956572216442402
CHL,2003,-0.35218563005158476,-0.2487704430704915,0.1286667029151037,-0.00413923804577985,-0.22065299265077062,0.6239689511544932,0.4479563316480623,-0.20573405528296318,0.23821543355421146
CHL,2004,-0.17924983922036614,-0.36664695508164574,-0.21451564528250616,-0.03818984392073277,-0.5500459010011971,0.5230589831033505,0.6758599692697961,-0.4787704379100669,0.8491028781964144
CHL,2005,-0.16832524341629806,-0.35266120212272206,-0.21300952760982547,-0.11542414494647057,-0.2912660996320962,0.20014949803628326,0.6478013839942982,-0.30596783130167704,0.7362314099695619
CHL,2006,0.048199308119412754,-0.30004060409530653,-0.31437439426954844,0.3327057680573262,-0.588620532114424,0.009086122187550283,0.5760067336995789,-0.4124648017159034,1.1185412153717689
CHL,2007,0.06782679719213217,-0.3407812360801456,-0.6498456418333194,0.26819956518095694,-0.3899058955760087,-0.10388151795580498,0.7650686973221902,-0.07327494611110115,0.9793650865766764
CHL,2008,-0.20805890227870877,-0.4513179338280583,-0.4353421707560914,-0.588566746398909,0.8336355519234655,0.10399702668828972,1.132344032266831,0.34896085538626054,0.16743890705889683
CHL,2009,-0.7883878496072732,-0.49120546927107417,-0.9597032999386529,1.0177373887231609,0.45603645636119994,0.459751303061196,0.5563410959608498,0.2873783730611143,-0.23265675885141154
CHL,2010,-0.14796992790087854,-0.45575934406727125,-0.25064234729134927,-0.0355951088496225,0.10628903420294848,-0.04471875530030847,1.1380842845619408,0.0019475669286893873,0.8810735683810617
CHL,2011,-0.375123322038799,-0.4067592795156333,-0.1467760414169439,-0.7921233815845435,0.5009316320614722,-0.029358616397815798,1.4693076791191833,0.42242852379022044,0.4731753387697738
CHL,2012,-0.17167244673764567,-0.3663651203509438,0.06974578466491008,-0.8804880114411235,0.6906964666277156,-0.06612245616347893,1.597620986758897,0.6611783117405167,0.4076459022564098
CHL,2013,-0.5171600476098644,-0.35492863402372,0.0021663038851396192,-0.2805938884820201,0.749609645954016,-0.34973711537152435,1.0155954732546266,0.5890187299557688,0.0694342735105144
CHL,2014,-0.6625386304863978,-0.33182950219175494,-0.4387946002562359,0.04139659157917289,0.6658084453965994,-0.12466895338329505,1.0061001154059532,0.8811291382089095,-0.10194001094357934
CHL,2015,-0.6191444231101881,-0.26639604702077596,-0.0897473874700989,0.2363982439675275,0.6236054199942693,-0.15427779310916162,0.890065703733091,0.7236447440298837,0.020404021870012255
CHL,2016,-0.9706145786979844,-0.39962070177962333,-0.12487649029002294,0.509985029575505,0.5024565670200891,-0.27776463185970546,0.7641523732482695,0.48556966070120183,0.04639380430100629
CHL,2017,-1.2426710018956426,-0.527091315427861,-0.24387313222544524,0.6259674895847908,0.5467915967186068,-0.48031651516512136,0.5497260725499109,0.25257332249262265,0.13469983876961775
CHL,2018,-1.0910820416736469,-0.49519070888838485,-0.03459911292511624,0.023482350171698856,0.7049986784970055,-0.36545913155620413,0.7609205835421039,0.15160125343470893,0.5390455414984393
CHL,2019,-1.2209671918037723,-0.4299183829323941,-0.30416670101069737,0.39510770174068344,1.066163258584316,-0.33135436658618805,0.7259103537715725,0.5961210220859262,-0.07548060597110239
CHL,2020,-1.7999081064496114,-0.5167795229767341,-1.252774850071423,1.7382632380226186,1.089970729833551,0.16795515315831783,0.1462813398295691,0.5719841105429664,-1.012267815968216
CHL,2021,-1.055570938553522,-0.5433306367864557,0.2102422449539024,-1.2817098782733725,0.2802184647412143,0.03892947359770278,1.5312229857562498,-0.2353878878774018,1.668529772304299
CHL,2022,-1.2668072432111512,-0.47414188377015953,-0.5670908982669921,-0.5235237135080153,1.1837244786700845,-0.2561908959754684,0.6307885349280347,0.5256490974403705,-0.03828709712992302
CHL,2023,-1.177199464900268,-0.5462199602648626,-0.5779290077322592,0.4319104761523902,0.6934079739708744,-0.0801581900307074,0.7204437522548005,0.31369063506937916,-0.11054251049326316
CHL,2024,-0.8939650100720836,-0.4321614305253458,-0.422055095444869,0.38389382333068667,0.35785257987062613,-0.11262203306269336,0.6159614903656501,0.23628253181955375,0.502086275286469
CHN,1990,1.4608036189507145,0.7290617129185525,2.7208573961114655,0.14345667431461154,0.7936500104963765,0.6944657787155786,-0.36615839285502805,-0.23670568685516274,-0.6214295000708855
CHN,1991,2.0969106553065453,0.9234033921532472,3.455984484913447,-0.4076439732733237,0.4250380787674149,0.6434437812186901,0.10774870407878019,-0.17405108747580858,0.27111286793844525
CHN,1992,2.4993453205581,0.8279155983150753,3.4805645762847575,-1.9353740642576833,0.854118934069879,0.20669426086270162,0.3457345609819364,-0.5116332716089625,1.297691473057643
CHN,1993,2.6923229489092133,0.9041497606484764,3.5279921446073295,-2.465051844763637,1.5695269168250412,0.2951011460431696,0.6386973634487852,-0.3032892686749351,0.9667499489678428
CHN,1994,2.662598829330833,1.199745861710382,3.3880752127073497,-1.7636151240481976,0.8662352941699375,0.7477379403515063,0.34956149274048615,0.10580741170050526,1.0528229030864236
CHN,1995,2.3259127265279504,0.8147274821645072,3.282187279686314,-1.5219219561484065,0.9104140021530777,0.5081012922150574,0.40601084386780273,-0.29431617715558483,0.36804864343820376
CHN,1996,2.221398453804458,0.7900528408458654,3.214229347191326,-1.1362714734064046,0.8514571906403757,0.6405889229574481,0.36126767913641566,-0.20558585880384714,0.2042303713748134
CHN,1997,2.5080187893772603,0.9169990797383687,3.635321705750654,0.03489785598698374,0.19821161388442277,1.31905255367659,0.7128465235401957,-0.07679082838665677,-0.1618311348300032
CHN,1998,2.261813292434644,0.846447325645133,3.5026816436785526,0.21768271808348383,0.4171760819354063,1.2851173891909318,0.6082122506168092,0.010427584351951106,-0.3668731718220679
CHN,1999,2.0199988648989375,0.7673325384537877,3.278836366053749,0.03984290123151978,0.6395394245888731,1.1082746565387769,0.45209314567838227,-0.030001730111540975,-0.28925436856535414
CHN,2000,1.9839331085921827,0.6856527678535049,2.9718475235597954,-0.333581714074551,0.7502751913976533,0.8827654610607443,0.31713962576151494,-0.1477275236164211,0.024802828664444998
CHN,2001,2.129545027380588,0.7635157486999861,3.2689962025987573,-0.20753580668487254,0.7784940320431608,1.0942355514716584,0.41148552015298734,-0.16272602107688325,-0.15959380996333353
CHN,2002,2.474474295870461,0.8265385365698853,3.530020957368939,0.07496965606495709,0.6304786244833227,1.4099260687515902,0.6463707631567469,-0.22906805974991803,-0.0610892123315403
CHN,2003,2.935920824181387,0.8345006267635909,3.4095225401814107,-0.35310290340498907,1.1470061188464329,1.130357970913762,0.5529638250880643,-0.43107861970348355,0.347263404952672
CHN,2004,3.501309557703965,0.981485508743138,3.7258760585495585,-0.29292486483698604,1.0591565154142992,1.327905836247363,0.4670307618846938,-0.5052205215475648,0.13917218473647128
CHN,2005,3.707556285175379,1.0073981526758642,3.71112602750421,-0.217680730150994,0.5783623649755544,1.5320466997498643,0.6582681391434292,-0.5356897646095166,0.33192351785429347
CHN,2006,4.086741060625819,1.0913565112054142,3.854006713567084,-0.02195068766893635,0.2082816265931537,1.6702413876323865,0.7878192249565681,-0.6492622786524254,0.5673112431977477
CHN,2007,4.408260508446279,1.177075389531791,4.29491633932298,0.1779396530505758,-0.17382736616200137,1.9037914532938816,1.0612333181572406,-0.7116623852169559,0.7146645119798299
CHN,2008,4.228055364017792,1.2011255078911405,4.32405784775502,0.7837648026478131,0.11191387621371969,1.8730012079843477,0.7895556929458195,-0.5524875718896807,-0.2158947676443136
CHN,2009,4.009595416427564,1.3707564232342522,5.298054142407244,1.1881695718668217,0.480497503999821,2.3260198534421557,1.1813456367580872,-0.3352586289292111,-0.6252432918164637
CHN,2010,4.182515714021094,1.2918645586950603,5.059414846869972,0.56865980498375,0.7899882239759657,2.0741811283466385,1.189114876151856,-0.34886623904297254,-0.28972990297826995
CHN,2011,3.846566145159644,1.192426354595946,4.784845238982664,0.20432696445718965,1.1335054361679038,1.8166356529894347,0.9007966927969272,-0.3732886211081986,-0.49255490110636696
CHN,2012,3.684282728367662,1.158739201332413,4.65079387732651,0.5796511949371733,1.2405199036547243,1.738716827327295,0.7623303518102382,-0.30206154449121075,-0.6361168558139605
CHN,2013,3.5286700468968744,1.1221592388463142,4.66068204525231,0.5998191908487529,1.3290746792163655,1.7312400236149863,0.8839497945373455,-0.2239625224223108,-0.6548308611126691
CHN,2014,3.4785502988867107,1.0896987975890933,4.557851116787727,0.7504691313410164,1.3942232637415406,1.6593823278457907,0.8391435038220529,-0.22902255813056527,-0.5586139026363156
CHN,2015,3.059087997835434,0.9806046913764135,4.2044228202295635,0.9697837793394894,1.4662244185745934,1.4947988357156128,0.8695492542650631,-0.15407180597740242,-0.35080287904508917
CHN,2016,2.782124171623332,0.9314874738533179,4.058102319855828,0.8964514268204797,1.606947867050402,1.3164463246790965,0.7889997398672117,-0.09409653045781206,-0.23400846957711618
CHN,2017,2.814366151641148,0.8753066171000485,4.006111035617838,0.738560737990856,1.701766027388056,1.170385396103994,0.7329060903102779,-0.17230909013187468,-0.17915932260573236
CHN,2018,2.704431198358414,0.7867596753529779,3.8478763224653556,0.41988783630963006,2.018795750265006,0.9259024687064009,0.6918865284607671,-0.17268584416766578,-0.14535256657006143
CHN,2019,2.5588811758920142,0.7929755931638091,3.7418719864443024,0.7264943329482693,2.0485919114878555,0.9440399575246377,0.7104457313841785,-0.08500124817873074,-0.11800476196185543
CHN,2020,2.429731967022954,0.7353199919460907,3.4583232045853034,1.5174288878890387,2.414137940253059,0.984579919617569,0.6658413379344901,0.08061623646536745,-0.6914447380059017
CHN,2021,2.8560920740299034,0.69578720120873,3.6970582843448754,0.37082999527568733,2.174861007515538,0.8260840550142482,0.9395439385961739,-0.3272885565412798,0.49549008253053606
CHN,2022,2.541279104887066,0.7178506819016943,3.197732461794787,1.2180601967353117,2.5956705479010806,0.7273727852639053,0.4466444755465628,-0.051231783553201515,-0.25310234132602133
CHN,2023,2.387377479736356,0.6557872318809223,3.287579061971982,1.017399267838242,2.4901175537706606,0.6677655858991804,0.6629452602724866,-0.11080699245259618,0.23088602511048317
CHN,2024,2.414946484073016,0.6030356430849563,3.1285184646561035,1.1912042172428106,2.5118508571293456,0.5952469108999918,0.6460850804491624,-0.12760374555873535,0.2490141995742617
COL,1990,-1.229049273220913,0.00043320401497915867,0.4605170499690393,-0.18108467437676423,-1.0025818584455808,0.8108124231526833,-0.21094537843688596,-0.48747651357955935,0.025677799641061254
COL,1991,-1.0478685287693161,0.2642124136430892,0.465153352658917,0.781236798286008,-1.4251946622163334,0.9979677308857108,-0.308970251690442,-0.17934169302877628,-0.31978161610160954
COL,1992,-1.2563472761683923,0.11670001157963453,0.6548437637282991,0.13044753689473373,-1.2768861632568786,0.7576733616340608,0.032659236397697744,-0.2566785707736619,-0.18319058015296388
COL,1993,-1.2424663160675082,0.1263243148943874,0.9540267328121402,-0.7317847670295285,-0.7070598932205479,0.28310744370446367,0.10537999772669487,-0.03246153802293115,-0.05660873382846393
COL,1994,-1.266203737530356,0.04345828740164452,0.9366007575786125,-0.9292241008367867,-0.5431870431733811,0.19071318925782643,0.2653110663029741,-0.1610330785273514,0.02655102301221025
COL,1995,-1.4016838287526576,-0.02287533843214408,0.872722102582493,-0.8849465678089588,-0.3926440488706247,0.19196280686920858,0.11524579140407201,-0.1479367952016313,0.0159329405091811
COL,1996,-2.0455103295403365,-0.19361239488292067,0.10369806644912795,-0.41539834849238116,-0.3933668370456632,0.7750530302892181,0.02835974906158583,-0.09023053101643484,-0.49003854178741163
COL,1997,-2.1834340075782386,-0.2950993155440271,-0.09395792911605143,-0.7473609150303545,-0.4606128480776526,0.8320197285480333,0.3127746388362948,-0.0715137808718729,-0.24846128749572957
COL,1998,-2.614920281488225,-0.3194660162669836,-0.4558651758971634,-0.24778639103315997,-0.3254429326138342,1.192572513543788,-0.2528995098935486,-0.23156113676396975,-0.5012630203350337
COL,1999,-3.1589671502257906,-0.49745476041961995,-1.5042404197606714,1.2146957350126824,-0.8066173452840316,1.9811556682946292,-0.7200096355662624,-0.620853790881499,-0.8879815524467848
COL,2000,-2.76142392805395,-0.5053766885651052,-0.8420093215819637,0.1353556790845798,-1.2638854597877174,2.197023498266479,-0.12037224708942164,-1.0035629431958328,0.27193682136203584
COL,2001,-2.5692847420814577,-0.39565807153546245,-0.5610450423024692,0.049224848132100756,-1.1142554037436987,1.2887340626128978,-0.13620583885248708,-0.4615173011766355,-0.280545974847868
COL,2002,-2.392993138419683,-0.4067336827008571,-0.2708102197936559,-0.02385708847058486,-1.1355980962107048,1.2339811807350924,-0.05778446953854283,-0.457540361997016,-0.19071513889405906
COL,2003,-2.0442210879100333,-0.2856969570465014,-0.060347853788090815,-0.2479128230820724,-1.1508276558681527,1.0318693235692056,-0.045812918592000255,-0.41680850233404376,0.08431185007820012
COL,2004,-1.816585348223133,-0.3775913126224939,0.09755631157468625,-0.4097551508293076,-1.1874323712695696,1.100791631483769,0.29683703524537874,-0.7092509311870996,0.19972097081829443
COL,2005,-1.3342039986366194,-0.30646415408757127,0.16366822946910664,-0.7822417089946282,-0.913545521968572,0.8628748606943766,0.4902193146753918,-0.23485977118671,-0.2086743189807458
COL,2006,-1.2279628770131774,-0.2114562681400647,0.4225612288231671,-1.0163458583278278,-0.7990630262212142,0.7534657721271882,0.3111695979958511,-0.4083857495078874,0.3343481133136865
COL,2007,-1.2855528461664216,-0.28817502222807023,0.5442955213309929,-1.085903826824453,-0.6674776102820816,0.756581604649621,0.44103343551326474,-0.5083321094003801,0.1992955056003062
COL,2008,-1.3987081643437191,-0.2668280827521973,0.2368835296948013,-0.5963788584441932,-0.45854467629808776,0.6570226288429949,0.18330743628199203,-0.28219606119980345,-0.3203141824379765
COL,2009,-1.7456838484081523,-0.2540623162807313,0.05386675425951239,-0.05599300983073067,-0.5679432112380695,0.8380536378517319,-0.0642794641218181,-0.11846446705026874,-0.5512315879106721
COL,2010,-1.6759353404206627,-0.39328701603529803,0.34974260738010193,-0.5278565122373049,-0.6932724091728693,0.5178902943992681,0.273725636669442,-0.4361928186907715,0.005644473814680704
COL,2011,-1.3270756732057318,-0.3112160943213035,0.3798836799324196,-0.9717862579301072,-0.7307752485003688,0.43382789162503066,0.5998897147796074,-0.27694688946749424,0.4877711915126928
COL,2012,-1.5835942011618764,-0.3458528447440489,0.144330254121855,-0.529350589254086,-0.5759165977472779,0.3339894348838122,0.36644231884532186,-0.09015706868936585,-0.055329151692151794
COL,2013,-1.504448616324488,-0.2959340644016855,0.32367090093572676,-0.6030942546464803,-0.6926668493997747,0.32315371003985527,0.5183751811883216,0.02543270920609838,0.15414619368466012
COL,2014,-1.540461475327978,-0.27914854587915927,0.47812012658399977,-0.6872934112656949,-0.42161147108447644,0.2252516939032079,0.5139663794619277,0.17081294224390325,-0.04794499842254824
COL,2015,-1.7023433578181113,-0.0726343928740824,0.46622233397034396,-0.4399973086305711,-0.28784995543537184,0.37490838735068144,0.2616251726392444,0.5471900426055603,-0.27722511626480273
COL,2016,-1.6445726871217687,-0.22445504963890542,0.39405676179042465,-0.08232669854176469,-0.44405611277168466,0.4507215017771313,0.49296614247814813,0.39612006155400414,-0.5592931106242018
COL,2017,-1.7816675837757368,-0.3833592048394422,0.1555703787946799,0.20064751704365275,-0.5233110134625626,0.3101506108103944,0.5279515422252621,0.2681336657600315,-0.5761521808128472
COL,2018,-1.8986767200452892,-0.4935621126828691,0.16992761421980648,-0.09852340121497674,-0.5762901294457791,0.262207647099157,0.4333464489745175,0.17264297768255102,-0.2935343487548174
COL,2019,-1.9176947695418918,-0.3507193709605556,0.157704582461138,-0.1830237311845529,-0.607614364335105,0.5286056396194315,0.5591078988967281,0.2029622006075632,-0.18441250416764876
COL,2020,-2.8985272901872334,-0.40650713191552756,-0.6448128076088221,1.787746173008606,-0.23507402295406044,1.4887418591292858,-0.1474064778248227,0.14243908568167327,-1.9612928581019735
COL,2021,-2.025249412169559,-0.4746407642512738,0.39169995222562315,-1.1105571520615494,-1.0767850425396355,1.1910666173795352,1.0598111401624775,-0.6999984593571976,1.2404394919779298
COL,2022,-1.9768733538005825,-0.4001720012561188,-0.05484542964970148,-1.1067183121457003,-0.7801478041583824,0.5316378681827952,0.7162754675507054,-0.01637784101471722,0.5666029326591223
COL,2023,-2.278563005531393,-0.485196082663034,-0.5396298611850735,0.2874508040687069,-0.9496035803650649,0.3299585353622317,0.34381586057587343,0.2828379959031029,-0.5174368957802947
COL,2024,-2.2513163628578616,-0.5052280858102137,-0.36227323775547143,0.37141177476520815,-1.0858130989762431,0.24265525492899065,0.4089803146139302,0.11817091187522315,-0.3439359929110418
CZE,1990,0.08291976149660804,0.0737662576777081,0.5955732870829223,-0.600261149777634,-0.06069651020882431,0.02710997878073691,-0.4343087319061242,0.09836369095469003,-0.7283209434289485
CZE,1991,-0.4911427307741965,0.05126250535832015,-0.5437366276225869,1.2496380396628397,0.608629748701909,-0.6500127466734312,-1.5979437721784755,1.037687928207227,-3.3549750072931124
CZE,1992,0.3169208042743929,0.14053512779826804,0.340209012747149,-0.28909029254964,0.1296855872257627,-0.4178934271467558,-0.7442053019497147,0.4178687835838583,-1.4165861026792128
CZE,1993,0.4958520355975874,0.12072120544098498,0.2381193440025701,0.042549563751099605,0.26832423574127795,-0.4422610264053474,-0.7882807392305221,0.021666836438702153,-0.8226197118723134
CZE,1994,0.6875083919805927,0.2010488945097329,0.8815456635766992,-0.5311243395874341,0.46455779350789556,-0.3246067480774781,-0.4398467216510369,-0.048579421794783854,-0.5322770944552359
CZE,1995,1.3795600238491184,0.318769011422935,1.463801159113341,-1.024686227206845,0.3710287103298694,-0.02866702869925043,0.1436023032600077,-0.10395897633308815,-0.33294650770931455
CZE,1996,1.0513958678932394,0.29997730748025836,1.5852213230380743,-1.2427497237540457,0.9221487978676288,-0.24369392922717764,-0.38531494044983355,0.0018124240496988422,-0.7497664219200983
CZE,1997,0.5351647496390683,0.27039539713024685,0.8060285328609968,-0.6918648669905683,1.1381727212575972,-0.1715310485357852,-1.0200254228022732,0.2433088876045287,-1.432869436010553
CZE,1998,0.7509652481519202,0.17399573625461542,0.48072085988373,-0.3894712452235418,0.6360727723873207,0.28194410549456667,-0.6057170419338378,0.10582368918735213,-1.4097035790038546
CZE,1999,0.6665662047360263,0.08922693460683845,0.20585052906111576,-0.8174534396436645,0.43462473630641585,0.8660751792857632,-0.21117403777717592,0.1250316790535193,-1.1661136071919298
CZE,2000,0.9459663566505997,0.2166378059701105,0.49913750332445506,-1.468343449227301,0.45065013888107464,0.8473299281072189,-0.308191350768495,-0.14129381747612318,-0.8154907968454551
CZE,2001,0.9335759195913463,0.14330658274896207,0.4732812880434599,-1.4771509486598138,0.43035063086126146,0.688040132838654,-0.36528800705497155,-0.13424738346441883,-1.1901405773622071
CZE,2002,0.6148300859278795,-0.030037152955215394,0.4581014927610412,-1.262702191019178,0.047512405560549816,0.6707246457675397,-0.11502686637017344,0.15991810486152536,-1.7248381519173759
CZE,2003,0.30889368457672234,-0.007499469348602709,0.7038056203893054,-1.2371337833125822,-0.05631771002502162,0.31568765461145953,-0.6455384380452815,-0.5044234916316105,-1.0573422338154563
CZE,2004,0.8736374123061561,0.02127845443251838,0.2688618987363153,-1.5885584259228458,-0.1026505994584768,0.5333540080712318,-0.5279674390079465,-0.5163686531840663,-0.7812674633496438
CZE,2005,1.3010225150120969,0.02254058492513288,-0.039063149335984274,-1.8582099595644097,-0.2485073074765107,0.670430435654733,-0.08531586128308537,-0.30439834201950855,-0.5035821233180631
CZE,2006,1.3228587364675943,0.08183826938592878,0.2084495239612774,-1.8029042010148963,-0.08728880048979575,0.3021228676912164,-0.5819899352578443,-0.6115252134049376,-0.31472602270105504
CZE,2007,1.5462165608444054,0.09990108478254754,0.23578898184687377,-1.997644018941391,0.29091419274779795,0.027194194988739775,-0.4122733672620236,-0.2462990354739631,-0.7429771226792335
CZE,2008,1.2881293724531024,0.04552323959439254,0.07719308088668755,-1.159081865625285,0.27153351903660783,-0.4149990619035087,-0.7564675931041174,-0.2567435655345949,-0.9602071202719359
CZE,2009,0.04770539596906496,-0.03316229052177163,-0.7275348351914876,0.08617254886539981,0.43153727510449924,-0.10756232822958786,-1.4315551988025674,0.2041035143763782,-1.9683398453048466
CZE,2010,0.5539753992079358,-0.11795660835807484,-0.5066064749671405,-1.1755887589130634,0.10896259738807447,0.1462264339929559,-0.7241710580356965,-0.23931932039521964,-0.8001935708525741
CZE,2011,0.7389490449970902,-0.11821554506537257,-0.5976778017302848,-0.9419793453875835,0.1699000268288525,-0.1072303978260475,-1.1508446940469315,-0.4863079639307933,-0.8916271210110162
CZE,2012,0.8504942067666952,-0.01606389356162267,-1.0593253585543039,-0.5712613307093759,0.20888879814574093,0.09913035926755785,-1.2505172567166756,-0.09693131114155651,-1.3044370623769252
CZE,2013,0.8913469476315211,-0.06858818056747426,-0.9928946850197357,-0.4194658758268709,-0.004871265103939349,0.10327950600163975,-1.1809928009722521,-0.28924556163140186,-1.1687768204701892
CZE,2014,1.4420089309671302,0.05290366150865556,-0.8479813892995779,-0.8214992220551381,-0.09357958356841535,0.1189822392708633,-1.201388915513668,-0.34698491382746094,-0.8247203645388541
CZE,2015,1.7047392124330079,0.24727391331257037,-0.20154907823209878,-0.9581288969895135,-0.26171461139236724,0.040321311433150875,-1.2198392740808157,-0.43868594319230025,-0.2957720676806949
CZE,2016,1.6612401037786622,0.13004515478538523,-0.479752103531422,-0.5357948958593073,-0.401247135796629,0.10396403527797467,-0.8248016389689888,-0.05552428765853861,-1.0078598012728888
CZE,2017,1.912762857352407,0.22412245964395733,0.0967266648933186,-0.5386577433948551,-0.8084210426422216,0.1927076743362744,-0.4111691954240165,-0.07346068191021321,-0.7560440145181231
CZE,2018,1.6532813460761457,0.15461995815883303,-0.017022040732745155,-0.3426073415720655,-0.527169320394772,-0.2104905440178438,-0.7071145955007627,-0.0015788017775509762,-1.0709271565243477
CZE,2019,1.646071863345386,0.25842816439226496,0.18702102190834632,-0.42036939392878353,-0.5918665645254306,-0.09967585681503073,-0.5701997019959975,0.19101075027017003,-0.9436934749937443
CZE,2020,1.0279495524595523,0.21906488637924862,-0.2832604842964412,1.2309086918527707,-0.3658769987156405,-0.0969342535136937,-1.022498101425396,0.5832737018110179,-2.4930662171358047
CZE,2021,1.6543044988124846,0.1505954153128296,0.37961873414515973,-0.5232082311056828,-0.42254683785037234,-0.15502867479035787,-0.2081502101511174,0.08309679758431072,-0.9038571011030028
CZE,2022,1.5379525361031234,0.23269032423797098,0.28192354903072864,-0.9078824139583622,0.0546357692706862,-0.5441413376243627,-0.6344318918717904,0.2000000283353364,-1.0566955840821195
CZE,2023,1.460454464236543,0.1824476553561139,0.019785488426802667,-0.07393587832632804,-0.1692252729662275,-0.4278606503182848,-0.7474317129527445,0.18267274202009393,-1.4370589977994745
CZE,2024,1.4935636265812728,0.17688325832419977,-0.11879558372996944,-0.01766870091029904,-0.46189554325005844,-0.36080206995653247,-0.6626222395539797,0.2415416634677684,-1.0242083563419124
DEU,1990,-0.13293067002169698,-0.04650801356327941,0.6600770285452973,-0.20331243443262462,0.25179830021049615,0.03334420844631437,-0.20072264917279226,-0.43355027082457837,0.5611398072244882
DEU,1991,0.5178550561841605,0.17042812725658493,0.8200027842645569,-0.2628511266598616,0.34981260034083633,-0.04645381950032062,-0.6044887711363551,-0.39887188292679865,0.4390154484782706
DEU,1992,0.16362762499965436,0.04628587270477005,0.5174387237242242,0.24400215935350833,0.47101575100184273,-0.07970024768259054,-0.7050429165727414,-0.3926135544121588,-0.04210902485898955
DEU,1993,-0.3213803531577808,0.0034702334312353075,0.1130412517372163,0.7864147128634575,0.5215622998187066,0.01278444370265419,-0.8332881906017956,-0.18825449515836917,-0.34428833700554945
DEU,1994,-0.17027960251800373,-0.07081901504121596,0.29804454054491997,0.33400472643622714,0.32915792465651594,0.1926887877632024,-0.4543333149634905,-0.5061629371299284,0.29748791063896757
DEU,1995,-0.17623854569958333,-0.13567675894204823,0.21182885035404014,0.4731715547069751,0.3648953348748472,0.03121808520883561,-0.4578021032251512,-0.47001386915240173,0.040539244391125176
DEU,1996,-0.31701858840614255,-0.07680526239053452,0.03774273445173094,0.5971590777570752,0.32804120368178874,0.15801420998380286,-0.5935960003250438,-0.3684882942959602,0.1137069080625327
DEU,1997,-0.26738195307927465,-0.031523163277310653,-0.03345138427431009,0.4728941703596655,0.297314453426627,0.39456214581097687,-0.6069627391549515,-0.42372235408176884,0.32070240105172304
DEU,1998,-0.15377199417677015,-0.10503906932960574,0.0014985390114244147,0.38479038081583306,0.323218705959303,0.3636810752222852,-0.48100747979496083,-0.5260499800931963,0.24469874015616194
DEU,1999,-0.6303749190499693,-0.49345260878566083,-0.016286987212436183,-0.40021096644072834,0.6620883247836202,0.07809148440859694,0.01329879045844918,-0.5878793688704745,-0.42541545088598953
DEU,2000,-0.27271462338256275,-0.1249718036068457,-0.4318096364843724,-0.9465943103749783,0.6711502873834528,0.5824977418922066,0.31233135222813824,0.5303338581770835,-0.3243020615264143
DEU,2001,-0.4758175105322184,-0.1987424368784999,-0.24404268193619255,-0.021182729534761253,1.0232661705453638,0.06452479170919648,-0.34972275692095556,-0.11302352533498024,-0.022629304465464937
DEU,2002,-0.7043302209408226,-0.31047675996944224,-0.6265807099166787,0.5205520448798572,0.8251922384690344,0.08520637263724044,-0.4529421685216059,-0.1914861963349712,-0.2122857742304338
DEU,2003,-0.8857246815606786,-0.42913719533850714,-0.7810430472212315,0.4832615241099216,0.846571678396116,0.2326654637616713,-0.4384200174534868,-0.39227778861946233,-0.31723991606180213
DEU,2004,-0.6082016876336611,-0.3413268985950567,-0.6754192783091924,0.6647091122687071,0.5151048299207083,0.31604645724567054,-0.669458518362524,-0.7858714013966863,0.2905806592330849
DEU,2005,-0.5509185458455791,-0.31676161595436575,-0.934401160553144,0.5826232795197143,0.498205393570725,0.5334506150865789,-0.5562618071209592,-0.5773441858980403,0.20720811582345425
DEU,2006,0.02426457114297225,-0.23664315676854578,-0.6646132575209147,0.19776915234127856,0.2667021678917461,0.5037979506947492,-0.32408033759534594,-0.6565168579838154,0.6773434271060265
DEU,2007,0.2682764479181381,-0.1973216611064219,-0.5217238694263622,0.41504561472703744,0.2122809437163052,0.16471671571330715,-0.4935749106987624,-0.6471852291540877,0.45937579434835923
DEU,2008,0.0840085971573843,-0.20369974111380323,-0.6180881604156636,0.5950280250854001,0.35096585344451975,-0.1501559273077747,-0.6689534962042528,-0.41999895913052904,0.07713129493808517
DEU,2009,-0.7817085337924639,-0.2807077859570979,-1.3046507520483097,1.6421325862169116,0.47097240880340824,-0.1928663979014821,-0.9447001309042503,0.1559610901195646,-0.8925765894017026
DEU,2010,0.1206634730220855,-0.13454185010296504,-0.4704305471841703,0.16507388022193278,-0.14048748765045646,0.015469420814418234,-0.3395629301471739,-0.29174178694648983,0.60304142978916
DEU,2011,0.5116161843833956,-0.10316628629386126,-0.32178717502423343,0.15792448912903587,-0.09634703926164645,-0.17588367514751393,-0.3729081711972109,-0.3097409083242331,0.3973840842732994
DEU,2012,0.26531311900160043,-0.042354122910702195,-0.6633132413961165,0.7338723408039635,-0.10630073249317923,-0.2820555959308477,-0.7742346161982046,-0.01882889244515692,-0.07384929137339989
DEU,2013,0.20564814132526943,-0.12835755189324163,-0.6484987449221966,0.6568590178573983,-0.06226574433428385,-0.3974453090135862,-0.7126486425174473,-0.10399002798036634,-0.13984979485430196
DEU,2014,0.3880646553380125,-0.060786919005654534,-0.3917676695367096,0.5047753828436246,-0.22132738442871605,-0.4418530371972987,-0.7289379422649913,-0.23667117245681565,0.23531175876922786
DEU,2015,0.4383543632142979,0.05999061206850149,-0.5515148972083059,0.6067800562581257,-0.3055857076440919,-0.354643570196411,-0.7882621879108632,0.07493430083008759,0.22980518596216992
DEU,2016,0.6129171452366001,-0.016772696076670653,-0.4043543713625898,0.6144252898324772,-0.38922087879346173,-0.4788499746291501,-0.6424106969096921,-0.10235444141737463,0.23610660748331244
DEU,2017,0.7040439955620801,-0.025800306862492104,-0.3456687041378901,0.4009699384412971,-0.3362630523784649,-0.5046090908759925,-0.4601865739753594,-0.028357142018552814,0.23751895835207074
DEU,2018,0.8285672988310033,-0.025050177746544087,-0.454279036066563,0.5904547866056359,-0.19841780973641296,-0.5941852507802606,-0.4645826652546084,0.1322130585988237,-0.094500197175594
DEU,2019,0.6676104850697947,0.022960555117832935,-0.3891622684896701,0.6940929523643499,-0.18940506142477875,-0.698161461408946,-0.6566317924048716,0.14589751993361627,-0.010146757068514341
DEU,2020,0.2088234388005984,-0.09760588306601181,-0.7695222704526371,1.229756102344559,0.2799263397225906,-0.6045007619399339,-0.6611782398753024,0.5080429822720842,-1.071689607143375
DEU,2021,0.8496379940287578,-0.03534459218735293,-0.14108544092670358,0.2640651912137476,-0.19916309393841788,-0.5977390672991871,-0.1950159860015974,-0.024547414077846965,0.4329928440363038
DEU,2022,0.5676317340962518,0.030031164478992678,-0.33121224265096993,0.21796296071116983,0.08633724728821446,-0.7683438136185425,-0.6021675421418763,0.20464921505594139,0.011846562448403588
DEU,2023,0.4236804010085269,-0.04768807098161119,-0.49371045450289736,0.6886898160957404,0.05210555098621491,-0.812901394290408,-0.7331597109789871,0.21082140988277276,-0.5209291102855504
DEU,2024,0.31007021582188116,-0.07861417052520488,-0.48476521879693196,0.8333424602226788,0.02894845126023816,-0.7903576764278307,-0.652533378416248,0.19010658030810557,-0.3171864370511545
EGY,1990,0.37907112254284014,0.13992915148052568,0.7202722588268321,-0.40454996416826955,-0.6936151366959776,0.22827534809935612,-0.0875377848557543,-0.6144474416981693,0.4899217843776559
EGY,1991,0.26704453645001996,0.7207579300525739,0.02741693912372952,0.9436816046346501,-1.1708659317436938,0.6640046619527517,-1.0505641042998128,0.40120221816885143,0.4071965873154648
EGY,1992,0.31556146612950453,0.14153249572167048,0.44105683483915314,0.8912209976186736,-1.8429950822519698,0.5802326992213082,0.003105307549646566,-0.46174504487072204,0.33705506867214663
EGY,1993,-0.20392606657997744,0.022199820202039457,0.3928703385728629,0.9417059874727365,-1.5997273712072315,0.9389857380666177,-0.04163125233036684,-0.5426099351106143,-0.12228817258288406
EGY,1994,-0.8584796898717743,-0.0917220981911432,0.5054462282766703,0.15448127569767028,-1.2273159037867423,1.0138446199754731,0.14238235888566367,-0.38631142796887985,-0.25781470539502244
EGY,1995,-0.9704080503052422,-0.07366501655618718,0.6469845831946422,0.18238129112623974,-1.245586582589941,1.0760981591398484,0.13145221799576595,-0.5102242326564154,-0.16323671442834053
EGY,1996,-1.1572017336587674,-0.10723926503950316,0.6257170194776054,0.17943136693464942,-1.3818293758446067,0.8161735450160236,0.1557140148852934,-0.28872935308985176,-0.13371800278533716
EGY,1997,-1.276926759781816,-0.14487299418362615,0.6153226013036366,0.03634450628792818,-1.3370584838939432,0.6779236100850969,0.21786559256806817,-0.21450867108927654,-0.015598641602491784
EGY,1998,-1.0716258245092292,-0.08081784745409931,0.996796974426724,-0.2538802741535684,-0.8343045635991162,0.6178525072871375,0.2508475995889994,-0.17143434011069836,-0.13980456855305717
EGY,1999,-1.0152936092080498,-0.11215777896265303,0.9052546688223072,-0.3988857904067221,-0.6562514499929735,0.51026104738209,0.1481814357704815,-0.2431578345932983,0.11897215746745189
EGY,2000,-1.21340298128052,-0.16214225820448264,0.5680668048229935,-0.4363948441747406,-0.7489706678998819,0.6102298527115139,0.08233062922617553,-0.3672153324333484,0.34327447425073776
EGY,2001,-1.3648535738460508,-0.09827015948508708,0.3175557198122643,0.15329728868085604,-0.6844557487615437,0.6536443165425864,-0.21355446577642576,-0.18843121482416517,-0.013127330614202518
EGY,2002,-1.3443264400850654,-0.0853126069245323,0.22456652793803153,0.4243973639649052,-0.7106172200811455,0.8768704659323693,-0.3035388979454113,-0.2252265091230979,-0.2579683365496479
EGY,2003,-1.1905142648753049,0.020869907972672727,-0.016461938424010763,0.7741539715176035,-1.1059756902158226,1.0529213486842854,-0.30215477043248223,-0.26416493475233477,0.22585731459993946
EGY,2004,-0.7807936764592168,-0.1380763328749558,-0.24719415298589273,0.47735485921783755,-1.08189862185111,0.761445730791668,-0.12726791645135133,-0.4773083853544291,0.3340454400428531
EGY,2005,-0.6682038689102852,-0.276135677315461,-0.30613011003052887,0.07097303479221047,-0.9992648476209169,1.0280633022470513,0.35422348049553226,-0.3615528548248311,0.04725573804297894
EGY,2006,-0.3946152630450847,-0.21014740045867242,-0.1919633810263534,-0.3335712027385365,-1.1656412357902413,1.1114799803861417,0.8450673217595919,-0.14781933995526741,0.40400340345887237
EGY,2007,-0.27180155561933117,-0.1609438042666132,0.03458216694862332,-0.6417973570187692,-1.0244079386605351,0.7220176646424554,0.8391105305478722,-0.02187300155978191,0.31130893496835793
EGY,2008,-0.23298450048261055,-0.15937918950756358,0.16020207116568377,-0.8095398171467627,-0.8602282604753234,0.4397147823242381,0.513947846793001,-0.24370435345247118,0.34812711605316177
EGY,2009,-1.238458538815648,-0.22301713150384317,0.049889799327069384,-0.4218099120459037,-1.0032676536737297,0.5613586530189011,0.13834521765578817,-0.14821218612160625,-0.12258539899590903
EGY,2010,-1.2825314525868818,-0.19107897633487567,0.26076923146298264,-0.5382232963779733,-0.9870592325386954,0.4607161396311639,0.1184255142270621,-0.18182297569656095,-0.014673897323400568
EGY,2011,-2.0448878993838266,-0.3754814097798256,-0.45091942662461626,-0.2322859116705074,-0.6642712234323844,0.4730154736693305,-0.5996017508699437,-0.5042845106707372,-0.17020394193342184
EGY,2012,-2.393753966909114,-0.4635482641557133,-0.6653155196042585,-0.5218644989722092,-0.7077880304240254,0.5997620198230377,-0.5381014531539406,-0.5418853120561067,-0.1365423188816695
EGY,2013,-2.39268894953544,-0.3688874094515097,-0.8221303771632482,-0.35554861476866506,-0.8924175861937087,0.811923535274235,-0.599521252178823,-0.502025068735745,-0.030467466549974582
EGY,2014,-2.566615325686535,-0.47451874908627756,-0.8198586141596432,-0.5893407900678641,-0.8935223091978401,0.7464465623535392,-0.5165434179822731,-0.6050275727465136,0.032976610450342
EGY,2015,-2.785297503995085,-0.4542699880480914,-0.6128963125277193,-1.089521328945214,-0.7695418838009007,0.817038524289183,-0.3576058965968918,-0.5241656169928113,0.1294746755703325
EGY,2016,-2.791657556374524,-0.19728566917616935,-0.38079690193473953,-1.0148029696805796,-0.6254624312717535,0.9253485183523015,-0.31478518315199866,-0.22500469046253133,0.12904965195895027
EGY,2017,-1.9850929899247785,0.2298284292119705,-0.13580755260511743,-0.7025252864618412,-0.8286952094567424,1.1503892200296262,-0.5003229723428567,0.23668575811730774,0.21763453971335814
EGY,2018,-1.3690730451034163,-0.2017469902313434,0.2841875061679761,-0.8272016537909554,-0.9272183010459314,0.5691566149494155,0.07217618842951798,-0.31612537967426385,-0.044457824307731465
EGY,2019,-1.3667373103818485,-0.21758701713002188,0.4743744810450399,-0.8679838057419309,-0.9936852658404269,0.20929213716809703,0.14428477746048743,-0.15776952210223713,-0.06870506523969833
EGY,2020,-1.8278291542705485,-0.250483320672705,0.3420310639249781,-0.570996425433222,-0.8614792577839271,0.14871149892030544,-0.11266246123836729,-0.12656662064841573,-0.3485130512734198
EGY,2021,-2.1257856736194416,-0.3008144983154011,0.16496384303483536,-0.6641612933435466,-0.7600436485994106,-0.08546614243722161,-0.17937343432014458,0.003777925160898568,-0.272350109563327
EGY,2022,-1.5025317133449605,-0.044390655512080754,0.2870659806318029,-1.0841319382647019,-0.8733072898520039,-0.08476490255403767,-0.034851742507616384,0.10668719001614652,0.4949666352394623
EGY,2023,-1.9639724431615961,0.12975955782987292,-0.21634742809852164,-0.6392590338068379,-0.9432196283294249,0.03334046076080288,-0.42538098891692,0.5778268423776793,0.20077633403671782
EGY,2024,-2.4849693414368956,-0.10759089557754786,-1.0255389371101513,-0.9846353639454609,-1.0225307333658338,0.36113050171753525,0.3505540368985261,1.2313505452929736,-0.4974838642588968
ESP,1990,-1.426905136709124,-0.44947196629211494,0.2988219226081006,0.29786899566542635,0.9075966696959546,1.1717031999549223,0.8503942890629459,-0.6094985866202667,0.5563585100829035
ESP,1991,-1.5763251820838264,-0.4445593771067992,0.2278059942147937,0.5580318933085694,0.8841935267498949,1.2412323568385892,0.73861598012154,-0.5589281901281424,0.3216049184034615
ESP,1992,-2.013126396701139,-0.6087691793262838,-0.38083717547316087,0.5670021120591435,1.0684677264152334,1.2696503277047373,0.4691935843936546,-0.7210105612754962,0.2368818668033014
ESP,1993,-2.3717915048283937,-0.5614534785314856,-0.9468043924104467,1.180603058076441,0.9475823716205561,2.1142444840142978,0.1592472909409377,-0.8531207296343716,0.24659825824323572
ESP,1994,-2.27133604223041,-0.7227767470100541,-0.8753509498133674,0.6928713856932139,0.8218313908693258,2.359594195538393,0.45009643352199313,-1.44215690864868,0.8422612441775793
ESP,1995,-1.6691021979346445,-0.6164245518851155,-0.6393924227477745,0.3850791732006836,1.0353281216225074,2.24672355928883,0.10018882265483257,-1.6389355110090014,0.6917135408588412
ESP,1996,-1.6277357760702564,-0.532368489763084,-0.5532148762863166,0.5168565731173087,0.924925084584055,2.324896016452692,0.10528463472934639,-1.472839937980002,0.6007815719277807
ESP,1997,-1.3191418345605581,-0.3826900199639407,-0.38146665530732327,0.43678411434065123,0.8131671783948015,2.23968391673664,0.09236581754312721,-1.272563146538863,0.7646830250097777
ESP,1998,-1.099423597880613,-0.43938004909562434,-0.26925191424067835,0.06650400516890395,0.9426739266703336,1.7988647425246136,0.2561003199640407,-1.184095913904183,0.7510374727817746
ESP,1999,-0.8774404308697223,-1.0343789262956573,-0.10403621512757731,-0.3870132536394243,1.1710318515003872,0.7358230069069843,0.849874476937102,-1.7432424574534198,0.11493323752052877
ESP,2000,-0.6925654014227552,-0.3108833026791343,-0.20038299600416704,-0.7891701767321242,1.248923287393302,1.0639702379549099,0.4955919856639046,-0.3728146104408478,0.6484982911159389
ESP,2001,-0.7401275518617488,-0.30916650950526126,-0.007960794895306208,-0.7029328068776368,0.9482504932743122,0.315937740201031,0.24332345630258723,-0.20784050662094689,0.24812219730277316
ESP,2002,-0.7669600016900187,-0.3854856428337737,-0.11802164035528215,-0.4268406712085727,1.0447231627243523,0.41291600833976216,0.3777006237092623,-0.22179812204355276,0.06512805782794845
ESP,2003,-0.7920135314508241,-0.47250125952364064,-0.025877817875349776,-0.38631063107055486,1.2508047072762358,0.18549591355664313,0.3375056055164699,-0.4680919222586782,0.23048160078338994
ESP,2004,-0.9009255609226656,-0.46281940956784773,0.019723225376939064,-0.48813862494294225,1.5325024136262577,0.05636598360075056,0.28463697395397575,-0.4237751204305438,0.35480626780391306
ESP,2005,-0.8376079397517462,-0.40809439694855154,0.17309811440634393,-0.5898709615286764,1.9461619932717704,-0.259492985189431,0.40075824058263787,-0.12340956371800285,0.48801590003861334
ESP,2006,-0.7647140163355074,-0.4321405434038287,0.26730098671072183,-0.6713517542236548,2.3775419859538904,-0.38884143648364783,0.602815126239765,-0.026070802499022838,0.6014109576540208
ESP,2007,-0.7753485473379406,-0.5258410139370184,0.08379971780465094,-0.6515539844620447,2.5940126537439996,-0.4167584171685136,0.8318688152923895,0.10161830722256185,0.4679852819147979
ESP,2008,-1.2747066991919822,-0.6272477414516994,-0.4148088258256476,-0.14450483748825163,2.7154203916518176,-0.00445874539020515,0.5905815346380234,-0.056523896229414616,0.15178021578628195
ESP,2009,-2.155195826945777,-0.7591905458656368,-1.261071496619688,1.3236317646099909,2.526501382310735,0.8619456842659543,-0.03562390685684901,-0.5935100128555786,0.06692497776717635
ESP,2010,-2.013326459080413,-0.8151473247429812,-1.3426027472895412,0.792514914510578,2.2059000681216476,1.3264258031599607,0.3890140530533149,-0.8780305253709818,0.7644064516322903
ESP,2011,-2.1369749864355057,-0.9171660749033075,-1.6350195840506072,1.0140687140673064,2.0304938507884835,1.5089370837714435,0.2631609043295498,-1.1613069073605138,0.6572216393397209
ESP,2012,-2.3866862151405916,-0.9155697086113556,-2.1559379500677833,1.6009948894690706,1.7654835541684157,2.062255300180284,-0.044610389242278156,-1.3176234029212033,0.5232438731482681
ESP,2013,-2.249866331713237,-1.006973944146479,-2.3175582271528508,1.44952160711625,1.3462377076834962,2.344707232420223,0.21771016951918543,-1.5324526135608538,0.7302059226647221
ESP,2014,-2.00595433082839,-0.9100581671960062,-1.896856657457592,0.9294428435733016,0.9358256833077279,2.106148134573849,0.24661601538112293,-1.5751509431897432,1.1353703351125968
ESP,2015,-1.6267387220357152,-0.6797973922196912,-1.4439414615288968,0.5613496422140969,0.5982480664742185,1.8636940394968442,0.2779853475321048,-1.3256431904602126,1.561960345995789
ESP,2016,-1.422040310489047,-0.7372866237609315,-1.464051389180474,0.7090878248806644,0.4001934068118651,1.4807660729950902,0.42844944017156056,-1.1120775582778308,1.1311838360465707
ESP,2017,-1.2632132573043318,-0.6762407732985065,-1.2834857866022107,0.6327715424218708,0.31329996858980774,1.0414068551147304,0.3057810867998928,-0.9802000298261305,1.0169739411621068
ESP,2018,-1.1333090538260242,-0.655204944922166,-1.227757837181412,0.44116996571935285,0.32592639921397437,0.7519670710682799,0.42768311817170446,-0.6493622452487121,0.7188996264365634
ESP,2019,-1.1288423497462678,-0.550408957212718,-1.0616204936328109,0.5928012370153674,0.2428402776838491,0.509418062885471,0.1520686026983403,-0.5714803327930817,0.7194654352188588
ESP,2020,-2.0493161617465825,-0.6925237017562726,-1.9741863425287065,2.2485269499697873,1.2937670447089336,0.550424870220242,-0.6375225175945867,-0.026453657113308646,-1.65829865853897
ESP,2021,-0.8718491577429375,-0.5920322119658453,-0.7314337820463567,-0.21572127846188816,0.17458046166760227,0.8335487386047639,0.7501089379943151,-0.8194961013044412,1.3723248622580568
ESP,2022,-0.6196373570612926,-0.4385007563165456,-0.7924678055432852,-0.3748353924615611,0.05960448363154894,0.5411898156004853,0.5509949319517168,-0.5147526692703289,1.2545843369568255
ESP,2023,-0.8285486487353015,-0.5155341047689448,-0.974056483219911,0.40272857986330896,-0.11042931127497195,0.2327154796991418,0.1891821230727673,-0.48022754811246615,0.5875259502767031
ESP,2024,-0.7348629550658804,-0.47089677328424606,-0.8166163618531345,0.31067649082927756,-0.27460211792361405,0.11859048971372832,0.21937775375354004,-0.4565926192144352,0.7799562817386857
FRA,1990,-0.8174535526350011,-0.26496349093823074,0.1753322686678996,0.04596971863075366,0.6651827418665942,0.04991334197436755,-0.013999455252867674,-0.29005765875813244,0.3035013676568841
FRA,1991,-0.9630320826799358,-0.2744921547974156,-0.0684118430874238,0.2610792272726229,0.709938300090556,-0.007681919629826122,-0.15853194354262232,-0.15984211581105315,0.0918050645215618
FRA,1992,-1.1153316235068322,-0.4026116399266189,-0.2997280732178818,0.3075574083086444,0.5755781657488506,0.10702797472266228,-0.05840707681389127,-0.3410222043982837,0.21091163615653483
FRA,1993,-1.521670825858026,-0.4080951119745949,-0.6890436137699939,0.6808527324339251,0.5154466081629799,0.2930060445428879,-0.2540298914669777,-0.21382468478684816,0.052734628553485374
FRA,1994,-1.4004922515856908,-0.4732696096235593,-0.48498320010164103,0.36547410706980177,0.38782634006651306,0.4871030916733717,0.013278543669481137,-0.5726970057376246,0.5264663618499132
FRA,1995,-1.2697446241742094,-0.5012944583318935,-0.4841783870471446,0.33414525873834167,0.40169758114551685,0.336757390746006,0.049534363919647224,-0.5659710294552105,0.4485744579911032
FRA,1996,-1.399160725743014,-0.4614240953757471,-0.6927805756194434,0.5494702034923057,0.3632540727174317,0.4275426654534049,-0.08943395875548446,-0.46559418052797624,0.4338012881890721
FRA,1997,-1.1852445072830688,-0.3767072168222328,-0.7147788525775708,0.5187392442366692,0.21072961076686675,0.5564612612983665,-0.08991022503523376,-0.46318597741810663,0.7525453221915097
FRA,1998,-0.9419117622159158,-0.4118732047484371,-0.5068960013081212,0.39180200340742843,0.18940673756922632,0.48900106290541173,0.11998711537890397,-0.5534208229893935,0.775465450076172
FRA,1999,-0.722140040830062,-0.9262032598939479,-0.4995631412901794,0.39400603152016483,0.17221185899161529,0.15241707779118943,0.723811845641185,-1.2395088169832644,0.31987204196396846
FRA,2000,-0.7002021069009126,-0.28735070860641926,-0.40565113023976057,0.03092855206513576,0.31177272999367817,0.2447853305206934,0.14002724628264157,-0.2219262025468442,0.8232691058657681
FRA,2001,-0.7745660431680998,-0.3361976413042629,-0.5255710718911113,0.18322480768522462,0.0730759353890341,-0.10997489317112878,0.030712733120390513,-0.02218337081823963,0.22390690168479147
FRA,2002,-0.9996935246017018,-0.42692601982923406,-0.64253018338492,0.2866068956631768,0.06642254585238291,-0.1794088180591163,0.026534709297290626,-0.04857492124865723,0.04994416231115595
FRA,2003,-1.1112179105910747,-0.5017023837784038,-0.5681277068083468,0.3218085218688451,0.059303050382858574,-0.37177494750789863,0.032089592696997175,-0.14913256167978617,0.01091295485363894
FRA,2004,-1.0412104067851702,-0.46548703627255233,-0.41449654558859345,0.07226121507281326,0.03297074280570244,-0.28191193614498167,0.11456462828120596,-0.2688753642746913,0.4364681536093173
FRA,2005,-1.024821303811092,-0.4396275862916749,-0.6060666494496827,0.07615526351754086,0.20280229218741194,-0.2226709358470042,0.18895050897192034,0.011600485648984839,0.2537342775933356
FRA,2006,-0.8930716050084179,-0.43710162898144267,-0.49113282653154006,0.04848208373629698,0.2263012064070695,-0.25878105870371326,0.2841277036840379,-0.05333464021300411,0.43877852166401293
FRA,2007,-0.7894074968818886,-0.45772090627727974,-0.3809740401104896,0.06709289582405499,0.36335441965607823,-0.442044359727546,0.32973858918415394,-0.0399581311697407,0.3553557976805324
FRA,2008,-0.9499148045292201,-0.4672985915884729,-0.530894814598614,0.33861099495778996,0.5667384382890969,-0.670333716893592,0.12041777888414376,0.1048293213522609,0.021850773527912943
FRA,2009,-1.6376891114462804,-0.49837560716046636,-0.8921426765557589,0.9993155229727624,0.6039776658395153,-0.43189039196997264,-0.2469093238808036,0.16630613502276112,-0.33942307827753526
FRA,2010,-1.2832783460976218,-0.4802528637502544,-0.5860362007286843,0.3705959654723144,0.330390905859892,-0.27825105696396063,0.21172229995620015,-0.047008430107604755,0.48837631607938625
FRA,2011,-1.0846517686159964,-0.5198496745859328,-0.5188989109612921,0.24997740033588786,0.4069721740161072,-0.34524516025283275,0.29130386798719937,-0.17075200244339245,0.49844878287648026
FRA,2012,-1.325059782308718,-0.47243613296414133,-0.753674159158617,0.5708211138726574,0.5026884078602384,-0.23202662297748183,0.016101985399216454,-0.01259392084119218,0.16902933131777317
FRA,2013,-1.2811535674248689,-0.5575324922396003,-0.7908645414517668,0.500880415098352,0.4374334190191187,-0.2960933642333768,0.09371196799070235,-0.17034608568894866,0.2788539594228146
FRA,2014,-1.3290032312446627,-0.5404198246027208,-0.7291851994941776,0.45811710660617017,0.43979815201014194,-0.2802870728116794,0.0017995340731994634,-0.24854491156089664,0.3511984668800228
FRA,2015,-1.2252699079280331,-0.41736028290287375,-0.8242957313703376,0.468535658761901,0.40726414546295475,-0.09031295590779434,0.015225225581359459,0.0031905706696679645,0.4377791095547599
FRA,2016,-1.247499282202191,-0.5403693363184949,-0.8078839556605923,0.5184344443136912,0.44286059789047777,-0.2345152573092354,0.11634671399400921,-0.13909471784883984,0.30698764901033415
FRA,2017,-1.050404411511323,-0.5330630055082565,-0.6926573847187054,0.3762105226045519,0.446332294746748,-0.3266157325003968,0.2722163055191503,-0.1451026274320365,0.516592806640121
FRA,2018,-0.9782975642573634,-0.5451495852726198,-0.7458447760179783,0.37416056073731835,0.5526813129491572,-0.3765012729958096,0.3579361014345809,-0.03647724045417422,0.3871980006226767
FRA,2019,-0.7607488445317317,-0.4342587468653169,-0.5938758277641292,0.5356451861586672,0.48381623721243266,-0.4228011877872613,0.30524738527551404,0.025593826229553404,0.5741288633734755
FRA,2020,-1.621185961137408,-0.5596317947741257,-1.082429952090154,1.7909974595169438,1.4069265764328855,-0.7303434124647635,-0.28129142012413744,0.5061832167096221,-1.1627832425051163
FRA,2021,-0.47721763960949526,-0.48937120235702825,-0.211490039553016,0.012076103695584697,0.3874362469509616,-0.4000092181228718,1.0120492554306098,-0.10527583090481346,1.4264181929963058
FRA,2022,-0.597628560410369,-0.40714401850518434,-0.6594896748448654,0.24369541669145936,0.753580714786265,-0.5261034959189812,0.5428090556585474,0.30614301259374616,0.6085666067991282
FRA,2023,-0.8882034647170441,-0.49037829304756253,-0.6087506687480562,0.5154556569621545,0.6683896801849546,-0.7319434060469086,0.19871383956234015,0.015112620770511958,0.40184468859286515
FRA,2024,-0.9605410315272626,-0.4978073564358402,-0.7455019090986321,0.6429309664764457,0.4322816013745816,-0.6368606131734535,0.2559918427704134,0.12064143092156886,0.37371955163291676
GBR,1990,-1.1752692815947081,-0.3148603756629661,-0.2243488340263352,-0.2551897717843218,1.065742128838008,-0.5191359173323631,-0.06865604203321929,0.37645769587572614,-0.31685979650670254
GBR,1991,-1.663076904020994,-0.45106984812658774,-0.6862265434349567,0.3771650340472619,0.8672365522230455,-0.13489802799392211,-0.3696338659375129,0.08810705963630155,-0.41451013582965124
GBR,1992,-1.7049605531943015,-0.6135773731452097,-0.6419093609444879,0.02392755693894699,0.693736089481515,0.08985151911967675,-0.2206662302390814,-0.13080328529444182,0.10313377536567132
GBR,1993,-1.6465022569920422,-0.42274205962095807,-0.632299308511738,-0.21040155743421166,0.48146653754299273,0.25611658509424795,-0.13231266080256218,-0.18620398910436206,0.622394540843584
GBR,1994,-1.233660152110265,-0.45000411589486644,-0.3749864300961817,-0.35122947355852224,0.41422127908303435,0.1359463915248049,0.045735983191932825,-0.41824311056970204,0.7623557678572694
GBR,1995,-1.445238929022947,-0.4515514488418172,-0.5835395158885966,-0.20016511275838172,0.36580760873329976,-0.10166373039984392,0.02547049743207727,-0.2121687700383973,0.5033504870158255
GBR,1996,-1.4147580891226945,-0.44477583326427067,-0.6598539682666821,-0.056300155377009824,0.45479816717283655,-0.1989669888675679,-0.048340636126627895,-0.06985485966678538,0.38519307080662063
GBR,1997,-1.2178402263663013,-0.43344526255812293,-0.566900585212054,-0.3041311599931752,0.2525955584648382,-0.3396026883633903,0.26333987173530354,-0.0753216224777782,0.7891502056290777
GBR,1998,-1.126624146728263,-0.4263237778971359,-0.7175351608339766,-0.2099463591890504,0.37161572705143303,-0.378046761456514,0.4400335298712375,0.35562685573474717,0.40050425953945
GBR,1999,-1.3181565196842973,-0.5129561491411792,-0.8067128627695506,-0.3325284469993816,0.49504047065859885,-0.3841301290557785,0.5120596456219615,0.5439777764001206,0.29158258294890077
GBR,2000,-1.0513124830057838,-0.4705181409350462,-0.809894046985278,-0.5053482618311321,0.5224076885374617,-0.35269271157530974,0.8620662867121824,0.6893077621086721,0.6064378776332834
GBR,2001,-1.2998449904466547,-0.4791085803579415,-0.6908552123199175,0.09551137972796249,0.6702736388706343,-0.8692142573737112,0.26607071629877693,0.4824022702107155,0.4805298521482191
GBR,2002,-1.3605075218032388,-0.5837078554068575,-0.8231207596435914,0.1728110866310767,0.7847773624783957,-0.8060307050150504,0.46212043381320217,0.5349447293618674,0.3019699764236469
GBR,2003,-1.407861050382656,-0.5966293056014977,-0.6116685404118373,0.18466698658830435,0.7181954761516107,-1.0094495595762814,0.4051024645405592,0.2534879054773431,0.7310007491815936
GBR,2004,-1.4821772242123206,-0.6600777807276704,-0.8129745753483769,0.2533836525617397,0.8846225075388402,-1.0368651635100417,0.5690733960111698,0.4410733062520469,0.5506709656866459
GBR,2005,-1.2365013845038075,-0.6154074981512268,-1.125771298080778,0.014973853405628007,0.9632570184212548,-0.6953926488238334,1.0880397925492924,0.8842252898238722,0.563637309205214
GBR,2006,-1.364446290726352,-0.6607789015438863,-1.136542077157889,0.15685242421069193,1.2589887043325036,-0.7736115229747439,0.912549913390669,0.7032628264760477,0.5676357571108441
GBR,2007,-1.4135118601232715,-0.7203153113925278,-1.0036946239132876,0.18518379212666544,1.5069416034665124,-0.8536332761173226,1.0865757255105857,0.6090802639890688,0.7844309293870542
GBR,2008,-1.5723791248790153,-0.6845247831383037,-1.5064612066425762,0.6360981116005678,1.9791703521541877,-0.7185081449932301,0.9748605653390863,0.9955305018031337,0.41774767879971514
GBR,2009,-2.2917801349570452,-0.7522482173355799,-1.7249140302421122,1.7307852540982513,2.0729151081819053,-0.7732475202211062,-0.05982099508943433,0.6447552010373934,0.034308733208942885
GBR,2010,-1.7414327073293232,-0.8031052913282106,-1.3049902999572616,0.7316834491253701,1.5596273755751546,-0.5621957210901637,0.688932406801398,0.21875356963344145,1.0557508103038449
GBR,2011,-1.7234660485441944,-0.830797745190875,-1.3896008388999908,0.9810324597521416,1.3378603651496392,-0.6501416087460862,0.3867058896005379,0.09060053327424242,0.8062155850704859
GBR,2012,-1.8876280004327515,-0.7985668777960722,-1.333973941055865,0.6433079915508864,1.2328994181375723,-0.575099247366773,0.4219812568339945,0.1580391334763366,0.7939393703730631
GBR,2013,-1.9545495359453706,-0.7764618001047363,-1.2117645758732072,0.3469833634732789,1.167949910437909,-0.6491183450033136,0.3890682636254746,0.21853056516756275,0.6442308367919714
GBR,2014,-1.7814938189605463,-0.7610320007725119,-0.857102423414636,0.010856438492197978,0.9174421674780371,-0.8729126301313581,0.5049952636484927,0.23460284278134472,0.7287627599080394
GBR,2015,-1.8296260567725746,-0.6413857227199458,-0.8187335666238261,0.16146768906245257,0.8676309528402167,-0.9637338922584315,0.33601512431322517,0.46616190224172044,0.5595879511398629
GBR,2016,-1.5567331715282509,-0.6348930578884814,-1.3025660658910319,-0.32469647150355957,0.9180168467119603,-0.6149269410084104,1.1592051585304595,1.235389362139874,0.224602491474989
GBR,2017,-1.3436119018126067,-0.5962832564433634,-0.8883168502454506,0.07687080490521059,0.7680046046328283,-1.0095688719385243,0.699857027268725,0.6531845365818065,0.6528985713775701
GBR,2018,-1.5694230089862198,-0.6443557945191651,-0.7657819610281089,0.447803667627994,0.8507909922657875,-1.3707640475546552,0.18160557091865506,0.3437718679699283,0.4997484631951695
GBR,2019,-1.3706067447593382,-0.5920086411947176,-0.8156534852998446,0.5437944610784015,0.7736312716278021,-1.3380840349837082,0.23852414385020784,0.5637952556591889,0.4722539471378086
GBR,2020,-2.00075196556511,-0.6815283946003907,-1.8559844828152647,1.9324884902691755,1.6535622857533196,-1.1706141804544012,-0.08413310174667618,1.3583777546288474,-1.6910628041641442
GBR,2021,-0.9029471566135345,-0.6120890484695,-0.3929259588320745,-0.1953089183365679,0.30485691057062764,-0.922481872329655,1.181495135982903,0.13674329710802643,1.8134986797242676
GBR,2022,-1.1593982512485503,-0.5357232302896743,-0.8364057797195329,-0.009436238549020802,0.3649418054637831,-1.213708169526389,0.6950064369090657,0.54629613015135,1.204308021602727
GBR,2023,-1.6978760350193622,-0.6698998633731134,-0.9906406026881561,0.4756957601537602,0.6458840892799805,-1.424889479142306,0.12728623718529297,0.5305951255782058,0.22027642408222506
GBR,2024,-1.5741636005168786,-0.6428902528844723,-0.8134346859641585,0.44335826937300477,0.518223982738712,-1.4145464702253656,0.1576176566558098,0.38575463393561904,0.40402988868643136
GRC,1990,-1.7088114080197583,-0.45073309047938026,-0.1750050859936191,0.34673009538301913,0.6487391931621161,-0.1779876067485684,0.2565442046160397,-0.0795468915389507,-0.06992362198862753
GRC,1991,-1.0830542330336566,-0.21677627852542697,0.34812630831297303,0.21447176346574032,0.2708937470669683,-0.4955846215681992,0.48902042558724673,0.21536846511373273,0.5288509469503876
GRC,1992,-1.5099180440257152,-0.38819829234851433,-0.1313518472145734,0.5205972076727319,0.3233061071983182,-0.40183575042888686,0.29390387692300673,0.10560898623115586,0.1421913834859969
GRC,1993,-1.7301005579349478,-0.29834256814882604,-0.2760920499911977,1.1389389700162202,0.21625456283445543,0.0012620716260346887,0.11704997060726932,0.26665148068085354,-0.2184601519554706
GRC,1994,-1.4490273639707416,-0.3126450721451935,0.22755820498779852,1.0799126630463454,-0.34031597478435555,0.23378170756475877,0.6347505409691799,0.039794778370139686,0.21390849767934333
GRC,1995,-1.5622242745929091,-0.3835610683887877,0.18071214215106238,0.6497509648801134,-0.07233677708746747,0.2572267819665245,0.43611744850880974,-0.15587740919942542,0.06647634140808682
GRC,1996,-1.639975413051794,-0.33470044304668534,0.24538424068463538,0.7160205092963255,0.025641993654531983,0.3406173492285687,0.4085862066523422,-0.035078492653022264,-0.0990932438954502
GRC,1997,-1.6000172017463652,-0.35160865315455264,0.13151830389658484,0.2998193390772754,-0.028261005380008076,0.20801988669970004,0.4639996918322073,-0.0863913103220838,0.5340051819901296
GRC,1998,-2.3015438185591797,-0.6017894898355074,-0.3864025285832376,-0.5250604792119109,0.601968407409283,0.007342174563324716,0.1684900614309043,-0.33376205092800876,0.5985478621373626
GRC,1999,-1.834368901860976,-0.4767928990469867,0.013294203695259,0.13238535130267198,0.27423474746444504,0.37450337732119077,0.3398841187558529,-0.31406859499306294,0.18363237366841711
GRC,2000,-1.480815694505849,-0.36170163578978065,0.12450421993248469,-0.515490780259615,0.6038734080896572,0.11516672192555673,0.22518416773837127,-0.2289874426207851,0.49682528229926376
GRC,2001,-1.500224382213434,-1.0926020297502246,0.06739374413947805,-1.0009414943283679,0.10466136240671249,-0.591433221371178,0.6784425429789278,-1.3218778938138496,-0.11376878495973884
GRC,2002,-1.7825938938258556,-0.5256340974718927,0.027056846985775644,-0.7994180704237384,-0.01784463704761763,-0.19304216127305393,0.20956203552708397,-0.394288713703443,0.4174341410322607
GRC,2003,-1.5515196680683117,-0.57842775219791,0.20295773218857482,-1.1069576824494063,0.2018200662037234,-0.3985718813236181,0.43231926250688196,-0.46023260786647746,0.5963162548961126
GRC,2004,-1.665921697282955,-0.6032789474806272,-0.09743778955427038,-0.9962235741813897,0.2621885630528285,-0.319964596051594,0.36104748525760927,-0.44813214887985003,0.7121546289878868
GRC,2005,-2.221421657296908,-0.6350988285401169,-0.5983474866978448,-0.4666037885972797,0.5812143143093814,-0.4937532818549548,-0.06213147474695467,-0.11333501940252903,0.055261343516930655
GRC,2006,-1.8069904478299808,-0.5855704001914646,0.10714772929244232,-1.574193257110677,0.7322769287857915,-0.5698958489011066,0.568103570429094,-0.11026589931811151,0.7356431560317916
GRC,2007,-2.1965026802355836,-0.6788413580339785,-0.030669564951400687,-1.4245397814184517,1.2226966418025735,-0.8377219826932055,0.2862442883058045,-0.018647133703728582,0.08568965648193934
GRC,2008,-2.5143776777856846,-0.729920821894159,-0.5156745008757776,-1.0312491430266042,1.4062371778890106,-0.9747481499285072,0.07815648671239465,0.3096662628962568,-0.5468316429219114
GRC,2009,-3.39179290029681,-0.8198169234330571,-1.3224061482967342,0.020060902735233668,1.0878012899852543,-0.6950385351577952,-0.32856942235706743,0.4434044187431426,-0.9041784156118194
GRC,2010,-3.505622191113566,-0.9046645811935645,-1.7051744002262883,0.5685236300975193,1.5095680846329564,-0.2464660937122736,-0.39772654156526016,0.15222761977658933,-0.89418152302671
GRC,2011,-4.264819154599054,-1.1823177302865373,-2.695653001355928,1.2361929888805518,1.707037057099031,0.48888515201679145,-0.7156717159015797,-0.2396896680658951,-1.479999244206748
GRC,2012,-3.9896588492157754,-1.190743116697109,-3.2392817473230617,1.834437080677095,1.2019676305116151,1.727283876149805,-0.661422422879306,-0.9525084997627452,-0.6229603998118319
GRC,2013,-3.6818976349410995,-1.302887462111317,-2.976455191122624,1.1415543338199527,0.8586449114275551,2.2403891427147937,-0.07118122900610568,-1.6310791811324248,0.5583485147925806
GRC,2014,-3.3776753369951513,-1.2458073180682394,-2.7580204147578757,0.7899358012450558,0.5798403963049578,2.1584953226607073,0.1161701597924739,-1.685407179398575,1.1192265144449292
GRC,2015,-3.394940777930949,-1.0750235006883346,-2.696540473543551,0.8824073554757785,0.5439749039847869,1.969503608328266,-0.16416604881748775,-1.3266010819949203,0.9486025900309706
GRC,2016,-3.3467370683590887,-1.161721615516007,-2.551034994544974,0.7157398757721914,0.4812049500566748,1.6931175205861686,0.03900990382712788,-1.29751670142988,0.7409745396225942
GRC,2017,-3.1396757726262425,-1.1376420370646316,-2.502543448580197,0.4103064093231419,0.17923089529469857,1.3796743460942034,0.11617526901486054,-1.1912617993157923,0.8804657547061614
GRC,2018,-2.8950342707140906,-1.094719254456794,-2.371376195621705,0.053584558758259154,0.08699379792906406,1.0052685560700292,0.08235135920699826,-1.0394266422796037,0.7715066403006783
GRC,2019,-2.72093477708609,-0.9872703767464821,-2.36764767791469,0.08449254265746552,-0.2973362531381479,0.7379631183553482,0.05316662054785838,-0.7351573953357193,0.8052128105365108
GRC,2020,-3.76432211527634,-1.061279271594302,-2.741882241253425,1.0866776303916705,0.7494859171893354,0.342490248810678,-0.807548025379788,-0.0508243026952548,-1.6431789117395508
GRC,2021,-2.1124162009366363,-0.8704792146856285,-1.3060776304871478,-1.5583781071373772,-0.5139164787349799,0.48650538582492603,0.4942284757371814,-0.8653795267729244,1.2833788725043427
GRC,2022,-2.093614076619322,-0.7338175506677068,-1.614193298700702,-1.7803893713380787,-0.09109006303969362,0.1272993223430199,-0.01799342926316445,-0.3767935410436206,0.43588306782469016
GRC,2023,-2.3129350740777146,-0.8188567243659274,-1.7378332786794073,-0.76411022475295,-0.380374667564669,-0.26209260381677957,-0.20398278904222847,-0.2775229999254393,0.03610841527702347
GRC,2024,-2.0892834009512016,-0.736173532381475,-1.4781828864467594,-0.8427253886674857,-0.2599221549252998,-0.3719356389221866,-0.1312673884028708,-0.10622801678401601,-0.06430931770328549
HUN,1990,0.4127325925996524,-0.048933645384325,-1.6884512884419596,-0.033495135930676975,0.15799581801090035,-0.43195534236721445,-1.5442447873133816,-0.24907941700852482,-1.4043124649910061
HUN,1991,-1.5605687618302015,0.03755913924214561,-1.276525148658099,1.4653462677824882,0.3062909815141337,0.10787907032014744,-1.4878457180468192,0.6899246499696363,-2.902988443169836
HUN,1992,-1.6919270473846635,-0.12334763232139781,-1.0333114773242997,0.36989621466813305,-0.5380554462995889,0.45310815917723146,-0.8348717380997196,-0.002224235291507218,-1.2820277019421065
HUN,1993,-2.2987099231613843,-0.21019247587406678,-0.4307132904311328,-1.101207530807383,0.09144062399156828,0.9850539807070283,-0.5298207510147643,0.0701275598640385,-1.4675492652609716
HUN,1994,-1.6844121630592062,-0.11350457016231477,0.2175898739808046,-1.3317614397405162,-0.11994933404691203,0.7106524757607929,-0.4870340725969829,-0.23799194563888815,-0.7442776113950406
HUN,1995,-0.6730627843753834,0.04291060342528175,-0.37723495760588693,-0.8153539407768254,-0.5673914762877825,1.0662675205934111,0.02273434439936655,0.3031060592353167,-1.161438395382068
HUN,1996,-0.6416432990510874,0.05255913881429149,-0.3851782525009059,-0.7134288640336988,-0.2777734319622368,0.7200723040110293,-0.44747864659391856,0.15574840931307754,-1.2281166990565722
HUN,1997,-0.09061353410837396,0.08743335809310723,-0.30044327997473214,-1.4396749683512762,-0.19283234499698124,0.6678866281661218,-0.3244485169761428,0.1350123726643894,-0.8352401741493741
HUN,1998,0.04941683171189234,0.0370135918705164,-0.07655734483859995,-1.8704444488534149,0.07035231472356933,0.5052064379687933,-0.47745066698829125,-0.11539222305748431,-0.8455153251663605
HUN,1999,-0.0629498496900286,-0.031639607409265594,-0.27621884599883706,-1.8101989676061165,0.0038519270549425655,0.15554759649274452,-0.4881807641425157,0.12508333262900115,-1.073557573859648
HUN,2000,0.3730201830228826,0.005091442009019279,-0.41275150687808476,-2.0372831662209387,0.08561775711105883,0.026898967851228174,-0.6242177586952248,0.027176458400835955,-0.7571240448460791
HUN,2001,0.4483693346448728,-0.08943970903706623,-0.5901079230644013,-1.7921996976176515,-0.1266602684493177,-0.10592363423933936,-0.39578122978831487,0.06807013396637988,-0.8075784447508196
HUN,2002,0.10482780430912542,-0.213083283389424,-0.3920528289346229,-1.8000775438200485,-0.13123287085604146,-0.3027053622478556,-0.36771826575980904,-0.12528219488201345,-0.595674123065315
HUN,2003,-0.2843192609581411,-0.3042189864822842,-0.5148402902227754,-1.8506675609829484,0.0054407494938337195,-0.3335208341731771,-0.47186954101380324,-0.1219462749663649,-0.7924008616417115
HUN,2004,0.021491388085017576,-0.225342800808164,-0.28059341550867023,-2.1173011085306173,0.2074653524897182,-0.32868324944464394,-0.48155556130230837,-0.21190816198043427,-0.6632032227177366
HUN,2005,0.3517747179144277,-0.3259838610156945,-1.4342026010384743,-2.8390351838072485,0.32861859404456994,0.7774251351639612,0.9915882193648962,1.013803544745068,-1.356717333780148
HUN,2006,0.6922413609624088,-0.21807395894383605,-1.4019058772349438,-2.268518767790145,0.26455065505309844,0.52615139024658,0.13379296192928733,0.4236525609465874,-1.0362595276703555
HUN,2007,1.2953033106540053,-0.5618886615317926,-3.4610064703140746,-3.1575059139448074,0.5165108793290469,1.804671909309731,2.7150009432365794,2.6167036975262246,-2.8431426735099756
HUN,2008,1.3266873815370126,-0.5327160067952252,-3.289418462797741,-2.973765771684142,0.5294655931419912,1.7573468609810594,2.5687865330415827,2.4208639725477754,-2.518360792679177
HUN,2009,-0.3995425973358011,-0.234485486709708,-1.8270797772160794,0.9731843135321433,0.2543991581348654,0.04686066174295985,-1.9183622974010932,-0.2944646152860324,-1.7531766739130485
HUN,2010,-0.04321164711417448,-0.22327247450451734,-0.8507347495284316,0.54445711349412,-0.22253944777539778,-0.25062639521815827,-2.459134707810058,-1.8836733954910112,0.06786419961658278
HUN,2011,0.7830281645084847,-0.3435324966566717,-1.948118897834994,-0.4984494567158997,-0.32565486125035875,0.7561139828238861,-0.5645905331004535,-0.540602412492777,-0.6080765699682762
HUN,2012,0.6034664571590486,-0.29288039903542096,-2.2634138380408966,-0.09827087197259725,-0.3374034110249215,0.8045540408561422,-0.8895419078758046,-0.1883839809433539,-1.158337383364515
HUN,2013,0.9180838123889541,-0.1778104809364252,-1.2947384995617999,0.06446821259514814,-0.6480916730117128,0.22759241286978293,-1.4203195275237381,-1.1326942306300143,-0.22820087206579903
HUN,2014,1.547036570704264,-0.14023345922047653,-1.3833426677561924,-1.1158299597943764,-0.5360074624053387,0.38862102903019674,-0.42276905658988717,-0.22807444496955892,-0.41559695977519334
HUN,2015,1.2906163224479401,0.07802271716565272,-0.8264256605665662,-0.459239122483726,-0.7071282235382309,-0.26326678181816987,-1.7501932462863727,-0.8644290959234445,-0.011766383222099145
HUN,2016,2.73777884118302,-0.30794531461042374,-3.6471100571463992,-2.471582616617922,-0.8324654669624079,1.8474088179661525,2.9525668011385213,2.8652227475144842,-2.1318879442144003
HUN,2017,1.1620922831494305,-0.03698318788258624,-0.6024941139301409,-0.4547756935598397,-0.8240728331397877,-1.0950810936346078,-1.8919977833668473,-1.0703316558133016,0.10835259162972816
HUN,2018,0.6709890801282411,0.19489430596882798,1.2973043227650753,0.4876075483937842,-0.680570680082282,-2.584728242991483,-4.195302867585819,-3.0514579623926297,1.3445671765342266
HUN,2019,3.1028425450231536,-0.2200199456530449,-3.051300253811615,-3.5395072637938685,-0.40035262418999895,1.7026026663996265,3.816992101261958,3.4424322735975545,-2.0644751326282544
HUN,2020,3.5051991400828957,-0.4565631762077491,-5.78139400289531,-4.080032781858596,0.19525605174855987,3.7612034339833613,6.894039737876195,6.77311577982934,-5.341807753906088
HUN,2021,1.9767817406991315,-0.07167639410134091,-0.844732436416919,-2.41311828413134,-0.20201313883822922,-0.05779280844121038,0.8520537449071662,0.6496376479689914,-0.48488017017447144
HUN,2022,1.570762703916931,0.1496602739478063,-0.2693857787120573,-1.8926546030420255,0.3782510366075119,-1.0443640907869234,-1.270459351874459,-0.21605089730299368,-0.5811380228701745
HUN,2023,0.26839651703591266,0.07371706081141004,0.46404666408816336,1.1010671853427318,-0.35111561018544174,-2.4129618028490234,-4.004729873015712,-2.32435264111679,-0.009414238336429282
HUN,2024,0.17207680605120348,0.020203454474994487,0.16135857255858072,0.9827084031202367,-0.7279781123273478,-2.0612096504184287,-3.350382169743095,-1.924330089220177,0.33247912172713034
IDN,1990,0.07974642787464062,0.2738035868170031,1.4854909907470715,-1.587326517937966,0.057389904190981174,-0.365119637558513,-0.16176391455444047,-0.17314319385048543,0.10954140282398299
IDN,1991,0.1537781459306852,0.24414043755714812,1.5385740349998966,-1.6597514953194148,0.05725087115102232,-0.5768292527640717,-0.29048352588839044,0.06226176283970993,-0.08168071924770873
IDN,1992,0.26861823491243314,0.25057609538161235,1.3720470961047975,-1.4469058817375289,-0.08238249638313856,-0.5000894409167801,-0.3804371313054583,0.008131534145694239,-0.10558151552638814
IDN,1993,0.45833152112232073,0.30695300906574213,1.4756052807734508,-1.1895614206388738,-0.2264181916407565,-0.4416237040490623,-0.37131466653885636,-0.057224339471175896,-0.0012301780603961936
IDN,1994,0.5944413822931358,0.32985533482787366,1.5995018635500904,-1.4148555858156713,-0.12103569661672592,-0.13135249830408385,-0.38048000012870375,-0.30203217870127974,0.16169662344697017
IDN,1995,0.5551868676907328,0.350599904001797,1.6156762833095217,-1.8110884580924531,0.03753375399475374,-0.03852961024587483,-0.3370069975849086,-0.31026835355889054,0.13892464546741987
IDN,1996,0.6309022921848735,0.4036617455936706,1.7627566385994355,-1.8446075849042032,0.16366793829918755,0.15574967530201378,-0.38104195582828815,-0.2962686653055908,-0.08683957610483221
IDN,1997,0.61115237034183,0.5306773540569735,1.4177714510157984,-1.3773586557279653,0.2810101467447339,0.16209442075529348,-0.928278093568685,-0.0520858794864766,-0.4784478483635666
IDN,1998,-0.26139292611316867,2.006548983341632,-0.9117172075309184,1.7017137918479381,0.6076182939731455,0.7570225024512914,-3.745127748690798,2.3905141300491737,-2.3118859055784724
IDN,1999,-0.5576017592581147,0.02400191024863087,0.3007094363726692,0.0070244504921139345,-0.5429708255294065,0.28612061285667845,-1.187087274821398,-0.5773217159496423,-1.1521379632202833
IDN,2000,0.3264322291711578,0.21775784653386032,0.6452088267280943,-0.05981747502370392,-0.9251979740590406,0.11169456094181175,-0.9587864830395254,-0.6117133691644459,0.15222214924346072
IDN,2001,0.6848982665732487,0.5465075468774342,0.9179999274100735,-0.28764796091562533,-0.5354689824658979,0.7057982403389699,-1.6180182526501647,-0.5876437926591189,-0.4778953100222747
IDN,2002,0.3881944305286699,0.30775573531485634,0.9682744406516337,-0.528979243979661,-0.6090972992170451,0.9050606697592896,-1.242395792462223,-0.7889277780584094,-0.6481453154026561
IDN,2003,0.20671032604184444,0.25816974175160623,1.2351508809518024,-0.5469505302925827,-0.4922594118098429,0.7124428469394065,-0.9023002222598767,-0.6522016106731956,-0.544819159728806
IDN,2004,0.00721704145457665,0.23987844609725348,0.917879591703879,-0.9368648726604412,-0.34978646714696243,0.7643833014558917,-0.9916007673946903,-0.5733957190001898,-0.4495888459672601
IDN,2005,0.27537464779397275,0.2813026918471534,0.7944602788644792,-1.2016036382857804,-0.22792152236554197,0.8242224198644773,-0.8017116435457488,-0.5399794795431572,-0.2695122002709393
IDN,2006,0.44173988456510865,0.27480289944672676,1.0430529280878278,-0.7673809093417642,-0.41135278470174025,0.7362938755953318,-0.7641963501250926,-0.7196258964728341,-0.2620726760878666
IDN,2007,0.3368114699396606,0.28262218894731445,1.1044856763510265,-0.8316050083428183,-0.5134694281419528,0.900284863402631,-0.6405098232983185,-0.701786326700502,-0.10890776775873641
IDN,2008,0.6243934545995493,0.37353000870978154,1.27319846222435,-1.2186315581244955,-0.06910517208063068,0.6695219568142808,-0.8113696455612871,-0.5892001055808386,-0.23858777953922672
IDN,2009,0.6882942067459554,0.4752349085690302,1.831098078961967,-0.6649713270397998,-0.27019863540957145,0.5776665145308004,-0.6969869670363417,-0.34352073054539867,-0.5806613482967283
IDN,2010,0.8929644211730744,0.3211981452308932,2.0319235684323504,-0.7877684288903654,-0.37943608039707877,0.24725673501732714,-0.014452027540491887,-0.3660700760905449,-0.3176010838892402
IDN,2011,0.9418419549599956,0.3611415220681201,1.9273454240928716,-0.8750341606692446,-0.26598791352988943,0.1302754720132257,-0.07284260359062715,-0.23556710772838105,-0.24214587186057043
IDN,2012,0.821033077271058,0.40748739527115213,2.079748654175215,-1.1918452394856112,0.09400615999771673,-0.02246888673770422,-0.12236377624377238,-0.020782317747408137,-0.3338482839238899
IDN,2013,0.6186484951964788,0.375342060302773,1.8799866615086285,-1.1841972602935817,0.14795309891826144,-0.10035900111560576,-0.16692142203421764,0.08492058832695432,-0.3333266311618707
IDN,2014,0.6473945628865035,0.41290803485483724,1.962635946308588,-1.0762743791716067,0.17248895694006294,-0.06893127291855686,-0.15206215255163277,0.19320352417028744,-0.503325288569759
IDN,2015,0.5337524131378799,0.3989587418417959,2.0211501555753952,-0.8351201566474203,0.09899003446685387,0.04876210030982953,-0.11736598141071124,0.14858660739962803,-0.4620479077244156
IDN,2016,0.4442778061770047,0.32862214375832816,2.224055889267747,-0.6580749270736478,-0.0015749294425333705,-0.06892731402163625,-0.07394213594236579,-0.028545262048147692,-0.4530732733235021
IDN,2017,0.5752951568096647,0.3297887753096777,2.1381023121514904,-0.691228318894222,-0.0522840998667286,-0.1106174381209466,0.0523132725018642,0.12154594130204394,-0.46541540050288616
IDN,2018,0.5590433327351906,0.3144658343357318,2.0381578708729484,-0.9462997583681382,0.1664518265333722,-0.15792882269772382,-0.06240330855867243,0.0776693302579153,-0.35792008024984556
IDN,2019,0.4686314315834962,0.2831139040517681,2.1068508877472403,-0.838649255489607,0.04590773692895135,-0.23392834493387107,0.0694744650704409,0.16542338396379738,-0.4692423586762011
IDN,2020,0.008867780491091175,0.3203513460980405,1.6456992674160584,0.4856446475194197,0.15011028300567214,-0.05832169124939736,-0.42331492940079263,0.4895972743638804,-1.7221010356411652
IDN,2021,0.5556681873725865,0.2946810948821877,1.822015032018038,-0.23844684262702004,-0.25686911152352315,-0.20889202806670146,-0.026250814558312567,0.12989067617698438,-0.5219047432813828
IDN,2022,0.8200966225811707,0.2907317285639923,1.6629705845355367,-0.3787420131040607,-0.4705889560426175,-0.3870731100959871,0.018300355199048095,0.08793682129650712,0.010393404711329927
IDN,2023,0.6884474294071965,0.2804452870370468,1.8249310347667997,-0.42578978548051494,-0.36218583243030217,-0.3750183106746514,0.002663481163646621,0.1239915931314768,-0.14279678222738232
IDN,2024,0.6904103020235155,0.2959182314159459,1.8650230251415094,-0.5428409251502507,-0.2531098254935459,-0.3541645829214138,-0.018867523782677996,0.14983376414716215,-0.21020501817261245
IND,1990,-1.254109597727286,-0.052437594352295246,1.1672252028428105,-1.0665188170211295,-0.31121560913248686,-0.16886383253169376,-0.12125326931147748,-0.22691093786865768,0.2581562041176709
IND,1991,-1.5687276221986148,0.08844311134598531,0.6987294792230742,-0.25011241671522677,-0.316191594252681,-0.12357012359369128,-0.5361621061206588,0.23147459997960015,-0.35869152266963455
IND,1992,-1.0795912998655846,0.05237666767201257,1.241306985656378,-0.8161629272172743,-0.46365900553852696,-0.06324434949959874,-0.05795108402080714,-0.131656505574284,0.29314857132116245
IND,1993,-1.2117838494277469,0.04521842990759043,0.9921676704497815,-0.3522185630346291,-0.8828966291560179,0.11950384459919196,-0.1101751561538847,-0.051824501878911314,0.2085769258819619
IND,1994,-0.7010709461475049,0.11896886366077977,1.6127905581962667,-0.5309865896230647,-0.8900767067562751,0.27447293679120044,0.21197863619597748,-0.27803360411610795,0.26024326437816686
IND,1995,-0.44168860801447857,0.12717785371875487,1.768123905263046,-1.0340403198334525,-0.5832498775252986,0.20723987556733073,0.1367294511450393,-0.3535222104676413,0.36616091059349415
IND,1996,-0.8138562993961976,0.08627531982894299,1.300935961813222,-0.826178492701744,-0.9557706813505997,0.22418108616619342,0.06436546150835748,-0.3014501364494614,0.5592627412221709
IND,1997,-0.7782403221502897,0.05388866083761231,1.227477501556719,-0.31796424347487295,-0.6753772131843888,0.10806907513515614,-0.021557004355277583,-0.14351030896689343,-0.1159690661772493
IND,1998,-0.8922840820602045,0.09869085021756796,1.2908776557935198,-0.6126648982906541,-0.8370616076160564,0.15104830301901304,0.11436749940923396,-0.134290605379258,0.32084528749472135
IND,1999,-0.38004470253251027,0.10767567978684121,1.9087432136258697,-0.9627433414006052,-0.723990193990978,0.16238699793402292,0.4890614634511918,-0.320856381763665,0.6668462771077475
IND,2000,-0.8263846886026929,0.023407693271070416,1.166768446783504,-0.22094162755729688,-0.6469687424747977,0.13063497946918023,0.009463670088951255,-0.08897038482368333,-0.15312174177990756
IND,2001,-0.4753748580368247,0.1067523087846729,1.5996981327883126,-0.22249835104757434,-0.6250384029804922,0.2340588787213565,0.2698968791439553,-0.07867127546696258,-0.0670025101400117
IND,2002,-0.20556124463159658,0.19693441452377894,1.7822761347058385,0.304352281668886,-0.7387888861019595,0.4747673386262313,0.3421200571753397,-0.04973686367469614,-0.3801586495772876
IND,2003,0.22794066105747487,0.2304925487985718,2.352708183593206,0.008148602340285424,-1.0987642856581872,0.657369585142243,0.7632622110113957,-0.3225852437398785,0.21949683758055644
IND,2004,0.6481687153972857,0.30983340384544494,2.5660068793670225,-0.2651852979387997,-0.6370873438875467,0.5644307641767434,0.7423491654876211,-0.34669867957752876,0.17875347159325744
IND,2005,0.7790461354625882,0.2790162175285537,2.47345267476873,-0.6731788820797447,-0.1738938060649799,0.3169176231099314,0.6174300671706576,-0.38771297722789794,0.2583525969030148
IND,2006,1.1527631755505294,0.41523511503613864,2.5967690023271017,-0.7283503744373883,-0.029803452860230468,0.49882162181731204,0.6470847638401992,-0.3305667860498623,0.1899274797099538
IND,2007,1.3922865952526942,0.43370229711217384,2.9706824135818186,-0.4868250890281847,0.019859197068614037,0.591396114158745,0.8675330638022278,-0.3713711512659137,-0.08872784690176225
IND,2008,0.8947326644169603,0.3483595557152993,1.9339810735337335,-0.3484414980540382,0.48538217575656534,0.3600568451432281,0.2950451946662442,0.0014876200611449448,-0.6943005257326684
IND,2009,1.0935342159500947,0.4639221477930038,2.626959973883175,-0.7108464428177332,0.06539630649312206,0.6154676104432977,0.6930675126133994,-0.19028727637095272,0.11257925016900949
IND,2010,1.1051516863856548,0.3253821720899916,2.58621581190824,-1.0265293533222817,0.29107944880721437,0.32710504178988203,0.6690932998853404,-0.4665794414814351,0.25461696971219333
IND,2011,0.8752563755799858,0.26624595893476033,2.033951716136065,-0.7799266731077251,0.5661784064032219,0.1163768989801552,0.339031996535662,-0.21901027503735152,-0.18870853050263522
IND,2012,0.690128022116821,0.28758338555637303,1.9874437307663675,-0.8743935481786522,0.5835778479291996,0.09854802673866433,0.21679456314495596,-0.14618815316512834,-0.05625134937179225
IND,2013,0.5348784450762274,0.20532519623456813,1.6777413247225534,-0.6468084508220971,0.11656856084374242,0.12256210166068586,0.3593665179990657,-0.22678731739214972,0.2874453594371291
IND,2014,0.5723626941618801,0.16365478267963715,1.8294944834974205,-0.6336760986279515,-0.04911363574492715,0.17800022574965382,0.5493132421800414,-0.27990392367896705,0.45726750410902767
IND,2015,0.4127118650852288,0.17513856438991746,1.9160505376469932,-0.5342047927515609,-0.295257791057109,0.3746394107319168,0.6679072692652034,-0.2368456723610498,0.5044106491228221
IND,2016,0.2398036190859488,0.14384180466834845,1.8479209099184384,-0.5192572905588224,-0.7175226345012845,0.3907791391034832,0.649251214915479,-0.24379689582651393,0.5226805460307266
IND,2017,0.15076702302108,0.09649547691207268,1.805728069604057,-0.43886910875712515,-0.5189775271668341,0.27259180880971545,0.5473794106358374,-0.26317635110718673,0.19799463421038246
IND,2018,0.13283384190122924,0.12217855684910821,1.7258636251780144,-0.6373165089496134,-0.2704552068349179,0.1753492344790916,0.42035133120364543,-0.187282329890326,0.19001230704585434
IND,2019,-0.15644681349181916,0.07618369566642745,1.4777023141200831,0.017171157113788083,-0.48841856385310206,-0.001037318840577981,0.41938595240850485,0.12220022147306026,-0.24786121829958635
IND,2020,-0.5780355735021491,0.1544158631320712,1.0016497402716016,1.8568795355095888,-0.3315385346727722,0.5126484690450436,-0.08702209253565968,0.5741572668150922,-2.1673848903847093
IND,2021,0.4085216342643611,0.17440073576739737,2.162681203084265,-0.6974711299425091,-0.8297532019445223,0.22844677649122938,0.8542879274666892,-0.22975968534270816,0.5960087128022034
IND,2022,0.5874489014031166,0.22393018505196532,1.9866355189825198,-0.7687915771995918,-0.3565106968592116,-0.348507441610081,0.6146913129913825,0.04817860213469336,0.35919510385894515
IND,2023,0.6986205076743204,0.2699946895233556,2.158833602025056,-0.4236850221225709,-0.44351630288238975,-0.39890195279053947,0.6305849193915486,0.08887821117482568,0.3230079522822806
IND,2024,0.68772441352122,0.23143533981848938,2.1108279730171637,-0.41574061877748264,-0.41498956952220334,-0.4652297841395243,0.6328288163966308,0.05263755469414999,0.335937503549707
IRL,1990,1.0118957438091114,-0.028688882298859013,-0.1611079431822823,-1.1615252896233628,0.0015304949768558758,-0.023330416310148202,-0.6283469511673535,-0.8444455958512859,1.0261580758048834
IRL,1991,0.147353724663712,-0.24696214016700238,-1.2757590076604868,-0.2650706204241395,0.46023992326141605,1.353523322670834,-1.0728470322538883,-1.2997680062924486,0.08115889900950911
IRL,1992,0.1432800580889217,-0.32148146785066933,-1.38162406428591,-0.36018491361642174,0.16803871651910013,1.2338930682317877,-0.970852440450919,-1.392170023631194,0.3413452599855311
IRL,1993,0.08318734813186889,-0.2304354283163657,-1.6188568282103444,-0.22708287895901683,0.1378395274742849,1.3647212888597853,-1.2409479842010074,-1.289491849622538,0.38449534308095107
IRL,1994,0.4935141440180498,-0.2870021307731222,-1.3808868316361844,-0.666544109239714,-0.020826923880628293,1.152658865902016,-0.9949814855543683,-1.5578643801501844,0.8040647754378002
IRL,1995,0.9902640723626308,-0.29854000985155066,-1.0636470100901194,-1.189614974567763,-0.265183201529619,0.652539489109853,-0.46182471791309826,-1.467376651364848,1.4495289662601842
IRL,1996,1.0366755992579297,-0.25060722173016026,-1.2071458480031754,-1.0045824420707312,-0.0443284635835408,0.6291154232490409,-0.5493736523336727,-1.1781982654426195,0.9963965901739891
IRL,1997,1.4746541160715436,-0.11356837120371957,-0.710581953669979,-1.5582013870125786,-0.14813675905945176,0.5110027905895512,-0.4764603078269518,-1.2755037674840521,1.5731156977241492
IRL,1998,2.073199733909892,-0.037954232073964506,-1.113675955457355,-1.7550693928702181,0.090478424525961,0.46380441422667446,-0.23642408691838607,-0.5363759922079627,0.7157476844852851
IRL,1999,2.5205660845111098,0.14415455665436272,-1.2778954011472972,-2.3698664948645662,0.000440653405390801,0.6997503023760001,0.4042002309676882,0.3350812990579962,0.816166229032474
IRL,2000,2.9319374402522898,0.01643108096878302,-1.8373445787403437,-2.555380717271338,-0.0002780362562816868,0.6467371178077397,0.9602735940729805,0.7920040452285528,0.22563537795193317
IRL,2001,2.431046791906581,0.07869000203175733,-1.2587741406489485,-1.4771549084086995,0.1885654737982093,-0.19055738317115972,-0.8179465276130056,-0.1827714444329027,-0.16215525195783542
IRL,2002,2.695759888007793,-0.005624060401943815,-1.6687263815060351,-2.114631776360818,0.2935910240758006,0.5925288853578746,0.37267139190933724,0.5444237253779843,-0.583058392299149
IRL,2003,2.0328367797777434,-0.12090254996308253,-1.267144408101409,-1.1541054490210718,0.631340643698533,-0.047786835125423255,-0.0966117211145689,0.1638144344428936,-0.6349545392473191
IRL,2004,1.756490552126971,-0.04155968702414796,-0.15112387267171698,-0.6468815575727264,0.6992545529012006,-0.9294528152184627,-1.1291989480662044,-1.1030507010486308,0.939302174753705
IRL,2005,2.150016703251923,-0.18797282447717695,-1.3113814528533938,-1.946492507699756,1.4953740907602557,0.11969922580384376,1.1557471125267575,0.9186499307916338,-0.2104046460320334
IRL,2006,1.9247423421810879,-0.160975893131805,-0.7824607818709777,-1.1845942893928312,1.9053123366722002,-0.5062791500441961,0.26160056849392205,0.16604034571741058,0.21710546465680478
IRL,2007,1.8451465449025815,-0.3903275454430785,-1.6680564732274235,-1.752635418267296,2.0429637411094754,0.08345487900319744,1.3930199895187187,0.8717786690371211,-0.10855382839659515
IRL,2008,0.4553788447953838,-0.5292056712835457,-2.3877748491081725,0.12279449452619048,2.511575702493667,-0.4353151361195663,-0.5168004360094287,0.35230166280241,-1.272221351343366
IRL,2009,0.5556634703391808,-0.6714404304586802,-3.9078462395118287,-0.12504639106917234,2.352334294216072,1.357382681632363,0.18818115723377524,0.6936549204051713,-1.5856196307409387
IRL,2010,0.8672069731851942,-0.6533892270925623,-3.709690028923154,-0.6368343150389806,0.9875936309289822,1.4835535811045395,0.029384212609544484,-0.31017678590578834,-0.11306157622287337
IRL,2011,0.5553607101565945,-0.6455728974090724,-3.338836839619057,-0.5160978048311788,0.7277181863599759,1.3207063080696633,-0.6431473883657616,-0.9615802856072257,-0.07904557143298556
IRL,2012,0.7326671490530441,-0.6593110188807398,-3.9731442597592617,-1.3516727053125792,1.1880466198349167,1.934029169775399,0.43166881571068694,0.30271700197845336,-1.1247577905322907
IRL,2013,1.69730633303601,-0.6540498604159224,-4.153567713494324,-1.2973822178763645,0.4142783529233424,1.8576419179781298,1.0105895683729251,0.39678664327138463,-0.6324367848699168
IRL,2014,2.9004716389115224,-0.49981517263695247,-3.7368971609035384,-2.9152476568278476,-0.19537923463407245,2.124857242357013,2.1422321442142165,0.7689771211361539,0.06946127596140604
IRL,2015,6.320447191063884,0.14159935596440815,-3.3494745848377927,-6.851051485685133,-1.008053466101198,4.673441034769797,4.8358270814968565,2.046476584057569,0.9000004115252714
IRL,2016,4.391885658589629,0.2541917972422597,-2.149653987926871,-2.739963466206146,1.1313421355377646,1.522242980932156,-0.6316561027070282,0.1843775871678748,-2.28455092041324
IRL,2017,4.738372680935438,0.3203782504566015,-1.2761465829598144,-3.3602680987592,0.21557469857567058,1.1778041972515239,-0.34197685214592055,-0.47286850142751763,-0.37967724177190915
IRL,2018,4.260343185391686,0.25875300973684545,-1.7474228808041086,-2.699610525026325,-0.18352637540561914,1.06489507621264,-0.5702557521966197,-0.28236025153288125,-0.6617696695414249
IRL,2019,4.3289766106092245,0.562345146374695,0.5624125285567596,-4.79084654064169,2.7659803476891964,-0.015033312461193599,-1.8366217894558845,-0.6215572205715693,-2.289141958146033
IRL,2020,4.733680774374093,0.49384869453467595,-0.3593183483512078,-3.66351495993881,1.1910237311733858,0.37197033588716477,-1.796789720887996,-1.0411004900715866,-1.2289828212680258
IRL,2021,4.952502893514821,0.3617756254312366,-1.4359273465219184,-2.883259766519449,-1.6214444632845608,1.2441429761746445,-0.6023346747434715,-1.3010409228575879,1.3761308518460529
IRL,2022,3.948356759799884,0.6046815098025299,-1.0128777591370723,-1.4161677744979595,-0.8946748991763722,0.04674963288319622,-3.327951704200777,-1.9369017752414155,0.21775577822948583
IRL,2023,2.966130956293067,0.4330474770509466,-0.8658280092079086,0.753834072318536,-0.29792388530504327,-1.508842633300144,-4.927665477892704,-2.4930792941018782,-0.8317747260438247
IRL,2024,4.043639062678004,0.2718339485344193,-2.545712075920478,0.1118207718368924,-1.6588381961945997,-0.19312616272122263,-2.586965236195276,-1.2389595198785845,-0.17409149166639468
ITA,1990,-1.0290589393775071,-0.12520637527165326,0.46010081309410267,-0.004136952548857058,0.44238000153921375,0.5183602100349595,-0.38533785492814077,-0.3895057322409619,-0.2494452172546268
ITA,1991,-1.2819319801761173,-0.17085476205252093,0.3170346869842074,-0.010510642715479234,0.5129106114135973,0.43948143652609567,-0.43939617301091666,-0.35991304781369116,-0.21101465758181248
ITA,1992,-1.4170550217982665,-0.2515972376743773,0.09018468579270977,-0.05468996043114861,0.5857218107198799,0.14687625621572242,-0.5117849602378742,-0.2836869865915103,-0.283942175527585
ITA,1993,-1.4626910192585367,-0.10702703394991311,-0.3193797876303441,0.5641177245996903,0.33593490472471993,0.44381186893476055,-0.7890070728961789,-0.05757037331316479,-0.2715291880159176
ITA,1994,-1.25738004967726,-0.26070942807159525,-0.16177394284862842,0.21629629150714128,0.1406599825592843,0.5507067258437953,-0.4531390623487899,-0.5495528771633283,0.1679716526420422
ITA,1995,-0.9397618157403768,-0.23563875614492436,-0.13438211820689022,0.15144580678848246,0.14148110942848632,0.6486772126944884,-0.417386206015156,-0.6972558483221729,0.32831847672870623
ITA,1996,-1.0517885980061266,-0.28949504852765573,-0.259102166854944,0.509044483204686,0.11157625393600072,0.638597478561657,-0.459724467980271,-0.6900994896765748,0.08292556966481132
ITA,1997,-1.0369034436287827,-0.20394534685018156,-0.22905065284748444,0.4111147539582861,0.09971354155225058,0.7244014713845711,-0.49586424464597173,-0.581394102596174,0.2546489297852792
ITA,1998,-1.1526194800702665,-0.2932133152137156,-0.30751151072582755,0.2379083499468487,0.23840097605290533,0.6130735982508911,-0.5104757572099865,-0.668544120677553,0.20152896667054307
ITA,1999,-1.1179581045728022,-0.9353128647317536,-0.248641482123695,0.12694203116934522,0.29380324608471087,0.08235080497141846,0.14201140004186322,-1.479187646476438,-0.3925937100655387
ITA,2000,-1.0462795634529969,-0.22181993242680376,-0.18473731931272167,-0.28830256847073893,0.24418084570981216,0.44401135271393094,-0.334160280982748,-0.43976832847483927,0.5278864264307811
ITA,2001,-1.085570924780604,-0.2641626423355057,-0.24432390666460574,-0.14523702256786156,-0.00018729498505081654,0.13897448606387625,-0.44559609964655106,-0.32872172870392957,0.015926488397793533
ITA,2002,-1.1688868370884753,-0.31286818832647495,-0.24772667824808794,0.04858814230519168,0.17956688203040913,0.004384802403776776,-0.4614588956960169,-0.24485792804875026,-0.3783401672625482
ITA,2003,-1.289373337231988,-0.41304144600808035,-0.2911160945291064,0.10335504847224498,0.20752986540144194,-0.14966463244284872,-0.3552374919874173,-0.2732409602856697,-0.42488063234179635
ITA,2004,-1.1310651425908689,-0.35455559267686776,-0.18998791051883934,-0.045942869379082714,0.1365140922504511,-0.2930087943798189,-0.2864483419419389,-0.1910439905559601,-0.0975030987751652
ITA,2005,-1.1879863797964492,-0.32775499620390264,-0.33707707421642547,-0.000993803217923609,0.23279706062505,-0.2829557875757012,-0.30361186736905604,0.004909207779646438,-0.19302073938224268
ITA,2006,-0.9625270774467839,-0.3099133619955258,-0.2401266516084765,-0.21957338780088115,0.3069451535362655,-0.38398037209626823,-0.1357305986565819,0.09119983139031546,-0.08218683557399474
ITA,2007,-0.8309344862429211,-0.3306002193049597,-0.21776725166515662,-0.14425204692328836,0.4234818494058644,-0.499049785883923,-0.11252789130750143,0.09927381025584422,-0.19059806280007588
ITA,2008,-1.3160168904033855,-0.37170290545272744,-0.33852364067252966,0.22142662850921183,0.6355807633984755,-0.6185880104208891,-0.5510341848313208,0.0005282852037273538,-0.5284975808099072
ITA,2009,-1.9084044143747003,-0.41121318710619353,-0.825965472180722,1.077299143396449,0.6655296473089055,-0.43376684178327457,-0.6400800598009909,0.39902349806964743,-1.1122096752469417
ITA,2010,-1.5114237623639666,-0.38831224558181976,-0.3093601369460233,0.08305479579941664,0.49408904529770914,-0.19315067595995775,-0.16283051882084398,-0.03728708854477234,0.051433679472874624
ITA,2011,-1.4374920459155704,-0.45380904346749,-0.47470945437548373,0.1881744698408934,0.5264055257551034,-0.21782368838208235,-0.09866349249228006,-0.03855339158009746,-0.15126477643701428
ITA,2012,-1.8164496989461103,-0.4441988979648231,-1.0153963422764163,1.1172015292709057,0.43470001484349774,0.11673375164661162,-0.5595957730194548,-0.05988026744660819,-0.5286978270012729
ITA,2013,-1.7993190609717042,-0.5644213509161926,-1.1585469990768462,0.9841602089117022,0.2536733958893363,0.3310188456441497,-0.3670564326298126,-0.34062577392355803,-0.24748192840174982
ITA,2014,-1.6557778469813902,-0.5367547130534396,-1.0508963141979788,0.8034923848524814,0.09397716100063178,0.45900075097717447,-0.2743078325074705,-0.4795723911126898,0.13821479812591803
ITA,2015,-1.5876399969135,-0.3850723637244808,-0.9225487627452625,0.6199102675393551,0.05074959770106357,0.4618725339378533,-0.3624816819452537,-0.28087064883604346,0.3207013721936944
ITA,2016,-1.3355970381031623,-0.454125667521495,-0.8190750441594616,0.6492059638798285,-0.05450851370511128,0.4302452176831343,-0.18109055170940783,-0.4396548446461648,0.26550464387247075
ITA,2017,-1.218697540850609,-0.43105000845774377,-0.7175743742165259,0.5846950160283007,-0.1256818306722759,0.31539701537732995,-0.25332628242083555,-0.5109175867812354,0.2930105511986556
ITA,2018,-1.0981267765299565,-0.4272090816168669,-0.8034391186572607,0.5502743972474782,-0.1102457875065999,0.2410740480784367,-0.20948602432317553,-0.3410472831855048,0.04499780114787288
ITA,2019,-1.0711286674939393,-0.339730511651946,-0.7625176390913604,0.7189951391106614,-0.24391805273536168,0.20024587322161705,-0.2971570965492369,-0.1846254264256638,0.01082883886750153
ITA,2020,-1.5589306637174472,-0.37461688135572,-1.1486646223498667,2.3122798428466567,0.27830264292392143,-0.12131248422840435,-1.02185938572373,0.15944446001416512,-1.6078181768844833
ITA,2021,-0.28990604378389306,-0.2597372653569265,0.28377389165650413,-0.45531659999868895,-0.4640883499357107,0.2994993426296229,0.40696184898612525,-0.6980283257094153,1.360913318052833
ITA,2022,-0.4003941607610962,-0.15217975764801905,-0.00357115679779175,-0.5933899507764276,0.0686859044719714,0.015709653739604403,0.013645161106658114,-0.1199609168624645,0.36048744385085957
ITA,2023,-0.626622003309621,-0.23248404440997805,-0.2098426581722699,0.1672721808882493,-0.027728222321551012,-0.17909726168296036,-0.2818210966399591,-0.08487127151493763,-0.3260263679222959
ITA,2024,-0.6290613438269571,-0.20315427017166485,-0.1314142468034928,0.35731793399003425,-0.23613895924393344,-0.3312356068126068,-0.3051693036224161,0.042229081081416285,-0.32686714829017394
JPN,1990,1.2328375549987425,0.44797868481542513,3.1494748445478304,1.5587893630158052,1.7460811964050624,0.5006623197530857,1.1252056134583024,0.26876414100486246,0.0934690238489907
JPN,1991,1.193132291345638,0.4243403304816869,3.1066487167689107,1.7544444206506191,1.7717625142823943,0.22698312227973558,1.051051342458713,0.4316533685538314,-0.23357003357173878
JPN,1992,0.951925387457834,0.3769048284841594,2.784383668007476,2.1737733952847877,1.8659108663216164,0.21133800960706753,0.8474071789498129,0.5667329243197349,-0.6247829294819275
JPN,1993,0.785724240289544,0.3080654131176222,2.594262936646144,2.4230497068981207,1.9289611336716757,0.22525661334835312,0.7837576415839748,0.5420121214409381,-0.84177095390452
JPN,1994,0.9025446477185864,0.3826231457023365,2.681687197684441,2.1638003354115307,1.8851566651908969,0.5033292589251614,0.6664611134001626,0.3880678792075802,-0.6329452828795207
JPN,1995,0.9707639621589432,0.38451721371301506,2.7663516989769192,1.9742667706442614,1.7960088000893266,0.5769756769211297,0.7474465126839707,0.28900094174111574,-0.39642151217556404
JPN,1996,0.9955737264016143,0.3643422700408222,2.1377875580161665,0.9420296185027333,2.5418734373741274,-0.09100483386469249,0.19989980541327423,0.26633865730177186,0.4029199243902802
JPN,1997,0.9479248765835139,0.3204675526855051,1.9076608210703814,1.369033255433606,2.731452058258381,-0.12022501935964805,0.1734395750867911,0.31758275863242763,0.18177346665140598
JPN,1998,0.625510901449384,0.22430613818818493,1.5268559805011475,2.048210834116769,2.843396126434049,-0.02335542591321725,0.06095374125643551,0.4208722955439358,-0.2944371330691139
JPN,1999,0.499561608633122,0.05633622331921084,1.595094447524756,2.043101379913835,2.620004815448959,0.12492017449487221,0.44410860567564014,0.18258268542380562,-0.1838915653636851
JPN,2000,0.7302811982222024,0.14355943170004393,1.9169098203717874,1.6013377690375437,2.2512808989730937,0.2755263476350243,0.6158138478723253,0.062055985187468646,0.366149582004396
JPN,2001,0.35290108093491485,0.19551277466389708,1.8326598843117488,1.8874717878943306,1.806113957721242,0.4290838125127604,0.2934389001875683,0.3985558600286577,-0.28037501831601824
JPN,2002,0.23655112543840526,0.1960929257610477,1.8027683368082894,2.2080667766466076,1.4651770973207083,0.6168178782672347,0.4852381436791817,0.3306276328977355,-0.44601828818127526
JPN,2003,0.44097790760738537,0.2282497079277095,2.222290312033204,2.4542106605122322,1.0680469062823337,0.916976385341499,0.82702087476929,0.23033441188227974,-0.4914150928797302
JPN,2004,0.6116183022670881,0.28653682395168284,2.3534765255747803,2.439857002611912,0.8137947781813291,0.9404121300843233,0.8621475979298234,0.23571585948179477,-0.4436206761424473
JPN,2005,0.6114857807917915,0.30078109631611716,2.1548213606846125,2.2445678462254914,1.0012482207606312,0.7473531467506561,0.6612608381085956,0.3064748427619126,-0.3460058753246758
JPN,2006,0.6749797268777895,0.3166266723988559,2.0388308553952683,2.211723354032662,1.0259717417040293,0.6423806158051826,0.5284496170556694,0.3343151787410245,-0.34294161503217563
JPN,2007,0.832333344634341,0.32703761348967947,2.0105563771212935,2.1688782719793145,0.8652833086554607,0.6407690639462872,0.523137921295248,0.3066222310742889,-0.38653181911942536
JPN,2008,0.4612662727961308,0.1641680014843853,1.641876021705522,2.191080073975916,1.2160104751543401,0.36625969290758076,0.30171557021631845,0.32662087175941873,-0.9650695872107466
JPN,2009,-0.31780348125794916,0.11033316704925909,1.4421217094125778,3.4871946696718403,1.0398532560781075,0.7532968260025475,0.35204510706552733,0.6723720924185471,-1.8751754894773804
JPN,2010,0.3515288635987105,0.17488955454887317,1.9434489673788586,1.9269164210839937,0.47172462583931707,0.8561589924622641,0.7866198249343699,0.058446108914707494,0.038769163200563915
JPN,2011,0.019425426645411917,0.10842625441143525,1.6328282099668843,2.281108944480466,0.8580851853838545,0.529359312776023,0.5026807623610569,0.33462688240097965,-0.7845414089779507
JPN,2012,0.028508754678036066,0.14428697557747563,1.7265123572196621,1.8278164982418683,0.9119555150527449,0.4811273745388616,0.5383302491687846,0.3404975830007559,-0.40904789200111663
JPN,2013,0.1285387370611842,0.29735002687976037,1.771027691220145,1.8713119518153072,0.8917284607822774,0.5559606595247125,0.5263679108555317,0.5805864090446988,-0.2534648178503876
JPN,2014,0.24693349292580946,0.23296377538719173,1.7043458162409832,1.8829151032529885,1.0595572733376277,0.35896667249045283,0.47982975002010486,0.5334918232105247,-0.5374012743835109
JPN,2015,0.6272830802795684,0.3911889974876423,2.0915325300699235,2.2223913840788483,0.7157915920035759,0.6302242328589032,0.5991309169278637,0.5372531775856108,-0.4240091360062106
JPN,2016,0.6333822215379337,0.2518103252909399,2.0504895734736097,2.4585129971649056,0.7119710534643425,0.5269754462172501,0.7566487774931051,0.451084446129497,-0.7324277400450401
JPN,2017,0.7802997315196314,0.337013076083767,2.0697360358247083,2.3359281540848293,0.7925497472748976,0.4759488557332976,0.6857166331336821,0.49876463381253244,-0.4214053083903469
JPN,2018,0.7577160202316435,0.2823819656305531,1.9133060404006221,2.196814239273261,0.994855804047966,0.2625563273963115,0.5554207499220853,0.5073334079175329,-0.559748349434039
JPN,2019,0.7276029401305907,0.28310952085291474,1.904780746614507,2.468769502685826,1.14958615604082,0.28241612413529177,0.5934029996667831,0.626675349353643,-0.7611288979459427
JPN,2020,0.46155607812505095,0.2983550533729336,1.8299999907901294,3.3615604195422017,1.4678885732158553,0.5405513206504504,0.6040312333898907,0.8891763205904515,-1.5646438935821054
JPN,2021,0.9846752280541788,0.3042895897135665,2.162684930943615,2.2209969555394458,1.0971296242701452,0.4753376251592323,0.9940247982941857,0.43937731657725204,0.07607955254789037
JPN,2022,0.7913449701387031,0.29369637885269045,1.5780950820383717,1.9523393973609813,1.5748328036019998,0.0954019968328022,0.5663083715179237,0.6964084917621144,-0.11380626436557664
JPN,2023,0.9237743855202448,0.278201148224612,1.6740565226928459,2.3066396021688664,1.4198399784255082,0.1564341393602626,0.5678783741725469,0.553600391276101,-0.29460192987878625
JPN,2024,0.9444898716090155,0.25331141413223984,1.500854517239717,2.513707617686534,1.439542683330936,0.04600097528605415,0.5074306689960988,0.6137581122165081,-0.3457708346351721
KEN,1990,-1.3266543511335642,-0.24263169601804438,0.1737302717718706,-1.2239897929286563,-0.6045964901407055,-1.4960463641941917,-0.06027967096892026,0.3824602590248715,0.026882531240846826
KEN,1991,-1.4510514186373056,-0.15355177646903642,-0.3053294865138232,-0.47732773019251656,-0.7761033983027051,-1.4692911595474085,-0.4525313776218249,0.6009296601402672,-0.14388048833996672
KEN,1992,-2.1077188448415765,-0.22750283624347004,-0.903092484786924,-0.07180388772742219,-0.8828443726350431,-1.5921318385642689,-0.5600434628195029,0.6952461506200832,-0.4099336201430948
KEN,1993,-0.6650939934611423,0.37258604389410227,-0.5878349048175111,-0.012737296555826647,-0.9621482807382449,-1.230472433899808,-0.5867030762659671,1.170078425699316,0.093430233060492
KEN,1994,-0.701621127813883,-0.18786621337876855,-0.11224816615353594,-0.478747303714632,-0.8862695702393074,-1.5916236871038518,-0.14514226641480443,0.22423515990954102,-0.011776911861006637
KEN,1995,-1.6524102958893305,-0.4417082260182905,0.14893342140798954,-1.921620720044866,-0.10155784404645712,-1.7370181545149674,0.02682670975402468,0.3426668189231441,-0.21495369430794842
KEN,1996,-1.9460814428209123,-0.30564368939377556,-0.3788892881003075,-1.1576205273338913,-0.9860034556051004,-1.2726131376554737,-0.2914064254428873,0.46640505582397057,0.04619664115319459
KEN,1997,-2.5156557408908817,-0.42580014984182313,-0.46396402572822454,-1.1310434188928424,-0.38804023921304454,-1.4610745693286302,-0.5387424600839225,0.618150902040537,-0.8277237605429284
KEN,1998,-2.6858732181405887,-0.5173831053378689,0.024395524893492584,-1.9187427021775039,-0.19303235215064343,-1.4977846496993135,-0.2980266130129655,0.5602778315501477,-0.4821360704400046
KEN,1999,-2.7083751998588594,-0.44368172061188926,-0.12558051888162433,-1.6232986639893445,-0.21159519220574693,-1.4815921561284568,-0.3623759742639073,0.7469774126053363,-0.4770073608052902
KEN,2000,-1.9236368414538894,-0.3858294961237187,-0.6083893721395451,-0.11696156999068129,-1.0342674311447722,-1.289357923230002,-0.3338326287957004,0.6686431661499321,-0.40441480575345196
KEN,2001,-1.9120014336639028,-0.4405392046679656,-0.32234541249285537,-0.634834878907359,-1.140987806360533,-1.3100656045582733,-0.09246358413869137,0.45814435660924546,0.08248733468345981
KEN,2002,-2.2551694853698137,-0.5158619637527786,-0.8571970505796358,0.008738621945953026,-1.2523470799996639,-1.3259213397848444,-0.3348760610124148,0.5944528194022671,-0.3946193165542614
KEN,2003,-1.9006828035971974,-0.44662758360433097,-0.5436380227483877,-0.10277345985530727,-1.4863985997231748,-1.2215407643501655,-0.014432522616261,0.45520335203616746,0.0005631556247617957
KEN,2004,-1.6571289426534752,-0.37029882829088223,-0.3771060707085843,-0.5433986351657335,-1.4129468881149638,-1.225259089830861,0.023147157772407046,0.36159015869496147,0.4219592501905407
KEN,2005,-1.3985680434182275,-0.40066160228252007,-0.2601809164967537,-0.7304085654312211,-1.3868454089649918,-1.265604667522234,0.04855980659997101,0.2030565002205475,0.47766615972161935
KEN,2006,-1.2555155208718387,-0.25396476424634395,0.15344575195375526,-0.9069618049211734,-1.3170605268993403,-1.103707627993895,0.02523580266418334,0.14272654675087365,0.4109962916581918
KEN,2007,-1.1232823787092887,-0.2392618676320639,0.322144199514006,-1.1481420055452711,-1.178354421119341,-0.9907745709290378,0.2714578597519903,0.2629093863525147,0.2894691011941402
KEN,2008,-1.7697310407128537,-0.25288431369849096,-0.29665109226902747,-0.48362744425001336,-0.6115147079787784,-1.3166579003047407,-0.4866169178252087,0.5385371337900023,-0.771447458882627
KEN,2009,-2.239562293856635,-0.30200322892116066,-0.10064843845463221,-0.7674199110719808,-1.0523997409544377,-1.1043498797989644,-0.19383321434307638,0.6020171015852546,-0.21074126928328976
KEN,2010,-1.8616382648156822,-0.33067386812094324,0.3362470274353911,-1.5462907791915483,-1.1023333651371974,-1.1151623265160833,0.25455788205737206,0.2948189769359416,0.5442641328920604
KEN,2011,-1.9588969499877107,-0.28813189003654177,-0.04672478601300218,-1.661763800434728,-0.5971619811397495,-1.0720581943564127,0.05746873069734372,0.6658122500749204,-0.16892362678516665
KEN,2012,-2.062315315422502,-0.41800630703657243,0.08458127182102476,-1.402503553038722,-0.6723650643195586,-1.169187723473442,0.19833373954216135,0.5706913470892852,-0.29871718264135955
KEN,2013,-2.273420874134187,-0.3953343091401296,0.12685993743437463,-1.273081722734012,-0.5862534375654398,-1.142961583873712,0.10764466661505723,0.6660602279505093,-0.4087364730110764
KEN,2014,-2.1583400992238047,-0.33174582018447757,0.47153247945208554,-1.4694598480908314,-0.36886191631703535,-1.199164815130927,0.29939823286273104,0.6036718241262312,-0.2037208710936762
KEN,2015,-2.1883361895911335,-0.3131667045530244,0.3454915812235643,-1.007838824182815,-0.7031876403859668,-1.0940230912506144,0.2633528946279535,0.6767570285470782,0.038441920807155604
KEN,2016,-2.017434236179502,-0.3716984514478879,0.3594585725534785,-0.5105786689988352,-0.9511853484692339,-1.1267158433337685,0.32016982734002586,0.6203044553263519,0.040018016218645515
KEN,2017,-2.152981323815983,-0.4150654630569453,0.2361519996809878,-0.7777764878251798,-0.7326223899052433,-1.114697044375412,0.3636130036773307,0.62133962442195,-0.07753297334213526
KEN,2018,-2.069082582699085,-0.4467914771943356,0.30535819614355697,-0.7448479773503446,-1.056156820783809,-0.9922143362778545,0.4923767467660984,0.3686566455219134,0.37118374691581235
KEN,2019,-2.2139047645676673,-0.4633601581201183,0.2898403611718115,-0.5829774794440876,-1.069424683389496,-0.8822426951746967,0.4714754113043803,0.35866232022685063,0.3259457310215861
KEN,2020,-2.366291620503525,-0.4190083594375815,-0.09186870803695729,0.3475967341246508,-0.8190047075633762,-0.8955793611460479,0.05529824086995027,0.5544758017846384,-0.49680967621371375
KEN,2021,-1.8915395374475839,-0.4357322726828334,0.4412888466421204,-0.8419062941834963,-1.1661787092268883,-0.8005637179843835,0.6617186456285135,0.15724730624943295,0.8874480526169813
KEN,2022,-2.01904299409365,-0.44515295731865206,-0.043029084722924056,-0.5800475603334538,-1.0167171730413433,-0.9181788101737574,0.3198825571698208,0.3097375705183176,0.49057061170392074
KEN,2023,-2.0508991345557055,-0.3659430907471123,-0.2286910968558877,-0.46973326189633696,-1.3065508062112832,-0.8980124545204038,0.3047926671870282,0.3433162705946908,0.8450732829921977
KEN,2024,-2.0514768114151383,-0.5556839196857781,-0.22631242572016308,-0.18698270815212875,-1.4839384349031943,-0.9170137091214143,0.3652487414007936,0.21621087414648316,0.5098120666736111
KOR,1990,1.9802192707935593,0.6097360661369349,2.8364266366787034,-1.8185569639867798,0.633957661399721,-0.3081386700206185,-0.1942501257810541,-0.48845928605621125,0.526460958220853
KOR,1991,2.048714908831981,0.6733197800675,3.043086483054336,-2.1559800495763706,0.7758570585820131,-0.4387663440441396,-0.16403926310928657,-0.4265778741143217,0.5995219075514994
KOR,1992,1.6690214841451025,0.5991612264954224,2.516799953231823,-1.3215589008393334,0.733287096679561,-0.48424411584130145,-0.5060848909455102,-0.167757893619889,-0.08435795323158522
KOR,1993,1.6851927234661792,0.5796181448104585,2.506625620397684,-1.2484975545710988,0.5595836497124588,-0.3798441315864646,-0.44052308091050807,-0.2809258074655601,0.06923969046803824
KOR,1994,1.8395767963911622,0.6078542113244637,2.776373135622565,-1.7367001770930053,0.5637316710275383,-0.3754121231279349,-0.2903287912889278,-0.39493842772897236,0.3546098747115676
KOR,1995,1.9338008433142646,0.5858091460382071,2.8229973774164505,-1.9288563384457589,0.6122845133084523,-0.42699278695322623,-0.2976603452851564,-0.4154623831419851,0.3090333691695159
KOR,1996,1.5928328134228906,0.5696687423759077,2.6618843521515028,-1.879603139774656,0.8870874103320845,-0.5275862018026874,-0.4078847957227787,-0.190691390484667,0.009588517287330886
KOR,1997,1.4972717896206686,0.5785395978858509,2.134803045020029,-1.4744498161883206,0.873950848964398,-0.47132227064517446,-0.6738649423444232,-0.07513783824547858,-0.0010548325594244208
KOR,1998,1.2392842714654921,0.7397007149096526,0.3696066871511509,1.6007637758776991,0.2418110290151052,0.6155900411866694,-1.57552104276915,0.2343953086436671,-1.347226530086585
KOR,1999,1.8071575506159483,0.40031101320157064,2.0932500037284534,-1.0444902021612896,-0.22452669473471257,0.637484876402734,0.23944899384975527,-0.9262738821068189,0.9555582512795782
KOR,2000,1.8037178834584335,0.5027120678292787,2.0982330640019327,-1.0802270109296874,0.23698308369594814,0.26534688004426243,-0.09613833165561382,-0.5087260183609429,0.35494415255431455
KOR,2001,1.269949024293844,0.7354420598710859,1.7258845380392045,-0.18853360249082057,0.8864388272115327,0.1390089770042267,-0.2623054466257385,-0.07052757116015741,-0.18019790341579411
KOR,2002,1.4165925606550775,0.3920497055269496,2.073434422865806,-0.3753398264239357,0.7210181202670962,0.09260368484682267,0.10773681033654076,-0.223969140288174,0.3283828123408736
KOR,2003,1.4012745522273131,0.3687079839366108,1.8367227470429794,0.3606430643825539,0.9254412877026332,0.09716498188880857,-0.1823528057273657,-0.02394984316168027,-0.5431972889218065
KOR,2004,1.9908393873238046,0.4898992191599605,1.964227676151509,0.14517105090123097,0.6634251307727045,0.31999779979733217,-0.15680957716348612,-0.2102102378527231,-0.23531758874440178
KOR,2005,1.6732228306995016,0.3812887708441193,1.8579257290529487,-0.0040384120081400675,0.9650431101287806,0.16709053630279483,-0.20397780524315615,-0.2133193504832816,-0.41944522876675355
KOR,2006,1.646699459196857,0.38867866247535915,1.8815811057089284,-0.14643988972199934,1.1753250475448405,0.07585130310155101,-0.15204535727441362,-0.2199286678097856,-0.1755191796987145
KOR,2007,1.8220151994260128,0.41598014422768137,1.871062485726266,-0.1636104272303196,1.2465755696814889,0.039818066261765726,-0.15422355191368037,-0.22486454535552106,0.03017299729511229
KOR,2008,1.9222072145847706,0.4726078437829812,1.1706179005464101,-0.07640096955750736,1.8184216266541526,-0.14724522580255006,-0.6633272421238219,0.023632177883892075,-0.24344876674900678
KOR,2009,1.692746897509528,0.48155216789900146,1.0719446686866692,0.8952244647831256,1.2635141579006437,0.20544899655257767,-0.676423196125996,0.11252536080145353,-0.6406532286274592
KOR,2010,2.356554786089422,0.41794860975048576,1.7308710758816925,-0.3033720712115796,1.1515689457338543,0.18702042316310452,-0.2830689377459576,-0.5152654303463693,0.18045254482185213
KOR,2011,2.3539263787448608,0.43145266030177554,1.2925101746481278,-0.16740171842767307,1.562824109551573,0.02237722638202605,-0.7643275454554185,-0.35211294858237624,-0.4379852836280689
KOR,2012,2.310773999698853,0.4486961324355243,1.045784022871552,0.26941801333053794,1.3063034726520226,0.03632474404649636,-0.8771118656915307,-0.23674521677021707,-0.4991558562876737
KOR,2013,2.2834780137919974,0.4278590251548011,1.1009729283463492,0.39337465049163345,1.0369319020378451,0.1513638726729208,-0.7430290658242406,-0.31763290373735426,-0.3224809004105546
KOR,2014,2.1475642618876973,0.4256085411371692,1.2063141571703622,0.5158975679168958,1.0475278580307572,0.13676310712075979,-0.6491416198173523,-0.29617903454042377,-0.29348429692748546
KOR,2015,2.0620090976675254,0.5239052419486541,1.3975390742501805,0.9229186894073289,0.8746905235601328,0.35075645828723195,-0.590039023155615,-0.19314977854762538,-0.22044541237837187
KOR,2016,2.0355964613977946,0.5011399617841763,1.568193687603186,0.8983220161587646,0.936316553761702,0.3957984070870286,-0.4075973508145027,-0.18508173288780672,-0.2403545970605884
KOR,2017,2.133138402596398,0.4755751847829484,1.6618106649193314,0.5490697352929271,1.2342899523477382,0.3306257887764164,-0.4107474446819286,-0.24695740498861374,-0.3154653165168385
KOR,2018,2.002201171835687,0.43196598962782373,1.5030848096999538,0.5819141183254116,1.300713179248266,0.2825740623626493,-0.4642003860053506,-0.2725506058298485,-0.2841165420699845
KOR,2019,1.7638714271084899,0.4345880222747924,1.4660856307011014,0.8007756321084446,1.4598597870166108,0.24690408802567715,-0.4065821799079324,-0.070438434127341,-0.33907918056725156
KOR,2020,1.7122545084912226,0.4352089945704319,1.4657751940705603,1.5865762568445876,1.6736801079839272,0.30941512036611185,-0.3773582531184093,0.07145519601888839,-0.8393483074798603
KOR,2021,2.2415824091329046,0.42833882540694357,1.6294664908849916,0.6826625414835539,1.6224021331041143,0.23614190764713333,-0.03528435669659877,-0.2497467467951939,0.15806624889660528
KOR,2022,2.131599400364452,0.44054176163696795,1.2410438689301433,0.399620069018245,2.086945182181681,-0.008991170565212028,-0.44470629875378054,0.04290191188555721,-0.21190883156222382
KOR,2023,1.825454311160816,0.3230825149861957,1.1709695755093243,0.7327777183944096,1.9966437707681461,-0.13042158710049248,-0.3624155645877106,0.05864566448939506,-0.38957469689171936
KOR,2024,2.0963796403245234,0.3930591672542718,1.0319185003416664,0.9946927309477507,1.6499801147389772,-0.01568771717678751,-0.49605648497043925,-0.058702170756881486,-0.15334744205309228
LKA,1990,-0.7483492407924972,-0.13164146076011732,0.13166575229614133,-1.2222838284787703,-0.8698825545929522,-0.6907382148824981,-0.17931356075154792,-0.19602825779559319,0.48392222392568973
LKA,1991,-1.4615241420986038,-0.33382799449679457,-0.21338175231549392,-1.2159939299081788,-0.6015860035515704,0.669569832255458,-0.34229389506499897,-0.9498289558732609,0.14363612526374514
LKA,1992,-1.0798105857747322,-0.2656749692627605,-0.16488301947457717,-1.0671757261556327,-0.6464087920362033,0.7278003024507271,-0.33698647355662026,-0.8678043188672305,0.07091807055469451
LKA,1993,-0.6475034867942145,-0.1440357163187446,0.1486326750574952,-1.2199966349340357,-0.8730070670528329,0.8557544124387144,-0.03173030744544036,-0.8838617962974057,0.45701269738207095
LKA,1994,-0.7707558062601653,-0.2065670004975927,0.24583843697836646,-1.33795858774824,-0.5562228551987731,0.6449076369516403,-0.13631163520772183,-0.806362563414055,0.011775342537288687
LKA,1995,-0.9263656535847199,-0.2028755279816653,0.030360909731030276,-1.1749863997725751,-0.3182585202131845,0.46760091467333603,-0.19116459246892856,-0.7805797845527611,0.17048092364123266
LKA,1996,-0.950577591511579,-0.2217454759177409,-0.13361835252652746,-0.8906727716570915,-0.3551663115647154,0.35854936419198746,-0.38014746598771826,-0.5591628777565087,-0.09015416272215712
LKA,1997,-0.5401841963230867,-0.19590542676858114,-0.057849656970461905,-1.136479573784692,-0.6388611988724443,0.3845064865522417,-0.030537728548594153,-0.5310174748160067,0.3868561626750217
LKA,1998,-0.48528211475886124,-0.13596526758242367,0.010840978938829293,-0.7902714726633139,-0.5869017135538523,0.06634465864341486,-0.2961325825830715,-0.39218292699991125,0.14732023677839803
LKA,1999,-0.4674884876994398,-0.13406617101985624,0.15877786000049718,-1.0149869292908884,-0.27276649445426165,-0.06881595497783803,-0.34826882175179585,-0.3311281845139583,-0.004182549951709888
LKA,2000,-0.38099860575666805,-0.14966530623778238,0.19370915143914966,-1.6711350795787192,-0.1290853967455542,-0.3374781589214043,-0.3647720379712828,-0.3431616064755304,0.17190373988618887
LKA,2001,-0.9114818461887956,-0.1626485274889981,-0.761799923808281,0.03929476873386996,-0.34399500442997827,-0.3673360489943027,-0.8688881562460576,0.07640595344807673,-0.790531383321538
LKA,2002,-0.5059288165562105,-0.0805299828125616,-0.05130346046862264,-0.8967492197537846,-0.42818881567361755,0.19522998341019535,-0.6828703917223428,-0.4557846343036545,-0.13475618733332634
LKA,2003,-0.3833939243124481,-0.10908354136582697,0.0715621276767618,-0.9315246136209345,-0.76575385264334,0.1678345467961957,-0.4224833929406734,-0.5356005875209764,0.23160562219954317
LKA,2004,-0.3250931548234488,-0.05351363171956121,0.2134557372830523,-1.2500314336687728,-0.3098667702186616,0.10503657927878404,-0.5209603480971534,-0.5035552627344967,0.03163493083801689
LKA,2005,-0.0527341571337121,0.01738665979957726,0.5945798948206955,-1.3017479065300737,-0.28234205276823,0.06637289899541861,-0.39888908206249907,-0.5389362106722039,0.08303586958955449
LKA,2006,-0.12662581722148694,0.02651413907129858,0.8199916793542302,-1.806898599904981,-0.12577825987252655,-0.11745370850247662,-0.2474492391272521,-0.37097089536181393,0.2217333941044605
LKA,2007,-0.10273453132123049,0.06995953673816481,0.8095773559441012,-1.534665489734505,-0.1923626411158455,-0.20498123059600076,-0.22400395673144644,-0.22317489301812382,0.12116725754364097
LKA,2008,-0.8645895493746394,-0.10815843860738537,0.7076935545731821,-2.0926261278597917,0.11555017906647275,-0.5438038772423492,-0.298683963951402,-0.08979576961433136,-0.27115497680502865
LKA,2009,-0.50604224560391,0.0691748813691821,0.7554592485737385,-0.45166980207224144,-0.6917219599676047,-0.10270927791944626,-0.3736936932304232,-0.027762267694141893,-0.33653832523830657
LKA,2010,0.13836930424926458,0.07854534815898494,1.048722492762633,-1.2812705227361905,-0.8210534101777877,-0.23921128250615703,-0.12187301946803683,-0.2929660839791159,0.24158301352905515
LKA,2011,-0.08801029272483102,0.12884967391294533,1.0269214554944808,-1.9124086415588295,-0.31646566300266465,-0.5011974779886004,-0.06315212730141323,-0.2404211849162998,0.284132244807329
LKA,2012,0.04077091592181989,0.17508807695906356,1.0814208554374458,-1.8369650013951084,-0.3530535301075177,-0.3633260506331629,-0.26929228168975167,-0.07455816327651858,0.3472454065786468
LKA,2013,-0.13626783735930553,0.03497597202361085,0.6492639309265931,-0.9647914155760087,-0.28417474899666223,-0.5360541124795688,-0.41892540336249345,0.018876025235550722,-0.384322907460579
LKA,2014,-0.009047302705135924,0.007633125813572911,0.7740331502380692,-1.1284063849725854,-0.49680366435394285,-0.5416981867110484,-0.17854216321344915,-0.07669131760811926,0.12536329377045635
LKA,2015,0.3552152478682005,0.18972123367204863,1.5841719785075028,-0.7522315912139061,0.18856861291145008,-0.6162091882055782,-0.06110656889416665,0.06464559786889999,-0.16988233690777982
LKA,2016,0.6582749227679326,0.2479478086021977,1.7848634176395408,-0.892311842547363,0.3385350536065968,-0.6923380956997285,0.03117193826291927,0.07406840174853835,0.040923565497592324
LKA,2017,1.032038742270134,0.3081069238704313,2.1846529496260154,-1.0478094004067318,0.40970857616110956,-0.7220537787033845,0.3546480719714068,0.055121737726724775,0.22394524651843803
LKA,2018,0.6165609423465502,0.20064062611483777,1.6246114574602857,-0.6134506288297044,0.6818778916688091,-0.7756168684226409,-0.038528723917286664,0.2753061455434141,-0.47872259669332545
LKA,2019,0.17257501599210534,0.16516369761042068,1.1899251303828031,-0.12362696666432882,0.5641378845805921,-0.6567714516662403,-0.42652722827165984,0.327125365735396,-0.8753071540788604
LKA,2020,-0.3706175226413269,0.14225020113059064,0.929310822637427,0.42569640820593274,0.5031170904953207,-0.6524152136233209,-0.7817392789679672,0.4181545945287514,-1.7190198898567555
LKA,2021,0.3637243206992415,0.26150575491943867,1.787378441626235,-1.2223566254877076,0.49243184951892377,-0.6006969061760694,-0.2946504031406195,-0.02104340472411461,-0.2595845902691418
LKA,2022,-0.9163466935580779,0.5285230292734284,-0.03190563797341093,0.37192586269196065,0.6189080981123911,-0.5736419283328694,-1.728777175242552,1.0097071575775836,-1.9652173177583605
LKA,2023,-0.6285256445146883,0.04635793734431477,0.225551369975636,0.30093431684492516,-0.2455596469213976,-0.6612937532907502,-0.8300809100586762,0.26534218491741735,-1.0748994782643464
LKA,2024,-0.1199209796414593,0.09216196296038949,0.9864959012717585,-0.5941623871706779,-0.570869584677832,-0.5478826539449762,-0.24523472876826735,0.023212310716679445,0.1749281722154568
MEX,1990,-0.9454635675282271,0.2878981610773887,0.741475503418746,-1.23536984991431,-0.5618685710566526,-0.6414746984615513,-0.33551405718690497,-0.004626118717384444,-0.09536058691245708
MEX,1991,-1.162886724011005,0.18705179998547472,0.8352730038482648,-1.1630893385558996,-0.4687977437638406,-0.6131666757259293,-0.3698489153119376,0.2849160463718645,-0.48416264491023614
MEX,1992,-1.4214844535266422,-0.0024965070777715407,0.7943029140097122,-1.3160899282996552,-0.3284249407921862,-0.6913186469826459,-0.4335850724536497,0.30092794194818206,-0.6178365277006732
MEX,1993,-1.2567834833993374,0.0525199624175046,0.9996766660208227,-0.9233620500930785,-0.43643675529629117,-0.4740824885617854,-0.5547264929442683,0.24766622946438158,-0.7413626477028747
MEX,1994,-1.2331264171004768,0.00636310994992515,0.793502205391557,-1.540912790662819,-0.16734671627119896,-0.5270243745393418,-0.4928271986964563,0.17840494804825788,-0.273845097676122
MEX,1995,-1.565024650676178,0.5908878003550332,-0.5762906166943426,0.4567903746708612,-0.1605143690778021,0.31243686224896167,-1.81918737300081,1.0201858670283832,-1.5612156977715022
MEX,1996,-0.6503071489330016,0.24005467092709293,0.4525229970675529,-1.1806608160377907,-0.8638988473304435,0.029788634743151646,-0.5846434260270135,-0.13119175718589887,0.1647257990606584
MEX,1997,-0.4635981825353216,0.28532548377666084,0.7863255889937132,-1.3989291300166724,-0.8940075598345779,-0.1366008857233717,-0.35300992798831227,-0.1555498131339515,0.10224151390841657
MEX,1998,-0.44294441263954165,0.21184093377520713,0.8254523270667122,-1.5189929073877915,-0.6487864567815796,-0.28337010024611237,-0.5935430637323865,0.06670334040877728,-0.06197791924924174
MEX,1999,-0.6001628318416166,0.1320934537929993,0.5348992032673349,-1.0160185289869714,-0.5929675741217082,-0.646354311542053,-0.7560461091122087,0.2635294026690212,-0.6856704414632734
MEX,2000,-0.5630168193483733,-0.026935970954903837,0.6256013113150016,-1.4024311281439532,-0.7282247993446503,-0.6269504232163973,-0.5706866776584623,0.14989648729943034,-0.32175245232235233
MEX,2001,-1.019362550525994,-0.014434536745996759,0.10878774573333938,-0.5745593359763411,-0.6355646635656539,-0.6798446136913648,-0.768656014670285,0.5413109884230065,-1.300549853120922
MEX,2002,-1.0450587204597759,-0.051569803903640896,0.14797026663996304,-0.4161075387205226,-0.6949376837903212,-0.6640320893302574,-0.8131083246329288,0.48921525066822236,-1.129466536513418
MEX,2003,-0.9310147299510353,0.009959609537186049,0.19128625072101704,-0.48385752255998776,-0.838159068632006,-0.5254942190788604,-0.721061842877285,0.44101557991985,-0.79905135188703
MEX,2004,-0.6103993465502531,0.003780162910006162,0.369840832164538,-0.8350289173962603,-0.9094815398681438,-0.4241681268444784,-0.44823020017173293,0.22660484972541,-0.42406489361296223
MEX,2005,-0.8255857148386859,-0.10203377817877933,0.19605202773986682,-0.6325913679461839,-0.8625254132938313,-0.6007662162356601,-0.4951165156041694,0.28179521120497236,-0.6976073522370014
MEX,2006,-0.437825876040904,-0.02992381505670883,0.5034687517652088,-0.9621680753219582,-0.880914577817235,-0.5335528410626863,-0.4159715528102764,0.09142569540021073,-0.16795141457859383
MEX,2007,-0.5997348638242506,-0.04761808951139186,0.2839238664051776,-0.649219582965129,-0.6544174636977773,-0.5906440199887285,-0.5071840563874421,0.29015698079463415,-0.6752570422786666
MEX,2008,-0.7079516828106874,-0.04837999479668163,0.24670795215188063,-0.5985601835562154,-0.5021816802389187,-0.5912341277704432,-0.6223863518200159,0.3335959688283472,-0.9187748290729467
MEX,2009,-1.226741551246388,0.025560095106970618,-0.31898436487672144,0.5909722227619503,-0.19017907811803708,-0.38364531031104787,-1.216659163453547,0.7291888825920125,-2.043147684386877
MEX,2010,-0.573951096482624,-0.11683949080763444,0.3757929084987124,-0.9128716794829606,-0.8619633262240832,-0.251042536993412,-0.18673229241636202,-0.059058268168108816,-0.18195892806703634
MEX,2011,-0.5949604769878135,-0.0872811005533252,0.3632614538687832,-0.7246307082182506,-0.6921043423144226,-0.31435488590422966,-0.38440373060387584,0.027292920659763166,-0.4521783533340609
MEX,2012,-0.5333246121459537,-0.0005400514887735362,0.44966501679693627,-0.7950802625063961,-0.6226823330673487,-0.27179392711513556,-0.5331386731288783,0.057961931698772076,-0.4684417605595865
MEX,2013,-0.9521104597390563,-0.16067595772052298,-0.005883043781505011,-0.5739793341753995,-0.48380640609291975,-0.2830635510428148,-0.45266842940263075,0.31616720705677204,-1.0641685706278885
MEX,2014,-0.8448784488247559,-0.07778000827066835,0.16360608607466465,-0.6296857303141867,-0.6499836368185028,-0.2868741695657608,-0.5081230272947846,0.17852249773912446,-0.6559218979071377
MEX,2015,-0.5051813246907889,0.08008760743584144,0.24883692932900578,-0.864689678338349,-0.4271593101522696,-0.21182289802748178,-0.6481501391274495,0.33896276025511923,-0.679821664998243
MEX,2016,-0.32753719214612803,0.09374822514435707,0.17072049201961714,-0.7343505315726218,-0.34081253266320855,-0.2811604556749434,-0.6779855183701767,0.42452338983853555,-0.8806719788433353
MEX,2017,-0.20366992022546926,0.0172754688113334,0.17887649469798467,-0.6877924497943563,-0.35550493444224707,-0.45912159862946694,-0.6685698568102758,0.23607114000143464,-0.8813847011204979
MEX,2018,-0.13208368426321215,-0.012185881897494508,0.10888717594074944,-0.7514850557141594,-0.36685877759817465,-0.4985292647991746,-0.6956012943186455,0.24682158914621438,-0.8541431833017006
MEX,2019,-0.2782393671175805,-0.042419963857036204,-0.1249651469751941,-0.17135760543516293,-0.38877109926185494,-0.5304464191272885,-0.8787316598792546,0.28888355755412803,-1.13751617905691
MEX,2020,-0.6252429664477406,0.037715825905141935,-0.8428127458675833,1.2295470710856016,-0.19987298083145977,-0.32210267112193863,-1.4773040472565815,0.7014205139444032,-2.437492200903903
MEX,2021,0.12509370609378995,-0.02885144370035765,0.23109489308803088,-1.0471700055185271,-0.7854728257032365,-0.26400894028194083,-0.40724684554547286,-0.16245110948724747,-0.06641128878206952
MEX,2022,0.04843873451850011,-0.0015189210287467894,0.03159550184283731,-1.024890569164148,-0.4835161511039908,-0.4569030211118615,-0.7422265110025329,0.0393235716351963,-0.5585732163427409
MEX,2023,-0.17875615851050325,-0.056119406705776774,0.26738403218357165,-0.7906782944592262,-0.4987435849289629,-0.6621486261010722,-0.6289359142819171,0.0390076416040469,-0.634176772120396
MEX,2024,-0.30852444694679576,0.016757962450533685,0.0838027377929198,-0.6300215743135141,-0.3325258037491894,-0.6340426919979457,-0.7606828825102714,0.33448631206405904,-0.9170525108525719
MYS,1990,2.50613490521066,0.06726644262994863,0.5277541226647428,-1.8881180314670667,0.35004129035999504,-0.09833140746123861,-0.3821702849564361,-0.31851656350180263,0.1766775160976387
MYS,1991,2.6699185397545033,0.3118639100970224,0.7336523944730369,-2.904249574148548,1.1562688141838218,0.020065316575625273,-0.2023328210525397,-0.24691339614497373,-0.23760134284411158
MYS,1992,2.911898927949032,0.46393175667854303,0.5837243264983151,-1.91421648165398,1.2722618557365166,0.15916782935771714,0.16314477041218461,-0.3050058367470002,-0.014324679859322797
MYS,1993,3.3907457223174484,0.4690128016680713,1.1079693026061146,-2.0143054383679813,1.3516856487459572,0.33217002636598436,0.10574364019172246,-0.37342874205805704,0.06943380421254848
MYS,1994,3.708619672131372,0.43258369980656836,0.9355954715368358,-2.260453409999642,1.7310554958565814,0.05224901261455899,-0.32231024562870336,-0.4830898127905631,-0.07038380568071856
MYS,1995,3.7729563993278696,0.3766930827384832,0.979963699626778,-2.7123253650323425,2.3297229736017244,-0.2517738483158113,-0.34562240017020374,-0.5997015051394661,-0.02038575339653872
MYS,1996,4.14409446971643,0.4864876965435007,0.9920165292089371,-2.0458757565716668,2.1979766458045127,-0.13690546028703596,-0.2751839257178024,-0.5447136666182235,0.33993652931559126
MYS,1997,4.103434020823723,0.5254557414892786,0.800963281054071,-1.8555485116999337,2.870865694931004,-0.20206569977579342,-0.5557195790326596,-0.3094712670525635,-0.058164440615376
MYS,1998,3.999933878349182,0.5536269431627694,-1.8894411099183688,2.356450889463337,1.5656864892876494,0.007263472589695105,-2.2068960528404817,0.18277357027975555,-1.495847382763044
MYS,1999,4.780916508746395,0.3608907199054027,-1.4135256779376215,0.6915555051142115,0.25044185614103864,0.3737860058444719,-1.0287618216777323,-0.8951169107609834,0.6703289241316721
MYS,2000,4.617772107918199,0.37357202745177415,-0.8549218746187239,-0.6069920165564832,0.5821648693296262,0.15949634380036004,-1.0338666575638864,-0.9612701591277109,0.7831776734427616
MYS,2001,3.3602332823058414,0.26289292394521746,-1.3221250691502915,0.6044011962052163,0.8594827885979888,-0.10091227768126006,-1.7964344591193886,-0.6766329783764748,-0.5946392376758483
MYS,2002,3.606344039057891,0.26238173205876775,-0.9409722301314283,-0.20147841947140846,0.49956699788359077,0.1123872819606169,-1.2081000673796831,-0.7258262787859214,0.11978829136683186
MYS,2003,3.87752562704695,0.34441321634236555,-0.9365079450300356,0.33306105817048515,-0.0057558137738174435,0.30088567879103123,-1.1757357687862653,-0.8276852016359348,0.3641872738290865
MYS,2004,4.236261772302694,0.4048570772000897,-0.9549771048065312,0.16011548192627534,-0.24408533672572233,0.43211255896704054,-1.1450891879710372,-0.8938924265811526,0.35429400296109204
MYS,2005,4.059005787045804,0.3398010708268343,-1.0985717549634137,0.6688742914162848,-0.46482718319121796,0.20234268080915513,-1.1092042872026582,-0.8026268830562747,0.34666453610094045
MYS,2006,4.3655203958107425,0.3849384742883865,-1.1019400397403714,0.7716536246183356,-0.6476567458644922,0.2859932640097436,-0.8859419926898167,-0.7248147933833462,0.36905567436105996
MYS,2007,4.196200882826749,0.3283964770091968,-0.8430122446150733,0.7191575451798417,-0.7111933155247767,0.2446615916487261,-0.640848747138592,-0.6910315873494517,0.4823598462436674
MYS,2008,3.7020369524105283,0.2942612776638399,-1.0008574686033977,1.1173821261095818,-0.8581912312886099,0.02134772069469286,-0.7720807454073744,-0.6218092462866606,0.5199224419504076
MYS,2009,2.5737555560199694,0.20926726033971077,-1.3809064359286292,2.300923920679938,-0.5024341005427727,-0.04197390996949113,-1.3516432008075987,-0.3050207430384587,-0.42997194811236494
MYS,2010,3.027181535255573,0.1589620769138963,-0.40341361636099576,0.2576715206328596,-0.4068685284452267,0.05213074367776404,-0.21114478258775093,-0.5129228731599152,0.6723195898547433
MYS,2011,2.988217881234408,0.22430997926641577,-0.5204895708727822,0.660295943897496,-0.35871604033124077,0.06654206869196072,-0.26131726252651694,-0.2933819190245382,0.29583582450477025
MYS,2012,2.4855484979542557,0.20933614236900894,-0.07555424487169518,0.18092772862340822,0.1995266632298376,-0.05293682005668323,-0.3906373093256445,-0.2711950784081246,0.1761616145266042
MYS,2013,2.2068686963850634,0.16287480246571495,-0.12285586241437711,0.11602373620714197,0.4689572233547268,-0.0673796174171805,-0.35121390299061617,-0.13852123154959406,0.010059875430306025
MYS,2014,2.188993537586249,0.15605675761574908,-0.12158933256813381,-0.008779730171914418,0.3605321274190785,-0.15582263014079548,-0.3194184937903744,-0.1954194779859398,0.39086235085427196
MYS,2015,1.888492197226692,0.1975539002143506,-0.11326611942109382,0.005511474816327685,0.5696760465103459,-0.12065856962266143,-0.39452758530805593,0.03855977949951929,0.30094694275738343
MYS,2016,1.7877254001265575,0.09938479606771211,-0.10789828230016996,0.006060085667641568,0.6467154132419107,-0.09961603104619696,-0.2041488888668003,0.035008069673756574,0.060424233917108036
MYS,2017,1.895748876570413,0.10300894651185906,-0.07406574042250094,-0.1280659446127444,0.4357508319999051,-0.17069250073021802,-0.27677935628056416,-0.18722740781236255,0.33584743176321763
MYS,2018,1.5411363886356633,-0.026556428377819807,-0.289928200316292,-0.03646810313586884,0.5071753877746566,-0.3355379124574957,-0.3469800053301132,-0.2253246534461105,0.19500205233628623
MYS,2019,1.2423745621322617,-0.03410048171211363,-0.472888924588864,0.2300505022842255,0.2833073678915222,-0.2411368878487174,-0.3826151915381425,-0.08157899771261981,0.2555461334091126
MYS,2020,0.5822507829027367,-0.07686195778730004,-1.1210988021540953,1.8086374402323873,0.9580562589540155,-0.14622808283034805,-1.1709888488847222,0.21794358321370813,-1.4258147789885622
MYS,2021,1.6182625612287584,-0.015714249221394718,-0.7406448772760842,0.21853067477493004,0.5836099276459689,0.15087381455782178,-0.36596186653003193,-0.1173964407729459,-0.09334043557027305
MYS,2022,2.093883282583444,0.08049112334861341,-0.3139781270393119,-0.759237343859591,0.16716425862228276,-0.0001979370573110247,-0.2738017218850281,-0.4354980997502031,0.9142739874425175
MYS,2023,1.2975702944039726,0.01457245849363522,-0.498112500734697,-0.03760330636859723,0.5818579324565821,-0.17454691277761888,-0.7003914044952869,-0.18525616127736227,-0.07941527494936125
MYS,2024,1.3909049632390103,-0.05817689931901179,-0.6454460203611381,-0.30958727833059724,0.41109305305367827,-0.14391832238890545,-0.44631103386259147,-0.1873216515750166,0.18138735950933552
NGA,1990,0.5548534287077426,0.22670522355380765,0.9476526511948119,-0.8784221050780455,-2.1868951821447964,-0.2475734714380862,0.17065795362938213,-0.4013115301272934,1.3842062992883106
NGA,1991,-0.37213678030713865,0.32810699184493397,0.2989043118015628,-0.15028589342359616,-0.9869567226437801,-0.39485119621945214,-0.9794940379800048,0.3431590816417671,-0.9230324542630965
NGA,1992,-0.24353739261022278,0.7226666979100458,0.1016618941280488,-0.6989356435075299,-1.1652471972577247,-0.4763936447431364,-0.8602585267470048,0.5418000344643783,0.47994390207139287
NGA,1993,-0.8100053928172086,0.4054611575477215,-0.1827258673856647,-0.3633365980344468,-0.4648977651672087,-0.6997737984087096,-1.096620247415718,0.5036803065244219,-1.2927214809709036
NGA,1994,-0.7080011537570927,0.23045599362444988,-0.011996219910534353,-0.602909271209073,-0.3106278959582253,-0.6395777066100872,-1.105363590545438,0.20166072922337452,-1.5732828345868393
NGA,1995,-0.5498767962027619,0.2830631880186672,0.35336562482335276,-0.29858548411385366,-0.7631354037166488,-0.5221973683385138,-0.9478711207933225,0.00620843439600122,-1.2280854901106681
NGA,1996,-0.11481906680542243,0.3105644141063237,1.283952548383283,-0.04105686911619786,-1.6230530195539465,0.13590827808305944,-0.22989880927590878,0.003024250137910407,-0.7886491802835139
NGA,1997,-0.04767920262165879,0.3782856757899741,1.7522809380643516,0.6175916924208142,-1.9012750220954924,0.6003014045194448,-0.06062434020114335,0.1971051636423205,-1.3821464472239113
NGA,1998,-0.14396425786825465,0.3927822400949017,1.8423766391912604,0.8640641983395333,-2.020632525363243,0.6204525063750777,0.1307458910176102,0.29171413859207834,-1.4928207584923168
NGA,1999,-0.8629571821020204,2.017354064865893,0.015827538436007028,-0.06818085143686702,-0.9587509994408209,0.6706811346293222,-2.45697105454064,3.128083013751412,0.8325676328350072
NGA,2000,0.18887785996426812,0.2518301713126968,0.4923263628432489,0.5449130712083617,-2.13403820454089,-0.3079779467667014,0.11261325292932628,0.1449031801475212,0.2654368726908108
NGA,2001,-0.19459833900995607,0.14113866032727715,0.6559712891109472,-0.25699794590879393,-1.6865956471728338,-0.43903352281704755,0.11489556724090023,0.15327658940149838,0.20426101800590146
NGA,2002,0.024887197524122634,0.010033763478127502,1.134747511988504,-1.7563155468498561,-2.1068854158236983,-0.5841749214455226,0.9040699892447066,-0.2170691461212164,2.018003781609105
NGA,2003,-0.27016644084817953,-0.046310523557276904,0.41002580610774725,-0.6890606682766385,-1.6322471319951188,-0.8273165065599396,0.20993161372871902,0.1251810076838206,0.7196549164522491
NGA,2004,0.39622866064027923,0.10277921661834544,0.7611557820426945,0.367745568781609,-2.6562249276903764,-0.4222682068613136,0.7173229612790467,-0.01271929723474588,1.1580438324953217
NGA,2005,0.7399646892960943,0.12284369201087421,0.3243115759131587,1.471058680192631,-3.033262296158215,-0.33004460592607715,0.7667686616032193,0.12261501255623695,0.8964537352630535
NGA,2006,0.39090681456512555,0.12949762516102667,0.6463355578643085,1.3805017420171124,-2.923153022320491,-0.27585887561064654,0.8773041083477412,0.20896729607225742,0.5450318996720084
NGA,2007,0.04162338249682127,0.20346258319951113,0.5860495642873971,0.7559643041932342,-2.449229202621781,-0.493183981282401,0.9244538115703996,0.1798095991784855,0.5949898941981618
NGA,2008,-0.05388832594460224,-0.028863764476545813,0.4238283954364528,0.450313495302999,-2.1642410422687695,-0.693175071349012,0.8644197467507473,0.17124705063880827,0.7305152745775385
NGA,2009,-0.2262286743150656,0.042048616975509365,0.583458935236081,-0.013349094868845437,-2.0263086568802122,-0.552771602949993,0.8164927160859646,0.4912636192601739,0.9776018006365933
NGA,2010,-0.4565347151149262,-0.24220183712643678,0.32637528343523586,-0.37509423804778175,-1.869279890665178,-1.0933088642339455,0.7319754733786116,0.18658789165008202,1.0809957481620434
NGA,2011,-0.639758887782551,-0.20668559602516384,0.07883560769619401,-0.2572916813386319,-1.6088616039680634,-1.1576007238328467,0.4626428465794198,0.3297209905964624,0.5493477434711183
NGA,2012,-0.579828559663016,-0.1246663627844088,0.166377539923824,0.1245961274449283,-1.7083552061388887,-1.0303280057371578,0.38128103178438066,0.33910750857477473,0.2875503426801282
NGA,2013,-0.40359867284022427,-0.15498109419121997,0.41081160735911865,-0.2315784401132583,-1.7900537458195154,-0.949882433008373,0.4456930694222421,0.15233744548942624,0.684584392338733
NGA,2014,-0.6187418523889604,-0.2357478587591465,0.40469097679714794,-0.5841939023263604,-1.4415275287739597,-1.003950449693898,0.2685796487638438,0.1525811873269846,0.5476085590391024
NGA,2015,-1.0342913537758047,-0.1273418259254525,0.21325828989828302,-0.35449577926955406,-1.0511883312999588,-0.9882361253344379,-0.13487979513972473,0.5166224868218968,-0.12380286537584205
NGA,2016,-1.0225307211698527,0.08048525377928736,-0.09975731330548902,0.7816598752407456,-1.1671027703953738,-0.8181574914828925,-0.29926352501326087,0.7827705623798572,-0.7562462796879457
NGA,2017,-0.725690987403919,-0.029495930747347937,0.20220871531827855,0.8275988737931951,-1.5917663268972002,-0.5900606716864892,-0.004073092624532434,0.5471856550400804,-0.39044220855804657
NGA,2018,-0.7896741033918729,-0.14452571633931427,0.2205846057986575,0.3196128752860588,-1.4398289118557104,-0.7460674287789425,0.0003813155315169305,0.21038260039077536,-0.299433394843093
NGA,2019,-1.06649858809772,-0.2564657648057839,0.13495754728694578,-0.20581673845063675,-1.170105603146908,-0.9295053928398657,-0.054512004090568854,0.22064065189269413,-0.26407405311342974
NGA,2020,-1.5849209429691293,-0.16467358239784097,-0.39810666538356143,1.0397664695660536,-0.7357977382194881,-0.8801257815617987,-0.6511619168584015,0.8048036115376623,-1.788502324258389
NGA,2021,-1.0157644206581629,-0.10285401039674413,0.16924474004131485,0.28280127063541,-1.3104006260946717,-0.6943793372997547,-0.035337151912931644,0.3880635410183186,-0.4567234366875449
NGA,2022,-0.7644868617399598,-0.09938285579330086,0.3507233217681901,-0.22194608279613534,-1.457503867463508,-1.0403113140568112,0.10476399993042734,0.25038228894593056,0.18008252646395184
NGA,2023,-0.7488112456606477,0.3368362574084021,0.2458878066271663,-0.0024037120432532544,-1.4903425217498891,-0.956175084845683,-0.1688267819611302,0.7568026601981506,0.21689632222924463
NGA,2024,-0.40151387500545827,0.8027170027854993,0.2593098260776464,0.6323805574359869,-2.031272999295451,-0.43824734587310415,-0.4051674265836041,1.4381917376074942,0.9086212983790926
NLD,1990,0.7057524852374737,-0.19814636368328373,-0.5297507622298918,0.04891500317885426,0.40939537376561425,-0.5684636923081208,0.03514599090846108,-0.015576123889615453,0.5195788400801508
NLD,1991,0.32688475555530844,-0.2664552822450072,-0.823929502888159,0.3674931093663565,0.5078119877696662,-0.31230372874004764,-0.2295895490949153,-0.23881245039701351,0.3858410179393531
NLD,1992,0.2716698873416953,-0.3030157538140991,-0.7594240682414141,0.43127114909294983,0.5255813686612609,-0.6504327948521642,-0.18885542879167608,-0.07775642510257325,0.15947780844657333
NLD,1993,0.17465479736913972,-0.2519922022845961,-0.914040169983625,0.8041405237689935,0.28587629779237766,-0.41546559953093454,-0.22612591052473086,-0.009703493527806785,0.24507515134776314
NLD,1994,0.3841081510890329,-0.3000410154485352,-0.8801101952168399,0.662353811754016,0.15893928606841456,-0.28777758935882186,-0.04988081428041939,-0.2688635356830113,0.5750546090552826
NLD,1995,0.6133955557693586,-0.3603388176776931,-1.0166925517317043,0.6305392560598837,0.14429170335018654,-0.3392862633832156,0.01889297904846823,-0.3607155218587916,0.603433462274575
NLD,1996,0.6815392736570597,-0.25979992713365735,-0.9889551755389627,0.45238354748146054,0.2199407736832041,-0.42329653218043306,0.05221789321654486,-0.07803726589969223,0.7049390413999036
NLD,1997,0.893900734735269,-0.1750461365840998,-0.9696362320746863,0.45921207588185314,0.0998403689773158,-0.6049115428352099,-0.037996727770106875,-0.025101407927573594,1.0002735571422308
NLD,1998,0.8443115803987702,-0.30262030749329527,-1.0873373132801865,-0.1459253966952739,0.253911990676654,-0.6060898823595329,0.5465212666006688,0.36129101845920436,0.6443293360455898
NLD,1999,1.0640829837191135,-0.6315622090621263,-1.087738881498392,-0.21333053200234223,0.20781655505248492,-0.991754244775469,0.9551972657961881,-0.040526996489424705,0.4667569376049818
NLD,2000,1.1816226573737607,-0.25832441429750985,-1.5755821033378126,-0.4991972224675026,0.3064488496123868,-0.6644975263402506,0.9020033504348326,1.0500754217665078,0.4052206327893234
NLD,2001,0.9046109115828661,-0.32079920122616423,-1.5001343829894962,-0.10974825021577325,0.3884174062162162,-0.9849613327436353,0.6285783136001696,0.9304753866068151,0.10613254350006418
NLD,2002,0.31672795442519963,-0.40855392129521184,-1.4403149534886024,0.4860712973623643,0.3740323898233867,-1.298467930178828,0.037599139196189624,0.5448038418960128,-0.029864796306769182
NLD,2003,0.35723837043551326,-0.485956669604275,-1.496832616970213,0.870321553410518,0.19225483944911778,-1.271506103884987,-0.016948044145642667,0.21842245973904392,0.12984836319529994
NLD,2004,1.0068402523205013,-0.540928273936707,-2.3550805125707,0.05087574637467988,0.09471813709912248,-0.27476293926986367,1.4733423687273042,1.161379199000206,0.049034753770517976
NLD,2005,1.255494947376928,-0.5540391335755341,-2.877822906530191,-0.35919386683431725,0.231707278147132,0.3502339322175556,2.1508102416196144,1.6933728120040714,-0.18745888291677226
NLD,2006,2.116568016483905,-0.6125987180274577,-3.697809486179038,-1.2572123686488323,0.017724288276573578,1.11875110758229,3.90769977539245,2.9572910964665624,-0.5728363561781714
NLD,2007,3.1211343255019304,-0.7768902442325393,-5.025124922066494,-2.973117450504187,0.2645815205387616,2.4759764221506972,6.786737587953287,5.184836680198626,-1.883492439220867
NLD,2008,1.1095998918721608,-0.522523875170109,-2.297993565419606,-0.2606057611100367,0.26462510984478516,-0.5516641106368176,1.3820004070307201,1.2283539002189985,-0.0643585762402147
NLD,2009,0.41805404145687347,-0.5509577957134534,-2.8034999748252143,0.49983081125499024,0.6407516493499702,-0.3983911778115696,1.252297928580929,1.8297874847781754,-1.029209159738098
NLD,2010,0.7144175192870698,-0.4419401786599747,-1.989328826640138,0.8062905709193431,0.049030932034011696,-0.9327788486581727,0.22007977993072902,0.3622597595767515,0.5645941068521881
NLD,2011,1.792485244475433,-0.6391955952532771,-3.5753477543054606,-0.5555102120486466,0.02213647163440317,0.46943782446371923,2.8399359211071578,2.252038716987391,-0.5008803289945081
NLD,2012,1.4151037778880442,-0.5774834364778066,-3.6839327402044875,0.20470829059756399,0.11070439066977009,0.25009555399602623,1.8559195756196494,1.8838269973269508,-0.594054715225477
NLD,2013,1.548657051952067,-0.7108993227512941,-3.9972068674830634,-0.11911440127829426,-0.005344256080452521,0.664247170048187,2.461555049498239,1.9573810564050007,-0.6117161551918908
NLD,2014,1.1268636719284548,-0.6082956642133038,-3.046506578289276,0.5957226323045196,-0.16256688248340218,-0.16951125974913994,0.9027282994195258,0.5666368713767724,0.46206331797818617
NLD,2015,2.1743773979034686,-0.5639826692894694,-4.126900307778873,-1.3037673697194363,0.2403492746401154,1.2314456726757965,3.356717531619863,2.817279357788154,-0.7544545706175483
NLD,2016,1.7920672228385048,-0.6170819060814827,-3.532374429950259,-0.4907554042034788,-0.030089751268231376,0.4682325803101642,2.4412954536564033,1.8547644742457003,-0.19483296799715308
NLD,2017,1.8805845119882276,-0.5205481047393006,-3.0206633449724913,-0.07247917575943479,-0.1694089087294031,-0.19688352238229453,1.5198491420496814,1.1717099059211198,0.1891038306096012
NLD,2018,0.7341372018839657,-0.23977211365389747,-0.5936167618574097,2.2071224151843487,-0.33970635294989215,-2.7606743181876205,-2.918222384008698,-2.201789753699657,1.875237534989671
NLD,2019,1.0150612360601774,-0.24572939590899406,-1.165581484475435,1.2750905642993606,-0.22657566688702416,-2.0755060381492765,-1.5988920559647875,-0.9610541692383463,1.2184758910539155
NLD,2020,0.16952372325756235,-0.29574511059869796,-1.07777937123462,2.4110923818244867,0.20585063867165398,-2.563408981529691,-2.78070857471843,-1.3384405682357565,0.36751614166886826
NLD,2021,1.729067268438113,-0.23345963229512703,-1.004328255700918,0.9760028809982533,-0.7002528582022189,-1.7281920969120155,-1.0393255778173343,-1.2208313918751474,1.9226204903893744
NLD,2022,1.9432627923192598,-0.22320429470192008,-1.8746564904813208,0.1705805781455465,-0.49992689452111455,-1.344528429715733,-0.36000539980936036,-0.18684236799413856,1.1183989402399244
NLD,2023,0.6095670460808656,-0.20950595086298737,-0.8227893026433427,2.493236665078983,-0.5414714007410497,-2.832642516679739,-3.1898790145161073,-2.0056279298234347,1.2538201010339645
NLD,2024,1.1337962013927887,-0.34008726215731083,-1.8894084112574927,1.1212860794898762,-0.6672107101965354,-1.5003598584782143,-0.68703695107333,-0.19942278403525632,0.6094319453296343
NOR,1990,0.08031475112288838,-0.25641093398651105,-0.08967286867737088,1.091997601187928,0.45635322705983633,-0.9903087761755764,0.3952679413590303,0.33745263441352014,0.5143531148214436
NOR,1991,-0.20063578860940273,-0.3421735199951254,-0.3090598731999169,1.1311197960661206,0.25157946794901254,-0.8192375062784684,0.33954031286605235,0.0953034516970078,0.892667228577096
NOR,1992,-0.3548002985385213,-0.4079170639159974,-0.3154845621673751,0.9729037046521036,0.24400573615048032,-0.7980837405909786,0.40664101647606893,-0.0637280530007909,1.008818868470791
NOR,1993,-0.3017732991279541,-0.27370807661732993,-0.1677581438688652,1.166439185336404,0.18930119243818888,-0.4566878512627642,0.4525183448732497,0.2590192906935355,0.7477028102342312
NOR,1994,-0.010240853284114101,-0.31944788064833024,-0.00472107123765565,0.7639687481902636,0.1412216733224971,-0.5551600420472178,0.7892283217798801,0.14129418330782312,1.0172520942569672
NOR,1995,0.06989781936661418,-0.35471896387370216,0.03174230940913492,0.9327487505054023,0.2568293116416549,-0.4594305556585347,0.7182195483642578,-0.05730357737673372,0.8403529716459792
NOR,1996,0.4186559110151295,-0.24084773551337946,-0.054285588210369475,1.214630592569698,-0.1466259277956155,-0.5428235306149953,0.8375507101120863,0.15518980968256083,1.1785103391243255
NOR,1997,0.6427659320281321,-0.17741179729798748,0.047578161077887045,1.0351564770677064,0.04347108337527464,-0.6237162251892268,0.8105367903378944,0.262622100390727,1.2157349627736367
NOR,1998,0.22193211990464937,-0.17825778783313148,0.10216189710005043,0.48563686135548495,0.8010672537053103,-0.9118784091122523,0.638959873061048,0.5455802166417281,0.40391823925287623
NOR,1999,0.42193904105545965,-0.2172930277390186,-0.11608196825915494,1.310763452584614,0.19105653062944591,-0.8740096490235152,0.6954647362343858,0.5700103671616769,0.5468731732151382
NOR,2000,1.2456361771353526,-0.07454384668490506,-0.41544901749869056,2.1972697306861915,-0.6576845299853202,-0.6694247453025957,0.9646447183311905,0.5398394633754535,1.290612901033993
NOR,2001,0.9805017497264134,-0.11089730990812574,-0.5207624126888223,2.335698850131489,-1.077193297050614,-0.8831678240875701,0.516587296694624,0.2446580780928871,1.0647999348076214
NOR,2002,0.4670885159704159,-0.2779146099797954,-0.4092428581767183,2.2606181015191193,-0.8448758664804583,-0.8218269575419114,0.6069681444441606,0.22762436972391004,0.6858698675726679
NOR,2003,0.29304362912292825,-0.33370062975087655,-0.5341073407498415,2.2976598090966847,-0.7832347484108786,-0.7863866564116835,0.6094004923627343,0.26345023017012065,0.640333695207986
NOR,2004,0.7039961099158631,-0.23439744942052107,-0.1847485712571879,1.875931474135074,-0.9031930111700742,-0.7401034359860875,0.8485602062324349,0.13994110984032523,1.2689073694669952
NOR,2005,1.1412403647357183,-0.1779471362213264,-0.37640361333911715,2.337449310042061,-0.9326487020101256,-0.7402137795884584,0.8883641295075659,0.21721424683654503,1.2126085617435503
NOR,2006,1.3188034865716105,-0.09894160893950461,-0.1983634740848572,2.2455946624303498,-1.0178388110998235,-0.86420048415173,0.8358714170413173,0.35596369131795097,1.0806848652688963
NOR,2007,1.3660175206398935,-0.127946040134314,-0.047221513973455455,1.6066316718897393,-0.44969494162586654,-1.031195895832009,1.1672850350210053,0.5437856978340722,0.9130008723033802
NOR,2008,1.4792834836178634,-0.1622670347947659,-0.4092679754035043,2.3750091792215557,-0.29759998948428174,-1.2258017580140932,0.8272999805371434,0.5610956868767838,0.8648912696584937
NOR,2009,0.4837407596837546,-0.19757293455275163,-0.5215305153515886,2.538138742482557,0.040074434449860905,-1.1547705718980377,0.47212667894097204,0.7667368544331142,0.40935847928308033
NOR,2010,0.7492768596615365,-0.27908858370641515,-0.44982076661488196,2.078455924408246,-0.06412932808342792,-1.0199747999810973,0.9966590885940065,0.6185388230510963,0.7415459644209789
NOR,2011,0.8997849588511295,-0.2756248152252269,-0.33817846620267217,2.2221608746255828,-0.16756402129890288,-1.2934517583444596,0.8015246709403355,0.3881116915977175,1.004800151877976
NOR,2012,1.0120604644379838,-0.22138895618443002,-0.3099056024738274,1.8243013027314643,-0.22171408351020813,-1.0959903433865636,1.1203657717204825,0.6470467980160731,1.162911641774914
NOR,2013,0.6597539722875654,-0.21458804161493994,-0.037459459523530685,2.03824668371075,0.0722298725152698,-1.3332293339352546,0.600539281868834,0.35306856827507854,0.9225429832234371
NOR,2014,0.8071322405913656,-0.16620328143194893,-0.022356573120521188,2.0382310587418053,0.0012405986164079378,-1.186876831863979,0.7238032958313534,0.41117873230874874,1.0959167330803312
NOR,2015,0.43886090330640143,-0.16258841133790325,-0.16775282980459705,1.7825552420377293,0.29033402910837447,-0.9118203573200794,0.6956458686001302,0.6558151650326792,1.0696866828851288
NOR,2016,-0.1541238086703336,-0.28571061668500586,0.14454239400615657,1.8268809523142464,0.6724521829846307,-1.2889824792903661,0.3171782958107516,0.08607178290699018,0.8812059226507476
NOR,2017,0.20749339211429743,-0.34578987890063023,-0.027880624521278707,1.5454653698621084,0.4865705300457709,-1.0775095526404372,0.9817621536739028,0.41204334599523645,0.9451211976259347
NOR,2018,0.34533054117442497,-0.3113545418162304,-0.08042515521532326,2.055286242132344,0.4111904878755312,-1.3372663755412513,0.6439217320928551,0.3098928031781342,0.9040064208225627
NOR,2019,0.16537787275655938,-0.31125342350126717,-0.09486147284187842,1.3279831427489797,0.8716891551115039,-1.0952585778314563,1.0419130711759854,0.7892871269460007,0.5899322655455446
NOR,2020,-0.2530064963176418,-0.2712667793858365,0.178017307280742,1.9390010900852683,1.3296190598083841,-1.0911025783095625,0.6203095591768949,0.6188988229832398,0.10866538553755288
NOR,2021,0.9815994390924577,-0.30528160164664747,-0.2871964508965959,2.2654702845820394,-0.4669075724480793,-0.884730017202789,1.384204105019898,0.2807434311983455,1.5359206687587785
NOR,2022,2.2951919618541243,-0.01978184602325523,-0.6806447932860461,3.4535904718538126,-1.771788924776862,-1.1012866791540112,1.017427481185281,0.24185849530823944,2.2941931033925984
NOR,2023,1.2051655812421733,-0.17450722393991422,-0.6639201135030858,2.8750130119949864,-0.5118259716229814,-1.099461313856092,0.7784727248235861,0.5713473552233351,1.0620476615052563
NOR,2024,1.2394058331944455,-0.22814491896257472,-0.5538774023609815,2.5806526428503687,-0.39829459465251715,-1.093920638950173,0.8547467294992757,0.3779647217825998,1.1828046289766023
NZL,1990,-0.891667953832566,-0.3132091362693485,-0.35486063961091846,0.5024330228489777,1.577067821114117,-0.3195027112920129,0.06413741080054265,0.3968058475089048,-0.17812517502070752
NZL,1991,-1.353563867421795,-0.485437363678228,-0.9232776592799684,0.7715967376115994,1.5718396280505271,0.5171052656335963,-0.08900949674584582,-0.016724995288152873,-0.19342299545253855
NZL,1992,-1.1561940683059808,-0.43157678345205636,-0.69766114984671,0.4990651055644481,1.504729878585135,0.5155921898215304,-0.07094753695850775,-0.19640021034460123,0.23612200571392272
NZL,1993,-0.6721746440643215,-0.41063956800130574,-0.16702193710797994,-0.341003211082705,1.3296253756447312,0.5333732854078834,0.5934670183363437,-0.3051252039661501,1.0050906790633873
NZL,1994,-0.5329941958159761,-0.39158376697137576,-0.08864430086428933,-0.2599634195332496,1.4758278470364183,0.2706259076090595,0.5181342637042242,-0.19211371993120357,0.6332721383211118
NZL,1995,-0.4608085734622015,-0.3559207408220119,0.05911703282295202,-0.21042235036779955,1.50259880023682,-0.09863536108649831,0.5525756817971544,0.016657472577011324,0.5353081263557081
NZL,1996,-0.5906273643039177,-0.3526546421251816,-0.12039922798604447,-0.04465432405943662,1.5061566133878646,-0.13740386694543805,0.6066326083741945,0.24090503078833905,0.3774890473592528
NZL,1997,-0.7942247378488011,-0.3457812256376437,-0.1650703680255739,0.28445871053010213,1.5806765821675193,-0.17684237369883082,0.23608678634619185,0.1829351627140856,0.2754075592412218
NZL,1998,-1.011996385333226,-0.3166631497401657,-0.5231902200988864,0.5154047571778864,1.523030946097461,0.004065281825927999,0.0474873176148004,0.3628637016557455,0.23815492196838756
NZL,1999,-0.5984735812099768,-0.37266296641421964,0.029140653857386734,-0.07869742319458803,1.3659576658954664,-0.21230122907667914,0.4250183603162614,-0.10448470945673478,0.9301590408085085
NZL,2000,-0.7945170902078732,-0.2999354196178279,-0.16295809100772957,0.3514749515377046,1.476553179701203,-0.6092113133860856,-0.3088776021621703,-0.07238062113588195,0.7425443663591645
NZL,2001,-0.3728070170765631,-0.28559158890866765,-0.19207180727902579,0.375558222382336,1.3417477264605335,-0.6079530989270775,0.11026163088727037,0.0763537437693886,0.7867015991068748
NZL,2002,-0.3610412918292516,-0.43045686266693445,-0.1368493710308343,-0.03824552339439428,1.3159062519131701,-0.45335149518586076,0.6207105345507479,0.1518638603105253,0.7081587512327919
NZL,2003,-0.5465889298816737,-0.4196713393880293,0.40385951027352074,0.2745414403052297,1.3723416702901385,-0.9936274831945355,0.14951809695144166,-0.3721752273827582,0.9171440114091803
NZL,2004,-0.5240032808722443,-0.4254428169507544,0.18187739586736773,-0.15145528326808072,1.6036176559667705,-0.8747327463637359,0.5278791277969324,0.21812635292894,0.5225488912374707
NZL,2005,-0.8432642781342247,-0.3912325150508673,0.20197521022533704,-0.274009756558404,1.7806533186327882,-0.9226236904875099,0.39513105875589677,0.33659016496396776,0.30061005488120085
NZL,2006,-1.0021775208235697,-0.3371661379174955,0.032114761470647755,-0.028878028649382017,1.584942055129715,-0.7814488659194673,0.4716861391862254,0.6016961644658719,0.24256220822317084
NZL,2007,-0.8782464226603488,-0.4605867908657629,0.125049535203941,-0.024912851637717556,1.569076967894722,-0.9193291698851244,0.7542103487045378,0.4872598129292533,0.20914877441407512
NZL,2008,-1.3786725420523502,-0.46669364764128735,-0.5265565876299216,0.32363923570169334,1.8660420238022781,-1.0405068403986244,0.09532973387907467,0.6797050920338925,-0.32382039711635996
NZL,2009,-1.3770990565061205,-0.46449950112110144,-0.47529406861853585,1.1716661427091577,1.1759594143983025,-0.6206680666773681,0.22692563116373177,0.44023831983774553,0.2764429429084505
NZL,2010,-1.2663005365087687,-0.6067526940768168,-0.4617873283621434,0.8925266876770747,1.1438055107558134,-0.6643637346966529,0.4774413986937646,0.08072088662770605,0.4276870672912718
NZL,2011,-1.2331591896335419,-0.5892911965574062,-0.4753810510876226,0.6627070437280125,1.1934218350645573,-0.6651221550094755,0.5096174989558524,0.12176784697295591,0.549286335369867
NZL,2012,-1.2889303402559336,-0.5786827274438736,-0.4573196187494856,0.5091188970932146,1.2828781222839816,-0.5334473734811268,0.6315308832179574,0.24479011882977536,0.5443602521117366
NZL,2013,-1.0980175717434346,-0.5144484925776595,-0.2243379059597257,0.6360426448826016,1.2587658548609106,-0.8359727645190791,0.5034923874492268,0.19900659728405137,0.7169256703785927
NZL,2014,-0.9109102368391189,-0.475550059068034,-0.09744580882296265,0.28332786308527314,1.2131896950253251,-0.7787932079905908,0.652741767039754,0.255986389232357,0.8063132349894432
NZL,2015,-0.8604824134837308,-0.31435897276138064,0.00358350935100667,0.45759165779956573,1.2501833708790364,-0.7434510992207919,0.41362057204788766,0.32255160313446973,0.9795809724480534
NZL,2016,-0.8516957531576252,-0.4540384152512362,0.007071601245723056,0.5793338397250287,1.177936486661682,-0.8244754145427297,0.7588169827054199,0.3037304241751609,0.8942580750110288
NZL,2017,-0.8271943668743749,-0.44906186463312225,0.04240061688284848,0.532498685292021,1.2412693446142564,-0.8992757246122247,0.7297898107406329,0.3493614554415685,0.7246784310585548
NZL,2018,-0.9054244726033991,-0.45049883014856557,-0.003279777495373055,0.339304151511769,1.3646702555529326,-1.0319368030636276,0.6691538393825406,0.43742707345147536,0.7332746194131003
NZL,2019,-0.8237049091479827,-0.4289451797168208,-0.07608328676457607,0.6486307942822142,1.3434861027072538,-1.056699754868041,0.6520556070032963,0.5445188192196978,0.6413360794769816
NZL,2020,-1.1027262925064847,-0.46378188742874665,-0.31970197647494486,1.1439961639869316,1.457637617664045,-1.017847521178205,0.6290948795875014,0.6710974139627295,0.28668917880908945
NZL,2021,-1.0675853737659582,-0.5499275458329975,0.14894885394757634,0.03858240967924211,1.4765263271332485,-1.2230553504776531,1.0128187646082791,0.48321700008355184,0.8195168115709511
NZL,2022,-1.167016934492858,-0.4455048100090319,0.06603560059841079,-0.37101022190710803,1.6576255878394672,-1.220021019363414,0.8510955785620485,0.8695152636825676,0.4724971320230346
NZL,2023,-1.3519457776877446,-0.5145080855756298,-0.12546778255434263,0.23056229348708324,1.3480776659758615,-1.3021548219679977,0.6402202482035246,0.6882480048140914,0.3881142752547905
NZL,2024,-1.251335253746931,-0.4105681760597801,-0.16877229529907908,0.6796713413747949,1.4988494274887452,-0.877141197334253,0.07228278640953902,0.5096339302060661,-0.2359104216566101
PAK,1990,-1.450800221122182,-0.13264641699321197,0.3844238313473898,-1.0892662436572775,-0.7947158965410954,-1.4042205795836993,-0.36591678992172016,0.5602997350896085,0.026283701495649726
PAK,1991,-1.158924051915076,-0.03762715531210345,0.4788215199176321,-0.9807941640326793,-0.9505028213906016,-1.3701738839786586,-0.3174538301287653,0.49578354942897335,0.20969201686514655
PAK,1992,-0.9769129450521975,-0.019047678806214243,0.745917523017454,-1.4288422609478995,-0.9709776145091845,-1.350558122230303,-0.0527876667055289,0.3379975791490461,0.5977789659797135
PAK,1993,-1.6188148055722273,-0.08240250990682084,0.30674997925986514,-0.9092555155680652,-0.48686600944058644,-1.412440702108824,-0.5666079043553578,0.7577441004217267,-0.6024449392197866
PAK,1994,-1.3010233856295617,-0.024200113264707335,0.5650251899587452,-0.7502662539064122,-0.9055428509010274,-1.215774756034456,-0.29984672020332176,0.6226344708210043,-0.22521532325878174
PAK,1995,-1.567603281514302,-0.1736837009767092,0.4038634366260085,-1.1896954731663083,-0.8546475829466947,-1.387722219318788,-0.16421260651578756,0.577641307915063,0.014539653405892654
PAK,1996,-1.712262622332656,-0.1374905252052034,0.2865383921342296,-1.4486974035542342,-0.6615154066230952,-1.4377689288760207,-0.27703081410044555,0.692875239061888,0.01694094215785448
PAK,1997,-1.7176093990016055,-0.12053249614076726,-0.08417237428286752,-0.5046387350459258,-0.7658959710481428,-1.4505627514236132,-0.5596627731878003,0.8315269539210345,-0.4991207060154101
PAK,1998,-1.660527186140018,-0.18674336277935275,0.13969178896660275,-0.7088285028556567,-0.8148822552352424,-1.4342005578538821,-0.44272568087594477,0.7179867409369269,-0.24100900760810692
PAK,1999,-1.6578190385319234,-0.21988634420620817,0.05725117396463031,-0.560179771486583,-1.1657032086552572,-1.3561932704103117,-0.32485604803607104,0.6754306556234382,0.0744362211483069
PAK,2000,-1.987045444487231,-0.3162081383735779,0.08038862241772651,-0.35111179757296485,-1.5356366610361134,-1.6963723738041687,0.0991523707502933,0.7666669294555729,0.457586861666198
PAK,2001,-1.7889961384794724,-0.2036865099671226,0.12471339772979033,0.05688836044705929,-1.7480361031570162,-1.4874100009705387,0.07076751652160107,0.8504041453684169,0.33821868846966485
PAK,2002,-1.5959542658717583,-0.2246414029453439,0.2690743536035362,0.7285256311906524,-2.1055713883894276,-1.2649352064615758,0.3299845898710532,0.7902160889282316,-0.05815562077428989
PAK,2003,-1.434699410952695,-0.18966916569745554,0.5990791842145703,0.4074531353254388,-2.239766729240997,-1.1408727838506432,0.5568039183667772,0.6449796418565276,0.3687711117589791
PAK,2004,-1.5668722971227471,-0.21098204259641307,0.6208852486556832,-0.535772663235926,-1.8809418870944419,-1.2746711450388428,0.5517177653949251,0.5502361922378574,0.7970737972473536
PAK,2005,-1.6612012703849255,-0.22985539992081225,0.4637724363518615,-0.8926988282720338,-1.580878706180588,-1.291111378639277,0.365120767350219,0.5920739318803734,0.5663659263111661
PAK,2006,-1.6064940418414309,-0.12218027006658096,0.462464742581127,-1.040662918440728,-1.2307324566970865,-1.2658549994165282,0.3198293673212804,0.6763701088981643,0.15657999945991213
PAK,2007,-1.8184606280343616,-0.23481125143017395,0.3499451970899682,-0.827617430935915,-1.1951012358326765,-1.2625405939223442,0.2427523071042691,0.8491947798461771,-0.18110074710341967
PAK,2008,-2.2557436670540927,-0.2306814058708117,-0.013477414544597973,-1.125791390268821,-0.635034035998307,-1.445348528293883,-0.2632676083218707,1.046097234042033,-0.5747228575650447
PAK,2009,-1.8155357048271827,-0.1174774191171395,0.20976963487152958,-0.5102917663609002,-1.283404806989023,-1.290519470270894,-0.1049479690928225,0.8642542964292562,-0.1362383012673334
PAK,2010,-1.8329324174593757,-0.18167322929138938,0.05597469766664621,-0.026298777913172776,-1.3836063237562148,-1.2673006897547263,-0.21907780879476338,0.8107677761090331,-0.5052808017195984
PAK,2011,-1.8437851697748988,-0.22163740547837954,0.04594775369601147,-0.2129096419461971,-1.5110208874516715,-1.2744711896716088,-0.22832194446826695,0.6615516724567606,-0.26218086817686387
PAK,2012,-2.0702488159756967,-0.24441714250512075,-0.12484330257842832,-0.3970644813764109,-1.3788050034346786,-0.8686964907252395,-0.3456174342776842,0.3899086202465857,-0.06591443021237305
PAK,2013,-2.0448876926821984,-0.2857630435206315,-0.11331242599462828,-0.7380922050565344,-1.3768404555899836,-1.0863185548527907,-0.2789475007942324,0.41046984600671765,0.2382650359629277
PAK,2014,-1.9525576864676584,-0.2947792689574258,0.051147608542557205,-0.5730066550387269,-1.5017351115110777,-1.1743287771501851,-0.1613108634784211,0.485908781224299,0.03472854972776483
PAK,2015,-1.9935171206805837,-0.30212413085192436,0.1726090636587929,-0.3616372396865785,-1.5726514905299298,-0.8453915755701321,-0.006527558720192623,0.3814581125131534,0.09791572208783322
PAK,2016,-1.9826954217340063,-0.29959797449077213,0.4147819697940021,-0.7385307347422748,-1.688596912334191,-1.0511397817467902,0.29641735661571667,0.465563678824774,0.47315684117424733
PAK,2017,-2.351223582932029,-0.3985288689482501,0.14309792596466317,-0.8375778593368547,-1.2683512374240247,-1.0899780075561725,0.03738723355567135,0.4718991024045729,0.070032067908456
PAK,2018,-2.3615503999643943,-0.342359030878337,0.13144420472432952,-1.2518645530342314,-1.1630235633361565,-0.9662241573273505,-0.028177828733546767,0.3912824694936185,0.5112195086644002
PAK,2019,-2.4637419841572243,-0.2585518375232536,-0.2451631836105542,-0.4823535066754366,-1.2275212090168577,-0.7030740516317838,-0.3683354675148676,0.5342428740706888,-0.09712645616081186
PAK,2020,-2.4950478038915347,-0.3496829682712557,-0.5351626929360696,0.4280398393724124,-1.2656096635289242,-0.6356039136845969,-0.42165713609545896,0.47752763750957766,-0.6810650950668173
PAK,2021,-2.340150265916947,-0.42509832934516373,0.027944297940941294,-0.9113257390703905,-1.5044709122479394,-0.49688199198168675,0.13464979803561,0.0020891658013676177,0.5816619973686729
PAK,2022,-2.393781657910695,-0.2503692112964727,-0.2599218777565543,-1.0530492087843342,-1.1832621818122544,-0.6707903922089369,-0.4282258724831149,0.30609910547077435,0.3433759167704738
PAK,2023,-2.491134035412692,-0.08677681279277034,-0.6158518428384114,0.052285622074591157,-1.2485328239473987,-0.617541762584834,-0.7791702788769387,0.6496339607224799,-0.4459098491749146
PAK,2024,-2.286502357831376,-0.3809358441672157,-0.3672025460149663,-0.2726071450397877,-1.5839213923809106,-0.637308476875228,-0.24639863224042977,0.16260165575440116,0.04444601249197141
PER,1990,-8.482428954824345,43.0483262594767,-8.833554782115616,-0.2652035953569784,0.8545119762707749,-8.38209088860645,12.317132439293278,-14.682729486192644,-6.7048190135187005
PER,1991,-2.717691506963782,3.6105185585290127,-0.1318324527740004,-0.49232605758972764,-1.0820577635165727,0.5072855303540018,-1.6714707944906946,2.2934648363738925,0.7084689707470788
PER,1992,-2.468055733504961,0.6138105334862229,0.14847244639037155,-0.22588036274231016,-0.9186692417523968,-0.24928866741562372,-0.8777811139607195,0.7573236158159082,-0.9700982628781828
PER,1993,-2.0742273623919982,0.5068179872330616,0.6662794816702752,-1.1892420228668399,-1.0960660655482632,-0.034393100144593534,-0.23041220807428514,0.7025547275804059,-0.12093982128330656
PER,1994,-1.0052510057458415,0.17193383164396178,1.5792407736321605,-1.914440917370753,-1.6008343777470255,0.36687321945086737,1.2037021769194003,0.3620729737020692,0.5638854102679005
PER,1995,-1.3717508050677314,0.01683400785332987,1.4046235045556514,-1.5694543932285028,-0.9026245226588555,-0.006040989732975335,0.6436760170738015,0.4019999853937324,-0.304289047192898
PER,1996,-1.5166626078818672,0.08441003461022654,0.9732920161758226,-0.552054978048547,-0.9398429229824733,0.24244905010415216,0.499471585631582,0.7695880255474359,-1.134824030816195
PER,1997,-1.1357839313041,0.10788761776416332,1.4106141733605322,-0.8610271744374843,-1.0619472504381386,0.1427133431154749,0.5723805361915599,0.4131703270568896,-0.315904555254226
PER,1998,-1.6192889866816544,-0.0048907816709859355,0.8195418489907521,0.02607463175231558,-0.5768939272796891,-0.03825513372686698,-0.02556235501417888,0.7146509848731586,-1.432116264858876
PER,1999,-1.4054705792257454,0.013319882937779925,0.7338963397348028,0.1990478026391123,-1.0762481009475857,0.13655340799799023,0.19709152646551514,0.7220915810430255,-0.9316220483459591
PER,2000,-1.4895002304878007,-0.1375807870546539,0.7221916897495984,-0.04858501063444569,-1.1398668544311201,-0.0729163491370186,0.017625486698914655,0.38504632086068596,-0.6647546843135366
PER,2001,-1.638321379867424,-0.16198355974318146,0.492626913334011,0.29994032003700954,-1.2159440197635059,0.011078783289691117,-0.09721792203755288,0.4918743844869417,-1.0980325193099456
PER,2002,-1.3139584450696777,-0.13232651858730454,0.7965670097923602,-0.31372123693891274,-1.5939831649872507,0.18063575483152927,0.4439372320495418,0.3843936395277796,-0.2997855430196826
PER,2003,-1.3855486409881594,-0.1648883866303113,0.6624724009842714,-0.13764844273866922,-1.5692925860662865,-0.10364738552832002,0.15320978188998674,0.3785067554681603,-0.4396752766181699
PER,2004,-1.1609372738003034,-0.11979543473131435,0.5968993554289873,-0.13454618431233406,-1.7396666780677335,0.06128537839759603,0.1302557770749582,0.20920842044389695,-0.2619485516323846
PER,2005,-0.807218595861871,-0.07942784202407559,0.5076419667472138,-0.29916360943220327,-1.7862443875751262,0.07094980250853597,0.2579429756465159,0.10058755851791845,0.06486993865789034
PER,2006,-0.21352070797285566,-0.009393925170312477,0.7233597364182185,-0.35236703191000424,-1.7935176822924004,-0.01038300332792389,0.3904685973701501,0.11928994587089815,0.3522140409453542
PER,2007,0.059821917620785724,0.10907291439121751,1.0747668124040315,-0.5438537131709316,-1.6871112327266562,0.17838698926437355,0.7421662113025501,0.15469273492316674,0.23265524511578356
PER,2008,-0.06606507055978038,0.04819774372871784,1.3179493992987361,-1.377260426762835,-0.9725741368529516,-0.009963776045935131,0.79585375311604,0.17961070697967674,0.10830468325893147
PER,2009,-0.8280236222245348,-0.02737228310961783,0.5624461124244035,0.4660459088410344,-1.2854694043623949,0.09451108066402399,0.28247148377966974,0.7435395811158136,-1.1168048740964425
PER,2010,-0.18062048385362187,0.06094817492854603,1.3861414197470718,-0.7226093848996767,-1.395993589337216,0.1401072577774111,0.9484904435084087,0.3434755057309396,-0.037122808543300266
PER,2011,-0.1695737624993066,0.038388551544475825,1.1756491214475107,-0.4412780448727327,-1.1936426251560979,-0.08051625112394778,0.6370104134721027,0.3835890663252983,-0.22317121358911632
PER,2012,-0.15785208449769392,0.06929778504265253,1.2995256397169905,-0.4410007561339747,-1.2072444835618912,0.16346923266765417,0.9884466575810856,0.6385444464063095,-0.5343123170612915
PER,2013,-0.38660562561081324,0.10613446558662677,1.51718172104223,-0.4346349893751412,-0.9740344457919272,0.10256093303191319,0.7853746111162128,0.5609900144014343,-0.5256235497970656
PER,2014,-0.774390710373804,0.04948870338762651,1.3090559573702991,0.2214753815779299,-0.8315913538692352,-0.16208690633888778,0.364257312329144,0.675837411298547,-0.9727881781340114
PER,2015,-0.7723761592101825,0.11407140573649945,1.3587279533177048,0.1406539931347792,-0.9082629758066724,0.049332258652126704,0.622336129985952,0.8328618852049664,-0.8856911312069088
PER,2016,-0.7777763256919664,0.008429334675244057,1.1889989666229868,0.3591895181764817,-1.2637393199185163,0.12479086658248824,0.7058477903607097,0.6816454365344686,-0.6278929877056784
PER,2017,-0.8431917849139849,-0.07637772623550866,0.8256719016507268,0.5958161590948763,-1.276195346284926,-0.05833112462659489,0.6016481106240111,0.637853794443105,-0.7721155924040003
PER,2018,-0.7806969598759274,-0.08198706858197273,0.871224682724436,0.2676990947624375,-1.189369071951734,-0.2013311690720266,0.5276257167868601,0.5424659179894858,-0.39123866896350384
PER,2019,-0.8491731209871481,-0.037023793019119663,0.8958390495073192,0.7550827426565487,-1.2575772409823291,-0.14455935246799623,0.470416301224005,0.6449898516844812,-0.7323474355777614
PER,2020,-1.811862222122641,0.022587804638488918,0.034915205500715016,3.2812228552278824,-0.8045653821526483,0.521439029102034,-0.3595024510297387,0.9177776874837825,-3.0437317090321563
PER,2021,-0.33622284275691133,-0.03517980828992848,1.4849917991094033,-0.9078971852435683,-1.672640205284516,0.2832898840684584,1.3404492684085427,0.06345449123599907,1.3494367928309663
PER,2022,-0.9978784427561844,-0.171570089754592,0.48103793693598446,-0.06783653678052032,-0.7972259125119485,-0.22866056320017022,0.5465438392596577,0.6195021854584621,-0.689955145808804
PER,2023,-1.11868251857219,-0.1378956772195952,0.25439894825400095,1.0068368391795002,-1.08771171679721,-0.20958721681774906,0.09566828373531532,0.478082230647825,-0.9520112537969792
PER,2024,-0.6919051712098364,-0.09685206470959526,0.5103967506618358,0.7161453938405858,-1.5038614457003696,-0.03936253920062261,0.4710322667643327,0.30577088230516813,-0.1671225023436436
PHL,1990,-0.8657271125126347,0.08455437446384431,0.7207355689415093,-1.343764498644473,-0.27375945079061914,-0.6194864721703288,-0.8160005274859614,0.09054200666198536,-0.665043427375584
PHL,1991,-1.091788648454655,0.13744889251432382,0.22829473747912687,-0.3893770433298238,-0.6019183320364103,-0.44127042382708553,-1.1078204312772522,0.34231289647693885,-1.165499557382473
PHL,1992,-0.9671917285219945,-0.016528850498511237,0.3846359614298534,-0.4588628580493967,-0.5797867778743413,-0.5037324982860416,-0.9697333081668223,0.08327252417213672,-1.0897018095154392
PHL,1993,-0.8408284336249101,0.10720034926883316,0.5589129275005086,-1.0910816955128873,-0.26631288563958366,-0.4029283691319365,-0.7759726229755726,0.22119473044714574,-0.9008491093088878
PHL,1994,-0.5113321326216834,0.08942514160575604,0.7154111744722479,-1.2613261443191295,-0.4045709161944528,-0.40877201423578086,-0.5276934388067328,0.022270355580263197,-0.49425427828242313
PHL,1995,-0.43856437945911175,0.0360277384523909,0.4791756090048814,-1.1020760217405698,-0.46543820575399086,-0.45933779051938145,-0.5775581116955619,-0.03783765090469179,-0.27377911745501654
PHL,1996,-0.2455205504943988,0.08488471473735482,0.6815332746708492,-1.3251504799332956,-0.2388971103264222,-0.41155815262946427,-0.4674115455947568,-0.0522044714741549,-0.10597324686919404
PHL,1997,-0.01453478420872643,0.122582936787086,0.4361681105341056,-1.3536948379882934,0.04133445488330655,-0.5217736937547535,-0.7048762977579713,-0.00867285999996018,-0.08729794658961115
PHL,1998,0.2439873767110063,0.29011760504648165,-0.3091802088807263,0.14711803595854933,-0.43457044093020647,-0.27259105620361157,-1.165881092417906,0.517323080661549,-0.7509144810723536
PHL,1999,0.2937645240727072,0.09392420910080954,0.2914441714708397,-0.3336433849635376,-0.8289487264645287,-0.245458377430471,-0.6040033273583484,-0.08121242471547246,-0.47003175070439607
PHL,2000,0.47696629644246924,0.2344987932269076,0.25845422741997465,-0.6872154730017302,-0.8222914025563006,0.03154566144622241,-1.0427064881858663,-0.13261820528998516,-0.3457531055165724
PHL,2001,0.6744368766412793,0.33178261344678894,0.48785521402950727,-0.47890289425591037,-0.588895819540492,-0.004072714952765946,-1.1603521309020848,-0.09311419343109596,-0.6213989714325462
PHL,2002,0.9495098452045085,0.27309345874692115,0.5813518626942519,-0.5040852142397655,-0.6885023645789031,-0.016014304239197582,-0.9095667424932817,-0.1824573383053503,-0.57303526093908
PHL,2003,1.0228775686620597,0.27335946133800126,0.613957954463327,-0.5423331571701328,-0.9075978132869894,-0.07328897331697713,-0.9722753680041951,-0.31609801565684215,-0.20149683244531333
PHL,2004,1.2094721016634606,0.29321497890539366,0.6978828465698937,-0.6681625267020094,-1.0025788634539523,-0.14446644237723308,-0.7898090193540909,-0.4131411767620033,0.16140059475543045
PHL,2005,1.0824819607119947,0.2420477039900799,0.49143546955249984,-0.39395963119920213,-1.0898573774087486,-0.07227737384821505,-0.8334574474504359,-0.35071131486897955,-0.15505237207834724
PHL,2006,1.078000542860079,0.2392696510786297,0.2629856805405765,-0.029466082508173983,-1.511525310572227,0.026264331214718082,-0.6600542581566529,-0.42045049493518144,0.06120529692211762
PHL,2007,1.0424338009779919,0.19904764127351646,0.6287050505632323,-0.009603777211093421,-1.6985807381477163,0.038877896062522815,-0.407870404116848,-0.37031369439597217,0.18565113068378605
PHL,2008,0.6218106230981277,0.24616248780814565,0.8667182149250011,-0.2270324621593138,-1.0644153607812745,-0.047635768226080295,-0.6775996672242331,-0.24556816620344019,-0.37989594971127894
PHL,2009,0.6572192026498971,0.33718262963185563,0.7358590514175759,0.9479269117687742,-1.4749485504203506,0.17380649009332613,-0.6467486817301328,0.07601221084083952,-0.6978988127489202
PHL,2010,1.2623960250662212,0.3729532441602287,1.5380532648598888,0.15336326131461564,-1.661105347240414,0.25158471127869625,-0.10806584292906916,-0.34893796628084744,0.12481802785235695
PHL,2011,0.8426945883910004,0.3418085072028588,1.4207741212049732,0.5691871279410463,-1.4141586589834931,0.2860013149813477,-0.2598176877151524,-0.0621764041875422,-0.6247677907938902
PHL,2012,0.7991820243506693,0.3143686364659966,1.5061375758975017,0.2060351892693095,-1.6578985137119278,0.3283502366455681,0.021765865791095074,-0.14060576082419146,-0.020493191961909497
PHL,2013,0.9226585993400391,0.4206500009668047,1.549869206064639,0.40362951547310943,-1.6565934156592037,0.29684487805205445,0.13296784759227498,-0.10160302540763606,0.05909204283022197
PHL,2014,0.9613229394232263,0.3584452068750628,1.3772502046898685,0.2765393985648376,-1.4266827997250628,0.220545455590309,0.030997116479220585,-0.040600779962945456,0.09233750982369934
PHL,2015,0.8479245843533264,0.29550746538370537,1.3748956941155233,0.1577607098019373,-1.3253867541853739,0.0712179811898556,0.06966380299820914,0.030842559168936353,0.042715168706786544
PHL,2016,0.9187931058055621,0.31502884520416274,1.5451080703366211,-0.3873299537713024,-0.9222408757498685,-0.07844420173930045,0.17750020101947317,0.10719327570661809,0.06954612698196092
PHL,2017,1.055747325270228,0.3070776765165571,1.403049314190167,-0.5134324893027348,-0.7361121744943445,-0.1823889968762814,0.1317673575917911,0.1459337892005626,0.06560366060480823
PHL,2018,0.9405925007824645,0.25732621785988136,1.346901847148011,-0.7369102973444694,-0.4268808768636022,-0.3710510164715632,0.04855081267000452,0.17948658444716767,-0.09573406905500874
PHL,2019,0.8160347937645166,0.2011897494328797,1.3193074869794263,-0.4522145586542671,-0.6216678552473887,-0.3871424249212384,0.11339143308661913,0.15129404255156056,-0.09950789440615804
PHL,2020,-0.7142451770317269,0.03734948525909302,-0.15809748929080145,2.5330376161233463,-0.6922950008463244,-0.2630073820172908,-0.8489056104914615,0.9898088719327185,-2.8326583312971216
PHL,2021,-0.29075689250551306,-0.001417293927909033,0.7881231508858918,-0.33207545228470303,-0.9576745090759355,-0.050929310582620894,0.23305009663910403,0.26209144956631325,-0.2378980983615582
PHL,2022,0.01590939266089399,0.08195761919923203,0.9955832531906629,-1.100029620320446,-0.5803869166057604,-0.4064165838144336,0.13890520799132786,0.25991142950336843,0.13613307905466632
PHL,2023,0.12227690317247404,0.07000538473460671,0.9431478661676556,-0.44557361971591414,-0.7127482891734979,-0.5539747144164825,0.14105542695662995,0.309048870812506,-0.11732821277319148
PHL,2024,0.12886788828410944,0.06089826679944171,1.0233699180870668,-0.5197275190110586,-0.6199378415770767,-0.6074335214357189,0.19750439175732776,0.32787181316353614,-0.05525804164906865
POL,1990,-0.8713992388031996,1.908165030031572,-0.9713002503039876,-0.3810706849372243,-1.1463520252580948,-0.19454467009266488,0.0964830695008506,-1.5796959539842554,-0.055780234967022835
POL,1991,-1.8105918987328509,-0.04751474123344114,-1.5042900900802676,0.4680673598184971,0.042905794921748425,0.46580199524166566,-1.5089792676179683,-0.45233333595918185,-1.9073064914078572
POL,1992,-1.3861245229943298,0.05782436388352727,-0.8171257241968931,-0.8334050031232959,-0.5234784239432869,0.7513790472853394,-0.8686355739825143,-0.7184085748831713,-0.12872103794669199
POL,1993,-1.4896765512496528,-0.04706991072914088,-0.7434637889420032,-1.266831703215397,-0.42561329053164426,0.9381231527379302,-0.7567999826074022,-0.6972513971939613,0.006469116755863096
POL,1994,-1.0443408427091878,-0.03962305993651912,-0.7303791046696207,-0.8597576100985596,-0.9731250807151619,1.1167472639544718,-0.5552837844946682,-0.9369487121848968,0.45843379911362486
POL,1995,-1.0315981636861038,0.013357911560740362,0.32119829952777956,-0.9541410040532641,-1.2105414022748393,1.3418213154216938,-0.0396275787645015,-0.9932669546532634,0.6498388091757396
POL,1996,-1.171110063691146,-0.012976893189411049,0.3509661961750117,-0.9738678927857315,-0.8578906960901918,1.0956923273211112,-0.11358735937830938,-0.6726201438608148,0.21048069894454866
POL,1997,-1.0218130637097478,0.05715737175681186,0.5150100415101541,-1.1879269508844508,-0.7131280139124524,0.8329001151466766,-0.09176169067804606,-0.3729338145065867,0.18173900739218515
POL,1998,-0.8116478601369569,-0.01169249233468031,0.552913974765816,-0.9466285359031977,-0.589354977045003,0.6574509885003891,-0.02737385227854318,-0.2746536569322821,-0.3477667896257154
POL,1999,-1.2314974713441575,-0.09458154681661132,0.48490409890938413,-1.2436775782123801,-0.2982533410073641,1.0294749699841488,0.020881404300770456,-0.31924475159312465,-0.34108581154614614
POL,2000,-1.370170791672393,-0.26266114609855296,0.004956226761770882,-1.194491984948594,-0.3442699721689982,1.3805924726602965,0.10616308189470147,-0.5590757077225026,-0.218077955678403
POL,2001,-2.035871436081639,-0.5253828212593139,-0.7134556425909154,-0.27413058478408947,-0.5560686776778716,1.622436900657722,-0.21065703592663487,-1.0003411564289377,-0.47439503647579295
POL,2002,-2.3186715407719913,-0.6299589061937523,-0.9188198936905545,-0.32410582440454544,-0.9024887278355975,1.910674635750221,-0.3532625687936806,-1.198006189691678,-0.2753771461709612
POL,2003,-1.9473981320709088,-0.588894744765184,-0.8749356618834239,-0.6328565322382536,-0.9316097212796416,1.9205229921553706,-0.31326918910353857,-1.346834683223111,-0.059011459184959765
POL,2004,-1.8471564219099692,-0.598156037854251,-0.7607629378843901,-1.3635510154711528,-0.4524032718782044,1.8780058994826545,-0.019760260973577463,-1.1453957096152685,-0.026280224111271518
POL,2005,-1.6746340677780922,-0.5399259586769923,-0.7855707834869518,-0.7567282735381615,-0.5418392194927439,1.5585555515486047,-0.2214892253921312,-1.1352270202886752,-0.210676631246533
POL,2006,-1.0946777277007487,-0.41060926442570894,-0.48285405350726346,-1.4583801373860732,-0.5133589503280132,1.1102556065313922,0.13624538975678213,-0.698547719524691,0.11902130321937564
POL,2007,-0.6180345337363214,-0.32001886051969286,0.06912683632688041,-1.7470387484694032,-0.22255898752945497,0.3928216088512334,0.23710953805666513,-0.384230593166098,-0.034770307298124435
POL,2008,-0.7598320889489203,-0.3035798987630906,-0.003133397361648609,-1.3335241699109932,0.047384582912951195,-0.26615910160371015,-0.16847362152628603,-0.24275074940498656,-0.3139033481595153
POL,2009,-1.085325136591181,-0.10806916679456628,-0.32789765776348045,-0.585270674882217,-0.3447367700179849,0.287872217548944,-0.44424914570235396,0.18205796436892718,-0.3297511291510319
POL,2010,-1.1316436535632792,-0.38111704046081546,-0.49249911634826604,-0.803624967275267,-0.26977610382632283,0.37112442525590594,-0.15556536919624436,-0.2241865089242945,-0.42473526392019434
POL,2011,-0.8082073019212901,-0.3253142215073756,-0.3054007648168105,-1.095334434363898,-0.2437641662171624,0.34490803975052237,-0.043707726442638,-0.3735366265431586,-0.0005784162337778096
POL,2012,-1.0770648411507624,-0.2875753418760435,-0.5917235777708691,-0.375392849101702,-0.21711712224239982,0.4050424159104697,-0.5981956609657229,-0.26415864383098675,-0.5442620732621014
POL,2013,-1.126483561681694,-0.41162129936793246,-0.8443211111378683,0.04403513215795923,-0.3836333019442813,0.259186736983242,-0.6432462440233535,-0.4482190276156747,-0.5130611366890718
POL,2014,-0.65011767112134,-0.3230580910389836,-0.5780005352735269,-0.7516338522803001,-0.3420551712120673,0.29916511105859206,-0.23234453477728453,-0.2743517967696701,-0.16240825553601965
POL,2015,-0.3473540097668716,-0.11389956713542947,-0.40445012818079484,-0.6235194180215816,-0.48335971192956556,0.21855120435622505,-0.3746896443606955,-0.05312035881285991,0.04130548942272472
POL,2016,-0.2514104421087466,-0.165081783701419,-0.4947671193156924,-0.40566187468819626,-0.5057176136425119,0.044889883932751916,-0.3842103992017027,0.027353462578189724,-0.40146573644296746
POL,2017,-0.1723425923403445,-0.2505109558010049,-0.39866311002275284,-0.6773445933156315,-0.7001045864787018,-0.3684519754551826,-0.25777644209774786,-0.1055211052980175,0.04418538542259299
POL,2018,0.037160188969873484,-0.21520399568173587,-0.254543258042421,-0.9917013454577183,-0.6411885339450161,-0.5463654812207405,-0.07910880898148324,-0.0008073033531008532,0.16515706447908912
POL,2019,0.08115619304856071,-0.11687231558323075,-0.351705324112304,-0.565233667320427,-0.7413510450247534,-0.5674286829112396,-0.27779837425487997,0.20341663174788907,-0.04070570431304401
POL,2020,-0.1755674967404609,-0.11845465708339344,-0.8835663118746181,0.6937388871186252,-0.7155129967256452,-0.6275200491833608,-0.6474700129668882,0.5110472485179692,-1.1734270852537145
POL,2021,0.42194784199045465,-0.12344691953506373,-0.26279690708375486,-1.1508390738278065,-0.8312083524754554,-0.4247654184960776,0.029849519460367634,0.12195144743980733,0.11739621616469885
POL,2022,0.42140189553332735,-0.022782729681545617,-0.5762838850907064,-1.224876024493832,-0.7356524280639865,-0.49060147951875593,-0.3038571301261051,0.37392923499588354,-0.23516565796596745
POL,2023,-0.07970423552313197,-0.17642265585656006,-1.0168468965212831,-0.014344805675551221,-1.0230249883026636,-0.6517093323192232,-0.6312560340069023,0.3598713490210868,-0.9929398137002744
POL,2024,-0.30530726857387314,-0.21276468639507057,-0.5764313573919433,-0.2848709382621276,-1.1999702706770932,-0.7165359358712112,-0.4297207344586492,0.19139408736395003,-0.42451946245879385
PRT,1990,0.20873960643156755,-0.09575237139763375,0.6762664916617448,0.697843822697341,0.529480693244784,0.04895654651448481,0.8955115318667416,0.1439701805312202,0.27415362115324954
PRT,1991,0.055220389974370385,-0.045730770294134755,0.9138849715072727,0.7834366460398288,0.24163337535420812,-0.24442492699140225,0.9655592248383346,0.45282771031197827,0.18759774778327232
PRT,1992,-0.2351787860153693,-0.1537619086754022,0.5460195313504905,1.158158265565749,0.48714562116468035,-0.5137908048388536,0.5982239225334113,0.4553151592254273,-0.25000024483832783
PRT,1993,-0.7982308931322689,-0.10876185480817568,-0.011991687107041186,1.6194178460235018,0.5390237049553726,-0.2748672369073279,0.1482901016397542,0.7171678470280528,-0.5660625695191566
PRT,1994,-0.854463676642899,-0.2660881009308597,0.12245508884934128,0.9084398464913661,0.6311030961889295,-0.18105436883118067,0.37506642647020116,0.2713012394685976,-0.12403540695725632
PRT,1995,-0.17855904903287126,-0.2089331102832558,0.46690664589279735,0.42806333439372773,0.6013250800543006,-0.02286248218740834,0.3362721650821348,-0.25205594413504007,0.4276745829871783
PRT,1996,-0.5830719389653177,-0.201063600618122,0.37874141707783426,0.03354136845153932,0.9425437491178238,0.046105820060325375,0.173231955892042,-0.061308299331759616,0.13707127351548332
PRT,1997,-0.4368405150227457,-0.10921492407725332,0.5535707662587448,-0.3626952707255529,1.118313726199127,-0.014617546940039713,0.24730001209039656,0.14141903462634153,0.21855115693221613
PRT,1998,-0.1789281726051868,-0.1421221265066974,0.6742357435672179,-0.6663743917913287,1.2169871531290377,-0.3048616861613527,0.5912894247208595,0.39425200801541277,0.05233831307532073
PRT,1999,-0.4782520613198416,-0.8219033531155131,0.7548181450860897,-0.7829962996305356,1.5242413487348052,-1.12808397381836,0.7112090561928602,-0.7234529241391112,-0.49813226470228966
PRT,2000,-0.6437177913211775,-0.1883208598808817,0.35508621179424826,-1.1830690159301942,1.6151949871009499,-0.6026534531531951,0.46758492890512793,0.7672628630224358,-0.17780810651261494
PRT,2001,-0.8187455107474668,-0.26462564658176263,0.2675162474806417,-0.852818873008675,1.5622177597670341,-0.7393656030854358,0.3234770318200201,0.6883689220089532,-0.5338902634208298
PRT,2002,-1.105366142864815,-0.34451020184746484,0.19949306318117552,-0.17284097132720913,1.399311067244389,-0.8467932664894288,-0.008111783508269063,0.33325426853473805,-0.47169308648535035
PRT,2003,-1.3190633570286505,-0.571079019998669,-0.6571851232768432,-0.06639489748085094,1.3800650147232831,-0.5514553915215792,0.35684785136580105,0.5155686513524032,-0.7378221394527732
PRT,2004,-1.4105950116765047,-0.5352390100305486,-0.2919717099555126,-0.39841973927399615,1.3635026223074111,-0.7479290923029035,0.11554815776273067,0.12867842810181299,-0.052958607883669816
PRT,2005,-1.773396659412682,-0.5698489762331311,-0.5314271292109906,-0.41337767675498827,1.5765155510576387,-0.5787449272571245,0.0351629982875788,0.19828098730457897,-0.1733592558581329
PRT,2006,-1.6454934763226645,-0.6377453174499754,-0.8469608056214182,-0.7333223568090926,1.6835114642121194,-0.3956486939306573,0.4864196004344407,0.43685479438909863,-0.13049764296445865
PRT,2007,-1.5936013321620282,-0.6717841835403748,-0.6441837054822286,-0.5602579321840104,1.7445133580096746,-0.5348566037007246,0.33104643403742123,0.04152402652951412,0.21498462884647868
PRT,2008,-1.8461811207886993,-0.712683534642198,-0.8291371727800892,-0.47382218656809105,2.163437337902496,-0.6634645105250946,0.2323274971080483,0.2753074021068059,-0.23997912833011048
PRT,2009,-2.3878508114215413,-0.7355092428784378,-1.2136671592539232,0.4050501037651999,2.2306126608025667,-0.35903081292761885,0.006551143277345708,0.3969150905124345,-0.5436126279566084
PRT,2010,-2.065469809618112,-0.7239882204061883,-1.00512800706167,-0.3112374518883873,1.8933748133020516,0.054854372064667666,0.43127347886809325,0.07750920052187307,0.22935284861522773
PRT,2011,-2.0215074330470757,-0.8262246136674732,-1.6694108000399015,0.5984544029163789,1.7479438560925744,0.286092144956148,0.24495066190157075,-0.07649330371438211,-0.15782445838945186
PRT,2012,-2.039973219915677,-0.813755042164055,-2.386379630315732,1.3083844399027595,1.4161826548598695,0.9617757235947966,0.20390951662385576,0.015394091943603872,-0.35160071140437965
PRT,2013,-1.7292047952089562,-0.8736238453792503,-2.33744846525274,1.122484583895646,0.8968390940122972,1.0336135041704886,0.34185215066572017,-0.42951718335141453,0.31584390668442086
PRT,2014,-1.5878598506724912,-0.7784487524141599,-1.983933904233216,0.6772732803331893,0.6432421020501432,0.673513073638706,0.28755857700645077,-0.3225771815228727,0.4422023720243902
PRT,2015,-1.5050626995129972,-0.5549653758590248,-1.5424787419336707,0.7044008062674049,0.4257472288608157,0.3721254215486909,-0.20030756584291318,-0.3686573005991743,0.727967733017511
PRT,2016,-1.2368029157492937,-0.6177186905443945,-1.47203185042946,0.6099453920598719,0.14278090869363907,0.28197434470257066,0.19143769512665712,-0.24820872115308412,0.5112887164230407
PRT,2017,-0.7773213395388238,-0.5439285062846434,-1.2781031143193728,0.25915807092686294,-0.020955671956344145,-0.0034230950862088982,0.3506888513467052,-0.07033032796394699,0.5642789089090235
PRT,2018,-0.6980289661279512,-0.5081950267218057,-1.0972142522309787,0.17425020573591352,0.003654523336405805,-0.4447284042082431,0.1703117936213359,0.011377059288404946,0.4257559661557149
PRT,2019,-0.661759865187071,-0.44400815606968763,-1.121172982952694,0.1475143302858169,-0.05656657822920678,-0.46879324006506073,0.19497692753991913,0.2376168546704239,0.382911401242401
PRT,2020,-1.4571146841566152,-0.5064109756629219,-1.5171786903270656,1.6969994298759077,0.853997099969891,-0.6689743285030799,-0.6787265233993388,0.5769100621522977,-1.5998929241022917
PRT,2021,-0.42516029679313444,-0.43815802042323265,-0.6120870202789891,-0.2704899600830104,0.05863294634839625,-0.38685076375522465,0.4369689645584623,-0.05732041509046624,0.7624422154438448
PRT,2022,-0.22518420542264636,-0.3349274120068967,-0.762811892353392,-0.829621456844547,-0.06470360163742238,-0.4005383515602655,0.4149278642471452,0.1039942414900972,0.9089062864220621
PRT,2023,-0.4087517299670886,-0.4211757152207885,-0.9540915657922113,-0.022331570289046254,-0.1871565890220998,-0.5070689894697444,0.1517580211377762,0.06214311548608551,0.28356559589663144
PRT,2024,-0.35727799355154755,-0.3879877617046718,-0.9666580664389828,0.2818531508228882,-0.31780307784960354,-0.46249757426611743,0.15452096260683912,0.15685840716989105,0.17606217508562916
ROU,1990,-0.9315876629186113,0.11522909512888663,1.156316510648662,-1.7580102836144107,0.48708090537064813,-0.18586283456053443,-0.7759313459877755,-0.21885346477972137,-0.6838312479711786
ROU,1991,-1.2835561617214388,2.7423451732781787,0.04026883554178842,0.6872386189489184,1.3953062370010938,1.3685105020047836,-3.7612341293968217,1.8722810540205574,-2.8650424883452743
ROU,1992,-0.9084582651641473,3.0081203662184937,0.17923232001488515,-0.1549210875188418,1.3780598566188063,1.5927411818793609,-3.812545475352525,2.2719116241387565,-1.9444395169243858
ROU,1993,-0.6353831689785321,2.3580982410225904,0.7263262709446905,-1.161457872989081,0.46762173060976286,0.8534260660259072,-1.7094980821469277,0.34568108567867845,-0.5711444084706455
ROU,1994,-0.35702847481712874,1.7229123966797222,0.7894411138973566,-1.110482590406302,-0.14134601946616307,1.178439961096751,-1.5711256067133603,0.1522733724688149,-0.2330629928504211
ROU,1995,-0.8127782795543654,0.39494684993589585,0.5723970094333807,-1.7228821206683493,-0.2632885229593125,0.42810241422139905,-0.8058208581192767,-0.45710497785522125,-0.06021935206632956
ROU,1996,-1.0675387876194076,0.6306646295258748,0.48237760487716524,-1.8401430143653508,-0.22269755281784767,0.37275410867571096,-1.4112933955470912,-0.025382469346274576,-0.6585259158908261
ROU,1997,-1.6162685533383336,1.5558752093499875,-0.48228415980293204,-0.5335291925186163,-0.0525036671509568,0.3956442573988168,-2.0477337492386583,1.2854305200176601,-1.9647200003651948
ROU,1998,-1.9887541231981098,0.2328935503291254,-0.5206191468459218,-0.9786462085721926,-0.32102638976959064,-0.03902981168343663,-1.063576046911591,0.5599464833886721,-1.8171889477164092
ROU,1999,-2.0382041155609594,0.3967829449859065,-0.8347471558171168,-0.753009217694897,-0.8382180022859581,0.044605185812077945,-1.3582733698438583,0.7372622844543002,-0.8447148550954807
ROU,2000,-1.5459309068257832,0.2947990563801829,-0.07340898633631189,-1.1063481489109803,-0.766584356762521,0.13490200422921847,-0.8791604074335254,0.2496101151846321,-0.5480552977399575
ROU,2001,-1.051884946665271,0.26985476739860176,0.5466812801697246,-1.7252584635410273,-0.5999375066914636,0.2691798058080093,-0.7538961327954457,0.07250154838670274,-0.3676824206433125
ROU,2002,-0.8876609749103758,0.22012730711109368,0.531822129885328,-1.4103339668509778,-0.823800607309961,0.5159906714832599,-0.5412110861848282,-0.3302864554297201,-0.2647666920484031
ROU,2003,-1.1613115631263966,-0.014410731945581127,0.33865724602416697,-1.258442554818839,-0.40766629610422334,0.18301448061474793,-0.6463528302368068,-0.03531444589346637,-1.0716913618950445
ROU,2004,-0.707318277223082,0.05131320846424183,0.7641916229372553,-2.714496455340144,-0.6795362059622,0.7246920733295671,0.4539149793088622,-0.18793305188523834,0.03036528013389246
ROU,2005,-1.1301053625398605,-0.11254999058979297,0.5135230899582541,-1.743934943308314,-0.44548000660453463,0.5490595584465089,-0.04586753169776901,0.01547286306648372,-1.0633377050970154
ROU,2006,-0.5743854108216399,-0.0238716696052539,1.0538710341060207,-2.432813807485689,-0.1965273058003175,0.7505404929441785,0.45269607273193235,0.07582322539213698,-0.6216743065065861
ROU,2007,-0.5384343514003219,0.025048961435298552,1.4316023346524869,-2.5708602022481806,0.4092981242073085,0.30480765673560695,0.23352704300455004,-0.08822173034581268,-0.8298379619934324
ROU,2008,0.08333908778571232,0.17025446984984005,1.6556105486733534,-2.7876022356981385,0.39692218883477837,0.3129568414970186,0.25012085632039394,-0.027259206805989845,-0.2872027591722245
ROU,2009,-0.7662637552946957,0.21769828364866803,0.5217643416118053,0.43673353063294706,0.3145827532171262,0.4358231317467741,-1.054827306283196,0.5717188038077015,-2.468211498566358
ROU,2010,-0.43392054877479125,0.16435232272447498,0.5878431178301974,0.08953199332787388,0.3319275886354285,0.4875651370442708,-1.1365086507410038,0.17482485605212988,-2.3597013897771144
ROU,2011,0.24167956302420493,0.1886660006597705,1.1451949481666472,-1.216727180455699,0.026914715821367827,0.6363472034984095,-0.7822200749837364,-0.5099795600342973,-0.8931606640202262
ROU,2012,-0.1894619448784807,0.13202252919410354,0.6925430120467664,-0.6562981224012862,-0.10481104000640579,0.36766969011503414,-0.7326438728400558,-0.009844381888684087,-1.065819236780963
ROU,2013,-0.056096308173720466,0.014340585459659815,0.27799458741630545,-0.09909557417291803,-0.3415032814730867,0.2609925376890014,-0.6912512163823221,-0.13932820597778195,-1.2226206950461576
ROU,2014,0.29045039532929223,0.07726398476399929,0.496272657165483,-0.6873447489216152,-0.5596800704580449,0.29827281123575344,-0.6007845613773803,-0.3376991660305885,-0.48638074566487416
ROU,2015,0.1631023813493734,0.1507687325128752,0.3589460053152013,-0.5786079255637878,-0.5222229159529916,0.2875170464840671,-0.6662540976744671,-0.05168596464682286,-0.529320458211035
ROU,2016,-0.10388184902328498,-0.0257250487158959,0.12388608571137855,-0.7659613741061012,-0.5585794707289935,0.07211049520478456,-0.5678654079265063,-0.027559341148385874,-0.7771802020205882
ROU,2017,0.10947461838017536,-0.005373602341503811,0.5552178389551541,-1.580630773044657,-0.8425318382477338,-0.06276797419803089,-0.19552707737582126,-0.23636707548352318,0.13150069178008206
ROU,2018,-0.31036208558743317,-0.10240504569103548,0.1838280693878953,-1.441168015914026,-0.641652453993408,-0.36687140130556983,-0.39964835180805885,-0.001855110025234793,-0.388798064634211
ROU,2019,-0.3814709329527599,-0.05371588350918808,0.17666419778363804,-1.2205938442664155,-0.5348240319900546,-0.5222064824813726,-0.4247149819563166,0.2372127551205404,-0.5361728784384403
ROU,2020,-1.009521772044038,-0.1349987133547096,-0.19114283941998894,-0.0048841509426485,-0.15870773557943513,-0.5490173941048475,-0.882293480521934,0.42810373619031483,-1.877197953294279
ROU,2021,-0.431854148842032,-0.1569014062956181,0.27494375769204,-1.639435763160702,-0.38393046093249883,-0.32589201600175577,-0.018704412164723166,0.04128388914017795,-0.35364197233176514
ROU,2022,-0.6922158423263678,-0.15562016104043436,0.04831085833874824,-1.6397196161936296,-0.2228333238116793,-0.4638104284471071,-0.16081383286123221,0.27571621520352874,-0.5460272991121339
ROU,2023,-0.759770659213823,-0.19150734711150935,0.1574161724974071,-0.9806988465009087,-0.3753052810458595,-0.5008549447624286,-0.2246288148547557,0.17230032082404617,-0.8680776510479591
ROU,2024,-1.2301063748695267,-0.249696035278232,0.029775360591316836,-0.8698050250446476,-0.31848252548009187,-0.6191978576083876,-0.35261692927890464,0.3136222955535306,-1.071259043497015
RUS,1990,-0.2609986913619953,0.1948111278005354,1.1756577184360948,1.707726056102582,-0.5304985676661158,0.060542949069989166,0.10414113931642792,0.5068036626264232,-1.4146184206779204
RUS,1991,-0.12122706203694492,0.30119883311047135,1.6456293606257446,1.8063293979324992,-0.04009586652282777,-0.14597895265649122,0.06751730396541672,0.7521156053059533,-1.928600360064372
RUS,1992,0.48839123613172597,0.21039130539678222,-0.2590873999759137,2.8947210883298404,0.29733694260068955,-0.4511048798042137,-1.2343322571242847,0.8588833882356384,-3.7046416584805986
RUS,1993,-0.6048622225859277,2.6095595592970944,-0.34057621896622214,2.4752440142754124,-0.3537860365950955,-0.6965119173957204,0.27691545377574134,-0.4945513178811019,-2.892331622309723
RUS,1994,-1.323003175815591,0.6826422292720047,-1.0865503794606226,2.00134441534009,0.6186854774206672,-0.8987274121128729,-1.0593433165987587,0.11726953975276459,-2.603888153280408
RUS,1995,-0.945790384175739,0.3660501784290763,-0.4898602303470153,0.9526459724842866,0.060359987800489616,-0.3580630468344107,-0.4706940792333043,-0.2501167494698124,-1.0944550695571666
RUS,1996,-1.0968933596445962,-0.10369660456240958,-0.49004785992137334,0.9757626604710326,-0.08033561160567698,-0.22790578972224468,-0.5837332337565073,-0.07060727190546086,-0.8422966708180171
RUS,1997,-1.4854777572535836,-0.2710790153112609,-0.402484465651792,0.016076769378400163,-0.2855477633762154,0.27037542085098787,-0.2745439240700047,-0.32683152833605456,0.07632546892106279
RUS,1998,-2.3664082510978526,-0.08582918558161877,-1.6947445927830447,1.0145822456864988,-0.26458604685829706,0.5601686079975653,-1.2707728391366588,0.2919079922056509,-0.6576868918864478
RUS,1999,-0.5088518409360439,0.8137002276388088,-1.170928658192225,0.715186082498998,-1.6960807150979345,1.2175346156304885,-0.7311522198409389,0.25714103331256233,2.353334872413622
RUS,2000,0.9701428759309605,0.06524290591068586,-0.09272801260490798,1.0091591738868242,-2.2545099084056113,0.5829529402748902,0.479900247826338,-0.9330545423887989,2.33189886923931
RUS,2001,0.2484023992377498,0.030152786348902432,0.14230035733189936,0.7055847815607522,-1.8503964359927159,0.16871261292830894,0.08575864452518325,-0.5207844160486588,0.767694477540691
RUS,2002,-0.06056880185848382,0.11285697191985733,0.17227841087945175,0.5045872763032302,-1.7775117164392726,0.20137459915059036,-0.09588313050792364,-0.35888584004732826,0.43748566048800946
RUS,2003,0.07500224494614156,0.0722397371902973,0.4577550006367657,0.27583322929448423,-1.9334616150682025,0.3629039774217933,0.38619243582982815,-0.4980853717939461,0.7850531203033635
RUS,2004,0.4268371987583777,0.13706414782527576,0.714237977786623,0.6901337626932622,-2.137177656956632,0.5796252398142862,0.5597586408912568,-0.4372822260590886,0.6534886503019021
RUS,2005,0.48880934499769363,0.2221177805256517,0.7357679761834183,1.0247579580877573,-2.2434465740194005,0.5797590192243295,0.4537148827346476,-0.3465475573494678,0.5233171540815458
RUS,2006,0.6257244960705457,0.2651302350539921,1.1551975046104468,0.8566781575066201,-2.300834097797733,0.8581927420453275,0.953194077999191,-0.25372383039326957,0.5792197141066762
RUS,2007,0.7219102702178022,0.34202100336445485,1.7645256973237569,0.6901777342708679,-2.0051667965745077,0.8700574510107191,1.2371617823366858,-0.055700657792109615,0.2749004059347088
RUS,2008,0.49936477469482105,0.15169935292094658,1.0638227339255544,0.6509013735560615,-1.3545938416339875,0.4197696343521852,0.7288279627866985,0.06559753684828365,0.029068047963404127
RUS,2009,-1.3466276907738635,0.13615748459219348,-0.04766602579051981,2.857266911666256,-1.1796586133566658,0.9190689085295554,-0.21614014952739102,0.9245564470634916,-2.303224085852879
RUS,2010,-0.1745764944120838,0.06509248507696636,1.0458821843404864,1.0874912753937787,-1.634873971652436,0.6681626897921128,0.8448926638159965,0.027577767586704983,-0.1492484228432689
RUS,2011,-0.05707816352743783,0.036462320147315375,1.002555913950975,0.9722846217001726,-1.4541339965080142,0.2409087132288799,0.8155743659247898,0.11155337073695018,0.019455240581346508
RUS,2012,-0.1923435856348601,0.05054299825656881,1.0721245607157712,0.8587623543467248,-1.3113149597012936,0.06115404846204382,0.7115390260393456,0.3193241403381638,-0.05629066126952597
RUS,2013,-0.671534107853704,-0.055451589088363645,0.6441400063188728,0.8861179121366463,-1.013602826402477,-0.08126433715040769,0.5695000258693703,0.48616151777908856,-0.45641826187779777
RUS,2014,-0.72355631340269,0.01797225960822845,0.3884720718546569,1.1092698287563232,-0.8468742773945812,-0.2856459645572737,0.1403560510963634,0.542971285273979,-0.2787953881329928
RUS,2015,-0.5581048300027371,0.41848994615719437,0.5043944328303006,2.0274778975116887,-1.0152438733708258,0.24696255521819685,-0.2032214889290632,0.9237157950467855,-0.7125945137696258
RUS,2016,-0.5916852188207855,0.008809085418216657,0.820935817627973,1.4407063813160044,-1.0479980412188263,0.1983859138922474,0.48031252411374337,0.62293249272554,-0.8312651662928587
RUS,2017,-0.40212468923692657,-0.08143489695911538,1.0004372005339135,1.161700109645795,-1.0802029842103857,0.022185725802828522,0.6091978815630384,0.2856503609167963,-0.6338420918783779
RUS,2018,0.07951246302640688,0.13524954717305573,0.9586478102822449,1.6196357697547303,-1.5561141301297892,0.10790490401122757,0.4288685267389297,0.27489552069166384,-0.10826156719380449
RUS,2019,-0.1442544391642093,0.09568095854636714,1.1298494363237377,1.462039856990022,-1.383453215202804,0.20547035852252593,0.5898070509432024,0.47128614101059985,-0.5529713633196333
RUS,2020,-0.4840205389099288,0.24228475053088044,1.2685469690723923,2.394574812131415,-1.080270828523039,0.6193967182651449,0.3019096465376484,0.6785502009887422,-1.6285083755338878
RUS,2021,0.4442101752813882,0.21397327406423972,1.426676074164045,1.3534092408753862,-1.7522023238858384,0.3968901721595556,0.9674199918002719,0.21487616748741542,0.2057429988476423
RUS,2022,0.32903150092900557,0.29208142088745986,1.3526206435706418,2.8358288608763167,-1.7548301594038216,0.02240940037113341,0.21816693333520326,0.3068829182422418,-1.007200383489737
RUS,2023,0.23044208632402582,0.46321937674525154,2.144819111429537,1.2448124851008402,-1.4083383283915447,0.11417738103446452,0.5817627874277731,0.592102639398189,-0.3356314756093132
RUS,2024,0.33607354077684204,0.40797969717077254,2.2711924109230015,1.2388871130999775,-1.5720847040828467,0.03793968262991123,0.7601540676714715,0.47173819101427444,-0.28822310859067557
SAU,1990,-1.3658072358230333,-0.5049893470811258,-0.2965723222233566,-1.1779099060353466,-1.8607729049815058,-0.7585949841388405,0.48772070446042454,-0.07772838079830703,1.1835463250440297
SAU,1991,-2.641513807589299,-0.6329356101555395,0.024505764617492855,-2.7728441929270655,-0.44739237301994994,-0.8311573935694443,0.17958465547922264,-0.10799159667290074,0.28401109658097823
SAU,1992,-1.7620157114113688,-0.5385266187493292,-0.0933953438853503,-1.6643634564363392,-0.38814899777336637,-0.9258570326418649,-0.12667603392426577,-0.059462210019553915,-0.0008675212028783972
SAU,1993,-2.0724916835572436,-0.5295716373853823,-0.1988781718483994,-1.199969495162567,0.022009479114377988,-0.9287646559202017,-0.26304789304990334,0.2976199282292761,-0.8946173227803448
SAU,1994,-2.127803602739559,-0.5416583795659287,-0.420191373256926,-0.601403539317865,-0.5803957419703567,-0.8697683929881921,-0.24985420628725696,0.22618254404587892,-0.4797132980713772
SAU,1995,-1.6312454580087736,-0.44217164680768756,-0.4389198394178701,-0.04405717947206968,-0.7854598665866706,-0.9676452657959824,-0.4339180800886466,0.09972477769875367,-0.37561909149541484
SAU,1996,-1.0524913768613633,-0.3556348909423456,-0.2856201668259249,0.08717863074774274,-1.4100861691700024,-0.8391290233131153,-0.12392852153044116,-0.01439567443428771,0.2845789969038536
SAU,1997,-0.9595324345072987,-0.35517422250224184,-0.36421261856894127,0.038301200694903406,-1.319244115912775,-0.8159889987189126,0.015202610238189179,0.22656109339523198,0.06224038437867637
SAU,1998,-1.6362910271303197,-0.40594799184808156,0.14424496341194085,-0.967910833424477,-0.4394495021987415,-0.8631890352703728,0.1783265011987613,0.5087395571131407,-0.4630275472474007
SAU,1999,-0.9428037603718945,-0.2500114259504203,-0.021689520846136862,0.6580692434780342,-0.9577467285359345,-1.0233534064767595,-0.277458310362628,0.3721199650284958,-0.5539386837985486
SAU,2000,-0.08829530215329766,-0.21500994600044057,-0.044844980782663656,0.7329447509359401,-1.8945944642816863,-0.9146508285048139,0.08365891503660026,-0.06472632892823532,0.8319818674586259
SAU,2001,-0.6336644484458658,-0.2703905822305487,-0.3423436251838278,0.9631276696508677,-1.3891036254928912,-0.9523600173004928,-0.18816137793454912,0.26102924175096104,-0.11447694334477998
SAU,2002,-0.5211046901332265,-0.20060909385768064,-0.36952218317881996,1.3090796426166007,-1.3851915100832712,-0.8097900822494792,-0.25690819329696546,0.1953300701664142,-0.25700967867787666
SAU,2003,0.701916722075479,-0.09615160748253955,0.18613768538417855,0.7522531965417995,-2.3505918351758246,-0.5061609268776878,0.44975168570582763,-0.4274414792897859,1.755679103135276
SAU,2004,1.6074156205080705,0.04331273509396127,0.10201137657699201,1.546181093517325,-2.6703676095473172,-0.43192095563484234,0.5208070921674988,-0.5709345979720896,2.108527780159205
SAU,2005,2.691773898101104,0.43381520319754285,1.0677795335166425,3.9728623678414667,-3.8956392663010346,0.8751486417793634,1.2705725798700445,-0.2237551937322425,1.0329650335302512
SAU,2006,2.916859603430882,0.567607553046185,1.2194398059160847,4.5704914619607,-3.9096048963978247,1.1529067552877903,1.2402173475817724,-0.08185986825764821,0.27479078641528093
SAU,2007,3.115313520665618,0.6662008472309623,1.6344649026568314,4.495873029210955,-3.4868259555317787,1.1576677800579869,1.2314126095278821,0.048238933118491874,-0.24712443303794654
SAU,2008,3.8790756617316986,0.8626965404905479,2.452468423124793,4.853226410161366,-4.260799112746503,1.5067696326168927,1.877344734437218,-0.0666775447741746,0.359035280811595
SAU,2009,1.5184741234311496,0.5920904021399545,2.5742377756274695,3.438836482165191,-2.0372892892961065,1.2590230445934234,1.0641032898627483,0.517158202210328,-2.029226123428527
SAU,2010,2.666831418160888,0.7344544011155046,3.0293020996009723,3.485048663402926,-3.0256259774240366,1.5667361288074442,1.64922342332457,0.1334985409325498,-0.6221364218655162
SAU,2011,3.6867496701623015,0.8740850987880989,3.2376246930580965,3.944687330772715,-4.528086397144132,1.9237888630798796,2.3053874163046224,-0.3383732358723059,1.0527130005216838
SAU,2012,3.2903044611681023,0.9165062226938027,3.159011080468175,4.982510845657464,-4.3601952796166925,2.0919789394575554,2.058843058934049,0.07258714282735214,-0.2969415607046032
SAU,2013,2.6471874222108784,0.8295012992489071,3.0681553974691735,4.9745166141963235,-3.935681329590346,2.087109779221596,1.8314026135886492,0.29347977905600064,-1.0665778914170403
SAU,2014,1.9147273402408194,0.6895552282338286,3.072032796018618,3.5706742866423826,-3.020499902833934,1.807116025794379,1.631208745142001,0.23677960979487614,-1.0876871669783217
SAU,2015,0.2905735855446826,0.42657580862794625,3.351586365743891,1.2047823854891166,-1.2868195804090004,1.4580272729739994,1.385721713442157,0.4473964575509398,-1.7016301447396072
SAU,2016,0.1283603877705717,0.4248819526528041,2.955151132763397,2.1568480052828636,-1.6859724362448785,1.783611462624959,1.473893407834095,0.7756092634990749,-2.2007560215776723
SAU,2017,0.23630533246127677,0.3781696652126618,2.5121185076935024,2.6170914821793216,-1.9821787654757754,1.4854376538833018,1.0169659737345538,0.4633242836661374,-1.7423749006864997
SAU,2018,0.6281521646658168,0.40787066868675703,2.163509626030559,2.7825893581649117,-2.9008253888025513,1.4797746229632842,1.1773583680320288,0.31380808514145353,-1.032354110055814
SAU,2019,0.38106906166472676,0.3875208439891237,2.319886290001228,2.3970252337657607,-2.2590352007625105,1.1819880300468895,0.8972214827213949,0.39457935734658417,-1.447281026860803
SAU,2020,-1.1909767813824723,0.2287412356650968,1.9921794239041373,2.4830565564112406,-1.672144580005747,1.56099021788669,0.5041913115003797,0.6436915293143379,-2.9018565803046434
SAU,2021,0.7241434503226136,0.43267535180300365,2.6352108562042575,1.6613564727098955,-2.4471319988620777,1.5860942734286017,1.411812528844512,0.1746711169956804,-0.6240345892904732
SAU,2022,1.9137506490844927,0.5130774322113116,2.639817019740094,1.2383623214388186,-2.8333559076285546,1.181894557423383,1.4773084180770348,-0.29384632318685444,0.9832680273186315
SAU,2023,0.6226412755852958,0.3731090329080477,1.9463998457325962,1.2979449965659597,-1.1677360589863293,0.37940932234461155,0.31890315974676586,0.4803750630716107,-1.4764670878740564
SAU,2024,0.5613984042805901,0.350121097034738,2.172979716811029,0.5035859463293582,-0.8852535364636861,0.18837987841999723,0.37499061016334345,0.42540943363098366,-1.2137811871022546
SGP,1990,7.165750776404827,0.3944883357760504,-2.281317061499493,-1.7043032556009088,-0.2891152343153944,0.30285628129612735,-0.3739902981242763,-0.6830374895395875,0.12521212386440778
SGP,1991,6.855798941875904,0.4420962885871523,-1.9754450178948797,-0.801926436162818,-0.32146522129929833,-0.06366340950730973,-0.9006061015084199,-0.6725258128954795,-0.2657462024987994
SGP,1992,6.654607298965525,0.46108420587315824,-1.424166523070037,-0.3489236755600073,-0.2784466489233041,-0.2319899216507205,-1.2255491170351183,-1.1109702256193623,0.03381601395915778
SGP,1993,6.715200493587706,0.4637594218039852,-1.0860519716669055,-1.578845113428335,-0.22321623426748996,0.008180214830239159,-0.6211560477108178,-1.0315132182999553,0.5611414337695667
SGP,1994,7.251115458327902,0.44697909612989173,-1.7702118760825047,-0.7285076822548278,-0.9753242336240823,0.17446536834026524,-0.25708463181275454,-0.9067636997584839,0.8409862895205507
SGP,1995,7.786401821682737,0.4056979749476812,-2.4969851351619874,-0.28817810782920394,-0.6145984192643011,0.1703743745975347,-0.5623031739244582,-0.7633485092056022,0.1183222752146778
SGP,1996,7.426207443840906,0.42443885959539807,-2.196390245184062,-0.34445577376040004,-0.3970105935901001,0.1395909319671275,-0.5565983773561882,-0.7558039057082274,0.2329087317594677
SGP,1997,7.819205730004516,0.521348016178477,-1.9094699047749737,-0.49511063713892906,-0.2795602848456559,0.09260343853129663,-0.040165059863316185,-0.3634417728281315,0.3698909418070943
SGP,1998,6.865484243041633,0.5954910806497182,-2.667514704317345,2.1482985309349827,-0.2716547354544091,-0.07743583479165331,-1.4734909661444047,-0.43380470997647386,-0.8198434722919691
SGP,1999,7.574549753263817,0.323698006948879,-3.064985009507424,-0.10904514299239614,-0.44116840584477146,0.7996196285650593,0.15637308169076894,-0.1561388154274359,-0.1813473867879272
SGP,2000,7.826337907053784,0.38090198889686366,-2.584921893523576,-1.2945350004832807,-0.15939922169957296,0.45913705314062064,-0.5091895266818396,-0.6831565542146467,0.07587993344289376
SGP,2001,6.524021150852845,0.15261315875718243,-4.083327713049653,0.58712754716919,0.0316856101952104,0.358761890297623,-0.7912440115789676,0.14538626550253006,-1.3533355589141995
SGP,2002,6.215571818385306,0.14370200607177083,-3.3947719809111425,0.40485387124772515,-0.6058166844225994,0.3156019056753514,-1.5535662188148789,-1.137111214041567,-0.11253963416821047
SGP,2003,7.060478997947598,0.05139806465248954,-4.969713740753026,0.9030171269397574,-1.6423716224316005,0.9195609919584193,-0.7936275173328018,-0.7422325174046841,0.1446083676126384
SGP,2004,7.949092936156339,0.15884027323362174,-4.481559723569766,-0.7897310265379944,-1.4039723046182986,1.1773482132998274,-0.4079929629326196,-0.8888502693367241,0.5053650026377681
SGP,2005,8.2354581388802,0.2065583744752908,-4.813604963913265,0.061030990631322425,-1.6597625596227719,0.7814856439355159,-1.2652030017453588,-1.2456551531740214,0.4317339484865268
SGP,2006,9.192212281053195,0.28029175417162067,-5.156902507346529,-0.27146293170033936,-2.023091857976712,1.095687907768315,-0.1879970243431538,-0.616004182084115,0.45996657979079286
SGP,2007,8.802276575770506,0.24597984982957466,-4.68984440534351,0.006449578923357699,-2.059122354986047,0.8855068977465227,0.20850175343704483,-0.3914756301975617,0.6437546325678042
SGP,2008,7.846518226558265,0.14652932356084744,-4.465567499178204,0.42807440076908904,-0.4831753037876306,-0.49422342959997084,-1.839503205607143,-1.165707224109267,-0.5122381916543091
SGP,2009,6.5458525025075955,0.1438123148253363,-3.936210637574971,1.0023686620572945,-0.5812982923697119,0.25259327460147335,-1.111536360944622,-0.5599364356801648,-0.7318851403915775
SGP,2010,8.58005290387241,0.23157395897198496,-3.4524187036050633,-0.7001130375302133,-1.8453509647339001,0.7451017335824424,0.8680846964026109,-0.6559021484967776,1.6884774011241679
SGP,2011,7.935179993367238,0.14061673400846605,-4.12717555568507,0.5591387615813814,-1.2295764603120403,0.1662797626329336,-0.17140040322212047,-0.569387383985582,0.47117970825327254
SGP,2012,7.536178946760712,0.14724789093949092,-3.913454770513809,0.384821261427744,-0.5981885920164132,0.15122551018796784,-0.11195672630792107,-0.20979709112486014,-0.03473135523827217
SGP,2013,7.359962637200476,0.052816484993886456,-3.9746314296248824,0.1872028054850081,-0.3344681099304741,0.18030276391242803,0.2512975748143645,-0.004348269608850076,0.008115333979445534
SGP,2014,7.46599390680818,0.07440472232735781,-4.053160497260815,0.5105214043683962,-0.3352143260455812,0.21331668747853663,0.2687841699443963,0.0969543831724887,-0.02335332341099854
SGP,2015,6.618532941921781,0.04599313948966496,-4.073395523775705,0.7842337636247998,-0.6227899968990473,0.3617497022157305,0.3254973836605469,0.37868751735788975,-0.10181390600904762
SGP,2016,6.24679346276006,0.04782135992085569,-3.4235177835852073,0.8339451292855831,-0.5671371298034505,0.28603278704670765,0.5013437426039402,0.20139623275214055,0.14778367235765102
SGP,2017,6.8875736461573895,0.03968936728310396,-3.890362832012687,0.33103036219940657,-0.5725347609981978,0.7596807394943368,1.1135712256399368,0.6565690646387813,-0.16295806925891365
SGP,2018,6.338774411710968,0.005210181507375641,-3.9735655778555317,0.2805167149944886,-0.4631688218013695,0.3965790357682249,0.1872460123204238,0.2691281965380726,-0.3769766691780821
SGP,2019,6.201767664469228,-0.05043867060262646,-4.430871963644082,0.3427694461937443,-0.356411931562864,0.4400389816518094,0.5397559350874142,0.8449958588129743,-0.852083739788101
SGP,2020,6.112647081700037,0.0172117960195901,-4.617384489326868,1.6587513974437536,-0.23814989715192084,0.43891109732430367,-0.20427583451701598,0.5866976522637755,-1.439171008947735
SGP,2021,7.16879467091758,0.06617685328715522,-3.9079384313964014,-0.6711437086792446,-1.4664813420174707,1.2066468460050455,1.460370268596215,0.36084543995230184,0.591695812562532
SGP,2022,6.493537570129715,-0.0035609173114526755,-4.602774672810329,0.09012838830351175,-1.1185718773881397,0.5120332134652484,0.5178270770851101,0.5344653490828368,-0.1810439075879336
SGP,2023,5.6685223214784655,-0.15625549913760572,-4.657284412353435,0.49600206094032606,-1.0179920405150076,0.14592839642539293,0.333281199868326,0.5850884387432574,-0.5768304331782524
SGP,2024,5.929543776686519,-0.08878668917654337,-4.095906615917463,0.17421992351727128,-1.2645854130936365,0.05055846770244276,0.644406948701614,0.44232433611876265,0.2461983649736249
SWE,1990,-0.4800098043156467,-0.06975765591217943,0.5435536210480596,-0.39003576722294686,0.4480940043303111,-0.12261921325775119,-0.5750715516410906,-0.1417176984590811,-0.7024217917076857
SWE,1991,-0.8308201505069647,-0.10344936585970192,0.16193138826227105,-0.0475432955858464,0.052394361814760655,-0.8341185352995395,-0.5164760572301084,0.5669424514901129,-1.0523034062488916
SWE,1992,-1.4000368303177875,-0.28162207326806477,-0.006329211882786489,0.021113582028036867,0.002494262040634074,-0.5821282918971982,-0.6339089799389425,0.19420356281576073,-0.9637000004229235
SWE,1993,-1.7899680496999943,-0.1767319399374174,-0.7587668084082166,0.17556852192506125,-0.3203060048692083,0.23855399266907476,-0.9383920092034842,0.2782097234390786,-0.8764176724056203
SWE,1994,-0.8912072808173777,-0.28393694960846433,-0.23827047483823785,-0.5063904022664826,-0.7735814862295327,0.40957008300240855,-0.29895769305541764,-0.3913481346359908,-0.0031454856482643926
SWE,1995,-0.3619413479666212,-0.2298485076516007,-0.3150935021595924,-0.6533545290843209,-0.7845492634616703,0.46455875543906117,-0.22417112672200334,-0.33046612167294614,-0.13818535524370645
SWE,1996,-0.703174783762015,-0.24285806170596366,-0.43478403132237814,-0.21233727404195343,-0.6137028520129332,0.28207852012335966,-0.7053405476947181,-0.4893109782097206,-0.3399089166223242
SWE,1997,-0.5188886978224856,-0.18438956573995283,-0.6515352288556261,-0.46409113512795713,-0.6213059766862291,0.538312491937198,-0.6472973321043715,-0.3801028360334535,0.06563904457828021
SWE,1998,-0.026458983801771658,-0.19625817199047418,-0.6141158169803701,-0.7499044818464146,-0.6884913326031675,0.5536556627449055,-0.11124679906282751,-0.10437601535718226,0.014679372108617954
SWE,1999,0.5056772986507969,-0.1899676697608502,-1.1769093610444754,-1.2462827129004546,-0.7003196318002105,0.9674648506874399,1.0772637501455458,0.9195549227160379,-0.47574663909039105
SWE,2000,0.5357022117513884,-0.030769660962124402,-0.4224934273486597,-0.7423721267350948,-0.6994019951674065,0.048642807431096474,-0.12856058677698032,0.2282772632519245,0.06129166684294911
SWE,2001,0.5635169998613039,0.005661791677046,-0.7026519348372835,0.31114503452047176,0.14810262572023075,-0.20574933877693266,-0.14174547124951464,0.4281743821342213,-0.07969237941253025
SWE,2002,0.3863466158047081,-0.18146738924561187,-0.5592173278700544,0.1602392324051886,0.10396992774863702,-0.24268098029326712,0.025331540321335968,0.21301214327287865,-0.031848812907209686
SWE,2003,0.2715873671457416,-0.2622303701657943,-0.4223562720776794,0.5836036274942643,0.03035548901764336,-0.46760508480082646,-0.28761749459017943,-0.2370521039801918,0.1383525132974218
SWE,2004,0.3948507561966586,-0.2781696123401504,-0.5329386618260566,0.22635594126592926,-0.08244408092831028,-0.1595443634978051,0.07749452672547874,-0.22258361858232686,0.6002638016643785
SWE,2005,0.39524768235839286,-0.21145623321012677,-0.8344715978569749,0.42819902353363154,0.14841641946870587,0.03314354060732318,0.006194386703677485,-0.13626684208044362,0.4713141610317048
SWE,2006,0.9367750937971735,-0.16121082083671046,-0.6316652378121475,0.40644851658076736,0.01582917968009454,-0.0653090368888066,0.19048376922180532,-0.2359325207648399,0.8874380435878142
SWE,2007,1.2128408148414869,-0.17272892853677585,-0.7786672062225418,0.4388333757191886,0.3317756780409013,-0.0980794279741791,0.5089392415405398,0.11652316813807823,0.45406274774086147
SWE,2008,0.9157581897091149,-0.2532005323456707,-1.148749199019456,1.0875393582539519,0.6617951753542165,-0.29348753450430304,0.1272062319486126,0.3276310620087884,-0.11553044225400666
SWE,2009,-0.2846163819300731,-0.31026356675625266,-1.3290242218020825,1.9069580341041334,0.7547119819191593,-0.18078910661909597,-0.49600092177142113,0.23941864652353836,-0.35254363573129494
SWE,2010,0.47725052901819226,-0.3247595160885791,-0.37593780507431246,0.5857173736014601,0.30961991531916017,-0.09783321298211677,0.16102936502457413,-0.6688892759853506,1.3439475909328327
SWE,2011,0.44778854023156134,-0.33414428574820293,-0.5551876665610617,0.7946933535086746,0.5580993975846851,-0.2840836423231636,0.08282808769224362,-0.43034311588149693,0.7900819769171424
SWE,2012,0.04661184138766229,-0.3283594176476892,-0.9276791166998126,1.3615403766541612,0.7300680945123541,-0.3019306706177054,-0.25291873586072827,-0.12658876801504865,0.29825132221940726
SWE,2013,-0.030697992152024223,-0.3942433102068042,-0.7248563368834059,1.2125602787236516,0.6608184814441785,-0.31956467841513,-0.023844130007066297,-0.26357925004665944,0.5469821699786891
SWE,2014,-0.01830714732604857,-0.33415016646475687,-0.5479296178724405,0.9662463393593306,0.7074265482563917,-0.3869876941353684,-0.09117997210985287,-0.3019119512427074,0.7978227144034773
SWE,2015,0.20882690036735513,-0.18044114967952532,-0.3961754359495049,0.4493276559105612,0.6415098763547085,-0.1778135680967757,0.15966906182281343,-0.021485333463756584,1.0418698895677891
SWE,2016,0.1161183791604126,-0.31197034014111225,-0.5254936429907652,0.6297717682168654,0.8580940438098492,-0.35071826823281493,0.23410815206303157,0.029329001299968883,0.4467858845482522
SWE,2017,0.3040580717730327,-0.30622460569002247,-0.5788274270018838,0.6356797131807057,0.9531998678655839,-0.35670080823063227,0.3728623118715638,0.13755482815258155,0.3627342618049357
SWE,2018,0.28279499089731525,-0.290326297191324,-0.41861692126272315,0.7863093182034687,0.9932731816949341,-0.6372223556560028,-0.06689020798200797,-0.11850575706701132,0.5037831452287046
SWE,2019,0.6390632259954888,-0.23519995420745932,-0.6570600799383177,0.8809632195243905,0.69812109886185,-0.3839812105478535,0.20761456877025186,0.0004984112057133081,0.7728544450959428
SWE,2020,0.29141801030388725,-0.3155618811204374,-0.9494476721973131,1.6402926437658323,1.0452885793703839,-0.2597112415575803,0.10320100917453527,0.044735036174749866,-0.0029932195149112626
SWE,2021,1.0050686461457516,-0.356821643706652,-0.7662995914911536,0.45744960026841786,0.649924550646599,0.16766901526848435,1.0718204196422056,-0.07873876272878712,1.0994024530591637
SWE,2022,1.0640354597297907,-0.1827928649968423,-1.050233216021757,0.605585661540874,1.0927835944037194,-0.025846529366140347,0.4805588272808142,0.4312982660062652,0.27477662954387844
SWE,2023,0.8823509842574279,-0.26480138462873265,-1.057519501648192,1.2261145860405522,0.8405404861454384,-0.3547567940612489,-0.08295576090350915,-0.04297272594855181,0.2608294899158272
SWE,2024,0.935994472932162,-0.33048337097378616,-1.094032331690156,1.0463617806323684,0.6697992424768059,-0.1589269956983485,0.20048489365439304,-0.09969802059689485,0.44001066350391105
THA,1990,2.2299315300776947,0.5402998601426727,2.7480460848870054,-2.1208665541805876,2.44003250297026,-0.28675632920619254,0.34233590732856506,-0.14303035625223104,0.5342209469965379
THA,1991,2.321170500575797,0.565953594278941,2.6967333037574517,-1.6943350015972989,2.6695431760386703,-0.038125253227472046,0.023521894020595492,-0.25358812751910215,0.06395496829948916
THA,1992,2.2596312316644536,0.5250963327486138,2.4745729313333946,-1.3315025996203729,2.3407607663411176,-0.24847026387443422,0.016247313770745234,-0.10262629737236606,0.11084449236113791
THA,1993,2.3183306972008855,0.5249777316037364,2.4839186791666386,-1.1340829517492672,2.20487434329522,-0.29615761022259435,0.10924419835102538,-0.13309976687264477,0.26480802240567447
THA,1994,2.369885350148741,0.506390845224794,2.534793612107097,-1.1719024985564943,2.311064047096182,-0.37589363443893703,0.056918957585696685,-0.1311010390052494,0.1869251943960481
THA,1995,2.48736306038303,0.5439081869860005,2.601105458799301,-1.5392914636601325,2.580273307239589,-0.44978581000127443,0.022921249291820794,-0.1217694028147846,0.03770944426040542
THA,1996,2.1784674526695635,0.5014930725021406,2.4389301808633213,-1.1951456694488762,2.6932831573814813,-0.503263192574601,-0.11885102216218318,0.08145027941193057,-0.37109880224434216
THA,1997,1.7001619013294393,0.528245200806773,0.7785662493239411,0.36714669554719187,2.4499122236483943,-0.5265204744636313,-1.0323091253189018,0.6616813503302826,-1.4217187303656846
THA,1998,1.5853265376752015,0.42076125993009084,-1.0598153334396225,2.6612886274409613,0.9810201240937362,0.37533115716096777,-1.2185203601775891,0.822625041880491,-1.6239215773540963
THA,1999,2.0715962904299383,0.18805858779730797,0.036010721875724065,0.8768377600693442,0.4044323643849742,0.37659693925721105,-0.2523003678921623,-0.18376047374718585,0.22991946034339525
THA,2000,2.2932314511492766,0.282462169681308,-0.06831524450806013,0.4976612683640735,0.7516623400804328,0.07056259934379848,-0.7200115314696477,-0.21114584239292825,0.25617176406741154
THA,2001,1.949205625508062,0.29168934052604367,-0.14644254868830528,0.2658719425543911,1.020241018395794,0.12183348294821951,-0.6495202130741016,0.017703744278078904,-0.09879894496356204
THA,2002,2.0047684204291065,0.20544079367673213,0.31737487130761194,-0.039155583890144174,0.8525444516798434,0.014333220270184946,-0.5061588042392805,-0.24521294074723488,0.2749300704928828
THA,2003,2.193058279667579,0.26172255105114484,0.4249679570571818,-0.3596359832279593,0.9293336958582716,0.0552672658013172,-0.437417072815466,-0.2529368096711841,0.3510973793553998
THA,2004,2.297563951513639,0.26246648851441784,0.34756811582285524,-0.4806519928757024,1.1807414239942695,-0.03504590658734828,-0.5648519869212867,-0.22617511627828563,0.09593782951014745
THA,2005,2.323931765264249,0.29793637523649297,0.42987828918234566,-0.9689359057873997,1.95261906839443,-0.17369151074697187,-0.7499326246538218,-0.01892987408633844,-0.6124331988665522
THA,2006,2.5799243502977287,0.31554401481071176,0.33587666280906725,-0.4277935546821798,1.383109006219987,-0.06688887707942806,-0.6689690045396346,-0.17632146794512904,-0.26206824826585234
THA,2007,2.7711025878858506,0.3905649968289859,0.4379796971228978,-0.19278599088594167,0.34260457673778055,0.02961097931519884,-0.8179055971283814,-0.3302252863416411,-0.22860436025102504
THA,2008,2.4685298448012927,0.41817146341097566,0.33844486496135523,-0.31291078719070525,1.013243091239233,-0.09407325021479022,-1.2106860657061218,-0.09368942174958944,-1.1921399329420057
THA,2009,1.984409224632532,0.4067446652603545,0.015519989307397172,1.3329171983218757,0.07438657345598522,0.26719329925029256,-1.1509183432265866,0.11841524979347985,-1.2252826240214156
THA,2010,2.7066053397802623,0.45580512755576424,0.8673323091338674,-0.41981337173841154,0.30123498752317474,0.2966170240806597,-0.4014254855726183,-0.21002385577546312,-0.16352609923245398
THA,2011,2.500228871488741,0.41903031435294485,0.32166695790938077,0.5511275642723048,1.0735963818411423,-0.22491382638419413,-1.1399691483624808,-0.08641692106371042,-1.030988808425105
THA,2012,2.5230963571224128,0.3689635932082146,0.7238959332697527,-0.7248890871818346,1.0665694332664744,-0.10806565328035884,-0.39682462910645067,-0.09341844970039896,-0.008167342239664931
THA,2013,2.0579216511149645,0.266101472328381,0.31927121593252583,-0.24603897013068213,1.491762177459181,-0.31429853637557814,-0.6538804786445003,0.21747229399900964,-0.8022584975713724
THA,2014,1.9744945296459537,0.28170063389568106,-0.03830938566367479,0.6509227160151985,1.1484334021915459,-0.3143755492594232,-1.0214204594186835,0.1283464869222665,-0.6868908037650983
THA,2015,2.207383306071362,0.29068804542828175,0.009224944247800869,0.8571092805827515,0.712718380326921,-0.1348872294684458,-0.6725483475282843,0.08126267328256616,-0.12446774144300116
THA,2016,2.3755549566749754,0.33093714351957454,0.10643863166605799,1.3467881370539632,0.29557112257967805,-0.0807162894736779,-0.6620735758714629,-0.065294075143728,0.09438610875952079
THA,2017,2.5952716092509904,0.3352990781448509,0.33900280837744234,1.157874498779872,0.35100520587881745,-0.015079221790839498,-0.4393893532672909,-0.11016297558211909,0.0741188237921797
THA,2018,2.469813138145557,0.30181634696305565,0.45860766411690584,0.6226825673105656,0.7591122258640991,-0.12831662282342887,-0.3797431527984456,-0.023201706431912408,-0.09628102545375089
THA,2019,2.1430237521097655,0.2960552356625328,0.46838185159943535,1.2979127351599153,0.6093977075616835,-0.1901253145753478,-0.49997119650258764,0.061768139718866646,-0.3314034506667151
THA,2020,1.2459672369076715,0.3247279370531449,0.36040426606216064,2.5743811174170332,1.3366300141310974,-0.08496239125407799,-1.0137763809549463,0.5105796740979047,-1.9449694543781406
THA,2021,1.8881941156470803,0.3051159038008243,0.7060919218549396,0.3657576159765827,1.8404040338468417,-0.0021706104707865485,-0.46178257398721745,0.2837129345330662,-0.9320241588526412
THA,2022,1.901319953557898,0.29427703082607626,0.37949688774169443,-0.13143185301757418,1.7714509432680745,-0.22030440521599687,-0.7036309123173189,0.2077236170112836,-0.6823604415819475
THA,2023,1.6901824316965555,0.12063790709960447,-0.10895256040617023,0.6243078223200158,1.0373739095959562,-0.3393059125918294,-0.5717273727626768,0.16648309980945694,-0.4208832361018861
THA,2024,1.673334167454132,0.09011859355014644,-0.33169094969267776,0.4929932969520311,0.7627469766686613,-0.33671371300436076,-0.515560945029213,0.18436546936861614,-0.29040264743963196
TUR,1990,-0.7508136486166676,0.39728921455618804,1.0624151662811894,-1.3173555292153367,-0.017094882778514224,0.7526977244621983,-0.10930391174839772,-0.7386463444594973,1.0035996401850145
TUR,1991,-1.2995339559213817,0.7001831631569845,0.23182237512276901,-0.13096524720989164,0.28732556137014065,0.4378691598838768,-0.9988599325581262,0.15322940588042228,-0.316194274153349
TUR,1992,-1.1298137491706346,0.7214775905705869,0.5560597531198104,-0.7353819353964177,0.08825756051454328,0.5530173439417202,-0.6533186926956012,-0.028076091724531342,0.4696247796491345
TUR,1993,-1.0276336499172072,0.6273827843181095,0.9548815196459863,-1.4109216570619116,0.2997751575182415,0.5303901731141718,-0.39853793865476583,-0.19666504493693474,0.8187948452902607
TUR,1994,-1.5682763952464613,1.6622404369293082,-0.5612813053683611,0.7886706137629669,0.4053251003815568,0.8207340870315956,-2.0177351419711815,1.2076287931855956,-0.6645087125365357
TUR,1995,0.08828228452543162,1.1179476575730518,1.4835642068139654,-1.1435167884196935,0.23692943909161318,0.6909715193596029,-0.5355922467951937,-0.4052880502577729,0.6467745047984725
TUR,1996,0.19705678881490507,1.2908257271847146,1.5222471784892502,-1.0207130175359147,0.29602985976238255,0.540083687706558,-0.6271712544221664,-0.04409127652830956,0.6247556324149774
TUR,1997,0.04922157854761343,1.2462295259859786,1.3021892894808687,-1.0302085940637673,0.16890945646076325,0.614514402429746,-0.7248232137894771,0.008313543181557158,0.7456379479096075
TUR,1998,-0.3677338671892323,1.0330855414361568,0.718981752930193,-0.03392519390733319,0.20799897189255032,0.3722573206567492,-0.8998102045077152,0.21270638603896252,-0.12352727896227189
TUR,1999,-1.3146640517812676,0.7779330152229599,0.05300519178499692,0.7460887118538868,0.190987437970564,0.3483192031124814,-1.0477237943597508,0.4297979047024554,-1.0275666300821362
TUR,2000,-0.7900506864953599,0.46959973798851956,0.8934761584062415,-0.9731611745390242,-0.0768961044641281,0.11534049969113713,-0.24846437339448912,0.049675448780662504,0.6606352745488049
TUR,2001,-1.329975038231232,0.8090923821427158,-0.7084285580786285,1.2722439992903827,0.07283435590526875,0.4255586764393422,-1.314567744611828,0.8820354199233756,-1.0060412209088219
TUR,2002,-0.8331237183679084,0.13823408755286679,0.46188353293603107,-0.29421414293395454,-0.48708016844594987,0.6682827515179939,0.006220381197375758,-0.4982976052285599,0.7141787980199553
TUR,2003,-0.9975277441936797,-0.13780975484036795,0.5431328345929783,-0.513600908138613,-0.214072818351212,0.5752717726021381,0.042904703923932086,-0.6183512988176998,0.3764845885942759
TUR,2004,-0.6536844936205288,-0.16771586850723963,0.8953233035933954,-1.2817232983049276,-0.18991419632494064,0.5663779357903662,0.3546506398826227,-0.8937219394315814,1.1053612239296908
TUR,2005,-0.4803940700196662,-0.06051562629240358,1.1059830642909343,-1.2472507273590643,-0.004250125424352914,0.6094109462395888,0.4951854163609141,-0.7515927746280644,0.8087338305368653
TUR,2006,-0.35756536341020895,0.008721867574558775,1.127423381112381,-1.233836680650023,0.3450556033189672,0.6254137944677342,0.3899407368722877,-0.3903348737462189,0.3150711353980383
TUR,2007,-0.5283225906787491,-0.1347293286136767,0.9596158952742398,-0.9356081200655898,0.4072876510434761,0.5113250715693524,0.3050340211776363,-0.43890824940896217,-0.07621037798482738
TUR,2008,-0.8047367358979096,-0.061293300063474825,0.5742940643105862,-0.608209194333225,0.27815414448299547,0.42461192292615485,-0.26151921063023265,-0.30497571295816667,-0.8280398854055901
TUR,2009,-1.659221832475129,-0.16165547764140853,-0.3555966531395539,0.8453171550507549,0.055730366782153415,0.9421738801915397,-0.8059163314074121,-0.15872746616261435,-1.4246779489040644
TUR,2010,-0.7827599848937173,-0.15822658725038638,1.1042726793183653,-1.3290627097605658,-0.1410747495890733,0.6644863387258535,0.417902608124526,-0.7930431625892308,0.6665670672303033
TUR,2011,-0.3386661034644485,0.0035191385270887457,1.5391786858760634,-2.1710074449768717,0.2401674161245285,0.4377515792887181,0.4400615228063586,-0.5725944311757416,0.9204403270654864
TUR,2012,-0.4723611724984294,-0.024098335144242714,1.0036557892781324,-0.7478995071709582,0.13671346284926011,0.3284992823766029,0.08262022990644544,-0.2696273404436715,-0.04513060730790192
TUR,2013,-0.15240218859237015,0.03890621373522076,1.4111922420186718,-1.2411659057080422,0.2206531754501288,0.47629869353985144,0.39845787836711205,-0.5381246571583043,0.6193340388896328
TUR,2014,-0.250774669698014,0.05703019338508165,1.0108166457688343,-0.5517936504217993,0.35942518681871416,0.5194130298197792,0.0056345473880586505,-0.3133130185979082,0.058647376250501176
TUR,2015,-0.13998808482642142,0.1283268160916384,1.0455118451564431,-0.5908388263667733,0.28365246074967426,0.6804598717675491,0.15640900432935273,-0.28280072680036983,0.3924607380256973
TUR,2016,-0.37465357691601775,0.02648740409470253,0.88836632572823,-0.2297638099184387,0.48767324625214953,0.6514468797030939,0.012690670237777915,-0.36395439968459825,-0.07306980604607057
TUR,2017,0.11391631560788529,0.15402617342841826,1.3604674755880628,-1.081762274350064,0.5533849201822177,0.7241566106482468,0.18927721490135016,-0.5734012458254328,0.6897965429998063
TUR,2018,0.174495833741907,0.268290718537941,0.8262337970599289,-0.4177791846680641,0.6248635321743716,0.7505957370569488,-0.3651733316754083,-0.3551840651165799,0.024915865209058485
TUR,2019,-0.1568242708199611,0.10759257488197778,0.2419512538575011,0.39767614446859195,0.23855655646483628,1.1499468140942215,-0.41715202097641196,-0.6821347906410888,-0.1804270798582202
TUR,2020,-0.04816534959113803,0.2339990971818347,0.9266372762231345,-0.36036172249348036,1.190024057714474,1.0158048359277052,-0.3947280702508821,-0.5643155834038635,-0.3826427428847988
TUR,2021,1.184666950862896,0.5274428228584415,1.650541922028642,-1.5157763718762063,0.4202467591243628,1.2271535378878027,0.15103707829476243,-1.0994758539733203,1.3806001047643834
TUR,2022,0.9489970916727843,1.1166116159162152,1.4238572906455909,-1.3898047279756864,1.0185397137840444,0.9427701888547918,-0.762253480965312,-0.17271217639479763,0.14303295730880075
TUR,2023,0.435050737090774,0.7378314823442867,1.2806653677490982,-1.0118315219929486,0.540911274339465,0.49871445937108405,-0.3907847314765903,-0.33869336501209774,0.05059892132766767
TUR,2024,-0.04055794302262336,0.5102724533746223,0.9436152196449743,-0.3235328141083195,0.02845610762790328,0.29770336742953735,-0.30561006802432966,-0.12345400015150143,-0.04531397139640901
USA,1990,-1.6073420247124584,-0.4174714140727533,0.17364730200781492,0.4997483309388524,0.679599256349413,-0.7291271158019239,0.41745222895972117,0.40323364403980627,0.3656557661398148
USA,1991,-1.7876992024432847,-0.4749578908522658,-0.1560404584691133,0.9714373507020454,0.7424459671268356,-0.5680602243411617,0.21275009117203553,0.31205316806369227,0.18446175788740118
USA,1992,-1.7648079077207002,-0.5097339550263097,0.040113463244329815,0.3896321877975764,0.5880917344395087,-0.4226359756147921,0.4550289516863925,0.06778338486990419,0.8350110486857131
USA,1993,-1.7977953449755608,-0.5047871188327028,0.021421985324094388,0.44093338257442455,0.7060686515481399,-0.5173637910170317,0.43464464283490756,0.19347932413472038,0.651638332396184
USA,1994,-1.6166091060052592,-0.4759081917109507,0.19780063309771795,0.18602628228775248,0.6985139833782,-0.6494779241360696,0.5212945641574388,0.2003501218675429,0.846563270570445
USA,1995,-1.555731642052713,-0.4520584003849614,0.08548529557672303,0.4490318880362175,0.9233046132417347,-0.7525628511288379,0.47409436869494487,0.3082674396783182,0.6681497163661594
USA,1996,-1.3989892953364351,-0.44231284167551,0.16937597218938225,0.3304188207137021,1.0209479364708691,-0.7749731642553582,0.6124985168644111,0.2861712389974255,0.9117714654222917
USA,1997,-1.0127027574111005,-0.3173954035832621,0.404271888555318,0.07701447508799487,1.332303677518788,-0.607155843390528,0.41472110487009367,0.1829552803729064,0.8834028171500247
USA,1998,-0.9387308882472973,-0.3192072560238297,0.44005956787086964,0.07408343814210308,1.5612256447090005,-0.6640187262679291,0.5794457051266816,0.3089701029499445,0.8961368224399892
USA,1999,-0.8998273446773344,-0.3459577464090657,0.409972322859816,0.022671989259731663,1.8236474049961102,-0.7059660333443628,0.7542297314750225,0.4010523673519484,0.9894396155774213
USA,2000,-0.9813091568816428,-0.3544780193289904,0.35846145055691125,-0.06593025916695883,1.787858115067306,-0.7995848311741689,0.6708361702632363,0.4732843356296855,0.7738295752041515
USA,2001,-1.422479181183817,-0.44334538131294016,0.022511134435954004,0.5783544567819443,1.9740213634920005,-0.8744517990161884,0.40835036669034475,0.4961391309803549,0.42549211237503776
USA,2002,-1.6253438535346019,-0.4967175993374572,0.025661193389912053,0.4355730518787645,1.7864998788631858,-0.7363119796420471,0.4046820005416057,0.34612108116408496,0.5497083919512202
USA,2003,-1.619135827595717,-0.5262016696730738,0.054848798676543915,0.37399875124295406,1.9772941177397279,-0.6856340053794683,0.5703466940207761,0.2934068881967065,0.824695225989629
USA,2004,-1.4605123186019884,-0.5155335476982305,0.14934988867660418,0.17879336333555207,2.11656263174697,-0.7365290117242886,0.7492913858524998,0.3357441786681509,0.9957996197404525
USA,2005,-1.4276901055101494,-0.4970516331886997,0.20208625807273997,0.21165970598815168,2.2655201331807047,-0.8752994697705818,0.6969231032174806,0.35801359832094287,0.9466264880314967
USA,2006,-1.3080339497604383,-0.49022700104886513,0.13497554534839165,0.3336986896944595,2.467775497662701,-0.9133827963437139,0.7752339073213079,0.5014211378386502,0.8291537134932863
USA,2007,-1.421789451595212,-0.5246406252274363,-0.08592373160089536,0.566465422135162,2.522176323673789,-0.9111077625820243,0.7775631488465864,0.565750047833938,0.7687096481416912
USA,2008,-1.8256003531127294,-0.5991077240304586,-0.45418692949356404,0.695781519292972,2.1883970804021664,-0.7991280326747291,0.5224941279627261,0.548033710023818,0.3731249951272868
USA,2009,-2.373864689128438,-0.7333640109646669,-0.9386394280583015,1.4956223105482171,2.072621485670842,-0.28008675510907893,0.2962450293280495,0.30261206968902055,0.16089431727879897
USA,2010,-1.9451841735438438,-0.7126808665425671,-0.5260205525258627,0.7286721720917747,1.7376293742619093,-0.08132975400936023,0.706108923585641,0.02070010165111841,1.0340462212285995
USA,2011,-1.8793865398235126,-0.6436771421996075,-0.5553946246020356,0.8039086849533804,1.698476847019426,-0.2256282391496943,0.5749092738273479,0.109516848303007,0.7591735311323266
USA,2012,-1.616501272435373,-0.5975968978165956,-0.34382149058899847,0.77800344115953,1.6766326360355497,-0.3533025786707558,0.6529778757481397,0.14385235238657662,0.8920910813238022
USA,2013,-1.5228024213382207,-0.5980214200549174,-0.35604915818147553,0.860186715893752,1.8349387776408084,-0.4950921547477051,0.6904544037646112,0.22997521175249272,0.9408494749708127
USA,2014,-1.3684975840064495,-0.5577246856594175,-0.2092421609300134,0.8131321603027625,1.8336980583740932,-0.7104697445471804,0.7203884322366599,0.30829947489846476,1.0057388254404596
USA,2015,-1.2796674331784788,-0.5499752331351673,-0.13475145541055714,0.6578104702719175,1.8235195254911347,-0.7919753888305152,0.8671082745493078,0.4724299803322435,1.0028642430478645
USA,2016,-1.437328070413264,-0.5689935916039744,-0.24684652378951594,0.8636700047565204,1.868605517829445,-0.9058908197595098,0.8080324307669567,0.575738802168023,0.8375242849268472
USA,2017,-1.3107518626423422,-0.5459817989726281,-0.14607032733426872,0.8846682365700612,1.9428541978784448,-0.9946445765140638,0.8527547618768022,0.5536803617591466,1.0103781206129847
USA,2018,-1.2802465070369287,-0.5141099304738098,-0.00016646656989366442,0.7210095149128123,1.7763609411144479,-1.1069473506884961,0.7555019033967675,0.505522228126603,1.0365265370148362
USA,2019,-1.256588217538903,-0.5117184597740376,-0.024663162736088845,0.8852286328126023,1.961745896906281,-1.1311740335517593,0.8611588380043399,0.5923607434961158,1.0289413827812937
USA,2020,-1.8673024550260284,-0.6164551161044861,-0.5217953392633001,1.7313341266260338,2.665478465086262,-0.5519781877552613,0.6201371348802008,0.3916955354558175,0.43067147250989385
USA,2021,-1.3256537769669448,-0.5680744103353768,0.09458572704502105,0.5144775521567968,2.201223054514868,-0.7767660060822361,1.351632204895503,0.3370759036892401,1.78057144541103
USA,2022,-1.3558931389730404,-0.50604252944571,0.06116145802278341,0.6115042943211985,1.9888284950706316,-1.0762420457565878,0.7549857819423736,0.5975083075597913,0.8164029627592112
USA,2023,-1.4213927749641344,-0.5213228542004275,0.06548741675956192,0.6470940378427639,1.9696645440389156,-1.0644987156230123,0.7902249775554057,0.5758282276614325,0.9428888972740808
USA,2024,-1.512774724921179,-0.5319667866949113,0.05514136468760228,0.6614249387459862,2.0900109871547685,-1.012166449131358,0.7833170395329897,0.540239833153827,0.9264667840163682
VNM,1990,1.3516400146205358,0.26193993874798377,1.0109820342950124,-0.8473926871922031,0.6148435834127296,-0.7425868226124693,-0.23327402666151953,0.1002988398506406,-0.02130194257037466
VNM,1991,1.1487716077962389,0.589187729548775,1.1821615709139182,-0.9450694789536297,0.5959137905105242,-0.41459799522113805,-0.3071203582018131,0.6370883519334531,0.4150658499422639
VNM,1992,1.2937655255385616,0.3893966402065141,1.3730896401277468,-1.8466495198375563,-0.5849985105818977,-0.5273548692041851,-0.10848241092747075,0.10885934085284157,0.22584966124949274
VNM,1993,1.2492635252485182,0.25077190705347535,1.344636015482589,-1.8315131438518564,-0.493581191882091,-0.503118099599711,0.16301993577629081,0.1810062566335029,-0.012871809257199966
VNM,1994,1.707445381696167,0.24176132291142188,0.9181238811776832,-1.6854504523773253,0.4071603009049944,-0.2574835061180794,0.8038996451647047,0.5194676688013582,0.36357354208308373
VNM,1995,1.2223279814404386,0.24083805581936596,0.9105931600183476,-1.9468551421408482,-0.8551647265431542,-0.3927372722790463,0.28613967115714967,0.21983443828394345,0.33146764747926827
VNM,1996,0.4850088511693149,0.07373964749593587,0.5306647195285406,-3.0189385371520014,-0.28980803888748724,-0.5159150668013558,0.16798299713434534,0.3600270896518001,-0.15815130320298737
VNM,1997,0.5439555729341191,0.1089687490301771,0.41177492290212325,-2.5727605570272862,-0.31711062363262177,-0.4079829696428394,-0.06724684977012155,0.26078739708681453,-0.16266383613819338
VNM,1998,0.6591243528779416,0.21256058716963566,0.36861410106109843,-2.0321385652744817,-0.24013307415057153,-0.6015516952319235,-0.45902500230822285,0.33244448455035097,-0.436316973302623
VNM,1999,1.2693454432344566,0.37894572951003747,0.1252068746229562,-0.9168106635074533,-0.6747972323441299,-0.5657427648130782,-0.46175895361842617,0.09454007666604713,-0.2637904924568786
VNM,2000,1.824615656605283,0.29063660254194296,0.40719613407011157,-1.169573451791927,-0.5221442816115872,-0.6336447710923135,-0.38629569370161976,-0.09930956456023964,0.15258433507928218
VNM,2001,1.786562648280228,0.28147620718130995,0.4964800126051218,-1.2046673575623872,-0.24562918460260386,-0.5697314804494987,-0.4320579551711418,-0.08653428047266477,0.006681672380705585
VNM,2002,1.876564692500556,0.2654625248855683,0.7205066134989616,-1.5793527705597492,0.13324669730981323,-0.7181090770098055,-0.43137183361101883,-0.010348964737456084,-0.1525688955091927
VNM,2003,1.904865477449614,0.32035001774814165,0.895430974444604,-1.9332042842855897,0.4567159016787132,-0.7206480989910051,-0.37004501558591796,-0.08623493309603979,-0.24074170466347558
VNM,2004,2.3532923863958772,0.3465272595554489,0.765831757675266,-1.709843284971558,0.43165866223558463,-0.7451678283345793,-0.3273219763808776,-0.18736208629939408,0.06552186532332789
VNM,2005,2.1742571032596785,0.2746747090489281,0.6036927547188912,-1.4204101320408409,0.2025461840325844,-0.8450536346162746,-0.1633942999366539,-0.1379578576980546,0.25492103580615605
VNM,2006,2.412129100181762,0.30345911289790595,0.557752553346802,-1.2694827461806422,0.2906512526003405,-0.7748219306989115,-0.21225320067166903,-0.12663789165634082,0.1155596660338986
VNM,2007,2.544475734967132,0.3387076934288408,0.6750725596186694,-2.2248241242042694,1.3300119087914888,-0.5967942005589707,0.28380546462713757,0.233122480088019,-0.4564934970247819
VNM,2008,1.9437377922856112,0.14694622726855658,0.18211658047918813,-2.297086992993064,1.327999122206034,-0.719448786140697,0.1885269148973788,0.4415814141708119,-0.7358149822747556
VNM,2009,1.8898067867292287,0.15441378856746749,0.38174018850450614,-1.6268495938453924,1.5043359882207015,-0.8447862793071292,0.15756962767892044,0.3992182535715358,-0.29139107200005315
VNM,2010,2.0311469514871505,0.2770206606723763,0.7909534392660585,-1.3554461358932515,1.0759134510766102,-1.0826038095251609,0.20665212929654272,0.34703777461442376,0.21691563655554202
VNM,2011,2.2656388566305052,0.27708179744490735,0.4013430159703803,-1.0623610323808395,0.49742292154251666,-1.0404471357809242,-0.1648981507370059,0.15506382973471527,0.3490074987929808
VNM,2012,2.396441836077126,0.3044895726288694,0.27072268233081126,-0.5162754816375422,0.09603738592229003,-0.859561428035074,-0.2585400461307358,0.057576994035786165,0.19797825251998144
VNM,2013,2.3312562374237302,0.24290814331334284,0.1110613069804682,-0.6979313678283902,0.20488281265012093,-0.8402052071735271,-0.3589515853188718,-0.0058024960231873556,0.15907390369882526
VNM,2014,2.4520823727519576,0.2343573135571953,0.13570978187934346,-0.7171616773153515,0.12854259292744558,-0.8281647684708203,-0.28695493765097396,-0.04937269489293766,0.3397374067762796
VNM,2015,2.1979308778735334,0.1321916643082715,0.050252678083133384,-1.4271575929325024,0.715156095222251,-0.7459837323275519,-0.27923450464416855,-0.025835022779699113,0.21953842906519394
VNM,2016,2.3053402412578774,0.15730034796254433,0.01815963877258581,-1.1977849008859485,0.7747025980721108,-0.6870814544477839,-0.26956904011600497,-0.050521193062025314,0.2182052282600342
VNM,2017,2.6229844710515664,0.18225045320851363,-0.05833507643041284,-1.343561593074679,0.9235338446829989,-0.6069013904156071,-0.3788610786611884,-0.12357709139625084,0.159852458556046
VNM,2018,3.022807045541189,0.23824369627641528,-0.035951199477589506,-1.1799374193801229,0.7549091171375256,-0.6466973360260458,-0.3855530131347618,-0.15686712378065165,0.318647523182114
VNM,2019,3.163800539667823,0.2782131822492204,-0.017949869139826408,-0.8969679293046814,0.6581232266949762,-0.46063642614242084,-0.3814537252120031,-0.22393983142067223,0.3558244453189722
VNM,2020,3.0454820467632775,0.280581600159115,-0.252107082572787,-0.12280127792988406,0.9918212290191926,-0.42845423693798157,-0.6712027858616739,-0.07004810593113299,-0.4091339002188454
VNM,2021,3.1046504779886006,0.21265752908030783,-0.4212799300224868,-0.6239018547528149,1.531507632556179,-0.47047246565255957,-0.8726155187148268,-0.14430271557535668,-0.692731353335486
VNM,2022,3.4687765261770362,0.23124465279095371,-0.06123473801300739,-1.3206969779119344,1.1231326970422995,-0.5330100943534335,-0.45016993672071215,-0.3792680741237225,0.5190861497882471
VNM,2023,3.2658620588456304,0.38952978801605226,-0.12252991255615914,-0.6047138352365479,0.19549164493452711,-0.5366666551745258,-0.7801324276198648,-0.22107126320266862,-0.13003799211255884
VNM,2024,3.574310790051942,0.38831266262190306,-0.18499488423190938,-0.8553277547728049,0.019533413197809008,-0.5533331842725042,-0.7225182129273202,-0.39537205209616555,0.3099259086063305
ZAF,1990,-2.329650939003263,-0.4184647555843196,-1.0788004893668224,0.1378355364046841,0.6424530718188342,2.6189924693858804,-1.1970883627909221,-1.7419213675077712,-0.1252036064200353
ZAF,1991,-2.3137689323087716,-0.46822262839828777,-1.16314275323384,0.6420429932454667,1.347513025540006,2.565904868816405,-0.9161295625557512,-1.629383791203501,0.024334455455708948
ZAF,1992,-2.5995860864392815,-0.5767674670319903,-1.3866050774057748,0.7051863949652173,0.8325536806254755,2.5303916154844694,-1.1014701175359614,-1.6300637111537895,-0.2437019791633702
ZAF,1993,-2.4465563203311294,-0.5382874199751604,-1.321955548595504,0.45332064973487707,0.5556829766205471,2.566371048391672,-0.8444030923104788,-1.677718525903088,0.5769360870736174
ZAF,1994,-2.3156592640419613,-0.5250182718993283,-1.0268293403335595,0.004859548590384136,0.7469361473668996,2.4924831799843687,-0.5686363236450123,-1.7613577544356473,0.8048164380126185
ZAF,1995,-2.162912462790807,-0.5426381790597697,-0.8972169121478519,-0.10948772740478077,0.9584003638150995,2.4374951878657103,-0.491896242094948,-1.7495289184739933,0.6548539805873801
ZAF,1996,-2.2329152364972025,-0.5121520595845439,-1.0516447619775133,-0.22855600597079764,0.8098249533958045,2.372941966381734,-0.5087438938699346,-1.6455265674782995,1.0847979179452436
ZAF,1997,-2.3412349092770546,-0.5763138726583648,-1.1946465576492837,-0.030650169216106058,0.7796569219687547,2.4419435297322276,-0.37169715977411466,-1.527565829391088,0.5755715611052435
ZAF,1998,-2.5201470042280625,-0.5382314133580144,-1.3155854597141694,0.32906683442012924,0.9257760843490148,2.359879915148356,-0.7313101547675721,-1.4290650930412487,0.36219403142114964
ZAF,1999,-2.423746030233102,-0.6379947126345475,-1.250891678768266,0.3875500663829584,0.8619453630506991,2.4431640489723616,-0.3089933516313298,-1.535052151427637,0.7800396144123984
ZAF,2000,-2.2422863249541924,-0.6143726179334047,-1.186758942112502,0.1774016865301424,0.7001301342406118,2.473301102904971,-0.2899778992068497,-1.646013425424946,1.1402065920996682
ZAF,2001,-2.177626035306675,-0.538954523825411,-1.6036754880145434,0.2429984385354973,0.8031247081073716,2.6789945083151,-0.08063120499572421,-1.187612767549274,0.7958516370608016
ZAF,2002,-1.9855110278762251,-0.45240322078809797,-1.2612547725777001,0.1883200830172602,0.3434987298430662,2.491767952015797,-0.45193396654111095,-1.5703345234081476,0.9849098806286145
ZAF,2003,-2.160412200596288,-0.8166558733573285,-1.1291869744497296,0.20732485241894344,0.620254705010674,2.177478366595428,-0.1901103275735638,-1.9815397791265077,0.644757245873756
ZAF,2004,-2.1758243713127015,-0.7597978320344223,-0.8758522646569044,-0.035710518877257916,0.7923986363306368,2.2587881572674267,-0.03758276217642414,-1.8681889714793838,0.9459112829033799
ZAF,2005,-2.054763300639616,-0.665195233665228,-0.9300393618609893,-0.06947224724862114,0.8533147530091302,2.3919591290986046,0.21435351963300506,-1.6409110551302732,1.133429064342873
ZAF,2006,-1.9974773055881072,-0.6408066306464614,-0.8325939258350525,0.028672652248438638,1.1876405716097238,2.1902415543131895,0.2211703551253752,-1.651482837984614,1.3968700661129219
ZAF,2007,-1.9741497350316777,-0.6599997398354551,-0.910721397705677,-0.08730019917011127,1.3322427670068477,2.240614748405416,0.38538892853597007,-1.5345048559866423,1.225207388747504
ZAF,2008,-1.9318052075210495,-0.5813749798488792,-1.1013320912303526,-0.1301491532341516,1.3470745177010055,2.301035962074271,0.09251894007415411,-1.2848454932655613,0.6857371825309646
ZAF,2009,-2.4049425727248326,-0.7394174398088443,-1.3009916110302981,1.0683824928017975,1.1231826108499774,2.4330733965587297,-0.03881454280325535,-1.2472272681138081,-0.075605826356856
ZAF,2010,-2.3016726625079946,-0.879636019740931,-1.1650512286793582,0.6652997184103205,0.7982040306159852,2.4981586917922947,0.31422111745377623,-1.8277867130071042,0.900903814096439
ZAF,2011,-2.3455963889153932,-0.8221217326769826,-1.202088839203961,0.48843839525055716,0.8110965225530261,2.437556990656906,0.26306364373425595,-1.6970326705774499,0.9560589350729325
ZAF,2012,-2.693372868175255,-0.8126598415226153,-1.316460272813803,0.3862950457348482,1.073061322874374,2.46953163642308,0.168480739761746,-1.47663067278687,0.8096602344576274
ZAF,2013,-2.600315448870001,-0.7831390794312361,-1.3406219838918128,0.2769241943127982,1.1608065884430276,2.4860686535972674,0.23060727830195862,-1.3654322807127501,0.7902684623632966
ZAF,2014,-2.6750645752240194,-0.8209701749310148,-1.466898324194957,0.5170381473242767,1.1835277732590817,2.4954409023624025,0.13424061347413552,-1.4335262542036522,0.6261572020421217
ZAF,2015,-2.6911336617710817,-0.7618776174811551,-1.3604634944153104,0.6465338400244214,1.1331275252721955,2.540864695699093,0.0361661327772239,-1.4733204057713118,0.6776204793340654
ZAF,2016,-2.791275291836913,-0.8101305825602281,-1.560427547663341,0.9688522456114402,0.9107524045067943,2.8252595220140067,0.033221368247367156,-1.5854896659920001,0.6190700035300508
ZAF,2017,-2.8101009168448687,-0.9809586444050316,-1.547077001139752,0.9515674354445894,0.911190539425455,2.7998104903856307,0.21637635195163327,-1.8840691645661172,0.6450049706698755
ZAF,2018,-2.9058469553268265,-0.9549024878470769,-1.6331056858558646,0.6981853651197871,0.784019747835036,2.81550309232266,0.18546369983644923,-1.7608702850290365,0.6796134328981172
ZAF,2019,-3.0652308777806625,-0.9187904278622997,-1.7773772443086018,0.9698639342054598,0.7921553767503411,3.1236037287106444,0.048213024993499796,-1.7579464366624422,0.5228486619784641
ZAF,2020,-3.367309936548575,-0.8924287140872486,-2.4038154131928753,2.4598507246978856,0.45860641212236014,3.2726782574389084,-0.4094371166301629,-1.49646854076618,-0.43301075042337217
ZAF,2021,-2.565962567216391,-1.1221246231577033,-2.35416149345216,0.6153496114578211,-0.3203454042048368,4.416255651586438,1.0882432725157911,-2.274906359333586,1.3219719077660546
ZAF,2022,-2.8891214620470596,-0.9421647511646624,-2.0980414176331443,0.702433080122527,0.2494595174681911,3.917058228373901,0.050572129831420044,-2.3544941054139095,0.9138250367647712
ZAF,2023,-2.9727210013110823,-0.8998391588660449,-2.040528607337955,0.827582482401613,0.29006515826346707,3.7243190365803396,-0.19933741409450692,-2.2357844382218537,0.6122781773198455
ZAF,2024,-3.161462749145062,-1.0148075304276498,-2.0888387413045604,0.9822917678406459,0.17427194347862465,3.7070416333770364,-0.14121680843406026,-2.3581479254153423,0.5414561588381468
