economy,year,GDP_Growth,Inflation_CPI,Unemployment,Current_Account_GDP,Reserves_Months_Imports,FDI_Inflows_GDP,Exports_GDP,Imports_GDP,Gross_Savings_GDP,Investment_GDP,Manufacturing_Value,Domestic_Credit_GDP,Broad_Money_Growth,Exchange_Depreciation,crisis_label
ARE,1990,3.9118857189695273,1.5329686860312592,-0.833528099436949,2.343188000924292,0.17649987806866524,-0.7760764719425661,0.8335011097584706,0.5391290038418949,0.9286978969883988,-0.08801541301435614,-1.157678129833281,0.14478682424807457,-1.7419176734895827,-0.1253796980708391,0
ARE,1991,-0.6233091095659398,1.5329686860312592,-0.833528099436949,2.343188000924292,0.17649987806866524,-0.6780272654714163,0.8335011097584706,0.5391290038418949,0.9286978969883988,-0.08801541301435614,-1.1672112452153531,0.14478682424807457,0.39680885791323517,-0.1253796980708391,0
ARE,1992,0.02192844061739444,1.5329686860312592,-0.815255497715925,2.343188000924292,0.17649987806866524,-0.6116027358338538,0.8335011097584706,0.5391290038418949,0.9286978969883988,-0.08801541301435614,-1.1456872316651399,0.14478682424807457,-0.5368055602645629,-0.1253796980708391,0
ARE,1993,-0.519197372506938,1.5329686860312592,-0.7757356846913844,2.343188000924292,0.17649987806866524,-0.4419551300768383,0.8335011097584706,0.5391290038418949,0.9286978969883988,-0.08801541301435614,-1.1108600417019088,0.14478682424807457,-1.1192170871737113,-0.1253796980708391,0
ARE,1994,0.9438367634300086,1.5329686860312592,-0.7899713162647404,2.343188000924292,0.17649987806866524,-0.6586808954239478,0.8335011097584706,0.5391290038418949,0.9286978969883988,-0.08801541301435614,-0.8930060953045549,0.14478682424807457,-0.22818657336185058,-0.1253796980708391,0
ARE,1995,0.889727282329509,1.5329686860312592,-0.7971953681079361,2.343188000924292,0.17649987806866524,-0.48179850230826504,0.8335011097584706,0.5391290038418949,0.9286978969883988,-0.08801541301435614,-0.8574537603525205,0.14478682424807457,-0.009900588813949179,-0.1253796980708391,0
ARE,1996,0.6588815443340892,1.5329686860312592,-0.7895463720386701,2.343188000924292,0.17649987806866524,-0.5520486687175907,0.8335011097584706,0.5391290038418949,0.9286978969883988,-0.08801541301435614,-0.8834621435908541,0.14478682424807457,-0.325794190979721,-0.1253796980708391,0
ARE,1997,1.2798522176160572,1.5329686860312592,-0.7746733241262087,2.343188000924292,0.17649987806866524,-0.592027072163994,0.8335011097584706,0.5391290038418949,0.9286978969883988,-0.08801541301435614,-0.6413739690341436,0.14478682424807457,-0.1203529844898008,-0.12502334668113396,0
ARE,1998,-0.7707497355448216,1.5329686860312592,-0.740252841814512,2.343188000924292,0.17649987806866524,-0.5759635164037963,0.8335011097584706,0.5391290038418949,0.9286978969883988,-0.08801541301435614,-0.4998464465866834,0.14478682424807457,-0.576200869551924,-0.12145996625356191,0
ARE,1999,-0.09314886351007201,1.5329686860312592,-0.7132688834590462,2.343188000924292,0.17649987806866524,-1.1061509932399625,0.8335011097584706,0.5391290038418949,0.9286978969883988,-0.08801541301435614,-0.5140045730036203,0.14478682424807457,0.10633530537426213,-0.1253796980708391,0
ARE,2000,1.9711483798089986,1.5329686860312592,-0.7015829172421121,2.343188000924292,0.17649987806866524,-0.8664196557220569,0.8335011097584706,0.5391290038418949,0.9286978969883988,-0.08801541301435614,-0.4150128463383335,0.14478682424807457,0.47014363947204424,-0.1253796980708391,0
ARE,2001,-0.4834136024082734,1.5329686860312592,-0.6605757994263254,2.343188000924292,0.17649987806866524,-0.29266849147225393,0.8335011097584706,0.5391290038418949,0.9286978969883988,-0.08801541301435614,-0.37891765442323166,0.14478682424807457,1.0931720728625556,-0.1253796980708391,0
ARE,2002,-0.21483394042895962,1.5329686860312592,-0.61468182301073,2.343188000924292,0.17649987806866524,-0.6652015843467594,0.8478500895271793,0.6768122539294729,0.9286978969883988,-0.08135141454621392,-0.41239405634152804,0.14478682424807457,0.018731627882869133,-0.1253796980708391,0
ARE,2003,1.4383111109912885,1.5329686860312592,-0.5628386274301499,2.343188000924292,0.17649987806866524,0.5081647291167356,1.1155011772667756,0.8118781156995794,0.9286978969883988,-0.14565878485695963,-0.5195971291994721,0.14478682424807457,0.4562274896591511,-0.1253796980708391,0
ARE,2004,1.637177610103148,1.5329686860312592,-0.5496653564219698,2.343188000924292,0.17649987806866524,1.6845631084389237,1.4342200276882524,1.1330271225078714,0.9286978969883988,-0.4782321946343586,-0.6199684203303295,0.14478682424807457,1.2617651600923527,-0.1253796980708391,0
ARE,2005,0.4139387309498087,1.5329686860312592,-0.5167321789015192,2.343188000924292,0.17649987806866524,1.4269682742752061,1.601718202074001,1.0807350566197351,0.9286978969883988,-0.44911918966472103,-0.7409762836102314,0.14478682424807457,1.9112833074503532,-0.1253796980708391,0
ARE,2006,1.707474396558526,1.5329686860312592,-0.5498778285350049,2.343188000924292,0.17649987806866524,1.3322167885491751,1.64518147846734,1.0266482179126322,0.9286978969883988,-0.587708871938544,-0.8682414284103501,0.14478682424807457,1.2205271994716493,-0.1253796980708391,0
ARE,2007,-0.019838647640386953,1.5329686860312592,-0.5562519919260598,2.343188000924292,0.17649987806866524,1.2390058966173116,1.8017882019365972,1.6792942810302014,0.9286978969883988,0.3288724953607762,-0.9527465645453816,0.14478682424807457,2.9234486737643035,-0.1253796980708391,0
ARE,2008,-0.017917472458303555,1.5329686860312592,-0.5808987570381389,2.343188000924292,0.17649987806866524,-0.13122541261952816,2.072109508483901,1.9308852424548717,0.9286978969883988,0.3132441547659583,-1.0096567050829222,0.14478682424807457,1.0295992486103471,-0.1253796980708391,0
ARE,2009,-2.2078647235044344,-0.33610400530386564,-0.5566769361521302,2.343188000924292,0.17649987806866524,-0.5383686000876828,2.1048554883531847,2.131085020909162,0.9286978969883988,1.323616851665961,-0.9300267325614663,0.14478682424807457,-0.21106569439046077,-0.1253796980708391,0
ARE,2010,-0.43046676414995955,-0.4556825207657135,-0.5851481992988421,2.343188000924292,0.17649987806866524,0.30974092070849385,2.0128096944571494,1.3727713700603001,0.9286978969883988,0.903999585744357,-1.07675646701868,0.14478682424807457,-0.3805741839789219,-0.1253796980708391,0
ARE,2011,0.9024084442007775,-0.4557938565782288,-0.6299798151492617,2.343188000924292,0.17649987806866524,-0.013748072033805918,2.3539790193324484,1.3971998452175545,0.9286978969883988,0.2631144617840485,-1.1092078395044906,0.14478682424807457,-0.4932349221131783,-0.1253796980708391,0
ARE,2012,0.36931272946320154,-0.49340360725693827,-0.6860724529905452,2.343188000924292,0.17649987806866524,0.16095460996565103,2.7697370259009104,1.516880886093524,0.9286978969883988,0.054032743095057276,-1.1124153969446637,0.14478682424807457,-0.5489288400652037,-0.1253796980708391,0
ARE,2013,0.43037722706554593,-0.41666380922562574,-0.7281419313715076,2.343188000924292,0.17649987806866524,0.14276287938595605,2.776172731567888,1.5460286924424835,0.9286978969883988,-0.2985583965544707,-1.1313966098469115,0.14478682424807457,1.1681454187997526,-0.1253796980708391,0
ARE,2014,0.3562431044546343,-0.19892950634907308,-0.7549134176139384,2.343188000924292,0.17649987806866524,0.2207221858583033,2.735258790359476,1.6950542261737218,0.9286978969883988,-0.14682391181966872,-1.1062811897876974,0.14478682424807457,-0.22672751644000846,-0.1253796980708391,0
ARE,2015,0.9935802478799897,0.102486362673518,-0.7986826728991822,2.343188000924292,0.17649987806866524,0.09168674611216727,2.697263156427653,1.96829815345171,0.9286978969883988,-0.2208775186898633,-0.9715504978305778,0.14478682424807457,-0.4579166292839603,-0.1253796980708391,0
ARE,2016,0.6223641198098148,-0.3263683623247971,-0.8311909061935624,2.343188000924292,0.17649987806866524,0.18932585679813285,2.722787016360488,1.9921809279775968,0.9286978969883988,-0.3312534636133619,-0.9506438540237935,0.14478682424807457,-0.6647420016810344,-0.1253796980708391,0
ARE,2017,-1.1221902596239555,-0.265281154541094,-0.6565388292786573,2.343188000924292,0.17649987806866524,0.2071801180624971,2.7337378909117294,1.983471482729024,0.9286978969883988,-0.3815992205913153,-0.9380926197645116,0.09635800712946652,-0.5819475239904575,-0.1253796980708391,0
ARE,2018,-0.4475101282672096,-0.07261249051904316,-0.7045575268246044,2.343188000924292,0.17649987806866524,0.1334309381435475,2.5713729884009977,1.654768589988422,0.9286978969883988,-0.29540374769845557,-0.9932275361075216,0.04315610176152446,-0.7329345136558097,-0.1253796980708391,0
ARE,2019,-0.5165508473343102,-0.9468920479927868,-0.6843726760862638,2.343188000924292,0.17649987806866524,0.7531969452802585,2.6739068322230684,1.9729254102171407,0.9286978969883988,0.017533495954271224,-0.9771899058654778,0.059816911617170454,-0.21810905358523877,-0.1253796980708391,0
ARE,2020,-3.1037362997819447,-0.9728285107086485,-0.26728991819823655,2.343188000924292,0.17649987806866524,1.2625434751927356,2.8727847379192015,2.583656899841636,0.9286978969883988,-0.037915602891684844,-0.9572256820993867,0.232880170171574,-0.5354051213304638,-0.1253796980708391,1
ARE,2021,0.33544211524401324,-0.5777472908475314,-0.5199192605970467,2.343188000924292,0.17649987806866524,1.0251002051950464,2.979937074841567,2.5378437252455184,0.9286978969883988,0.35729236187066865,-0.9866291079629071,0.07104810626164133,-0.4339748068995099,-0.1253796980708391,0
ARE,2022,1.1044072509175995,0.316043061457951,-0.56942526293424,2.343188000924292,0.17649987806866524,0.8680856812758193,3.0386970910831304,2.6062704134349812,0.9286978969883988,0.46171995296848456,-1.017136849635833,-0.0657733927054627,-0.12492214212562013,-0.1253796980708391,0
ARE,2023,0.27010124331866087,-0.3247560493996938,-0.7226176564325935,2.343188000924292,0.17649987806866524,1.3696427996710676,3.2385733410517448,3.0154807711885314,0.9286978969883988,0.5514149843744168,-0.8947974421943002,-0.0657733927054627,0.7915580953704588,-0.1253796980708391,0
ARE,2024,0.18978996419154773,-0.3183460379956311,-0.7207054074152769,2.5743216126976507,0.3226254989484945,2.2105777097921577,3.2385733410517448,3.0154807711885314,0.9286978969883988,0.5514149843744168,-0.9061640725819747,-0.0657733927054627,0.38819585638419374,-0.1253796980708391,0
ARG,1990,-1.4871953818694843,5.384705078726163,-0.023796876659938224,0.6462676264619864,0.44785797305460834,-0.23885671365740968,-0.7841291301742637,-1.195692988811445,-0.6633392774561029,-1.4029721773252146,1.424391890910338,-0.7026725043317312,103.73111410859767,9.875828360645377,0
ARG,1991,1.5246479818768555,5.384705078726163,-0.023796876659938224,0.03640241403332321,0.29678752511005946,-0.2435349394611605,-0.8960505688506081,-1.1261208765428632,-0.8853950924189617,-1.304029703922472,1.1027965344245825,-0.7411821520839681,12.32166523805431,9.875828360645377,0
ARG,1992,1.2141722188610546,5.384705078726163,0.17167746733241282,-0.3204589041655638,0.4492305649377399,-0.014475447988904376,-0.9409466620633865,-1.0273051641802677,-0.8773606300150318,-0.9847173173942531,0.7645996188791351,-0.7046699704021924,4.90583581156957,0.2816555111701244,0
ARG,1993,1.2841923778238766,5.384705078726163,0.9663231700839269,-0.4987663914228421,0.7093214110290893,-0.2807407500134731,-0.927973662588803,-0.9705098394344557,-0.6448024644185736,-0.523131485304945,0.28028807797984023,-0.668398753871997,3.400542836185191,-0.03765289670280164,0
ARG,1994,0.6686567355868663,5.384705078726163,1.3190268777222995,-0.6355371305538243,0.4221200153371363,-0.19908391353298044,-0.9020998293279361,-0.9084442453678225,-0.6986865293428878,-0.48022838369479653,0.22397542086160085,-0.6429005149727034,0.6881204711652055,-0.12472492485493522,0
ARG,1995,-1.5853361067000704,5.384705078726163,2.814830553489856,-0.24485711052870576,0.3909984748946818,0.06893406536344313,-0.8124431504793311,-0.9331332045072548,-0.6214378493275206,-0.7067482580611847,0.14738691018812505,-0.6469880864834624,-1.2347864406503803,-0.11761020868097656,1
ARG,1996,0.5882970618631688,5.384705078726163,2.455752682460428,-0.33118774051482025,0.497511651577143,0.20234106212588449,-0.7812498855088387,-0.8856745725075531,-0.5660970211738899,-0.5330625883660288,0.18605603644048221,-0.6440959357226137,0.7991254797657977,-0.1262956432232537,0
ARG,1997,1.2592850513616425,5.384705078726163,1.9691915436099021,-0.6149569917102898,0.3917941026622027,0.4044778718255093,-0.775736001360975,-0.8040428437079669,-0.6077781303469185,-0.3472073527635373,0.27868150555007726,-0.6217852257933892,1.4305864438853622,-0.1270808879595186,0
ARG,1998,0.15301712436383058,5.384705078726163,1.5081270583235957,-0.7347667369340914,0.44775016080812874,0.16208973337088942,-0.7817924961393152,-0.7963907988313403,-0.6556115356839349,-0.3248342096375429,0.22650010633448578,-0.5934271223284879,0.015466093303972464,-0.1253796980708391,0
ARG,1999,-1.725602929294987,5.384705078726163,1.8055880165728257,-0.6265357778572652,0.7245396793683667,2.2802105857608708,-0.8063242799473438,-0.8627017510474948,-0.8764413106263755,-0.8053021967892627,0.10921880968114352,-0.5839731653215962,-0.5866822769804861,-0.1253796980708391,0
ARG,2000,-1.0514730627870874,5.384705078726163,2.0074365239562315,-0.446321342063306,0.5939884107767173,0.5936840087757841,-0.7579950795255305,-0.8588305012015799,-0.8132190846703784,-0.8562332355239141,0.04669260909600043,-0.5967302510864917,-0.8269354529641806,-0.1253796980708391,0
ARG,2001,-1.9913082774334776,5.384705078726163,2.5003718261978127,-0.1461317669986518,0.09586262307342189,-0.41216493160330564,-0.7332871308953133,-0.9243694363556428,-0.8270322430282719,-1.1511335293570772,-0.006973992428671409,-0.6358360705748928,-2.798882382798046,-0.1253796980708391,1
ARG,2002,-3.6752049264263214,5.384705078726163,2.982683522787635,1.6310116782310906,0.3416615238037627,0.07773836485392799,-0.03271474147463274,-0.775438621741942,-0.18909278616313377,-1.8888874556529778,0.5623549516542372,-0.7061196216007112,0.8826684882458362,21.483314278837142,1
ARG,2003,1.4477780814928156,5.384705078726163,2.0839264846488907,1.1873346411740855,0.447997806677188,-0.24028765795687554,-0.1349286887627615,-0.7108203537412998,-0.15407274512732372,-1.3797853943597487,0.8485854326175702,-0.7644898187312593,1.8161977328962868,-0.6809812200989193,1
ARG,2004,1.497766144753369,5.384705078726163,1.6934027408902588,0.4288314439429098,0.4675873407409171,0.18539209108462498,-0.22178626015876737,-0.6083286307627253,-0.8656210615087714,-0.8534840193316074,0.37357187515092055,-0.7782890452589983,1.044287435393835,-0.04358148997574894,0
ARG,2005,1.451573709217656,5.384705078726163,1.2650589610113678,0.5492255141032331,0.8386250819831118,0.2361613499455709,-0.24687401470533044,-0.5861892793104676,-0.8722630106703314,-0.6467866209287846,0.2937372306970955,-0.7658849974342845,1.052432828906826,-0.19570217956096725,0
ARG,2006,1.2426956405708092,5.384705078726163,0.9616487835971532,0.5733479247792144,0.780706675725273,0.14179410953848454,-0.25601211903092985,-0.5813133238525561,-0.1824662712361663,-0.6789086440715284,0.23183073946295044,-0.749829976417526,0.9347604042886396,0.41761225350190756,0
ARG,2007,1.4920743287147529,5.384705078726163,0.6199936258366093,0.4550376723892898,1.0667771749110826,0.09614711570599009,-0.27118562296160675,-0.5392035100845939,-0.10960723645950764,-0.45959102089548115,0.12071236548673712,-0.734649892174977,1.3300376205874256,0.01625269796961641,0
ARG,2008,0.20677553283178485,5.384705078726163,0.48549877828535026,0.35156843666325194,0.7019097061930367,0.25042324934676835,-0.29627784848804545,-0.536349203685314,-0.20845480098235689,-0.5409620474233525,0.05259313676284165,-0.7446729639904934,-0.21245133977707611,0.03863528920688499,0
ARG,2009,-2.3832745534728756,5.384705078726163,0.6571762456177629,0.4678727054982448,1.291105800177503,-0.27137162086463595,-0.4005038958136399,-0.7212879101274023,-0.45949593655627674,-1.0850971862824172,-0.07514664729447398,-0.7433665981671894,0.6278958933927477,1.7583548073602218,0
ARG,2010,1.7822799842222603,5.384705078726163,0.4593647083820252,0.029194713483453708,0.8427996764778333,0.2452388466346787,-0.4266514133690444,-0.6471779878762774,-0.5480411161441725,-0.8296351033908131,-0.04020934945911888,-0.7398675857398807,2.2058603188814843,0.3998132132946668,0
ARG,2011,0.7122106646234103,5.384705078726163,0.34590460002124734,-0.0776904516705023,0.3232638358981988,0.023465298245963415,-0.44685586920277504,-0.6125644906767337,-0.5479193506903105,-0.722509834287593,-0.039428183587792695,-0.7230225668929395,1.446179804555305,0.4489997683193857,0
ARG,2012,-1.1131158577811004,5.384705078726163,0.3537660682035484,0.027743161181950325,0.32735469389857036,0.29149641838206497,-0.5390510864955502,-0.73126473486305,-0.6484339666112838,-1.015701856897258,-0.12425415835298015,-0.7076403819773627,2.311551451403495,0.9613345496897913,0
ARG,2013,-0.22211696903398362,5.384705078726163,0.3289068309784342,-0.3123340291213239,-0.11284160610012357,-0.06990601200036212,-0.6066204563906235,-0.7106784619963397,-0.7393028840487633,-0.8914366618547251,-0.15178646625494782,-0.7010450253519587,1.5708729975130604,2.002358767157265,1
ARG,2014,-1.4989831846101658,5.384705078726163,0.36460214596834184,-0.20385089981068882,0.013059435184010452,-0.35720797450068886,-0.6154464001781833,-0.7450844271657048,-0.6753612157429663,-0.8980686173862922,-0.18367169942058492,-0.7253852210168321,1.8360772628587676,4.889224838570728,1
ARG,2015,-0.13751871918430886,5.384705078726163,0.4302560288962076,-0.4125866475118765,-0.13738044268496732,-0.00028616496841048775,-0.7696989429935023,-0.8518811935188162,-0.8188217019806912,-0.9277787815673816,-0.26278312021144346,-0.7178421398261301,2.7393229341487566,1.3752380651241416,0
ARG,2016,-1.386746480690183,5.384705078726163,0.5388292786571763,-0.36914072691202526,0.29703557585105667,-0.49004581602006075,-0.6937596443064801,-0.7659808686237249,-0.7905065458812528,-0.8361755443886763,-0.3555928582390939,-0.7273798312889307,2.940007573231403,6.136903852459821,0
ARG,2017,-0.11484143213057944,5.384705078726163,0.593859555933284,-0.7340206484111425,0.5356921837820523,-0.06633249398015681,-0.7440738383180151,-0.7466231954324873,-0.9295112820222633,-0.7512484420058976,-0.44295601442686927,-0.6981144087228953,1.8617716094559276,1.1542512020026363,0
ARG,2018,-1.5261879745624771,5.384705078726163,0.7793477106129826,-0.788920923901575,0.801272520103146,0.08954751232290374,-0.6141453165152552,-0.6332961388079941,-1.0793906981091552,-0.9984025049104985,-0.2790340765890319,-0.70757333606349,3.507098488212195,7.161420611232186,0
ARG,2019,-1.366114154357296,8.75455957076011,0.9117178370338898,-0.038769289069124774,0.5086048538038921,-0.1733878531717879,-0.4687161789517875,-0.7112083696965518,-0.8738571011876703,-1.3700351222407152,-0.3485255914238052,-0.717032263404085,1.463448026645405,7.344285022890436,0
ARG,2020,-3.4171283193066806,6.737794712006465,1.2554977159247855,0.21414946955865222,0.7970015745934064,-0.2503621027525872,-0.5237270465827993,-0.76446641436563,-0.7556185630789329,-1.338323026536072,-0.20805963739638977,-0.7008227717961383,5.267439043984061,4.741542205119912,1
ARG,2021,1.8644319027528728,7.855936797016121,0.676511207903963,0.3279609667845403,0.4241534569668331,-0.21441005816169872,-0.46280299357391624,-0.6964809251768107,-0.3618217707304525,-0.7723168221753143,-0.07854027398465976,-0.7325307040291023,3.8520618802145172,3.5023034050623094,0
ARG,2022,0.7165708824770533,12.056456380774101,0.2662275576330608,-0.01227004450862768,0.21243648487063374,0.14791144545837748,-0.5372246397853105,-0.6827014710943573,-0.592166871329214,-0.8790985731585796,0.03629461802412204,-0.7373254602138682,7.275824135563695,3.799589716212849,0
ARG,2023,-1.328448218806544,22.733448476018825,0.12472113035164152,-0.4523533055727629,-0.3638688392457593,0.6450798263414415,-0.6814515100713121,-0.7521381592752228,-0.646292454800273,-0.5704150311481441,0.05087813365343221,-0.7057973898592806,13.940436210069443,13.146234630869948,0
ARG,2024,-1.1952928141546852,37.84098510897228,0.33953043663019256,0.247745000337508,-0.08952939091698293,-0.054116449787452246,-0.5802472378678405,-0.808626670608221,-0.6048400088451094,-1.1183841440361226,-0.12850351656975945,-0.7088557443067826,10.606010054055298,21.72092739118903,0
AUS,1990,0.08104564540084823,0.6730838044676554,0.8571125039838525,-0.7581508994621999,-0.15515967444235299,0.2582706118234164,-0.5867106048658793,-0.600139751214544,0.0858249069924659,0.9015614605627341,-0.3276240438199854,-0.1294184143443648,0.2289181422199956,-0.10332941397072304,0
AUS,1991,-0.9464853243308974,-0.053720867268430283,0.8571125039838525,-0.4605731536124221,-0.1305666932528238,-0.4142538819463752,-0.54868759435963,-0.6422834111173287,-0.23699389153924486,0.17238018077854628,-0.48963305336500934,-0.13506485984544372,-0.8597454714770478,-0.10332941397072304,0
AUS,1992,-0.7341829889999565,-0.4322076588376392,1.100818017635186,-0.4469777755852803,-0.3757631949198481,-0.16248576116397018,-0.5224995333018013,-0.6314944508909359,-0.4599328321946574,-0.11711667411738604,-0.4886713095374298,-0.11283746685239167,-0.27693728588771094,0.5096090668636597,0
AUS,1993,0.20381586609012153,-0.3025569752249843,1.1318389461383198,-0.4141390187614609,-0.36207001263221356,-0.09790490555029913,-0.4857965789999864,-0.5607163376218531,-0.2821345898144922,0.0768756348081001,-0.4498142649922813,-0.0947129976522656,-0.4323487330324246,0.7116912582315117,0
AUS,1994,0.18642311296325947,-0.2647898701159262,0.8864336555827053,-0.7455125734641266,-0.46152203524956675,-0.21060974334795268,-0.4678190343088508,-0.5306532594799948,-0.14406814974093185,0.1800508506076637,-0.40712958256806897,-0.0502392778314472,-0.03427046102512238,-0.8570272410294874,0
AUS,1995,0.16340069319105496,0.20002626603995466,0.6206310421757149,-0.7722472796086116,-0.5068380236922903,0.5700438824594725,-0.47210599169295564,-0.46606339513308426,-0.2551157191982629,0.44565034101753825,-0.4177156084377905,-0.01198468788508399,-0.16978401494597656,-0.2686027807597139,0
AUS,1996,0.15704040360842214,-0.15187128484960094,0.6282800382449807,-0.5188749474138252,-0.4667974354767537,-0.29635292856529033,-0.4296885465927588,-0.4896401665358206,-0.23162975710501815,0.2594797997467715,-0.4669529898156327,0.00996794527145563,0.030594731233991538,-0.6774854813651148,0
AUS,1997,0.17061496191077946,-0.5698853748990003,0.5981089981939876,-0.3726559340122353,-0.4744415395896427,-0.043705655908644475,-0.4198189465847577,-0.5131587209145152,-0.14998590680326573,0.26981649912951394,-0.5294887742578747,0.058705153043238076,-0.28337545787037044,0.4439415057263822,0
AUS,1998,0.3676399843076527,-0.45880446538612346,0.4529905449909702,-0.6657207315140796,-0.5082474020986524,-0.028230979997597265,-0.4020458402903002,-0.43736467243057353,-0.16690928003560576,0.3908445882984944,-0.5081798578934097,0.10691007440363717,-0.1780616275158371,1.773291718125281,0
AUS,1999,0.4588772356187513,-0.3498613525454851,0.28131307765855756,-0.8613770179939103,-0.3522058994180823,-0.4965009682206255,-0.4546549545529684,-0.4230318992107097,-0.2561467693579185,0.4680301862368587,-0.5751028703322588,0.1698875281875266,0.12984508470056777,-0.4007049131313678,0
AUS,2000,0.17012148529156645,0.1702418161578332,0.15637947519388098,-0.5413500291573603,-0.4624554182165337,0.560798602788211,-0.40904665070718366,-0.3841294684585044,-0.20561096528010608,0.4842528832465754,-0.6316813008688758,0.21429713584288954,-0.6191931075449079,1.0553949130547242,0
AUS,2001,-0.3191851819830108,0.1614448254165979,0.2539041750770213,-0.26478585947828454,-0.41280255102223407,0.29534985565256394,-0.2942409154968938,-0.3592699445465441,-0.24595692280398976,0.04269945088464002,-0.71460631916301,0.22462240334526185,0.05708117033221003,1.1403898330121007,0
AUS,2002,0.17888359348279795,-0.08783677261964501,0.17486454902794024,-0.5964340499961112,-0.39383676867617906,0.6046658284762518,-0.3533177882918165,-0.4234915455332116,-0.15319299749192528,0.20029790299556816,-0.7675014886397894,0.26140445537592966,-0.30920723438280956,-0.6281200840320125,0
AUS,2003,-0.04401910507689008,-0.13137376437550044,0.08095187506639762,-0.976412928263254,-0.2434164167824887,-0.021154838465119945,-0.42282662179533603,-0.4032601444484661,-0.2155129136653687,0.43627649049847134,-0.7258241658354067,0.36234524588983447,0.22945949892025266,-1.8234761492221054,0
AUS,2004,0.24876059054209163,-0.1994561648568965,-0.03250823329438003,-1.0536259820917413,-0.3371014749219463,1.7557598865451733,-0.5016450334947621,-0.4654790449179951,-0.1762481170876891,0.6104352910377631,-0.720565622019009,0.4067713351754481,0.10295060807587356,-1.3617530069010544,0
AUS,2005,-0.027350286882644494,-0.13850270573181406,-0.10963561032614473,-0.9703780580860006,-0.329958693161932,-1.9623953439276705,-0.4574494270261829,-0.4131895614997576,-0.22460390978513964,0.6710871088093999,-0.7997841628232527,0.48100998591652877,-0.1714315170106839,-0.5123530268707459,0
AUS,2006,-0.12719400755546353,0.012486546024259932,-0.16296611069797085,-0.9625251045122164,-0.26498611349359225,0.7376426214262006,-0.3897319188048118,-0.3763631826610999,-0.16434016553779957,0.6779989926878626,-0.8664488593747787,0.5467608930895835,0.4457493665617985,0.022473394805544628,0
AUS,2007,0.13725532878164046,-0.20219149479599527,-0.24880484436417716,-1.1982648768278759,-0.6989550636286874,1.129119594721057,-0.3761179145704099,-0.37081766866477955,-0.1910932287900495,0.6769611379721775,-0.9423675309810381,0.6346688275042185,0.7438647223714956,-1.1727288693523843,0
AUS,2008,0.0942894264937789,0.15150672194712844,-0.27833846807606505,-0.7393855666780773,-0.6823420399520228,0.8053572999367905,-0.3778474256511986,-0.32926936872616663,-0.14418551798845616,0.8453882150176224,-0.9552416167342374,0.6494565957127435,0.6283499201328635,-0.15072410381439086,0
AUS,2009,-0.3390759141837055,-0.299503337966726,0.0027621374694573025,-0.7981769323925512,-0.527829133567978,0.3964976846854566,-0.25975552409265945,-0.32884153887797657,0.04145162615054308,0.6499840263237023,-1.0453927903074367,0.65799344508056,-0.6692636109340545,0.6647614254961217,0
AUS,2010,-0.2728172933097284,-0.09889426785141123,-0.07181557420588533,-0.588830476897641,-0.6162630476760745,0.38933544247593993,-0.3933646426919342,-0.4249468314224147,-0.15634544312008986,0.5605403794983633,-1.1065522356213853,0.6922078571389789,-0.01813909515595962,-1.6927383959237012,0
AUS,2011,-0.2248661956046217,-0.03148157770685261,-0.09964942101349189,-0.46242096829557783,-0.6454496703550748,0.948434745839776,-0.3250370870944985,-0.4397295266592763,-0.026322540349208175,0.5118034203124612,-1.1903428026545257,0.6538765241312758,-0.22156677577402462,-1.2840415074704015,0
AUS,2012,0.17957578491070408,-0.3009612413818767,-0.06947838096249868,-0.6636752103526623,-0.6362986511207911,0.6084428300809307,-0.3229467518816784,-0.37972564650317175,0.0665834663746684,0.7036451158718546,-1.2360121508781277,0.6408966459104427,-0.27986401294620106,-0.16491272782905542,0
AUS,2013,-0.15743444453626126,-0.1808109836723462,0.023584404546903366,-0.46078650972013574,-0.5900088845734042,0.5140893321266848,-0.3866557019631132,-0.3985408891770481,0.02921387467717193,0.7243197098933851,-1.2940842295029409,0.6844399405586484,-0.3363671568704081,0.6335894297904475,0
AUS,2014,-0.17126341546396393,-0.17415788952920352,0.11176033145649653,-0.43250058344739584,-0.5632990845735898,0.8118339729566232,-0.3406789143731903,-0.393923192758033,0.0,0.5471568076650862,-1.3259000716927507,0.7317141739524681,-0.3094912072682931,0.6174093816545815,0
AUS,2015,-0.2846826238768476,-0.34544973733488066,0.10687347285668762,-0.6407096811586235,-0.5782662217325282,0.5199334225974733,-0.3828407182525438,-0.38398220721942106,-0.08367598674519157,0.4784861268246766,-1.3359535759000087,0.8328454880526589,-0.4081311258890419,1.966311448460934,0
AUS,2016,-0.131162654114849,-0.3859092211022497,0.03378306597259126,-0.5220477339000131,-0.5063898373030397,0.551760947342021,-0.41542294972354094,-0.37916578484638525,-0.26189108739771205,0.351939989001572,-1.3661404781632036,0.913377614208186,-0.34397983800568166,-0.01433592160315993,0
AUS,2017,-0.25119952249735034,-0.2684606512409731,0.008498884521406576,-0.41983573764268206,-0.457957177974028,0.5781361118456342,-0.3333443528050712,-0.4150743637338114,-0.16806135317746604,0.15583042934918725,-1.4061805536716179,0.8878766203498986,-0.5456395267627128,-0.4401134487101977,0
AUS,2018,-0.10038825511714926,-0.27497319216868854,-0.04398172739827896,-0.3486354215535385,-0.5860824727683726,0.7937254685771418,-0.3066310443461284,-0.37193327765118844,-0.18389471075034053,0.22922846584494203,-1.4137831545957906,0.8800839138400773,-0.7476721047665059,0.1445560637463994,0
AUS,2019,-0.27697947092486624,-0.3275429644107208,-0.08690109423138212,0.08183100569796949,-0.532939276828049,0.27887020606044527,-0.21282832845515598,-0.36334665416025697,-0.1320278267308888,0.03482595400860595,-1.430985054147322,0.8311390462482455,0.3513561083392106,0.6572795653159541,0
AUS,2020,-0.8812912661427984,-0.46111779889647386,0.17890151917560837,0.37611156225586473,-0.5795462281981495,-0.22148734746028567,-0.21801656953560405,-0.42959991724832647,-0.020020074943812634,-0.11239082059194982,-1.4238792926643276,0.9082739833304895,0.31455471193624673,-0.019318619423059194,1
AUS,2021,-0.32554891460945456,-0.1084111989872319,-0.1126102199086369,0.5138917242799459,-0.5448260323898241,0.013181815684329665,-0.2987412503360559,-0.5431468810785018,0.15565929773738485,-0.0296406345928282,-1.4338616157006647,0.8652843155414556,-0.34081763897961775,-1.0030390969301375,0
AUS,2022,0.25761519280484774,0.5438706667774159,-0.3875491341761394,0.1383333127497686,-0.6534699399935358,0.729583605154344,-0.15449937994409993,-0.44539357549671793,0.13150627059679948,0.09706954254061329,-1.4527911419460127,0.8052976983177376,-0.23348847247470664,0.7428383050072168,0
AUS,2023,0.08386146287949274,0.3695156277972086,-0.40029746095824925,0.020640545868668772,-0.6219199741560878,0.020470946854034076,-0.10282075382323365,-0.34391476352227124,0.028550542366957036,0.12386280391436423,-1.4553868704349293,0.719939247310971,-0.6010137101960388,0.33577251143677916,0
AUS,2024,-0.4900378827895454,-0.05548737437335889,-0.34208010198661426,-0.3003478150021649,-0.6406372191333481,0.37976183550226245,-0.18952075915284142,-0.3352302751669864,-0.04806777279500574,0.19349982325671147,-1.441071975623938,0.7500269204680509,-0.35264489326648524,-0.05469053096545861,0
AUT,1990,0.2816563642941737,-0.03882166539272886,-0.45299054499097,0.4347792804150243,-0.7782137275322901,-0.5572030734084873,0.2781057074094683,0.30956076797378185,0.24575883015463063,0.611781061353217,0.5469904858478019,0.25010951280407484,-0.28283092220826916,0.15635375098363638,0
AUT,1991,0.0469431322765438,-0.02560972342710087,-0.45299054499097,0.4347792804150243,-0.7782137275322901,-0.6225794432989673,0.23177446267454754,0.2934818426548567,0.24575883015463063,0.6443840483346207,0.49038556499285396,0.25010951280407484,-0.2705679881051892,0.15635375098363638,0
AUT,1992,-0.30307081039263956,0.0938972508063521,-0.41687028577499213,0.4347792804150243,-0.7782137275322901,-0.4268222893686283,0.171702200644357,0.24602201054025594,0.24575883015463063,0.5355999302114228,0.3946875796503602,0.25010951280407484,-0.4267003245663669,-0.7407763064918551,0
AUT,1993,-0.709843845466427,0.025863485094462433,-0.2766386911717837,0.4347792804150243,-0.7782137275322901,-0.48703667781589377,0.10090861461606855,0.11693427956294808,0.24575883015463063,0.38583706959590636,0.2537300162870342,0.25010951280407484,-0.39391294059883336,0.4868164134460946,0
AUT,1994,-0.22294918772275338,-0.09276131108617373,-0.4285562519919261,0.4347792804150243,-0.7782137275322901,-0.3355801326459943,0.129983135714801,0.21481690100327305,0.24575883015463063,0.5167156060904066,0.23939310731241575,0.25010951280407484,-0.16585461066464957,-0.3146357577514222,0
AUT,1995,-0.1539213669342598,-0.21692361498216495,-0.25645384043344316,0.4347792804150243,-0.7782137275322901,-0.42834789396772943,0.1875183502177776,0.2580224641314905,0.24575883015463063,0.62335509462778,0.3153536935055185,0.25010951280407484,-0.43821540198245207,-1.3534656710644384,0
AUT,1996,-0.27133239794047004,-0.2837914810475364,-0.05736747051949424,0.4347792804150243,-0.7782137275322901,-0.051207543559655636,0.21973507298456435,0.3143642506534907,0.24575883015463063,0.5287784326959396,0.2765017690580997,0.25010951280407484,-0.3436524091634247,0.39891113076577467,0
AUT,1997,-0.2894891711101575,-0.3808407483939941,-0.08541378944013585,0.4347792804150243,-0.7782137275322901,-0.25232571480024024,0.3355006970423441,0.410471472654015,0.24575883015463063,0.5119544470026145,0.28952244253139164,0.25010951280407484,-0.19798070875364848,1.4737823469702542,0
AUT,1998,0.06025005564390195,-0.44790380293673077,-0.01466057579942632,0.4347792804150243,-0.7782137275322901,0.04510623375155338,0.3916661405030602,0.4469187893421721,0.24575883015463063,0.4913252327392591,0.2806272252961961,0.25010951280407484,-0.027994102448911463,0.024531862973283813,0
AUT,1999,0.13010321944203773,-0.5097142458003665,-0.18123871241899503,0.4347792804150243,-0.7782137275322901,-0.21229308776874548,0.4311784045289146,0.45969594947209097,0.24575883015463063,0.4949323826401614,0.3032149408561907,0.25010951280407484,-0.14592564121366816,-9.79747779431895,0
AUT,2000,-0.01851188587351215,-0.1991753333542053,-0.1837883777754169,0.4347792804150243,-0.7782137275322901,0.8284524845795778,0.6013552395739844,0.6134846788404859,0.24575883015463063,0.4434142128402512,0.3454272331671834,0.25010951280407484,0.12463397299383225,1.4854600180408062,0
AUT,2001,-0.5046865179637624,-0.14581712230226562,-0.3282694146393287,0.4347792804150243,-0.7782137275322901,0.3228191745788675,0.6539169113019756,0.6564262304985519,0.24575883015463063,0.3639576066419919,0.36413683819858683,0.25010951280407484,0.27068558613751625,0.20159867654830274,0
AUT,2002,-0.46122857804825046,-0.29264201683536106,-0.1487304791246148,0.4347792804150243,-0.7782137275322901,-0.6728626534624184,0.6872388243031978,0.5981882153238488,0.24575883015463063,0.109154676489721,0.28684670947576035,0.2371428282959062,-0.25834885122288626,-0.6781471657161059,0
AUT,2003,-0.5502322222914299,-0.3721717484445849,-0.16424094337618186,0.4347792804150243,-0.7782137275322901,0.1398619792527148,0.6528292719455009,0.6041064089528148,0.24575883015463063,0.21400938958868942,0.2430110332521441,0.22615608106036483,-0.3876010816470897,-1.8423999197078815,0
AUT,2004,-0.18059323289138082,-0.24877720740452589,0.08860087113566363,0.4347792804150243,-0.7782137275322901,-0.3214674097468944,0.7526176902172265,0.7098344259603213,0.24575883015463063,0.1749682118376893,0.22169876802677835,0.22763353277494014,-0.25834885122288626,-1.073911716444938,0
AUT,2005,-0.24417515489270342,-0.20717107526689177,0.027621374694571512,0.4347792804150243,-0.7782137275322901,8.390000614432626,0.8248259639237883,0.780459415790681,0.24575883015463063,0.13811976950090274,0.22815740738290524,0.3112071203715052,0.20329613612419442,-0.12696078809784117,0
AUT,2006,0.0022103373814734723,-0.35713419159743265,-0.04929353022415795,0.6586305813199445,-0.781134238108873,0.41040708809337134,0.9187161450784794,0.8698582177653202,0.3080327953270775,0.11708616386086214,0.28540800526366594,0.3130214754675579,0.2622317310544967,-0.2213026600384745,0
AUT,2007,0.13355644416907972,-0.23000551112252357,-0.13661956868161054,0.7478461676792767,-0.75109809747697,5.567314336046955,0.9890639099634966,0.9127505028351135,0.4381662846897625,0.2568828122468678,0.3216119116759721,0.29249904921867886,0.19002279425511934,-1.0026273398901613,0
AUT,2008,-0.46929364186450967,-0.04685185399662889,-0.2876872410496122,0.8647503362294504,-0.7854954217711676,-0.17937129240362137,1.0185778949596254,0.9450114957532929,0.4788821185707133,0.2524360088596168,0.23368482096422005,0.33004817224127814,-0.2189456593974372,-0.8389151392446553,1
AUT,2009,-1.7777395140216812,-0.5206757027382346,-0.03845745245936454,0.5367039191617927,-0.7216320003594945,0.5639904851461577,0.6803954140880832,0.6068513572933618,0.14714274705360497,-0.008829666151924116,0.09035310163793159,0.3543453962180773,0.43887437114367084,0.44466105726524363,1
AUT,2010,-0.3769477035125481,-0.29208655321208477,-0.14214384362052476,0.5987698608583185,-0.6784047995675729,-2.6814458048035963,0.9345934857843591,0.8928614450605272,0.21884254260235725,-0.03287283952620048,0.11632428186788006,0.3646039573962414,0.1724324479321083,0.41983163800050427,1
AUT,2011,-0.08655036246420943,-0.0345012838052164,-0.19441198342717525,0.36622856995581793,-0.701265776132415,1.1889490155132623,1.0474989153241696,1.0574332969846845,0.2538197126090404,0.1979241708450332,0.13372359777204806,0.3329950371090569,-0.1648508925438427,-0.623390323256711,1
AUT,2012,-0.6835074474605877,-0.17455198459628404,-0.13661956868161054,0.353383430026392,-0.6533467736177364,-0.24444104709801762,1.0488920711331369,1.0589855393331216,0.2186856765779378,0.1830398293576768,0.14868907566706144,0.3095584454294261,0.9105009436140333,0.7475524847238607,1
AUT,2013,-0.9117189959067417,-0.2594527714156523,-0.0393073409115053,0.3949948244224735,-0.69276859436967,-0.8021749278016089,1.030728130412141,1.0387997065812749,0.1910867722200052,0.13440651317585012,0.12860411989007292,0.29043654662607715,-0.13508323413105036,-0.4668072000621336,0
AUT,2014,-0.6503904006404927,-0.328410141727824,0.0259215977902902,0.4910545608229497,-0.6808165251103254,-0.5587028830981987,1.029324621230443,1.0169199200486028,0.246361914088506,0.1200851534137296,0.13936152404250624,0.22680222676576298,0.26033160349273904,-0.12839479063990417,0
AUT,2015,-0.5081822817284267,-0.4524335044836861,0.053118028258791056,0.366796538102269,-0.6610161625899733,-1.3303011050507565,1.0101403409974798,0.9727240139799405,0.1985837718373497,0.1453554816053672,0.146875278049253,0.20227554577268955,0.7331690237782058,1.9401934647740646,0
AUT,2016,-0.2969187162772374,-0.45330286465555014,0.10878572187400418,0.5351587560683496,-0.6670261229178276,-3.2422982486850267,0.9795964808030292,0.9336996006740772,0.32992831674195017,0.21415867766370025,0.20378697847172017,0.16586415028962015,0.03508525370554055,-0.1007052896291668,0
AUT,2017,-0.25666752222834627,-0.24526888485912882,0.0019122490173165503,0.3079083701787487,-0.7140472283063245,0.4937937359877541,1.0489144693998078,1.0452671251412524,0.26305634947375833,0.29468772740316823,0.17360867091015084,0.18052114223607932,0.19956248049410652,-0.33639489708534737,0
AUT,2018,-0.20163249954213597,-0.25976339524695596,-0.1315202379687666,0.2503236697599957,-0.7242017321557437,-2.859354963085384,1.1062911757325766,1.1147913879912008,0.30648518901661626,0.4369516056665166,0.15733804280607352,0.18212920456501544,0.5920884942326775,-0.579751332780268,0
AUT,2019,-0.3909695801825391,-0.3415104269420412,-0.2107723361308829,0.5030917210895021,-0.7122307795555184,-1.6990882406608878,1.1143613767176546,1.0972742435676552,0.41752999743515995,0.37677128873494153,0.12805493516680969,0.20052281030175387,0.9355611360559752,0.4493616971148374,0
AUT,2020,-2.4870582201506215,-0.36756282161365966,-0.07457771167534263,0.6687117068656294,-0.5918726551986034,-1.6677004341846773,0.9378916372235901,0.903644497025893,0.5150502892882464,0.39904364115981883,0.06048301027415192,0.2867381617714204,0.038284990071611555,-0.3335654702713568,1
AUT,2021,0.43158222288549397,-0.12541623799520868,0.19271220652289395,0.38864323792414623,-0.6429821717846035,0.6950939279291554,1.1167852428244427,1.2303654360842504,0.538289813748799,0.708839080118091,0.1116173838108174,0.28687639693993433,0.3226136438569101,-0.48412991905554825,0
AUT,2022,0.537479848784117,0.8853440979685849,-0.11898438329969187,-0.04674109712404346,-0.6820564355268728,0.36729247266326914,1.3449799369572566,1.5705236849884434,0.4085765236273374,0.9530818621874865,0.0677428755138112,0.23732404414123673,1.048138488870469,1.1635121787328466,0
AUT,2023,-1.0507578607404005,0.7572136134779827,-0.06119196855412716,0.3196091890450184,-0.7010880750645365,-0.49660106905761286,1.2223829170888125,1.306693305717144,0.3809840952644716,0.45331744259567275,-0.027291941368232903,0.17241403281886805,1.287559199920433,-0.3985138905871021,0
AUT,2024,-1.01774412126117,-0.09547061743870526,-0.07479018378837768,0.35695995499196875,-0.6648030125923019,0.20245094262188656,1.1052924734219,1.1374787173522645,0.17748107474030825,0.0781085210868603,-0.13536737943145236,0.1425565948402526,0.5012186706113202,-0.13612987675892935,0
BEL,1990,-0.032044216315067056,-0.006219694886619748,0.30426006586635523,0.865071721629788,-0.7749637240450882,0.682710339888843,1.35275041192654,1.4600063702843111,0.26088472895262516,0.1970295692744547,0.29318563374087075,-0.05501956258662436,1.4040280435929582,0.10333526570663516,0
BEL,1991,-0.37069259572961055,-0.04696370517211163,0.30426006586635523,0.865071721629788,-0.7749637240450882,0.8686574675871629,1.2950474138776444,1.3881745345856198,0.26088472895262516,-0.03581100175773201,0.29318563374087075,-0.05501956258662436,1.2199981800465927,0.10333526570663516,0
BEL,1992,-0.4492111461561906,-0.1846452345223225,0.2443429299904389,0.865071721629788,-0.7749637240450882,0.9950714961056174,1.2358148059844545,1.2871782327968586,0.26088472895262516,-0.0741129460452069,0.29318563374087075,-0.05501956258662436,0.7345472195988748,-0.7379315438091084,0
BEL,1993,-1.0963571375239862,-0.12755663693487773,0.5367045575268248,0.865071721629788,-0.7749637240450882,0.9868964096756196,1.1231972834137398,1.1258168956303929,0.26088472895262516,-0.1762463360878816,0.29318563374087075,-0.05501956258662436,0.22270687748609333,0.6711762264804275,0
BEL,1994,-0.008788960353456266,-0.19346106763732593,0.8696483586529271,0.865071721629788,-0.7749637240450882,0.5271289942586993,1.2198063525114247,1.2173017994381778,0.26088472895262516,-0.16374254745129144,0.29318563374087075,-0.05501956258662436,0.3331363298273947,-0.4702328041715723,0
BEL,1995,-0.22745674845348465,-0.3525145008694971,0.8042069478380965,0.865071721629788,-0.7749637240450882,0.6095946260271207,1.290241047652282,1.2873628494031712,0.26088472895262516,-0.19806288779460313,0.29318563374087075,-0.05501956258662436,0.2805299433490635,-1.369238971359899,0
BEL,1996,-0.5035325342449103,-0.24601172217703107,0.8352278763412307,0.865071721629788,-0.7749637240450882,1.0760610788395102,1.3351856435372245,1.371819016338063,0.26088472895262516,-0.222802575342001,0.2706725979186607,-0.05501956258662436,0.8418345709426384,0.4005476834960005,0
BEL,1997,0.13834591184828585,-0.32450212263258493,0.7219802400934879,0.865071721629788,-0.7749637240450882,0.9743030980524822,1.4850340108174749,1.510414881465305,0.26088472895262516,-0.11928414049152786,0.3016343714180526,-0.05501956258662436,0.6814540227764531,1.5012561382370213,0
BEL,1998,-0.3372625907097062,-0.44322035401769766,0.8010198661425689,0.865071721629788,-0.7749637240450882,2.391435395919928,1.45950876825839,1.4927376733484738,0.26088472895262516,-0.11181432248453113,0.2694920783858524,-0.05501956258662436,1.0332024485522928,0.028131159622577354,0
BEL,1999,0.07318970460974805,-0.4132137280536318,0.6580261340699034,0.865071721629788,-0.7749637240450882,15.60694378820822,1.4757149875297242,1.4962075742660343,0.26088472895262516,-0.059196257257815396,0.15546142665095575,-0.05501956258662436,0.16475248934993073,-10.320189200051471,0
BEL,2000,0.11836274741306671,-0.16426250192472083,0.21969616487835994,0.865071721629788,-0.7749637240450882,12.48589162674889,1.808596559816582,1.9326686623893132,0.26088472895262516,0.1099268283289746,0.18608964554025273,-0.05501956258662436,-0.8865527508272071,1.4854600180408062,0
BEL,2001,-0.5611268511229025,-0.1774228261203196,0.13300754276001286,0.865071721629788,-0.7749637240450882,12.408915554489404,1.769596510274109,1.850055793870151,0.26088472895262516,-0.06772798621405594,0.11979260131787321,-0.05501956258662436,-0.8865527508272071,0.20159867654830274,0
BEL,2002,-0.40345329408793795,-0.32151998322199504,0.2885371295017531,0.865071721629788,-0.7749637240450882,1.7708335955475618,1.7370493144237737,1.719680778750728,0.26088472895262516,-0.3593664680419505,0.0868797410275484,-0.08269375532334836,-0.4409947489420166,-0.6781471657161059,0
BEL,2003,-0.5771329081195029,-0.3313562523348406,0.45214065653882946,0.6765652296303647,-0.7994872298647608,3.125899668636287,1.6622212669551484,1.64394734390404,0.24768235892533536,-0.325771301222272,0.007345922032139812,-0.10315943567916905,-0.3689663497716137,-1.8423999197078815,0
BEL,2004,0.08058635951373964,-0.2424685828975913,0.38478699670668254,0.625142844422647,-0.8354717940101473,3.543499756317163,1.7401753575539765,1.7561467312377133,0.33449231338843216,-0.06258995161205821,-0.007414221762229432,-0.11195237195459799,-0.4409947489420166,-1.073911716444938,0
BEL,2005,-0.24381873229298137,-0.12283417363740444,0.6136194624455542,0.43670358152939154,-0.8699992147669348,2.3739830881001374,1.8809499710012454,1.9597668417355614,0.3454518079271724,0.09417352189423245,-0.03671872209135153,-0.08953026787806113,-0.8780611054161575,-0.12696078809784117,0
BEL,2006,-0.18394627302535466,-0.29599072939549387,0.5723998725167325,0.41165652815456827,-0.8694060080300349,4.372118268404348,1.9861037786074351,2.080776759618655,0.3929837150487002,0.13892764590060544,-0.1507850825909633,-0.060967651843646824,-0.8780611054161575,-0.2213026600384745,0
BEL,2007,0.10803436556369814,-0.29042149597622124,0.40518431955805817,0.35093327876862795,-0.8687159600340082,6.515912513612919,2.048508430101216,2.1483022093220283,0.47634540049784524,0.2367460663830187,-0.14519412478988022,-0.02762238343031231,-0.6160448387142066,-1.0026273398901613,0
BEL,2008,-0.7305898391854772,0.17583877391758626,0.30256028896207393,-0.04754358765870761,-0.8881369899267895,12.249383596056242,2.1560239606350033,2.4388264472014574,0.35534147164378344,0.4429027416415793,-0.28805367067743687,-0.10025432816330074,0.1330064692468533,-0.8389151392446553,1
BEL,2009,-1.3415994869713337,-0.618505207043161,0.500584298310847,0.40470738840820203,-0.8055122606498213,4.914163783868054,1.643858873795669,1.7816444031373575,0.11591435892409953,-0.16163424437003795,-0.44203089100317483,-0.1550903378459419,-0.2541027214841027,0.44466105726524363,1
BEL,2010,-0.14293166193173507,-0.22637810793916516,0.582386061829385,0.3557455113202914,-0.8000101834522747,8.470527631001742,1.9453830676666237,2.1563637124471793,0.08439075151619858,-0.10476224788744391,-0.40368417124728034,-0.17655598176330953,-0.23505982907852738,0.41983163800050427,1
BEL,2011,-0.3452274942720602,0.00842880730076261,0.3374057154998408,-0.23551003389058017,-0.8087974728200513,10.221161221172483,2.1306229781476005,2.452595974620912,-0.009037183584933817,0.21761972517429573,-0.42759773947553004,-0.19917980201718133,0.13300646924685347,-0.623390323256711,1
BEL,2012,-0.7905917455572041,-0.11265159388969988,0.42281950493997683,0.08059110255798252,-0.7870206574501204,0.13774924716117956,2.121351039392444,2.4449099789706668,0.06877016727883756,0.07982257486770074,-0.4715381439566602,-0.20587639167636207,-0.5844033251731812,0.7475524847238607,1
BEL,2013,-0.7673048920790256,-0.4145693397562701,0.610432380750027,0.2607539154194261,-0.8154455069882739,-2.685041004915328,2.073924134608476,2.3644967285313867,0.03132455054326046,-0.056114557076096326,-0.4658105848464407,-0.18454826321083606,-0.3977348713870035,-0.4668072000621336,0
BEL,2014,-0.38822675424447367,-0.54975694694343,0.6312546478274729,0.2234453867451227,-0.8284647089703944,-1.6899007770527326,2.0941491394536795,2.389161484736589,0.052192628079244775,0.028814290797567116,-0.4765946651236936,-0.1660151191077057,-0.3977348713870035,-0.12839479063990417,0
BEL,2015,-0.4638780014752429,-0.5110370385332319,0.6225432911930311,0.3311521093169643,-0.804154284164149,-2.184511712429461,2.030828363655354,2.2937426401278405,0.04507285422497462,0.0387196800387692,-0.4787434940285708,-0.1252378386768646,-0.6695958496177585,1.9401934647740646,0
BEL,2016,-0.5367474121963072,-0.2640523600448583,0.48401147349410417,0.19037054284273214,-0.8176127810155779,3.571579744334995,2.1033885131170935,2.4018802234366876,0.01841144241264227,0.1715522053720191,-0.5214742143774527,-0.0892962813454834,-0.5893211970766368,-0.1007052896291668,0
BEL,2017,-0.46379926000619864,-0.23745207463566553,0.3267821098480826,0.21507905383739448,-0.8130642658047986,-3.31417267999144,2.2629128548159696,2.5952096397892594,0.04385919043238913,0.1947816582971844,-0.49505611915553294,-0.06730889213534011,-0.3977348713870035,-0.33639489708534737,0
BEL,2018,-0.3590365528572514,-0.2501833357222301,0.08265165197067893,-0.054883533578863386,-0.8253200054803468,-3.3923498332769166,2.264524313443985,2.6594088093026365,0.029085784682855182,0.38335234604645646,-0.5086931789169471,-0.031138995340840536,-1.289111701877599,-0.579751332780268,0
BEL,2019,-0.21236347425027435,-0.35796112207077685,-0.039944757250610814,0.11588230748388145,-0.8086659069871612,-1.3895466168202848,2.243026788955272,2.548964671493388,0.12042003091877816,0.24794025613724607,-0.49941550556958675,-0.015918649787251445,-1.407993818724518,0.4493616971148374,0
BEL,2020,-2.091045336729141,-0.47967262908487657,-0.00148730479124608,0.24959840285332552,-0.7645642693870219,-2.6972068858840337,2.085825364613912,2.320784363799619,0.137168710471066,0.15408120706512332,-0.5531083539095287,0.07050758710983202,-0.1102250000795445,-0.3335654702713568,1
BEL,2021,0.7772504270455831,-0.18249563626241402,0.14788059067247442,0.41474240081977903,-0.764012502346618,1.3012587405862661,2.5206088037473453,2.801848411736624,0.2550435316407402,0.21259060573142788,-0.7226808262791022,0.052984950065627354,-0.3571383046673744,-0.48412991905554825,0
BEL,2022,0.1983050705327049,1.0690655013216896,0.0038244980346331006,-0.2169197018192166,-0.7814943538602828,0.08548104791486916,2.7179754207753986,3.2316613242746626,0.16128448954985683,0.6631865398706017,-0.4844925139922304,0.0248909669575932,0.05538269673681066,1.1635121787328466,0
BEL,2023,-0.44126616601522106,0.09882199437134306,-0.0010623605651757983,0.12604561981779458,-0.7837920360712259,-0.9253197032975041,2.236600858654528,2.581478295068862,0.17777185262173015,0.3438700735272725,-0.5583034186414311,-0.01621288905602678,-1.1185441235780218,-0.3985138905871021,0
BEL,2024,-0.5616071191955622,-0.05952245516249041,0.031445872729204426,0.02989889510617283,-0.7810269208169799,-2.8637726333836504,2.090908262653671,2.4146304724947307,0.06951946797173227,0.22904711957427137,-0.62910424978543,-0.03153409735783258,-0.8829829347427366,-0.13612987675892935,0
BGD,1990,0.6131098899641897,0.4621421805541924,-0.7122065228938703,-0.12084316834528802,-0.5004666424385258,-0.6921209172068905,-0.969708646604387,-0.7904400914516241,-0.038649459063665736,-1.022397680203248,-0.38888740929858884,-0.6966376139529437,0.0071596918309151675,0.48838584931401596,0
BGD,1991,0.05826327767186631,0.5024742358445516,-0.7122065228938703,0.13053288181054606,0.01906327512840226,-0.6941463782293726,-0.9382606868386254,-0.8304019660400482,-0.0801704825034576,-0.9547960384584402,-0.2888054560371615,-0.6986073650357374,0.3182991462494569,0.48838584931401596,0
BGD,1992,0.5664866608662309,0.026264219734816307,-0.7051949431637099,0.19243952350745086,0.31332778249951204,-0.6915976207821531,-0.8997347274483393,-0.8246256273977428,-0.130854305010749,-0.8915525527815468,-0.23389503965054886,-0.7161646708210248,0.16096272780560278,0.5479527786969877,0
BGD,1993,0.3766617581132604,-0.08202293158464785,-0.6888345904600023,0.2802976922797544,0.563402405299266,-0.6808258653064166,-0.8400907223173493,-0.7401311445749262,-0.2286423740404741,-0.7923307328369309,-0.09806124873547002,-0.7065992080411595,0.017921974142301768,0.040261897325506724,0
BGD,1994,0.16338889321001157,0.31997999812596467,-0.6760862636778924,0.1960064701441837,0.7350915587965223,-0.6841144445519335,-0.8407463425975418,-0.7516725578189309,-0.0929886695912932,-0.7218764018228502,-0.0369182853543074,-0.6941197863028453,0.8474141737372776,0.045082249719152555,0
BGD,1995,0.4830381747567762,1.191524089281831,-0.6610007436523958,-0.27706650364365637,-0.06276017635680053,-0.6939680756221808,-0.7630706855035453,-0.5842912575342235,-0.1172392828523073,-0.610992140965771,-0.03282989658595106,-0.6352205009968428,0.17165070328118023,-0.10805210155803648,0
BGD,1996,0.3276836719837442,-0.19353308007061237,-0.6463401678529694,-0.27079192555405845,-0.24434401839352746,-0.6854782428634392,-0.8113551025085123,-0.6311931432128018,-0.028414101217587657,-0.3620644264088531,-0.2867282962878542,-0.6603839124771627,0.03861628623594026,0.2684765381972616,0
BGD,1997,0.3191098377730302,0.31855676075559675,-0.6063954106023586,-0.006826165411484931,-0.3766714167722224,-0.5941093364266333,-0.7774236676926544,-0.6583372683904283,0.08421780507801063,-0.19412952130644706,-0.271053624224276,-0.6466556376619937,-0.054629095662101584,0.39994976241752656,0
BGD,1998,0.4975125272075033,0.8600529001170868,-0.5649633485605016,0.08275441523290362,-0.26633811919428224,-0.5619814202443238,-0.7258525124198825,-0.643064206640398,0.21276811428935968,-0.14694628104119334,-0.1720226187948458,-0.6401403834390881,0.10254812477821305,0.5931466060317625,0
BGD,1999,0.3659115030228583,0.4586409159685938,-0.5235312865186446,-0.026893993596409392,-0.4448912261619433,-0.5725096994015303,-0.7257978478832856,-0.6187031442607143,0.2866729873459224,-0.05419367991770715,-0.23501489800015002,-0.6338730951313248,0.4841356334298118,0.3609536031710074,0
BGD,2000,0.5276996607122741,-0.22306317453355987,-0.48486136194624463,-0.003328973641188809,-0.5245765629240431,-0.5109346289179473,-0.7013848275872007,-0.6019572780369861,0.38846090975331676,0.11388474960110616,-0.282356427111772,-0.6237534423743168,0.8486486075471953,0.526236300555503,0
BGD,2001,0.4716168254049763,-0.2582256373078144,-0.412833315627324,-0.07502011103119917,-0.5875626550949805,-0.6445675732003869,-0.6579270148333746,-0.5185708368154534,0.4443733297815509,0.17042829329862763,-0.26321513784882433,-0.5930912215235216,3.0729509631995855,0.6102206030546182,0
BGD,2002,0.14858908245031827,-0.0264599391815679,-0.3369807712737703,0.32613276047343037,-0.4313044031815653,-0.662106993931767,-0.6986428515775699,-0.6221602034709242,0.6525919752511462,0.1962631776134028,-0.24460386150213587,-0.567177044063093,0.3928216508246626,0.2649291396712721,0
BGD,2003,0.3839329950335624,0.38205172983017344,-0.26176564325932217,0.13227359856655324,-0.28934131250451517,-0.5388633533660516,-0.7394516594538141,-0.638062590506286,0.6002815483073995,0.24848237625063466,-0.26761709511757537,-0.569342345107953,0.3521803869403093,-0.07800659055844385,0
BGD,2004,0.5137412452651647,0.717589392188971,-0.2626155317114629,0.02150508147515633,-0.25928894291727533,-0.4532102653787162,-0.7513188118005526,-0.6628297781817423,0.7267046429671455,0.29681687612102103,-0.22792555040530676,-0.5453923845079253,0.35791951017852275,0.11985224449775352,0
BGD,2005,0.8503344169986964,0.6230012506398599,-0.2766386911717837,0.0519780340314078,-0.43564928241073864,-0.28395958357360046,-0.6159732469824896,-0.45640724013882644,0.796681578995314,0.4264635253756751,-0.18752291180448577,-0.5271189041677403,0.5163040453062869,0.7213079684481716,0
BGD,2006,0.885634323547376,0.5738015124333763,-0.41665781366195687,0.3800848979949418,-0.3248151860647631,-0.47206657034375976,-0.5342313397585629,-0.3720386364458398,1.0635029700128136,0.47496269588236045,-0.11210879847601637,-0.5038447890335198,0.9303292672537065,0.6239232998170389,0
BGD,2007,0.9860334877062389,0.9832891073689116,-0.3265696377350474,0.2790995633882946,-0.2155858860718608,-0.4080872684445431,-0.5074705507745629,-0.31487877824314386,1.1508634854832926,0.48027336267121923,-0.028271282431461497,-0.49263957529026975,0.3032795444459226,-0.1342395621413522,0
BGD,2008,0.7147649647130938,0.9474345941312899,-0.22564538404334425,0.26788228208939935,-0.32001245311073,-0.18582154477318893,-0.47980703549070614,-0.2179758483042898,1.2461114236776796,0.48394884188280357,-0.0028067983287189233,-0.4670980856218279,0.5721525487700078,-0.1674082261476005,0
BGD,2009,0.46326621009789964,0.33916843035182204,-0.11728460639541056,0.6890650700933315,0.288656744853255,-0.3863636438607894,-0.5097720207648643,-0.3049906051125009,1.3887948155340855,0.4845340928097067,0.044807684749389384,-0.439646921669289,0.9330360810024902,-0.05813268346745827,0
BGD,2010,0.600006147467286,0.8118665844002779,-0.46170190162541175,0.40802759338155575,0.10266413771723747,-0.3197260574583576,-0.5479625809726808,-0.3710638824223208,1.3713794760481077,0.4908106671508392,-0.003226796760929465,-0.37870728782126867,1.0115158541738214,-0.03287838177408568,0
BGD,2011,0.8317534691839646,1.38341375136756,-0.38563688515882294,0.0732522345574559,-0.28224619718444327,-0.3498239684838294,-0.3854493967490767,-0.0959834955512908,1.306746732228268,0.6723584899105759,-0.019886169077571625,-0.35943109327116096,0.6199441806636128,0.5512460486795788,0
BGD,2012,0.8465733114786408,0.47801751085799216,-0.3148836715181132,0.42564105300934246,-0.014918718390893487,-0.27768021048826297,-0.3754636233492489,-0.07431584300322608,1.5340436559306276,0.8024318423809715,-0.03092785160707385,-0.352654957129327,0.6289686428738381,0.9627897939243615,0
BGD,2013,0.7147171662670216,0.7075993086226873,-0.23924359927759478,0.32980715608427336,0.2501029184455351,-0.0853423269998657,-0.4014674334771016,-0.13158238215325985,1.4576073169847195,0.8221100433177805,0.039700363650932505,-0.3680603241770035,0.42568103733865376,-0.6059846236843491,0
BGD,2014,0.7270377797858922,0.6133872521559888,-0.24115584829491132,0.16966398709953512,0.4183401779403412,-0.17912258296642414,-0.424323483709784,-0.19093139521262983,1.2816682128911112,0.8512140008764209,0.06254126837487611,-0.3432596427906546,0.49719610801002245,-0.1872614801382342,0
BGD,2015,0.8546689977365617,0.473956427240372,-0.24540529055561452,0.3211701271091187,0.731117531588255,-0.1854259978323744,-0.4932395053696138,-0.228206307201819,1.187864453864324,0.8989561487014528,0.08608841827102633,-0.3346896669869174,0.42968029425268317,-0.08420118708856947,0
BGD,2016,1.0002819276605255,0.35491569138586276,-0.2553914798682674,0.15493891139141733,0.9246492094245723,-0.3863597051537948,-0.6356366744469726,-0.5810170672430429,1.237021783056884,1.10813963175781,0.5623782601448981,-0.41911002188806956,0.5994781596221006,-0.05540444893871753,0
BGD,2017,0.8644338789839451,0.3878856792758591,-0.2507170933814937,-0.2541224913819782,0.7155819284571732,-0.4789333058534136,-0.6815584581856994,-0.5922203432432426,1.0584929688004843,1.2174577411126988,0.525861517906946,-0.38525268826055276,0.32124753328299305,0.13728680788587858,0
BGD,2018,1.0537495885691477,0.3601783968716529,-0.23648146180813767,-0.2832810528811988,0.4420217343222816,-0.4306718042181965,-0.6876020620761498,-0.4643060819615217,1.074048509705033,1.3528400124776625,0.623177519716189,-0.390672025670274,0.11121499810375435,0.2686641909839248,0
BGD,2019,1.1997945985718612,0.36863753463862337,-0.2226707744608521,-0.04895611414385788,0.48785698678979283,-0.5046447712547607,-0.6700927692000033,-0.5295432220422853,1.1540974155870696,1.4133125541627394,0.6774599300016121,-0.4033225121004755,0.14874962598878957,-0.001585478060276177,0
BGD,2020,0.04860221254728727,0.3859629572706144,-0.0027621374694571134,0.14941941519771768,1.1886110577058027,-0.5522650122170092,-0.7806582239944224,-0.6572063466840964,1.2288400101165715,1.2732783922018889,0.5958837157986997,-0.4017053665827759,0.25969155366650004,-0.0735981074511504,1
BGD,2021,0.9548980695601343,0.3605338839715271,-0.020184850738340546,-0.5541668676036597,0.595745504812411,-0.5500637235328879,-0.7714864031197172,-0.5979314856017981,1.1270349868965661,1.2285680671406887,0.6811705433142108,-0.4027151272383556,-0.10796212674074328,-0.09919256773631088,0
BGD,2022,0.9967380641554725,0.7367228648274149,-0.2037607564007224,-0.5576629422438891,0.0696646680304178,-0.5733342749046078,-0.6789535715834348,-0.4134311785730275,0.9389659657536442,1.387578448711635,0.7519790859085639,-0.40433047908216213,-0.2653445856256758,0.694010254758571,0
BGD,2023,0.6527961021515495,1.119075623521863,-0.4674386486773612,-0.18707328048382366,-0.1389658444340126,-0.5776390684783405,-0.6674909279976177,-0.5611622899407979,1.0223453249633982,1.2181266844026946,0.8292179332568279,-0.4211190244898263,-0.3113386479550809,1.5359270637328417,0
BGD,2024,0.24988159768274382,1.2208904500817772,-0.40730904068840973,-0.019841172257612803,-0.20958917994873866,-0.5958771161770017,-0.7798911039944206,-0.6337271378297589,0.9776318744279735,1.179367254123641,0.7691264721845169,-0.44449964929781693,-0.39431354958316084,0.7895577540398752,0
BRA,1990,-1.9760314711786195,514.8486761834242,0.2836502709019442,-0.07526044228381022,-0.2456371043232504,-0.6053603602080989,-0.8742793808641336,-1.0837842315853632,-0.4027192699507645,-0.4489865757356218,0.8942678424925197,-0.364380725524133,59.30204931378573,51.71187612526221,1
BRA,1991,-0.5786298552670146,75.07040905337628,0.2836502709019442,0.022311173966284768,-0.2520440684027519,-0.5824613587477705,-0.8542506204798158,-1.037805840333644,-0.4226632190597927,-0.5106618006411305,0.7619146640218433,-0.3250785849687769,46.20555918243848,51.71187612526221,1
BRA,1992,-0.9878816144698304,165.85647118318792,0.325932221395942,0.41251748140228545,0.9442987936997684,-0.47483747285801803,-0.7629173660159208,-1.015173348077155,-0.2915332626368468,-0.6396324451723254,0.9585620091662383,0.1770568111260113,163.5565884068874,105.56559738870314,1
BRA,1993,0.4319971930647375,336.4239279293538,0.10156167003080863,0.09573213979933688,1.1050687685547227,-0.5723323254478894,-0.7781365522225809,-0.9809816165759937,-0.2865241698608114,-0.34406843492763245,1.3253719153381913,0.8112981179102059,307.5708422135585,194.51551319571925,1
BRA,1994,0.6729847525326433,362.39284152538374,0.21820886008711368,0.057219795922749984,1.1491604169840777,-0.49005200213108185,-0.8194196043485695,-0.9778252152425093,-0.3884749509932007,-0.14321270531670205,1.013779705003859,-0.013833849346058288,102.70700123871093,171.1424860209019,1
BRA,1995,0.2500203777277041,10.933166228543,0.3272070540741529,-0.3088870018268289,1.0214771535088398,-0.47357127743457184,-0.9021445933234885,-0.9636913115731619,-0.8068724437706839,-0.8935133164434169,-0.2145163339719821,-0.3463460323180444,3.1956413179545984,3.85779653002899,1
BRA,1996,-0.27312467516686667,2.1462662347715518,0.5275682566663128,-0.37333037393303714,1.184072656150475,-0.17656811026503044,-0.9354424143494969,-0.9901509116433292,-0.8424907344277944,-0.8974401168549201,-0.41190751012587906,-0.381042898621959,1.9478710270539281,0.8717345165520607,1
BRA,1997,0.03479704467715746,0.6020338442352634,0.7332412620843518,-0.5282351637204918,0.6153707672232321,0.06067710171742641,-0.924876041194251,-0.9571041149486821,-0.8720349305652004,-0.8205985347518634,-0.41840642663172484,-0.38010083721501203,0.6507878090916147,0.6335847551329309,1
BRA,1998,-0.7588399399927444,-0.05050201131968344,0.9769467757356852,-0.5989931335861071,0.36232270875067674,0.4794023562817574,-0.9229227470836568,-0.965975632747361,-0.8559909860938422,-0.7586406147082609,-0.5339554364274787,-0.5247117399762189,0.15947895445379612,0.6757871272006224,1
BRA,1999,-0.7251290951450428,0.2403648599812984,1.1841070859449703,-0.6700853468151761,0.27200536398534214,0.9693366317675365,-0.8172590572046718,-0.8693527881833216,-0.9592151786569401,-0.8784842588774696,-0.5134284955446393,-0.5209476376697182,0.7328006878690044,5.767008224202211,1
BRA,2000,0.2926408755816194,0.6225680898857082,1.1339636672686713,-0.5983566323722296,0.05776037196768692,1.0749106016631067,-0.7912788034108844,-0.8196057017182904,-0.846930732517081,-0.6444900381494341,-0.4028791283427132,-0.5041605309660854,0.8822719166240994,-0.03600990234552238,0
BRA,2001,-0.4857568573892828,0.5869335648868163,1.0829703601402318,-0.666348973033506,0.13285085007283876,0.763154120825168,-0.7002379085828251,-0.7179969500614741,-0.8824652718383159,-0.6694204536194278,-0.40891715266510714,-0.5314596990647676,2.6412844990771784,2.850505556069631,0
BRA,2002,-0.05383802167216817,0.8684335959368173,1.0812705832359508,-0.22119072136070808,0.3651175136595471,0.4486927031055849,-0.6227378143772291,-0.7745903145615187,-0.7203854770520502,-0.8692825889430015,-0.5069478485665196,-0.5232696983271431,-0.3931271599756321,2.4166740620886054,0
BRA,2003,-0.5504233254662255,1.9639255583191728,1.1932433868054821,0.16208077404028046,0.7254260133378713,-0.05787821996974981,-0.5831225101651584,-0.795181079686587,-0.6298216296156558,-0.9608654355399435,-0.22676250034271433,-0.5483016417968058,0.7769004110955895,0.43764263717129076,0
BRA,2004,0.6488632293399375,0.5444107422682007,0.9603739509189422,0.32403711273787744,0.5278278108846052,0.2587351435324585,-0.5262140862640162,-0.7868666982700504,-0.41174266773704843,-0.7976278488814963,-0.13994692629702296,-0.5267492033498232,0.30501795605958826,-0.6434836397709844,0
BRA,2005,-0.015238121481401834,0.592035833756107,1.062148093062786,0.3191144830718104,0.2771203013711799,-0.08584411378282474,-0.5804940254204524,-0.8488807296944131,-0.4780433167553417,-0.9070349599212779,-0.18828802377664708,-0.4952334927116341,0.7550864444283849,-1.8810837532130331,0
BRA,2006,0.1820468112760672,0.1223514844103754,0.8796345479655799,0.26137481655592454,0.6748864940177517,-0.07907936824401215,-0.6167456129188483,-0.8573245901208836,-0.45158109259185747,-0.8124839206748525,-0.27250349887386927,-0.44943080059973717,0.6051536069312087,-1.2390808694704478,0
BRA,2007,0.7293254829419069,0.02752256738652007,0.7920960373950922,0.06105016085723872,1.7132559393771196,0.42661931400683584,-0.6603820009457476,-0.8430151032536797,-0.3677755589105526,-0.5028457402483332,-0.26643907526348587,-0.38216140922800795,1.1000267652458608,-1.2235609177396678,0
BRA,2008,0.47600663866753107,0.3837804833812325,0.5770742590035062,-0.2647006621400194,1.1068093626716315,0.3561948717731222,-0.6517799168713185,-0.7584414060291236,-0.37847009629187356,-0.22455942385700287,-0.2930803321270749,-0.317120629962182,0.7108979863780054,-0.7343159518939741,0
BRA,2009,-0.8792869139068178,0.24553866921509368,0.8216296611069802,-0.2064805086289079,2.2671560053770112,-0.031468873823104905,-0.7636236475565925,-0.8771753852067462,-0.6331841441685916,-0.6610296542830619,-0.4129417907348377,-0.2952496694968939,0.5051398549660326,0.8200524387678501,0
BRA,2010,1.1079646773758483,0.271889576436173,0.609370020184851,-0.5774997022073916,1.5816828404920227,0.6162736446531436,-0.7630310548585992,-0.8458208498909179,-0.5059350813735606,-0.19643195040459036,-0.45811859797999666,-0.2279215583498401,0.3193186982295854,-1.382632662951395,0
BRA,2011,0.18527520112905366,0.5512767675447133,0.43046850100924283,-0.45226287751528593,1.656424587367162,0.6814046207449587,-0.7331410178705586,-0.8244061464594045,-0.43444940446634733,-0.19257478303488265,-0.5836468115313593,-0.16003817989367233,0.5882082491353802,-0.6393458072571234,0
BRA,2012,-0.3478183960028645,0.3356757954006266,0.36099012004674413,-0.5489821462183492,1.932933877776335,0.6250495824032376,-0.7208408273974882,-0.781853562350569,-0.5170570995863879,-0.25581269297789616,-0.7318961949543029,-0.1033076386222443,0.27116680187202613,1.6278194220604332,0
BRA,2013,-0.06646642896481757,0.47571040836406914,0.32274513970041446,-0.5172682194835216,1.8262820797081394,0.3740983483759779,-0.7264820833619031,-0.7430448266746318,-0.4746791463240845,-0.21305974389443338,-0.7581684005766789,-0.08144630048527943,-0.017488932975117874,0.9624860597355972,0
BRA,2014,-0.7157775378611418,0.4975213402949001,0.2556039519813026,-0.6756037568058141,1.86193999413356,0.5604662830044675,-0.7569291200300743,-0.7608510292893977,-0.6551935866560846,-0.3901302372679873,-0.7772392522528669,-0.05847794649283633,0.2434212561312225,0.8301623378275707,0
BRA,2015,-1.7672239743833102,0.9698097554392368,0.6344417295230005,-0.5077077139794435,2.6883934561374687,0.567781324665727,-0.6782045785278337,-0.742577970950377,-0.7988202898824786,-0.8750728664604829,-0.7526384094034033,-0.048242868287434335,0.11618066855486081,4.2065111845158345,1
BRA,2016,-1.6971625415744356,0.9189661889111869,1.28078189737597,-0.19633513892429946,3.177922147772309,0.7595608240455465,-0.6962785032219304,-0.8381066514434703,-0.8979320451553943,-1.2526149047455506,-0.7171082875572757,-0.10746311864122952,0.10036490693286464,0.3917961073151832,0
BRA,2017,-0.5031594630384935,-0.006558729978643999,1.5382980983745889,-0.11485395088210362,2.742588296976031,0.478477882907323,-0.6940984862881039,-0.8509101257327194,-0.8839710772757553,-1.3057905509026022,-0.7258000880567854,-0.14207907584058685,-0.576844079515032,-1.0244117473806638,0
BRA,2018,-0.3835205222382259,0.0316454314517303,1.439923510039308,-0.38597391858696795,2.3263286984967304,0.7388820105360118,-0.6058772533471972,-0.7335480298112781,-0.9618532957906534,-1.2332136033753809,-0.751632119659584,-0.13270184881937452,-0.30278923864045365,1.3910580270986919,0
BRA,2019,-0.5296658593879626,0.0435583319362951,1.3564219696164883,-0.48988091375601384,2.083223304192952,0.603139737698277,-0.6272268188514012,-0.7082458920915949,-0.9977380380146154,-1.1680117615103713,-0.7778543886664492,-0.09984294997881912,-0.20572106114316147,0.7070910807588221,0
BRA,2020,-1.697381124837546,-0.047583194585106965,1.7305853606714123,-0.18621828135950594,2.762411757316418,0.2162118238776055,-0.5300584692606459,-0.6562509201792016,-0.7710145666950058,-1.0754025778980194,-0.7296227506619247,-0.02439921240831198,0.6301864845322338,3.0868260221967763,1
BRA,2021,0.3899141875957472,0.842465204522905,1.616062891745459,-0.309033318118387,1.8100684618351424,0.28204124076299036,-0.41933003752317954,-0.5264845043554027,-0.5583166616418433,-0.5488297039291935,-0.5675118351345496,-0.023005862581543732,0.182037534608568,0.3602555684258814,0
BRA,2022,-0.06338413117121965,1.0135620846164466,0.7816849038563691,-0.2733210295606041,1.1079034714406144,0.6648206069273233,-0.39759464204083705,-0.49578343779252715,-0.6772867688685428,-0.7704722755152008,-0.41098546243393724,0.0,0.2281819975456492,-0.5724229849778836,0
BRA,2023,-0.004976521185775091,0.1940455677319708,0.5088707107192184,-0.1160689742990269,1.3817798552675242,0.31160249811063045,-0.4668631469399052,-0.6635424652930626,-0.7531694805099654,-1.130311896620712,-0.3870213276426077,0.005997061950776246,0.41077636420037383,-0.4690726972747383,0
BRA,2024,0.04115008544793024,0.15450861128008903,0.2653776691809202,-0.4168827953818478,1.0118750808418617,0.4965391932792781,-0.46814495658986494,-0.5698120131282385,-0.833557582155833,-0.9415796894269444,-0.5398876156173934,0.06419071149513927,0.3181969975217785,0.7013793845755802,0
CAN,1990,-0.7939295442026558,0.22673046832941823,1.0122171464995224,-0.48722867553221827,-0.5942649738653683,-0.19994541877447838,-0.1706437443025517,-0.2199903676929586,-0.5097389121149751,-0.27328457117126853,0.011546722738030783,0.03145101976461482,-0.20975475318161324,-0.3141669095338763,0
CAN,1991,-1.3895316623994123,0.3745598374953651,1.0122171464995224,-0.5447130204918447,-0.6379846807708903,-0.4939236514748579,-0.20070282194606864,-0.22239562594999196,-0.7439791733355825,-0.5767483678447621,0.011546722738030783,0.055989874441634155,-0.6057406556652772,-0.3141669095338763,0
CAN,1992,-0.6154261113872931,-0.3486384389934936,1.199405078083502,-0.5309323312945637,-0.7427780035873968,-0.28040691423401376,-0.12374737187467236,-0.1421445314416451,-0.8410950879689465,-0.7257624467444647,0.011546722738030783,0.07565900752237786,-0.3689224245475267,0.45005031479440216,0
CAN,1993,-0.15658964284708146,-0.2830730957283475,1.2376500584298318,-0.5662523212149596,-0.7568432240653709,-0.44190904033930634,-0.0010288513757968757,-0.01858543177424691,-0.7670999966379287,-0.7106784627763127,0.011546722738030783,0.06292764592979323,-0.7917553893283718,0.579091910733136,0
CAN,1994,0.32018805824562147,-0.5802605371284647,1.0290024434293004,-0.3158436817675877,-0.7895689736279178,-0.11705436117859984,0.1506872578539422,0.1017256637726288,-0.5792589435138955,-0.5497249872408713,0.011546722738030783,0.05295694125113748,-0.5354271517994041,0.4877783049547543,0
CAN,1995,-0.15019707209374134,-0.23346697379145817,0.8365027090194418,-0.048226703811278734,-0.7759309759716617,0.09705418622851662,0.28895679969905624,0.1668277301844226,-0.4032796504952776,-0.5707119476507483,0.011546722738030783,0.04272438482877115,-0.5166726745449107,-0.0734852327538489,0
CAN,1996,-0.40810933925697407,-0.334579533195615,0.8643365558270479,0.16073798777502152,-0.7205871317225273,-0.2038926038313062,0.3306647091392571,0.17634677025625856,-0.35746637196652387,-0.6406862951641838,0.011546722738030783,0.10254349152074449,-0.5904773749367678,-0.1934263439782167,0
CAN,1997,0.2646567926303605,-0.32571641129421985,0.7538510570487627,-0.14012228970940302,-0.7802176118877416,0.11959874824974562,0.3737944167806731,0.3226367596682545,-0.29168286464084453,-0.2866159558769779,0.011546722738030783,0.13956618051945335,-0.5597341464722589,0.036386237000089916,0
CAN,1998,0.1641055215272922,-0.43505548687379164,0.5791989801338578,-0.14828376257879955,-0.7251900485367877,0.6901145434788268,0.45285418475471473,0.4115298802343997,-0.329487670318452,-0.313312562030384,0.04033433238527194,0.11825066628701157,-0.7432782779157435,0.6221997419890672,0
CAN,1999,0.48815961595911367,-0.3058470009959895,0.4315308615744186,0.11614061107285728,-0.6971362545463303,0.7278033458560407,0.5292270769321212,0.42122876318459707,-0.21122686709786903,-0.3691403002517976,0.1631134096378719,0.084873279555411,-0.4666118680400597,-0.10986329162329188,0
CAN,2000,0.48751980029709824,-0.13367457819883513,0.27132688834590474,0.5200446944470012,-0.6884201727028438,2.5301024715717784,0.6271268096957613,0.4357709552133967,0.028482752444748478,-0.3799179227623378,0.15932876615917443,0.04319992799764438,-0.34801381273252746,-0.12756844388325558,0
CAN,2001,-0.35978179262541315,-0.16765448420304688,0.35419101242961887,0.4599616327633378,-0.6488068657526131,0.6556364623431506,0.5366855240869742,0.32747771961286815,-0.07345175739407689,-0.525715677072157,0.030537892256216895,0.6482814697253644,10.788100490084444,0.32162740449916327,0
CAN,2002,-0.06791189969320094,-0.21429571401618874,0.44895357484330206,0.37650630813324704,-0.61958115190348,0.43657931820657503,0.454078847076344,0.29593271282064304,-0.1549525687242655,-0.5152157404281155,-0.01719857055279785,0.6033961355020917,-0.721178222502553,0.019912702459494287,0
CAN,2003,-0.37762205480170763,-0.12683325545414809,0.4296186125571021,0.29430123872926395,-0.6583696413898769,-0.42032456725789485,0.32097079578062726,0.16732609601701737,-0.13535191002524893,-0.40277111229472434,-0.15168304501037008,0.5446515511337847,-0.9228997970325911,-1.2538441044014046,0
CAN,2004,-0.04373773651329855,-0.2844406599692565,0.3469669605864232,0.4823570389825263,-0.711901617152689,-0.6459668406364001,0.3402247889470267,0.16206340810194195,0.018268915889827427,-0.26112792456616035,-0.19940736044354432,0.5727872040662758,-0.45712820801636184,-0.870366981446425,0
CAN,2005,-0.013077352085072734,-0.22213711542574682,0.2562413683204081,0.41497032022242075,-0.7579007682966116,0.07041765171383639,0.320573463027569,0.16386795369042617,0.08905610893086721,-0.06803323064666873,-0.32320915593400756,0.6522063380930991,-0.06380789103156284,-0.848195275360579,0
CAN,2006,-0.1617208198593683,-0.25912590750580117,0.19802400934877312,0.32831796099968624,-0.7702102963062771,1.0186625063059014,0.25992658094468335,0.15169635909821605,0.10384204669938414,0.08093320574471033,-0.4302292844168001,0.8113559813593585,0.2027549854222296,-0.7911044803461094,0
CAN,2007,-0.314396019679387,-0.23528144126100514,0.1283331562732392,0.22364062185523848,-0.7591838515214001,2.1887496953891756,0.21105565023659092,0.12307349805879711,0.08482995125180598,0.1292385030757018,-0.5257681150893716,0.6761410514924714,-3.3739413206110394,-0.681691959674841,0
CAN,2008,-0.588180043380024,-0.194732372375067,0.15552958674174025,0.12984482909551878,-0.7584658971891733,0.8924304962701259,0.21795011829342087,0.150709215972714,0.07078378502148075,0.1546805582840616,-0.6998284103474566,0.6833438143367384,0.4324483656215324,-0.19318418297828127,0
CAN,2009,-1.603478492077258,-0.5568453155998319,0.6178689047062578,-0.4131603372787713,-0.6384677781605761,-0.1596272398756129,-0.027162103560730882,0.022306174365338716,-0.4417233931675479,-0.171985145313671,-0.773301717507089,0.6833438143367384,0.4324483656215324,0.6047649597026815,0
CAN,2010,-0.044142110078891315,-0.29849763460436607,0.5579517688303415,-0.5210273950074324,-0.6855022777745292,-0.0494894532536275,0.0,0.07434633310629592,-0.3708090387822091,0.06338627750217891,-0.7786883608629503,0.6833438143367384,0.4324483656215324,-1.146876488027035,0
CAN,2011,-0.032098163913102766,-0.0999787742238162,0.44300435567831736,-0.38023236561502294,-0.6809420884548516,0.05623432784965783,0.06299466362174874,0.11183572732568456,-0.2325974276386213,0.16687626910700867,-0.7858196868289127,0.6833438143367384,0.4324483656215324,-0.5404376945136037,0
CAN,2012,-0.3907916954159957,-0.3441714327964462,0.3909486879847023,-0.5100828150544922,-0.6800171721991224,0.25403858374877936,0.04944087956577864,0.13215215458715687,-0.227136430322114,0.27761648772002073,-0.774985320351075,0.6833438143367384,0.4324483656215324,-0.01846248773909835,0
CAN,2013,-0.24276055668393418,-0.4451366026322967,0.3380431318389463,-0.4440910764442544,-0.6649152450618341,0.5810354250960592,0.048566189086401056,0.1156438091550361,-0.16633879814038643,0.28383437050217525,-0.8324327075186511,0.6833438143367384,0.4324483656215324,0.19687056471435835,0
CAN,2014,-0.10057094406488433,-0.27580627438549665,0.3125464782747266,-0.3023030281743016,-0.6538962319748531,0.5543273891841091,0.10711745240855805,0.15135985827246962,-0.11703193102679735,0.27808705664235656,-0.8550221492859901,0.6833438143367384,0.4324483656215324,0.6325926845656114,0
CAN,2015,-0.6778669482156571,-0.41244552007192714,0.2959736534579839,-0.5069528568393161,-0.5926184659906475,0.6598465856048752,0.11184467670486777,0.231808364723918,-0.3478221292002674,0.11589559624589287,-0.7805276816312962,0.6833438143367384,0.4324483656215324,1.523301565409652,0
CAN,2016,-0.576978233965128,-0.35937054508491356,0.31573355997025415,-0.4348797257529481,-0.5658616313952574,0.09159335777086904,0.09736144922907285,0.2099835068402563,-0.3856655790885219,-0.04805188132847499,-0.7893127633118114,0.6833438143367384,0.4324483656215324,0.25785903883796113,0
CAN,2017,-0.05893385082958753,-0.3299712920305436,0.18570062679273364,-0.385271954989677,-0.5796028699401045,-0.1549178247807469,0.09535171025994994,0.1996677574160974,-0.3231343786437526,0.07397536939136092,-0.8220521551958144,0.6833438143367384,0.4324483656215324,-0.34389947020332096,0
CAN,2018,-0.13445410217019796,-0.212576561538302,0.06055455221502183,-0.3136310126903314,-0.6198831178544052,0.17283223220173133,0.13166688465663198,0.22986285179306565,-0.3466078567241504,0.047210641470700046,-0.7976306899634451,0.6833438143367384,0.4324483656215324,-0.14245658918945986,0
CAN,2019,-0.3511271890950543,-0.26835119683518754,0.02932115159885283,-0.23941804438150507,-0.6166973260153791,0.2915276897602253,0.13280303258332085,0.20794627817296582,-0.28587729293385217,-0.004566891849402798,-0.8746808514580781,0.6833438143367384,0.4324483656215324,0.12478513081019439,0
CAN,2020,-2.154720550976337,-0.4838330695846762,0.8721980240093492,-0.24948597729548141,-0.5383457183015004,-0.07702422196124396,0.012771480416007583,0.10524228961283094,-0.3574399627671835,-0.06141085786417143,-0.9157500508409361,0.6833438143367384,0.4324483656215324,-0.012117992737971957,1
CAN,2021,0.6983400486200478,-0.015508394626829259,0.41963242324444944,0.09104108113097327,-0.54852478754006,0.3511208568466258,0.08370942949570664,0.07584401321772699,-0.013685037303286391,0.1906433545121588,-0.8853635032819464,0.6833438143367384,0.4324483656215324,-0.8064129209455212,0
CAN,2022,0.3724707721648327,0.5803659746080245,-0.05800488685859976,0.019087201341746917,-0.6122766225551705,0.11569422189330915,0.18986173991252983,0.17972851155059627,0.040715776732888335,0.3022504161366488,-0.9127459653880473,0.6833438143367384,0.4324483656215324,0.27255773579753556,0
CAN,2023,-0.3395335824013847,0.06909318964848248,-0.029108679485817406,-0.02399873364598074,-0.5893084038527234,0.0071993676909403665,0.1740373436538362,0.17977355857793176,-0.1379085053698496,0.08745755167425655,-0.9127459653880473,0.6833438143367384,0.4324483656215324,0.26341611704623646,0
CAN,2024,-0.3153407099732827,-0.19275408697074428,0.16976521831509628,0.0112594655742366,-0.5930496983884633,0.28125810830231757,0.13765967773190058,0.15185664096442172,-0.19042601870097248,0.014893967675841516,-0.9127459653880473,0.6833438143367384,0.4324483656215324,0.025417468491033927,0
CHE,1990,-0.6506822295729991,0.3357562252807143,-0.7933708700733031,0.48352369380246607,0.5919407556409328,0.027240391786790906,0.4729094504006861,0.5444851168310696,1.210917391473214,2.224545557820394,0.4481303129859346,0.9141520789749474,-0.8924235438603811,0.21237555275412648,0
CHE,1991,-1.1441562842262996,0.4154316855372195,-0.7933708700733031,0.6929741684832278,0.6234499970910203,-0.32990600209067455,0.4099565548660039,0.4136265598136586,1.0369468313785115,1.7182545161355853,0.4315770707597947,0.89968576386054,-0.751694694890232,0.21237555275412648,0
CHE,1992,-1.1474323134781452,0.09672700173235017,-0.6816105386168068,0.9006254553842421,0.6730024693193757,-0.5560286721998501,0.4473463308473398,0.40137460434738265,0.8610679602043986,1.0428041990476193,0.39049309806038757,0.9010224470698752,-0.7266857974711511,-0.3280705776563489,0
CHE,1993,-1.382926861661879,-0.03344462972346655,-0.4251566981833635,1.140564438132723,0.934909981809143,-0.47845717234274493,0.4506907915229995,0.33967846102990557,0.9000502572671182,0.7696672933135408,0.3642523781929685,0.8948137263053741,-0.13408252430412546,0.4059794313293505,0
CHE,1994,0.19600922738431825,-0.460205652906606,-0.41899500690534375,1.031269227672392,0.8097073800645762,-0.272290938217116,0.4200826349257662,0.30312801233267167,0.8876547619999973,1.0100665963460305,0.4109683064488101,0.9127647756645395,-0.5800475294422034,-0.9039256110199775,0
CHE,1995,0.21642272808952745,-0.2944833736167197,-0.5222564538404336,1.0846658078906024,0.6094026232036749,-0.2873449306385577,0.4182494787997765,0.3098871045084669,0.9166330406604021,0.9925028300510275,0.37616777582020167,0.9431331880853403,-0.5377307906320068,-1.5426740569138293,0
CHE,1996,-0.7011831801526417,-0.4672847362100601,-0.39689790714968665,1.082289687720493,0.6104395706360792,-0.19870650703412404,0.46472247004462053,0.3848588841341702,0.8557556112097748,0.9192547327494761,0.3483176855735515,0.9180243813300435,-0.07118838342537026,0.3484782064689535,0
CHE,1997,-0.3020082885305837,-0.5182421650869061,-0.302772761075109,1.5453993213364856,0.525786451189437,0.29192833307806165,0.6960202544019474,0.5949553701660376,0.9622852232825362,0.675541109696848,0.35540922705649025,0.9406838433110831,-0.3479281867691041,1.6975919594164028,0
CHE,1998,-0.1258471377673494,-0.6060750211830588,-0.4215446722617657,1.50057160623743,0.45199138880715817,0.6045642934776368,0.6757140049949266,0.6109532474258182,1.0236482739226946,0.8641054642642726,0.3206561560683106,0.9230651765783819,-0.4914439354937438,-0.13619027949020385,0
CHE,1999,-0.41041632347592555,-0.4681922348165735,-0.5309678104748753,1.6990457718491132,0.34586400684690466,0.9984096783157428,0.7088115127768991,0.6459349175910714,1.0137444377081126,0.7677993931769349,0.2845551998322668,1.0035220788146795,0.2780343689632629,0.25244339677538186,0
CHE,2000,0.09668629322785585,-0.33667826095746006,-0.6148942951237651,2.0098581995523803,-0.04866782359352224,2.1798366069226374,0.9041438973982353,0.8177809227718501,1.378112363924533,0.7491406500766741,0.21360998682783774,0.890332316820709,-2.5632248447847292,1.1752489645694473,0
CHE,2001,-0.4332324495442936,-0.4362659306790818,-0.6505896101136727,1.312134009894864,-0.08591835835025448,0.48801977890181036,0.8449377170374576,0.7831276724181316,1.0822041424385167,0.8410691436481383,0.31039499371686746,0.8223160003109266,-0.6028897861900931,-0.13298620349973586,0
CHE,2002,-0.7478542283579145,-0.4968235281396083,-0.5583767130564115,1.3508129734748975,0.11758487334290271,0.22954029922444197,0.7768697583029892,0.6542289775349008,0.9440817089348857,0.6457354578106842,0.3634363291987168,0.8287593310939366,-0.43182841345655376,-0.9253878468594229,0
CHE,2003,-0.9204156930980955,-0.49759968358181306,-0.30489748220546053,2.003462360754978,0.09163821309597267,1.1966340551271881,0.7503152743873647,0.6295335403273012,1.2524994602532658,0.5688431117230718,0.34211524051924835,0.8757841813395982,-0.18476050669124627,-1.5485705632498104,0
CHE,2004,-0.17496601675548662,-0.46881049936924646,-0.2626155317114629,2.2132089325017117,0.003048014295103913,-0.08494580739788044,0.9038513717810298,0.7065220595785202,1.207407481844755,0.3066992450281739,0.3374359549423197,0.8983072986916218,-0.7028661909242904,-0.927035809056814,0
CHE,2005,-0.08015897519712312,-0.40427703773561163,-0.23690640603420796,2.0190933004498985,-0.3491911705155095,-0.4749170250570551,1.0090982946619824,0.9042576566427798,1.3710532431246367,0.678110871410917,0.3764674781183563,0.9405146276883999,-0.3231470744143569,-0.11123371460671316,0
CHE,2006,0.22679059660657433,-0.4239398177437945,-0.33081907999575055,2.2495380010324175,-0.3371263503278719,3.5217978094872118,1.126276199372633,0.9659315464084482,1.5592833855628143,0.7933148413136732,0.4206762259057647,0.9877824783622585,-0.5377318988657912,-0.0525390254127364,0
CHE,2007,0.18755239446322314,-0.4811487085499856,-0.40603420801019874,1.5719728696630815,-0.3873843338488771,2.7363177865203845,1.3306919354246654,1.0642786675383074,1.1578946168399344,0.6374594244544773,0.44734976868935594,1.0278324142254112,-0.6578370936613408,-0.571734950389023,0
CHE,2008,-0.18933231591084437,-0.1849800154340367,-0.4678635929034315,0.38880723774347237,-0.4665028594578932,-0.5126691462116032,1.4011893009823981,1.1576588016390033,0.5033761761373965,0.7058218624572763,0.46811161479438185,0.9373242513674149,-0.5929477600165275,-1.1478430028600968,1
CHE,2009,-1.348990861612915,-0.6932317390059506,-0.3065972591097419,1.1582279586295616,0.08976278948974031,2.278319163975008,1.185828303574651,1.0559776622121926,1.0510721573624011,0.881038517882044,0.2911126050148477,1.0473203213331819,-0.2556144163454239,-0.07656782019523363,0
CHE,2010,-4.983048251166354e-05,-0.4888623740867093,-0.15807925209816212,2.408710826265388,0.9140948942338017,0.3232136178257464,1.467511651541728,1.2186878450408316,1.4826100071465242,0.5078577310120688,0.2905534779611688,1.028604915341053,-0.4535470978885217,-0.5604426046089878,0
CHE,2011,-0.4811446406262806,-0.5687567589194477,-0.24285562519919265,1.2573374849416783,0.885233106833436,0.3085931412160545,1.54403841249341,1.4115010113089053,1.1134303763992788,0.876915512312095,0.34305293011182336,1.0638424515453562,0.08513643664209651,-1.6794018660298176,0
CHE,2012,-0.5547574670493319,-0.7303155606595035,-0.2254329119303092,1.6814725737394949,2.099196565580746,1.3174749839717868,1.5952042262893,1.391848051282813,1.165778385951138,0.6232034831269594,0.29403043770332554,1.1364447377192468,0.25217665379767873,0.45964275836926133,0
CHE,2013,-0.3699008364820367,-0.6472142468864416,-0.17104005099330713,1.8241743913661295,1.9566522025460744,-1.9155785723060315,1.7665462550688253,1.5276976504806863,1.117867507937,0.41168067256979074,0.3042914702055307,1.1573830601198118,-0.5876135701683237,-0.24570374909913528,0
CHE,2014,-0.18626153599251166,-0.6115205154886555,-0.1542547540635292,1.3466907491835762,1.9564063788440575,0.30103229316983304,1.4827461762057312,1.2024650760063085,0.940391738657135,0.5038755973952855,0.2826669049279402,1.1658123155749123,-0.5411282701068241,-0.2467822327759607,0
CHE,2015,-0.468982666440553,-0.8092424396086048,-0.1595665568894082,1.642054429419834,2.535628934352175,5.317178665827432,1.4211624166569112,1.1359368905914213,1.0541898260347675,0.4435578009644635,0.229027082374846,1.1921206369456805,-0.9634586295491467,0.402715570511999,0
CHE,2016,-0.3503070031442538,-0.6852118175210026,-0.134707319664294,1.3137728803384603,2.7209160777318004,7.906316652360397,1.5455167640829282,1.3085346426532238,0.9378386524907943,0.548690778115877,0.2809362783763117,1.2412903518362475,-0.6598713808683068,0.12487378313792473,0
CHE,2017,-0.47785106195949056,-0.5158705610749699,-0.16041644534154895,0.9906172957286657,3.157101204188756,6.610232753883481,1.5207129509018535,1.3374655923093453,0.8032497025536871,0.6356742773016285,0.30602692033270756,1.2412903518362475,-0.6598713808683068,-0.13284297812508225,0
CHE,2018,0.017294199795814133,-0.445478716135046,-0.17826410283650268,1.1211747489492816,2.804145366002605,-8.378367118586123,1.5666595983004203,1.3109859541937703,0.888794305540164,0.6524896805997985,0.32204396320081524,1.2412903518362475,-0.6598713808683068,-0.19765026781014022,0
CHE,2019,-0.5570458531395012,-0.5457554303842892,-0.24604270689472005,0.7839161917573639,3.163919404474899,0.37208781972174565,1.5418128436978906,1.3166915339128091,0.7479880270395417,0.7450349147309789,0.41038602939024954,1.2412903518362475,-0.6598713808683068,0.043898070785596904,0
CHE,2020,-1.4321643536129844,-0.7361426015827615,-0.15616700308084558,0.1699832153193848,4.3656626794304785,-11.793886029772285,1.4342385853116182,1.365206035804506,0.7643946341823011,1.2723051763426008,0.3882384602877977,1.2412903518362475,-0.6598713808683068,-0.7019222703631471,1
CHE,2021,0.7569396155453058,-0.5074723948050018,-0.11452246892595344,1.3688281026108764,3.8397405813065473,-5.748927874527905,1.6999784037509036,1.373819681718307,1.1029453839595609,0.7856404819347977,0.6085175975385969,1.2412903518362475,-0.6598713808683068,-0.40534786358185887,0
CHE,2022,0.071004849944054,-0.11346217559028685,-0.30383512164028476,1.6284662139003767,2.7791016631501213,-1.2043622770680131,1.909386532964368,1.528141922445698,1.1005368105019595,0.554624995895516,0.5056222786596619,1.2412903518362475,-0.6598713808683068,0.3439980446297438,0
CHE,2023,-0.6322777631917195,-0.2358030858570369,-0.3206204185700627,1.0988977829185085,2.2615332425542762,-5.069921206544156,1.7156797691088672,1.4390531165155493,0.9696019588271928,0.8475587164558824,0.4297173282859652,1.2412903518362475,-0.6598713808683068,-0.7429149422402128,0
CHE,2024,-0.48564333541078236,-0.4234447485625406,-0.25687878465951347,1.616771494713443,2.3233692207588206,-4.626691100233722,1.752516643669244,1.4262499620143338,0.987343169239865,0.5648144972434964,0.39088916424731784,1.2412903518362475,-0.6598713808683068,-0.3356106881831781,0
CHL,1990,0.08773054495976268,3.9436803684527386,-0.0684160203973227,-0.1534507724149327,0.8107588644948545,0.0,0.1269377850911312,-0.02394772251179828,0.07809701704093697,0.4098951696347986,0.2951549801070839,0.03162537861732337,1.3092342805087678,1.3955772057964408,0
CHL,1991,1.1671551110274627,3.200138627945648,-0.0684160203973227,0.05104154063932244,0.9401504333390732,0.06116624377090988,0.07577918013730135,-0.14292507579596378,-0.0007400701708047795,0.04170477024197762,0.36643947894215695,0.03162537861732337,1.5659581586932274,1.3955772057964408,0
CHL,1992,2.1396753900431476,2.088235395418132,-0.2553914798682674,-0.25730142621954005,1.0835208188277101,0.011778973360395139,-0.02385633301442019,-0.1225342028747618,-0.05808689344542431,0.2769855092606833,0.3481010359256113,0.03162537861732337,1.4818845328411132,0.2749938347481578,0
CHL,1993,0.8891859703953432,1.616440337987707,-0.22564538404334425,-0.7804438420920088,1.0856918376681746,0.03283394831596514,-0.15101704203444102,-0.10223418307593883,-0.10631708260147694,0.7280631403864263,0.384862971922934,0.03162537861732337,1.3367973532921085,1.0750670372174496,0
CHL,1994,0.47149115492675864,1.3917993553764103,0.06756613194518232,-0.37834422592998296,1.4718468189249767,0.8855041158035758,-0.07980895907264446,-0.1894768578782894,-0.11953511033235648,0.38068708426300973,0.39423554585705994,0.03162537861732337,0.12657598830010286,0.289199176166338,0
CHL,1995,1.556405686602153,0.8303943151116363,-0.1810262403059598,-0.21827291022408327,1.0610426233977368,0.7132323966910608,-0.028628679171195028,-0.1581114803137051,0.1041812984628777,0.6890998014344611,0.4156457845872103,0.03162537861732337,1.3189304450065429,-0.7082858182741695,0
CHL,1996,1.0006413692693403,0.6776467782204413,0.39562307447147577,-0.5769512084746345,0.9297242238876826,1.459289457840742,-0.13411552161294618,-0.07330732336415799,0.16661865040613422,1.0527082217144035,-0.12287710032890929,0.03162537861732337,0.9188985174715311,0.28327379632260524,0
CHL,1997,1.0725280726074555,0.4633918025248796,0.3365558270477002,-0.6362244503328559,1.0279832032531164,1.4667870526960185,-0.13713571982574949,-0.061237028760344835,0.14496674042280772,1.0493152277187376,-0.1692519875466674,0.03162537861732337,1.3302000491355654,0.05303349138375306,0
CHL,1998,0.23888024242383835,0.2843964466027179,0.37288855837671336,-0.7236083383178686,0.9060424080976005,1.289631565371086,-0.16775519010196835,-0.03857181723057904,-0.005489695303216185,0.8575230745643462,-0.23120671374549193,0.03162537861732337,0.27935972289571603,0.8977661590720752,0
CHL,1999,-0.9176659155376209,-0.025705525359045144,1.1911186656751305,0.1173101605980906,1.021089589644883,3.381629529360921,-0.03577845561478856,-0.14947358686734263,-0.08706875158174518,-0.08061398029047387,-0.19567162134390512,0.03162537861732337,0.2502802602452164,0.9770943314040432,0
CHL,2000,0.4441822213625072,0.06284546939707594,1.049399766280676,-0.10139151476754636,0.737693488940213,1.4863953454370133,0.03987730535055573,-0.04359389042344696,-0.08542157599822613,0.10494802414090296,-0.12750235184133457,0.03162537861732337,-0.11577860134461744,0.5083865219320213,0
CHL,2001,-0.027725793177869138,0.01490206641233482,1.0279400828641247,-0.16840843277305734,0.7244116335235786,1.3681729154134366,0.11173553789089395,0.038606714486544756,-0.04494966133909251,0.15758241867551662,-0.02790938294788697,0.03162537861732337,6.796411811124765,1.7239546712277227,0
CHL,2002,-0.01506492614397606,-0.17390103853154087,0.9807712737703179,-0.046572496539978074,0.8766085194114981,0.580763716376625,0.12882545532187048,0.03520083982261138,-0.02994470093645021,0.1602375571594675,-0.0483970652154348,0.04777791734253124,-0.3991889257465799,0.7646441345047734,0
CHL,2003,0.3796952081811629,-0.11780745791143281,0.895145012217147,0.13155161720305023,0.6824013507142396,0.9071415565339929,0.2457190050524582,0.054716465246289175,0.00729297728042951,0.05058817800782668,-0.12733759552370316,0.0667608695681426,-1.0191136537682188,-0.08799828366794972,0
CHL,2004,0.8862442521490013,-0.4247740275317728,0.9794964410921072,0.6531600091961597,0.2701260885105578,1.068281886106154,0.4385343928993154,0.03409367666804258,0.08692505476060665,-0.282712432192299,-0.25742319172599387,0.07848719829452885,-0.07244731347809774,-1.3645784649933457,0
CHL,2005,0.6688761306854004,-0.07542041315389104,0.8048443641772021,0.42206849332756824,0.02850524488293242,1.0273517130073584,0.45895595076784623,0.11504705554990045,0.1497853839853249,0.03026840184177513,-0.44509306650237945,0.08978756248540336,0.08163448367320182,-0.9797639879601154,0
CHL,2006,0.7241640076997395,-0.016063742134246876,0.73770317645809,1.0360441749134095,-0.08071223505578222,0.3915133110603579,0.612803093845135,0.01689404286649369,0.3752552069386558,-0.13691164983982762,-0.5970443707094109,0.09590361937869524,0.8335314846448296,-0.6767669697911293,0
CHL,2007,0.49522881205377794,0.16156188035141025,0.6108573249760971,0.9605489820039335,-0.3206549964495327,1.4546411409832758,0.6655089593566491,0.11313355891141584,0.35595800584587467,-0.11191268517372872,-0.7364162379219423,0.17206625064349879,0.7929202142348115,-0.2795316565129428,0
CHL,2008,0.13723497539788967,0.914966168099865,0.7931583979602681,-0.6224215562334968,-0.21014810067766193,2.982472481657665,0.5001053551183695,0.48183904142182643,0.06200158851009023,0.9005412763443476,-0.8258269348117587,0.37770696619094163,-0.9486835520979985,-0.12544241088182517,0
CHL,2009,-1.1369027268932275,-0.5474762857948264,1.2240518431955811,0.3413531805047484,0.16515005869148053,1.9150961129308592,0.33138158911869703,0.003642033614053287,0.07343140223109187,-0.023484675090007658,-0.7874010684309442,0.4098294040897932,-1.4127645845501764,0.6437812764650727,0
CHL,2010,0.6726681699245924,-0.3625266062481944,0.6363539785403171,0.24838944338120567,-0.03316252777345339,1.7106937095715624,0.3642497326616151,0.11152317788613618,0.1943021020105221,0.2633668647345217,-0.8374465039095529,0.3688031902333064,-0.24539142033019884,-1.0697471879646085,0
CHL,2011,0.7693159788249246,-0.024946997853099707,0.41219589928821865,-0.7472373672151283,0.14543219934133939,2.993961239400538,0.3553187494135176,0.2547454561134457,-0.15840480901736118,0.5525946442381793,-0.8345186538506718,0.3993081655608411,1.1806007249534554,-0.6705757872290101,0
CHL,2012,0.7515162832144406,-0.08331172770994075,0.2630404759375334,-0.8176797123219578,0.12968360056555528,3.493423857618418,0.1950475018352964,0.2315989501272328,0.0011037954972762686,0.8842167387730231,-0.8454006531005831,0.43000867867751813,-0.002150986276250138,-0.0647125640387677,0
CHL,2013,0.012380796723794581,-0.2962796359594886,0.1718899394454479,-0.7230791012409024,0.12845710619341022,1.9824199433143919,0.12174790019033582,0.1712583671745454,-0.07069302488957149,0.6841058506037468,-0.8243513085803779,0.42850965368966726,0.13347630649950373,0.06396622519282406,0
CHL,2014,-0.381188301692567,0.21592346751663494,0.25687878465951364,-0.49775974406148366,0.2061663972837761,2.7636515077003305,0.15995596027840292,0.15081504211518004,-0.1589992120372687,0.32252038705236274,-0.8329914671183435,0.46868248143113744,-0.1487031625574927,1.4609942955869422,0
CHL,2015,-0.2879034683503723,0.151240272776633,0.2237331350260281,-0.3735668378595185,0.38621962582975927,1.8817654549324074,0.0009923565349831047,0.03190174866321998,-0.0646490335529049,0.390751659566297,-0.7689737690055777,0.486428399317664,-0.11023861222961323,1.4118249099357367,0
CHL,2016,-0.3914726082002396,0.052864230158972174,0.29193668331031575,-0.3539746549161286,0.46946760503747764,0.907185568223879,-0.051869605830208915,-0.06540135152737801,-0.2119442547092644,0.09846000559216238,-0.8617006474873652,0.49889445067994637,-0.5099169537711541,0.23993577087098483,0
CHL,2017,-0.49411735216027225,-0.22752885405647005,0.362264952724955,-0.3774595283208131,0.24836819746609956,-0.028659143534731726,-0.03485020165960457,-0.08655740769648468,-0.323412605593715,-0.06728827012301217,-0.9346412892023241,0.5270086163983178,-0.9186343053387843,-0.5601576262354119,0
CHL,2018,0.18932715917884324,-0.1834326896931654,0.44002974609582524,-0.6730085549240318,0.11795346320098685,0.24856341225963482,-0.026609046688953374,0.007374320636513619,-0.34474703457754785,0.17487639654893442,-0.8753111845808298,0.5811553369110258,-0.577921612276086,-0.24726956796811883,0
CHL,2019,-0.6793592261368971,-0.16198452494636115,0.41240837140125386,-0.797733120519299,0.19690616825654683,1.0204733195081892,-0.05398884838928549,0.011538153874356648,-0.3376384355279253,0.2896251148273281,-0.9592772439410935,0.6723735173570357,0.17271225224165201,0.8802388631054631,0
CHL,2020,-2.440698380042162,-0.07665940189242525,1.1435249123552538,-0.2412653071693848,0.3445875179999378,0.8888721566301845,0.08986773279377529,-0.12737733449578276,-0.3905723385663068,-0.30836026866981736,-0.9537127642000008,0.6761272872821398,0.3519298329996962,1.2120816212933372,1
CHL,2021,2.096958208988787,0.18198079415958424,0.7923085095081276,-1.154354845978773,0.1961447900200216,0.9962603745903896,0.11703183513607991,0.16211259403252198,-0.60548542732017,0.16665260344060007,-1.0153324670736485,0.4937827241531266,0.8428286241823671,-0.5712244168692523,0
CHL,2022,-0.31075749057196256,1.4269031680155964,0.573037288855838,-1.4248847944837932,-0.18262058368674827,1.4972004889331068,0.26909614048434277,0.4865359479076752,-0.5927815510761124,0.4166626754215701,-0.8890297215729368,0.5373543693936268,-0.6143125482881405,1.4515277921097007,0
CHL,2023,-0.670842846490599,0.7165657498853893,0.7353659832147034,-0.4367943110788102,0.12112510742128063,1.3174327455416477,0.0670314943301691,0.01956897389550333,-0.29623735722234745,0.04038319067752037,-0.8784890210504916,0.49692841876080096,-0.7252377040742225,-0.523801810854982,0
CHL,2024,-0.11831445951309537,0.14229857302559804,0.67268670986933,-0.10524240983708845,0.06942645138164864,0.7041673727022039,0.19031460134222475,0.03515481762988233,-0.1349843926663446,0.007320595643188303,-0.9063064017708676,0.4338555635815163,-1.170323803083506,1.1640663232533237,0
CHN,1990,0.1717992638957515,-0.07547044108042689,-0.6760862636778924,0.6630163051823449,1.149171225348471,-0.3564958234973775,-0.6495175678462727,-0.9068418078509484,1.1781887095512469,1.7036125069473345,2.0560668864082756,0.19707648903538466,1.7439439075119554,1.0565039165214027,0
CHN,1991,1.5876149892787457,0.012731127867345138,-0.6760862636778924,0.6858848712558969,1.551820456950415,-0.2963345109605632,-0.6137973330949533,-0.8688391341118187,1.3397199798437773,1.927200107039403,2.0560668864082756,0.2234955503430711,1.5382132245508855,1.0565039165214027,0
CHN,1992,2.8655330188079096,0.5018827025967886,-0.6760862636778924,0.35061048931158934,-0.03597200144058936,0.22002762794113093,-0.5656345667719583,-0.724283416681869,1.5274787112003088,2.51010225722511,2.0560668864082756,0.1973325381473012,1.925747596679934,0.2505029656284938,0
CHN,1993,2.769073698977631,1.9455924292555709,-0.6080951875066399,-0.35037984674518924,-0.18928133346980844,1.471557604868242,-0.5225353654860573,-0.49148687147904313,1.6230690790918612,3.154498436219173,2.0560668864082756,0.33087214567519935,3.41831485376231,0.3440608994659349,0
CHN,1994,2.5501004959508675,3.6325080350920307,-0.5634760437692554,0.30346413933154526,0.48775778969202693,1.4005282562014485,-0.4467571145691893,-0.5934754156910611,1.6203598023246715,2.660095050263095,2.0560668864082756,0.19010825434008494,1.991625423408877,5.063339525166463,0
CHN,1995,2.013358635749755,2.3270008330807146,-0.5422288324657389,0.13234567259374375,0.6052638142284207,1.012456174023271,-0.4713198006477636,-0.6373033947118191,1.4250241078140258,2.4767123821032766,2.0560668864082756,0.1683366337927875,1.7998491588716699,-0.44998089312207257,0
CHN,1996,1.7427869048965845,0.8444759822454247,-0.5167321789015192,0.23761156366582076,0.9513877623754995,0.9315137306928375,-0.472892362673874,-0.658390267393991,1.3534428517989336,2.273364904264667,2.0560668864082756,0.23451684488860647,1.4059850378888101,-0.17204797700748467,0
CHN,1997,1.5673536981356642,-0.12195417532243444,-0.4933602464676512,0.7488694973321078,2.866212819190127,0.9558074822362936,-0.40849582217059627,-0.6997365948004669,1.4398489640144023,1.9586776510964068,2.0560668864082756,0.32582076459194914,0.9784533189636697,-0.15604033949790713,0
CHN,1998,1.2106032309505148,-0.7444156949565358,-0.49123552533729953,0.6144503862054184,2.85547361188632,0.8522782965874505,-0.4572780929211771,-0.7464695264303985,1.3172302622758911,1.8418932698949064,2.0560668864082756,0.43138424838826117,0.4308102037540926,-0.13908760262802033,1
CHN,1999,1.163270041459832,-0.8542815971992046,-0.4891108042069479,0.42237188201096315,2.435074085602312,0.6111913525754933,-0.4655554291632069,-0.6862440191981859,1.1576085258169033,1.7255833774525193,2.0560668864082756,0.4955808177966407,0.4084385707976078,-0.1262750933722708,0
CHN,2000,1.3793728509659793,-0.548391525334014,-0.48698608307659635,0.38192564780093763,1.7602757421908237,0.5142103871451751,-0.35378343349355273,-0.5369469641695497,1.0851094204300764,1.6326802108496956,2.0560668864082756,0.5031854025604044,0.1882046712132601,-0.12505838167729302,0
CHN,2001,1.3145872280689517,-0.4834613087765453,-0.3722511420376077,0.314711290173338,2.1835114263597806,0.5256789507445389,-0.3789616297191547,-0.5525467632605556,1.2188797783936123,1.9250533104251322,2.0560668864082756,0.48759901243525705,0.4437949179875695,-0.1271948165908356,0
CHN,2002,1.5513742641691917,-0.7372085785785497,-0.2787634123021353,0.5019562568536184,2.851384524504305,0.5573222473282884,-0.28414873639646454,-0.46417262153581756,1.360565144412932,2.00929776071811,2.0560668864082756,0.5796366109258457,0.2649160584518867,-0.12551983309172118,0
CHN,2003,1.7792717941144454,-0.41203246476622185,-0.20652289387017952,0.5326185504409183,1.8858098669183918,0.5137348764779479,-0.10693550410370416,-0.24139353059843538,1.673758593194668,2.528630306009532,2.0560668864082756,0.6809289759805408,0.8385513512297248,-0.12527960028699617,0
CHN,2004,1.7861825571143555,0.059586751729160066,-0.22564538404334425,0.6897962811892043,2.2517750680675492,0.5117984605858119,0.060137937814702204,-0.07040685108800883,1.961060440477847,2.869730702945162,2.0560668864082756,0.5915398198194245,0.42917093854463745,-0.1256778812485673,0
CHN,2005,2.1271042985248236,-0.29857762949353717,-0.21927122065228946,1.0729581165176953,2.5685925045824107,0.884361143833351,0.17516909759069016,-0.07229876428473442,1.9762839829173906,2.644590664262412,2.075643984066441,0.507318521931953,0.6036064609082747,-0.22967407997320652,0
CHN,2006,2.4443181493382165,-0.3207826380119651,-0.2383937108254542,1.5170546080797531,2.8749128705424174,0.8677632944979957,0.26514211673437443,-0.06982422387945836,2.177249933295969,2.5690868060188983,2.120882524236073,0.47282736021542504,1.1090691019578645,-0.4074732776760929,0
CHN,2007,2.8274052995022276,0.2330764806237226,-0.2553914798682674,1.7729410554813745,3.5515766492272527,0.8292045481090149,0.2392868756746816,-0.15075900066599077,2.35649619016358,2.6513931927435186,2.1083133914428407,0.42929045629381224,0.6030310874618234,-0.6056398143730252,0
CHN,2008,1.6637251814659444,0.42691245873726974,-0.2043981727398279,1.6378761162622142,3.814506950704598,0.5969962094611794,0.1219584745860321,-0.2344918986806261,2.4884769331612344,2.920184084733281,2.0703611276768488,0.3807140726612111,0.7010839248610008,-1.0317667419975525,0
CHN,2009,1.595525469288682,-0.7365430999909186,-0.1767767980452566,0.8975009988191958,5.377814644159863,0.19255788135157956,-0.20164275242474788,-0.4523243648982274,2.3639173220123735,3.3789615244322904,1.9959823709636988,0.660396055290723,1.702250449606019,-0.30195257472836123,0
CHN,2010,1.9033454927463662,-0.05395588178061225,-0.21714649952193768,0.7524301527887229,4.486405480286208,0.6885238145404875,-0.10191700425623684,-0.3060166773801881,2.446380097300772,3.5604727460630055,1.9978213826081446,0.6875357039362688,0.8111406080711913,-0.21905334113358288,0
CHN,2011,1.6100526219565388,0.3619755858085399,-0.21289705726123448,0.39859182794288456,3.810707636060767,0.5883731737298777,-0.12571729693534345,-0.2741510168912224,2.25362624534676,3.5864386591915363,2.063051715729279,0.6459086881903916,0.6582787202066396,-0.6027276082900246,0
CHN,2012,1.193538706676873,-0.1511464129392997,-0.20652289387017952,0.520054266525922,3.798762375683886,0.2824635176910482,-0.17054345998266188,-0.34101789726151416,2.2137666755114016,3.5163467174230103,1.9897131711837592,0.7181202838243748,0.382591517874654,-0.36691617520715586,0
CHN,2013,1.1729261749677395,-0.1508796216340469,-0.20227345160947632,0.3552864906660375,3.9139940997505867,0.35456898715604895,-0.20862316240618134,-0.37231576229116814,2.1100301108698174,3.5326550456617714,1.8710444533558375,0.7835186709511842,0.3070937846034136,-0.3186505799798066,0
CHN,2014,1.0905124520963558,-0.27318228581505144,-0.19589928821842134,0.4734791059706489,3.769311145253239,0.18769294407294426,-0.25412422574887406,-0.40868276325498337,2.131262634298049,3.4382147517329056,1.8312390659401012,0.8561395626444166,0.0647329678900508,-0.2137612010989777,0
CHN,2015,0.9660476619699453,-0.3579254075695431,-0.19164984595771795,0.5396180283218414,3.511514788539089,0.06036749479614805,-0.34304925205441494,-0.564417396578927,1.9369021291865043,3.0398839733972376,1.6384035641660486,1.009502881124438,0.28397651683876224,0.017807107190173685,0
CHN,2016,0.9120608746746277,-0.25947976145491014,-0.2107723361308829,0.3808147724157332,3.2061340897020676,-0.1591817832526756,-0.41540181787686786,-0.6021493123347665,1.8265024536168541,2.9476858931106373,1.5226205822979944,1.0550315179804388,0.09493985733256168,0.5753727821905178,0
CHN,2017,0.9425810240524746,-0.33062671170284746,-0.22989482630404764,0.35250786056674527,2.8810038596167087,-0.22977803068078181,-0.40989935381696596,-0.5712894548602131,1.866983938587726,3.0112446236999526,1.532803553276099,1.040940684651511,-0.20821180667339245,0.05461171175004364,0
CHN,2018,0.9079372196221892,-0.24640179092506617,-0.26389036438967395,0.12401046383994527,2.311199031532272,-0.11056225455727649,-0.4334598395644837,-0.5468285496068735,1.8178860589809065,3.129371877294538,1.4984880221853092,1.0780108817368608,-0.31342583751546943,-0.34648948542603625,0
CHN,2019,0.728678332895487,-0.10223470586353374,-0.2107723361308829,0.20096794487864666,2.4342831611285454,-0.24356539525109927,-0.45975477384019364,-0.5857459558820989,1.7750253952694284,3.02976551693232,1.3534372361614118,1.1701942120985052,-0.1355589306619237,0.3371917770728146,0
CHN,2020,-0.23920608738501484,-0.1861375009670909,-0.11728460639541056,0.3502660280036808,2.650532737107304,-0.10208963494024252,-0.4543440457807649,-0.6456877931666519,1.7935721354611236,3.0147441117750944,1.2626445977109528,1.3860447494965698,-0.029162988640485,-0.13691960930565855,1
CHN,2021,1.3785448406292,-0.4376657660302611,-0.21289705726123448,0.37461010919252585,1.8942147783109988,-0.030813518686012162,-0.40575412326863475,-0.5908815235115479,1.899169785201665,3.031732612270155,1.4019412214194615,1.3151497274646948,-0.11736360342065578,-0.8105429620717539,0
CHN,2022,-0.03296535593924746,-0.2641008134816181,-0.12153404865611375,0.4726397866225572,1.7864661946999982,-0.33047316633301216,-0.3727049929219968,-0.5871796855640329,1.912917394510554,2.981205461061327,1.3161296112340923,1.4202948932664041,0.12599304175908588,0.3422804669733607,0
CHN,2023,0.5595590423897201,-0.5681468929585664,-0.18740040369701477,0.3357127198550892,1.885699924604576,-0.5968900151593155,-0.4071193842562515,-0.5846770082719474,1.710517326768316,2.7917103554813925,1.1868303442591592,1.520213907973874,-0.04465545452427993,0.4133930936768216,0
CHN,2024,0.44072448807641634,-0.5710685329413719,-0.2043981727398279,0.5174687440094285,1.7788453116648977,-0.6156364158051058,-0.36373823353746443,-0.5761942477538611,1.723340542718119,2.6915000216710276,1.1637011431759656,1.5803300016124144,-0.3303879895721107,0.04228523542758069,0
COL,1990,0.2651323198818104,4.488482620423492,0.97057261234463,0.2887973968160201,0.5589409839102932,-0.32813497058560165,-0.4296179696190388,-0.6530473736957718,-0.23045022583519767,-0.3811140777547973,0.2526410445787499,-0.5709779849427435,2.117741071782183,2.4769396761394673,0
COL,1991,-0.32693558246492144,4.704581157005087,0.97057261234463,0.9127332178835401,1.345179115902645,-0.3689162794919741,-0.4199508900250438,-0.7242100227222548,-0.043595488848858464,-0.6132078445683817,0.23588983715872697,-0.6029953454434631,2.117741071782183,2.4769396761394673,0
COL,1992,0.2035810782586608,4.114025177179675,0.8260915754807184,0.35882786905335373,1.2775215182032669,-0.2569751154691831,-0.5273483882626824,-0.5964016830005774,-0.39124438073837947,-0.3891886226747983,0.0932525853010945,-0.5795170927897841,2.7000153029855882,0.7629278080917866,0
COL,1993,0.5516159415032256,3.3152126926279566,0.47763731010304916,-0.44702557028228534,0.7794921207288216,-0.18801910285580084,-0.5829677677327649,-0.4088512547790908,-0.4969010544630103,0.2891331954950717,-0.04191079097072257,-0.5357097018896204,2.6979232021443975,1.5044526421084192,0
COL,1994,0.6630645228870707,3.3858163487080795,0.5732497609688731,-0.6737741101644953,0.5386461742853297,-0.072995326671072,-0.5907280121128063,-0.412400367162633,-0.3896913240095315,0.38132246384274665,-0.15367039088211362,-0.5050212110096401,3.330386693310826,0.409545188137253,0
COL,1995,0.5041100244003892,3.044049948773947,0.6731116540954004,-0.7411590378658688,0.411372134797759,-0.32752255348575465,-0.6100988266652654,-0.4102693855212103,-0.4428863392049393,0.4215639570374242,-0.18518033395485714,-0.47193671206797316,1.6843416718384938,0.9680136839914141,0
COL,1996,-0.31285116419168607,3.0275745214574035,1.329650483374058,-0.7232218266181355,0.5756717426520606,0.4307704616363253,-0.5823437904495087,-0.4159845658089009,-0.7469260528298574,-0.14238162755777728,-0.23232405699792444,-0.4507297981387101,1.0067291592969263,1.2930187182003292,0
COL,1997,0.04400048515491204,2.6205647756481665,1.3997662806756621,-0.8284643362573849,0.399133897197667,1.1385796620852586,-0.5972660454656823,-0.4202704548260434,-0.891087058564752,-0.33210320983012775,-0.31534386402284087,-0.4360085501079341,1.2750680664726162,0.9295517623218897,0
COL,1998,-0.6986862335368555,2.656754706363768,2.0074365239562315,-0.7501960375609057,0.33868382179189266,0.3150188456654085,-0.5903532441428916,-0.4132469251720237,-0.946963947281113,-0.5169523703743704,-0.2802153771387542,-0.45207028918234665,0.09729852320877105,2.49121205378922,1
COL,1999,-1.9381288048270429,1.292225029356687,3.0825454159141623,0.2281216775597727,0.5767414479008373,-0.08032191275552411,-0.4511347182940084,-0.5622735200103792,-0.8872211625367996,-1.5756352499541182,-0.30723828134711906,-0.4976045123667179,0.14801534134596817,2.297669925181977,1
COL,2000,-0.08722710472595725,1.0039867955450803,3.180282587910338,0.23975520196022448,0.5526384065430622,0.16234950063550932,-0.5525058636328063,-0.6128049485196784,-0.8842217231197695,-1.2640428262649652,-0.29608802590528177,-0.6343810194851567,-0.6277948414082077,1.8479137404910522,1
COL,2001,-0.41098165229439604,0.7836929825448514,2.0159354084776377,-0.08661165724004737,0.6108340050874255,0.21476314536009614,-0.5745193150428317,-0.5280678566784073,-0.9504695722405009,-1.0883222693729437,-0.26872307734860856,-0.6221281812756272,0.8710890938224836,0.9371081326659807,0
COL,2002,-0.19650229865297258,0.5014500752338931,1.8971634972909812,-0.13059698784779794,0.7442705493325427,0.07052390975748549,-0.598348951833559,-0.5447507977485667,-0.852858365424132,-0.899821636178215,-0.2826759457837168,-0.6270248244114335,-0.5375966844557319,0.8064758134259747,0
COL,2003,0.1706964236368418,0.6375449276543672,1.6294486348666744,-0.07021005434621991,0.620493459861821,-0.05631691496693814,-0.5249825846285663,-0.45944700657419024,-0.7212245636076362,-0.6787027527326636,-0.25530669413471707,-0.6327361230131837,0.018974392755077153,1.432554616403123,0
COL,2004,0.5380142474340398,0.42319982614581675,1.734834802932116,-0.01847402909913035,0.658137571849666,0.24019950735972967,-0.5168338448385235,-0.5002378518596717,-0.5930954485011873,-0.5613349402967187,-0.23176111066414692,-0.6183912073661304,0.8431605611801767,-1.031603412490853,0
COL,2005,0.4070907507866779,0.27403915476513424,1.1707213428237548,-0.1342786760294493,0.4380208864170841,1.7769431935288769,-0.5084832915162341,-0.4348837735724881,-0.45030569850173696,-0.21886115757700847,-0.02064811290579605,-0.6113193114208406,0.6874817295389317,-1.3486984888874385,0
COL,2006,0.8973084505458705,0.1415614644736341,1.176245617762669,-0.22177419340858334,0.23883141356441986,0.7718742561107729,-0.4768998946089722,-0.36461790386446924,-0.39780525623667373,-0.020554163168892595,-0.02231201633697008,-0.552853863750592,0.7172115234303785,0.04353011923232199,0
COL,2007,0.9028454120109317,0.36031190055186163,1.2008923828747484,-0.4158403087658759,0.3247207724038963,0.8198136879286931,-0.530909394655323,-0.42458751778356946,-0.43110419154239615,0.0591132572763662,0.0011942155500221261,-0.5114986239646961,0.6647945614196771,-1.371245709508763,0
COL,2008,0.005873823327009389,0.614304609642795,1.2155529586741745,-0.36400666761122275,0.2523973875639782,0.836557119024696,-0.46101499912532024,-0.4057216088984575,-0.3479237256076983,0.1003355522879569,-0.10325796642799417,-0.5015813371598529,0.7672822840259181,-0.6928830361414241,0
COL,2009,-0.5507297856604481,0.12566492761680542,1.3840433443110598,-0.23175093820447973,0.5186633256600747,0.5199871758581279,-0.5312698805201291,-0.5176006111422681,-0.42829916285668657,-0.16763617407764728,-0.18269567052090108,-0.5179846460444066,-0.2132803045562544,0.8995692805528163,0
COL,2010,0.32034633966056425,-0.21191616192638746,1.1900563051099549,-0.41822136267628307,0.3826777942023561,0.09369960071286189,-0.5347574408657981,-0.5564517756989099,-0.44745613719762334,-0.18291373686067233,-0.2914947671647009,-0.4886777702206503,0.10665304945146044,-1.3797106826588894,0
COL,2011,0.9572900443297325,-0.01203900964899203,1.0062679273345378,-0.40285779622401596,0.18200948706470527,0.8423316624281356,-0.4123643871798922,-0.4472784173804416,-0.3678474931686541,-0.011799469376175629,-0.3917799840898378,-0.4553735645727376,0.808836638501372,-0.40633379243411516,0
COL,2012,0.16923308877689341,-0.0550090752506953,0.9363646021459687,-0.44292344015693774,0.26317161858820476,0.7313871751890005,-0.4317635873775652,-0.4554525086060321,-0.4550251351156004,-0.1495387085366452,-0.4089510152199152,-0.41979719516795416,0.540589531544063,-0.4085582628105679,0
COL,2013,0.4863395879538976,-0.2565087164870195,0.7848719855518967,-0.45937511968059486,0.4669904389989756,0.7965452128606106,-0.46198039071757147,-0.4614030786698759,-0.4712690503039464,-0.13749535380626643,-0.4660811252827344,-0.39758378830492186,0.320814730400464,0.28719677146959727,0
COL,2014,0.3214812095583695,-0.10230400275788694,0.6898969510251781,-0.7954074800165376,0.5125625808534447,0.796034479877929,-0.5225040303783535,-0.41559642434460037,-0.47428503391985777,0.14399299952683225,-0.518676069544603,-0.3605250727442912,-0.10653378245520459,0.6149620352518312,0
COL,2015,-0.07916808029806546,0.26333937933492874,0.6416657813661958,-0.9964283775604957,0.8468249682016543,0.6969580736717185,-0.5635512056238499,-0.3262519740273605,-0.5446397035709851,0.10849385251558664,-0.5010691413315188,-0.3027727254926148,0.10320459545542314,3.7481921394280335,0
COL,2016,-0.30466546536894523,0.7046360029265614,0.7160310209285036,-0.667575803126284,1.1061614769250199,1.0283853915629004,-0.6024526954083478,-0.38516482900253707,-0.5349763451505576,0.014764921201372069,-0.5148676243264204,-0.30087177540909055,-0.2950386789584412,1.0711419546621306,0
COL,2017,-0.4936849324924392,0.14521434639291922,0.7508764474662705,-0.45014346924835674,0.9956352400007283,0.8495377761321289,-0.5846023183591488,-0.44998559529506915,-0.568598069208693,-0.22765232601106933,-0.633721513858332,-0.26572533108429086,-0.33235699684026415,-0.48082205723135313,0
COL,2018,-0.18083496756004425,-0.042546831414734976,0.8090938064379053,-0.6246672092867385,0.7775929677176796,0.4934535936824658,-0.5531487532468394,-0.4260649500845061,-0.6345069437352683,-0.290094908300309,-0.6682114711549805,-0.3159906763866179,-2.777034779003031,-0.1104269291818543,0
COL,2019,-0.019204470380156668,0.006844036325041976,1.0045681504302564,-0.6902358213687745,0.9461577072285849,0.8275187948431346,-0.5544695931213479,-0.3753071400226464,-0.6512114750764084,-0.2614734489107348,-0.6983463479192811,-0.31380783118438244,-0.29482829979136044,1.0286062971879693,0
COL,2020,-2.7123323642504347,-0.16738958669139214,2.216296611069798,-0.4921821886083464,1.9106584722419349,0.2746910560893905,-0.6522687516515578,-0.4309575775594848,-0.8070426856190102,-0.6097010701464971,-0.7249966077501495,-0.2377055354000425,0.9035676185301239,1.1874131665913275,1
COL,2021,1.95774092722429,0.0019544796807289895,1.7732922553914805,-0.8701970936948734,1.0579664720240904,0.3601158977103531,-0.5407543440111924,-0.2708714251779784,-0.8702975922252965,-0.6423515339231185,-0.6618808943488399,-0.2899083012315502,0.5919394912502803,0.01904501600045068,0
COL,2022,1.056051160409899,1.170438684399346,1.0600233719324343,-0.9396154444867255,0.5200518605263535,1.0528650604961343,-0.36600878619497673,-0.07696307499135126,-0.9907637077413167,-0.5078054778340467,-0.6687715165233212,-0.33748299902088524,0.19416619365380386,1.3055431351963587,0
COL,2023,-0.6280564655629843,1.4429974361614728,0.8581748645490281,-0.2935188776320755,0.8150561470656696,0.9142529673962714,-0.47359844579969884,-0.3447673728885759,-0.9169083040266794,-1.034466909786126,-0.7039100239389849,-0.37069284853254225,-0.5675360803134368,0.04615147433151632,0
COL,2024,-0.45890783285049863,0.5464917926879932,0.8641240837140128,-0.1907685911689115,0.8597426139690771,0.4488966741216682,-0.5456135871368749,-0.4451806627894234,-0.8027569960033141,-1.0202512128919476,-0.7920879131549995,-0.39898402615965034,0.09570371750520482,-0.7338575768967582,0
CZE,1990,-3.862260493520735,1.329438759711502,-0.6973334749814089,0.2888402837277937,-0.21214565841730168,-0.1365398803158955,0.14693184156142394,0.041603278881796456,0.5114683818023146,0.19414710380679664,0.6270541337265316,-0.12064926111903339,0.9482594032786701,-0.2573951418402071,0
CZE,1991,-3.862260493520735,1.329438759711502,-0.6973334749814089,0.2888402837277937,-0.21214565841730168,-0.1365398803158955,0.37483601323840016,0.1499778662840461,0.5114683818023146,-0.1236028408179275,0.6270541337265316,-0.12064926111903339,0.9482594032786701,-0.2573951418402071,0
CZE,1992,-0.9781376112349173,1.329438759711502,-0.6272176776798046,0.2888402837277937,-0.21214565841730168,-0.1365398803158955,0.4340799931244724,0.42740801794849403,0.5114683818023146,0.3582218968138298,0.6270541337265316,-0.12064926111903339,0.9482594032786701,-0.2573951418402071,0
CZE,1993,-0.8305493175696733,3.030276904220178,-0.2556039519813024,0.2888402837277937,-0.21214565841730168,-0.1365398803158955,0.43736324997163545,0.4349994313809179,0.5114683818023146,0.5245235113309183,0.6270541337265316,-0.12064926111903339,0.9482594032786701,-0.2573951418402071,0
CZE,1994,-0.09126493845231169,1.1463419003022202,-0.26941463932858817,-0.1965542638666589,0.03940016007172865,-0.054679950629960644,0.31977045814352806,0.40738597576942764,0.5544736835360395,1.0373243633413565,0.6502597539889372,-0.06795842386583535,0.9482594032786701,-0.2573951418402071,0
CZE,1995,0.7686692823581569,0.9629239900595571,-0.3123340061616913,-0.29351026552284365,0.6359978055392468,0.7952482144822337,0.44865257331015174,0.648160082851128,0.6734422075551578,1.667233520302849,0.6993771565936482,-0.07703509685418976,1.785035200687138,-0.9413771869251015,0
CZE,1996,0.23568612700465266,0.9223990169525463,-0.3612025921597791,-0.9476512783706533,0.2854452444297351,0.04884087598502402,0.36404306808224185,0.6350775819561537,0.5959775490704053,1.9726998200706918,0.8116789464075966,-0.09753821017068987,-0.36513678425795937,0.11288388021452514,1
CZE,1997,-1.0013219439427874,0.8939626663502381,-0.186550515244874,-0.8968956272081018,0.025781396440898798,0.02783386156212039,0.4523906442761592,0.7040688690189043,0.37698294495113854,1.4877687837475078,0.9262356922152727,-0.08195381395839309,-0.8143914617098603,1.6301559652137565,1
CZE,1998,-0.94869710746979,1.2615672706247067,0.19186231807075338,-0.23865213563635482,0.226503348103529,1.2414021826325787,0.5272570541232223,0.6073929300099848,0.5618346560795772,1.1859676920881708,0.8775741797686085,-0.1805929331337799,-0.6546769944823049,0.06701696736941143,1
CZE,1999,-0.48875194581046166,-0.23579476853462703,0.6692871560607674,-0.28790390804029975,0.24874744049460176,2.6897255331572087,0.5554815484861146,0.647860799562674,0.43540615080492123,1.031670616106289,0.8432589499714305,-0.24862228684560522,-0.7241333945154209,0.616400855778094,1
CZE,2000,0.19468605028496272,0.05097475755388888,0.6824604270689474,-0.6460174736587284,0.16772145926854698,2.125574866709874,0.7777590598113197,0.9705406228844071,0.46447097343799626,1.3547641892963505,0.948895963939064,-0.3311277570223306,0.533933660748285,1.0943907387635912,1
CZE,2001,-0.08921121862290123,0.20613102912889825,0.5473281631785831,-0.7277002878522003,0.13893973547201213,2.21622982763321,0.8110964157206124,0.9820277587469814,0.4602661236649822,1.3812022254993002,0.986462983418481,-0.4301751859202935,0.08088247801952447,-0.2780518642431464,0
CZE,2002,-0.45367562734151584,-0.2764453981617298,0.3671518113247639,-0.7892967969216849,0.6246297547040175,2.92209972963243,0.6509124152504063,0.7985377605787924,0.2891317927332211,1.1455299684182405,0.8147287311192436,-0.6011727805131278,-2.0141365009058134,-1.5827840214237425,0
CZE,2003,0.010389033551694007,-0.588448406143126,0.47275045150324047,-0.8916378774857282,0.47315413284968244,0.01215427018020976,0.725439784482371,0.8937576884561363,0.15898012299063705,1.001439161891924,0.7242106145694055,-0.5921869425068421,-0.35350302855118876,-1.573303907841444,0
CZE,2004,0.38309497232342454,-0.12656315707054913,0.583448422394561,-0.5404805234610447,0.13615573445660922,1.1847881026417981,1.1562062490696507,1.2878582642755654,0.203104491462188,1.0439050964776901,0.8687689537844401,-0.5748381396247909,-0.2788073074421223,-1.0562926447404868,0
CZE,2005,0.8085550661055788,-0.28446878320827446,0.504621268458515,-0.2557263400068911,-0.006854984477766638,2.8226474773934136,1.3588030439968704,1.4397246770073922,0.27402252266340466,0.9606276443096798,0.8570607606706219,-0.5289753339006489,0.06334489440046603,-0.8348842319345469,0
CZE,2006,0.8729818210534964,-0.16610299653035712,0.33761818761287604,-0.3431965115112776,-0.12711521599010883,0.9099320085166971,1.489219932850645,1.5710895165005334,0.23322013687144139,1.0833930468552662,0.9436908896864789,-0.46959394311465275,0.24706189902073666,-0.7202698811720891,0
CZE,2007,0.5784662968969909,-0.11029773516882876,-0.05014341867629871,-0.7112882579881685,-0.2442037921842197,1.8613774857470773,1.5419000536460106,1.6462149516600626,0.36533011255805464,1.3968443399062003,0.9384855499339619,-0.4074530304776471,0.5448937960446181,-1.1915310648586366,0
CZE,2008,-0.16838711013311894,0.5027015053125938,-0.24646765112079033,-0.22436208523604625,-0.3043671572921748,0.6153335424216602,1.4119748952221924,1.5088870585245344,0.29653834787492184,1.2255798008363599,0.7733943290066182,-0.3490386812422051,0.30684230687142433,-1.7869466353097145,0
CZE,2009,-2.0924318515917633,-0.4309575230291846,0.23584404546903234,-0.30811607596768303,-0.03129548028973427,0.20016583979446118,1.2219253449601106,1.2060548330980254,-0.05224801315950464,0.5141909346435484,0.5618243761946486,-0.3261312281289899,-0.9508643488583629,1.0953538206113465,0
CZE,2010,-0.1418013184665045,-0.3516820899947398,0.3673642834377989,-0.5013388638242922,-0.12762302764152797,0.9979190051160717,1.4894123591285195,1.5567031953854722,-0.15373320143224858,0.5657340267974451,0.609252835644698,-0.31599593920274743,-0.794447844978589,-0.10602792771182856,0
CZE,2011,-0.3864507323644295,-0.273955628692328,0.24646765112079053,-0.2766563499366283,-0.28342098866860305,-0.05909488331419175,1.712840532368248,1.7796192732127507,-0.13511265454413418,0.5462622325980918,0.7652922114604217,-0.28964350513239157,-0.7118744717739566,-0.8938206680961888,0
CZE,2012,-1.046713769738062,-0.03431873827812964,0.30319770530117945,-0.16231476444779736,-0.17618533907495712,0.8815678662063329,1.915219887096809,1.965978376062807,0.006355140637787415,0.4014814079637577,0.7451255344343413,-0.2753125438758794,-0.5204034708917388,0.9873846975339734,0
CZE,2013,-0.8574777309506151,-0.3577026174235038,0.2976734303622652,0.005901976686129859,0.023486072241979038,0.5191418049391431,1.9350478952779482,1.944166897191417,0.018671703348532014,0.2017428433789055,0.7515659430843155,-0.259536642183606,-0.42448184969740244,-0.12907706406016692,0
CZE,2014,-0.2636874451559681,-0.5490599741586037,0.11813449484755131,0.13196598043043184,-0.060930425291172284,0.6532376710498136,2.1756364332018054,2.191460898449233,0.12235306578289008,0.3521015679682845,0.9800489503095046,-0.2748303079011596,-0.41416203749202674,0.5093214528494168,0
CZE,2015,0.4408425441735736,-0.5551145376161948,-0.10708594496972267,0.1713441498714397,0.247161077532537,-0.37954114528350236,2.119833248657119,2.140568840940372,0.19712819721251837,0.6024260421034052,1.01548143823822,-0.27268725878040007,-0.2231519605854405,1.8112668004454702,0
CZE,2016,-0.1765390938911506,-0.4896902762212908,-0.33995538085626265,0.3940284641223326,0.640308913862339,1.2302914422506834,2.040442240829331,1.9690218732107556,0.11682673960047618,0.3096749601028544,1.0191139193598975,-0.2559300719485961,-0.3569959543698216,-0.19295398006394,0
CZE,2017,0.49661378362273684,-0.18069705793734495,-0.5649633485605016,0.32650072497291477,1.48022712028199,1.0878355509981983,2.022769057686082,1.9511192134042874,0.20324876526736765,0.3119531868335536,0.9416819596026281,-0.26027020353441754,0.0031460414821925468,-0.5808128396292842,0
CZE,2018,-0.11177699187909006,-0.23333851400748237,-0.7024328056942528,0.1721812967865569,1.1427870591800113,0.46626548059539585,1.9362730531021362,1.9254164314735542,0.1901543210907104,0.39742563483436155,0.8244030823538914,-0.2540606471498866,-0.37734963224132595,-0.8624623516362107,0
CZE,2019,0.07917650880303226,-0.11121550351957679,-0.7515138638053757,0.15579911914738784,1.2913561717908308,0.7770351024881914,1.7909799259664554,1.7569946143817685,0.20539268444102424,0.47924583662110704,0.8004015757353468,-0.2703921937084779,-0.3729255539278961,0.453675087376803,0
CZE,2020,-2.2239510606797697,-0.05640915701147039,-0.6378412833315629,0.4005103912511811,1.8735762237083051,0.4970782639417427,1.6090418658511565,1.5160461990640837,0.214809745335535,0.25636942910565635,0.6224452012882704,-0.23790723006083256,-0.03454983391947527,0.001487969793367906,1
CZE,2021,0.19945000432552606,0.062246021801634334,-0.5840858387336664,-0.2556080686347213,1.3652308623567064,0.8625919249756779,1.7253233805208412,1.7953859315265777,0.4536225821241073,0.7817463662665045,0.4677744442819806,-0.23722850296058637,-0.3342718366275762,-0.8161845801189438,0
CZE,2022,-0.10739831579482209,2.0312918387675674,-0.7071071921810264,-0.6793119164773631,0.7318203098576428,0.3698303736417794,1.8028444623323499,2.024970202699855,0.3425000056199042,1.230819377829819,0.43486624329776646,-0.28068022261108766,-0.3966786100999178,0.6850920134398019,0
CZE,2023,-0.8342682978670249,1.2550788038718332,-0.6316795920535431,0.07332684373259099,0.7975692428134227,0.5164596506470563,1.6358135953040172,1.6348316285804063,0.47914463250954437,0.7957201096694391,0.5737678128488153,-0.2923723232994662,-0.05580865461920155,-0.6446434131321437,0
CZE,2024,-0.5217384059062092,-0.18335885942573582,-0.6272176776798046,0.3852524243541921,0.7639437363039753,0.6737428195294052,1.6548009425996493,1.5924440234378496,0.48578610653398496,0.5025194427297047,0.5001346781415082,-0.2885253197869317,-0.2798932641950855,0.3549118814100667,0
DEU,1990,0.5177586180251224,-0.13769154720333676,-0.05014341867629871,0.5421961211650994,-0.297396623796912,-0.6451516258728771,-0.26794777427275424,-0.3148068779275767,0.11698358248012068,0.3389454118504096,1.1346348330527207,0.5190938281504012,0.22180500482898108,0.158372918186419,0
DEU,1991,0.4796586706377714,0.09847607842697392,-0.05014341867629871,0.46533098542517976,-0.3272071425286683,-0.6070826523033453,-0.23352699870229207,-0.260904120203959,0.09239260370823915,0.48745563422495697,1.1346348330527207,0.5190938281504012,-0.07808734747664445,0.158372918186419,0
DEU,1992,-0.32381846011957094,0.2750810652116576,0.16381599915011177,0.3884658496852602,-0.35701766126042467,-0.7300465528973502,-0.29508340931860355,-0.33183328367918025,0.06780162493635764,0.39662647798578693,0.939487153456318,0.5190938281504012,-0.2624729084371145,-0.7426997586720842,0
DEU,1993,-1.0992546589428782,0.17323892088696727,0.4510782959736537,0.31160071394534056,-0.38682817999218094,-0.6894959920292557,-0.3872443656656696,-0.462837948706248,0.043210646164476105,0.16719297832916738,0.6560802203361401,0.5190938281504012,-0.9465856406027116,0.48894829051717387,0
DEU,1994,-0.17238869304908933,-0.1382881623754806,0.6745989588866466,0.23473557820542096,-0.41663869872393733,-0.5824448639306791,-0.35694756092100716,-0.43303784297126935,0.01861966739259458,0.22871258059878205,0.5829357271298787,0.5190938281504012,-0.8370583445876922,-0.3186099297080319,0
DEU,1995,-0.45587360122266296,-0.31086259825133983,0.5537023265696379,0.1578704424655014,-0.4464492174556936,-0.5326169859247641,-0.32043293282977037,-0.40252040528756744,-0.005971311379286945,0.21723348301882603,0.5448633506527129,0.5190938281504012,0.04382563113228581,-1.3484993752554513,0
DEU,1996,-0.5771535787017509,-0.3557040495139381,0.6947838096249869,0.08100530672558176,-0.47625973618745,-0.6034939836249912,-0.28705275136994307,-0.3786291573910863,-0.03056229015116847,0.06006017453842004,0.4800897976565078,0.5190938281504012,-0.9047554319397864,0.3977774506219844,0
DEU,1997,-0.36517589143780194,-0.27008225397725494,0.9155423350685228,0.004140170985662138,-0.5060702549192062,-0.5016139860280013,-0.18619058576888314,-0.279682553207904,-0.055153268923049996,0.05149862535662568,0.501715555031402,0.5190938281504012,-0.4500490945221974,1.4692168935278118,0
DEU,1998,-0.30252872348316256,-0.44987672889693303,0.8998193987039207,-0.07272496475425748,-0.5358807736509626,-0.31087830568948666,-0.1462180870352733,-0.24042216804118358,-0.07974424769493152,0.15288058039377633,0.5274629919540869,0.5190938281504012,-0.4436780552994755,0.02919175445035903,0
DEU,1999,-0.2937120968178767,-0.5068393761806498,0.7015829172421121,-0.14959010049417706,-0.5656912923827189,0.6712129321690227,-0.13080398019623896,-0.19261788190173226,-0.10433522646681304,0.10612233040738059,0.48149387760027923,0.5190938281504012,-0.032160010766359146,-5.010426270235446,0
DEU,2000,-0.09977740551190559,-0.3573580416071344,0.5024965473281634,-0.20770427625769736,-0.6051048298480518,3.7392162647920792,0.021403600364674518,0.0009753841319424188,-0.11753277967904197,0.13790991787296822,0.5538257570854551,0.5190938281504012,-0.3739178714209105,1.4854600180408062,0
DEU,2001,-0.421823102737253,-0.2623028851691139,0.47190056305109973,0.018140484955681786,-0.6169399118552512,0.3229549838955586,0.05808232770972924,-0.023842782450319355,-0.10467658730066398,-0.04751481079307848,0.5273730794201638,0.5190938281504012,-0.38365976876193486,0.20159867654830274,0
DEU,2002,-0.9058848270230422,-0.3607613218952219,0.6225432911930311,0.3884318753698108,-0.5949173075235888,0.16203512649907315,0.08434981172994889,-0.11313532733113373,-0.14535562973899688,-0.4514530884510789,0.44574174994816373,0.5053682137755149,-0.31921797375058236,-0.6781471657161059,0
DEU,2003,-0.9841764612567281,-0.428361668230454,0.8981196217996392,0.3103031852467566,-0.6387844083471561,0.21184779129353273,0.0875765351574743,-0.088869727102116,-0.237812360969961,-0.5403667760055181,0.4559975882811768,0.4841644945899466,-0.12095094140255432,-1.8423999197078815,0
DEU,2004,-0.5449040569546544,-0.31793127985343,1.099543184956975,0.8254658543999898,-0.6838752208815744,-0.9473982247597331,0.19878397161380923,-0.025169923515398884,-0.016274843888911067,-0.6262060935514503,0.48766528931004666,0.43969252540732057,-0.07493050173543365,-1.073911716444938,0
DEU,2005,-0.6167193377650168,-0.3387098613790102,1.1985551896313613,0.8481107979842124,-0.6969086276214752,0.031672808732049765,0.2829154661430711,0.07239024408980796,-0.02922449534442938,-0.6703997384574201,0.48495369764196666,0.4234530634338051,-0.43968901802529436,-0.12696078809784117,0
DEU,2006,0.15730201737515306,-0.33337377990374767,1.0039307340911507,1.0410903464339316,-0.7098748473366165,0.313945860176422,0.40867054127620284,0.20655295766485907,0.17503709687003025,-0.4906911062359624,0.5611601724412826,0.3798621986983255,-0.06057024606083981,-0.2213026600384745,0
DEU,2007,-0.0965074947123235,-0.20730989243864212,0.6756613194518222,1.2105470981212973,-0.7041678887771285,-0.18238616205156796,0.47818565374180927,0.22854442839986855,0.3422989810301372,-0.3531915874606123,0.586725258404962,0.3179944955970925,-0.4382154019824519,-1.0026273398901613,0
DEU,2008,-0.6160917914808031,-0.1495978898938785,0.41559545309678125,1.0208459923998001,-0.7193800294346399,-0.4098150804145063,0.4911963480496879,0.2726558538127734,0.25384132625481853,-0.3378260849200718,0.4835009236470674,0.3167603096782277,-0.19931390121559628,-0.8389151392446553,1
DEU,2009,-2.2861789286247363,-0.5545244598926015,0.49463507914586236,1.0641212930381614,-0.5484478056732617,-0.12237134212355302,0.26212652263023833,0.05722528621671629,0.010715946624464314,-0.7831167318178083,0.15971801374984637,0.3353810642457572,-0.8803806499323563,0.44466105726524363,1
DEU,2010,0.22687245168930864,-0.4161930678023283,0.31679592053542993,1.051748891690032,-0.5131217175177859,0.1771359375219473,0.4305961345273116,0.2354142917877314,0.14365890612526747,-0.547411263297158,0.43923451433815197,0.20649612297633893,-0.18986730154171125,0.41983163800050427,1
DEU,2011,0.12907623371411078,-0.24633491561923132,0.08817592690959315,1.1379830810090594,-0.5454343402967979,0.20152909976016822,0.5201619494679693,0.3508069953780605,0.3511427868091284,-0.27903929657204457,0.53226333204171,0.1615161388775722,0.06230444244240262,-0.623390323256711,1
DEU,2012,-0.7262781149539395,-0.25799567019260516,-0.0382449803463295,1.2969212994746302,-0.48041989090076015,-0.055683145828875104,0.5636029519319508,0.34391522243750067,0.2705924901170313,-0.5564689673876175,0.522146284712439,0.14799883882840284,-0.1958345544726589,0.7475524847238607,1
DEU,2013,-0.743548074945632,-0.34608707605878536,-0.05014341867629871,1.2176941924497613,-0.591142375852447,-0.07484979724122658,0.5216901707597238,0.3083127367939883,0.2579872023617383,-0.5076297040986106,0.48370831901845246,0.12875353288456817,-0.15317672244912126,-0.4668072000621336,0
DEU,2014,-0.2805704782222993,-0.45064451020548213,-0.12174652076914899,1.3267637044895515,-0.6086052762860008,-0.5417470035764212,0.5222481625491672,0.272193765906722,0.35194483222020195,-0.4533490163164705,0.5305686250921395,0.09179923420519281,-0.22626114350735693,-0.12839479063990417,0
DEU,2015,-0.4148482017968866,-0.5192562622741076,-0.19972378625305426,1.4813307676560468,-0.593937151342552,-0.054712949910269405,0.5594260216320036,0.2729872546510546,0.37300539604394073,-0.5525528911746463,0.5342789556791774,0.07633486907998306,1.2651596144439354,1.9401934647740646,0
DEU,2016,-0.26965644959023555,-0.5232220680896551,-0.3076596196749177,1.6192943004385734,-0.5725200187158085,-0.11758354761700225,0.5198247998358049,0.23447939551928312,0.4651789929625566,-0.5193984911013861,0.5710865595047343,0.06876167696402724,0.04426972863405717,-0.1007052896291668,0
DEU,2017,-0.12018892921281091,-0.3452526950133465,-0.3762881121852757,1.4782519338328326,-0.5721833907247393,0.3205059309434871,0.5434813970719725,0.2768680661078593,0.46534310335296614,-0.36808980086908,0.5282186566818906,0.0696610628114971,0.17869210035605126,-0.33639489708534737,0
DEU,2018,-0.5517560164937629,-0.30631461918424896,-0.46063954106023597,1.5397081135868185,-0.6150099220291093,0.7115307905964703,0.5557360357770277,0.34306250434211655,0.586226841586708,-0.2197697582253868,0.4897826672483094,0.07681184989610569,-0.01875435072712734,-0.579751332780268,0
DEU,2019,-0.5927682180859967,-0.3564152728993016,-0.5075958780410073,1.4433138391327232,-0.5568461350687833,-0.025415132873093157,0.5492051386173292,0.348095839445778,0.5197934935189621,-0.26137303699643866,0.4234126258623297,0.09401771349354972,-0.1958345544726589,0.4493616971148374,0
DEU,2020,-1.9194089535709726,-0.5838776357935602,-0.3550409008817594,1.1818410848880436,-0.423492899094816,0.8819166777606964,0.4149391983986966,0.20770628005805877,0.4084460252136871,-0.20760805431346854,0.3187716008433612,0.16866982402061592,-0.24112178516035682,-0.3335654702713568,1
DEU,2021,0.16854873787777713,-0.07295647371428272,-0.41602039732285145,1.279835279797893,-0.47920416744677347,0.3348836419221629,0.556692718280738,0.3801577792665227,0.5419957204260353,-0.06166304806685463,0.3248099219251134,0.15454653819282585,0.062304442442402456,-0.48412991905554825,0
DEU,2022,-0.376876123897491,0.5925669323040688,-0.5131201529799215,0.7992670896565734,-0.5383053350269541,-0.0546093271814151,0.6862945438607067,0.6570467594933878,0.31954616764518684,0.03155356989707692,0.2912425646799219,0.1337920630431177,0.13474668939430387,1.1635121787328466,0
DEU,2023,-1.0724122247008676,0.43061704608203266,-0.5271433124402423,1.0372149151668204,-0.5178985888251946,0.004980642222427329,0.5753466645287245,0.45689061177955864,0.3738080420751141,-0.16660031118544055,0.37400539296620455,0.08491931537608939,0.18355316711074326,-0.3985138905871021,0
DEU,2024,-0.9753620036355625,-0.21462730624443194,-0.4572399872516733,1.1040923563045244,-0.43431354652154486,-0.22551653904569566,0.5114246221692801,0.3925158266568492,0.32815786346400977,-0.24310352325498535,0.24908162482727209,0.08491931537608939,-0.22626114350735693,-0.13612987675892935,0
EGY,1990,0.6247339809666308,2.320906382655234,0.8133432486986089,1.0219755696275739,-0.29810330037155885,-0.0950173001092567,-0.36740387572399363,0.14779134965968146,0.7362543280972047,0.9032410967074577,0.11101493944485638,-0.5758951893865278,1.7311321700107059,10.59657350212744,1
EGY,1991,-0.5544280312448242,2.8441348451647386,0.8133432486986089,1.6378901647263258,0.2324357627059532,-0.4577061071668992,-0.07090155411131652,0.282922475466233,1.0265202221084146,0.1022544126010946,-0.017070232441574306,-0.6201861689376378,0.847874626297569,10.59657350212744,0
EGY,1992,0.3146863649280248,1.7755083495722586,0.7156060767024331,1.4326606859629891,1.1284633756989206,-0.310000527151182,-0.032121057769088183,0.06820922424820684,1.0755331404152646,-0.5549360788245868,-0.07005124664987242,-0.6174801790883674,0.8562767932659715,0.4873972901747219,0
EGY,1993,-0.0934766820830627,1.5048803366672274,1.1405503027727615,1.0278951329453725,1.4329060082389786,-0.3234342576018853,-0.13881912280131234,0.02863998889852422,0.7309665037468245,-0.49882078953764936,-0.054972623498209715,-0.5983775353903057,0.27512721102855336,-0.028439961152633295,0
EGY,1994,0.18495042467921557,0.8166849952437372,1.1426750239031132,0.10503114779103531,1.4596555666541426,0.1555345439049635,-0.27499299351618844,-0.06913124492512021,0.04208429661485559,-0.37773750744819057,-0.017155159646623615,-0.5455168899680881,0.08380050100296446,-0.023565052449990267,0
EGY,1995,0.3587202539276724,2.1435671627447808,1.166046956336981,0.02250002116603993,1.7109151180011053,-0.34608528578684794,-0.27592726423903347,-0.08649504953653453,-0.10853362847291438,-0.4521786938939411,0.02581232279445891,-0.4838122817374112,-0.0401711411042252,-0.1035069428289735,0
EGY,1996,0.44862432642443645,0.6475673774728772,0.7326038457452463,0.046185696341556344,1.7959234957232912,-0.3649433493360466,-0.3509407728543301,-0.15850105606360493,-0.42097641754117227,-0.763354114030968,0.05241744683993699,-0.4352605968503589,0.04817733897574436,-0.12761640106006078,0
EGY,1997,0.5793824925649875,0.19964878911011164,0.5987464145330926,-0.06031696905247482,1.6528629954675247,-0.29636753535459404,-0.43049346588261705,-0.22112471925949553,-0.5117926496939698,-0.8516716221906492,0.022774267015488847,-0.39490215845246895,0.042163849333179335,-0.1338141280818749,0
EGY,1998,0.6009692030623214,0.06796947813386674,0.5265058961011368,-0.4232020279279978,1.5702564641593082,-0.24956443123216396,-0.5400318468378785,-0.18184845746483672,-0.402405844129558,-0.24253171960229916,0.11157372830736466,-0.3072488147154775,0.042581967815246896,-0.12769589009139445,0
EGY,1999,0.72505921650868,-0.0707125143413603,0.5095081270583239,-0.21381924880917322,1.034774530657184,-0.28264366954767584,-0.5884910881963924,-0.2974485790097299,-0.40815209803938357,-0.2246208240083711,0.24196295366818607,-0.2376666809113125,-0.4382682197768729,-0.10298488543998532,0
EGY,2000,0.8072503951610971,-0.13990585452019333,0.7283544034845431,-0.07174641158011905,0.7553595819436869,-0.26062311491245616,-0.5405829337368833,-0.32114157966397744,-0.525489616389125,-0.5440081430837298,0.24791245513611906,-0.23828679850977283,0.11828304796974382,0.11134430183158996,0
EGY,2001,0.07125127038790151,-0.21230874879723433,0.7878465951343889,0.02600958760428145,0.8879971101614584,-0.5102231850761098,-0.4872728066070908,-0.34452227521429124,-0.43360784449439066,-0.7438559148811328,0.2077815676311641,-0.20024508734251026,0.27195232214130155,1.3845656851089065,0
EGY,2002,-0.22604257744844025,-0.13056221153984635,0.9472006799107621,0.21997932653067206,1.0864898224304351,-0.42848956594163234,-0.4524021640886376,-0.32815940071009886,-0.4517447326281921,-0.7841926387708746,0.31465781910543655,-0.20376766069523036,0.21694507869572613,1.2619193730207818,0
EGY,2003,-0.017491053307508768,0.17904444289478189,1.13842558164241,0.8932039941242549,1.161760317078452,-0.5917219745783733,-0.3073050541596386,-0.24581174600056735,-0.43025893278370736,-0.9562987244768427,0.15502518842384874,-0.21344803238566662,1.0304104392592939,3.0172615082952854,0
EGY,2004,0.2158208079626875,1.3616349362788585,1.013067034951663,0.9472441136925396,0.6825263348020473,-0.1361633069322238,-0.0390784220546714,0.004582098120963125,-0.20975975713642778,-0.9482984057483075,0.14607747640880292,-0.21159203272769034,0.5563561745458776,0.4923698373803295,0
EGY,2005,0.31439694707116195,0.2422795486449881,1.1679592053542975,0.496424289627002,0.8558416154036167,1.4131448197319412,0.04904084996627528,0.1497750706827164,-0.14479524964570578,-0.7878432207742951,0.07548728637081581,-0.24835138548524652,0.10963362371272044,-0.8303739819731002,0
EGY,2006,0.9302741004959932,0.727555009273512,1.049187294167641,0.5149061723653021,0.8647912358797039,2.592551682931121,0.0326253975990887,0.09974273319456639,-0.04291565236782535,-0.671134154287734,-0.02245174370036205,-0.2722972416048698,0.44000466003714994,-0.2080809285939461,0
EGY,2007,0.9936221009933801,1.020357891825638,0.6901094231382136,0.14883926679019324,0.7610753735961664,2.4264484309914174,0.04512951341435554,0.25649015109681383,0.00885627785593186,-0.34331398986450196,-0.103763646134044,-0.3205319523640606,0.8267465369309196,-0.30378221303314834,0
EGY,2008,1.011395670585788,2.593777066321786,0.6299798151492618,-0.05397993287830059,0.5157153614521499,1.3554228748163846,0.161585690239006,0.4396908477693168,0.014959310249654922,-0.10546536971657992,-0.08336430580044514,-0.35525023757732915,0.014977258102659924,-0.5022387062936857,0
EGY,2009,0.36680553624604606,1.447822150850625,0.7510889195793055,-0.20842949786316284,0.8631561486693334,0.5523757075262182,-0.1755415693429713,0.10108445362143194,-0.5920683834583553,-0.6001116739816517,-0.04806525313593588,-0.44090299788964366,-0.08004064064500237,0.09048308792401163,0
EGY,2010,0.48977749480209853,1.3606852280100805,0.6809731222777013,-0.2573962103208574,0.6986436662480408,0.329957464842659,-0.32594803046976895,-0.13982628202061737,-0.4926924075322433,-0.552046532286502,-0.005763626100088264,-0.47948835964424924,0.19702000220572125,0.02069295498760998,0
EGY,2011,-0.38847819288869595,1.150800307441433,1.3379368957824291,-0.30313683677839764,-0.15661650235074032,-0.7676723947155188,-0.358543462818126,-0.23114541087253615,-0.5894844316498024,-0.9227773527562398,-0.050602423691281415,-0.5039824814603928,-0.3441023264304667,0.45333670617471783,0
EGY,2012,-0.26862371852153144,0.6343869904389626,1.4968660363327317,-0.3329493817218639,-0.35629675032424973,-0.34316151075869866,-0.5324176177162693,-0.24910262811091746,-0.9465702585284617,-1.0891726068987766,0.002694057594003391,-0.5520985828238427,0.19032291629257617,0.09199547830997847,0
EGY,2013,-0.2791996002428171,1.046719054990814,1.6152130032933183,-0.11499663987844763,-0.29564450338022247,-0.1844932667983971,-0.5065320352179186,-0.29525085863438544,-0.874534836058057,-1.3697310235474758,0.061961425361455595,-0.56699417831796,0.8057235767347057,1.2817347915644024,0
EGY,2014,-0.08955072916078544,1.1517252572427612,1.6048018697545954,-0.23886882206418736,-0.42533714688385926,-0.16486039469976538,-0.6221732576213682,-0.3279109203685976,-1.035450081852374,-1.4576674836205996,0.0841845361846576,-0.5748604011631806,0.5118836578683204,0.1903681552702247,0
EGY,2015,0.28850480346404805,1.2042330877422929,1.5935408477637316,-0.8017196330781897,-0.3289356923936014,0.043838617753717606,-0.6663785207904726,-0.37667281010655973,-1.2405019031946767,-1.3578826476206391,0.07388075471966607,-0.5657939275152639,0.7788489034958815,0.7819954211045347,0
EGY,2016,0.28191641887787783,1.8063165777453745,1.4656326357165625,-0.9608700533189855,-0.006366891175231681,0.16201721129315624,-0.7847158448103781,-0.461360949636847,-1.2300701646668404,-1.2416873580368888,0.09313425181834065,-0.46591422986779857,2.744863740017877,3.050637077111021,1
EGY,2017,0.23896705705877702,4.550487228343675,1.3205141825135456,-0.4526391643332039,0.45373735105895885,0.3535237618302949,-0.5900724087373599,-0.08062948202941195,-0.8403056614799078,-0.6706200234503882,0.05997372333486049,-0.5561689672921757,0.9524188934959663,7.972145481400599,0
EGY,2018,0.5375174503031883,1.9091131586056769,0.9142675023903117,-0.4072297648522004,0.487358286988818,0.3948130167968999,-0.4662239567567316,-0.07542047541251934,-0.4883707830450711,-0.3783020697392258,0.027505676884392618,-0.591613346584249,0.28012409803684596,-0.13435052129971575,0
EGY,2019,0.5948926180430023,0.9913005219884026,0.4884733878678426,-0.4544834414808608,0.48282566607294136,0.2987625333243108,-0.5221170325699573,-0.24115887610948228,-0.5085789472619031,-0.3738003179287106,-0.021014950002821574,-0.6100927696907366,0.27790181880220866,-0.7124631286600014,0
EGY,2020,0.0751231632672921,0.27297479211634246,0.5146074577711678,-0.5403554300543792,0.4140961106067178,-0.15945094038879334,-0.6960243208822295,-0.47326843600390905,-0.6424704606678294,-0.6576399824327349,0.03146216104589586,-0.5725252404877569,0.8823799935462342,-0.7565280900906846,1
EGY,2021,0.007743145839962399,0.30254750055479623,0.40135982152342525,-0.6556660529163141,0.11803154127625949,-0.2714632902660751,-0.7757234890821934,-0.4904683545110583,-0.8556151956941767,-0.7512984739047597,-0.08832669395975513,-0.5413382746083437,0.7533564351282315,-0.20151339984567276,0
EGY,2022,0.8638096168039983,1.8206651561079785,0.21119728035695337,-0.2836665797699118,-0.14608422470441063,0.14535101145156729,-0.587031448180466,-0.3654204952602143,-0.7038031957503631,-0.4971893924662821,-0.02339243324195483,-0.5079161255301312,1.5812750797942854,2.226572210455771,0
EGY,2023,0.12967642484085526,5.316079418133673,0.25517900775523233,-0.44862721059950833,-0.009246413686623043,0.17851431280418986,-0.41946924772692784,-0.39195542718645343,-0.775456260667008,-1.0174414835088426,-0.1447135140765305,-0.5282176549359595,0.9028153779305933,6.137272698186868,0
EGY,2024,-0.22371489237573536,4.33434977116813,0.26877722298948287,-0.8788951569159985,0.15740352911891678,3.515298689823212,-0.5332816563480043,-0.301535460993571,-1.2703081641295595,-1.557608120163279,-0.30133887014138877,-0.5497891694840973,1.9517650494064132,4.888467012075415,0
ESP,1990,0.13515809354044372,0.5662050503408994,2.204823116965899,-0.48038958560597006,0.5532873459605797,0.22162574158437995,-0.5592681276552939,-0.46141497799638254,-0.14766562929838475,0.5820278759496975,0.01891597325881914,0.3108545986941977,-1.0553491365511725,0.07766292260468005,0
ESP,1991,-0.18559245300012125,0.4284796195184045,2.204823116965899,-0.49301705424210424,0.7641745247900659,0.06616349162370562,-0.5577678131654251,-0.46950536472551,-0.20198978274299667,0.4553837760903982,0.01891597325881914,0.3108545986941977,-0.9277943444343635,0.07766292260468005,0
ESP,1992,-0.6053654756024333,0.4267865363954403,2.5804738128120692,-0.49018765535888625,0.1326998634611751,0.044936388017314234,-0.539940671538558,-0.4660177035628212,-0.3678691491969668,0.15374354643143973,0.01891597325881914,0.3108545986941977,-0.6626284858296696,-0.2797235551486539,0
ESP,1993,-1.1144325631882845,0.18976291240104526,3.5278869648358664,-0.09461504326917344,0.2926093794227969,0.02881633024695942,-0.4763997497257892,-0.4924518651694999,-0.38172418534803,-0.24859545819561327,0.01891597325881914,0.3108545986941977,0.10542373080551204,2.418023664222049,0
ESP,1994,-0.22786226354828887,0.2158777332911404,3.9640922128970586,-0.11156958980153092,0.17121634982982464,-0.113721039967267,-0.36771309045459144,-0.3917591550949018,-0.4250187613556222,-0.21953673370574292,0.01891597325881914,0.3108545986941977,0.18270646622397216,0.42539590595459603,0
ESP,1995,-0.1306814612952191,0.20807690279170393,3.638159991501117,0.03996122308849344,-0.1915409160237364,-0.22143018101852388,-0.30439665401231675,-0.3140413522325068,-0.19155246536251988,-0.08543699735625432,0.01891597325881914,0.3108545986941977,-0.5498952170961959,-0.8495072849990415,0
ESP,1996,-0.1696481287439996,0.013108827884747211,3.5249123552533743,0.0352369469290782,0.16360298549222652,-0.15893477385279473,-0.2540773890534943,-0.3015286947592951,-0.22004499339404593,-0.12923229074028977,0.030324054953662267,0.3108545986941977,-0.3843317642829367,0.04018206621490408,0
ESP,1997,0.08476465714384217,-0.26453825824237803,3.2181026240305974,0.07071071908010641,0.31362718477810625,-0.13306981569918408,-0.14388669779254126,-0.19157392490786765,-0.12391050519550476,-0.07011086045877343,0.07200087174967904,0.3108545986941977,0.32180058465172856,1.5066196541339334,0
ESP,1998,0.27031958763762753,-0.28845011070134274,2.7878465951343894,-0.10589660464197123,0.0037096618116531474,0.19763312774474953,-0.12580089006206485,-0.1401470010453831,-0.06590253230773288,0.1333191934103466,0.05802757568435971,0.3108545986941977,-0.31882807070108865,0.0877459691429875,0
ESP,1999,0.29807139034960733,-0.20521077917100475,2.1083607776479343,-0.45615800362746944,-0.42492738006816605,0.40247502530423956,-0.11579931113162398,-0.05710862165273626,-0.10035817877189877,0.382710397701937,0.023428467107182285,0.3108545986941977,0.06543891667906904,-10.524979422150174,0
ESP,2000,0.5036436334396122,-0.00880710583812913,1.749282906618507,-0.6346233123595817,-0.4844796768012799,1.699205511702286,-0.024112650625894048,0.09801045467746304,-0.0914171330080339,0.5566254462997327,0.016299508568172007,0.3108545986941977,-0.5985036342162925,1.4854600180408062,0
ESP,2001,0.17090852024872094,0.018527666230003757,1.0190162541166479,-0.6465655879080403,-0.5184309860115528,0.9300151735775649,-0.05380032070089107,0.030892304201474215,-0.11558464722072825,0.5272673350455607,-0.04222949740831935,0.3108545986941977,0.24637970976078266,0.20159867654830274,0
ESP,2002,-0.13121056695994177,-0.07313305461763549,1.1885690003187088,-0.5276065301747501,-0.469744000127027,1.2548773076914295,-0.10852423726219758,-0.04601258362043601,-0.03594526201555199,0.5617703049979682,-0.12786043976985242,0.36647011742235175,0.6244776424196564,-0.6781471657161059,0
ESP,2003,-0.08348106998399205,-0.0778139458408808,1.2176776798045261,-0.5570564439724361,-0.7053836440887342,0.5054298612941971,-0.148076258414623,-0.08052606457455809,0.023272748731494448,0.688989862568352,-0.20655423146625881,0.45910167218670667,-0.44687233988989433,-1.8423999197078815,0
ESP,2004,-0.03798224671932055,-0.07775092121470342,1.1766705619887394,-0.8340354814965464,-0.8157965921228744,0.14736880909867653,-0.15755420669058937,-0.019399930931118504,-0.05061955073905313,0.8086916530291285,-0.2847213373435838,0.5789842684534936,0.02244110719993807,-1.073911716444938,0
ESP,2005,0.07539856937207239,-0.02012119704828255,0.7636247742483804,-1.1404908419670925,-0.8521441195288413,0.1658358383873988,-0.17621877703216665,0.012692260653728771,-0.11244705430887214,0.9789484553254836,-0.35370895157799115,0.8337520072464562,-0.22012419264914884,-0.12696078809784117,0
ESP,2006,0.20319311090015005,0.0055424118069003925,0.6161691278019763,-1.411103084473383,-0.8581191801316636,0.29260492300757296,-0.16609149623121153,0.06760459037959374,-0.14911855278888464,1.1614063626283835,-0.41128349544209064,1.0983062260865326,-0.25736833975679135,-0.2213026600384745,0
ESP,2007,0.07079643185804992,-0.12189604942610839,0.56942526293424,-1.5094156253053048,-0.8828310567293972,0.9785323215547548,-0.1352557945576497,0.10624116581540721,-0.2097686578578847,1.1420301697757818,-0.4735209274047804,1.2395408432714117,-0.34237256430212293,-1.0026273398901613,0
ESP,2008,-0.6474391627949097,0.10342666477085904,1.2115159885265063,-1.4150200542773783,-0.882487703912986,0.8381345383499326,-0.1509022534762216,0.037782808524995055,-0.33642355104913424,0.8359347715779042,-0.5018331205704494,1.2792332868708747,-0.3802850888688444,-0.8389151392446553,1
ESP,2009,-1.8249587941296532,-0.6595405303166731,2.6144693508976955,-0.5799852998330186,-0.7951934423304415,-0.5179888857642856,-0.2577339355416202,-0.27139303463321607,-0.3643898054905751,0.04329180152252925,-0.644656386115257,1.3129499693053945,-0.5006700663021306,0.44466105726524363,1
ESP,2010,-0.8221843981715351,-0.2944769370456236,3.0400509933071294,-0.5178029809653854,-0.7778783649503958,0.19026045193820557,-0.13922835005611217,-0.12643534050503846,-0.41343763500087505,-0.1040562076152289,-0.6732506781960198,1.2866695558943761,-0.5413717701232745,0.41983163800050427,1
ESP,2011,-1.0127672057092443,-0.05032266965255153,3.365133326250931,-0.34860294069541975,-0.7162633064050141,-0.08391413066239213,0.009219448748836677,-0.017853685521884405,-0.4786685578642039,-0.3645946931258488,-0.6615717632944759,1.2317630919253806,-0.33285240107456876,-0.623390323256711,1
ESP,2012,-1.590503889672722,-0.18146754515049576,4.087326038457454,0.11636599212797774,-0.6517355237853553,-0.18699668316292392,0.0889061366233216,-0.011559316873317724,-0.4215442083620492,-0.6922070172070462,-0.713707865304702,1.1092168991906015,-0.20940967866020815,0.7475524847238607,1
ESP,2013,-1.217203758190905,-0.3628990684260328,4.364602145968344,0.45063653844602025,-0.685750983457842,0.521599999676155,0.14959779938907822,-0.0279573833164233,-0.3541494017040683,-0.8749626653954156,-0.7064287075694536,0.9600737419142081,0.2437699414174945,-0.4668072000621336,0
ESP,2014,-0.4518513204228817,-0.6356366711060222,4.0133857431212165,0.39207640822394774,-0.6705134753972292,0.1190553505736528,0.16893792738363073,0.03295448627060721,-0.31699126890330626,-0.7612075900298823,-0.6888589352448063,0.7505589516678339,-0.16539919471483358,-0.12839479063990417,0
ESP,2015,0.20771894594648138,-0.6967087325718598,3.506852225645385,0.4436255514078652,-0.5992275867184941,-0.0023324873448579424,0.17224596684065133,0.03792869214692622,-0.1825978630292546,-0.5717789727035382,-0.6866894469438678,0.6082203151943946,-0.17659747364868436,1.9401934647740646,0
ESP,2016,-0.08974698540138842,-0.6446393197397696,2.992244767874218,0.6356117135551779,-0.5379301535549257,0.5766014079940385,0.18385080582000418,0.005625688241557419,-0.11155526276503679,-0.6200645460157129,-0.6948519807834699,0.5147716356809993,-0.7400407341903246,-0.1007052896291668,0
ESP,2017,-0.09470961344226901,-0.26716083065853474,2.479974503346437,0.5791842148016896,-0.5463595165473958,0.1978348038333306,0.23902419988323576,0.08523515801951458,-0.09772261570288594,-0.5420610656480855,-0.6732021111270701,0.44138214164372414,-0.6106500605830132,-0.33639489708534737,0
ESP,2018,-0.2246906044684013,-0.31631474934031795,2.0616169127801984,0.4135637184295114,-0.583386865077346,0.8756731345055038,0.23795767201063092,0.12695594003715668,-0.07814803019114762,-0.36573997506550604,-0.7168164099465124,0.3605544275898804,-0.5886680018169282,-0.579751332780268,0
ESP,2019,-0.337432364647754,-0.48688983672150316,1.8170615106767243,0.4578072550091275,-0.5465163562803189,0.06421938048060617,0.22965053061309137,0.1056068736472566,-0.037618766011381685,-0.33441105957657197,-0.7291141767389141,0.3041118499571067,-0.8178571843938676,0.4493616971148374,0
ESP,2020,-3.687040570373738,-0.665650332614246,2.120471688090939,0.2351005156448423,-0.411815505891062,0.3319424231287701,0.05477255804806722,-0.025466889832645483,-0.182012571276199,-0.37803482505786923,-0.708174449953513,0.47224022600619303,-0.8592728130500953,-0.3335654702713568,1
ESP,2021,0.8885524115280738,-0.06832804434640129,1.9891639222352073,0.22580604525695153,-0.47032906325882473,0.8599305718853397,0.19135747588440685,0.15739287493027956,-0.07292801420653063,-0.18519074227169885,-0.6542635397151443,0.35539003931836444,-0.06999493991620187,-0.48412991905554825,0
ESP,2022,0.8073317363831785,0.858013681546429,1.5895038776160635,0.15977600272005835,-0.5410548566295843,0.9420134345646013,0.4379479004327185,0.44721312328876156,-0.031152962551518927,-0.059103204226407115,-0.6847867181874523,0.22364031835928447,-0.1428680567620515,1.1635121787328466,0
ESP,2023,-0.2076983831063031,0.008477634697968136,1.4080526930840334,0.5627247234694375,-0.5194864281667907,0.32425893016134905,0.36060810394436027,0.2157500639780172,0.03527125111524858,-0.3016200901546531,-0.6950871998718413,0.09892307986631109,-0.2508318413718427,-0.3985138905871021,0
ESP,2024,0.0504810582713492,-0.12882940666322848,1.2425369170296405,0.6399245828065208,-0.5223302798286686,0.17622897451884814,0.3288902773259415,0.16349448265050043,0.08013439198142873,-0.29353557217634024,-0.7093497599410589,0.04615683493513921,-0.2422195469863732,-0.13612987675892935,0
FRA,1990,-0.1119532133898074,-0.05064066466349816,0.7610751088919584,-0.0406018051660007,-0.38066388225474135,-0.3270140136526536,-0.29928796211405595,-0.3316846209129097,0.010586441125479828,0.20789759090624158,-0.015963536905618067,0.08664266155447296,-0.10049488201268009,0.25293223833840456,0
FRA,1991,-0.5255416552304426,-0.047296539383591935,0.7610751088919584,0.0061399230804631885,-0.4738371040060342,-0.27237368934227835,-0.2815452693566274,-0.33448130089476535,-0.02259896712821488,0.07868890155066093,-0.054219391975980566,0.08664266155447296,-0.3275154612421528,0.25293223833840456,0
FRA,1992,-0.4530001558242789,-0.1958707862877136,0.9882077977265487,0.14278027247172953,-0.5649890328241511,-0.14294069683274185,-0.28024719324487923,-0.3836049191503446,-0.08143190805868847,-0.19575489652227032,-0.09820753725743395,0.08664266155447296,-0.1649679215716616,-0.771428431909575,0
FRA,1993,-0.9398299736086041,-0.2412131055273932,1.2255391479868274,0.21192656705589732,-0.534679970031361,-0.14032843825864053,-0.3064752950135698,-0.460965557583148,-0.19330460435569494,-0.5839004740803234,-0.17075501235682694,0.08664266155447296,-0.22991925874860178,0.604913988131923,0
FRA,1994,-0.22774140840078483,-0.31971869546274595,1.4960161478805913,0.18643258044341673,-0.453795196000111,-0.29477288369967014,-0.26752666523910884,-0.40847322912984013,-0.1841777513962798,-0.47062995442320676,-0.22168968732152972,0.08664266155447296,-0.2874397120061593,-0.3308432675598767,0
FRA,1995,-0.24821827506312483,-0.2950685356579294,1.3347498140869016,0.21117255193356815,-0.5259800865865693,-0.1723474612295162,-0.22837208946344825,-0.37282992377601465,-0.13273677615751564,-0.44598843773161234,-0.19277954782653892,0.08664266155447296,-0.13786521078749073,-1.1820120218347285,0
FRA,1996,-0.4838917811281934,-0.26247314551069917,1.4479974503346444,0.3150125208954734,-0.5335530362114278,-0.21236424568310308,-0.2103050248773021,-0.3609289127361146,-0.14907364510255225,-0.5951938044717265,-0.24925674882185048,0.08664266155447296,-0.45190973611863183,0.1346871732646591,0
FRA,1997,-0.19050963339574484,-0.3986832990718479,1.490279400828642,0.5414231318517341,-0.5390695507979446,-0.13639461133789513,-0.10577016755348982,-0.3040064257261175,-0.06252090102380446,-0.6458830658430854,-0.21652923508992217,0.08664266155447296,1.0116966887972898,1.349987010504883,0
FRA,1998,0.049790505125318324,-0.4953519685742702,1.385743121215341,0.5260729082964116,-0.4302878884413381,-0.0021054946151180644,-0.07981941855572952,-0.25613044168628313,0.022315351012470952,-0.45532504221825576,-0.21920838644675275,0.08664266155447296,-0.3993889781424693,-0.012734765033511486,0
FRA,1999,0.03595555984081874,-0.5152840960043666,1.3659832147030708,0.6786190863887972,-0.49223434464895544,0.3917582292265708,-0.08172847828881594,-0.24194282811395418,0.07456901174393984,-0.36190254445759185,-0.24532268824788991,0.08664266155447296,0.2979029058311864,-8.926258854317771,0
FRA,2000,0.22852429222684642,-0.3161436398283367,0.9913948794220763,0.29770101871796834,-0.5416557517331301,0.37397919877863245,0.024630370456490566,-0.07053283652666256,0.02279387242091633,-0.18768854653581152,-0.23518295278975204,0.08664266155447296,1.1992594784958759,1.4854600180408062,0
FRA,2001,-0.35345479262628066,-0.32334445797694206,0.6497397216615322,0.35679109822365773,-0.5748093173636895,0.5912947386894499,0.010978568866603785,-0.09772175594554404,0.029539783228635662,-0.24075096780972194,-0.2964955640002142,0.08664266155447296,-0.5172362014407462,0.20159867654830274,0
FRA,2002,-0.5693970777563595,-0.2728726579017799,0.6692871560607674,0.2973353923569462,-0.5729154164602132,0.5192363175509095,-0.018201616643511224,-0.1487365644655806,-0.0790657023681157,-0.3666652928059803,-0.359369241157109,0.07565697726888564,-0.5883518224193576,-0.6781471657161059,0
FRA,2003,-0.5953405497596969,-0.2422606535374583,0.5851481992988421,0.24396817159571507,-0.5892655665598525,0.11603126322875473,-0.08464730907209876,-0.1939373261150419,-0.1257813447163567,-0.3743293197772698,-0.42193370082918874,0.06841115957609718,-0.155142701483559,-1.8423999197078815,0
FRA,2004,-0.10192525706611245,-0.2346334488563604,0.7143312440242221,0.16920339108929253,-0.6219625005781901,-0.10206610011737746,-0.06792320672775909,-0.15788157485361687,-0.09153629222914014,-0.2639842848233856,-0.47881182761701796,0.08135426107759508,-0.3752923289718431,-1.073911716444938,0
FRA,2005,-0.35628511166507404,-0.3039188576176461,0.7075321364070968,0.09368752194903035,-0.6727031882685607,0.6703425459988832,-0.04184693987646188,-0.08826472746721069,-0.09103210825196878,-0.17942116698389593,-0.5352784942747096,0.1241488710822992,-0.4903594115552256,-0.12696078809784117,0
FRA,2006,-0.14195725788516475,-0.3162897212328152,0.6969085307553389,0.09860208044654714,-0.6238566676950579,0.5024671248123026,-0.009982208728890156,-0.026605392190923,-0.03436524189405503,-0.059787322137608984,-0.6030185035087622,0.17566921827538617,-0.5990410168209931,-0.2213026600384745,0
FRA,2007,-0.18962161891633067,-0.34901175040638643,0.5218315096143632,0.038585620719587176,-0.6254773319688384,0.41384001741709364,-0.012872036917063944,-0.009648761515089064,0.007278709419838897,0.07686493881591715,-0.6109285017850904,0.23465095423624274,-0.13138826033205986,-1.0026273398901613,0
FRA,2008,-0.7479162026621136,-0.11733825922903643,0.3896738553064913,-0.06997824213418274,-0.6945298856594703,0.12146291481438856,0.0013250825650391713,0.023375365635437028,-0.0179349403911237,0.06109573007657922,-0.679435525725483,0.28142521801492304,-0.13138826033205986,-0.8389151392446553,1
FRA,2009,-1.5799725600014043,-0.593890009818187,0.7585254435355363,-0.04535911983424694,-0.5129792479379676,-0.45572903004456405,-0.13701305914884618,-0.15275977684469083,-0.2371945975661331,-0.3639492895660583,-0.7525398132456175,0.3128628004944322,-0.5053207981860414,0.44466105726524363,1
FRA,2010,-0.3272686506247559,-0.3414707214259944,0.7918835652820571,-0.047767747403539465,-0.4276953271328532,-0.17880120406632155,-0.05589994007222354,-0.03527910353875556,-0.22328595713773258,-0.2680810008954354,-0.7852098008590386,0.32245037631958584,0.17981247878774836,0.41983163800050427,1
FRA,2011,-0.2137430436400905,-0.23996540590299442,0.7810474875172637,-0.08124331252866865,-0.4920080522195766,-0.1540258773245223,0.015491452173277928,0.07560440059394713,-0.13548391423800188,-0.08847206486477335,-0.7804258727430095,0.3326963957670452,0.08199695906096108,-0.623390323256711,1
FRA,2012,-0.7988918284898735,-0.2674897564415054,0.9112928928078192,-0.11502670722891074,-0.41716215162411646,-0.26382272733480355,0.04954664538894633,0.08697735982366081,-0.2068654538576746,-0.19206557217817613,-0.7892851260078508,0.331793947063427,-0.7837193448629527,0.7475524847238607,1
FRA,2013,-0.6436509155480983,-0.4581774705072333,0.9265908849463512,-0.007601179309985265,-0.5526537339040709,-0.2777751348691572,0.059369519693877104,0.0833547000902095,-0.20613472139248068,-0.23985554991460792,-0.788446049692748,0.32283128959607676,0.08199695906096108,-0.4668072000621336,0
FRA,2014,-0.5875500207446986,-0.5204221480429786,1.0030808456390103,-0.0700619392715187,-0.5663368930371057,-0.6334770726367015,0.06564528923464023,0.09439175740136158,-0.21155055186918417,-0.19099792237300378,-0.798060980210783,0.29777912943648627,-0.006804335713569788,-0.12839479063990417,0
FRA,2015,-0.5696555497463447,-0.602651856723156,1.0202910867948585,0.037515593439058956,-0.5227349046999757,-0.0745643716081895,0.10532264704455305,0.1114032506274855,-0.1722768704973533,-0.20953877498630774,-0.7795389906603972,0.3109309826569953,-0.8590088286804052,1.9401934647740646,0
FRA,2016,-0.6233281284032449,-0.5771528299225008,0.9571868692234149,0.0025636487603748663,-0.4964217010592466,-0.18851402017070346,0.09718087215978945,0.11300725961331788,-0.20541927728278064,-0.22788673239360574,-0.8002376838211686,0.343443573367623,-0.2444938293656558,-0.1007052896291668,0
FRA,2017,-0.30564367478572163,-0.428700809351954,0.8195049399766285,0.013526321718193662,-0.5010481442895555,-0.101536289806612,0.1311023454230095,0.17261400614253944,-0.16445428859257125,-0.13767247044448955,-0.8210033959668145,0.396169960470468,-0.3014018823730772,-0.33639489708534737,0
FRA,2018,-0.41928724903114634,-0.2855674319529934,0.7364283437798794,-0.031178332552597797,-0.5200506958054777,0.2842048006549127,0.1563737590372708,0.2110992188920087,-0.1401604571898017,-0.07116805376148166,-0.8375760886031695,0.43457396557877315,-0.3854448482494623,-0.579751332780268,0
FRA,2019,-0.32022692306815925,-0.415415868527231,0.608307659619675,0.19538561911495372,-0.43950195987987334,-0.0046003379324124445,0.15518808726069427,0.19451464164096297,0.0030122367756256208,-0.007241604893779763,-0.8342648261608022,0.46381530372906876,-0.6139535294269892,0.4493616971148374,0
FRA,2020,-2.7784694948758184,-0.5258884502723074,0.5220439817273986,-0.24822652006667603,-0.2450596923795869,-0.43843734981953786,-0.02543427129370666,0.03784749771422272,-0.23916714726180757,-0.041354587201069874,-0.9232906895605687,0.699950693597767,0.4324483656215324,-0.3335654702713568,1
FRA,2021,0.9402699317759324,-0.3220241130529492,0.49272283012854595,0.13662702102411742,-0.31488669344407466,0.46644597294549267,0.08841891124976248,0.1445492262485482,-0.00039201509004732177,0.058062588238973596,-0.943342021894091,0.6402215437877338,0.4324483656215324,-0.48412991905554825,0
FRA,2022,-0.1412567241844527,0.30400204869108133,0.3720386699245726,-0.1504815254366284,-0.40964841891758697,0.7175818540960215,0.31055292405242296,0.47380279692264127,-0.08644278419547013,0.14709096115728396,-0.9158377253195085,0.6219338100340133,0.31367836486300116,1.1635121787328466,0
FRA,2023,-0.4729520664809967,0.24384639876222108,0.37883777754169784,-0.08381012637450069,-0.46357256114820367,-0.48797186819369887,0.2205072597817692,0.3210155395503084,-0.1534969400625721,-0.022268348497192048,-0.8532995662661189,0.5360483977814228,-0.6825995677830802,-0.3985138905871021,0
FRA,2024,-0.5375353370249825,-0.25964630354588747,0.39264846488898364,0.10938000708215266,-0.380862746474524,-0.11640751657897204,0.1968887273040019,0.22716890524666947,-0.1808999175016906,-0.24086504623145208,-0.8803612557049187,0.47236972109110126,-0.5500246348401593,-0.13612987675892935,0
GBR,1990,-0.644297489959308,0.800812353397173,0.6369913948794226,-0.5131739113377628,-0.6622952078621273,0.6351947967404183,-0.24338195006569877,-0.2199891516186555,-0.6108593366873702,0.07482159994187212,0.057308682598983605,0.4368978156577568,0.0185808530391365,-0.05405636684060237,0
GBR,1991,-1.1821836199094582,0.6955994082948487,0.6369913948794226,-0.19023640160508654,-0.6052813613459903,0.019706251654061244,-0.27398716943676976,-0.32579253120930884,-0.6723038085696879,-0.46029619597257254,0.0035459450614331537,0.40531590603089085,-0.8146638750010217,-0.05405636684060237,0
GBR,1992,-0.5104657202031483,0.19369347054928396,0.8966323170083931,-0.24204280201594425,-0.6441465537572677,-0.009596467598015591,-0.26031334943040274,-0.29394150085532794,-0.7627182582246513,-0.5807966281140088,-0.025447898596681087,0.39693859572291046,-3.6635265505276906,-0.07446027320638769,0
GBR,1993,0.059628858746154305,-0.16180385137366096,1.0185913098905772,-0.1911123935265016,-0.6170741612027056,-0.043328907741620376,-0.1807484938029227,-0.22017792249203388,-0.7764452092072955,-0.6529847583302261,-0.07390460216978716,0.373921226242599,-0.5293592780639272,1.6559443922838186,0
GBR,1994,0.4394541332912986,-0.22118224792960184,0.8702857749920326,-0.055736854894850404,-0.6115747004914431,-0.09242997726695908,-0.1288028964673678,-0.17728262885936516,-0.5831802996106583,-0.49433825701696854,0.022157274637548827,0.3758967235862713,-0.2509975313336534,-0.3346049158728975,0
GBR,1995,0.07076808801638954,-0.13751197041451405,0.6675873791564862,-0.07575085119285106,-0.659988253149936,0.06374374799388141,-0.14469219185477875,-0.20973981085677748,-0.691161165308033,-0.6418089287711242,-0.10457311389198208,0.33697115050089865,0.9374499369267766,-0.4418330053273834,0
GBR,1996,-0.16769959887999955,-0.1105324066034412,0.5602889620737281,-0.029294338490521207,-0.6979461797905452,0.10417417710497957,-0.12091181220913613,-0.17813719081793639,-0.6748212675368743,-0.610115178291837,-0.13163717712645437,0.3731001857174735,0.3933889836721507,-0.004979683127558371,0
GBR,1997,0.42039031469425975,-0.22430700853134264,0.3229576118134497,0.07949628251070098,-0.7668024651284705,0.454359622166177,-0.14793462336720106,-0.2120358230385928,-0.6168692720568177,-0.7380965499028952,-0.15599986665581034,0.39482451357112275,1.4278101457090482,-0.6172027922627675,0
GBR,1998,-0.003766754719638839,-0.2908577274110548,0.13725698502071626,0.04043277098809292,-0.7664297757862812,1.6300745358705044,-0.2020333642715164,-0.2248311365692741,-0.49655448605938807,-0.6606348947804425,-0.2271874485644239,0.4020915288453636,0.9895448077569734,-0.24552373914796463,0
GBR,1999,-0.08213899291550865,-0.3026805559491737,0.10411133538723051,-0.26621030091397957,-0.7514396002243451,2.002198257622567,-0.20665646855177147,-0.20374970107165322,-0.6313463552623733,-0.7008225281373852,-0.3080968096166371,0.44080414812143337,-0.557422339092922,0.12130763645211055,0
GBR,2000,0.3280631357909383,-0.4023531565345149,0.0012748326782110336,-0.21399239581959656,-0.7450656958723205,2.757941229608258,-0.15054644318779817,-0.1304691057944052,-0.5691477013403613,-0.637715761407167,-0.3817222221107919,0.5581091936588153,0.06959317453721366,0.6005896647939429,0
GBR,2001,-0.22583012658903834,-0.34125617873635106,-0.18187612875810052,-0.20649934582346527,-0.7597509526282737,0.4955456344843303,-0.15500884828136746,-0.11107663991207795,-0.5764111149352767,-0.6610085298629216,-0.4873738407949401,0.6225280885307233,-0.1409758806855953,0.4086163493791633,0
GBR,2002,-0.4028994785503434,-0.343345326465371,-0.1094231382131095,-0.24216623378889826,-0.7268199818451369,1.0675726350620107,-0.19744299170253082,-0.1293630849782808,-0.6034701927820688,-0.6760188449228621,-0.5460065310938886,0.6889134917235156,-0.5012430846068139,-0.5386515792691697,0
GBR,2003,-0.010984254334942592,-0.36850888941347254,-0.15829172421119717,-0.21721607885103478,-0.7476913751136905,-0.08120687170179794,-0.21673923566423314,-0.1632781656414858,-0.6227471206133349,-0.7342765992282486,-0.6151869913857742,0.7487336272500711,-0.04946001654639955,-0.9841407444638904,0
GBR,2004,-0.24270734016352943,-0.36607874654821065,-0.20354828428768718,-0.29638450975919406,-0.7695802660968004,0.5645745675765231,-0.21607824204744677,-0.15343982931784872,-0.6863385922346084,-0.7685566176244645,-0.6999432074192848,0.843917994418729,-0.047214931598387355,-1.2581207285276352,0
GBR,2005,-0.12207179875218512,-0.2438931491551886,-0.14193137150748952,-0.243438688891026,-0.8072762200044314,2.7874588237218925,-0.16511112191000274,-0.10375025202371595,-0.6297434892989194,-0.7202203603136312,-0.747192762392156,0.9205344913332454,0.3316062776020412,-0.05221680439386819,0
GBR,2006,-0.2780688221514566,-0.17980040169344452,-0.016997769042812964,-0.4376729865352423,-0.829586008674034,1.9380601363961665,-0.0731448556339195,-0.009750108388588261,-0.6844403874364265,-0.6434778305377071,-0.8021322124670159,1.0585910166304393,0.35492400420921744,-0.24928320984964655,0
GBR,2007,-0.08565635443943945,-0.19188366146057412,-0.03250823329438003,-0.5416099981866562,-0.825267883552317,1.6779357401515322,-0.15673195452389296,-0.10355308918642245,-0.715358783522551,-0.6024679701670614,-0.8605506195192038,1.2644186605624224,0.5161310596358593,-0.9671515844037518,1
GBR,2008,-0.8594507594769012,0.006562368661110888,0.04164453415489232,-0.5671788901795123,-0.8462939130238707,2.3311898065415404,-0.07453830332777081,-0.021042094092064926,-0.8082258731806995,-0.7394847849336096,-0.8730256614383394,1.527111607491295,0.703466018868467,0.8000645080455349,1
GBR,2009,-2.037670807034267,-0.26617189381247885,0.452778072877935,-0.42210823583442625,-0.7374872816670014,-0.48510185840844844,-0.10255819125415977,-0.0744586589475906,-0.9412222632866577,-1.095378316623744,-0.9170297624041357,1.5396715234099696,-0.977053359766453,1.7591312930133836,1
GBR,2010,-0.2597066237573518,-0.17333157761944232,0.5143949856581326,-0.3777237132683573,-0.6947948312660133,0.24443160826425056,-0.017548527474742986,0.03896059691792335,-0.8588782309737305,-0.9977483947421752,-0.8960451683943365,1.4455591446821916,-0.5956690078504085,-0.039623614397125737,1
GBR,2011,-0.6255592542277566,0.0650906580851782,0.5615637947519392,-0.18326451836346652,-0.699605115943008,-0.34061741412999746,0.08745466114032022,0.123327180202266,-0.7688477685481245,-1.0172950987086378,-0.9124291997749714,1.2648341623481634,-1.3864401668598594,-0.49792797951602846,1
GBR,2012,-0.4498328158780406,-0.159240872365163,0.5794114522468928,-0.4416387956566147,-0.6757729659472124,-0.09109737405950073,0.05554443958959665,0.09496295737861836,-0.9000253814048361,-1.0137535321733453,-0.9060158682740882,1.1421296654377822,-0.8985154431972279,0.023954882845478538,0
GBR,2013,-0.40044794541582385,-0.208477531440019,0.4674386486773613,-0.6982623968138139,-0.679180676934346,-0.010667308477146913,0.04337364293660094,0.09701122654646263,-0.9667236514292328,-0.9124681823119135,-0.8761287338442478,1.0002719925236918,-0.7732079352328705,-0.016045992598418553,0
GBR,2014,-0.026132003965590758,-0.3554604362834429,0.17975140762774894,-0.7576372638821969,-0.6762705206930483,-0.024355883646175965,-0.026485481309715113,0.038200767501278904,-0.8800485239176551,-0.717259830695171,-0.8971731898453587,0.8175765217761319,-1.2092851670832423,-0.6477940411297662,0
GBR,2015,-0.29089884443612024,-0.5448530066101758,0.0,-0.7472143990425553,-0.586377008626683,-0.15438419329081857,-0.05370755320503235,-0.011959787689710588,-0.8734311250359131,-0.7105961500292375,-0.9047102009792867,0.759804633779096,-0.785254756942145,0.680806486612935,0
GBR,2016,-0.2737332177297462,-0.4328740504924205,-0.13661956868161054,-0.8406860811016765,-0.6046345578220295,3.525122344117316,-0.004407691287071563,0.0617152208302582,-0.9045291493849618,-0.6920260850359338,-0.9385427916440505,0.7776557898383586,-0.15111846296599202,1.2510707678359292,0
GBR,2017,-0.06168927812481043,-0.16194762500273566,-0.22330819079995742,-0.49997989205556875,-0.581319284832274,0.9379138775400626,0.07531855261317079,0.1308751828672572,-0.6893063969829261,-0.6091460317298509,-0.9504988626805829,0.7885545486056769,-0.19066664161743258,0.38814383204065855,0
GBR,2018,-0.4438428933389412,-0.20827237235470078,-0.29894826304047606,-0.5708797731732138,-0.5731714311586124,-0.9999357319137688,0.11203666925909696,0.17123015510661033,-0.7430324527727862,-0.6486646767446104,-0.9540964136809232,0.7943046493360778,-0.47248468403695826,-0.4950463944088553,0
GBR,2019,-0.5204433403447437,-0.305276649729366,-0.4026346542016361,-0.3611323706929689,-0.5573639713582472,-0.45365626757547245,0.11405148034251571,0.17341673569268382,-0.6183231224509516,-0.625104180308978,-0.9586387921490164,0.7771826010684519,-1.0992250432481852,0.3481382246766812,0
GBR,2020,-3.4554015011395673,-0.43618437778922736,-0.22946988207797717,-0.40674839939189206,-0.4493578414791555,1.3339593458353616,0.03257696137235616,-0.013630154177409136,-0.7065400994729517,-0.7407129383356124,-0.9452176925994527,0.9576784592887762,-0.05804748677129702,-0.17140543041557615,1
GBR,2021,1.3714640119512382,-0.16883466166759423,-0.14618081376819292,-0.03411789441088824,-0.5002671997330835,0.43211074939303706,0.0050918323701929875,-0.011815121724657618,-0.4753399953240515,-0.6451668179783908,-0.9919182260769817,0.8374610622395239,-0.05557500578934133,-0.8356086297134837,0
GBR,2022,0.49041853936774554,0.7760842058185147,-0.3790502496547329,-0.25922647460719184,-0.625581968937063,0.3300762747769614,0.2040669828413507,0.2713432344345105,-0.628912520318827,-0.7304875531489975,-1.095155561548779,0.7092630161395832,-0.16140163817112413,1.087119148786568,0
GBR,2023,-0.7760920890436781,0.5788211944689089,-0.3244449166046956,-0.5177033623687869,-0.6653201686588558,-0.5539333778395934,0.11444377890420113,0.17242646726835334,-0.766624505295681,-0.7130882099912216,-1.060016223340424,0.6051731514833246,-1.2183214460114056,-0.21261606324202825,0
GBR,2024,-0.5661446640164038,-0.03712535660645813,-0.25305428662488055,-0.41201769333633526,-0.6830553881717881,-0.8190332217261891,0.0787503105095429,0.11004305617858204,-0.5996552516261018,-0.603507685517281,-1.093529033402198,0.5335530129943465,-0.7298105175161396,-0.4131697791093521,0
GRC,1990,-0.8466217889927946,2.963909980470179,0.4291936683310318,-0.5326701949036695,-0.3221253952419799,-0.3295171658203899,-0.6022599895178383,-0.24914270928456309,-0.15820045733385435,0.365172679300607,-0.6403281579375022,-0.2415659398667189,0.4434401588670028,1.4427961400640217,0
GRC,1991,-0.04175519517403509,2.792951746081925,0.4291936683310318,-0.16511999028135918,-0.11732552983729608,-0.310673035203842,-0.6263046926297883,-0.2932652317427895,0.06858672226733405,0.4862126943856604,-0.6403281579375022,-0.2415659398667189,0.32681365415517777,1.4427961400640217,0
GRC,1992,-0.6648776146763828,2.167146653479615,0.7170933814936792,-0.22495341621729217,-0.2340894341744981,-0.3446237536790795,-0.5980964813459516,-0.313993792080498,-0.03619232021212177,0.058818815992757637,-0.6403281579375022,-0.2415659398667189,-0.1650385183441619,0.35450828989071126,0
GRC,1993,-1.2620368501857704,1.9108266104768499,0.9826835227876345,-0.02442032012398743,0.2974927239491464,-0.3754418875668738,-0.6326121314003368,-0.3585338535795805,-0.11606223044384961,-0.11637504867385662,-0.6403281579375022,-0.2415659398667189,0.06452541156500537,1.9951767813643444,0
GRC,1994,-0.32735300925665745,1.2922929813927349,0.9042813130776589,0.07305764902850342,1.11035798279311,-0.3956235000636974,-0.616089201848402,-0.41668072131200734,-0.05367507963072956,-0.31511516346172447,-0.6403281579375022,-0.2415659398667189,-0.7448831253217731,0.4841877817953274,0
GRC,1995,-0.30146234767928454,0.9531298473406059,0.9697227238924895,-0.26856099575915093,0.7686966800967473,-0.42131633888576614,-0.616933326627887,-0.3721655676278035,-0.1789266630145451,-0.36042781389542244,-0.6403281579375022,-0.2415659398667189,-0.558836008285383,-0.5973096613461699,0
GRC,1996,-0.4876848577801192,0.8237357432735217,1.0304897482205464,-0.45245197261304365,0.968754926962244,-0.43457913786840824,-0.6192860472454483,-0.3360146554932758,-0.20195833509224478,-0.20281420171809936,-0.7148304414474433,-0.2415659398667189,-0.7448831253217731,0.28339871824018453,0
GRC,1997,0.08881068076770086,0.35884614144045823,1.0453627961330079,-0.5049515908923622,0.4630522159562095,-0.4463039160049365,-0.5335281833102,-0.3090515579963292,-0.12428591899977984,-0.29980867501299563,-0.8359195126558051,-0.2415659398667189,-0.0415006720735957,1.2809290165961598,0
GRC,1998,0.045725007730412354,0.22423841804561595,1.4182513545097213,-0.6605176244077725,0.4885881645746777,-0.6777880404301535,-0.5287091518157351,-0.16786908310489398,-0.31647280291446594,0.10277692003802905,-0.8567439236684339,-0.2415659398667189,-0.6710304984476587,0.7358627371574596,0
GRC,1999,-0.15630955319698472,-0.14815467913788327,1.3993413364495915,-0.8160836579231828,0.5141241131931459,-0.6745134179721846,-0.40655201054540896,-0.03532469559486246,-0.5086596868291516,0.02556033684116928,-0.817346984474278,-0.2415659398667189,-0.4924996983489266,0.23290292658689035,0
GRC,2000,0.22770048004152516,-0.05817769108382134,1.2308509508127066,-1.2420248892414825,-0.013001423500859052,-0.6980184208585353,-0.2149638702805002,0.26963129270994707,-0.290763239341919,0.4701801261879468,-0.8329798981714067,-0.2415659398667189,0.10157294735950927,1.9205249300268017,0
GRC,2001,0.3607858590802605,-0.019219899016967114,1.1074046531392758,-1.1246115814368185,-0.5615812381121182,-0.6951931368958909,-0.2504643967066278,0.20213491431408856,-0.36145642952623364,0.3202421602059311,-0.7682729483967136,-0.2415659398667189,0.7305344156311341,-10.558728847468599,0
GRC,2002,0.3692817918013997,0.025439167675944573,1.0185913098905772,-0.9988177479359399,-0.34446605408728004,-0.6877246091485094,-0.3662283175000393,0.00844331174258273,-0.51739382754494,0.09355940307121986,-0.7851580793600467,-0.20100273106794983,-0.2544919132149146,-0.6781471657161059,0
GRC,2003,0.6584328619946226,0.008178429161325053,0.9108679485817491,-1.0193678155560335,-0.6727037232162256,-0.44422513657549045,-0.4291667241036477,-0.022787444643169286,-0.4220817949751177,0.47403993730618815,-0.8229130189960576,-0.15169020661136506,-0.15594747238494341,-1.8423999197078815,0
GRC,2004,0.5496573651742256,-0.10230221388616416,1.0785084457664937,-0.8884937703553187,-0.8635179503793623,-0.3742025269580087,-0.35679727132096944,-0.01340078541170315,-0.4914350372365775,0.3258364327118096,-0.8690453994486305,-0.08595621566195603,-0.24859199387915365,-1.073911716444938,0
GRC,2005,-0.5393428151561068,0.010700424581742909,0.9607988951450126,-1.1927272913356535,-0.8907300566716647,-0.5957869882141601,-0.3408201539127418,-0.0063316408352417745,-0.67010498290472,-0.13974897618336793,-0.8847491698956597,0.03897985155984061,-0.4291914475337531,-0.12696078809784117,0
GRC,2006,0.8263059497901671,-0.05034978206398979,0.712631467119941,-1.7875215583576414,-0.8885540900935507,0.011669742168572009,-0.34989052379334296,0.04016093806804233,-0.6437963008849308,0.49754905921061016,-0.9388721625979057,0.08864896656642429,-0.1649679215716616,-0.2213026600384745,0
GRC,2007,0.063882272692399,-0.10297455438557973,0.5947094443854248,-2.334655074885951,-0.8879086416150165,-0.47664839638256623,-0.3093154224596211,0.15787328716709215,-0.8861556301151138,0.5563694883389382,-0.9530831518596923,0.19407955573683894,-0.01148152432047118,-1.0026273398901613,0
GRC,2008,-0.8316995547453071,0.1169706780179232,0.44874110273026685,-2.407012451597394,-0.9061308520643091,-0.12136911086943293,-0.2660974815774636,0.23207695092680033,-1.0844744586652595,0.27427398332439523,-0.9711860777454377,0.254234876280618,0.18009584791660646,-0.8389151392446553,1
GRC,2009,-1.9161275990699087,-0.39761141463942845,0.8486136194624458,-1.7886084482004672,-0.8194110076563167,-0.39801062161999257,-0.4351541035806912,-0.08880344842509419,-1.4570369535946857,-0.6420863745026553,-1.066999070305293,0.23784617951664289,-0.528905776828816,0.44466105726524363,1
GRC,2010,-2.324912928529582,0.21492914497958382,1.5227876341230218,-1.6535235554933168,-0.7807399595100303,-0.632486903611366,-0.31012249570101064,-0.014474069533959324,-1.4073454862590695,-0.7507550271355704,-1.0867549599587063,0.539202793452901,-0.32761572511049425,0.41983163800050427,1
GRC,2011,-3.4109734102451212,-0.02693412285321902,2.6391161160097747,-1.6343743819324277,-0.7808281394176092,-0.5600868009517295,-0.16091702367854147,0.07169022474717114,-1.6620330397003953,-1.39145925921844,-1.0700795864801196,0.620797047648436,-0.27403849209298514,-0.623390323256711,1
GRC,2012,-3.009670901979553,-0.3466460069982647,4.0750026559014145,-0.34772872638278773,-0.694958330617897,-0.4509501503024922,-0.008399022038978105,0.18917523482428014,-1.4248072974870818,-1.6714058066756234,-1.07172578991851,0.6328890587819889,-0.40210981686245967,0.7475524847238607,1
GRC,2013,-1.4365415447615792,-0.7703104366177088,4.702857749920325,-0.27000260710915686,-0.7823335427247267,-0.2577864680415933,0.048359253349896415,0.15066135288237173,-1.197936419358397,-1.6942473154482829,-1.119356007573523,0.6283191442464634,-0.43978129600897875,-0.4668072000621336,0
GRC,2014,-0.6409329029418438,-0.8386815114172017,4.495060023371933,-0.15142700239483262,-0.7716086752306971,-0.29011747458512177,0.13957460628352808,0.21274449376235616,-1.1712804348345216,-1.690535377992749,-1.1176506376759023,0.6041089489024625,-0.43978129600897875,-0.12839479063990417,0
GRC,2015,-0.9058968160000013,-0.9127594345790463,4.128120684160206,-0.16260009140435722,-0.7323467153948613,-0.4663258942223363,0.12587107375436213,0.17267517961001932,-1.1995742409229393,-1.71040264108158,-1.0506422538518159,0.547111441824761,-0.2588408273505204,1.9401934647740646,0
GRC,2016,-0.8548768047727271,-0.7535905521992438,3.8164240943376195,-0.29966370180475577,-0.6891864301238876,-0.20416569331743079,0.08388743813259891,0.14347950711973426,-1.2306879267988946,-1.6393373065945784,-1.0755631936402525,0.4857122361940968,-0.3833182868724593,-0.1007052896291668,0
GRC,2017,-0.46414792008069583,-0.4131426824705969,3.37002018485074,-0.3133522157234198,-0.6901056588540913,-0.09203407305330329,0.2339779941636391,0.3178054530666374,-1.2887178581635577,-1.7289711961002696,-1.0876113181459222,0.3837742718529527,0.1162685956451484,-0.33639489708534737,0
GRC,2018,-0.3105618725616485,-0.499812002323013,2.8953574843301824,-0.5142834891136564,-0.7428174696318935,-0.031908108859247726,0.3945520253952992,0.5344076010430382,-1.2973303856106224,-1.5643619835308131,-1.0656509556643334,0.26317239974536644,-0.4783976420728603,-0.579751332780268,0
GRC,2019,-0.2553873342853384,-0.5649694586945224,2.441941995113143,-0.2679102134308078,-0.704899467766228,0.15257620202138555,0.43330368583531004,0.5547319189211581,-1.2507475974387516,-1.696295433077711,-1.1114470788613595,0.12271694167313991,-0.589117925133817,0.4493616971148374,0
GRC,2020,-3.234279925231464,-0.8274415858008286,2.198448953574844,-1.1247782119040832,-0.5338425701463515,-0.0884875778501635,0.09518893729966006,0.44958218773586966,-1.6078507645835751,-1.4734659448578007,-1.0328043726045912,0.13624211892200547,-0.5747137038045708,-0.3335654702713568,1
GRC,2021,1.4003836541253842,-0.3952066033988917,1.9343461170721352,-1.1300033740929118,-0.5939401304844992,0.36530941725223687,0.4624929704230931,0.8780185921096215,-1.2099440489160629,-0.8640436913314508,-1.000914663436061,-0.18406963546534122,-0.2115912104556264,-0.48412991905554825,0
GRC,2022,0.5870757360805744,1.0774150121075952,1.4605333050037188,-1.7680078302692463,-0.718343132510941,0.6044797740971734,0.8365192254372569,1.4136500407506696,-1.4112563890090817,-0.658977135944853,-0.8596793397754682,-0.23185513002485536,-0.16156474412084273,1.1635121787328466,0
GRC,2023,-0.292065714266327,-0.0033363129247163345,1.1624349304153834,-1.0659729078412992,-0.6786100242965167,-0.012057837844108433,0.6116842657451405,0.9203379794595349,-1.2824254301630866,-1.0672920292461407,-0.9631364106711988,-0.273258406780061,-0.2139599389246105,-0.3985138905871021,0
GRC,2024,-0.3048752924397688,-0.1299011823491254,0.9493254010411136,-1.1226706366898724,-0.6550252945643567,0.2297939797531392,0.5396757969180143,0.8738151237911389,-1.1347343246755817,-0.7388826567560635,-0.9473499380371082,-0.281878107886764,-0.2139599389246105,-0.13612987675892935,0
HUN,1990,-1.7544749819651992,4.351663193264198,0.6263677892276641,0.2828357485738699,-0.6994810983518946,-0.13074129175563245,-0.019039681995849544,0.0,-0.35474090333196584,-0.2900338378246017,0.26508103794296434,-0.33130184144845176,1.7744450494032853,1.7836229863016628,0
HUN,1991,-3.9342047980256813,5.4791884706015646,0.6263677892276641,0.29281063348395914,-0.04872345127383992,0.7792817462196824,-0.019039681995849544,0.0,-0.35474090333196584,-0.2900338378246017,0.26508103794296434,-0.42223294828486546,1.7929080850716042,1.7836229863016628,1
HUN,1992,-1.6421884442269532,3.52736661157557,0.932752576224371,0.24989315352792132,-0.0509655385431118,0.6432323470230616,-0.06702820900970832,-0.08467365029558392,-0.6443629186571185,-0.9912741571230828,0.26508103794296434,-0.49266692717916927,2.9124459247836176,0.4701765640827712,1
HUN,1993,-0.9961993840961475,3.3190163333116116,1.3908424519281852,-1.7184147505334693,0.2553344083376231,1.3573521624532132,-0.25106003035222485,0.03719323328276121,-1.0096651993941763,-0.3699351660699004,0.26508103794296434,-0.5539742466313684,0.6924809806571263,1.5897012500735548,1
HUN,1994,-0.08143905571033157,2.690170712244054,1.1250398385211944,-1.5080373854973166,0.26220102849794424,0.23348339836204832,-0.15914791651894092,0.07027471896074886,-0.6695198618695205,-0.011672218705476814,0.26508103794296434,-0.577255112708202,0.363034219076786,1.3803635089130906,1
HUN,1995,-0.45988972131963934,4.3404488200346165,0.9807712737703179,-0.5345836595580176,0.7335947774352217,2.932237146523251,0.414541793089474,0.46027285844756366,-0.345988161168531,0.053898596216242434,0.26508103794296434,-0.625586556880069,0.993713942173707,1.9168198368418448,1
HUN,1996,-0.8203379000600173,3.4947207973135908,0.9497503452671842,-0.5831368098731248,0.3080364815536628,1.7744039877188524,0.5254774584346718,0.5653623633361314,-0.22142053246322999,0.3147609771767983,0.24808174297681704,-0.6301249192614526,1.120866063951084,2.1199806501428355,0
HUN,1997,-0.07346191568793889,2.591721121157679,0.7306915967279297,-0.6782586241828893,-0.023324660052265786,2.3944400496370744,0.7786226702692216,0.8343865361648048,-0.1540359871412561,0.520991263961554,0.4743792193244421,-0.6022067782885887,0.8839082945498511,2.2154015048545457,0
HUN,1998,0.15247949755763512,1.8658030546093645,0.7166684372676091,-1.2115871299619794,-0.0760143385218558,1.6559653663011507,0.9888309390432102,1.1993687715893138,-0.1696737697571625,0.8890308844577732,0.508644569830537,-0.6038209395713298,0.4961169677810195,1.4216792875617152,0
HUN,1999,-0.04537491178237239,1.139052486285786,0.29257409964942127,-1.3365342204681772,0.020432035127795466,1.7262177112578536,1.1009019014506574,1.3851003447858408,-0.4061086201924074,0.6516933747212796,0.4224390223023502,-0.5766684115504275,0.5031009581410691,0.9848036281554865,0
HUN,2000,0.29820369095882865,1.1051050866542038,0.21480930627855105,-1.4169711884434621,-0.08316997189892567,1.3486200160280688,1.5682200737759227,1.9710320540043809,-0.36006201096474355,0.7923915718036562,0.39305938928026873,-0.49515521955055003,0.21475979987806149,1.8619568711981451,0
HUN,2001,0.20801997841932757,0.9850070156205881,0.025284181451184683,-0.9522819193408156,-0.17783985759862478,1.9579038305083265,1.485371268753372,1.7608074773403832,-0.3148285327366368,0.507956134600379,0.40285132136180163,-0.4853613550829695,0.5668898888739197,0.034498451867565165,0
HUN,2002,0.381465925096613,0.3115353988685824,0.011898438329969206,-1.0094526789156155,-0.30260119679742326,1.1990275063943816,1.2048964791926207,1.4767340482696922,-0.4289618913299208,0.41354523580520597,0.3217211784657296,-0.4632385633870291,0.3289568467685116,-1.170244280267668,0
HUN,2003,0.17602041134097576,0.20584099295380032,0.05056836290236917,-1.3203250477314463,-0.32171472831978626,1.0208606817338015,1.133033311994686,1.4883444802633603,-0.6834648034845019,0.2530655210287168,0.32835517733280245,-0.4355720502515692,0.05912094787691051,-1.4880934272553985,0
HUN,2004,0.44197633451319884,0.5701443018504933,0.05949219164984603,-1.4603212132523018,-0.34700732627217246,0.8388907232294014,1.2672999530278162,1.6618622467613513,-0.6037955097281934,0.6849201200245815,0.37853791278660026,-0.4044131550084522,0.1141613094800477,-1.1313292215204973,0
HUN,2005,0.2698796971788797,0.013575985652567383,0.3478168490385639,-1.5982728424217703,-0.35613607945943615,7.853709756992722,1.390599520277165,1.7307145693726789,-0.6099187130186945,0.4780586255250279,0.3866064963006726,-0.34941190497246455,0.41160266386760036,-0.2886645317849119,0
HUN,2006,0.17476222680645823,0.0780680831545857,0.4126208435142889,-1.1527995020472301,-0.34082943439238317,4.987530694496061,1.8610903823719278,2.2088195597491596,-0.48296919588736736,0.505533017014762,0.4767741340229453,-0.2979976797496858,0.32719053129160974,0.4413234356013787,0
HUN,2007,-0.760331166667071,0.782501142585329,0.39392329756719446,-1.152957338934759,-0.4299818505780521,17.034333456276517,2.02851139929136,2.322035489215643,-0.5980997014209021,0.28228526010225846,0.3903570442643861,-0.22238538652787382,0.0646967548338047,-1.4566966449420422,0
HUN,2008,-0.5886913377323043,0.4474174362491116,0.48124933602464703,-1.149867372530156,-0.3168165315834935,15.919277480108152,2.086120305204179,2.3927292723920557,-0.5011595777755199,0.32003326229403595,0.2848030193869421,-0.14366345785737047,-0.1517913588771044,-0.7815078797984223,1
HUN,2009,-2.5966008316206413,0.12727283679937024,0.9514501221714653,-0.11407482619371229,0.14744717945933625,-1.4986831639433236,1.8838734313927903,1.993752754851939,-0.33126437713698503,-0.3208332585708124,0.13609024867261288,-0.13673241383730153,-0.6277992147912359,1.712649961791853,1
HUN,2010,-0.5693450442097838,0.23985957765523575,1.194093275257623,0.06257061024810513,0.09407177930974275,-6.283292010727661,2.1715701594330916,2.2646244418050783,-0.23602876701330863,-0.2910528689057305,0.2662982781208998,-0.1313915381042509,-0.5696019770419127,0.1643875995748573,1
HUN,2011,-0.348978136116543,0.07799725389400705,1.1637097630935944,0.1682397218397731,0.09302288302366703,1.9263022329035115,2.3775130779133287,2.455820177853252,-0.18893919962124575,-0.3150911378894022,0.3096664063453082,-0.15533046934566974,-0.34394351904546844,-0.47209481541256704,1
HUN,2012,-1.1943980474097513,0.3791555025682321,1.1581854881546803,0.2795841735368189,0.10164574426581698,2.2256612448350808,2.3731128965507446,2.4330681311769715,-0.18766188052049146,-0.43061651552474356,0.31425158345458165,-0.2579168333925997,-1.4070226247784647,1.1264290506958128,1
HUN,2013,-0.31900055483979917,-0.3061343233397212,0.9826835227876345,0.6070139955996376,0.11776010388723553,-1.6629671370269612,2.3441860827875645,2.384696234645892,0.12183837387122341,-0.1820029754636589,0.34283530476279594,-0.31310132762055176,-0.23648497365820728,-0.1908933269218309,0
HUN,2014,0.2787255600463505,-0.6490054183670279,0.46170190162541186,0.22280461353657674,-0.04226750333972315,2.5144422232450485,2.4122846399901157,2.4928496548103083,0.13931559289968834,0.211583892359482,0.43866663915351267,-0.35864178044298556,-0.7362406887113442,0.29130902812033455,0
HUN,2015,0.10359241777181004,-0.6199913932037242,0.2679273345373421,0.45759686527712623,-0.12325302809876984,-2.231870806356535,2.429283234459046,2.4218998326727967,0.1988479189087713,0.12133687298392593,0.543607555057445,-0.45361450255537983,-0.4365750137987317,1.977156743152463,0
HUN,2016,-0.21346656523948623,-0.5401801593388922,-0.09285031339636662,0.8486846502569884,-0.3214719040394263,18.24440842974908,2.374107403218484,2.3259411340949834,0.24967584490862227,-0.16074121383338813,0.45661121094188956,-0.4763347738805037,-0.2901667011920526,-0.043299064494241146,0
HUN,2017,0.22415826194589364,-0.19858429403346997,-0.29661106979708923,0.38926737347359786,-0.35444416338021106,-3.731730865986062,2.358876955644504,2.394528978560863,0.1274197092700642,0.031099398903448993,0.39583615330932825,-0.48819358283527664,-0.23853435748731766,-0.38894283472716273,0
HUN,2018,0.6089245770707858,-0.11080072746147959,-0.40050993307128446,0.1531810457534413,-0.34155043660627576,-14.80345577481437,2.2609272583342856,2.3953646384437612,0.3264117439272061,0.621359683349003,0.3020909141179372,-0.4898016987932322,0.14033075402329,-0.2863700712240387,0
HUN,2019,0.4715901286583047,-0.02540699807626121,-0.4549027940082865,-0.00909908579200758,-0.3508024202240445,20.260162867693644,2.163740314809264,2.3740016636400116,0.400165351656593,0.8698387300348479,0.15801326697588533,-0.47821330213235724,-0.20443206786537726,0.6665865042418503,0
HUN,2020,-1.9731041971254457,-0.02747784659848912,-0.277063635397854,-0.08231409723031316,-0.0826206517311075,36.460739586679615,2.0395916748576064,2.257584682679484,0.27063338315260277,0.6790867308759663,0.15103189475459786,-0.4212694343534864,1.0125773188547913,0.498833803552578,1
HUN,2021,1.0286956931436702,0.28452161536474085,-0.32529480505683633,-0.6389959230788672,-0.22224035977669787,5.7284469015826405,2.094770923171236,2.4180640588383784,0.28089995068935464,1.2158388890956926,0.051077893054424804,-0.4112670021826931,0.7688799380314251,-0.29037462225894095,0
HUN,2022,0.231479091163239,1.945254118610944,-0.4183575905662382,-1.4094025282452607,-0.34724463726202476,-1.0659223212366882,2.5283118029284504,3.1578765827950424,0.1693247300659363,1.728732608965769,0.08454078280305544,-0.44155025759946587,-0.17544507436391385,2.2724144933599835,0
HUN,2023,-1.0587709787958406,2.385360418058883,-0.309359396579199,0.09343564870462587,-0.29726365208999866,-12.401660559161524,2.1771562729580447,2.2956851844712487,0.2494699010677475,0.48235861378570505,0.13737026337881922,-0.48161275823022376,-0.6468782900225278,-0.6732988108041801,0
HUN,2024,-0.6625226625701635,0.03843956895630085,-0.22352066291299266,0.4102597926100756,-0.2719769777890615,-10.371805204318171,1.9607932915533537,2.031062731475583,0.18777798512455696,0.09148431615624011,-0.03838884819393836,-0.4885079405292988,-0.07723552332393632,0.2481508856109913,0
IDN,1990,1.0336847839402594,0.7580990285100899,-0.6236056517582069,-0.3872771721934235,-0.19363445567120596,-0.33351527619337035,-0.0776100902688673,-0.18796505847314413,-0.08972414658674878,1.4896776233976776,0.501502027629392,-0.5486460445717606,3.219649518841884,0.4851359214795482,0
IDN,1991,0.9479667944513631,1.037861754128867,-0.6236056517582069,-0.530729238630968,-0.15796732278598902,-0.24874302431779796,-0.0340211938522828,-0.14457765470534764,-0.12378538009640097,1.3600830682028682,0.6438042718606619,-0.5486460445717606,0.6773674925163647,0.4851359214795482,0
IDN,1992,0.8403544800117333,0.7063933728808837,-0.5987464145330926,-0.27704400787419486,-0.14501237445305204,-0.20751311264018824,0.047536467715101074,-0.11420042028122102,-0.013951048700619332,1.0982551245368497,0.7508580300901156,-0.5486460445717606,0.874516968721112,0.3017686828518109,0
IDN,1993,0.8400692985175297,1.0820753766606355,-0.5885477531074048,-0.1334436470232498,-0.13196068912558084,-0.24961240030766094,-0.1005800193011033,-0.2753711650348062,0.4959032152750412,0.8052668877479897,0.8242576145093373,-0.5486460445717606,0.9153643982432453,0.1694294234989928,0
IDN,1994,1.111014155530144,0.8827435555402139,-0.2519919260597047,-0.17548587646043168,-0.17028168569758587,-0.2763618800286452,-0.11072720936135687,-0.19856563376282627,0.5740716146431727,1.0047013762200612,0.9638399155051357,-0.5486460445717606,0.9290739749060686,0.24392121940801914,0
IDN,1995,1.2875749797678266,1.0380777418655471,-0.1999362583660895,-0.4500307805841558,-0.25255506668631844,0.06054582514154409,-0.11903484194715117,-0.08888291038343182,0.41897526555468156,1.1375206628977867,1.0689047648451846,-0.5486460445717606,1.6176480125641817,0.30013110509820556,0
IDN,1996,1.183248597576037,0.7850429580022497,-0.14681823010729844,-0.48234459757033527,-0.1041267578647978,0.26248689560265426,-0.13936432203434596,-0.1468913962667922,0.38941142795084194,1.3187952104192096,1.2674157521962268,-0.5486460445717606,1.5759808207505412,0.31065848124558365,0
IDN,1997,0.37362848289210054,0.47952963351781175,-0.18442579411452242,-0.2932509962376577,-0.23936783029482034,0.06677763123039285,-0.05453431616042392,-0.0654055378743455,0.4988377277537439,1.1186387134783224,1.4248257198133338,-0.5486460445717606,1.404265378030525,2.408337668406704,1
IDN,1998,-4.254771413473426,9.611880995670065,-0.019759906512270265,0.8298687600694108,0.3310942196634635,-0.7844672007412786,0.9923013359770849,0.6599662399227667,-0.09251151769554375,0.6736777260637796,1.1843205026961,-0.5486460445717606,4.93185124334435,25.429283221108882,1
IDN,1999,-0.6412182356965271,2.9716623678745986,0.17125252310634237,0.8021505429560444,0.5461846649852732,-1.1644474603405626,0.26461188902014066,-0.09930131908058924,-0.9176138865969752,-0.1442645378775818,1.3180310922116423,-0.5486460445717606,0.1796023500628714,-2.3812188667512246,1
IDN,2000,0.43079709617750533,0.03580200861986488,0.11154785934346129,0.9241568076955176,0.3390086273442072,-1.6656319229715584,0.4923818409084566,0.046402793140839324,0.25329036793686427,-0.12773212895261973,0.8717357789320913,-0.5486460445717606,0.5924596109312026,0.6295283888077994,1
IDN,2001,0.09934747128387475,1.4017660829246885,0.11261021990863708,0.8313388274006818,0.4402151905284812,-1.3484478232762156,0.4112841679062365,0.06090215626828086,0.3349796738198499,-0.0823467058956643,1.9549601521093225,-0.5486460445717606,0.14551177793627634,2.1599487961772605,1
IDN,2002,0.32159684806265626,1.4717131310473455,0.22352066291299286,0.7795332603358085,0.5970044243748115,-0.6696440128874427,0.1467695869721414,-0.14921661504670752,-0.03927621099170878,-0.25784646287848967,2.11536354621243,-0.5486460445717606,-0.523452013256688,-1.0939627665914025,1
IDN,2003,0.394526526051656,0.5724115722310448,0.23478168490385654,0.6861213936696473,0.7170940564546949,-0.7851586795131332,0.05463205351363309,-0.3056554264402181,-0.24807394457555537,0.39060636446412866,1.6201838768789014,-0.5486460445717606,-0.22439368097177498,-0.9504256449602251,0
IDN,2004,0.4595661979860885,0.4511856827621587,0.3720386699245726,0.1990157850704748,0.3779990230084878,-0.43605526020026764,0.12713580852423453,-0.09377972757367249,-0.2408937995028564,0.1521948764935324,1.5951581399772303,-0.5486460445717606,-0.11094695008867592,0.3159662939509705,0
IDN,2005,0.6313656011411823,1.2186962174435871,0.5084457664931481,0.1114281513975162,0.04855921451195882,0.329992026116181,0.2042895857120895,0.020486807538277852,0.0789389696500662,0.31066520162627437,1.5070641478628757,-0.5486460445717606,0.5653766676238765,0.7713024486971114,0
IDN,2006,0.5816145805349974,1.6830474578387244,0.42473175395729335,0.6048936396179844,0.25153695704819096,-0.2215990155232949,0.07785696882248883,-0.18621898302179357,0.20767548824769874,0.35995238026906196,1.5244692116909084,-0.5486460445717606,0.434462939187173,-0.7135510795778217,0
IDN,2007,0.80076431134914,0.5110770700751864,0.5328800594921921,0.5104610584022771,0.44223610688355586,-0.13188107093991172,0.011191821547600138,-0.1972259116529232,0.15416236205696765,0.2857553296964849,1.4590113294746128,-0.5486460445717606,0.8465788349792874,-0.1463081062063622,0
IDN,2008,0.7147425953148937,1.179083174437655,0.35185381918623204,0.09903082293714462,0.02256458647746535,-0.05333073174016373,0.02672476701077861,-0.035661505187556945,0.44706877761632186,0.7334668754970695,1.5614961048249123,-0.5486460445717606,0.4325517319163012,0.5134191596250588,0
IDN,2009,0.3551924480590852,0.1578221520969405,0.11770955062148103,0.4321171923529182,0.6599935585021421,-0.377780353378581,-0.20879924460070404,-0.39153741077841886,0.5011137993384402,1.2233818519440112,1.3662847266508145,-0.5486460445717606,0.24717468949656812,0.6201928048959088,0
IDN,2010,0.7693049172390977,0.28858568140517254,0.01317327100818024,0.21146808960240587,0.7408822950868579,0.016613083270531345,-0.20296608765875856,-0.34107877080560955,0.8296130321443509,1.5163352750594632,0.7886192928396482,-0.5538284061073485,0.4776406955993405,-1.4343131578208648,0
IDN,2011,0.7552664917393,0.32737829581954414,-0.08477637310103052,0.12711695948385604,0.5380213809662376,0.11432864777564004,-0.11840162326003838,-0.27132734057818697,0.8736972409808701,1.5324462769216034,0.7514485223699426,-0.5176863592726763,0.5742755678970866,-0.49377850958180636,0
IDN,2012,0.7189868527617407,0.1391291907433043,-0.23031977053011793,-0.3607585707118054,0.4202666144818122,0.1167190908465721,-0.19065249494428466,-0.2167031805797766,0.7632112761322007,1.8551338563663686,0.709978847046323,-0.4748654485082184,0.43557306714829575,0.6098965447816194,0
IDN,2013,0.5962350884128296,0.5121146716381623,-0.2583660894507595,-0.4514659867327759,0.2602608511612998,0.20169137045713992,-0.21861947561163367,-0.22991478463085108,0.6859327700652369,1.663394949409105,0.6534726173546836,-0.4413446719721817,0.23098901573473787,1.0727239265097128,0
IDN,2014,0.4532816122811073,0.5090430204090733,-0.31934558589185164,-0.4340338882138868,0.45906092377356505,0.29617482638480835,-0.2293589486731954,-0.24432298340630362,0.6454093800800478,1.7822793015565206,0.659693396713291,-0.43667667414553574,0.14632821313027297,1.2791401843534418,0
IDN,2015,0.4194392729217416,0.5034808493968336,-0.2205460533305003,-0.2536902537665886,0.6347844889890639,0.11244053525009161,-0.3338305613248698,-0.4192155088300103,0.5965912169000689,1.6991745427533549,0.6477317199558779,-0.4022452434669165,-0.12477048609403323,1.2189932856512011,0
IDN,2016,0.4601361572525227,0.007331072906033784,-0.2658026134069903,-0.21671981390272602,0.8300097044786418,-0.5242971493043318,-0.4201820732614542,-0.5368024598797198,0.5786418219566877,1.6676282487264458,0.5857997139620819,-0.39862196128606114,-0.027758226692790367,-0.1887576046260794,0
IDN,2017,0.4696690807986174,0.05681707654308121,-0.37586316795920544,-0.17827615339572428,0.7952760833093718,0.014611693295060825,-0.3748084124169357,-0.4961252820052703,0.6641521216664812,1.6447253115277054,0.5372306864771996,-0.4071820646521888,-0.19262319099072028,-0.06836198843570065,0
IDN,2018,0.49680234048305477,-0.0499299784302244,-0.2475300116859663,-0.4085017921883366,0.42182599885065436,-0.0575654272341773,-0.3403942214564767,-0.3569813933181248,0.7359324046168296,1.7776787428538212,0.49751005645102164,-0.40624822242074243,-0.3793327245941186,0.5441912923464928,0
IDN,2019,0.4565580050279993,-0.07926599444132269,-0.41687028577499213,-0.3685311427444601,0.6026394897092969,0.08983962155014079,-0.44092234402394326,-0.5029514009714252,0.6663310596005256,1.6554772719880162,0.4761456692153997,-0.4117766079277111,-0.3558096135292096,-0.19099863037061243,0
IDN,2020,-1.3828997335278974,-0.27349815570441055,-0.2755763306066079,0.023117618806772107,1.1257259277370764,-0.058868900999420666,-0.49346903981427187,-0.6662306534014283,0.5161678349471518,1.4333607400939692,0.49794208345784907,-0.4078567100441377,0.20784950049609172,0.1960527656206146,1
IDN,2021,0.11477473528379172,-0.33640728301022227,-0.3665143949856582,0.14547142346911665,0.7196657830681024,-0.06686341571034363,-0.32314176064664346,-0.514880134789167,0.8483932334941678,1.2950661532859953,0.41457248490790094,-0.4294297379905105,0.34260037044726815,-0.3220662383823998,0
IDN,2022,0.5313092300981698,0.1268799001262293,-0.4440667162434931,0.26636119173212275,0.3260853764644062,-0.03704089065329718,-0.19446592589912154,-0.41035253026693147,1.2123080872131815,1.031698326885308,0.29317000526293396,-0.45117755206488325,-0.18515716869599377,0.2708403166861244,0
IDN,2023,0.46422851371561447,0.03243866939744499,-0.4767874216509084,0.06930375864482137,0.4549903535580285,-0.14308083559907397,-0.3067982468390816,-0.4733437701536189,1.1101010456047649,1.1240439876682549,0.3374996393844104,-0.4419219459411662,-0.6417255346690908,0.1473774185691017,0
IDN,2024,0.4600077909064137,-0.2277396955380793,-0.4782747264421545,-0.010467769786080184,0.453002138330693,-0.08420522510167092,-0.2859070727474868,-0.43254487069668907,1.0045940324966867,1.2869410170659847,0.3798599661217463,-0.43707446284240165,-0.5233013812608377,0.2994755872870239,0
IND,1990,0.5900534200786014,0.9595506327563517,0.4438542441304581,-0.2805576873051931,-0.46931478296593443,-0.6697887958915106,-0.9219700931050114,-1.0119104899442322,-0.2006911099157465,0.6592522883602954,0.06051913707533515,-0.5836779027201644,0.4460709017770837,3.006974041200684,0
IND,1991,-0.572231983745598,1.8162209746910136,0.4438542441304581,-0.1772922454580975,-0.24734022218820134,-0.6861498631221534,-0.8618967283624589,-1.0099592377053372,-0.1517968951855642,0.3198012597954428,-0.06277090637653238,-0.59766267610087,0.7517616767431575,3.006974041200684,0
IND,1992,0.5767968658234967,1.4520751694145753,0.44555402103473946,-0.17169827226153378,-0.13512064467871268,-0.6619794591691117,-0.8473593641352312,-0.9572189345827282,-0.018749174275635955,0.6753315430567138,-0.04610543908237227,-0.5864655815275917,0.6149715717653792,1.3359510727711876,0
IND,1993,0.38684319038454773,0.4971454368177977,0.44831615850419654,-0.020209738075865624,0.29046387933618195,-0.6264133138620478,-0.8060306468863698,-0.9462951446281305,0.05608414417966399,-0.054960456915444364,-0.030728272674614563,-0.597530955556668,0.6286244188606459,1.7220197986313501,1
IND,1994,0.8822640304885665,1.1828024367922936,0.4336555827047702,0.007091137392878605,0.7435462737518016,-0.5911230472852939,-0.8037848137813203,-0.9283699927292769,0.22323340975999176,0.5006292844419873,0.0828051714930398,-0.5998906473325305,0.9361704941746722,0.1767918916212393,0
IND,1995,1.1199769287176045,1.178771884580101,0.42876872410496153,-0.1696239426329626,0.3062152428631776,-0.4864449029599598,-0.7639322963376654,-0.840199667986727,0.3141833806000881,0.940024949361124,0.23023253373292946,-0.6144101063904811,0.0646563147742798,0.2259805880027987,0
IND,1996,1.1134939635983105,0.96058581001165,0.421757144374801,-0.1647987764502958,0.27496481066744827,-0.47853317648355126,-0.7830604568498122,-0.8632428591495419,0.3213907604139319,-0.04833703916783715,0.19416766236556918,-0.6030191978494123,0.7911984541567874,0.8447905943679329,0
IND,1997,0.20485105652592508,0.6435714153555094,0.4296186125571021,-0.027298537520340498,0.3707977325390135,-0.3931551306350576,-0.7703215993192971,-0.8447591916863912,0.366356287954512,0.40517489156983433,0.049945232659207424,-0.6010661378604537,0.6896707848349903,0.1345650029593903,0
IND,1998,0.7590653619677509,1.704410471286157,0.43429299904387575,-0.18575419064815357,0.4415479613997717,-0.4757871834289759,-0.756657024121179,-0.8085791261609044,0.2177299848448189,0.2942715640091659,-0.05700932023240335,-0.5995022224979754,0.7382245163591034,1.3000583390142906,0
IND,1999,1.4500407344558097,0.20738041270993626,0.4315308615744186,-0.02567733709894138,0.6010638694369321,-0.5294776947165292,-0.7385796365827507,-0.7757557276864075,0.19518259126153098,1.2191915419330497,-0.1291069082941009,-0.5772086511509734,0.641934027531708,0.3301869641112995,0
IND,2000,0.15063168267475818,0.09190170061995696,0.43280569425262966,-0.07341987834727645,0.5534919728952992,-0.4265695992859181,-0.6741585992503899,-0.7497794381570149,0.23826822936762812,0.4027915647664911,-0.02921468563195869,-0.539948413180283,0.45595488818639396,0.3330864586145039,0
IND,2001,0.4058458443563194,0.05165757923847226,0.43748008073940314,0.14454833063585587,0.8868612599201983,-0.32415358552438517,-0.6924553376823173,-0.7723248631557275,0.2508729886225915,1.0568322232411578,-0.11218117940879248,-0.5363731916193644,0.37590451640642786,0.3973578267138163,0
IND,2002,0.14102109803236074,0.14221343494982538,0.4523531286518647,0.3295696016617353,1.617993072315584,-0.33991537855278975,-0.6213288951098679,-0.6853095457002166,0.41656067709609945,1.1099231128309341,-0.07850217057451897,-0.48927141152134435,0.6054415756755884,0.19042375039581874,0
IND,2003,1.1942037153859157,0.056303044011598954,0.4421544672261768,0.3420054386761001,2.0962616457026306,-0.4826103846898965,-0.59283128061932,-0.6660616072801023,0.6276959503706866,1.2008889159581597,-0.07466365320230288,-0.4979611580921959,0.25486926673656907,-0.5617805635954731,0
IND,2004,1.2104451816178763,0.049551951391389064,0.434717943269946,0.11364231958187934,1.851350365198064,-0.42643412228655,-0.4714575592096803,-0.4736911876347383,0.8837625248666602,1.8589830669717178,-0.04256653682425842,-0.43963713244465036,0.602729977145956,-0.40998093219142046,0
IND,2005,1.210573443155164,0.1333287760065349,0.42473175395729335,-0.11985514162749812,1.1536424737283546,-0.38404875089472196,-0.3986585470507186,-0.3413586590165873,0.9808936873614054,2.2194718596202248,-0.023059923685715956,-0.3901195918793157,0.496226274470521,-0.40631474809674084,0
IND,2006,1.2462217543436451,0.40440232452633895,0.42515669818336366,-0.07455793069941616,1.2541574428666968,0.05354215675048601,-0.329337759461546,-0.2422864384531093,1.1547175112307677,2.462229167946357,0.15500123470766247,-0.3446440706823529,1.0636455786451484,0.16106035712176195,0
IND,2007,1.142389408241041,0.5051876704890166,0.4270689472006802,-0.018856686954647303,1.8098085236549257,0.03357225879347581,-0.3488596121748505,-0.22160604509902118,1.21295867162164,2.918649428013444,0.0962443200755012,-0.31909423113029844,1.1236827978025892,-1.0397357601084414,0
IND,2008,-0.045208760398714666,0.8507900957906465,0.44130457877403606,-0.34759043374053566,0.9522846604946317,0.5777616053888383,-0.211374232497994,-0.010762707293315925,1.1451920054083262,2.3731669535743247,0.12757162753148701,-0.26886864093355295,0.9566244010372904,0.4204691380742084,0
IND,2009,1.1945950772822724,1.2937403918003991,0.4427918835652823,-0.23937755516807468,1.467924400518688,0.23694781475634583,-0.3655021728916996,-0.17419922979860092,1.0882223271179925,2.5021597329598215,0.13358046147796068,-0.28719950033353536,0.7215613478461678,1.0533528915795922,0
IND,2010,1.359643598879442,1.487323388405792,0.44172952300010654,-0.46234332683489004,0.9638974804158258,-0.12061707314905754,-0.28210125569490463,-0.1269779652460521,1.1498265878536087,2.5839164992026427,0.11837309132424464,-0.2561447932444104,0.7033476359933329,-0.7046838022107278,0
IND,2011,0.5142042486972018,0.9491567555455515,0.4370551365133329,-0.492448514735646,0.57034488372582,0.00848234127868132,-0.1929024975252558,0.07640657816236217,1.0447652514048942,2.553738487543422,-0.0008035014086759529,-0.24676987191315308,0.5467949974005724,0.09082464780204358,0
IND,2012,0.5700441720621092,1.0483413038753995,0.44470413258259867,-0.7622643090741441,0.49896883813625503,-0.23391281635408606,-0.19315184211429287,0.08486198146353273,1.05635333675971,2.3615714414642994,-0.04394788940334718,-0.23911423519194197,0.06790810792991567,1.3919916741147407,0
IND,2013,0.8114311766771628,1.142573302657309,0.4517157123127592,-0.3582572723435851,0.5300233697112267,-0.16238904430750398,-0.15577800739954784,-0.05200484613362221,0.970749998480212,1.6930533214348251,-0.1194070845527927,-0.2327625602968063,0.42396155735853314,0.8852919397766841,0
IND,2014,1.0773282810023765,0.5563840922121897,0.4470413258259855,-0.1345831330169137,0.6730850687097539,-0.09929257804165775,-0.2584607467933782,-0.17026193363204079,0.8957060278393201,1.7308693396046466,-0.1444913425131451,-0.23919497587195257,0.024804082260115365,0.3089061192970587,0
IND,2015,1.2294808424466181,0.24885039162038278,0.44130457877403606,-0.08801113488930805,1.0246031639943254,0.04015726805900173,-0.3899890450837558,-0.35514614777362263,0.8051393080829825,1.398316027371801,-0.07513630159352269,-0.23938229696688756,0.027657803765132705,0.41005390668718755,0
IND,2016,1.2969992162437218,0.2560623675473908,0.43748008073940314,0.004404840421800483,1.131525698873304,-0.014275093665233319,-0.41729528681726913,-0.41215629837298523,0.740038991230232,1.0977701859644449,-0.13155569497570418,-0.4139361074468012,-0.3313052447365606,0.37109545999706295,0
IND,2017,0.9176935736763046,-0.02722787285847099,0.4406671624349307,-0.1517041608581954,1.064569952789509,-0.16554087003614712,-0.43257409509882033,-0.36279219691037784,0.7382795988811107,1.2229150291027402,-0.15082506193705977,-0.41435687147971345,0.010100676069630714,-0.4483547857262649,0
IND,2018,0.8290200952319186,0.07955451807369779,0.446191437373845,-0.320807237243916,0.7486793044879229,-0.14763758392190324,-0.3852095168223422,-0.27919108467477616,0.7117690385994292,1.4333307729594658,-0.16911886606903928,-0.4050719695407216,0.01843117608951459,0.3997862120949048,0
IND,2019,0.1585364557897679,0.04295146395729155,0.20354828428768734,-0.08493949282477394,1.092346890318833,-0.06792894299979797,-0.4378898011357829,-0.39691697269205817,0.55890457764209,1.0859444716034885,-0.35990421440215176,-0.4071105841163355,0.017549792471155245,0.1853955838313538,0
IND,2020,-2.3467179326586174,0.5490012647924328,0.4901731647721239,0.30434220880895385,2.2587674501707777,0.1506350170639921,-0.43713050815789556,-0.5010576575663958,0.4674057203034554,0.9044745096648504,-0.27095932449156784,-0.3809369801563647,0.20272167553631407,0.4213985310179095,1
IND,2021,1.66912983785917,0.28809624607432505,0.17592690959311602,-0.08590354332459126,1.4851188979258636,-0.19900724050828947,-0.32386708629317457,-0.26309084641147856,0.5735738825157297,1.3981756579542188,-0.23662955877241518,-0.43069110722080567,0.09155284799581574,-0.151021181317761,0
IND,2022,1.129031195166284,0.5622206645345179,-0.15510464251566977,-0.32173320651852727,0.7758342793904622,-0.15522197934613427,-0.2137584058507899,-0.1364280858538063,0.8871887940083799,1.7531300896820956,-0.37637533247573746,-0.41416189554429783,0.09155284799581574,0.5381327980022117,0
IND,2023,1.0254006264336972,0.3786305583749593,-0.29321151598852657,-0.06150722361527511,1.0169119310517016,-0.41353993749909895,-0.2840245533107413,-0.26577335744734687,0.9775595982447007,1.767490464974295,-0.3790351220722878,-0.3795663541512862,0.09155284799581574,0.40648231757750375,0
IND,2024,0.9965953057366376,0.25690507580011396,-0.29299904387549136,-0.05097762216320707,0.9039891180458814,-0.441892582892439,-0.29614938541636393,-0.2713249823494628,1.0105781154634457,1.7429435561230509,-0.4022688769979474,-0.370446477633686,0.09155284799581574,0.01018994328194696,0
IRL,1990,1.3515801491997852,-0.029124207270315325,2.171252523106343,-0.4826453374336906,-0.9675232979682731,-0.25206122091482913,1.0647652684095057,1.0016571104074008,0.32132234135440074,-0.23882364658445612,0.6077633017007965,0.014950402999047681,-0.05833297944463008,0.16385331167097028,0
IRL,1991,-0.3456208014588762,-0.047750657800504456,2.171252523106343,-0.4826453374336906,-0.9675232979682731,0.266272197226411,1.1012713535339902,1.0273937906606967,0.32132234135440074,-0.5255104520950905,0.6077633017007965,0.014950402999047681,-0.366072000683601,0.16385331167097028,0
IRL,1992,0.021407215179300616,-0.07237384303563986,2.01189843832997,-0.4826453374336906,-0.9675232979682731,0.22150176864114293,1.2189935402044019,1.0409364554453944,0.32132234135440074,-0.9948399522296986,0.6077633017007965,0.014950402999047681,-0.30561841597654404,-0.690955475882493,0
IRL,1993,-0.1475279927038441,-0.35226125429316685,2.12875810049931,-0.4826453374336906,-0.9675232979682731,0.02757930910590981,1.425847700362159,1.141721287385605,0.32132234135440074,-1.1753701146719768,0.6077633017007965,0.014950402999047681,0.3122919120448599,1.4688207300470393,0
IRL,1994,0.6477892084806707,-0.20541121285008446,1.9105492404121966,-0.4826453374336906,-0.9675232979682731,-0.16779741124076747,1.6173409947111461,1.396272340007461,0.32132234135440074,-1.0138473902165965,0.6077633017007965,0.014950402999047681,-2.7334381727097302e-05,-0.2586005575897919,0
IRL,1995,1.654805515042879,-0.16769919251099089,1.3636460214596842,-0.4826453374336906,-0.9675232979682731,0.03834627810680688,1.849145425813243,1.5912448311530454,0.32132234135440074,-0.6491464356711648,0.6077633017007965,0.014950402999047681,-2.7334381727097302e-05,-0.8280740076342985,0
IRL,1996,1.069382702790338,-0.3021919989408317,1.3045787740359083,-0.4826453374336906,-0.9675232979682731,0.5190349903601901,1.9069728919595101,1.6575123606079096,0.32132234135440074,-0.39288108133860555,0.57463450127789,0.014950402999047681,-2.7334381727097302e-05,-0.10364657274619442,0
IRL,1997,2.0150076819900886,-0.3396032730053894,0.985658132370127,-0.4826453374336906,-0.9675232979682731,0.1655349462084681,1.9994361415539532,1.7144297531532913,0.32132234135440074,-0.13031190327653877,0.7553623912579638,0.014950402999047681,-0.18128415753520213,0.45420165303610394,0
IRL,1998,1.4293652924281113,-0.18819059239734162,0.4561776266864976,-0.4826453374336906,-0.9675232979682731,2.7601814802961893,2.299586873018015,2.113757567200583,0.32132234135440074,0.158625696305764,0.9499905753542097,0.014950402999047681,-0.6990517225423316,0.5509172637205024,0
IRL,1999,1.8872988540373872,-0.32420038157289255,0.05354297248486152,-0.4826453374336906,-0.9675232979682731,5.7813490805776135,2.3886416909172103,2.1119580642792295,0.32132234135440074,0.24172909155148797,0.9883946862258168,0.014950402999047681,-1.3452166455134815,3.3917008613058024,0
IRL,2000,1.594856812186819,0.36612581360168056,-0.26219058748539265,-0.4826453374336906,-0.9675232979682731,8.35318160391924,2.7192311826567432,2.456007079355376,0.32132234135440074,0.22200920060255663,0.9332097558949815,0.014950402999047681,-1.330610075627142,1.4854600180408062,0
IRL,2001,0.5309520013194609,0.23937779402699014,-0.39689790714968665,-0.4826453374336906,-0.9675232979682731,2.4087377905708487,2.7540412726418957,2.4103813698467875,0.32132234135440074,0.183095309765073,1.2183365729476943,0.014950402999047681,-1.074189979096573,0.20159867654830274,0
IRL,2002,0.6850563761577143,0.2001033249787075,-0.28386274301497927,-0.4826453374336906,-0.9675232979682731,7.325043992316375,2.554966705929465,2.1051755396954115,0.32132234135440074,0.15625012457348753,1.4184244659037144,0.06132933681716447,-0.6990517225423316,-0.6781471657161059,0
IRL,2003,-0.06412555876183625,0.0014581258159920972,-0.22819504939976631,-0.4826453374336906,-0.9675232979682731,4.1704216639563185,2.154354817810502,1.7406981741459175,0.32132234135440074,0.4131351966196176,0.9652512899359472,0.19306472399285549,-0.4030597139628702,-1.8423999197078815,0
IRL,2004,0.91581290850357,-0.22825846644805584,-0.2254329119303092,-0.4826453374336906,-0.9675232979682731,-2.6153103381726153,2.139136518790255,1.7609462917300343,0.32132234135440074,0.641019802446824,0.6666767825396769,0.4380935282409782,-0.004215934813838282,-1.073911716444938,0
IRL,2005,0.6436231291878344,-0.17964559906273633,-0.27940082864124083,-0.4826453374336906,-0.9675232979682731,7.107047480108664,2.0996176829678683,1.882901525596906,0.32132234135440074,1.1189593198132555,0.46123054793285845,0.6902793832267526,-0.47183399867195047,-0.12696078809784117,0
IRL,2006,0.44839664788384953,0.07901849698446588,-0.2543291193030914,-0.48507232026812425,-0.9698118666198269,2.6477719219400657,2.0790626459381922,1.995397204412096,0.3522238442601014,1.3637593941088524,0.32486865695210976,0.9448880726398905,-0.20280212559771865,-0.2213026600384745,0
IRL,2007,0.5320676435867118,0.24513832718241624,-0.12153404865611375,-0.7832757362954346,-0.9709453945566824,7.10995708744012,2.154196528348948,2.071040661567411,0.044257163638017,0.9548306160504724,0.2445360260434313,1.1177095882133674,-0.5980073574197363,-1.0026273398901613,0
IRL,2008,-2.010840866902433,0.09649235648577785,0.2596409221289708,-0.8565849786334396,-0.970416302733938,2.278068662890273,2.2999714018530977,2.222337908379968,-0.4124259026159196,0.2466124891440963,0.18918006353618275,1.2227636148336594,-0.6590481551510451,-0.8389151392446553,1
IRL,2009,-2.1696623428030195,-1.3869360431322204,1.4994157016891538,-0.26786176469138134,-0.9562718885031545,7.333688291096246,2.684490336717162,2.4305303078772993,-0.7167398637313228,-0.42796701407434135,0.5678299823218687,1.2601894672757983,-0.4085618006580534,0.44466105726524363,1
IRL,2010,-0.4096644108801879,-0.7698066814350597,1.9084245192818452,0.2739512819467258,-0.9564451545543909,5.292423513495252,3.0918579101394235,2.753597050211586,-0.5562833117986418,-0.8936663644440467,0.4500822173606521,0.8025238970039998,-0.21660875198840987,0.41983163800050427,1
IRL,2011,-0.4289046877945901,-0.1634825056373049,2.0826516519706795,0.295842084383753,-0.9625827949802631,2.763559048091419,3.053660152841869,2.616096372132115,-0.6239540830018919,-0.9225626210190991,0.5957785818437547,0.5638230447566149,-0.21660875198840987,-0.623390323256711,1
IRL,2012,-0.9517813624793554,-0.31285943482695255,2.1032614469350905,-0.4869228690139739,-0.9628001048839752,8.30860901215654,3.1124793915878475,2.7430552396670547,-0.6035055823351881,-0.49219620561675,0.4630219186073528,0.511379876019338,-0.179263971768649,0.7475524847238607,1
IRL,2013,-0.2772597362026213,-0.5191385167222352,1.7386593009667486,0.5057777213742615,-0.9644218343979607,9.807727462518251,3.3594945493961927,2.90955058629136,-0.13869600507004096,-0.7275943095187507,0.39218778252193975,0.40622188908205625,-0.07712738020472326,-0.4668072000621336,0
IRL,2014,1.59025312732064,-0.5758270776729766,1.3398491447997456,0.4504700673219041,-0.9654544213890727,13.150564238495097,3.5825785613288987,3.202337266788886,0.18686357143403076,-0.17560149870509553,0.46046314125225496,0.09914950889696816,0.0938131287704836,-0.12839479063990417,0
IRL,2015,5.546612186123094,-0.6670854159930895,0.9255285243811753,1.1517380271015278,-0.9643710725964095,25.620482190049373,4.065797577166876,3.2471134511984356,0.8215431748629787,0.4656547130966395,2.5085223583045426,-0.24706926146314628,0.0861767891508124,1.9401934647740646,0
IRL,2016,-0.5291624833876709,-0.6056927056556941,0.5995963029852336,-0.10925651319036632,-0.9566234203549121,8.49364347146551,4.169648254446906,3.897042397169396,1.0101939382467326,1.9413653884340996,2.2054883770735216,-0.29662230584946564,0.6637461222690882,-0.1007052896291668,0
IRL,2017,1.7779854884157884,-0.5458801345378674,0.24668012323382574,0.3771189135810859,-0.9545411668968742,6.485811408314763,4.141207627806884,3.621854455382836,1.0220511503925724,1.6948589537573284,2.1429402310761887,-0.35748302106423835,0.6018706571219253,-0.33639489708534737,0
IRL,2018,1.1496187490409433,-0.5268271546296559,0.040157229363646046,0.8710912167121253,-0.9523932677006067,6.465781077726458,4.035829217043202,3.221605439134253,0.8305235344295708,0.7888352240495934,2.225986429427491,-0.39459167815511764,0.6637461222690879,-0.579751332780268,0
IRL,2019,0.4445089840855379,-0.44521510633089434,-0.12790821204716873,-3.42559597220859,-0.9558930326183933,2.0037747933199688,4.254952888349164,4.661594901217586,0.9048436773243185,4.735381692404217,2.1122896344911593,-0.44138130193750535,-0.21692412386220425,0.4493616971148374,0
IRL,2020,1.0107236043817678,-0.6662502334473962,0.01508552002549679,-1.0561712417613696,-0.9493305750712415,2.1510777629859272,4.612976507642989,4.30285266678682,0.9967562025921906,3.0176553055501394,2.3377560235018007,-0.48884016668989305,0.6608671824542874,-0.3335654702713568,1
IRL,2021,3.3745632852151037,-0.1999660277483882,0.17104005099330732,2.1972495019782334,-0.9295613766793789,4.458615030812609,4.470631437557711,3.132622445201062,1.028288077390522,-0.0061859499537348555,2.431307096619917,-0.5636647671176063,2.632277991974876,-0.48412991905554825,0
IRL,2022,1.1035283213530558,0.7598931173502397,-0.23095718686922345,1.6071515632655644,-0.9341295327522787,-2.9777918637955607,4.600222585962796,3.30645834191932,0.7783352972044845,-0.02903811261674915,2.8038174849699105,-0.5769645946551054,2.001712374490933,1.1635121787328466,0
IRL,2023,-1.5051517794362697,0.49234263809887746,-0.2781259959630298,1.4452759075392076,-0.9396783723622452,-9.373276993145017,4.47599702825478,3.5408433573741696,0.9536033337525293,0.5544472046042935,1.827828460827067,-0.5797675392135504,0.6608671824542874,-0.3985138905871021,0
IRL,2024,-0.17171065295783908,-0.23964154659334982,-0.26601508552002556,3.0744044026163015,-0.943959250237781,-0.41747198740124597,4.7869445009387315,3.49573496606696,1.0206007415919507,-0.7457119624362493,1.795772001447325,-0.5981379883009158,2.6322779919748758,-0.13612987675892935,0
ITA,1990,-0.3310462904730081,0.5198287894755994,0.9656857537448214,-0.14295369560327933,0.09023537160506105,-0.5043758039963507,-0.4565183326627321,-0.5517860607460104,-0.1619836290290285,0.013925572979113156,0.5455347964245733,-0.13366402901353827,-0.24436606004148884,0.24595650102959224,0
ITA,1991,-0.44718785657544863,0.48369979116042755,0.9656857537448214,-0.23836296204919827,-0.11801589141895652,-0.6280484883179911,-0.5074080020951288,-0.6103161112632466,-0.2375565046741253,-0.043150781739561606,0.42013193356747064,-0.13366402901353827,-0.24436606004148884,0.24595650102959224,0
ITA,1992,-0.6300151834723053,0.31243451902484654,0.8008073940295339,-0.28412145332025024,-0.4500606102799247,-0.612827193558925,-0.4889734799351534,-0.5819074468569758,-0.3266136720302699,-0.1433559159076718,0.34988718984866185,-0.13366402901353827,-0.27487676184046195,-0.19461494976032379,0
ITA,1993,-1.0680395017852278,0.19984619433726983,0.9901200467438652,0.21885854712861305,-0.2925144886310465,-0.5725189923770642,-0.3675171787612246,-0.5854766101485258,-0.26220236958221427,-0.5394431190287247,0.32583503116342677,-0.13366402901353827,0.5146181920732714,2.7725277553157,0
ITA,1994,-0.2881420279918484,0.0993171104166268,1.1758206735365988,0.2999656115742269,-0.2840385785875083,-0.625216536788082,-0.30628824119268017,-0.5267583202138615,-0.2539331194089893,-0.5497347675173417,0.3633532211682419,-0.13366402901353827,-0.37780333244086256,0.13251250703500037,0
ITA,1995,-0.0970996414939743,0.3062849396842387,1.297992138531818,0.4598199919060103,-0.36033263635738766,-0.5510142855739004,-0.18976127297967274,-0.41025688052374903,-0.07373418800263938,-0.3854932059447017,0.4067750022910653,-0.13366402901353827,-0.1788784535763124,-0.01836571936336825,0
ITA,1996,-0.497261681034693,0.09147166683606398,1.3411239774779566,0.6154467390808827,-0.284138381029473,-0.6007817083634797,-0.22951240623950317,-0.49797424177443594,-0.05525485369603711,-0.5010112990560327,0.361038990258113,-0.13366402901353827,-0.23668127461506167,-0.6778110003445889,0
ITA,1997,-0.34663829521547224,-0.2519419970611529,1.3668331031552112,0.5387620822435146,-0.25322742354380723,-0.5915513924253735,-0.21170216244243448,-0.43796062212499853,-0.04745312729726066,-0.4728938660184654,0.3321356495698523,-0.13366402901353827,0.06719351129255387,0.9608673622186515,0
ITA,1998,-0.37814439708146463,-0.2673340801572107,1.3948794220758534,0.36534370676287464,-0.48762201523686705,-0.6227633462559349,-0.2149193535295125,-0.4092084523137411,-0.11918961325605694,-0.43886234635572385,0.32042599538012995,-0.13366402901353827,-0.37780333244086256,0.07808022637466758,0
ITA,1999,-0.4109574357883815,-0.318329452346598,1.3022415807925214,0.23103726459022553,-0.5634824674148271,-0.5011686121651608,-0.25072738725510046,-0.39041272005228456,-0.17497077568905245,-0.3659383684666838,0.24506059882304568,-0.13366402901353827,0.5098530761789942,-10.585051627274519,0
ITA,2000,0.16130465447843137,-0.1654572627319588,1.1222777010517373,0.048526371798171944,-0.5573226620008773,-0.29269598933637575,-0.1503441307449194,-0.2299273255020816,-0.21537165060554195,-0.2702854842157945,0.20441795011953867,-0.13366402901353827,0.11220132690365209,1.4854600180408062,0
ITA,2001,-0.3256826639704309,-0.12218143594959346,0.8598746414533097,0.12130854411890127,-0.565618102482447,-0.2492199545684093,-0.15034894338851215,-0.2497090757054742,-0.17878336244081272,-0.2730934869268102,0.14073524088994466,-0.13366402901353827,-0.1788784535763124,0.20159867654830274,0
ITA,2002,-0.7765387600750611,-0.1781109302076602,0.777435461595666,0.01093643824918052,-0.5161513185650283,-0.2226375585863378,-0.20239641539220035,-0.2854677193219422,-0.17064200103408372,-0.15768513619964605,0.09155339419065725,-0.1122247205004249,-0.24859199387915365,-0.6781471657161059,0
ITA,2003,-0.8293421301128536,-0.14187306521156515,0.7047699989376397,-0.036408467195250975,-0.5382807153709913,-0.26079895682356513,-0.247784024114036,-0.3233913682864038,-0.23745023709037927,-0.23060927907094292,-0.00149036464297993,-0.070157202548955,-0.03100650007461432,-1.8423999197078815,0
ITA,2004,-0.46391503335100065,-0.2233288998761693,0.49166046956337,0.009982739039441633,-0.6026625177871423,-0.30570917830812194,-0.21848336982429797,-0.29600304317815257,-0.20572866580036095,-0.22106208896153384,-0.036336884212080305,-0.03975829716324606,-0.19779103071679957,-1.073911716444938,0
ITA,2005,-0.6486737428429648,-0.2620518351314487,0.4627642621905878,-0.05867588823810805,-0.6127244406263114,-0.0023822396584175106,-0.19409313123639224,-0.23489097982841067,-0.2520710348540547,-0.23899293817865164,-0.08328427030542057,-0.00015936903085869215,-0.26472142342128047,-0.12696078809784117,0
ITA,2006,-0.3794148815922324,-0.24359457967429662,0.26027833846807624,-0.15282588192798832,-0.6131896271501325,0.32786422366637713,-0.12983728661724758,-0.12619856634919946,-0.22906203289221647,-0.11000389588435548,-0.07661071667485159,0.061538134049540234,-0.4638620177014507,-0.2213026600384745,0
ITA,2007,-0.4669604550340462,-0.2892525487309677,0.11133538723042605,-0.1373494360740803,-0.5939447839244497,0.3484165847825696,-0.0801409694661609,-0.09193368339017194,-0.19698756401674775,-0.06985413946870637,-0.02504717287846728,0.13856894526460517,-0.4590482705702618,-1.0026273398901613,0
ITA,2008,-1.1122637525356154,-0.023790147888721632,0.24880484436417735,-0.3652825670009387,-0.5822640536719319,-0.8339717919481155,-0.10108248196385075,-0.09729548312959131,-0.36961105216130413,-0.1597218617646848,-0.08896269441700379,0.16321353832687652,-0.3170669866931799,-0.8389151392446553,1
ITA,2009,-2.2240223193429944,-0.47373133010275625,0.46680123233825577,-0.20900805723089524,-0.31986349230364547,-0.43134605733558257,-0.2872616059289683,-0.31885735343980354,-0.4983939917776926,-0.5209258318503994,-0.33290079578014203,0.2118077552934956,-0.2813859865449868,0.44466105726524363,1
ITA,2010,-0.4496133247770431,-0.34245113899259116,0.5972591097418466,-0.46074020279950095,-0.2569334735254407,-0.5328790320129384,-0.1771329750786195,-0.13230702195476746,-0.527342710687733,-0.3517030703029711,-0.26525947470478783,0.28183256790171923,-0.5053207981860413,0.41983163800050427,1
ITA,2011,-0.6660556234230957,-0.12297405023824047,0.596409221289706,-0.37469190092421933,-0.2925870900369511,-0.17023542506508155,-0.10857762846968473,-0.07624454507167967,-0.4935241123372962,-0.3701943819330704,-0.2694307966403802,0.29338424840418204,-0.23117500311067388,-0.623390323256711,1
ITA,2012,-1.658041312941421,-0.07738116357458875,1.084245192818443,0.057943413425920236,-0.13163516694137042,-0.6951410571306644,-0.04928348879655725,-0.12481220776462999,-0.5092122010962337,-0.7887789159151934,-0.319434523981742,0.2895109891099198,-0.5609931475320961,0.7475524847238607,1
ITA,2013,-1.3186436645939377,-0.395876617314679,1.4016785296929781,0.2725992059062767,-0.29310399722508906,-0.3766697352185207,-0.041268012086850075,-0.1749498299481953,-0.4846114679538167,-0.9377476880328987,-0.31928549413827617,0.25242532701453513,-0.23117500311067363,-0.4668072000621336,0
ITA,2014,-0.8469820621925467,-0.5670608707551497,1.515138638053756,0.3875975508776645,-0.31445618823458577,-0.42005127324801905,-0.022716801205446942,-0.17613358142016333,-0.41430287926347026,-0.9268560259018527,-0.3089984803528358,0.22459925556034846,0.024088317956196006,-0.12839479063990417,0
ITA,2015,-0.6166719953285325,-0.6024287245111943,1.347923085095082,0.30599394582587097,-0.2751580893420241,-0.4421606505520247,-0.0009658262524616891,-0.15403847266368006,-0.44163496016052434,-0.895218363109283,-0.2519761876763936,0.20835453642521493,1.0224357521460574,1.9401934647740646,0
ITA,2016,-0.5256562573024739,-0.625652147453529,1.3037288855837679,0.5163071056427476,-0.24016735366241618,-0.21750795801675496,-0.015364607089030783,-0.18569059673097196,-0.2932922107479336,-0.8286564650336066,-0.19824680155881383,0.17738681082070681,-0.5133301195319114,-0.1007052896291668,0
ITA,2017,-0.43024609837844124,-0.3947330392688468,1.2023796876659945,0.5194375884208561,-0.23796608953179177,-0.53978464654742,0.04054985104597062,-0.0986605437831395,-0.25460576693209086,-0.7579185817556451,-0.177784266836516,0.12532910788573146,-0.5742891216461828,-0.33639489708534737,0
ITA,2018,-0.6319958578046391,-0.41030406439517153,1.059385955593329,0.5351517223020468,-0.3025046916020136,0.04563771159707894,0.06863435887971142,-0.0496866102751726,-0.20310804158080764,-0.6819411932680922,-0.16021463144590378,0.07463222433358306,-0.5883518224193576,-0.579751332780268,0
ITA,2019,-0.73519642787029,-0.5023256066280575,0.9204291936683315,0.6485910009040826,-0.16093115229779734,-0.07290868544152605,0.07431973398113902,-0.08417525954143548,-0.17491436553743608,-0.7278168015083774,-0.17958980222448112,0.03620785480278353,-0.47176454855277683,0.4493616971148374,0
ITA,2020,-3.1491171709989065,-0.6332921981437862,0.7733984914479979,0.7689892524702845,0.1844383969899529,-1.0101372438666703,-0.018403679115008384,-0.20587754395318866,-0.15690002039534848,-0.7997739116270731,-0.22321749159176696,0.15389502144417627,-0.4583135765752191,-0.3335654702713568,1
ITA,2021,1.4721892493930115,-0.28155108189081685,0.8382024859237228,0.4440862539646669,-0.009688573504107916,-0.27196819898085484,0.08356426982867521,-0.017519168232791198,0.04913244487778915,-0.1655405676013278,-0.10438244650361614,0.06897168373270612,-0.43208156418426263,-0.48412991905554825,0
ITA,2022,0.4051215773364524,0.8249139432905063,0.5347923085095085,-0.2186458538357345,-0.1962267509412022,0.3390315067725851,0.24731023598627863,0.35696201594428884,-0.06020223430740464,0.2358889224027696,-0.10211381304160246,-0.013020584625448953,1.0005477708636838,1.1635121787328466,0
ITA,2023,-0.6070320531057103,0.3739181384723287,0.44087963454796575,0.1379391193995549,-0.13373108797023833,-0.05779627900372664,0.17352526454565223,0.10958926868221719,-0.01417833012366884,-0.00010144250957220662,-0.09070391097072636,-0.09559749523806572,0.04899077537991857,-0.3985138905871021,0
ITA,2024,-0.6433178853348673,-0.4374283178334695,0.20142356315733576,0.282776289843846,0.02672291158364125,-0.2749615448522791,0.13207103824517416,0.03668745370589785,-0.012412749594028124,-0.12411285295067848,-0.14205906546261524,-0.13160759633416919,-0.17291316749604543,-0.13612987675892935,0
JPN,1990,0.42369487965317076,-0.07088437942440709,-0.7421650908318285,0.3300923258258386,0.3758404354797533,-0.6761977838832467,-0.8056718550375891,-0.9810747762656915,1.024274666985743,2.2357848468166224,0.9700270269617547,1.4374910082171293,-0.3264817907849046,-0.8543646253438328,0
JPN,1991,0.040677965409576966,-0.0406461864862653,-0.7421650908318285,0.3300923258258386,0.3758404354797533,-0.6835988535222387,-0.82338971721609,-1.0348776582286274,1.024274666985743,2.1591410103519637,0.9700270269617547,1.4333517858856468,-0.44907958647899515,-0.8543646253438328,0
JPN,1992,-0.6264337438904374,-0.30139839383129197,-0.7211303516413473,0.3300923258258386,0.3758404354797533,-0.671879419581522,-0.8273867471217595,-1.0651853820989419,1.024274666985743,1.8516435973712848,0.9700270269617547,1.479853963862945,-0.6614634396180965,-0.75119655220509,0
JPN,1993,-0.9810916027700792,-0.3918455260821191,-0.6401784765749496,0.3300923258258386,0.3758404354797533,-0.6941283887821059,-0.8520644134304936,-1.0977004338130822,1.024274666985743,1.6459077335254588,0.9700270269617547,1.5228149151998596,-0.5552929157721147,-1.4023219387258445,0
JPN,1994,-0.5887875899857368,-0.48759995597567807,-0.565600764899607,0.3300923258258386,0.3758404354797533,-0.6896040002911256,-0.8550895270497,-1.0901149880698966,1.024274666985743,1.4228543130875657,0.9700270269617547,1.5450791700636146,-0.5771323328326434,-0.9714674616725357,0
JPN,1995,-0.2385436016449155,-0.6315770210976858,-0.5103580155104643,0.3300923258258386,0.3758404354797533,-0.69546760949918,-0.8545946218849898,-1.0602717175371812,1.024274666985743,1.4276514563214449,0.9888834236505002,1.5294884938077653,-0.5878823952442445,-0.9596981812371107,0
JPN,1996,-0.04812464835301392,-0.5853250998806562,-0.46085201317327107,0.3300923258258386,0.3758404354797533,-0.6959938201529596,-0.8352305312033791,-0.9969695316895345,1.024274666985743,1.6167655595001684,0.9782058041141968,1.5217276685703753,-0.6131702845049009,1.512349873894139,0
JPN,1997,-0.49274759354749653,-0.3035804531225778,-0.4627642621905875,0.4517280438039721,0.4427756225624163,-0.6766257793357896,-0.7913771896873164,-0.9749930302389641,1.007190476085819,1.4811019127386902,0.9568864216991522,1.6867548928958136,-0.42449600936826026,1.049483852936564,1
JPN,1998,-1.3068603653655002,-0.493455141785401,-0.3131838946138319,0.5679982187442566,0.6753434117189947,-0.6744369205056931,-0.7889526752021719,-1.0086230846782698,0.8931735373652487,1.1806337890411203,0.8767446952474648,1.804949372795217,-0.675953395955887,0.73218790139769,1
JPN,1999,-0.9368708133137168,-0.6688930299521468,-0.18591309890576868,0.5116020375071909,1.0858847808521426,-0.584851073264746,-0.8118472369100566,-1.0228205386244387,0.7353991259820157,0.9552558652556369,0.7882439787358767,1.8484347153118728,-0.7073797061686333,-1.4843378546291808,1
JPN,2000,-0.07334564562134081,-0.7275223694489226,-0.1708275788802719,0.5386440062655102,1.2229296623149488,-0.6211687680930932,-0.7861990346728248,-0.9872691790870792,0.7848241127189811,1.0172457905626644,0.8070429653757144,1.7264364764934395,-0.8453190969744765,-0.6896197909941499,1
JPN,2001,-0.7727276144623572,-0.7386222995965115,-0.11303516413470736,0.4274332241891165,1.698403087822894,-0.6566910524323565,-0.8019820437866889,-0.9689658818563759,0.6702788639653984,0.917595434294662,0.6675876446125257,1.3668306253202198,-2.592272871029492,1.2112169570736127,1
JPN,2002,-0.8245557707662586,-0.7706994384800355,-0.03527037076383715,0.5338572093012496,2.2941952819508824,-0.5999829871452008,-0.7701798215979601,-0.9640017236635219,0.5646054980820022,0.6380540918071275,0.5938974873656242,1.3371147459544774,-0.8840783050525133,0.20693988589683798,0
JPN,2003,-0.48829791042999326,-0.6540722526263874,-0.06395410602358427,0.6166954062370292,3.2934728738011376,-0.6282643001329774,-0.7436356841183464,-0.9498107181832748,0.5685920630406424,0.5750429363017246,0.613366686277659,1.339311185750709,-0.9200936546727191,-0.9144903018312932,0
JPN,2004,-0.2980277206970826,-0.6107110350000062,-0.17380218846276424,0.7254966157858906,3.5167728941062517,-0.64214129235448,-0.6881848874061167,-0.9004028803864975,0.6128167798468417,0.5551771364416763,0.6453895600713802,1.2582476308430837,-0.9124402578153187,-0.8241512113191292,0
JPN,2005,-0.3667443549796882,-0.658689455491238,-0.23499415701689158,0.692318851083033,2.9855705140830664,-0.6563391712569061,-0.6453026536067887,-0.8268263335975733,0.62455883954325,0.6080071955282664,0.659636696933851,1.2590608358020958,-0.950812645731341,0.07055808723496032,0
JPN,2006,-0.44514691235445386,-0.5656081398800928,-0.2889620737278232,0.7383392947031238,2.7810019812605704,-0.7138648014229804,-0.5698471941613628,-0.7347757798830458,0.655904223718214,0.6204374573567439,0.6696637734365153,1.2344353040201121,-1.0380224694970261,0.4520267285469028,0
JPN,2007,-0.3978750941901216,-0.5987129898174102,-0.3535535960905132,0.878833173148952,2.7777213544369137,-0.5312044348274523,-0.5023110998577964,-0.6789445583698717,0.7048993550351111,0.5769003754991944,0.7495410625163625,1.1558544127677854,-0.90764697388798,0.005479739872305456,0
JPN,2008,-1.1495170275925173,-0.36788313601526634,-0.32933177520450446,0.566426839051959,2.3585985941605223,-0.5278726080810069,-0.504979588968323,-0.6144027582448337,0.5588587583528902,0.6007704369535815,0.6886219282167043,1.1299740165341652,-0.8900616832704643,-1.404647462601448,0
JPN,2009,-2.387796362461692,-0.8457768283894058,-0.10283650270901948,0.5622519936958245,3.623920451520748,-0.6151426497044714,-0.7028744029714181,-0.847841955073154,0.2601304918382617,0.09085284000636307,0.3895326615849823,1.2222464465004352,-0.7729161089843204,-1.1165738814361361,0
JPN,2010,0.2273444948256736,-0.7365567319378087,-0.09561245086582375,0.7456778462029471,2.9785207319773224,-0.6506902471370184,-0.5997177686893839,-0.7712475344252159,0.3461869614215786,0.0773486700181605,0.6328844543631098,1.118840308273312,-0.8013604400164259,-0.7729850168307598,0
JPN,2011,-0.8986415819704164,-0.6568550332448746,-0.21289705726123448,0.44822469170177404,2.834880336559734,-0.7004914970008971,-0.604646230051555,-0.68230003008297,0.27026031091801356,0.21329321659168718,0.4732001399617126,1.1113093438895842,-0.6964253750743055,-1.0759226481620265,0
JPN,2012,-0.4185016457145436,-0.616917221355953,-0.2536917029639861,0.257339363294208,2.5848591917977752,-0.6926887102254656,-0.6209315080024858,-0.6537570592805687,0.21589200436768557,0.29603358090556003,0.4799857364635945,1.113336277189977,-0.7658801342297292,-0.127551838215492,0
JPN,2013,-0.32806007508618984,-0.5506251422579832,-0.32168277913523846,0.24544110739666936,2.769422307485244,-0.6246851180757516,-0.5654899770034936,-0.5533786923485184,0.24538164105462515,0.3557623864560085,0.40618310117247125,1.1528793675277036,-0.6367481805588795,2.2099532709709644,0
JPN,2014,-0.6114149565319178,-0.12671723195414086,-0.4170827578880273,0.2196584541587218,2.579273013060188,-0.5563757666048782,-0.5027790554282949,-0.47312500973755567,0.3234171883731718,0.5064710745598497,0.4365676616761817,1.1468415895515733,-0.7016562697939557,0.7699091546065995,0
JPN,2015,-0.37928573022182377,-0.47014456872714083,-0.4604270689472008,0.610196256104571,3.2278475589794784,-0.6549841777526204,-0.503435818320327,-0.57031330418523,0.5413683493321652,0.5380393250064992,0.5257218757115526,1.1315396152563255,-0.6892649556881887,1.366138245774738,0
JPN,2016,-0.6635830364896076,-0.6314650718679105,-0.5141825135450973,0.7551060553628155,3.2694481620694784,-0.4138422070514106,-0.5605416973619667,-0.7002366665132493,0.5900651206390518,0.4897875977527973,0.5195328178652326,1.1424389903023686,-0.6085907043716161,-1.184597967580798,0
JPN,2017,-0.4251181449581918,-0.5245418180203942,-0.5800488685859982,0.7853579327991915,3.0952702121561857,-0.564459327980927,-0.49827789840382436,-0.626219215920121,0.6412576742209762,0.5507811829642154,0.535077835766106,1.206719905243979,-0.642998270120736,0.1991090556406194,0
JPN,2018,-0.6300493439424025,-0.43625294370673373,-0.6554764687134815,0.6837577214775077,2.698629311259945,-0.5231454962588195,-0.4692888120388741,-0.5579583065176094,0.6341844227770448,0.6283564943960088,0.560035132563778,1.1974072946410437,-0.7524901400655217,-0.28800155042625014,0
JPN,2019,-0.9267182050074374,-0.5272388858466032,-0.6801232338255605,0.6713393358280374,2.8824610456124367,-0.4277804774217868,-0.5057002084128238,-0.5854628407478443,0.6413908089912241,0.6574229060466092,0.523003532870363,1.3014817149441447,-0.7765580734579938,-0.25934506046248057,0
JPN,2020,-1.9587085145295824,-0.6135827604562603,-0.5828110060554553,0.5899043376100903,3.657442087631882,-0.27150580016097325,-0.5852943798137286,-0.6782761330175834,0.561625673393265,0.5897264738071958,0.4868624531586044,1.5267493326565615,-0.2790194489866503,-0.33995592234415245,1
JPN,2021,0.07876595759889995,-0.6500172812576963,-0.5830234781684905,0.7387847191449729,3.044921140065357,-0.45996923770427467,-0.4880150355939923,-0.5545450341686574,0.6762068655018467,0.657546082183055,0.4725095455224067,1.5034272512557612,-0.6940021487370795,0.16667456375855264,0
JPN,2022,-0.5008802747073035,-0.1724488446760446,-0.6242430680973123,0.44210778842844717,2.109680260604299,-0.31493066584919455,-0.35518978301498433,-0.2540097437224266,0.6054544367220369,0.8099207875115134,0.358414717301319,1.4842662134753821,-0.7574291677401149,1.9479433051457038,0
JPN,2023,-0.6594811218751726,-0.03772677056232728,-0.6272176776798046,0.713218039828182,2.4059433055102932,-0.5352274325579472,-0.3380359798567798,-0.33465721833623274,0.7093978008648983,0.7284992560503394,0.447341832261799,1.47555537784508,-0.7701760716189904,0.5903282830469094,0
JPN,2024,-0.9089559178952463,-0.13033518905102612,-0.6484648889833211,0.8863045556814048,2.264359160650875,-0.5372826156741396,-0.29965451210586214,-0.318438363550056,0.7698216394813792,0.7122755113439715,0.3575710085434441,1.4877821152602808,-0.9640667108584633,0.6847245657086257,0
KEN,1990,0.24177889042943798,2.500220803016331,-0.5889726973334751,-0.9581271835658799,-0.7524024275133845,-0.4615108331657265,-0.14486539308371757,0.08818103349573607,-0.39950924290617196,0.16884924855347733,-0.8152201361503468,-0.6636474401006162,0.9154376855344748,1.9723198752185047,0
KEN,1991,-0.47317746878488115,2.9028811700473867,-0.5889726973334751,-0.35334044658925934,-0.8214543213677951,-0.6144694767043204,-0.08862201409706762,-0.04513768869583633,-0.36546451239478656,-0.32487352349027976,-0.7671429034588573,-0.6470204703310313,0.8698662594605502,1.9723198752185047,0
KEN,1992,-1.0541979310016607,4.17028614528134,-0.5647508764474664,-0.28100744796620125,-0.8847873264390947,-0.6684616941900735,-0.12119409616683864,-0.13581592743955878,-0.7455562970271264,-0.9509478282572038,-0.9150730713428337,-0.6189876444644588,2.698995020231876,1.666139778228154,1
KEN,1993,-0.7549196278653233,7.430925741708844,-0.5466907468394774,-0.6848514662750044,-0.7256407283257972,0.19500696192657635,0.4059263954927951,0.21449308331950026,1.2259414650517104,-0.844337238794061,-1.0216035976840394,-0.6656957058604808,1.665586616281765,8.250466464157508,1
KEN,1994,-0.1630603348424736,4.429441749519951,-0.5517900775523213,-0.9806498041523363,-0.6801621329962737,-0.6591532869263907,0.3282399500618276,0.22752530856862213,0.9254575199853886,-0.58417745083399,-0.9529588685676857,-0.648603486540227,1.2089258531487295,-0.4773599695337437,1
KEN,1995,0.29738363743062535,-0.33741287886041166,-0.574524593647084,-2.8927895394831324,-0.79281864260828,-0.5312960576925223,0.14277052034885812,0.46452520900505945,0.03235286350877483,-0.19358122212805914,-1.041346313884974,-0.5722104233570181,1.7565354933581445,-0.9881286592746182,1
KEN,1996,0.23004037666372043,0.9408146127375508,-0.5904600021247213,-1.2716394824810258,-0.5813343255929677,-0.3783993531555261,-0.16537794135313075,0.12584564074485044,-0.6242012984752041,-1.2473159265939147,-0.5735189754002128,-0.6250023479408475,1.410866143745844,1.0314534562937154,0
KEN,1997,-0.7233209089933483,1.377587201913016,-0.5808987570381389,-2.2431832842161517,-0.6481543607195764,-0.5291936593254711,-0.27020015147907184,0.09022112288870077,-0.6429935129998642,-1.226110335411998,-0.6124860297500994,-0.5908481494470249,0.9283583033200175,0.17090346084097421,0
KEN,1998,0.00763090862592207,0.5663129400106272,-0.5755869542122598,-3.104039826785756,-0.7075799685426446,-0.6294702358673125,-0.37514376514493386,-0.03687023120756408,-0.6440815630986386,-0.9862152801158953,-0.6979043595591988,-0.5958528345731241,-0.6952464955228383,0.16593294552161558,0
KEN,1999,-0.24806358194756073,0.39486823793152037,-0.566875597577818,-3.0459669505557825,-0.7020044984924418,-0.554022077728801,-0.3474823037927134,-0.10267939445929361,-0.4447221088914398,-1.167296887185582,-0.8030012509901996,-0.5625612773485636,-0.36076690123472793,1.6012279313431563,0
KEN,2000,-0.6909202302019705,1.1359540483166821,-0.566875597577818,-0.1739427359120515,-0.29462499218678057,-0.3886924141433705,-0.31601181120864347,0.10708859933503874,-0.9463629133133986,-0.8746918198174434,-0.7801185362435572,-0.572922429291309,-0.5093451099870132,0.7450652844784531,0
KEN,2001,0.13477200331651631,0.3942731777689482,-0.5685753744820994,-0.3275452685699311,-0.2202525266781024,-0.6813634304848819,-0.2599777725967806,0.16930756359736335,-1.2241101304820545,-0.6619254768707633,-0.8517961552215937,-0.5797658615182087,-0.440457558188096,0.2026465136579289,0
KEN,2002,-0.7046382376879953,-0.2662459526972704,-0.5600764899606928,-0.058458694501935554,-0.18596692913371535,-0.6218385871824713,-0.17799511243415778,0.037512390131620034,-1.3353876351606535,-1.2265389221344591,-0.8459524365013661,-0.5716932459994153,-0.040895781741853064,-0.10060992152103082,0
KEN,2003,-0.08525023172916629,1.1072175470593009,-0.5700626792733454,0.24694560805035112,0.03117415602359796,-0.5028268344835735,-0.2118137458925827,0.02648766550170424,-1.2511256688081687,-1.0187686515637002,-0.8612857024374279,-0.5806219224312974,0.13765501196143315,-0.49928796481326804,0
KEN,2004,0.4786300703471849,1.4234353735607743,-0.5753744820992246,-0.045397285356047735,-0.14321827046978242,-0.595059848557357,-0.10660677552957286,0.1621653934788001,-1.0286150690100508,-0.9445077947897764,-0.8222424036411716,-0.5533879947650516,0.2960676585290043,0.32091891975431125,0
KEN,2005,0.6869519719187037,1.1941412304612975,-0.5976840539679169,-0.13579033607034316,-0.19811491858085586,-0.6559083607670697,-0.02744350923982649,0.31139490776215156,-0.8575799196357491,-0.838269284404876,-0.7506113169472094,-0.5662987673951047,-0.03905606174481751,-0.6038461489767802,0
KEN,2006,0.8338604479007853,1.9182531232131397,-0.6117072134282376,-0.24366003912402964,-0.10883809843883768,-0.6267076490454561,-0.25775295975132917,0.13258009087410663,-0.6617405444616272,-0.6861596027925732,-0.4624682006624089,-0.6095871402170447,0.6252615937522906,-0.6037077274375595,0
KEN,2007,0.9320633908376756,1.0972833465006684,-0.6182938489323277,-0.4582138899895314,-0.0064339692970012,0.10668139632600043,-0.3021942982555692,0.11931920573370319,-0.6079915661003166,-0.4042655553634158,-0.4489414257012476,-0.6075859193813359,0.9498373906147897,-0.819653523273531,0
KEN,2008,-0.7863131956602746,3.9792368112320053,-0.5951343886114949,-0.8510392759192811,-0.3023866908500357,-0.6020605346844952,-0.27071420335065893,0.2601642397495999,-0.7204763644607234,-0.5347880670863163,-0.5418996675017795,-0.5777483940434335,0.4914236021793341,0.1634190187038006,0
KEN,2009,0.011973578121491356,1.0055217224493174,-0.5813237012642092,-0.5880044072002515,0.025324140422842097,-0.5991611644621062,-0.43327532450064454,-0.11178263083266181,-1.506338887741745,-0.6265483797887197,-0.6225666236677821,-0.622534306534278,0.5768655898339659,1.1116476960115649,0
KEN,2010,1.245635247964429,0.08349991626403508,-0.5862105598640179,-0.7985348919045783,-0.040028672366563656,-0.5577858067514311,-0.3770157775388758,0.037282904345452623,-1.4621361333311074,-0.27950130994246275,-0.6670710795867769,-0.5955562058005364,1.1321633583056967,0.12912874449759182,0
KEN,2011,0.48299357539715787,1.8428434524353992,-0.6061829384893235,-1.300647441996047,-0.21331160273203512,0.3928116991354285,-0.31760002277641103,0.3538537590117144,-1.5144482210408927,-0.1833698017086614,-0.5483233077606058,-0.552385976945677,0.8303020900967938,1.1396578620117401,0
KEN,2012,0.33956464580361195,1.0306401765532431,-0.6106448528630619,-1.1854096674317345,-0.05542515739389609,0.1650761753374367,-0.3878311356769617,0.1088809867487982,-1.5174161507795816,-0.13582289424739022,-0.6773796043384569,-0.5646973306336968,0.3826545983128641,-0.629866123948284,0
KEN,2013,0.13943033653555298,0.39058270801298717,-0.592797195368108,-1.249738271025556,0.051852299853237,-0.05760743252725986,-0.47424859423334936,0.00855041872729506,-1.6502658773461591,-0.10310902476365266,-0.700706993642146,-0.5400426781347675,0.46598214614914735,0.07187862222288012,0
KEN,2014,0.4567717677136363,0.5935427901067413,-0.5917348348029322,-1.504642181824401,0.11394171090257647,-0.2728597690013463,-0.529255799101734,0.009763404875295192,-1.5559777147843328,0.29046056203200743,-0.8136459134855729,-0.4609677787726453,1.5233680159573202,0.0932626220691562,0
KEN,2015,0.4431695535147019,0.5417823669588901,-0.592797195368108,-0.9848336889534972,0.23719695301597093,-0.38485720809326385,-0.5852925618489837,-0.2065978415252831,-1.4900692303806506,-0.14973131681360216,-0.8256698142878687,-0.4331535748595698,0.5404204153244234,1.0954208969520343,0
KEN,2016,0.2473522277475983,0.4919622460450358,-0.5938595559332839,-0.8294130397257637,0.3339049547099166,-0.47497639769494476,-0.6636310579855366,-0.37892454155216704,-0.8501794538211126,-0.5756447100879115,-0.9131441837235534,-0.4475668677713657,-0.6050386762390286,0.22914617980048546,0
KEN,2017,0.1498442158672435,0.7907031413349592,-0.42706894720068,-1.1033763311681748,0.07970934708943189,-0.11857598491416041,-0.6850225052317781,-0.29990576403510616,-0.9108970836856178,-0.3723383864485497,-0.991072167974136,-0.47848803744062923,-0.12370420798336268,0.07109553642177419,0
KEN,2018,0.6197794424178354,0.21087529748740586,-0.26941463932858817,-0.8318204398725723,0.1475216880355793,-0.40283601767616617,-0.6931392630087081,-0.36654106455908353,-0.8042954742728419,-0.571385453240243,-1.035332853790478,-0.5034233716651754,-0.01887227717844045,-0.3387576562297796,0
KEN,2019,0.48118982712160807,0.3070220653326546,-0.11430999681291822,-0.802274123749861,0.252838795021493,-0.5310519638786978,-0.739583114172543,-0.4406636673414972,-0.8397919946166089,-0.5766655882707687,-1.1027455313485264,-0.5081074076530444,-0.40498846745794287,-0.054125216075770054,0
KEN,2020,-0.9174413134028296,0.3359665866875011,0.012960798895145193,-0.46501927948216104,0.2731209680892725,-0.6976145195585186,-0.7390390568228518,-0.5067099764722347,-0.7270939989490477,-0.5287783937227697,-1.1435298156626843,-0.4912729947424202,0.27741028614211866,0.33220774747583964,1
KEN,2021,1.1241304647344068,0.458857773822555,0.029958567937958158,-0.6927587764022157,0.12869134448773645,-0.561152074013773,-0.6694681894448029,-0.365601771750719,-0.6188496247965499,-0.4144278805420575,-1.17518238054543,-0.5043887120829119,-0.3860547197078966,0.18793550517902938,0
KEN,2022,0.4151965202182275,0.7302367939468376,0.0027621374694573025,-0.6244221798107771,-0.17388364474629442,-0.45244570362725284,-0.5507594492197605,-0.2489346561506475,-0.6439403902059649,-0.621154213237543,-1.1246819011794282,-0.5026603735289533,-0.2630098997088634,0.6600364315113605,0
KEN,2023,0.6384850644100538,0.7322536371385457,-0.030383512164028438,-0.34110841094345995,-0.19330813667669425,-0.5295209424555277,-0.5192272529897013,-0.2536413810392263,-0.6707794386497765,-1.0050710460622332,-1.1585710468266033,-0.49576619445717673,0.8981698992646391,1.8262607341441908,0
KEN,2024,0.3633254344503775,0.17589898677171026,-0.013810687347285569,-0.12563305682228282,0.029549800883186345,-0.5603323150889219,-0.5133232481617982,-0.3050562603976439,-0.7059955539681256,-1.018817330572905,-1.1845884438862442,-0.49576619445717673,-0.876003156704821,-0.5013405417279209,0
KOR,1990,1.75618710648725,0.8899609638588087,-0.6682247954955913,-0.06961628889305606,-0.3978564959829734,-0.5698015852835177,-0.20840482810255023,-0.21510301243008192,1.4413360312322945,2.640704047332303,1.2168176664612074,-0.2726696841740785,0.6442842508616599,0.25261065638082303,0
KOR,1991,1.9768956472237875,1.0227747872432078,-0.6682247954955913,-0.3088051209096345,-0.5186589636469069,-0.5455571863774544,-0.25764423548273724,-0.20161269035624999,1.4368392441532414,2.874466925282157,1.251575229310205,-0.27786605654691615,1.0875603508718792,0.25261065638082303,0
KOR,1992,0.8024700495471531,0.47727909471055074,-0.6457027515138639,-0.040599707908107276,-0.4145622661297126,-0.5997099360507221,-0.24623190640964346,-0.2668603913141706,1.354544966399913,2.479996637671781,1.1565585956203654,-0.29649223960916216,0.4343065053637538,0.5502323925516814,0
KOR,1993,0.969447668501159,0.23031865828899215,-0.568150430256029,0.16605590607029933,-0.34467527509398693,-0.6235668531280331,-0.2630129678189692,-0.3333554449152711,1.35288394266269,2.320272916131574,1.1874084926181865,-0.2991506416245868,0.5884723611742916,0.16776632686436693,0
KOR,1994,1.586629260419149,0.4864731994413495,-0.6535642196961651,-0.07650374984349038,-0.32409016271743396,-0.6122945686545839,-0.23598785733030844,-0.2529482050322052,1.3129847300874193,2.4482058011309666,1.2832384551747753,-0.29217306606730875,0.7856605341141206,-0.10929668140594258,0
KOR,1995,1.6811512378101485,0.17431689525730246,-0.7413152023796878,-0.20399260646493397,-0.35533784596193,-0.5465131537533179,-0.16995358103950678,-0.15335048162125686,1.289314789410005,2.515604651853074,1.3603230039241272,-0.30190834825458823,0.49559429372109465,-0.5487664691707966,0
KOR,1996,1.2279687419230798,0.2519228029244352,-0.7445022840752153,-0.5688356752692105,-0.4008602566616145,-0.5406627756493205,-0.20913896956115513,-0.09772889354203045,1.1276400875742933,2.5719014061027705,1.2145215342730973,-0.26137082506407705,0.5176544065971825,0.3251640736077024,0
KOR,1997,0.7844515922830687,0.16700588570381616,-0.6255179007755233,-0.2194232596137184,-0.6288922787777381,-0.4986575645585253,-0.07064207638727148,-0.0515822873184248,1.1208347989377558,2.2123399821887526,1.2028318706509196,-0.20189758202715263,0.35927413167808975,1.7665770032580699,1
KOR,1998,-2.128937898216345,0.7046569578948244,0.2997981514926168,1.8237722238695426,0.30928942395830256,-0.1654810077591703,0.3781288182857581,-0.06745041771296302,1.2908404210343414,0.7816993967231027,1.2882633812893736,-0.14049007977042563,1.5708554190291881,4.8687388188784935,1
KOR,1999,2.1696194208826682,-0.46705335545685744,0.16785296929777974,0.8181962362451108,0.5281145795053315,0.035882255702358146,0.09776669525452955,-0.14966118027451286,1.088975586849808,1.2647934045269789,1.290718065076597,-0.07815611793422116,1.6038153249804763,-1.7195425393536474,0
KOR,2000,1.5424972817114861,-0.2141608239807016,-0.3163709763093595,0.3865941590054092,0.4760565574578173,-0.018166533831250886,0.15413573138011552,0.08174680984987015,0.9571166151303926,1.5375872802600095,1.3978087519948195,-0.01813292909224431,1.4203385782280877,-0.6451680893307989,0
KOR,2001,0.38039371162033786,0.10189353155293769,-0.39371082545415925,0.16013067640235149,0.7280541974170766,-0.29151461567654763,0.07069250757071072,0.0033760470544967583,0.7919900930432586,1.359645421429828,1.2033165743042198,0.3704977784644196,7.042328273878286,1.3599193503444662,0
KOR,2002,1.163986807921151,-0.12618644590687378,-0.5324551152661214,0.20192331090924664,0.9112572021089475,-0.39945289530976974,-0.012432329846146931,-0.08150722263531626,0.7396847978604526,1.2730230575906176,1.1550281468280934,0.4867123089379173,0.3457468449876033,-0.44309987395498784,0
KOR,2003,-0.04831695847604908,0.005419786457070941,-0.46828853712950186,0.36061624948799004,1.1071775731531428,-0.3572703157380016,0.053260183852563904,-0.024772384055213845,0.8616927215550088,1.4416241513359307,1.1088275386351703,0.4672337904927481,-0.6905968482006062,-0.626709920120239,0
KOR,2004,0.4992287071722471,0.018672604767494435,-0.45299054499097,0.7040662742327006,1.1598643806414122,-0.12771112172556398,0.2686060253627696,0.13573425210668164,1.079982926290112,1.4861212285993293,1.3741742633240135,0.4009568334327097,-0.3776369418073512,-0.5240644212574997,0
KOR,2005,0.2849264170216726,-0.12766764308734602,-0.4398172739827898,0.3099493683104256,0.9274110417179509,-0.20188256206928823,0.2067881367986605,0.12251822378828689,0.9292240053736722,1.4907088491380123,1.3310020406096916,0.4537098710321226,-0.3136141531892925,-1.2385246413980326,0
KOR,2006,0.5151621193685949,-0.2171030325904661,-0.4882609157548073,0.12755728712538375,0.8428344619484599,-0.40147025203960873,0.22006788622158172,0.21326107282564638,0.8442703461673557,1.5354899432504074,1.2815526121582255,0.599517891989955,0.20590268717185833,-0.8302091606550527,0
KOR,2007,0.6701529277324256,-0.16600135784542247,-0.5394666949962819,0.24169010343747643,0.7375290737852086,-0.4414256419035379,0.2865985709567779,0.2783390935550506,0.8925708003605602,1.573384691488219,1.308566502644943,0.6824526903955752,0.04667825025718665,-0.40981455313733595,0
KOR,2008,-0.06657499578090821,0.20809319663484932,-0.5509401891001807,0.1223030415561711,0.13858897923462152,-0.33523003905091076,0.6954144857723511,0.8051106832281346,0.8762036707587985,1.6436802395541024,1.3293356626254487,0.837909026289627,0.1535402901914543,1.7973674035931346,0
KOR,2009,-0.633757465831355,-0.12719464529030086,-0.46510145543397435,0.6711742738858474,0.9744851073521471,-0.37292205162065906,0.5980002172016701,0.48664447811763495,0.8657208290923429,1.0027411031431,1.3594279372489162,0.7919508368926169,-0.04116492327080909,1.5595355821892984,0
KOR,2010,0.9660577443288414,-0.0952309141283975,-0.4733878678423458,0.4960669641955865,0.659962922595536,-0.4156671523722165,0.6714295860989596,0.6377459414713738,1.0323116060016002,1.5007394811256054,1.5995980524172113,0.6907799975037644,-0.4086207405826888,-1.1150586493251713,0
KOR,2011,0.11091823792879735,0.09479207518743475,-0.5439286093700203,0.3127820592227372,0.3708559874390401,-0.43273491042513385,0.9219749801590447,1.0053162740619153,0.9771455308771628,1.575271613237916,1.7202406087340703,0.7214683062259537,-0.4559287006976548,-0.5618045345057984,0
KOR,2012,-0.1851601593172945,-0.226767737081449,-0.5821735897163499,0.720497855110468,0.4652545172754812,-0.44559576266492895,0.9529190924252408,0.9617675999107035,0.9736322462179634,1.258903415189461,1.6854898812403545,0.6966090568226042,-0.518884700900153,0.050012985356102505,0
KOR,2013,0.007937856695344591,-0.38165055697550226,-0.5279932008923829,1.0169841233960577,0.5727659615380263,-0.3827244481037881,0.8366125544820511,0.7424707936329132,0.9896729022108297,1.0554608288790013,1.7021645594313575,0.6662167886185438,-0.5346448650195408,-0.4209497723575293,0
KOR,2014,-0.011980193721099928,-0.3862972822743591,-0.5248061191968555,1.008437586040882,0.6588563422855044,-0.48612597239532906,0.6929325514596933,0.5603503932578984,0.9946495806102564,1.0385121872066152,1.6232929318463607,0.7011156380807474,-0.2049468894462818,-0.528157887608612,0
KOR,2015,-0.08841332469019837,-0.4856985142954157,-0.4262190587485394,1.264304418163108,1.0039354825702385,-0.6019391644659481,0.4919992341476322,0.23686458044911565,1.1076312410481777,0.9647400349786754,1.5624755381387954,0.7058446366089296,-0.20059664638130303,0.6510658237184382,0
KOR,2016,-0.023184121327763145,-0.4392971590161798,-0.4041219589928823,1.1567038468015074,1.1210965104967547,-0.42611397037350707,0.37296305735095975,0.11022705574810697,1.148464360209502,1.068350956257309,1.5211800012539485,0.7337177728755852,-0.3010025122404064,0.15051495071223234,0
KOR,2017,0.04475292802569109,-0.2692144600715738,-0.40348454265377676,0.8481060461838157,0.9132422327309799,-0.3273061437809293,0.40364417725271645,0.23317145479276558,1.1627713177216232,1.374903787185762,1.5906637749648285,0.7528602010267521,-0.49083222711696806,-0.3937520625709795,0
KOR,2018,-0.021992868823419286,-0.35113789385627836,-0.3671518113247637,0.8219944458389171,0.8040364071283499,-0.4608285254902929,0.42880352130086546,0.27702602183625546,1.0668237605884283,1.2641125169359952,1.5552001382801017,0.8035124967754438,-0.33903421054107585,-0.41072390892420974,0
KOR,2019,-0.2458791450555268,-0.5422381564299147,-0.3837246361415065,0.6784124949456719,0.9519440828448454,-0.5021971785656536,0.3282835513217309,0.2361764328677857,0.9698067968453677,1.2559087915238116,1.3682519722506794,0.9203810723089367,-0.22822471666606828,0.4947812288960803,0
KOR,2020,-1.0284287897533133,-0.5152584983887891,-0.3444172952300011,0.8459696524844036,1.3623744236508617,-0.5189570754488506,0.22713389785658833,0.06901452251255433,1.102426005419602,1.3068146026398146,1.278603951919678,1.0748981871693035,-0.047013481522936516,0.008502473275917443,1
KOR,2021,0.3510634228401697,-0.17233858271313923,-0.4064591522362691,0.8343298655114244,0.8997277463338605,-0.29622555658086863,0.4240702257869259,0.3112818729421003,1.1765391252504942,1.456475290471606,1.351914311123381,1.1410491019419724,0.24545746097398843,-0.4473746592244549,0
KOR,2022,-0.13845217270355858,0.28077044613572266,-0.5726123446297674,0.31596262012288445,0.4983512561492106,-0.20614981098018784,0.6723885105294474,0.7596209623182265,0.9710342802097641,1.5851881647457773,1.3853223164997959,1.1773728488881643,-0.5947309708519343,1.2239635838517768,0
KOR,2023,-0.4356167085563042,0.01986051441788407,-0.6112822692021673,0.3967676284847116,0.6026264130193529,-0.3326537178003353,0.506731012730493,0.5502461209664,0.8862002786040039,1.3634524843728624,1.245805344273415,1.1869045380935836,-0.6047724434815492,-0.010180706921395673,0
KOR,2024,-0.32641542496897974,-0.20321815682855335,-0.5881228088813345,1.007682262289244,0.5727367815141206,-0.4544815779685515,0.6333389983387102,0.5188779900353649,1.0357048747267825,1.0670296949625044,1.4014113021190664,1.146428107744395,-0.3547747225449523,0.3372055564325213,0
LKA,1990,0.8150372156085097,3.149574344236452,1.9354084776373108,-0.5411446259948076,-0.5626481865522805,-0.5058763243396162,0.042255822383545444,0.4120617429272102,0.021848725380062353,-0.13388627759153737,-0.3670002255764937,-0.6513866195988022,0.8978150177571103,0.21645146230181522,0
LKA,1991,0.34769318373268704,1.5216392089508401,1.9354084776373108,-1.0368492338251385,-0.40701757123364796,-0.5067737709947314,-0.01776864131086363,0.45013578402532356,0.01399187615622957,-0.031186731361421676,-0.37018374102497786,-0.7892922385690602,1.0860830884739958,0.21645146230181522,0
LKA,1992,0.2957673423491587,1.3813629061265114,1.8417082757888037,-0.7005606504023518,-0.2586286542186068,-0.2511984286105251,0.10852788808149515,0.5549038947062297,0.08924782585114373,0.18605174335965446,-0.29317451014498547,-0.7862846908522534,0.6094143330614986,0.4964271844061317,0
LKA,1993,0.9448720601870608,1.4448916747731797,1.7567194305747378,-0.5382981351293574,0.09252108056998183,-0.034071747535212506,0.19318868743524048,0.6661436539295617,0.19344711277875234,0.38422706978728943,-0.315425219194825,-0.7763621288142274,1.221016294215536,0.9473177999629686,0
LKA,1994,0.6073098035550668,0.8681797098954878,1.5888664612769579,-1.0121101695997403,0.11994862433673316,-0.19618453816057227,0.19368385796866144,0.7753764216454617,0.08258869304557825,0.6114765736499977,-0.30071059815161016,-0.7620025229290819,0.8787596916514021,0.11133014584448198,0
LKA,1995,0.5813895940659609,0.7328573430923733,1.4273876553702332,-0.9171082545882094,0.021302568913994204,-0.5445641085676588,0.2680931588704324,0.7955510559337168,-0.23487327379350603,0.4111045140570656,-0.2748599596162748,-0.5051076526871057,2.399052575364647,0.26355017409236814,0
LKA,1996,0.13998045332568815,2.1774212921696154,1.2319133113778822,-0.7463573025093826,-0.058608157183152605,-0.39233318985841037,0.24206530924611674,0.6927913509715806,-0.16606294319942685,0.18198867683103445,-0.1967349035358037,-0.5200651044538358,0.08810169216726632,0.6954553280284261,0
LKA,1997,0.8164403798825791,1.0649009891116694,1.072559226601509,-0.3530345207443833,-0.09928418969046807,0.30658895427915756,0.30730386523200937,0.6783069093015148,-0.11218406415770173,0.20317783691289754,-0.17828927373169537,-0.5258659268261355,0.4956449198344898,0.5795792271702107,0
LKA,1998,0.373250505513026,1.0282747607730123,0.7687241049612242,-0.15255839918212646,-0.1301318828853152,-0.26405076529327304,0.29503398423605526,0.6134680480303104,-0.07128841062764277,0.3192268365809932,-0.17549296965468444,-0.5350548328641463,0.27133003198641403,0.8423992086569073,0
LKA,1999,0.26994650462197317,0.2112073962496691,0.7071071921810267,-0.5170166729333754,-0.2889461661115288,-0.30079864953297286,0.26334344146125455,0.662357104383868,-0.00808535193278189,0.652189827796428,-0.18704099862426946,-0.5282185568643734,0.28834658556446624,0.8789865305707046,0
LKA,2000,0.7111932782273509,0.47080808601023155,0.4648889833209394,-0.9820312279714294,-0.5817984766830495,-0.32918560807782954,0.410598828870964,0.967875103515562,-0.13000322430892886,0.7679468683745191,-0.14597070212883653,-0.5336249641270252,0.23899314976815433,0.8183482522921883,0
LKA,2001,-1.2478629175179752,1.8666190040929722,0.49888452140656575,-0.13949838474241777,-0.43545259641520984,-0.3120652901654827,0.340368422163778,0.6767669438158775,-0.044941073653421044,-0.1650961629051465,-0.27105416489099454,-0.5093765938903261,0.3073980325336762,1.5568298664663427,0
LKA,2002,0.18274444215975508,1.0609377249194463,0.6816105386168069,-0.1499525311231543,-0.2875301424060344,-0.27775970764463925,0.2395634833948312,0.5735832023663946,-0.19194804374807295,0.03356893184093838,0.3972851987783931,-0.5055213113805292,0.2853329548589975,0.6097972705637894,0
LKA,2003,0.6956764665260815,0.4950028721021422,0.5668755975778184,0.030663566262234144,-0.10546163053465295,-0.269652244909264,0.2287308047851738,0.5380415041702141,-0.16108631301295118,-0.16255206565301433,0.32739415994833493,-0.5092129236747059,0.4697882930371894,-0.031418506370771766,0
LKA,2004,0.56710348191111,0.7155591022452876,0.6008711356634446,-0.4418875778685267,-0.2794980581573043,-0.2994271724098557,0.2569728469407857,0.7048821082033541,-0.11967835862702013,0.3373105197173524,0.3446314775784647,-0.488251189999823,0.8738240808255866,0.3813473694243035,0
LKA,2005,0.7739507798328763,1.4261721212753886,0.45001593540847784,-0.3613662897035042,-0.19216081343045424,-0.3031376247511148,0.13214626478482333,0.5661435090284319,0.0632005147174031,0.5806014465358814,0.45064646715141804,-0.4794397210872114,0.8213437681167214,-0.1974005910861153,0
LKA,2006,1.1443306521349172,1.1429763914365776,0.20142356315733576,-0.8127027202711732,-0.28857779702114894,-0.09881855806078933,0.040076280980381324,0.5596777964343058,-0.06857468925166388,0.758769223393731,0.41222656603063085,-0.45907164895697994,0.7060234635006439,0.23038525076080227,0
LKA,2007,0.9180681482143651,2.1610329401067094,0.08881334324869868,-0.6467635410044572,-0.20048787405334087,-0.040089479046070756,-0.0021795323830948884,0.48075441816878794,0.015237165242781526,0.7544766392638363,0.31481446718248657,-0.46457745699611225,0.5865348756058717,0.5502689907097595,0
LKA,2008,0.6982258341168481,3.336548546821905,-0.07054074152767449,-1.539430244665879,-0.5137099151895351,-0.045873603914211136,-0.18035009701654797,0.4343972222470094,-0.48528884139886175,0.6926742467581388,0.24204098488002723,-0.5245872370007767,-0.17550786931958043,-0.3419712703287854,0
LKA,2009,0.07220155290688886,-0.003307995856240473,0.06331668968447894,0.0074007670246810115,0.32665272121509054,-0.35791715462426604,-0.32681853801134775,-0.0804983030200206,0.042374895385939845,0.21055575990985392,0.262600551518966,-0.5731568809506964,0.7793283193301185,0.5132623544590633,0
LKA,2010,1.2345991673796632,0.47804280911650965,-0.16317858281100606,-0.2191589407624534,0.35871531210874275,-0.4092518331724505,-0.3367897121264585,-0.08687983175594433,0.16344686163621733,0.46414731237584383,0.3092958514436027,-0.5866441558438004,0.5144385367459229,-0.29657481564990434,0
LKA,2011,1.404274315111233,0.5653217876676607,-0.3046850100924253,-1.0717411358357314,-0.11268037350093138,-0.19946007548200936,-0.34676088624156937,-0.09326136049186805,0.2845188278864948,0.7177388648418338,0.3305730388208819,-0.47097390591479027,3.7299390827046692,-0.3567141226585034,0
LKA,2012,1.3945895272271729,0.7097864127231669,-0.3552533729947945,-0.879757528206473,-0.05554895830882053,-0.2258288086983839,-0.3567320603566801,-0.09964288922779177,0.40559079413677224,0.9713304173078237,0.48074939647480647,-0.46740657202524694,0.6869416599664357,1.4873317476438823,0
LKA,2013,0.2053509777429061,0.5988404141389071,-0.2902369064060342,-0.4703892320876462,-0.015832820977124813,-0.2695985720510912,-0.3667032344717908,-0.10602441796371549,0.5266627603870497,1.2249219697738136,0.2568325944945017,-0.4735216715465072,0.555348230203624,-0.005172869510633603,0
LKA,2014,0.8093209969562855,-0.05331280731544101,-0.29639859768405397,-0.31762722164412643,0.0034661670175330506,-0.3148683434245358,-0.3766744085869017,-0.11240594669963921,0.6477347266373272,1.4785135222398036,0.13530020759422157,-0.4613310479467998,0.3934114742187359,-0.004107290702177253,0
LKA,2015,0.2453889779785439,0.04974711847467261,-0.2194836927653245,-0.2841096335907077,-0.10672614043071105,-0.41477408513124714,-0.38664558270201244,-0.11878747543556294,0.7688066928876046,1.7321050747057936,0.004231002754927937,-0.39888479407766286,0.6311854035985569,0.29881536903748057,0
LKA,2016,0.4654731261389141,0.08306267720467336,-0.27833846807606505,-0.24426368517958827,-0.2786960556954915,-0.3371709575959088,-0.3895368185347078,-0.13692176744127207,0.9853502565343063,2.0687042573078984,-0.016952241524011955,-0.3593618009393348,0.5513604024508313,0.6237374557198899,0
LKA,2017,0.8307933790000784,0.7379789800880239,-0.31998300223095716,-0.3241960023390648,-0.12186054378685686,-0.18407334267936423,-0.3728532489499619,-0.12399940109713303,1.237544175417146,2.574796160232416,-0.167812096551245,-0.34138648452254794,0.6659470082286141,0.36810153405645163,0
LKA,2018,-0.2468444270807003,-0.23586658718321077,-0.26219058748539265,-0.4126896953801927,-0.27368828740450685,-0.09463996382448574,-0.3219038061307997,-0.05441526761220935,1.0443145325498022,2.316638758379164,-0.14887938750929414,-0.30541694225248295,0.10221265708597295,0.5623787356123641,0
LKA,2019,-0.9038669927964512,0.007783810143143797,-0.18740040369701477,-0.2598935293955304,-0.13668527746321302,-0.40189291376448033,-0.30617421581682697,-0.09101967620672544,0.7676347381617052,1.7062743113892078,0.002068773558060244,-0.3014556477386691,-0.18810731667452968,0.923316178738865,0
LKA,2020,-2.047305020796261,0.4669031864141941,-0.039944757250610814,-0.1462459991343817,-0.15608290674595912,-0.5146847319904047,-0.5715798679134588,-0.3781452734370931,0.7066219688801962,1.5149441493556177,0.01881757227393114,-0.3014556477386691,-0.18810731667452968,0.27554200550013525,1
LKA,2021,0.24578388710490076,0.6174339669270926,-0.12132157654307871,-0.5402914058886723,-0.5798329833652921,-0.460472538341873,-0.5105521297825183,-0.24945743629647424,0.8543886978746301,2.112000207491505,0.24351623819979304,-0.3014556477386691,-0.18810731667452968,0.6173589956872778,0
LKA,2022,-2.754725204244124,8.085312479925232,-0.21757144374800816,-0.2397426546318163,-0.7127068628952168,-0.2762770077721674,-0.31717954438161056,-0.21023374243099424,0.21506028894515408,0.6492886732847462,0.4691223537775379,-0.3014556477386691,-0.18810731667452968,6.396530078100888,0
LKA,2023,-1.3734017459310517,2.2832751611795357,-0.21757144374800816,0.387905774566451,-0.38250496008878404,-0.3974435202650975,-0.35720512359275747,-0.32444438577852514,0.23087646829027222,0.18571604128939528,0.24448972400369673,-0.3014556477386691,-0.18810731667452968,0.03271505192881888,0
LKA,2024,0.44958122951589036,-0.6842922651387362,-0.27897588441517057,0.3020924179847698,-0.2618696898242224,-0.42696845294420804,-0.3923743073872286,-0.3429355738478003,0.37039058311894435,0.5062773857605939,0.18014503570457063,-0.3014556477386691,-0.18810731667452968,0.03271505192881888,0
MEX,1990,0.516470103947119,4.051256359531545,-0.5114203760756402,-0.3935938792094706,-0.40199222599044576,-0.3410951138640273,-0.4362135330447201,-0.4654899963204562,-0.32519253121550634,0.03071702372937389,0.40014114956752317,-0.6424874905933478,6.909005918680542,0.6404909347563291,0
MEX,1991,0.18565995126642068,3.353661608287388,-0.5114203760756402,-0.7193738116658503,-0.08903187824745944,-0.1608235288000655,-0.5308990589485759,-0.48771171199069613,-0.4689395520128069,0.05478388378284782,0.36986003678807683,-0.6424874905933478,3.657070299660799,0.6404909347563291,0
MEX,1992,0.07991308197528366,2.1025900978943963,-0.4922978859024754,-1.0577519415424455,-0.18083599081212728,-0.2702363241947097,-0.5799555680680306,-0.4423331177511972,-0.6272874393559781,0.038446256406198115,0.32028740046294524,-0.6424874905933478,1.2460422511286586,0.13974692747414758,0
MEX,1993,-0.10225007799079532,1.0959858807117135,-0.464676511207904,-0.661035042541374,0.03844160242808732,-0.4045328615819762,-0.7325793450590171,-0.7178736201876551,-0.41222950163472255,-0.06924225319215666,0.5883897386305265,-0.6424874905933478,0.6184615387253761,-0.05532112988110436,0
MEX,1994,0.29424501125203784,0.6088710749326866,-0.2371188781472432,-0.8227095969379754,-0.7580722118754325,0.001411615496306953,-0.6842747300918189,-0.6295438112955029,-0.38193225266236297,0.1956203268710222,0.476671175877747,-0.6424874905933478,0.9202264327030576,0.7462784056349454,1
MEX,1995,-2.381138942899319,5.510966564156723,0.3278444704132584,0.0237898370500281,-0.27173185625972274,0.18569546170188764,-0.2627148180859036,-0.41813617191174846,-0.2471723238266139,-0.5813482348072334,0.6721880300610894,-0.6424874905933478,2.0250700572750424,9.314200384475166,1
MEX,1996,0.7678621231304578,5.402394425630239,-0.018485073834059233,-0.0045691646361148384,-0.3004740192146943,0.05190682404067312,-0.1852845397906735,-0.31018303058418345,-0.19251894007458892,-0.5154762966824168,0.811957219003908,-0.6424874905933478,1.569444659463227,1.798364507411682,1
MEX,1997,1.0224541714397937,2.997506895106727,-0.2798257728673111,-0.15595522129401648,-0.12648160626967148,0.16639539043570256,-0.24646979518209539,-0.30096830223223947,-0.1457563655139789,-0.29774111447300655,0.8319800810921008,-0.6424874905933478,4.375708400114628,0.3139364928994172,0
MEX,1998,0.7592375281477345,2.176120983745802,-0.3864867736109636,-0.3964744188359355,-0.36595418322788953,0.109187686400212,-0.24787992763278857,-0.2252818108890273,-0.07954574889149772,-0.041426722727183674,0.8135219442038158,-0.6729060663595438,0.6701218818810019,1.483821069402441,0
MEX,1999,-0.13132109920506327,2.291046680545347,-0.627642621905875,-0.28498373642601244,-0.4260403309192164,0.08108910287476595,-0.2397454405773311,-0.2356089986306083,-0.08509339623881212,-0.12808139491173426,0.6842713853472612,-0.7034793609089751,0.7922941658896484,0.36071943213036306,0
MEX,2000,0.45915339193593824,1.050538420252992,-0.6174439604801871,-0.33794830168711104,-0.47401632788389664,0.17560474957303868,-0.20579518976844974,-0.18348622420794022,-0.23232797012100448,-0.12475955651292521,0.6555987934343239,-0.7186910547170463,-1.3929654021071494,-0.24014231393774196,0
MEX,2001,-0.9636767301766067,0.5042882839258962,-0.6214809306278553,-0.2870818316390374,-0.3189645380660433,0.6324766720582498,-0.3179446835479756,-0.3027671126968857,-0.2372916043673869,-0.43258134921301805,0.5193041126907639,-0.7456051375173128,0.8013426968702083,-0.25068689476246636,0
MEX,2002,-0.9080481752135798,0.27049072465658763,-0.5415914161266334,-0.1670952233207116,-0.23304285254899987,0.1790044621473812,-0.304997213777144,-0.29511260276473694,-0.2591405497208055,-0.4117717455277872,0.41294246460592327,-0.720856625540733,-0.49394811052430343,0.22593491646896088,0
MEX,2003,-0.5388135472540824,0.18588585330196986,-0.44555402103473923,0.004596546106801785,-0.11777055860597749,0.13856223082129215,-0.2297921723919388,-0.21399549446912622,-0.32876414317938174,-0.3387362265868547,0.35899282742628186,-0.7149417090106646,-0.09223941295071582,1.102655098352758,0
MEX,2004,0.07908938716473331,0.21063090155172465,-0.34314246255179015,0.01521129949182791,-0.15598766914431056,0.3834903127421526,-0.16943230270886367,-0.12298688904907258,-0.17788388397397806,-0.1585774462414961,0.36134832106329295,-0.7217862414355188,0.2560444395255407,0.3566584106357084,0
MEX,2005,-0.2979501218133567,0.08816328413626172,-0.4236693933921174,-0.01197547337478575,-0.14971462016659207,0.2688194559506025,-0.15343440407575765,-0.1163356321330177,-0.33924988697676894,-0.2395921120976722,0.2584984571912717,-0.706352987154875,-0.033401470396952286,-0.48523651258379563,0
MEX,2006,0.40092505899269465,0.02545821155007864,-0.4219696164878361,0.04059337694731101,-0.23637042588619298,0.06717633035813263,-0.10892110594233843,-0.07537219951713293,-0.1397074847855232,-0.07850699714891685,0.38187067958035004,-0.6675391763808292,-0.34149619633502515,-0.12408328288251387,0
MEX,2007,-0.30713681161966344,0.08445471255201643,-0.4087963454796558,-0.04983902511557931,-0.2106959242784876,0.29406950522876474,-0.09948569593880292,-0.04891779405579176,-0.16716370907682326,0.0,0.28329416649498385,-0.6408706973698922,-0.016539551935667564,-0.09758223805861829,0
MEX,2008,-0.6017003750198514,0.2869727807017416,-0.3565282056730054,-0.14610791661986877,-0.20158457927959522,0.20581505426966915,-0.0895213525765176,-0.007186812200474384,-0.2730332230150265,0.1622359806993755,0.2715902986292439,-0.6496098957870147,-0.13399192433532894,0.06760970141209706,0
MEX,2009,-2.4810854538490257,0.3171149540761257,-0.04164453415489213,-0.03378993518805649,0.06924642956810316,0.03699204310766518,-0.11065041827035976,-0.06810549393330849,-0.27730155367772324,0.02896190619430541,0.1723365494999644,-0.6258927996273019,0.11293299071097429,2.1160800493247756,0
MEX,2010,0.4441077309320451,0.11765792640775401,-0.05290555614575582,0.03664839399068042,0.035755002132499186,0.27586689684250926,-0.00624613562947532,0.036609477912985515,-0.38775552194156426,0.04012989506461719,0.22653428840344692,-0.6167989975303493,0.22949419483830724,-0.8049218688332459,0
MEX,2011,0.047570815308198296,-0.01337764323889676,-0.08010198661425685,-0.0521083401076311,0.09150468982366936,-0.011861432257638738,0.053185824204098564,0.1069899080235368,-0.37613787090374057,0.18240217339188358,0.21076696611811208,-0.6006891843314497,-0.03245344528089674,-0.3015271571746375,0
MEX,2012,0.07591398923949473,0.10975094310796064,-0.14023159460320822,-0.14662851050122244,0.14368528996054059,-0.1847905083386898,0.09890025674773333,0.15503532385152863,-0.3843667368901019,0.20187865209113146,0.3552419286284642,-0.5835424917955283,-0.02254304397963564,0.5031581350952979,0
MEX,2013,-0.6253869060131353,0.05639602058231425,-0.13406990332518848,-0.3151551219078989,0.1640059471495143,0.6538008606713186,0.06622846119226612,0.11739926907238028,-0.6346076713200596,-0.06047636683239278,0.26194157404210605,-0.5460866199994463,-0.19224189550885218,-0.4412331505499369,0
MEX,2014,-0.19655862861272538,0.09350699919271371,-0.1557420588547753,-0.21709114062709906,0.22394971574886813,0.03735820551301573,0.0957125745998792,0.15104069422538077,-0.5914202689762019,-0.12037647369427085,0.2788174614500385,-0.5419396155496727,0.17577672578538303,0.30108213414275004,0
MEX,2015,-0.14500564036962071,-0.13346461800853618,-0.26367789227663874,-0.3502959106147978,0.13751606794880775,0.35521998428450335,0.20827136657981787,0.3248778786918687,-0.44211971324164073,0.10268673403914844,0.49218790607949325,-0.5081269646719814,0.1754255752716718,1.8868497054710685,0
MEX,2016,-0.38642155671925504,-0.1157914134251057,-0.36099012004674386,-0.2944587584222497,0.15951480877766203,0.5345526521186268,0.3188758152718345,0.45108800960745127,-0.36432090739887285,0.19656869524873177,0.4982570745942598,-0.48103990031391264,0.18914044987256118,1.7340149537901297,0
MEX,2017,-0.36065665271180397,0.447232900526145,-0.4532030171040052,-0.2130058369244516,0.05267102339001299,0.2831963890742181,0.3479938640860928,0.4781827949886683,-0.2541479206370457,0.12683828040507264,0.5374715630305584,-0.4632537025082594,0.08474362574783036,0.021786175181784606,0
MEX,2018,-0.3346014142247896,0.24751733869986997,-0.48379900138106885,-0.25867330487964474,-0.04124358883745202,0.36448507658156487,0.4117757705939451,0.5614128964581419,-0.17550187783869048,0.0627018584523511,0.5411573106735195,-0.47255260981544217,-0.544984062889052,0.050360128075810015,0
MEX,2019,-0.9485777586049384,0.026593755061971494,-0.4408796345479657,0.04396882736138558,0.0011455761075736869,0.11205295206104408,0.39033451034549427,0.4538626113827293,-0.14772948177071757,-0.14275204947167364,0.5007967098554224,-0.4473865729787758,-0.528892622237723,-0.1148886344968628,0
MEX,2020,-3.0156166293472717,-0.015221444887909491,-0.23626898969510243,0.5052961263391436,0.2924867485739209,0.2940770929483874,0.41975732378837194,0.39071302562646043,-0.11306542805102,-0.4383265752456681,0.5404758995054988,-0.43017371012012395,0.2930910675007405,1.0817496071977648,1
MEX,2021,0.7237726467586789,0.3856366102137815,-0.32571974928290665,0.03645726119839246,0.053365512573685325,0.2558408296877821,0.4753667677313309,0.6254394323885144,-0.1589772555282605,-0.2109375724258214,0.6276657181499847,-0.4541332979307242,-0.0767397163629118,-0.7163117891227381,0
MEX,2022,0.1165588013980526,0.771577450456964,-0.487835971528737,-0.12341074962907571,-0.14745494791943076,0.24436341293837255,0.5738886092737483,0.7873167631362157,-0.30815709953747294,-0.046645465729617336,0.7147313605399112,-0.4644590862054904,-0.28208717995872423,-0.2002638931969956,0
MEX,2023,-0.039990536214253004,0.3574399059450092,-0.5921597790290025,-0.024911842511318404,-0.1172493906577796,-0.09428229386177507,0.29103639179718016,0.3893644612598267,-0.3158187357846854,0.036035307485188545,0.5780590116996457,-0.477529788712967,0.06527870482403068,-1.3569637778481967,0
MEX,2024,-0.4959657049952036,0.21654959333606835,-0.6106448528630619,-0.061389736075936424,-0.09100746792131702,0.17810273130768106,0.3383850481233434,0.41586929941432643,-0.45043996115154245,0.12854748229179114,0.5332882525724719,-0.4539064243507609,0.328573146076386,0.19646514984180108,0
MYS,1990,1.4923018366632725,-0.15144775569829644,-0.393498353341124,-0.24357373700745105,-0.07672179506141164,1.1678257639927472,1.888591699169448,2.0644077097953053,0.6197965372619509,1.4359756383585225,1.0811501422518122,-0.01524586192507326,-5.0844623452519455,0.049469637679798076,0
MYS,1991,1.6317100084432006,0.152911955828501,-0.393498353341124,-1.3627527449797345,-0.17515618838078537,2.166157553459725,2.0286526173172432,2.500289436986141,0.5209689358575569,2.2754690148136487,1.258480879684712,0.040297578328404464,0.6163529178396795,0.049469637679798076,0
MYS,1992,1.4602605724047242,0.22441373437263307,-0.39137363221077237,-0.5324755312835092,0.13142339682139548,2.3856950910773347,1.951869073337425,2.1704584505779367,0.7373598717365524,1.90011556109022,1.2949763955674483,0.484461872832706,5.79232678154475,-0.8966873578861476,0
MYS,1993,1.7224459824646954,0.009216273587568262,-0.3063847869967066,-0.6708584326259632,0.4823870992167423,1.9362979026291223,2.0742941138057893,2.381711507692283,1.007305468729176,2.4908616098454517,1.3088126491310121,0.45802544393333894,1.5084361421205537,-0.01564107369710002,0
MYS,1994,1.545141244135466,0.04215841539690929,-0.40624668012323384,-0.9444992549705374,0.10079503448683987,1.3547903169651736,2.500821944764862,2.9460061606700307,1.041152166418088,2.802898810692962,1.40444038650132,0.4932504974174349,0.11141739965912384,0.07855926893484001,0
MYS,1995,1.7053469440804467,-0.0058239880464234116,-0.5103580155104643,-1.5738411862817732,-0.18651828060202916,0.9610619774026565,2.706712611591615,3.295618281371978,0.9339361479065285,3.1797826053209834,1.369303342119136,0.6873893702215992,0.7713729263742433,-0.6033419696939075,0
MYS,1996,1.7504234990492487,0.0008181810059512862,-0.6442154467226178,-0.6628069469713407,-0.12487206283697447,1.0754122291078987,2.6019402415990225,2.9189150659219623,1.2155836325557714,2.845740762696019,1.5653085711542414,0.9073668395323479,0.7675380377687683,-0.07716366327619793,0
MYS,1997,1.0546139686951714,-0.14362888138793622,-0.6590884946350792,-0.9215307802399193,-0.3352414822491721,1.1109023101002347,2.6733707217619367,3.0239849407552155,1.213777978051874,3.076693289568161,1.6372272377623915,1.121362143593164,0.5372026841467078,1.1110594939299692,1
MYS,1998,-2.757379207096352,0.3123911553567324,-0.4997344098587061,2.3558501723916776,0.10135385133220617,0.35870679156636803,3.609530658395949,3.090004402957775,1.466893167844283,0.5570281988103027,1.6910884727261497,1.122899355422092,-0.9493378101114416,4.008322871536756,1
MYS,1999,0.7469134823279482,-0.12928171199006908,-0.45086582386061835,2.821734521270838,0.13192429821816418,1.0353572347758146,3.8416569441949364,3.2107622198038483,1.3288036867722075,-0.10665978391758138,1.9792637204798091,1.0034239606586794,0.16695763717058892,-0.4570567477542171,1
MYS,2000,1.453445218836989,-0.3408381383717367,-0.5422288324657389,1.6445630138378213,-0.15035535854799448,0.7247562209548859,3.7790489501235247,3.419357815760605,1.1150625304141562,0.5867905907629698,1.9695398063310634,0.8226200098042338,-0.02594625388035878,-0.1253796980708391,0
MYS,2001,-0.7122154630789957,-0.3614645316501729,-0.429618612557102,1.4396914966212686,-0.03298364448108987,-0.48572629931301825,3.3868448332714003,3.0521891872986138,0.7870505945785262,0.20504497264028332,1.7651824325818952,0.7472678859923146,0.12341707557261494,-0.1253796980708391,0
MYS,2002,0.5530642777646101,-0.29307663108838977,-0.44024221820886017,1.315691717860185,0.0311192383061837,0.4179307074218928,3.2994092021760486,2.960277724463506,0.8302986282508206,0.2636568940622378,1.7531381638169896,0.6543433001260569,-0.5492099358118931,-0.1253796980708391,0
MYS,2003,0.6562718061351931,-0.41866463127744763,-0.41262084351428885,2.174129115244567,0.2745181984800573,0.3316899736866863,3.242630904996462,2.7775696598379094,1.0197865921318776,-0.0476982556786709,1.8444376739087633,0.6178941738131234,-0.15955072147318103,-0.1253796980708391,0
MYS,2004,0.9145920601231619,-0.36068000858582105,-0.4274938914267503,2.1647830753026436,0.5643477602380832,0.5381377233191892,3.594088519862226,3.1502355086565776,1.0452756251408648,-0.003455292923654323,1.904584930692002,0.5280034455179183,0.22228053776362613,-0.1253796980708391,0
MYS,2005,0.5377850146080891,-0.08897344344832019,-0.429618612557102,2.478539051111026,0.5088051898709834,0.2660709512952862,3.490927881647891,2.9556965137193556,1.1954525894019579,-0.10443088854566879,1.5260891951862592,0.4588510173448232,-0.143939544079741,-0.16092968156280646,0
MYS,2006,0.6033966825400087,0.02192032816877874,-0.47423775629448645,2.852497501466129,0.5741708026819554,0.9670132468516921,3.4611809296688314,2.9285733282317277,1.3726949403436144,-0.056952659385211504,1.528284787563458,0.4223072872172096,0.311053769523265,-0.4539910680177234,0
MYS,2007,0.7887597770834621,-0.2546969425148029,-0.47636247742483806,2.728755030241035,0.6993922860463259,0.9528313633651124,3.210312594942241,2.731669519167058,1.3700433614306302,0.05219563170743923,1.3351201118171099,0.39568764539766976,-0.2258217284188727,-0.7833042914058508,0
MYS,2008,0.40787193396770477,0.34219533239170563,-0.46998831403378316,2.9819721049628094,0.42023751775933654,0.458273743668249,2.932282380639382,2.2926752555468535,1.3477498490573632,-0.24946193422333454,1.1261165526843404,0.33396189139310767,0.019917631632229107,-0.4351046704820397,0
MYS,2009,-1.2395859237289026,-0.507211103712264,-0.4104961223839371,2.7873022103526948,0.8346983938128232,-0.675785178882101,2.5952962586105746,2.002853942950445,0.8865264088159517,-0.8095123684990412,1.024339349588427,0.523778611885384,-0.24299577571476652,0.4665230562010822,0
MYS,2010,1.081124078456999,-0.32543033509776287,-0.47423775629448645,1.8167951121031491,0.6084927269929566,0.8057334217310135,2.4082459923065778,1.9967123517557857,0.8957456288919248,0.048640809956512716,0.9753130491413975,0.4664944688055924,-0.2798810077023309,-1.026314633128047,0
MYS,2011,0.5278601446911707,-0.05410518772187981,-0.5316052268139808,1.9622383270088206,0.7523197652839813,1.0891714337407605,2.338418305705509,1.9326447416274346,0.9508081266197173,0.017986510512634956,0.9601153591460889,0.4831424390515263,0.40481398081263187,-0.6487421143165008,0
MYS,2012,0.5744752592953205,-0.31831002916872375,-0.5337299479443324,0.9833591326071451,0.7643960138453683,0.2993703185488627,2.090121431140589,1.8778021424754914,0.6674617750219226,0.4138151706989388,0.9357569735674387,0.5559410607316307,-0.13896908071576922,-0.026889926128675898,0
MYS,2013,0.3720300882215225,-0.24111700954063203,-0.512482736640816,0.6883648270682311,0.6901405465224584,0.533367807475553,1.9370760187434952,1.8080760439770982,0.5336378849364705,0.44295474329600304,0.8959553987630937,0.6297178645360847,-0.27521010390116674,0.08505058957576457,0
MYS,2014,0.7129299175676832,-0.05961003782478009,-0.5677254860299588,0.8468439610457171,0.44045761411800066,0.40917413445951795,1.8605488950097828,1.6843284538977874,0.5288707988324188,0.29461763053983575,0.9003964787087633,0.638391433783068,-0.37803870935684697,0.2796651333222475,0
MYS,2015,0.47531522573397406,-0.24122586529187284,-0.5209816211622226,0.6100669455692439,0.3998336451345747,0.4548001351185522,1.6794059054275998,1.5594202876471395,0.4423024245278057,0.36366985613405434,0.8227028782082988,0.6706476343663964,-0.6846863555861069,1.8975576656791957,0
MYS,2016,0.30869457746167944,-0.2436430725833569,-0.44874110273026674,0.5002585376421723,0.4336193242267721,0.8770183653248311,1.5679534081855737,1.4729621918529694,0.4410366112982953,0.45198412287443357,0.7562773317775873,0.6562911525556474,-0.707483952036214,0.5252375232448269,0
MYS,2017,0.6625609626218942,0.06772915881137918,-0.45511526612132164,0.5756383837725538,0.39979283392547743,0.33692328245341985,1.7028805580632829,1.6181893715549114,0.43665062329466,0.3826978818027742,0.7628685039166057,0.5948153948586004,-0.5341042944228502,0.25843944129770263,0
MYS,2018,0.4108102392270081,-0.4545063951834669,-0.47848719855518973,0.47789317376699353,0.2502253776277792,0.11840987422954216,1.6421451040087671,1.5558746896366344,0.23910051893604237,0.12762197952723434,0.7203072290011899,0.6345290993150415,-0.24787730902018013,-0.7710260162085476,0
MYS,2019,0.2991935220214551,-0.4932946718468067,-0.4721130351641348,0.6948281859455842,0.3392377685492594,0.18608134275325844,1.505512444616822,1.358854290126375,0.0975215368290043,-0.3128572625497547,0.7043612069440371,0.6400303855553998,-0.7193729816816821,0.15301133947466508,0
MYS,2020,-2.26340693071084,-0.8083319971904966,-0.2150217783915861,0.8122482157308353,0.5903799683862035,-0.27266764147438177,1.3512597184199466,1.236677782927364,0.03263779119361453,-0.5277852432771186,0.8145070747769048,0.8075091815980794,-0.5389375977311037,0.028758493950550693,1
MYS,2021,0.014157032803608027,-0.1760511460110177,-0.19377456708806975,0.7588043987220405,0.31932153932181223,1.2093978486772712,1.7287842363600185,1.6306692801618314,0.22850887266359268,-0.14628219094521586,0.9658642715047682,0.7237560340105599,-0.44810645340607097,-0.27521950973342485,0
MYS,2022,1.4983279753800105,-0.018392730352717646,-0.34462976734303624,0.6296836016048724,0.10460201543395384,0.6003922655329085,1.9862205335519045,1.9294979223328663,0.2974846134376436,0.0795220497935252,0.9625394719721837,0.5424756211534326,-0.5950126339121439,0.5257294673719484,0
MYS,2023,0.07172168384991853,-0.17399416602305257,-0.3599277594815681,0.36271150831877563,0.21705139108338026,0.0006867549514209099,1.6473141466722712,1.6552709368100698,0.03597466204162174,-0.0417656945263497,0.9199743278220273,0.5939449383267588,-0.4225094589197761,0.2540076163450891,0
MYS,2024,0.478931099294567,-0.2884902939339076,-0.36247742483799006,0.3847939837457856,0.13513773078106633,0.603288235923118,1.7583032798559126,1.7565967764038335,-0.007001702238470299,-0.1728461448643282,0.8504011366712576,0.5812720503664045,-0.6628020927835238,-0.08911293643859902,0
NGA,1990,2.211063038614201,0.6785705050837664,-0.3656645065335175,1.6756361229219137,0.2791948570211825,-0.3130488361266897,0.1269323092680878,-0.05782621307781401,0.28837376308222085,-0.16462662760893454,0.21909160254223592,-0.8386501153629008,2.1045680966267306,2.310810459165504,0
NGA,1991,-0.7535811228069674,1.6652639681827974,-0.3656645065335175,0.4407529064510723,0.1109876514784309,-0.27478800492055566,-0.13876409346660507,-0.1952702909659379,-0.09943762965781586,-0.17143310775599452,0.4481844413854325,-0.8350275022248567,2.544640401281386,2.310810459165504,1
NGA,1992,0.3557952577674191,7.187855419377922,-0.37437586316795923,0.8407880212484894,-0.6662794777317858,-0.08989284357596707,-0.44445674519448125,-0.34268429224165176,-0.9020401001683644,-0.7193985536387749,0.20194939347511026,-0.796787070656954,4.978629599385301,7.678008270166888,1
NGA,1993,-1.3750086505441566,9.387040454011494,-0.3248698608307661,-0.14080466141871553,-0.5917952683235572,0.13857037385188084,-0.2854938689479782,-0.3092666806414956,-0.3812534836201962,-0.48546597925259793,0.2985324212322264,-0.8124591907219282,4.084950136735075,2.7585796853632054,1
NGA,1994,-1.3178386363485286,9.36368817828014,-0.31615850419632424,-0.3584332529992584,-0.5829244666242681,0.1614155808406404,-0.36095760092231166,-0.5563073003731938,-0.3048577996133105,-0.5943906732865769,0.639875725031308,-0.7993065974911296,2.2733025864350545,-0.15829520090937738,1
NGA,1995,-0.865488062116044,12.127232430737095,-0.2974609582492298,-0.0026966162052607834,0.06394227105513434,-0.6118986705218491,-0.2683943276966445,-0.514119276457933,-0.2765086394435187,-0.49046233422902547,0.5149760846678171,-0.8188339216422109,0.8547228792261952,-0.1733108921940417,1
NGA,1996,0.24278447400074563,4.508813941585262,-0.3206204185700627,0.19611341083219108,1.9032748099094257,-0.6011717043293403,-0.25842717306893603,-0.5702767895391314,-0.44768247617142665,-0.6359464705301506,0.39552670015823166,-0.8231041365355392,0.550610490254542,-0.13055773163164122,0
NGA,1997,-0.08404971505675896,0.882372126759931,-0.33740571549984066,0.1091463428638332,3.371403418170891,-0.6134910419246937,-0.5902521177449036,-0.5019571099452027,-0.31958640913943775,-0.7263331610036797,0.4085672877853882,-0.8121670047837265,0.537523055621663,-0.12460260854845351,1
NGA,1998,-0.17643940396366228,1.1388136248843082,-0.34632954424731754,0.0,3.830448447933314,-0.6474834591353633,-0.3724591963793499,-0.1394441549691619,-0.30368755280447474,-0.05323127385146066,0.1746605649920457,-0.804644383134837,1.128033002823448,-0.12540360674237502,0
NGA,1999,-0.6949623479706887,0.5481158521280621,-0.332731329013067,0.2412346524870697,0.1614758353015362,-0.0980933702221552,0.23253920542729198,-0.07818826928214852,-0.07481824119795123,-0.29435068870878045,0.014991091801594962,-0.7976264543837356,2.144071506780359,33.563019621812245,0
NGA,2000,0.45568747133812276,0.603184398668204,-0.33974290874322755,1.933498981293985,0.9933862122326024,-0.11594352234053115,-0.00901149296115908,-0.25522776391351804,0.349272834524528,-0.1909060065145879,-0.2959943863927651,-0.7966021568647806,3.549770002998258,0.9353681734866304,0
NGA,2001,0.6898127716919287,2.691144928967065,-0.3510039307340912,0.6716360787583242,0.7284145676209083,-0.12639215159796485,0.04562473893553919,-0.07202587655599027,0.24001679477015037,-0.11506387312085292,-0.2970703797916838,-0.7757559322279415,1.5097815032931432,0.8557233267594767,0
NGA,2002,3.1333545129786557,1.642462523879909,-0.4000849888452141,0.2899313692539997,0.23975453606732916,-0.0022384993362019666,-0.39587914258635165,-0.08628203023724335,-0.44654001198827925,-0.6010751095286612,-0.5798978856763001,-0.79870547951923,0.7991760513656591,0.7540355550691896,0
NGA,2003,1.0609628394417046,1.8444683607020866,-0.40688409646233936,0.6491586716515897,-0.0947888025248765,-0.022274942078981827,-0.7609113634679527,-0.5869785500326689,-0.6763070727079271,-1.2516730656625839,-0.5466051634411723,-0.7881644250362095,0.29980186825514743,0.6248747343286098,0
NGA,2004,1.55514143622962,2.0134325540361115,-0.41687028577499213,2.218970644827377,1.2111083153439204,-0.21019160863837993,-0.21635069497410067,-0.35458104382505945,0.28155048511231107,-0.6893866097469097,-0.7070561477315586,-0.7938852629560047,0.9737239635349046,0.17149224240479705,1
NGA,2005,0.8250386483988849,2.514503662155974,-0.3877616062891746,3.6556956991730423,1.4256018486220128,0.3019157555006091,0.276374083514723,-0.20883499608968495,0.8213958721807032,-0.44223826660874843,-0.814174503746212,-0.7942246750566582,1.1549192245985882,-0.25246272122386426,0
NGA,2006,0.7266142312087657,0.8294861386754214,-0.38308721980240096,2.7173024046855865,2.0499264660398273,0.020332230363244233,0.2596620767155187,-0.30076506449003176,0.5920126438021601,-0.3568902892315871,-0.9758530942011993,-0.7982453622562801,2.447817749072292,-0.33446143696895275,0
NGA,2007,0.8646624514411752,0.3326340165746399,-0.3735259747158186,1.796316671187327,1.5791731333609789,0.06726954782457942,2.857746419094917,2.118222193416189,0.5615246374063002,-0.009116591014973481,-1.0362703236780677,-0.7257269775557915,7.2829305418589065,-0.35669243824514707,0
NGA,2008,0.9096681075997396,1.4162692390369824,-0.373950918941889,1.5650067285189508,0.994146358214281,0.15328572451281397,0.044309881277770836,-0.369501127053008,0.32025091487698837,-0.434979834144618,-1.067378213642057,-0.6639478743579498,3.0001394904277525,-0.7277578788982904,0
NGA,2009,1.240040515392347,1.583243335058983,-0.3801126102199087,0.8998943252106626,1.0198507006004498,0.32441126181996266,-0.8227693089247353,-0.7719405584839332,-0.456709106544019,-0.2191923279114333,-1.1116047222919931,-0.6512677336352817,0.4270485178575357,2.5502370944924135,1
NGA,2010,1.231921959062335,1.793454479019071,-0.38414958036757674,0.706603322352924,0.1169371016956149,-0.11814095544586624,-0.7989275359389862,-0.5973001313226446,-0.6675705560421865,-1.287119220998257,-1.2836386057959648,-0.7296395804326531,-0.33846112248680754,-0.02573836349769892,1
NGA,2011,0.5314979781583895,1.2839101745990193,-0.3786253054286625,0.5355891762820331,-0.09489215099031915,0.05457953923731839,-0.78258771850449,-0.6365375165533402,-0.6273310422606956,-1.1787361719766665,-1.2009042054676,-0.7609010631680502,1.0685808060336397,0.12285392484301962,1
NGA,2012,0.25164764714475046,1.5283908821443,-0.380537554445979,0.7360646870751866,0.32114094406046234,-0.15974891889590692,-0.5769045100153075,-0.5813900214813436,-0.34262253259405695,-0.9888293047426492,-1.1268417793137875,-0.7665082710451502,1.5763368557443425,0.12203360401270397,1
NGA,2013,0.8854864376866923,0.8763644640754168,-0.39116116009773727,0.7219798302459652,0.2941372422561329,-0.3195249662484461,-0.7861549683381349,-0.6489740927340494,-0.7401902259005197,-1.2535993749005032,-0.9656754471227449,-0.7546466883551043,0.37416793903662515,-0.1378937935232472,0
NGA,2014,0.7915982894145628,0.7980057508130081,-0.3510039307340912,0.12183891982686323,0.003348274427270684,-0.4081852125289907,-0.3860784021064356,-0.4158590254752374,-0.6760903185612133,-1.064937316985114,-0.8710828983679655,-0.7321145457546653,-1.0456180144471583,-0.042822503111450944,0
NGA,2015,-0.15789133112747883,0.9662309426111525,-0.3012854562838627,-0.44143717715892444,0.03927218218260261,-0.47711837229158993,-0.6924293126149212,-0.46578367859077424,-0.8369522612943253,-0.9385169364257732,-0.8988330093679724,-0.7349035605599642,-0.586252758528736,2.111390321070875,0
NGA,2016,-1.266416604134239,2.1356251280576655,-0.2237331350260279,0.3096679321052591,0.5654077568471741,-0.3955516209117234,-0.408421603154328,-0.35981088110894843,-0.4055553399369501,-0.07928686715578812,-0.9990267521003047,-0.7153663013340559,2.031317263185367,3.1947439054979783,1
NGA,2017,-0.6373858923615335,2.2764714770326,-0.15340486561138847,0.7129697646248538,1.0232694950910404,-0.4698439085713526,-0.7410474148780937,-0.4232891811839385,-1.02420275339489,-0.9446858229120231,-0.9906905550419935,-0.737799037957908,-0.8404036804228934,2.03372925169207,0
NGA,2018,-0.3474078215108888,1.505809614255579,-0.10262403059598424,0.3905322782903863,0.5672672767349247,-0.6310685865716965,-0.7706584486624375,-0.5553695938283623,-0.8193857674998176,-1.337924519291457,-0.8693251004082551,-0.7710832287052267,0.43812344163255573,-0.11533227921988597,0
NGA,2019,-0.2732375569483345,1.3836335897054408,-0.07351535111016665,-0.2559111546574932,0.07446042401839122,-0.5743890799737894,-0.779638436286692,-0.5569786825057265,-0.8488105250201018,-1.2910084409782026,-0.9427103531986717,-0.8007637662483409,-0.36444084099341517,-0.09675277495847649,0
NGA,2020,-2.5002069667190097,1.7070657136626934,0.034420482311696775,-0.362528869488962,0.4736081738988831,-0.5555626102622244,-0.7563274198352212,-0.4948253459045439,-0.8959359151426498,-1.1537783060246958,-1.078670736631515,-0.7900793626123166,0.12310060747760274,1.6439496130972053,1
NGA,2021,-0.5586216604993741,2.355262459665307,-0.03144587272920424,0.003319969896414462,0.6289368515198811,-0.5044108700738739,-0.729258072822849,-0.49639248350763726,-0.8383903979306068,-1.1394962544816951,-0.9806165739528531,-0.7776413202797254,0.3680856341199068,1.1095743986451583,0
NGA,2022,0.27469495663712057,2.6865182531609504,-0.3665143949856582,0.12176420600468553,0.22831576995879466,-0.7058819581419947,-0.7350985097806354,-0.5309096364231379,-0.8136732158654798,-1.2857229640018812,-0.9378948127583582,-0.7798325837018857,0.6676493180776858,0.5223149865751243,0
NGA,2023,0.014300905868357118,3.702902127843708,-0.5265058961011368,0.3204849281496738,0.3027383696525694,-0.5605888652340296,-0.43073527606852585,-0.5010643438345056,-0.7163619057110937,-0.9024192640697871,-0.919619546920689,-0.7798325837018857,3.8182283261601784,5.260226159421855,0
NGA,2024,0.21036715895899813,5.20362015256892,-0.5326675873791566,1.3867037943754081,0.8257417675002728,-0.4706735129746656,-0.07991021085171533,0.06289213711391281,0.3345737469445539,-0.313542956848363,-1.002026865917632,-0.7798325837018857,3.8182283261601784,13.398749643631854,0
NLD,1990,0.2394868182736546,-0.1800752567937297,0.3682141718899397,0.5293007337466643,-0.3664471808916492,0.4821531596911493,1.0712873588471625,0.9501914671060361,0.19598489123764923,0.12821736969388073,-0.031612912072993216,0.5060915469315699,-0.2572234348375284,0.15465293409509223,0
NLD,1991,-0.21333858457704755,-0.05695085065969286,0.3682141718899397,0.4846417953718726,-0.4000965143015207,-0.0926052838995717,1.100470935332126,0.9684155450597189,0.15398690720171704,-0.010407940643887458,-0.12035287887685121,0.5060915469315699,-0.5565821609339467,0.15465293409509223,0
NLD,1992,-0.4036670506919115,-0.052511324827289936,0.0006374163391055168,0.41734538719425923,-0.3846699752810671,-0.09708196731272803,1.027626613199187,0.9026931233936327,0.09479735788992034,-0.011765393569166354,-0.17157399278857793,0.5060915469315699,-0.2572234348375281,-0.7478157396081155,0
NLD,1993,-0.5201179800883664,-0.15732672751536572,0.15616700308084577,0.7333808043355331,-0.18721278449102177,-0.061892852954385603,0.9955123787982617,0.7931590597239376,0.12093042582668284,-0.32504703399142715,-0.20174311517137353,0.5060915469315699,2.074546226510926,0.46284923307218445,0
NLD,1994,-0.07782027986277869,-0.11932036616232172,0.3414426856475089,0.8748008318182776,-0.20117185566982362,-0.03552921615736851,1.0847766195375643,0.8831917109458014,0.20744993310747037,-0.2874679523303854,-0.22274577393743988,0.5060915469315699,0.028234482506655913,-0.3356102258024776,0
NLD,1995,-0.03759163748351524,-0.27290548295677225,0.34101774142143865,1.0691489536847085,-0.38547685742721977,0.25211591311226494,1.1892471591963478,0.9969259547749754,0.29789978689773766,-0.25504901377435485,-0.20406241162116712,0.5060915469315699,-0.19153684809215837,-1.3577606480577598,0
NLD,1996,0.0414928515968188,-0.2395824638022645,0.18463826622755783,0.9105778421793722,-0.4908225170731925,0.5982036337099734,1.1936733789231793,1.0277840678879318,0.36755627110448996,-0.1295405480273523,-0.29014380236154413,0.5060915469315699,-0.27309427637198536,0.3974808735772402,0
NLD,1997,0.25642824217396903,-0.24037674717360938,-0.008711356634441622,1.1233568134679954,-0.5672198776247546,0.2338143502750023,1.3174019064314175,1.1558347180447568,0.39699434884099977,-0.08007376668749312,-0.34870896951893887,0.5060915469315699,-0.4103106838400169,1.5219436797294454,0
NLD,1998,0.360081905959086,-0.2666257429683776,-0.24604270689472005,0.6035683758542741,-0.6123138355259518,2.3210875353546268,1.2720160396329172,1.117442594923063,0.24256904607440824,-0.05089806666521266,-0.3548129103016082,0.5060915469315699,-0.7216546790721048,0.04873091548676412,0
NLD,1999,0.4628033773149065,-0.23199480417463125,-0.41007117815786687,0.6945242201233545,-0.7619613658018438,2.537645259373099,1.2978092629766336,1.180007580650089,0.3334599915166955,-0.015566261259596703,-0.4245485293312985,0.5060915469315699,-0.16251065660514835,-5.640726771108784,0
NLD,2000,0.24895761933611504,-0.196437023811411,-0.6006586635504091,0.3923693783270535,-0.7888106142208883,4.619332358092299,1.5540906947799056,1.42970586950661,0.3525848657764097,-0.09477548429021536,-0.45954214180762104,0.5060915469315699,-0.35589082625711604,1.4854600180408062,0
NLD,2001,-0.24333928616296252,0.11750300313320483,-0.7294167640497186,0.4833479191483929,-0.7943208002055911,3.5328607346037852,1.4260802355133535,1.2796069562979406,0.2106015470866407,-0.07227441986808,-0.4857462531830091,0.5060915469315699,-0.3628281514762312,0.20159867654830274,0
NLD,2002,-0.7827959874003421,-0.03433482925750946,-0.6369913948794222,0.49209588706046864,-0.7780897162782365,1.1893586376800502,1.2898449676402612,1.113320889276002,0.06515259786503709,-0.32560913139640574,-0.566932051062703,0.48796018823560183,-0.5828187206281678,-0.6781471657161059,0
NLD,2003,-0.8212152795341757,-0.24339270053847617,-0.4162328694358866,0.9736786497329561,-0.7906826646499914,0.5396682062395063,1.2537597451695581,1.0854284113836798,0.1505037300468188,-0.40826446348447326,-0.6277469860568904,0.4824570986743715,-0.32947847939864944,-1.8423999197078815,0
NLD,2004,-0.3231252605594483,-0.38824302755361134,-0.1924997344098587,1.2424684388341187,-0.8534683784432662,6.747413957618003,1.3937012622263527,1.1958967307564021,0.17718793599819815,-0.4385190255157039,-0.6165107340259028,0.5329899100454314,-0.36941776385426783,-1.073911716444938,0
NLD,2005,-0.31852130649841937,-0.31401547108622363,0.0679910761712526,1.1293010665586922,-0.8744804623963216,10.032797017150939,1.518358765077615,1.3068761379355247,0.23648006983714576,-0.4144128143970938,-0.6093343419496968,0.5785060116204828,-0.6959645162294712,-0.12696078809784117,0
NLD,2006,0.07178193316441497,-0.4165968878046836,-0.11579730160416447,1.422685583880376,-0.871197080452621,17.2112797890167,1.625083064701788,1.421328245119329,0.33323512136420236,-0.3303220011559305,-0.655771408964953,0.5410344924367761,-0.6951303351191391,-0.2213026600384745,0
NLD,2007,0.1621678435065794,-0.32700303646952805,-0.29724848613619476,1.099074780858042,-0.8852597210430176,29.546488800734338,1.6486105210017743,1.5193517977312598,0.347694906284703,0.024225477066019997,-0.6430490036221854,0.5379676873208518,1.4990460290313306,-1.0026273398901613,0
NLD,2008,-0.2970419134644221,-0.1744074822302908,-0.4024221820886009,0.7913449483840337,-0.8861999421061331,6.484137763588459,1.6859504426336236,1.4932958793429596,0.11754192874111191,-0.1338800426028352,-0.7151779452791517,0.5060441347195892,-0.5173332273656025,-0.8389151392446553,1
NLD,2009,-1.7982549798401513,-0.4011604613912754,-0.2549665356421969,0.6676892659317287,-0.8203061308540923,7.436025376176655,1.352255244281613,1.1548083335429677,0.03676264080449822,-0.38575204109478334,-0.8441205971031226,0.5829798536199893,-0.8351137199499602,0.44466105726524363,1
NLD,2010,-0.504072383077922,-0.3862043880007629,-0.1191968554127271,1.1919048423456493,-0.8123481465564879,1.5825876841414794,1.6726799322855277,1.5052203266255497,0.2674002916578888,-0.46917724300637076,-0.852840112027504,0.5415140617765231,-0.6092545559688092,0.41983163800050427,1
NLD,2011,-0.386211257952451,-0.19983854299438272,-0.12217146499521928,1.2962115312059144,-0.822888642219062,13.036554925578029,1.9181540164258446,1.7835480019641496,0.3143295102397462,-0.48857286914154774,-0.8087896066411411,0.5481791379873913,-0.2240547499987797,-0.623390323256711,1
NLD,2012,-1.1004990967865407,-0.179820338410765,0.0571549984064592,1.3794870975321132,-0.798430345744094,10.174573097993244,2.1016148868489757,1.9391557370075196,0.23340721520082805,-0.6940329425012807,-0.8142206515255718,0.5800782133179453,-0.4100065241338901,0.7475524847238607,1
NLD,2013,-0.8544733979607714,-0.1708408226508988,0.35886539891639235,1.447876027336354,-0.832442169530206,12.21162463016426,2.1347841521116404,1.9614238624723124,0.25117355435499644,-0.7283417401541439,-0.8694298565069832,0.5411920491515438,-0.2543701668602271,-0.4668072000621336,0
NLD,2014,-0.42794602357813744,-0.43853660788274496,0.3966854350366516,1.5583131819172464,-0.84692577617006,4.927913339949638,2.1769383158511446,1.9639703338248138,0.2505095429492334,-0.8294649947861277,-0.8675378513970589,0.5697547473543956,-0.2534359860999943,-0.12839479063990417,0
NLD,2015,-0.29603065573417175,-0.5042489208649145,0.28046318920641683,0.9250654495025048,-0.8510587887262355,16.353396134566083,2.285736734264922,2.2525300643684596,0.31498066645732437,-0.13943692633323146,-0.8024341182176566,0.504978399657492,0.12392506293135189,1.9401934647740646,0
NLD,2016,-0.2171951123211903,-0.5538376462894028,0.09667481143099974,1.3185055047387508,-0.855277344317376,11.5420085800396,2.157228070232214,1.9506203127318618,0.31290753377716213,-0.5094753555719761,-0.7866262679770264,0.5375917420634073,-0.25343598609999446,-0.1007052896291668,0
NLD,2017,-0.12444651130169075,-0.3676418469057631,-0.15191756082014238,1.473279135953555,-0.8607544522404221,7.645178839013715,2.3352541085494134,2.1627231503699917,0.43116187290665764,-0.44164525034470997,-0.7487464284756441,0.4938200445502746,0.10388927786764168,-0.33639489708534737,0
NLD,2018,-0.26017734812525745,-0.3113281726659745,-0.3654520344204824,1.6082330597008383,-0.8716812837618751,-11.479299593205546,2.4135060163128337,2.2606440109586345,0.5255695111747252,-0.4006379198692442,-0.7341026593010056,0.42283895935043236,0.010621818670236868,-0.579751332780268,0
NLD,2019,-0.24942068837389642,-0.14866772823990146,-0.46170190162541175,1.2586717497366595,-0.8536558185836963,-5.5344679309420375,2.341149011572836,2.2054862705850953,0.4560640866475883,-0.20312388621804586,-0.7660442567696353,0.3580883636188429,-0.15448893035116634,0.4493616971148374,0
NLD,2020,-1.8508869436472541,-0.3867019369825772,-0.36800169977690433,1.0748358673064555,-0.806474955093799,-9.027076534009703,2.1710707914580096,1.9956175521618265,0.3222020413221268,-0.26589984912643744,-0.757580939796386,0.3799992589366264,0.10449675782742916,-0.3335654702713568,1
NLD,2021,0.7830608043980216,-0.14131969158249644,-0.2853500478062255,1.8548903285607528,-0.806925076296021,-4.555241557846704,2.3882217283499236,2.2703656584188474,0.8036294677106525,-0.13575226953982925,-0.7213200066244333,0.29733023807663367,-0.10617051863702333,-0.48412991905554825,0
NLD,2022,0.4534285934483335,1.1396581836314292,-0.43046850100924267,1.2629516620377808,-0.8335952181579743,-0.17619785025823032,2.8048739935584694,2.797391631629159,0.5535734143792007,-0.03225229167118266,-0.7758408091688095,0.23267338294316714,-0.5347972166370852,1.1635121787328466,0
NLD,2023,-1.001899008255562,0.06199222643288912,-0.4285562519919261,1.7069262947738555,-0.820387152360699,-11.3334663673784,2.431416903631174,2.3107390776628622,0.5410891040230639,-0.46246796438256704,-0.759249844679896,0.1899573796846417,-0.4970547652775651,-0.3985138905871021,0
NLD,2024,-0.5678182142973303,-0.023840778872515872,-0.393498353341124,1.65954812801389,-0.7964075803465589,-1.1899870138192647,2.2234423204456895,2.0180711548466954,0.4806200100453054,-0.525318035113833,-0.8121148425358357,0.14979774510764443,-0.17721452014711317,-0.13612987675892935,0
NOR,1990,-0.3380004670274876,0.11316496728315574,-0.03080845639009872,0.6666422595749092,0.0632814006359736,-0.4004125017428396,0.4046569921014754,0.16722960599548392,0.3135156150068988,0.25919480091809327,-0.7754000011924927,0.33102761874517217,-0.44920454110907165,0.24777784878742262,0
NOR,1991,-0.10441633406897982,-0.007988671105066866,-0.03080845639009872,0.8053414341552558,-0.05705423011656806,-0.7984113781459825,0.40244027495113727,0.08966762195795669,0.20531242192992938,-0.1433707670813927,-0.8202681191702136,0.33102761874517217,-0.695004005206308,0.24777784878742262,1
NOR,1992,0.0787739322938204,-0.20210919891029042,0.0760650164665889,0.6837605266470056,-0.15409058981059098,-0.8764997928240231,0.3195685973168895,0.04656861009465904,0.1526573592707091,-0.2620521481684329,-0.8154214170442118,0.33102761874517217,-0.17143711800360975,-0.5587215002868275,1
NOR,1993,-0.1006765280176965,-0.20907160937146194,0.08775098268352287,0.5981023621887951,0.4593044743319359,-0.40470893752082077,0.3231987658639024,0.06627553565567511,0.14930947388322466,-0.18714110133060471,-0.787577242066825,0.33102761874517217,-1.0338933151469236,1.3559297317264465,1
NOR,1994,0.46176241883384467,-0.36865322453440263,-0.04313183894613821,0.6045377890664652,0.3163914007338841,0.06620343052969832,0.3256749148035812,0.0848551216616717,0.2328239090437479,-0.0483273104063492,-0.7650677922263562,0.33102761874517217,-0.49841947595685876,-0.17929123374029612,0
NOR,1995,0.23161272158254262,-0.17897746142892507,0.16041644534154914,0.6878834395990111,0.31457368623160126,-0.13866046207377905,0.32022432631228276,0.07452310686972032,0.3688274548608841,0.10213467200415297,-0.7066643138844512,0.33102761874517217,-0.6153274102437973,-1.1966301834363398,0
NOR,1996,0.4436299422921094,-0.38843798555692527,-0.10963561032614473,1.2512451512527767,0.4270451964661621,0.13312874234074001,0.43903250276374806,0.07906357588773057,0.5400419739142753,-0.11469401001854301,-0.8047404340015222,0.33102761874517217,-0.3210798749418752,0.06401849934737103,0
NOR,1997,0.4754597949647247,-0.1603445274510563,-0.1837883777754169,1.1688451336830916,0.22498006912488674,0.2966739242046256,0.46714746741280244,0.14366589355774823,0.6957837038492816,0.21100287468125864,-0.8072624157500031,0.33102761874517217,-0.8352974064302444,0.8864487892508125,0
NOR,1998,-0.13888223614163644,-0.21534160598813631,-0.38563688515882294,0.09548608178847963,-0.035021076476480055,0.6026123475292271,0.3290960335400647,0.27786945786769485,0.4045340885639819,0.6856248030246085,-0.7385475972824427,0.33102761874517217,0.48410012292737364,0.5725109300559036,0
NOR,1999,-0.279940532113772,-0.19548487420260435,-0.48974822054605344,1.0352609039421494,0.27758990301307207,0.5738457355000726,0.3950764778338277,0.09346837294965565,0.580535491817239,0.11665086550394305,-0.797327404903831,0.33102761874517217,-0.811036803649302,0.22703051162289223,0
NOR,2000,0.04740752564842439,-0.06966210112721449,-0.4449166046956337,2.611880330105596,0.4348802677436353,1.021965367717173,0.6949705089409646,-0.026312516826448244,1.1579978485232814,-0.30077484443658614,-0.9536605972858189,0.33102761874517217,-0.15614928203593198,1.2200542128723157,0
NOR,2001,-0.2849196043772829,-0.08388028001621853,-0.3854244130457878,2.812161730202356,0.2363478051913101,-0.04930380335935913,0.6664814295290622,-0.05261947599756608,1.1299477045712618,-0.5022564071975596,-0.9465203817918552,0.33102761874517217,0.5777733858212969,0.10030602461620962,0
NOR,2002,-0.4682101253028877,-0.38420749158290685,-0.3250823329438011,2.2221425659663514,0.5689396165633624,-0.1534666768294988,0.4759767781096602,-0.10725144478790241,0.7758540380308289,-0.5685621641173689,-0.9501709104511602,0.40893408791611463,-0.2725548159976153,-1.2984392220202792,0
NOR,2003,-0.5619695756302377,-0.1741760381922415,-0.28280038244980343,2.1642915606389934,0.5564662720903067,-0.054317845833473315,0.439365370123508,-0.12945060759205512,0.6554491272361483,-0.7065549680349348,-0.9531691026794779,0.4608302888437802,-0.7689881592665423,-1.3097905253453264,0
NOR,2004,0.27763570197252047,-0.5297355609441343,-0.2753638584935727,2.2219753638185686,0.5014560803480956,-0.044510826449491225,0.49537616363373405,-0.08853360528167639,0.8536926816870443,-0.3898370217322661,-0.9993733183930282,0.4376292799593383,-0.3267159145382829,-0.6270250483330909,0
NOR,2005,-0.07557614339595163,-0.34129393693701915,-0.24880484436417716,2.8424735198599294,0.3433435085190643,0.440396259101654,0.5867742941908004,-0.11970050669398168,1.2446185701682362,-0.2666397087355415,-1.054147943590194,0.4532352464245574,0.018878401998658086,-0.5885503354065859,0
NOR,2006,-0.10737414161451024,-0.2018880358085319,-0.45787740359077883,2.832255543026391,0.37935959708841427,0.4987495897476933,0.6256324689177575,-0.12019341644818114,1.3359717909301334,-0.04176766842946749,-1.043034120225899,0.32901198997081704,-0.33358464225721934,-0.1727586227184435,0
NOR,2007,0.04140609384163373,-0.4846043258125615,-0.6499521937745673,2.183123185253947,0.14298105406423828,1.4438112731828483,0.5556897485923589,-0.03938737199406656,1.2407841009436322,0.4451803407201831,-1.0430351970481204,0.4484032132921392,0.7316453203881498,-1.0255936897187918,0
NOR,2008,-0.6329930915888484,0.0472225774764295,-0.6440029746095827,2.7398881652568647,-0.13673323751395375,0.8375972885132291,0.6879297538150975,-0.062298079554532586,1.4649625746807737,0.30777071196733596,-1.1171608372567519,0.5983388264242764,-0.6806207151714508,-0.5211398836017481,0
NOR,2009,-1.2654825876298499,-0.2249640262605677,-0.5209816211622226,2.0497422039607613,0.15222820294557352,0.0719836020141723,0.42032634745004543,-0.11333899776815644,0.8518340484430635,0.052179640294083236,-1.1634582915796248,0.6955916478229835,-0.8864108439478936,1.0776381628653244,0
NOR,2010,-0.5857066831941028,-0.18622764428810806,-0.4302560288962074,2.0502364957352253,0.08493878298266862,1.0332241792930714,0.43372298855350033,-0.09428457929966017,0.9334785744509584,0.1447494729408609,-1.190851128854484,0.6949282091009613,-0.3625322659603559,-0.5317328640623751,0
NOR,2011,-0.48701484585053967,-0.3845176505069941,-0.5005842983108467,2.313673698887301,-0.12035065316463833,0.010427948220872788,0.49341916835288574,-0.10525254328181484,1.0982891555199654,0.2150917319526098,-1.253620202370077,0.6587697889192327,-0.3670087415713914,-0.8864660413815917,0
NOR,2012,-0.11342544910830263,-0.48735408516915385,-0.5148199298842028,2.1657704856420787,-0.10655198623140105,1.1730965919571137,0.4775765044993105,-0.13591139091904977,1.125208187443761,0.280175843883127,-1.2716482864296563,0.628554839484303,-0.5481246979368483,0.2721489170777666,0
NOR,2013,-0.5161326875276603,-0.2384111539253043,-0.45192818442579424,1.7893972197242056,-0.029145207528205146,-0.78485174786294,0.41630186990352935,-0.09568236610167855,1.0131599706203671,0.4803453381540692,-1.274652358251776,0.643308251539808,-0.33618881473293355,-0.021940705764821596,0
NOR,2014,-0.3026321698602249,-0.25218767145831805,-0.4389673855306491,1.9195268417962787,0.10159546908845334,-0.4746396260347622,0.4102770120865814,-0.035032365466876866,1.0378342631769153,0.449656174688712,-1.2543810887305153,0.6915669491815706,-0.39600045601453365,0.6346554420414362,0
NOR,2015,-0.31585416272294975,-0.22955411830255168,-0.26686497397216613,1.4242532604465257,0.1745318966189777,-0.05714518932387189,0.35906264585280784,0.07506635443888499,0.7168902272899305,0.3872110509010011,-1.2412482242365321,0.8038755080062747,-1.4718722339828,2.8016459434563385,0
NOR,2016,-0.5112812755891989,0.01156203540497958,-0.18527568256666316,0.7545218362460768,0.24588667070261114,-2.408948949367717,0.2464801784153826,0.13274104615032867,0.4209689888864967,0.47816907884528514,-1.2855404498619298,0.8904423485440431,0.08604289614754244,0.31045031412180174,0
NOR,2017,-0.15349015210983863,-0.2813207244383305,-0.2949112928928079,0.9867186934597499,0.27188383570802793,-0.19641884626259326,0.27569614872899706,0.09238496310454661,0.48757546449181466,0.45334971703529325,-1.3081505966163494,0.8915743475665335,-0.3989269186012944,-0.28526664771197974,0
NOR,2018,-0.5583260157554657,-0.12573717308490173,-0.3720386699245724,1.4118155182309566,0.11672891698846373,-1.1340069528650476,0.3391424218370309,0.0663493756749013,0.7264386800629641,0.44641179248312945,-1.3560750111446913,0.8590618587858765,-0.48347986108592994,-0.30145361619998146,0
NOR,2019,-0.4650350668378005,-0.23014982005695747,-0.39689790714968665,0.5759099436482259,0.19468615130312852,0.6581792862568473,0.2721548870671821,0.17747967952079619,0.4188798074418565,0.7487879609518364,-1.338238740091982,0.9366940721979248,-0.597224354116025,0.7335943174955183,0
NOR,2020,-1.1998692629431915,-0.3842320387432444,-0.23966854350366507,0.28347416209862336,0.6389496850915266,-0.9976670201956748,0.09084957181675664,0.12149147398156747,0.26911098818122886,0.9199421422080428,-1.2990519821548148,1.1072660456535202,0.1725918109943431,0.6069950278679845,1
NOR,2021,0.22908170748470927,0.0,-0.2534792308509508,2.540711224243983,0.42133117493838934,0.542063765464752,0.526042659608682,-0.10451467940965602,0.9811100481265417,0.05265168241461734,-1.4226749024789518,0.7939881934207162,0.016766370573520373,-1.0432608967926928,0
NOR,2022,0.21278986089089968,0.39873663551905,-0.4931477743546161,4.866562983287435,0.05950428260425691,0.11782199571386257,1.0177923330713923,-0.15161099684798768,2.029344734586901,-0.3207510824524677,-1.5209107060465403,0.45880058182597383,-0.44926626451784657,1.1223781246127265,0
NOR,2023,-0.7550498799337877,0.3556718366561151,-0.42026983958355474,3.035191729765107,0.18281416055166366,0.26980067210901304,0.7186706448990847,0.07221111194448136,1.2261411885612992,0.08300247215687323,-1.4056607042515352,0.6635484540954857,-0.9301967507008204,0.9078185467989757,0
NOR,2024,-0.4769747379452254,-0.05920595153590064,-0.3297567194305748,2.670647089811769,0.10702398212259451,0.15638374853853723,0.7176089238880163,0.17819861671469855,1.3597288781430024,0.09181177786071842,-1.3887128056468023,0.6870759791883031,-0.6465751235094221,0.05542708223993879,0
NZL,1990,-0.8110810739641704,0.4571979663800499,1.0755338361840014,-0.47079688121296265,-0.45109528504458873,0.6068327942979218,-0.10028629819969877,-0.17545281148220548,-0.3294545600376814,-0.40208933874299135,0.22008364620733117,1.0000329450577266,-0.009217327327487134,0.23243885214496177,0
NZL,1991,-1.125954009189219,-0.15414212191315435,1.0755338361840014,-0.47079688121296265,-0.45109528504458873,0.6960595786669502,-0.0002472541389881645,-0.1933455977824267,-0.3294545600376814,-0.8545368776701611,0.23002983286111373,1.0000329450577266,-0.8186760573111742,0.23243885214496177,0
NZL,1992,-0.5607844657041243,-0.4317998662432034,1.086794858174865,-0.47079688121296265,-0.45109528504458873,0.22328111428593705,0.08440093773377612,-0.06984109968902893,-0.3294545600376814,-0.681150541546543,0.2365165280364519,1.0000329450577266,-0.6004091880291086,0.6490391608426938,0
NZL,1993,0.8107884627544265,-0.3839482561333463,0.9034314246255184,-0.47079688121296265,-0.45109528504458873,0.9675110436803813,0.059833905877470596,-0.12231541461717506,-0.3294545600376814,-0.28553846792806464,0.23987727089326344,1.0000329450577266,-0.3897681756914475,-0.18877640102843904,0
NZL,1994,0.48054456035188825,-0.30400479651582046,0.59534686072453,-0.47079688121296265,-0.45109528504458873,0.9681655573895538,0.06716006993580705,-0.07012763482491059,-0.3294545600376814,-0.07578996362568377,0.30903650374671426,1.0000329450577266,-0.11328231588565432,-1.0528123658249193,0
NZL,1995,0.38320430593684096,0.04739977242497265,0.19313715074896443,-0.47079688121296265,-0.45109528504458873,0.8725933464468485,0.009426081728845466,-0.09492015110155963,-0.3294545600376814,0.0898830098591015,0.20807068238750973,1.0000329450577266,-0.08759809061437708,-1.1346363493417826,0
NZL,1996,0.08568371455746968,-0.2095186151598781,0.15680441941995127,-0.47079688121296265,-0.45109528504458873,1.2693769065094886,-0.03412051310475261,-0.13116094014376964,-0.3294545600376814,0.011325426890928287,0.06881330147522273,1.0000329450577266,0.35765416557878504,-0.5994422385719613,0
NZL,1997,-0.3077464631505798,-0.4016201032069177,0.27727610751088944,-0.47079688121296265,-0.45109528504458873,0.3250039007424939,-0.03530893256288191,-0.12350504103720134,-0.3294545600376814,-0.02209903843687132,0.023524320406877925,1.0000329450577266,-0.3478170031912836,0.28876941040856996,0
NZL,1998,-0.6245854029606919,-0.38796381792110146,0.46021459683416577,-0.47079688121296265,-0.45109528504458873,0.44642593247581086,0.018763188999765958,-0.05847661201379724,-0.3294545600376814,-0.34947045942943145,-0.04828035733165877,1.0000329450577266,-0.9439014393664885,2.3368054293774954,0
NZL,1999,0.5510299507259783,-0.6291932642298819,0.3125464782747266,-0.47079688121296265,-0.45109528504458873,-0.13218104529432778,0.07434798515614792,0.045975371238600064,-0.3294545600376814,0.024836177254053283,-0.07885227095687528,1.0000329450577266,-0.29932894786087916,-0.0057013761291916185,0
NZL,2000,-0.10178496409826278,-0.1518965637853949,0.12280888133432498,-0.47079688121296265,-0.45109528504458873,-1.7035688561885816,0.2742564355337105,0.1575834949612595,-0.3294545600376814,-0.16037313837864217,-0.08580413994369668,1.0000329450577266,-0.8292109795932531,1.6000090908690021,0
NZL,2001,0.04017891060376457,-0.15004616075554317,-0.025284181451184492,-0.038159960964002905,-0.4716404212222962,-0.5264111567371231,0.2611477463435414,0.11099890687788963,-0.14921135914347056,-0.01853603241353834,-0.12787724306309997,1.0000329450577266,-0.11710135392993436,0.7190245133319351,0
NZL,2002,0.3775923424060719,-0.14107969007355925,-0.05736747051949424,-0.26399538876543927,-0.37222917310554937,0.8080851271110392,0.1534173834478072,0.015112904801815902,-0.23289867130464437,-0.050302506603072734,-0.07943353208839767,1.0000329450577266,-0.9487704686649762,-1.0781366308632245,0
NZL,2003,0.3803779372455869,-0.3025715013528965,-0.17146499521937741,-0.3172138718078744,-0.3711508760595539,-2.0364916030406537,0.028035609639999286,-0.06827037092915565,-0.18975982397219943,0.16332897536314012,-0.19098385862994696,1.0000329450577266,-0.07747383154765783,-2.2554894055394255,0
NZL,2004,0.2154220517258295,-0.20872542799111632,-0.328694358865399,-0.677158620809116,-0.43482242164948764,0.08958226942091195,0.01568170329154939,-0.011470673603563158,-0.3065790211666609,0.3416154956172418,-0.2126463214479395,1.0000329450577266,-0.6391698361923571,-1.422336375348357,0
NZL,2005,0.023920558176734844,-0.07814008256412018,-0.37076383724636147,-1.103125409419017,-0.3753196776220106,-0.11112671019984871,-0.03677684190614742,0.011489526154344926,-0.515896842704215,0.36314498007165014,-0.21679565755273505,1.0000329450577266,-0.07860326213674071,-0.7386415954872343,0
NZL,2006,-0.1262809551036622,-0.02071786317800886,-0.36014023159460323,-1.1150793043257585,-0.027277332559443875,0.22278635702240288,0.018400141844692148,0.024044696571604882,-0.5770129089809659,0.10627364368127062,-0.3793948607441006,1.0000329450577266,0.08874808031374408,0.7719768369521001,0
NZL,2007,-0.051329859909428496,-0.19370548499854362,-0.40178476574949545,-1.0691587293034208,-0.015732096551213187,0.41586251211751224,0.0044125406614301445,-0.016476666487059304,-0.48401511167633887,0.2634407579613644,-0.5110419883790486,1.0000329450577266,0.07695685413009935,-1.3563382037398881,0
NZL,2008,-1.1129057850789947,0.08307332779409052,-0.2942738765537024,-1.2223892539314691,-0.41002048378055533,-0.012481680023971426,0.11831839221813457,0.1327914498288082,-0.6752807457132936,-0.025974253473396096,-0.5034643998154736,1.0000329450577266,0.002557267891267081,0.3518760867570624,0
NZL,2009,-0.8570746405225296,-0.2392566475939561,0.12089663231700862,-0.32889415295893004,0.13656430670075442,-0.7108714023579873,-0.02092173133033851,-0.1512820631513412,-0.45434711010955464,-0.48628022275429256,-0.7228024318575271,1.0000329450577266,-1.0304513831734614,1.1850638703539005,0
NZL,2010,-0.4644853628352025,-0.20666641177618705,0.2135344736003402,-0.30500430330548217,0.007140018002774724,-0.6271664588424172,0.042943388041349596,-0.07633033004383034,-0.512115954345172,-0.41683767972201696,-0.7130271363892864,1.0000329450577266,-0.18475556254241693,-1.5180971100984684,0
NZL,2011,-0.2898356819622893,0.09513160694544409,0.1995113141400192,-0.3954609760023289,-0.13925260928264604,-0.4079145684326551,0.04992715441789745,-0.032600677745693765,-0.525798381787653,-0.37155658264396385,-0.6973847383629747,1.0000329450577266,-0.2235485508316034,-1.0455273528074636,0
NZL,2012,-0.24879686741463777,-0.42386918920319905,0.2929990438754915,-0.5733950645977068,-0.13716771148868095,0.0708724088709889,-0.014890822029638076,-0.06631840146798695,-0.5199306648562674,-0.2716926764079289,-0.7434261749676555,1.0000329450577266,-0.2623415391207899,-0.38603543524234085,0
NZL,2013,-0.1807020889514356,-0.41084002334456227,0.0609794964410923,-0.4286745935783165,-0.21847676945146602,-0.7085326392678032,-0.014978392898151881,-0.11043305313519419,-0.3349525882174038,-0.12962019657549492,-0.7910147532128072,1.0000329450577266,-0.30113452740997637,-0.25150862733076396,0
NZL,2014,0.1450093089333026,-0.39456266053107125,-0.026346542016360292,-0.4343126741603945,-0.28290921480584513,-0.12794656990540557,-0.05008690529197606,-0.11249516576901854,-0.3299761927971771,0.009580172021833049,-0.6797071412002154,1.0000329450577266,-0.33992751569916285,-0.24531428553642248,0
NZL,2015,0.12173228655313391,-0.5580277892660795,-0.029108679485817406,-0.35340634509441127,-0.23845941864503434,-0.7102132266828076,-0.05092660731338705,-0.12337591703405744,-0.23027897179443818,0.03290468155662233,-0.6510515023334633,1.04239490552607,-0.04451498653587775,1.8587726799334385,0
NZL,2016,0.12532604893870425,-0.49620646528152934,-0.08605120577924137,-0.27421644311992455,-0.07954883453793277,-0.32196470084400997,-0.10573446013739562,-0.17535001877806392,-0.24548791834612158,0.03340091092953938,-0.8102471782318681,1.0765652028103752,-0.2503614591608334,-0.10676948142631612,0
NZL,2017,0.014244444566909395,-0.2855722247871484,-0.17337724423669396,-0.40540660909545145,-0.059810740485996945,-0.28874198665430095,-0.06567093831737518,-0.1350990869814009,-0.24050618861755987,0.12060974984579431,-0.7955913209712745,1.0553652752906049,-0.28419676086812146,-0.33749953981501296,0
NZL,2018,0.015934781002492827,-0.32972422236838267,-0.2585785615637948,-0.618338388511518,-0.24710966877414495,-0.2876185942318352,-0.05266779477112818,-0.07176486717359386,-0.300978967964104,0.16855204325481413,-0.8278104702905514,1.056913082611808,-0.3666847223606015,0.156068578712574,0
NZL,2019,-0.24330487547551338,-0.32599348261122474,-0.3065972591097419,-0.38820997382886635,-0.21271326615413882,-0.18815748710794275,-0.07700451257904355,-0.1131909150681792,-0.17660537349747824,0.130726269794026,-0.8663732441305344,1.0823472828730287,-0.527788990522704,0.40044823821845643,0
NZL,2020,-0.9091719022349507,-0.30939349981627634,-0.2033358121746521,-0.09059511579962762,-0.26742274477287376,0.09582381623693725,-0.31265439372069875,-0.352817534296757,-0.24829137999910364,0.028864482726165184,-0.904884175426105,1.1330858447968344,0.1743946003346655,0.04135768551122976,1
NZL,2021,0.26958809334805833,0.07995568503807113,-0.3773504727504516,-0.8725749229462153,-0.34597481558996424,0.03963123246586691,-0.2849044723959987,-0.16335527333044633,-0.42662940638640956,0.3337308804582434,-0.9972518471447389,1.0870203572875325,-0.3069954942576595,-0.9958172479351444,0
NZL,2022,0.02191203583416817,0.6449655590407655,-0.4786996706682249,-1.40387607208557,-0.4748203405548802,0.6855791767842492,-0.21346603096751432,-0.015999975723035433,-0.48836091131035453,0.5190794680256237,-0.9677952532047505,0.9630679633104805,-0.7985786360531334,1.0840276507880517,0
NZL,2023,-0.37567235237229224,0.3933227269616543,-0.38627430149792846,-0.9583362047377371,-0.42628408746736457,-0.09274871277634127,-0.23084628497894244,-0.15674985351872975,-0.43883802890035056,0.1569451626756899,-1.0542680900058072,0.8938335438029522,-0.6357939251631564,0.2146873244649855,0
NZL,2024,-1.072172009210821,-0.09811422579794489,-0.17592690959311583,-0.6979851808836138,-0.18907412027572482,-0.4590099826609151,-0.18602970333688182,-0.17020014286598692,-0.4036746786501523,0.0032293887305373512,-1.0542680900058072,0.9107489847069895,-0.5820516645591466,0.028055933368806185,0
PAK,1990,0.3109807668330004,0.973697116412923,-1.0530117922022737,-0.6162861927479882,-0.7030499933927236,-0.4801095721728759,-0.5994684304395563,-0.4447806391856337,-0.4855909088413074,-0.639503650500845,-0.09170677766113243,-0.5933755869173567,0.12414691663912308,0.8838639167710014,0
PAK,1991,0.46753536825542646,1.452679032594543,-1.0530117922022737,-0.38052396883616457,-0.6802252364531189,-0.49650561807164245,-0.5100947236852253,-0.5293525313353411,-0.18723346508170693,-0.6455236533056782,-0.07787425573018204,-0.6179073119167009,0.8107642496695222,0.8838639167710014,0
PAK,1992,1.1540944419577817,1.05359507017692,-1.0549240412195902,-0.5624037608960498,-0.6494426627688159,-0.4536178321352265,-0.4959889348088076,-0.436222680428825,-0.17805910564210073,-0.45427740870857686,-0.09666029733143651,-0.601813484753986,1.7847581104429644,0.43833372430749273,0
PAK,1993,-0.3902500030645372,1.1348418325535674,-1.0530117922022737,-0.8639135020853695,-0.5392592410321204,-0.4590886810749333,-0.5405421883364643,-0.3461292783300438,-0.6558578747650725,-0.36901325143526653,-0.09313484157398784,-0.5903388510529879,0.7345032126486878,1.1364913903604514,0
PAK,1994,0.12373989312045965,1.5535633663268527,-1.0519494316370979,-0.49861744047746,-0.165120753063214,-0.41253256947116757,-0.5423647070178674,-0.5095353212061654,-0.38867749970531373,-0.5680741058995049,-0.058779440505021076,-0.5976465541027169,0.6627584753715491,0.7903475605777454,0
PAK,1995,0.4418423072506499,1.5492588893725654,-1.0498247105067464,-0.8509386686517487,-0.5135944827591021,-0.2765377471756642,-0.5193679480820648,-0.4843627358478483,-0.567625951781278,-0.6997738769589932,-0.20440857358236103,-0.5927395494034703,0.3278685812775627,0.24305038258583211,0
PAK,1996,0.4117174824625982,1.2048133355744428,-1.052161903750133,-1.1049032429051682,-0.7587425562285707,-0.18357160347326001,-0.5113159163966605,-0.3879775830970599,-0.7023879029654297,-0.6300291796598633,-0.20572098764412375,-0.5865200637503144,0.9164985499600418,1.3417586227113483,0
PAK,1997,-0.5832496795343277,1.379973742766473,-1.0498247105067464,-0.3746730459569493,-0.6373937321219575,-0.2921984549308808,-0.5455511029774461,-0.4195592655287206,-0.6635660721333235,-0.7966031378912865,-0.2120966468704308,-0.5871301939419308,0.9017550442808565,1.3344944436422925,0
PAK,1998,-0.18449321239512487,0.47985359098843955,-1.0479124614894297,-0.5241856235861033,-0.6366353975744101,-0.40954589672782626,-0.5287560512243755,-0.5755352990949869,-0.5448728373895206,-0.8287591723116353,-0.19574167983252436,-0.5811550456994723,-0.23176152096875274,0.8763478404901387,0
PAK,1999,0.1036746142256022,0.11519405810502165,-1.046850100924254,-0.15537489959758682,-0.5087612070299848,-0.39857685565104467,-0.5759216797795743,-0.6024886624155167,-0.6043738571863428,-1.1605675844421726,-0.231745732749499,-0.5765513161417267,-0.5651793501551194,0.9093878751603229,0
PAK,2000,0.2594436470385978,0.15436879488566316,-1.0491872941676408,0.08017091821456213,-0.5425484894810838,-0.5868288320932505,-0.814560451104882,-0.8494880064763927,-0.6436812115741547,-1.0452779053747465,-0.9435597808827172,-0.68987309120064,0.16943027681643985,0.7514745778451957,0
PAK,2001,0.10139435721288353,-0.05868833076276499,-1.0498247105067464,0.4258512697280957,-0.08296192188863807,-0.5588613266660659,-0.7730125962717697,-0.7955930217252021,-0.5738645386485364,-1.0937861883089115,-0.8885769902852547,-0.694921171700957,0.3862213704814891,1.4896271282645523,0
PAK,2002,-0.17291809084937917,-0.03384281279982544,-1.0489748220546056,0.7687801102347378,0.7849791749853241,-0.39902627791251205,-0.7464634666602025,-0.8477706485553576,-0.4275817121010519,-1.2537182043492558,-0.906122431482464,-0.697531831995434,0.6858800425675129,-0.49773801282410846,0
PAK,2003,0.5557443711505257,-0.09962911033241394,-1.049612238393711,0.6392988895325784,1.03627051456218,-0.5285759985474884,-0.7088709009225163,-0.8179801787779648,-0.43704222201123566,-1.1992291209673476,-0.881508645545219,-0.6692036345860053,0.7085924847868791,-0.47089325115296016,0
PAK,2004,1.1866416280167662,0.6925990133378138,-1.0525868479762035,-0.01101540263955803,0.3303562825017853,-0.39829873551181466,-0.7397926296629178,-0.7747058584364034,-0.5140836421556763,-1.1472986511748353,-0.7617360548619487,-0.629945263219707,0.8061640020725831,-0.033710825985693485,0
PAK,2005,1.042627319443332,0.9756548829039845,-1.0557739296717308,-0.3304803832006284,0.049480728375761854,-0.1625739320368923,-0.7052354632434291,-0.5707397863904845,-0.7118857320905475,-1.052116440788261,-0.5864892470029637,-0.6260236276978765,0.5689232280047238,0.10035554214182733,0
PAK,2006,0.7245915866430012,0.7759155597611349,-1.055986401784766,-0.6189716604010627,0.010465078712933968,0.23278310195305055,-0.6928486170312065,-0.4325216121534955,-0.7171657360871742,-0.7404811133460932,-0.47252076860816694,-0.6111200903509051,3.064604786809872,0.007710409118710868,0
PAK,2007,0.30740495835975346,0.719538801481882,-1.0950812705832362,-0.6771674671643997,0.1326839382224514,0.37206187905783317,-0.7313664517485481,-0.49686528876584696,-0.8397219512120131,-0.855854656538652,-0.49028475840861224,-0.6076283981851166,0.6691305443565,-0.044259867635864446,0
PAK,2008,-0.2960823304142922,2.9381385937829183,-1.089769467757357,-1.2309733632461253,-0.47309119282356915,0.25023527741109847,-0.7209126953510047,-0.33766902258595954,-1.1176565787231054,-0.7846640945943524,-0.38660309958445754,-0.5932318408975591,-0.3572864388567912,1.5406911156052097,0
PAK,2009,0.05497183506090289,1.7773166188059752,-1.0659725910974187,-0.2702380174808028,0.05910367122276885,-0.2567483851986877,-0.6994341928305142,-0.41159612568966597,-0.906057885716482,-0.8493922472523013,-0.48252583219488177,-0.6414288684507308,0.6852789498099968,1.5549547818790606,0
PAK,2010,-0.4567242467576969,1.6533551574873098,-1.0409008817592693,-0.023070462301879913,0.20222004862739876,-0.3341673561209545,-0.6891681483774612,-0.48777748246776603,-0.7933562000217506,-1.0992522258301551,-0.41614827378938013,-0.6556132660639502,0.3989714310440024,0.32043755560958365,0
PAK,2011,-0.15077123162681794,1.47450620741936,-1.0105173695952407,-0.06910133816567154,0.06162352153283536,-0.49345552490979744,-0.6539247802637249,-0.5104615331365571,-0.7454269797491406,-1.3048567872936059,-0.36989651464991585,-0.6874915437527597,0.21433520294984562,0.015834721778945803,0
PAK,2012,-0.060556827479040815,1.083901145713225,-0.40050993307128446,-0.06555229136992569,-0.20137605959749896,-0.5749195647930504,-0.720989872487561,-0.48329391694495777,-0.8707318694806295,-1.2217817603122954,-0.3219981810691993,-0.7078326280920284,0.665054955853685,0.7293417613295902,0
PAK,2013,0.2871666404381338,0.7358838141292512,-0.5520025496653564,-0.19756217899834994,-0.5505429442290349,-0.5144549409730562,-0.7083349401970659,-0.5185074884555841,-0.8240805180823514,-1.2506308673444746,-0.37797543160593833,-0.7179478376425247,0.28139449141032846,0.7972414997369118,0
PAK,2014,0.22214460940797728,0.6479661296092956,-0.7914586210559866,-0.13601550636594556,-0.2109607119134126,-0.4511575796645754,-0.7492983090796193,-0.5395673808366445,-0.82996951917885,-1.2621989005129075,-0.36549524039208126,-0.7226696196197748,0.1147461684514531,-0.17983446566877093,0
PAK,2015,0.2485011171706104,-0.1669186428503928,-0.4219696164878361,-0.06521791578545919,0.12944491657761123,-0.49954796331557716,-0.8001790526341979,-0.6146482942705812,-0.761691773490327,-1.1225381616027699,-0.5143774198962746,-0.7246966211190312,0.17468025778592178,0.047405005771335496,0
PAK,2016,0.8601728336111605,0.04917903744820296,-0.6941463932858813,-0.29782966818919837,0.1702133048485695,-0.40682343517907493,-0.8517874757638674,-0.650656294421466,-0.820582611008313,-1.1032417331334798,-0.6603077601384304,-0.7144182768884336,0.30964690807087586,0.07827103583907627,0
PAK,2017,0.30424042174106364,0.1051806256453511,-0.4988845214065654,-0.7220160393094882,-0.1911466352288694,-0.43690187714618917,-0.8732631483429167,-0.5888328473670333,-0.9448493039532421,-1.0418437801029752,-0.6484744748708067,-0.7063501496500556,-0.03689764678695827,-0.05685104709741964,0
PAK,2018,0.7505718870498345,0.27876711406691307,-0.3121215340486561,-0.8120406840803808,-0.5021572142777739,-0.5241658515342399,-0.8582462402094307,-0.5025663041747921,-1.0356626614189368,-0.9281519892542951,-0.6078749012058537,-0.6895060338333889,-0.04601379108582922,1.4990639878272691,0
PAK,2019,-0.19814929917966911,1.2405247917867959,-0.15340486561138847,-0.361871610838433,-0.20754647870331175,-0.4508626925079965,-0.8245148834393223,-0.4799417944522999,-1.0810837860819666,-1.1706624835451596,-0.47612830122025496,-0.7015701506092566,0.12690808185753727,2.298195224759091,0
PAK,2020,-1.1774187302600798,1.0940021566277929,0.09391267396154261,0.05770167521070074,-0.010498766491326006,-0.45489055000146955,-0.8283632102216427,-0.5807874039802117,-0.7977255163518203,-1.2764241716692477,-0.6328544010127103,-0.7099359556056055,0.49931151575162763,0.69784906742043,1
PAK,2021,0.8446070947617805,1.0513872679388587,0.16700308084563917,-0.5087358923889069,-0.13860242427897956,-0.4790396532952517,-0.8386594061944128,-0.5538038056022005,-0.8626813084952192,-1.3198428620774219,-0.5634514120056012,-0.7060138284035955,0.009001653951832958,-0.05633180906165875,0
PAK,2022,0.3939391674226899,2.8660481884086693,-0.055455221502177694,-0.4632163595488679,-0.6184843138069729,-0.5585538459487752,-0.7765806707621451,-0.3368217781324511,-1.1653861771428053,-1.1612477944336457,-0.3193810432546183,-0.7124244421654505,-0.27388232919089295,2.5702498940846166,0
PAK,2023,-0.9543534516592432,4.771083977053501,-0.06692871560607662,0.04195056947609432,-0.3532121811158902,-0.4817685220563643,-0.7785248242530881,-0.5540484293974426,-0.9284632216265476,-1.407429956986189,-0.3343471400656584,-0.748423033975134,0.5576551837979771,3.730856786148662,0
PAK,2024,-0.04649008313668973,1.599786969020651,-0.01274832678210977,0.116189670491446,-0.2666861585415221,-0.4435680129252037,-0.7830465375527871,-0.5922278455861972,-0.8611255137240575,-1.5262998749041028,-0.40115390213494234,-0.7555740827758434,0.20601416530863587,-0.19165289365167903,0
PER,1990,-2.1402667315653274,1307.6784864083081,-0.13300754276001267,-0.8252821490746561,-0.03037800748575139,-0.6411211948701695,-0.5615925253857122,-0.7560889806321399,-0.9308358849180274,-1.0678914183709765,0.0,-0.7995622914521584,599.5233700717341,32.437957351890795,0
PER,1991,-0.2704257618730377,71.00364151447242,-0.13300754276001267,-0.6551766540677283,0.47323206602572254,-0.7028959397855623,-0.7072973363648356,-0.7231766397003042,-0.8500109378024168,-0.8771651178804926,0.0,-0.8128397306672944,20.71627998084657,32.437957351890795,0
PER,1992,-0.9869565565268077,12.248378104854982,-0.10283650270901948,-0.8031762418704113,0.5186165483557186,-0.7729862214498554,-0.694326211288143,-0.6747533044541377,-0.9275387251206447,-0.8173913083367657,0.00043800847093705523,-0.7859912782476168,7.322200006206949,6.287032474650194,0
PER,1993,0.5147912321153032,7.885770283994382,-0.16084138956761923,-1.11672428188394,0.6466190775087296,0.07233193124957142,-0.6969457367377134,-0.6337740987019765,-0.9043997048565915,-0.6184733620871247,0.0059825365833535106,-0.7599703353549145,5.781507275045138,6.111694451028258,0
PER,1994,2.3490535997546265,3.541562971490159,-0.2254329119303092,-0.9358550564551594,1.4625644775909172,1.8820131961746598,-0.6835706777386229,-0.6416801194894658,-0.5987225305394093,-0.12751030922316195,-0.019400289284350943,-0.732286316242556,2.529291284856931,0.962466537428023,0
PER,1995,1.0776313891640061,1.3368186067333085,-0.17932646340167846,-1.3906446087531477,1.125359801017772,0.9912913383481468,-0.6907248924883501,-0.5370436511920638,-0.6323867494161336,0.2577466341668664,-0.10847399993024238,-0.6991954275478707,1.7813200855748543,0.15274214433657785,0
PER,1996,-0.11991206583364118,1.4083806220642598,-0.13237012642090715,-1.0345586129240367,1.708580372339684,1.514035547412168,-0.6608470810786947,-0.5365458376407884,-0.6440917381457569,-0.07500444897307462,-0.11190875056087965,-0.6333865112570153,2.5319017720523567,0.8034955338410579,1
PER,1997,0.8349846962176565,0.8880229659129494,-0.16785296929777974,-0.8970946699996071,1.601289070568864,0.5983379528734225,-0.612453691051962,-0.5050656630137685,-0.4652773361711707,0.11092522923154677,-0.10564531305028743,-0.5901503655972938,1.924091680776246,0.7739843936605514,0
PER,1998,-0.9482784111762586,0.6581848936377906,-0.09624986720492926,-0.9344874696948987,1.4307151986878466,0.3461289754868764,-0.6447381109127693,-0.49266625498764,-0.5104963639331286,0.020567075363974636,-0.17136459750230384,-0.5418454962206152,0.6586698530112035,0.9188616245775079,0
PER,1999,-0.4584915466234813,-0.00248669595170823,-0.11494741315202373,-0.37604250593579464,1.626806416514819,0.66394252257466,-0.5741127262753442,-0.5619759361172781,-0.452796620479656,-0.37268477514863846,-0.19697732425671402,-0.5318009120871195,0.3918614972164829,1.493829124853911,0
PER,2000,-0.14707026154827316,0.04781843573466735,-0.12599596302985236,-0.4167795516391293,1.2897076271923469,-0.14532475938610973,-0.5169329756712671,-0.5157719362109392,-0.5491575458879723,-0.5324268300724107,-0.1245585518948802,-0.5654709310259598,-1.0084945425756697,0.20456166509367205,0
PER,2001,-0.6861956797724814,-0.26348472117835525,-0.10283650270901948,-0.3010767185596404,1.4582209068396954,0.07783203588872738,-0.5238952695902266,-0.5305182708136644,-0.607732038781419,-0.759451755099747,-0.07548397234503941,-0.6024396563581632,-0.9178941202123869,-0.07490223441754112,0
PER,2002,0.5693019776438548,-0.5754391193307243,-0.15128014448103685,-0.2523027235442776,1.5819836448119442,0.6885944716700811,-0.49581880941672296,-0.5540176666608017,-0.5820541319625937,-0.7890356361956061,-0.08650361734243546,-0.6183540372102914,-0.5637283387545848,-0.09653178202374547,0
PER,2003,0.23476153447221834,-0.21412379913300914,-0.29788590247530006,-0.1817671701596862,1.3700909481738641,0.10381233036496879,-0.42328089808307306,-0.5234527293347556,-0.5955343836634519,-0.8598196239218704,-0.0999288729128053,-0.646667008713392,-1.1719004602418739,-0.23856832457458862,0
PER,2004,0.4406983735896342,0.031229760765987588,-0.17890151917560818,0.09974881959469367,1.3504423461709367,0.1466564171800676,-0.26078420156949855,-0.5035479755096517,-0.502816002735056,-0.9610209400567682,0.03041759309899108,-0.6731812073333737,-0.6643354148954217,-0.32181743069839425,0
PER,2005,0.7851961384290593,-0.3265757795623085,-0.14490598108998187,0.3531796621607156,1.0846414912574869,0.49679951136624667,-0.09666316808678302,-0.4321472929892327,-0.3323656375980621,-0.8948318361111811,0.054365573628568295,-0.6584111699633322,0.6368635997093717,-0.4851420229571535,0
PER,2006,1.1081394699864833,-0.25908523070354356,-0.2936364602145969,0.6497255392651564,0.9992565028535303,0.6798135856581943,0.05709110743829242,-0.39656682759063183,-0.011603466744274153,-0.5289301790502339,0.043738111250912995,-0.6360968131515184,-0.21428895693186234,-0.19463061161450895,0
PER,2007,1.3650447910139372,-0.2979529438440718,-0.31275895038776164,0.33956636748664254,1.5085627663384118,1.1946327265939887,0.09817757627023913,-0.2562587929252181,0.05906746291897428,-0.16070950125853642,0.049872430956304684,-0.5876302198354002,1.7944711987406199,-0.5920248717541824,0
PER,2008,1.5229493845252253,0.40254045867375315,-0.32338255603951976,-0.6605838530323029,1.1346826600258415,1.324450062233051,0.023362155845098365,-0.03792071901318705,-0.06309957013436843,0.48024999790718803,0.020233070852667,-0.5217518069290181,1.1700083011501028,-0.8066743391207447,0
PER,2009,-0.5621082600923479,-0.09576512774914579,-0.33825560395198134,-0.007652257198584668,1.8398748040163941,1.1763734383025897,-0.11361958482968368,-0.37629869365802304,-0.2269207248821782,-0.4782101407370482,-0.1140502153884226,-0.5185508369266032,-0.5410789380594911,0.18631755182802653,0
PER,2010,1.3167713127135747,-0.341960714314075,-0.4147455646446404,-0.31894699109966496,1.8586731290500866,1.3200604536800122,-0.05591344569813597,-0.27161662046004875,-0.0903951322080152,0.10645573957423544,-0.07879689302997124,-0.515393431197864,1.009239623608316,-0.7730825861295253,0
PER,2011,0.7961350752444186,-0.020034313915049333,-0.4408796345479657,-0.24156265716272574,1.5720024086859468,0.8774816072564754,0.055678725906391245,-0.19280210386254026,0.021813951304310148,0.17453580339242641,-0.14102686423980024,-0.4892364285578979,0.13283214035579755,-0.3884830629500474,0
PER,2012,0.7474620106542668,0.022266091726798765,-0.4916604695633699,-0.39437659304557543,2.077258075458078,1.8937012169723109,-0.07161249553647862,-0.20796216684059254,-0.049757693749095104,0.23717618475984578,-0.13126672488931543,-0.46707821979307923,0.44121885910179404,-0.5681206332609545,0
PER,2013,0.6728933219271376,-0.12520115398404175,-0.4200573674705195,-0.7365499385069135,2.1201698310623303,0.9776302624700046,-0.18173375207796985,-0.21716852853229338,-0.08584528696740804,0.3868470642345788,-0.175826307165732,-0.42011557422773277,0.5789028663164253,0.12979772860419495,0
PER,2014,-0.22813176595664927,-0.012578934231680933,-0.4980346329544248,-0.6595078827564596,2.12944214209383,0.05103115419977405,-0.27351119061402873,-0.2524041408421959,-0.2020841341225258,0.24646202667198178,-0.29247538286692165,-0.37949544201345664,-0.3816969770418346,0.4058276165012125,0
PER,2015,-0.0022271373736607006,-0.015001500023234469,-0.4844364177201744,-0.7237068651337842,2.4045369593095898,0.6771756208426161,-0.3285296106919395,-0.2702316776434234,-0.2543086218824852,0.1906509726115341,-0.3154486690023612,-0.34157582185061497,0.288111444870357,1.14782097821745,0
PER,2016,0.179795781977721,0.012816984104814138,-0.38478699670668226,-0.31983985074216303,2.4657335619316765,0.5925179532099689,-0.27378871790819764,-0.3225021169321088,-0.27434845151539095,-0.16242151601126384,-0.37486215488719865,-0.3551031791594928,-0.7117158223773756,0.5010807700418479,0
PER,2017,-0.19264543579700194,-0.08550593499774357,-0.39541060235844055,-0.0955835228568708,2.1702741856030534,0.591532072876866,-0.1854204542193674,-0.32225440553142143,-0.2552864915488149,-0.3648683658027821,-0.42479997534344793,-0.3601417175052169,-0.09336531050265544,-0.48064580454015426,0
PER,2018,0.18395840340598615,-0.3453122579781477,-0.4376925528524382,-0.12464979709023012,1.785846673415361,0.2829069674645081,-0.165728873050736,-0.2912067726114146,-0.2752134609728924,-0.27220791219015217,-0.3982805889241667,-0.34111578718390856,-0.45993401101222775,-0.04155982430777283,0
PER,2019,-0.2648766823629496,-0.21539255952487088,-0.46170190162541175,-0.02984250970711145,2.2107110825423715,0.09879420559579687,-0.21380360820437658,-0.3169288740531674,-0.24656015276556084,-0.3460342577052713,-0.44105811757703234,-0.3306366558877087,-0.18859339936712768,0.03594290648717948,0
PER,2020,-3.6852843684358163,-0.259058293470601,0.3456921279082123,0.2073367031327665,3.44310211712637,-0.5321874101158646,-0.2566479803579778,-0.3972350717426156,-0.3230635358781168,-0.7545426738651861,-0.5209111959305381,-0.19537442775556815,2.629762377265732,0.3690752150589915,1
PER,2021,2.636801074773546,0.13775641421921428,-0.09667481143099954,-0.29888617422567215,2.0354454178673014,0.4138881977730605,0.002443134397139796,-0.1592865177502428,-0.2898552908478385,-0.11822068645360283,-0.5464559021256502,-0.3000907664794969,-0.7000534954299522,1.0293080218362856,0
PER,2022,-0.11492015680423208,0.8480690518637602,-0.2679273345373419,-0.6050387683392565,1.4390682119143883,0.9321448201619196,-0.014493399588312495,-0.05009158985454004,-0.4603728151387777,-0.11053757439444338,-0.5026223449426248,-0.31882494406972217,-0.09513277789744896,-0.24774386227672618,0
PER,2023,-0.937675528271611,0.5196546968921327,-0.13874428981196213,0.17716500373432953,1.5873339720755384,-0.11769216234221169,-0.08326338434127663,-0.2768958081708105,-0.2874580673326694,-0.5409291774579107,-0.4612271828494842,-0.3533136047123203,-0.09513277789744896,-0.3746669256929316,0
PER,2024,0.06606454173005577,-0.25813231978269335,-0.07500265590141292,0.5038386671379669,1.6547110399820106,0.11250760843385671,-0.011813085958401021,-0.32208437411418156,-0.07437855153976801,-0.5168353816444781,-0.5224401782931736,-0.3958588278773174,-0.09513277789744896,-0.10113336473034056,0
PHL,1990,-0.04625392674854837,1.52019157914226,-0.3877616062891746,-0.8189241418419513,-0.6069795155530532,-0.32663246402486124,-0.40749861402870263,-0.28688546462461734,-0.09096880704010363,0.04016408811671859,1.2223102580919463,-0.6860543054411774,1.1355902515719367,1.2384570496142988,0
PHL,1991,-0.9599236699501005,2.7589600714595575,-0.3877616062891746,-0.24713294918828674,-0.16268249486040828,-0.3262167653332166,-0.3419620561711074,-0.3000796275962184,-0.22033614762348944,-0.518650894930443,1.2223102580919463,-0.7021130058609618,0.6952895620237871,1.2384570496142988,0
PHL,1992,-0.7381909129437787,0.9035535198458039,-0.36184000849888454,-0.18861262443927782,-0.14147628500002843,-0.5629987326312561,-0.3496949166565669,-0.2540715634344094,-0.24574583763760632,-0.3592228051796461,1.2223102580919463,-0.6707063964767895,0.2620049566306563,-0.8741911991882442,1
PHL,1993,-0.2801280705524525,0.5652418049255289,-0.35759056623818125,-0.7377354027262908,-0.18984658210546435,0.006208320731647436,-0.28617883683480555,-0.06409280751349707,-0.2778520941143321,0.01756582253221584,1.2223102580919463,-0.6062558218039854,1.6761512850125215,0.5339617946509817,0
PHL,1994,0.2889323798923923,1.2070279842317793,-0.37926272176776804,-0.5957114509620114,-0.2101222986176017,0.06920762912940914,-0.21227858681130335,-0.05019821220478114,-0.09265337347940955,0.03703223897157046,1.2223102580919463,-0.5764208115704739,1.5434488852361348,-0.3965362988637867,0
PHL,1995,0.3542458040822713,0.5854711763916615,-0.39774779560182727,-0.3057760280696508,-0.3247458261462052,-0.08154005380084227,-0.13429919480292662,0.09088413860122793,-0.13612233506103946,-0.1975182340127151,1.2223102580919463,-0.48213374417769056,1.2744090881328607,-0.4037587462995747,0
PHL,1996,0.6749261712841254,0.6981036311715334,-0.41325825985339426,-0.6204101395531676,-0.17675021245165234,-0.13196238355451123,-0.011696873267495717,0.263244013839216,-0.09392045694163646,0.032530953672283425,1.2223102580919463,-0.3542886480856721,1.260994675142535,0.07877608874453372,0
PHL,1997,0.4999491444523835,0.3683337921137633,-0.41644534154892177,-0.6969518918621532,-0.48801495634684433,-0.23897902422479275,0.2467684796037338,0.608242029768968,0.040796237218431806,0.15345047316024837,1.2223102580919463,-0.27089038373573304,1.2023220219090462,1.1738226696933294,1
PHL,1998,-0.9800973983360808,1.005663083804458,-0.3941357696802295,0.45020220514828635,-0.20944585822072423,0.38415891181225487,0.3602003890822307,0.6143895923759791,0.5514736148008762,-0.47662741201968617,1.2223102580919463,-0.3655328261774087,-0.16527535290824588,3.9308266330589383,1
PHL,1999,0.022232088743309817,0.429325196504224,-0.3826622755763307,-0.48008195274971177,0.31583257565511136,0.05548080354860022,0.3853943596798683,0.445110772243268,1.1195744388690514,-1.062287445623949,1.2223102580919463,-0.4251233025793672,0.6168233690620825,-0.5870754801690828,1
PHL,2000,0.29122730989673534,0.08625163048181028,-0.3786253054286625,-0.3611995729381901,0.19207834137260177,-0.07060281530284816,0.5910626839120263,0.5922109830378116,0.8890527265852114,-1.1421051510040336,1.2223102580919463,-0.44710612535937494,-0.2071784947299296,1.2409223391833029,1
PHL,2001,-0.054936408796256886,0.3255340666064834,-0.39392329756719435,-0.2849184323094333,0.3087987767317278,-0.35700438884123054,0.49981103475124794,0.6853017777374546,0.9992976501826583,-0.6379881443543974,1.226589797545154,-0.43870056477086994,-0.03178412073266198,1.4850477840914935,1
PHL,2002,0.11824588463020858,-0.13309186907263362,-0.4113460108360778,0.03752210275299029,0.30075252343151976,0.04232393538476378,0.45187286844088825,0.6898336931498411,1.0570291154148714,-0.403931815881588,1.203019722839473,-0.47192993630055813,-0.033405696056179116,0.0,0
PHL,2003,0.47411538076243354,-0.2089164518238741,-0.4302560288962074,0.1508747704996917,0.28384094016400346,-0.49689974211681537,0.5477364975769887,0.7586273840234826,1.0875530673447094,-0.5477706124828623,1.1630706606117434,-0.4938462829210615,-0.5677138982010164,0.40185924375350435,0
PHL,2004,0.8589759778404914,0.23525236519410297,-0.424519281844258,0.3877165300758898,0.1338786359402068,-0.47654041163147165,0.5278004070390898,0.760013251219434,1.1429681788656758,-0.3619010400291265,1.052688764929084,-0.5058439244688078,0.03758895079286186,0.22921927379455329,0
PHL,2005,0.43662260994955354,0.5303635619359558,-0.37331350260278345,0.41210489555526747,0.17342357293929803,-0.15085768669052893,0.5029186482951942,0.6309953838023092,1.280972288168596,-0.6965262649444962,1.0872004927531393,-0.545607380615699,-0.32742604879840903,-0.3036164068498609,0
PHL,2006,0.5337029541313142,0.3499680957065662,-0.31870816955274633,1.0288664501656812,0.2947967998915197,0.050288703612745685,0.5035615427754184,0.4862159390910158,1.2323598931720394,-1.0909370857582001,1.028225428419838,-0.5510479136295343,1.234859057735961,-0.8418486427058202,0
PHL,2007,0.8460106242889871,-0.10210078720368891,-0.4500159354084777,0.9809948107280761,0.7083874321049646,-0.03754337070068514,0.3688438535591239,0.29509016059159054,1.189964315189168,-1.0734196172036246,0.9374611685044787,-0.5488975450393332,-0.06752138219330885,-1.1789392208433909,0
PHL,2008,0.2813566079046461,0.8352585059518971,-0.3892489110804207,0.10838129423481532,0.6231103818234036,-0.436211219044569,0.1746702754220791,0.23225709355887306,1.12444894992545,-0.6345914519755009,0.9532188807275668,-0.5458694255307626,-0.026591618799837825,-0.5392685960951494,0
PHL,2009,-0.47058728554213913,0.128552646771119,-0.3599277594815681,0.9169163572879354,1.3205546105654455,-0.2830462737374886,0.043870175305735636,0.0563814839919929,1.2968320974729446,-0.8719661558198879,0.7484724272328627,-0.5456061698521705,-0.15849628590205722,0.6671119316828749,0
PHL,2010,1.0576667786405853,0.05350122967434439,-0.41368320407946463,0.684814154457148,1.634063793112052,-0.5150373542749094,0.15457466594762756,0.17960804721123733,1.458153470149466,-0.40661657527235745,0.7726380001985109,-0.5400387612863252,0.053931135570605374,-0.689480405662482,0
PHL,2011,0.15510821377069833,0.2158783116619425,-0.41644534154892177,0.5073660592191374,1.9250939888613012,-0.39429686789558066,-0.002578556930168904,0.10559464454083599,1.2007604239638991,-0.3605206100945941,0.743884200426797,-0.5123791742535931,-0.4718335164213727,-0.5421694624105755,0
PHL,2012,0.9440641970801981,-0.07989913101618844,-0.4351428874960162,0.5491650299156345,1.8936055694472693,-0.2639179465958803,-0.0708845775705973,0.04233260737993456,1.0448597693563149,-0.542824637571297,0.693601862872188,-0.49439556751474945,-0.31467343954931454,-0.38737864472499445,0
PHL,2013,0.9060484205990952,-0.1575878888218343,-0.4366301922872624,0.781437972213824,1.9304248239010264,-0.23268458703125097,-0.12465261622721632,0.0073433188832175,1.1541689399494606,-0.3756268220382006,0.57396017221337,-0.4633482078044839,1.7874798808462824,-0.07150511827538023,0
PHL,2014,0.8015341938238241,0.01992472313252792,-0.4147455646446404,0.7139653249356739,1.5096852884579015,-0.01708511836588499,-0.0755778130951015,0.029768276645242606,1.2430305114097009,-0.3320692269927176,0.5927728021282473,-0.4219250713456507,0.1988057221438461,0.35514886131344336,0
PHL,2015,0.8016178568890796,-0.49131857004304075,-0.5277807287793478,0.5008174748354363,1.499133071058146,-0.048458732725295155,-0.08168345466448976,0.1172867698101569,1.0897792164331437,-0.2676050892663601,0.5061852483813476,-0.3922171812284647,-0.1060703179869982,0.13573648171793526,0
PHL,2016,1.009623193955915,-0.3899826966867406,-0.6070328269414641,0.030368781443231945,1.2357880759888331,0.2182765745292803,-0.10399083125644859,0.26971124937122504,1.037873147649254,0.23910044128660107,0.4609928332213463,-0.3543942694077846,0.2823937998849614,0.332219566890718,0
PHL,2017,0.9529012736096074,-0.11028665675117102,-0.6374163391054926,-0.016916519740175325,0.9695030545731022,0.4025467572914199,0.01605193707864441,0.438654316483041,1.0766965304479479,0.38446500784433535,0.4489358089547772,-0.3193825204320286,0.10340482200036123,0.5161378112679458,0
PHL,2018,0.7998460739802337,0.3192117313327358,-0.6828853712950177,-0.34348320016435274,0.7441987592063577,0.3131870288861073,0.043623350232910606,0.5989746223602908,0.9262222446955686,0.6305563626581866,0.39514759208526706,-0.29437458073957934,-0.12456774785878527,0.34338880906783,0
PHL,2019,0.7419580095372017,-0.1909212282440857,-0.7043450547115693,-0.04365996984187375,0.9537851466316521,0.11369223935247684,-0.032701274451582725,0.5272777579798036,0.7426136614717609,0.5147969975760063,0.31729409072201004,-0.2891256812586102,-0.04511750697531136,-0.2974084983333782,0
PHL,2020,-3.317898625260715,-0.190729391815049,-0.6437905024965476,0.6429001813653256,2.0968033424037484,-0.03238994689640278,-0.16528466168563555,0.16697330975842115,0.12186317006173898,-0.8717098577230572,0.20244264332385303,-0.23723398612994037,-0.15667732836474835,-0.5641685548423616,1
PHL,2021,0.6371195742762852,0.0775179870224998,-0.4576649314777436,-0.16343269481718373,1.4399069140289216,0.3738449316801666,-0.14238769129828105,0.3961660801270746,-0.29112743067099234,-0.2985573916314553,0.20002131958005953,-0.2639891853087272,-0.22039203489389642,-0.20330394856832612,0
PHL,2022,1.1216620307031624,0.4087100994301061,-0.627642621905875,-0.6785538520735652,0.8162738202752674,0.12999008353333394,-0.03251443112864964,0.699603679039609,-0.08792768980318834,0.24951398427569285,0.14506215517253837,-0.27763648414227254,-0.2354331992105728,0.9844126311371831,0
PHL,2023,0.5862874529525345,0.4361407931421974,-0.7122065228938703,-0.39052923795587124,0.9275989309326783,0.02256609586347431,-0.1054981575669637,0.5428686207701321,0.34757433984222247,0.05167256914626734,0.011372312684819542,-0.2848158069622846,-0.2354331992105728,0.09603348453535843,0
PHL,2024,0.6371227234950749,-0.047436861215035916,-0.7117815786678,-0.593825068641454,0.8594594214162673,0.0203203236774844,-0.14301533086487106,0.5113061718298125,0.5078850656492098,0.09373094736560213,-0.063309769529822,-0.26521974920465313,-0.2354331992105728,0.18695869238382473,0
POL,1990,-2.6681074476052147,98.69341490168183,1.7144374800807403,0.8908447695754025,-0.243346279565565,-0.6482784237489609,-0.2632230714164386,-0.42286938868051077,-0.10736911208087828,-0.4961677993881874,0.42235666567509283,-0.6609887236177451,14.535035924284923,1.0600206165498103,0
POL,1991,-2.6681074476052147,12.815154266262574,1.7144374800807403,-0.3350101246198281,-0.4498159286166326,-0.5760120373117296,-0.2632230714164386,-0.42286938868051077,-0.10736911208087828,-0.4961677993881874,0.42235666567509283,-0.6284169237546452,2.593508247689193,1.0600206165498103,0
POL,1992,-0.19364680127325754,7.451853830253229,1.719536810793584,-0.46865305309363414,-0.42311905782064846,-0.4429298294672167,-0.2632230714164386,-0.42286938868051077,-0.10736911208087828,-0.4961677993881874,0.42235666567509283,-0.6545980205731323,4.265062310478452,2.8930580517008395,1
POL,1993,0.12397219761699492,5.854559715780625,1.878465951343887,-0.9372035239096643,-0.4633451595675497,-0.0676372637521311,-0.2632230714164386,-0.42286938868051077,-0.10736911208087828,-0.4961677993881874,0.42235666567509283,-0.6578802556923065,2.4141282452126043,3.321888613860107,1
POL,1994,0.527571751223354,5.159836805591653,1.9702539041750777,0.1927862150096053,-0.25203971886254367,-0.10051552734838934,-0.2632230714164386,-0.42286938868051077,-0.10736911208087828,-0.4961677993881874,0.42235666567509283,-0.6892648840630623,2.6102115246655204,2.5366255632103902,1
POL,1995,1.2121906907880184,4.278532342598575,1.7301604164453424,0.19718629386889117,0.23837002039515173,0.20530638292519232,-0.2632230714164386,-0.42286938868051077,-0.10736911208087828,-0.4961677993881874,0.42235666567509283,-0.6918785969519335,2.3790211592196004,0.5779348757134021,0
POL,1996,0.7355584917030749,2.8522524865958983,1.5153511101667911,-0.25277312894819604,0.2571431253600631,0.28854491337167626,-0.29948001522912593,-0.29344999811052846,-0.19460321115083107,-0.18764434729681484,0.2819417839381343,-0.6625747992668806,1.9649525653872912,1.0446591632177182,0
POL,1997,0.8043691075927533,1.998590776830017,1.1498990757463088,-0.5203780341505497,0.2910023157281671,0.38439594720043174,-0.246485971645571,-0.11414156257783119,-0.22854077735991182,0.10920913298184635,0.1928539079299359,-0.6404128178442978,1.7618058464501705,2.138368624604403,0
POL,1998,0.3533075425025932,1.4188573640729298,0.9312652714331249,-0.579406034739573,0.55624594383908,0.58515929596202,-0.1378721500004351,0.05727827617365344,-0.15557582982624865,0.3318071221176711,0.15120749549147453,-0.617708214831315,1.3969356725418756,0.50046824854812,0
POL,1999,0.37344828052004503,0.641791420085642,1.4316370976309363,-1.1578579845750876,0.5139882949115303,0.8305071789486759,-0.215566953564343,0.019551822012234425,-0.2718960968612773,0.37540684312244993,0.07855186427608364,-0.5814828544912384,0.8713612577793407,1.3552811750124187,0
POL,2000,0.3623223587602374,1.1219910488035538,1.9921385318176998,-0.9292854144778954,0.37571518463597114,1.2027639677428774,-0.08730507737316726,0.19442247268463644,-0.4399115646193103,0.2516947517981578,-0.029472727987507403,-0.5657682209224298,0.11598850456480765,0.8743435229214944,0
POL,2001,-0.5262992266290121,0.33652150193456615,2.73727823223202,-0.43601353332698944,0.3017212094406482,0.34525098798085047,-0.08797055071971893,0.06379744277318937,-0.5576007545363494,-0.37583191597141336,-0.23323051452095886,-0.6024450766664089,0.4034048544067508,-0.7326158803218372,0
POL,2002,-0.35300630850213366,-0.27604300024307826,3.114628704982472,-0.38061754291546174,0.35463988799870144,0.024861598754084512,-0.022675294278248586,0.12882206419511882,-0.7386997998017751,-0.699935275333224,-0.2686774744090902,-0.7380911271532806,-1.1587501367996556,-0.16082736644701257,0
POL,2003,0.06816660548638329,-0.4898306644256628,3.0483374057155013,-0.33401514700819146,0.2440852216717105,0.16865534106582752,0.16974369910343567,0.3116327281041295,-0.6511045866618362,-0.6432478453459969,-0.10082778690294987,-0.7322138778012294,-0.46593286615152013,-0.6151897940851775,0
POL,2004,0.47512388622025836,-0.017702326044863072,2.8195049399766288,-0.9273858211611169,0.03469662246226857,1.207725208058336,0.20407704000418275,0.35706034667127023,-0.8020040615825041,-0.3993049596178664,0.05976614491861261,-0.5677971242172,-0.6146759802473286,-0.7481564904630603,0
POL,2005,0.0,-0.2273399542762573,2.558164240943377,-0.47114591725227467,0.05252749639915886,0.569282781125286,0.22339255952316478,0.30255493540209627,-0.5964659405967463,-0.4583160675216558,0.029334613979266965,-0.5565363749764678,0.4438717078368744,-1.33326873299223,0
POL,2006,0.7636586292246754,-0.38456270372676676,1.7511951556358236,-0.7013305277259957,-0.05720062882004716,1.4878511972269046,0.35399551170653065,0.5072643774661296,-0.5475939247494401,-0.17249316668392226,0.051799156159354647,-0.504695573019052,0.5305000164107354,-0.5533913222094967,0
POL,2007,0.9086230985525079,-0.1792615595702269,0.8496759800276218,-1.0497985925103719,-0.03783358755603634,1.3531749492595482,0.3878941052072295,0.614579527158855,-0.41745560464645504,0.362801418285314,0.06522418381233114,-0.42858232173753513,0.2882782370612136,-1.2558618230774943,0
POL,2008,0.29155592706918243,0.11909964461323629,0.3223201954743442,-1.060505711591021,-0.2533486185305283,0.2613618463243176,0.35444292658421434,0.6449548104208909,-0.47844586316129933,0.2603797044523143,0.048494718624204985,-0.30021572686191234,0.7807923383425169,-1.4816181510057957,0
POL,2009,-0.16764442048679193,0.05447279794868287,0.5479655795176887,-0.5807949056813927,0.2627040290364786,0.4231824266887017,0.32672943952050904,0.40732171233270964,-0.5864850976888086,-0.3577413065711093,0.07108482400085482,-0.30264850326746096,-0.2086321097315257,2.9626465065753504,0
POL,2010,-0.023859172677661213,-0.15793656420361435,0.8554127270795711,-0.7899523835536192,0.24197695571947037,0.6918564421568213,0.44714196722746624,0.6174343215207929,-0.6942350171196544,-0.3421647569625395,0.0032829016580760385,-0.27764803550005374,-0.14280410874995172,-0.47703116340914464,0
POL,2011,0.5178771320531318,0.13211483536722718,0.854987782853501,-0.7803593690980127,0.11928968327026326,0.5604440907792747,0.5482856874792796,0.7266890858004371,-0.5531267435777565,-0.11237285177686232,-0.0008612319998632399,-0.24428444793695356,0.20341158197836728,-0.3074278158630328,0
POL,2012,-0.4541112458367344,0.013375659866703252,0.9516625942845007,-0.609330673952415,0.30748131882537794,-0.1579625734110413,0.6193581964477791,0.7363795030282148,-0.6061834963795459,-0.35093313020190026,0.055015655463612124,-0.2590864476478659,-0.5450765204272198,0.9120015633541224,0
POL,2013,-0.6689693828895819,-0.43574792958936875,1.0073302878997135,-0.24453023041346028,0.232074320858879,-0.6046310186770966,0.6920848646302356,0.7288397343477693,-0.5656546587940754,-0.6097168297509347,-0.0785711153779578,-0.2419787430758606,-0.3841145069304948,-0.4336473801768384,0
POL,2014,0.1712771532890038,-0.5998003305663977,0.7264421544672265,-0.4142911705545079,0.08508411971682737,0.65879174857258,0.7109872683046359,0.7847752857585601,-0.495170882720329,-0.3470176025663483,0.10207129552500516,-0.2297241881611802,-0.2012161404937542,-0.14549503376425654,0
POL,2015,0.30401742065741566,-0.7620666329475826,0.4085838733666208,-0.13217997034060863,0.17847899349829918,0.46342404234090545,0.7502178092767089,0.7501713521504697,-0.3539448088931406,-0.35097270567052663,0.20393604750811306,-0.2208924668330044,-0.11864936899565146,1.9147710137125218,0
POL,2016,-0.05962376240852879,-0.725456966948202,0.12514607457771182,-0.08821815549560409,0.37092371551678466,0.6465495479571254,0.8646532191848126,0.839893184682276,-0.39532129408245065,-0.4614171856309828,0.28501081892865743,-0.20772400949467898,-0.07123990423591979,0.35570979740183867,0
POL,2017,0.4911335330751891,-0.24620154552028423,-0.1455433974290874,-0.10835011335736432,0.17314251365491146,0.1407598531054701,0.9391189450252443,0.9319334808113067,-0.4218724297721544,-0.48911449111428246,0.099094031919627,-0.23418582550135086,-0.5332328780822991,-0.5592249423334009,0
POL,2018,0.7750179885437617,-0.2921884693358582,-0.3648146180813769,-0.2418624173291069,0.05961543828111348,0.4819178179424297,0.9616345293628332,0.9962074831722586,-0.3566166948771685,-0.2516917738079393,0.0454660952593996,-0.239005880808354,-0.10899361679191431,-0.5895259311043111,0
POL,2019,0.34262276478615716,-0.21970179764934974,-0.48549877828535015,0.048061364420683435,0.17337891926331644,0.4138618229814533,0.977490684698592,0.9364911552364947,-0.27026120411845245,-0.3655075162815798,0.06906886956645199,-0.2603304115961667,-0.19370273742568703,0.5342841853458663,0
POL,2020,-1.375125499011378,-0.019132220556544913,-0.5092956549452886,0.5055112138456068,0.46497263336243116,0.4702931346358306,0.9700275150293047,0.8334361448801203,-0.199615004983576,-0.6543401521426334,0.008434007428953805,-0.2726097297961018,0.5742309414732722,0.03916712102442146,1
POL,2021,0.9519131919419902,0.27473991584543467,-0.485286306172315,-0.12808542415103819,0.21781006790493232,1.218825786067782,1.1619804802791491,1.1706042050372902,-0.2676527359354555,-0.19498615964819485,0.15459474452001037,-0.3178151581307696,-0.1326096550579856,-0.2268866825822807,0
POL,2022,0.5178756801080346,1.9140067762326693,-0.582386061829385,-0.29470649664549,0.08645639546206237,1.4169242727675566,1.3835533910610562,1.4991836893724415,-0.3642643955130938,-0.1565229328208536,0.2015249781275398,-0.39972692360647916,-0.47743062390368,1.4892792356367235,0
POL,2023,-0.7818142274483695,1.406801650411563,-0.5968341655157762,0.35797805894655876,0.2362989176740558,0.8481323604969586,1.1971389907084693,1.0892039923049912,-0.39257797640085795,-0.8353681140029133,0.17563760494420558,-0.4585985879478226,-0.16813945234749095,-0.7219020612244658,0
POL,2024,-0.060340708804714094,0.0536363360072173,-0.5832359502815256,0.14695399764679937,0.3646351923493898,0.09401474775003187,0.9594347828041945,0.8985711944391003,-0.4779005846959257,-0.814530990889416,-0.009146245229851448,-0.47292854518533345,-0.10180454319900109,-0.6802636333930516,0
PRT,1990,0.17906996284102164,1.7743098883484765,-0.34696696058642307,0.05533761488661115,1.1824990101892359,0.47057436983891254,7.924112260694632e-05,0.3073831491000449,0.40687050207720976,0.7187625168502234,-0.0276750513381609,0.5671602389686491,-0.18963590777567957,0.016104907962361224,0
PRT,1991,0.287514840519417,1.46285864739805,-0.34696696058642307,-0.042671722909853264,1.6607526406423436,0.2694064589464376,-0.10922084077521713,0.20796190602950881,0.1595877667082113,0.41227832201974174,-0.0276750513381609,0.5671602389686491,-0.45985244196774283,0.016104907962361224,0
PRT,1992,-0.5637560976166903,1.062376637097008,-0.3329438011261023,0.0654785972287214,1.1890947212484093,-0.08326270975921908,-0.196310415698123,0.11320253531022735,0.16447155499745897,0.28973135490840546,-0.0276750513381609,0.5671602389686491,-0.45985244196774283,-0.812350471605047,0
PRT,1993,-1.3771268829641603,0.5770398145311051,-0.0533305003718261,0.13678058642262292,1.1182869663197548,-0.12785897567708096,-0.23210378484723798,0.05195807151259728,-0.06158078530897986,-0.14322963717675868,-0.0276750513381609,0.5671602389686491,0.13962973521515495,1.8748751610468457,0
PRT,1994,-0.596116570395304,0.3386382073906905,0.245830234781685,-0.28238651998181213,0.8693003283557347,-0.2477200155380036,-0.16817279576624716,0.12258920177049443,-0.16116037675273207,-0.01872905097762118,-0.0276750513381609,0.5671602389686491,-0.5745372912291685,0.2125686938966412,0
PRT,1995,0.26533531292372603,0.12921462260826766,0.32125783490916837,0.07569423196988978,0.5416562760623258,-0.49187565418595514,-0.09995804171891332,0.1755343643945808,0.10541003871057998,0.1733766292205672,-0.0276750513381609,0.5671602389686491,-0.48882711140845814,-1.0639743417125758,0
PRT,1996,0.06320119041212163,-0.07255241839218003,0.3709763093593968,-0.5902691214507639,0.42662035860901404,-0.24498591452256088,-0.1091830678469384,0.2003779621755779,-0.1759409282116926,0.2066112964664953,0.05762609458072174,0.5671602389686491,-0.22831522802859192,0.09196240574533207,0
PRT,1997,0.2959948892589788,-0.20057423774461638,0.21650908318283235,-0.8756965790417169,0.33612552520026856,0.11907286433572549,-0.0839311651473306,0.2720073029568629,-0.1636185855427207,0.5337408456155819,0.05132994065994137,0.5671602389686491,0.15573344173952217,1.3041229317648666,0
PRT,1998,0.40169089557038057,-0.1593252517021398,-0.19377456708806975,-1.062886886661952,0.2917554366631506,1.027227097745695,-0.07653159559347343,0.3368557868840964,-0.11628665059548722,0.8108461973324278,-0.019707885038971775,0.5671602389686491,-0.0178931056609343,0.16068223100304238,0
PRT,1999,0.16766023107051073,-0.20000908521010155,-0.20673536598321474,-1.421354056343705,-0.1834301825372949,-0.4913371931739015,-0.11195516414978551,0.35287397022134526,-0.28293870996730835,0.920774886693641,-0.06896268804654221,0.5671602389686491,0.13692518233062762,-10.536186514203811,0
PRT,2000,0.14418911033467405,-0.11031416893144554,-0.3709763093593966,-1.7586479550894074,-0.18668681833017367,1.4669975565279016,-0.04013490368667818,0.46906193048046807,-0.49309429195798166,0.8819425003994846,-0.14666355813154988,0.5671602389686491,-0.05361874104241249,1.4854600180408062,0
PRT,2001,-0.34197762176301344,0.15493514920702667,-0.3660894507595878,-1.692047303337746,-0.15842454147488935,1.0726937997088433,-0.07212481549448477,0.39241761825597266,-0.4773455876901921,0.7862232234467724,-0.19637275492615702,0.5671602389686491,0.04190130616347156,0.20159867654830274,0
PRT,2002,-0.646463188492079,0.02036593497751345,-0.22415807925209819,-1.329545105919564,-0.02155542937449675,-0.5423186816037947,-0.08729913611075894,0.276051262105243,-0.5451857756275089,0.43788743346966913,-0.2610328677504268,0.6188913872832636,0.23037437004200886,-0.6781471657161059,0
PRT,2003,-1.0882170712391577,-0.046320161270348006,0.12323382556039526,-1.0468806250624012,-0.39093012461730636,1.5086273337644711,-0.07504883936052748,0.20568790603322196,-0.6302257133313246,0.006615378561929208,-0.35715701701032243,0.6395839031090534,0.14932839914227675,-1.8423999197078815,0
PRT,2004,-0.3822044957703653,-0.19559072489099075,0.162966110697971,-1.27232075242628,-0.5365459703838271,-0.23415454748857878,-0.06254714120009962,0.29060563803063516,-0.7091799983126853,0.11632141995205343,-0.4138450381240011,0.64621120908228,0.2303743700420087,-1.073911716444938,0
PRT,2005,-0.643627256909672,-0.21101356196202636,0.4313183894613834,-1.5491938438189736,-0.611736071307155,-0.09515865408612315,-0.08684864281234465,0.3061290383447885,-0.8735940179549214,0.04432330796517534,-0.4788712804302666,0.6919738547039735,0.4324483656215324,-0.12696078809784117,0
PRT,2006,-0.42470670046388287,-0.06578718382622048,0.44555402103473946,-1.6570793212985038,-0.6859137578595658,1.5611625328142071,0.04961859666543,0.41814703209266185,-0.9551624092172514,-0.022608713010466748,-0.5087897793797885,0.8023475921001075,-0.5078426340728572,-0.2213026600384745,0
PRT,2007,-0.19582753195151226,-0.1800970412020963,0.5126952087538513,-1.559077059814161,-0.6911826385843026,0.183954653910943,0.08450549244514981,0.4451876226457526,-0.8969668547832641,0.004324363147509644,-0.5221132026434265,0.9150564750327527,-0.3813929619916891,-1.0026273398901613,0
PRT,2008,-0.7637341931729131,-0.15657035909600522,0.42515669818336366,-1.936139160714074,-0.7169528144627276,0.3485678781168201,0.0872944469283429,0.544385584558378,-1.0771256938490805,0.0784709338110914,-0.5678758556111254,1.0331662887446897,-0.1991691252359696,-0.8389151392446553,1
PRT,2009,-1.6572207390700648,-0.7553175351783966,0.8243917985764373,-1.6730617750319572,-0.5404521951561134,0.13133704272548902,-0.07811107015289406,0.2262319800841257,-1.1184661100943105,-0.3446632884077817,-0.6707121830514028,1.1402210584680845,-0.3361853657380431,0.44466105726524363,1
PRT,2010,-0.3954746682079388,-0.36394969636619506,1.1088919579305223,-1.6623792692726498,-0.43584148375766446,0.631664198281536,0.03586782541439199,0.3927555030798733,-1.1426016293883297,-0.28948005122076886,-0.6102267360329379,1.083086685404847,-0.24509880520317393,0.41983163800050427,1
PRT,2011,-1.2915124793245145,0.029575145419306906,1.5219377456708814,-0.9529736099624065,-0.45729702624091595,0.7944217447742503,0.21864180947722933,0.43769172007868,-0.9130594580522587,-0.6818626118886995,-0.6445344493306316,1.0916899362815595,-0.3605378928346549,-0.623390323256711,1
PRT,2012,-1.8983755140765584,-0.12424955489709623,2.11558482949113,-0.16672709469909358,-0.2959075822472408,1.8422115976022797,0.35672484644699026,0.41949127589823193,-0.8505945977580789,-1.1313919846833609,-0.6383078951891571,1.049102884486732,-0.4773353304995749,0.7475524847238607,1
PRT,2013,-1.1021297184515966,-0.5612257297589638,2.2702645277807294,0.35847595616373235,-0.46210302447368684,1.5682723481981513,0.4334563521255281,0.43146364017295447,-0.7067119628928094,-1.296832746428895,-0.6128988884668763,0.9239734824144613,-0.10120282136545782,-0.4668072000621336,0
PRT,2014,-0.6541310651225901,-0.6578513755568796,1.7694677573568478,0.14879900631604487,-0.43549608811915785,1.2172228797121778,0.45935282642454783,0.5069189030323079,-0.7518713284468104,-1.1946625319861424,-0.5759269521288274,0.7542914698381368,1.9496884840288398,-0.12839479063990417,0
PRT,2015,-0.4338555141104941,-0.5238880246072661,1.4560713906299803,0.18184595246942156,-0.3613779253356215,-0.4722923343421866,0.4803061328876853,0.5026595536256101,-0.677240325150552,-1.1028951188524467,-0.5210800232889609,0.6316190077188891,1.958012825100278,1.9401934647740646,0
PRT,2016,-0.3262777464818435,-0.5029988173838431,1.1698714543716142,0.3389225939014951,-0.1872803290517453,0.5574684821843064,0.46644036867184807,0.4651608290461292,-0.6025100697094745,-1.088923487104859,-0.522128805731479,0.5202231003182836,1.5914167490033597,-0.1007052896291668,0
PRT,2017,0.013993602748627541,-0.36988792878689025,0.7066822479549563,0.3626129409634456,-0.25031052630967604,1.0701616402796912,0.5743217220749609,0.5949023456755395,-0.4521268937598325,-0.8697143803683799,-0.49704985251698924,0.4119783201665308,0.201507338725603,-0.33639489708534737,0
PRT,2018,-0.08166522867582333,-0.43544487352926925,0.3004355678317223,0.21941479412635137,-0.3593836775524699,0.5233541227019902,0.6049611288482767,0.6522744913010166,-0.42048224438160037,-0.7029898129075058,-0.5116086073689792,0.33840819640226566,-0.18779882379951138,-0.579751332780268,0
PRT,2019,-0.13374765966889754,-0.5500759763328736,0.18485073834059287,0.2259373066553353,-0.34518908286949995,0.888479486683366,0.6039415706490062,0.6551478105458028,-0.4028942003337815,-0.6653381706056561,-0.5630440965511269,0.2906206361100199,-0.03396827956866936,0.4493616971148374,0
PRT,2020,-2.9768264694932243,-0.6113868814446779,0.2757888027196432,-0.013054034609293668,-0.11401430810643208,-0.05761616651454233,0.33723430787461345,0.4692662286774049,-0.45530659548262975,-0.5648006446559318,-0.5426656835345444,0.42754950673888475,-0.7314472593347251,-0.3335654702713568,1
PRT,2021,0.5966227308412313,-0.387891582305685,0.24646765112079053,-0.020311094052146823,-0.2069881304812531,0.5734833081420566,0.5161928256706616,0.713205430120291,-0.3250244640784112,-0.33040002794307427,-0.495444005373949,0.3607923274967735,0.01345727403177601,-0.48412991905554825,0
PRT,2022,0.9671430128567698,0.7604586122741831,0.1245086582386063,-0.2622072913870935,-0.33243463774456067,1.0924176189127193,0.8469447531359785,1.0766427401203569,-0.4096306645083285,-0.26256983576798076,-0.4928568477914005,0.24080848663753096,0.16071802984684835,1.1635121787328466,0
PRT,2023,-0.041758374993390836,0.1446842688095508,0.20099861893126547,0.1895908875782165,-0.31108117221071224,0.6983142965425151,0.7499609961751965,0.7928078151271737,-0.2504614852648241,-0.39803546686359975,-0.5438788647415801,0.12290686135331494,-0.2649435781851556,-0.3985138905871021,0
PRT,2024,-0.2716374184863586,-0.1867128126284729,0.20142356315733576,0.4501728852306249,-0.19248254080959382,0.8166705633896655,0.6942694101898775,0.6899661320676311,-0.1312383827948679,-0.42232288922365857,-0.588453643608997,0.08319072749286335,-0.5416230960194716,-0.13612987675892935,0
ROU,1990,-4.200633806182686,39.718793892551325,0.5690003187081699,-1.3620992167249661,-0.5628059949834073,-0.6957170156718128,-0.5186624559983267,-0.15939419184539097,-0.24605967730419617,1.1094563122829089,2.0848933692296434,-0.7615736344581409,1.8591516307852252,25.046535330206275,0
ROU,1991,-4.200633806182686,39.718793892551325,0.5690003187081699,-0.5058805377293626,-0.036948919011572254,-0.6469589838294512,-0.48223522585471534,-0.3828065295704902,0.13092279182962926,0.7689461038292996,2.0848933692296434,-0.7615736344581409,8.812436473100092,25.046535330206275,0
ROU,1992,-3.1228959728875734,36.323439294208235,0.5753744820992247,-0.9317866314157036,0.0714182521343721,-0.5879145522525113,-0.057362196762212755,0.3224074818432902,-0.049951206736319226,1.2883597855793485,1.8582883355065594,-0.7615736344581409,7.935083690108425,31.600005442949612,0
ROU,1993,-0.4496837469317163,44.01076623718354,0.5734622330819081,-0.6678448335214754,-0.1709164579048157,-0.5703004394513602,-0.25644545484535275,-0.07248509811619652,0.06819026191175764,0.9052993511838134,1.4049352506196762,-0.7615736344581409,15.221164462158788,15.238469100864,0
ROU,1994,0.1742458405792698,23.305339859080323,0.55625199192606,-0.1489170593128642,0.17901492549005982,-0.2968814480734616,-0.17785417650579316,-0.12161856692918388,-0.01784924494070467,0.268571829025612,1.680744490994869,-0.7615736344581409,10.827212460036261,12.198578238938191,0
ROU,1995,0.7718122854261044,5.028898653229206,0.5222564538404336,-0.7168162672475068,-0.3010278901668619,-0.3019805603255512,-0.14747378643706885,0.056098610247265486,-0.4321448203098707,0.03776065340214991,1.0337746258071758,-0.7615736344581409,5.576586029059224,2.265965916882364,0
ROU,1996,0.16795213594220382,6.180708142745006,0.2524168702857752,-1.0971520749012935,-0.24605710066062303,-0.44527870591776286,-0.11297582658279902,0.2322396958895381,-0.6672285952868771,0.003583463141499062,1.2599591381956918,-0.7615736344581409,5.569721187627486,5.283846469564174,1
ROU,1997,-2.105605330553688,26.453640501359583,-0.00786146818230106,-0.9179850499764856,0.1163874821251344,0.5055758194065355,-0.04044660302897865,0.2651443537725291,-0.7379625247114067,-0.2741303673209332,1.0434090317562146,-0.7960470980484528,9.697008344759155,13.731466885216605,1
ROU,1998,-1.3736310645658163,9.724764161710358,0.01657282481674287,-1.103209580820029,-0.1316377480368248,1.0175919834614928,-0.2564796529606471,0.0638956382308225,-1.0978204715659783,-0.7249104104404941,0.7020581599165311,-0.7529258122401784,4.084092185261745,2.3677948045490615,1
ROU,1999,-0.944415868988917,7.40030669605735,0.14596834165515787,-0.5229623195221679,-0.34293228059627995,0.3227177951031407,-0.10445720183015861,0.08738994903589861,-1.0686749567079465,-1.1475248199490742,0.43282740323948005,-0.7999466007754195,3.769050665884319,7.488476584912445,1
ROU,2000,-0.20759310364546202,7.3763173549540255,0.30107298417082784,-0.5280563571357537,-0.2728922614543612,0.2833857096836216,-0.3159570626611393,-0.12321882781158193,-0.6667306111837646,-0.525996091789959,0.49077890540186414,-0.8109580649331829,2.867186912249399,4.226437628943563,0
ROU,2001,0.5081859377482303,5.419641294605521,0.21438436205248076,-0.8501312323335488,-0.11563234553869689,0.3117341053493838,-0.29439908589725566,0.015771972054449815,-0.5499784275080376,-0.04883826232237152,0.786230635423125,-0.7914361660684164,0.7240454916966665,3.4189023669390464,0
ROU,2002,0.6340710816805254,3.3322452252361328,0.5439286093700205,-0.47210770225796106,0.16231288549939493,0.17779542183420208,-0.21489001711211508,0.009740973437971093,-0.4147518377088495,-0.13901764662028432,0.757927091395094,-0.7730853374739706,3.4114779869441314,1.3131633166134233,0
ROU,2003,-0.23877938416143332,2.061600265923507,0.2970360140231597,-0.8860495884536957,0.13563384441470508,0.42631437789724747,-0.20656392123154363,0.11888612521661,-0.6383594336931392,0.019078173961701885,0.6560138088797184,-0.721444196915582,1.0109022152505986,-0.07958650442513232,0
ROU,2004,1.8608751787237297,1.4672092084417243,0.460427068947201,-1.3628976764556004,0.3373576279513947,2.3270284031877013,-0.14272533888643504,0.25910630945936713,-0.6842351025101717,0.176961286723851,0.682017820984523,-0.7003700505207548,3.5830309552622333,-0.3030069779275023,0
ROU,2005,0.36539007457160594,0.9671888322648149,0.3446297673430365,-1.3906923880622044,0.7044862312025025,1.6260031413712248,-0.19311890787192565,0.25635487512044536,-0.8265684687038869,-0.02183384427282562,0.6854829562057227,-0.645740657742507,0.9140842691960457,-1.2477106367782187,0
ROU,2006,1.2379338352980747,0.5376485077927212,0.3650270901944121,-1.7317236051809415,0.7853965926902423,2.477002270726674,-0.18327939006901864,0.3567233502573412,-0.578508723369401,0.679469482710559,0.6637371672255183,-0.5697664960906145,0.3576769888179818,-0.5013352543292758,0
ROU,2007,1.0315236143920108,0.23667200455645146,0.18293848932327653,-2.2518192721535377,0.5870360868868396,1.3397273104560703,-0.18579747032787525,0.4472264050143811,-0.506225847140171,1.2777737259612445,0.6533891204688479,-0.46763765757645226,2.2111115656692415,-1.506607469807752,0
ROU,2008,1.569916955673328,0.7636256632936281,0.049930946563263655,-1.9016712007133847,0.30386803428950593,1.5474757903617924,-0.12556650730991717,0.4580647619054663,-0.14718983851050096,1.5493518183623713,0.7761546697500548,-0.4431743162487553,0.6743373812944924,0.22060312430629775,0
ROU,2009,-2.278948535913443,0.3678372859993806,0.2777010517369597,-0.7150633434522266,1.1950359390717706,0.24118761322581717,-0.13111663386786565,0.1420123820309075,-0.08272866628540514,0.6386118046412419,0.6504321817866813,-0.4292031691052209,-0.12135350165637693,2.07859794565371,0
ROU,2010,-1.8607048711475052,0.4559691030321362,0.29894826304047606,-0.7589330914986496,1.1343800417740564,-0.03103399822072623,0.1031587819371193,0.42409552696673936,-0.08650046405405871,0.6365080044593259,0.9652169227917242,-0.4128840152225015,-0.32976129957199063,0.31589156616805886,0
ROU,2011,0.32058783309052874,0.40313103427859154,0.3452671836821418,-0.7298976998222869,0.744113078491427,-0.262934166768545,0.2530415624689493,0.5549695437216184,0.006734962835461336,0.732455308461899,1.3069329021981546,-0.42378606433970006,-0.3627119339207903,-0.551157617225377,0
ROU,2012,-0.3523773212162817,-0.026047650162338547,0.26389036438967395,-0.6891685747221168,0.8103211661858478,-0.09726016748214851,0.272709856054753,0.5478143077734146,-0.08345202134848752,0.5643356940374595,0.686880612771507,-0.4425911108230423,-0.7035979810843772,1.3150035113056353,0
ROU,2013,-0.7742430171454413,0.08757839440014335,0.32805694252629364,-0.09998430580538831,0.7355645972339417,0.018662326476061225,0.46186571944070715,0.5606202840657079,0.06099579223013877,0.336959434548467,0.544623342729443,-0.46546981990673847,-0.142791689195029,-0.5486860362172287,0
ROU,2014,0.22203372502056054,-0.42240089419205373,0.26559014129395525,0.036327837312056514,0.47067713153879176,-0.01430177349952425,0.513202885808491,0.5965045974323555,0.12960568219327234,0.3329752838896594,0.7183168439292241,-0.5048660280466849,-0.18748383232328228,-0.05852843792200498,0
ROU,2015,-0.026946596617524417,-0.7131095307758941,0.26771486242430703,-0.014365591808471488,0.4432702030988471,0.1580409297429239,0.5078864121085661,0.6096310274473754,0.12338008478627067,0.37476261852945175,0.5436542485565429,-0.5199651966221386,-0.08748230511774134,1.9259912714330778,0
ROU,2016,-0.10408489660250388,-0.8793440721610012,0.07415276744927235,-0.26537040646609444,0.3749018189021786,0.49111098357253863,0.5523774989201589,0.6723801222572093,-0.16814418698527686,0.09164183833833797,0.5324483710570478,-0.5371497885241407,-0.05482684363812923,0.014439586962614761,0
ROU,2017,1.2812063728990297,-0.37506271825754106,-0.13279507064697763,-0.4521838993733126,0.3128283140642254,0.30066239224746183,0.5489562269004276,0.7370907001166187,-0.23670822284991574,0.1414303878366814,0.4931724895096514,-0.5612963313200173,0.10195166737098717,-0.14263205604338183,0
ROU,2018,0.5539818192591308,0.19962756793123027,-0.290024434292999,-0.6942107992689251,0.075673254270212,0.37256390874452827,0.5260222593520066,0.7604237079840938,-0.452546651267074,-0.004381393622647655,0.39135807158679153,-0.5737737906498832,-0.1350227767254921,-0.4117080349361771,0
ROU,2019,0.181605659635097,0.06014927689196488,-0.3484542653776692,-0.7391271397514086,0.05732983827242507,0.34023274926354785,0.4656113058084412,0.7250377181520599,-0.35191232689781393,0.20646099409073349,0.14683021003332777,-0.5862442847275433,0.05468596910327985,0.6613441376035178,0
ROU,2020,-1.7807930054680707,-0.14912692440797864,-0.10984808243917978,-0.7854781281679877,0.3904693185086652,-0.1901415089921814,0.32535738342840953,0.5720781481817176,-0.3764186287782997,0.19480181165550498,-0.03061986636930485,-0.5716917132493028,0.4692497929915438,-0.11039839137362277,1
ROU,2021,0.6040467183685068,0.27426807764734934,0.008073940295336294,-1.1406201817707775,0.09194052589973542,0.7563777064223055,0.48058633803664863,0.8118724914668396,-0.38147914660229626,0.5180907883880519,-0.05819637643866002,-0.5635885001705713,0.51643030499171,-0.3314686407319846,0
ROU,2022,0.24065261699835716,1.8031484501177395,0.01317327100818024,-1.4897402999580485,0.03212556108680309,0.671314603575102,0.5981038575791624,1.0071076416612617,-0.5220552841211422,0.6167326641202898,-0.31080213615257657,-0.579774161506556,-0.3274250674701289,1.2029255895505881,0
ROU,2023,-0.26043631166517567,1.2089015054197714,0.007861468182301249,-1.1097023607839558,0.2948517903601498,0.1851286685010155,0.42014194973202545,0.7038574269570106,-0.36558626407118294,0.48510171034839106,-0.3037384915739739,-0.6049636767903888,0.016986311799412727,-0.38025276260958585,0
ROU,2024,-0.6087956923462859,0.39126681362022087,-0.0322957611813448,-1.3038603135218967,0.2592480196298499,-0.0374951690086879,0.26831819340692503,0.5827278947557712,-0.5922023297694826,0.2976195001908098,-0.3946527252744812,-0.6116335606032327,0.09294760018644112,-0.07028046266790482,0
RUS,1990,-1.6255238867116402,152.26653620724198,-0.09391267396154243,0.48238745541147154,-0.6648376077148391,-0.6070057877078118,-0.4588275814896308,-0.5554428709886751,0.5476134349610532,1.0912312373127782,-0.12737959396410678,-0.6868818165335385,2.203793657534334,1.2316216106253606,0
RUS,1991,-2.1569809342443564,152.26653620724198,-0.09391267396154243,0.48238745541147154,-0.6648376077148391,-0.6070057877078118,-0.6627297901202027,-0.7939432073295112,0.5476134349610532,2.0400084227997466,-0.12737959396410678,-0.6868818165335385,2.203793657534334,1.2316216106253606,0
RUS,1992,-4.619388550302853,152.26653620724198,-0.07882715393604582,0.48238745541147154,-0.6648376077148391,-0.6070057877078118,1.3823003687886715,0.9021767094699689,0.5476134349610532,1.784291785095394,-0.12737959396410678,-0.6868818165335385,2.203793657534334,1.2316216106253606,0
RUS,1993,-3.097273143787082,152.26653620724198,0.07032826941463943,0.48238745541147154,-0.6648376077148391,-0.5978411129741452,0.3767823178244505,0.04805140196300163,0.5476134349610532,0.6083853046397955,-0.12737959396410678,-0.6868818165335385,2.203793657534334,1.2316216106253606,0
RUS,1994,-4.110162962962311,53.20097790816132,0.5479655795176887,0.48238745541147154,-0.6648376077148391,-0.6343330875735809,-0.05873953104959414,-0.30293856535237507,0.5476134349610532,0.3811689784799338,-0.12737959396410678,-0.6868818165335385,2.203793657534334,1.2316216106253606,0
RUS,1995,-1.9224243405589152,33.911808056048386,0.828003824498035,0.4168227601066525,-0.36894543034814065,-0.5120268741950355,0.0050753324441485965,-0.17316317325512262,0.4086172457651811,0.36592933471687134,-0.12737959396410678,-0.6868818165335385,2.203793657534334,1.2316216106253606,0
RUS,1996,-1.8215670259957788,7.74098583809337,0.8738978009136303,0.5364423556278981,-0.47081578465705476,-0.46412053681684706,-0.12900656412774927,-0.367659899769397,0.3274745474600928,0.09206122753096635,-0.12737959396410678,-0.6868818165335385,2.203793657534334,1.2316216106253606,0
RUS,1997,-0.48315547525796065,1.9720410044627998,1.3302878997131633,0.05947961025698474,-0.47425566099890715,-0.27315858447343283,-0.1850048052366225,-0.3350752874720412,-0.13520742662399923,-0.16936669228511958,-0.12737959396410678,-0.6868818165335385,2.203793657534334,1.2316216106253606,0
RUS,1998,-2.2226741973426947,4.232068946972854,1.6379475193880808,0.09929323742019765,-0.5777726749601465,-0.33725974517673224,0.08563204331842786,-0.23774145676352235,-0.3698204576383304,-1.2534535618735092,-0.12737959396410678,-0.6868818165335385,2.203793657534334,6.966734838395644,1
RUS,1999,0.8150162840362671,14.384924385396921,1.590141293955169,2.092634249670338,-0.3855363910456854,-0.1110326654960724,0.5858824442583015,-0.15972575235714814,0.42859734257021576,-1.2741422878959485,-0.12737959396410678,-0.6868818165335385,2.203793657534334,15.957783871119219,1
RUS,2000,1.7497396551089495,3.0277817625549015,1.0685222564538408,3.087193383474609,0.20855094591528855,-0.3330241843627515,0.6209232938969813,-0.26263228916149917,1.1362548020617513,-0.6768566629690899,-0.12737959396410678,-0.6868818165335385,2.203793657534334,1.3663251970589259,1
RUS,2001,0.4775270004274298,3.146383944034906,0.7279294592584726,1.8850976926021046,0.3325561394474127,-0.3690770109485229,0.3221201211585034,-0.25378845986111565,0.8104183639071304,-0.17347470762340916,-0.12737959396410678,-0.6868818165335385,2.203793657534334,0.26130880907193843,0
RUS,2002,0.3736578359222403,2.151698476794697,0.4935727185806865,1.4566053729309778,0.55504161258467,-0.34203761720762055,0.25204034189041,-0.24342558010725981,0.475915104554511,-0.4703459855595985,-0.12737959396410678,-0.6723872144506525,2.203793657534334,0.6567640044560373,0
RUS,2003,1.0486970289971067,1.7800319290165068,0.5647508764474667,1.4130512382411784,0.9050384948021529,-0.047685331726670874,0.25359910409078057,-0.27009491622173337,0.4304092120882974,-0.3421199860682751,-0.23792679871899242,-0.6305984827306217,2.6532500800402694,-0.344530699715285,0
RUS,2004,1.0227324259729405,1.294835540343585,0.4697758419207481,1.7915611298006353,1.4958805061905094,0.22097697948001443,0.21890771839680873,-0.35253787556675614,0.6088579499648589,-0.3355778980670594,-0.12429346384511947,-0.5913435179355488,2.2018262092306338,-0.7658343579746425,0
RUS,2005,0.8150294621841201,1.609015008372022,0.33400616169127817,1.9862838111023828,1.7546780680408114,0.01824090441554637,0.2516430980410912,-0.38397849069329393,0.6344625884960038,-0.46293286883959056,-0.062240523540368985,-0.5708253528091795,2.427558013539597,-0.317624702887494,0
RUS,2006,1.2823980917630307,1.0815059530677402,0.31934558589185186,1.6917457653887709,2.4259506138306075,0.6400862581070162,0.19024810289138064,-0.408372740629761,0.6446905599229543,-0.29378730440207235,-0.11429462805883217,-0.5067035131889702,2.8275871743788015,-0.5299717864498708,0
RUS,2007,1.360264921549472,0.9658573781219663,0.09561245086582393,1.0460002146022571,3.0385070325941177,0.816394460032882,0.041557733102204814,-0.38244537510846177,0.6989158028460271,0.16891435577651912,-0.13792601454212586,-0.4193024742281466,2.8942826929012586,-0.7450842143365307,0
RUS,2008,0.503469161325823,1.8582799973266337,0.13874428981196232,1.1664537480997834,1.7198270961903408,0.8880576496920188,0.08931571922639411,-0.35691679565107826,0.5912692044320229,0.37556721460153736,-0.1622106947955991,-0.3711353687326914,0.357922017283838,-0.42319817432970663,1
RUS,2009,-2.8717686041670087,1.427508705016602,0.5840858387336665,0.8004838914484902,3.139929458157029,0.35672812970395057,-0.051246585043691284,-0.4327049776177342,-0.23087926997916022,-0.6408946203222483,-0.43455192249391683,-0.3237807512034684,0.6576670408512529,2.7748791054495796,1
RUS,2010,0.3217330544416922,0.5885131769452017,0.3941357696802297,0.8522801586022366,2.5660949628680294,0.2999933638737626,0.002013043918068536,-0.40178344948163364,0.2530053714467172,-0.07063056726149537,-0.4455919152205448,-0.35470690482071493,1.3342450748018995,-0.5778971341412407,0
RUS,2011,0.2698137504089642,0.8667374812194748,0.21650908318283235,0.9089950437117609,1.9332534675505224,0.2512886089793985,-0.04635778944527576,-0.45756406136062333,0.47437491668016546,0.1837904380255449,-0.6255131867308015,-0.3692886101206306,0.8709869638906749,-0.4650261420365282,0
RUS,2012,0.19816944499998393,0.2781875646990192,-0.014448103686391085,0.6475719060588482,1.9057119108621958,0.1100424698746718,-0.0942217266634168,-0.44486659855502914,0.3389507350844539,0.22908094351659108,-0.6329598471807109,-0.3409878113867015,0.25719972349076814,0.39374537612699073,0
RUS,2013,-0.39085379552430266,0.5719491876192955,-0.00828641240837134,0.34450839376948916,1.610089912887108,0.3663224360770514,-0.13849776382409468,-0.4353570418906895,0.07389290607758034,0.030883749436654645,-0.6808633759154153,-0.28847312462339186,0.5368008258448306,0.21305275670397156,0
RUS,2014,-0.655461483583761,0.7582690217676104,-0.0722405184319558,0.5730763544230645,1.1537666765141632,-0.319406413487169,-0.08572590240748369,-0.4234098155979073,0.09448178904335447,-0.10528946447238012,-0.6436256986311807,-0.20150801241504,0.42359663573780104,2.0247620759789275,1
RUS,2015,-1.3588075808465498,2.1072239983112935,0.013385743121215475,0.9460461426538795,2.1199681549623435,-0.5189381971071065,-0.019340317121297374,-0.4250585701645217,0.2604321009984827,-0.142723807004872,-0.503461097784799,-0.18720347609161017,0.883437725986477,6.026339700878661,0
RUS,2016,-0.7963380992982868,0.6222701524647561,0.00828641240837153,0.42298409524628783,2.332248774896192,0.2006866754145403,-0.13811644405634407,-0.42468937892590025,0.13933389476979077,0.00363427102133445,-0.5948229780153749,-0.22360601002034602,-1.057872647681139,0.9253637791993885,0
RUS,2017,-0.37234624309845094,0.034877029798569756,-0.06671624349304138,0.4448503772079164,2.1470756300617047,-0.0576346565282914,-0.12826057847158207,-0.41882201348148745,0.1979702117804407,0.08268570965874601,-0.5128612736515583,-0.23671141713782193,-0.27392062034734505,-1.4852262907875737,0
RUS,2018,-0.11799914665990154,-0.10589295909814767,-0.14469350897694666,1.2900807579038,2.2437030873209562,-0.5092819012325172,0.06779007964309079,-0.4187258221383356,0.49152933931756504,-0.1783798411823861,-0.44500141258778597,-0.2473565240537281,0.18767119623134643,0.6504832540924986,0
RUS,2019,-0.27592569856394455,0.17279297981486424,-0.22075852544353555,0.7585724043773707,2.6489073439065796,-0.03145653660278333,-0.030595392244942926,-0.4183565145359875,0.2756953862305572,-0.0634474173184297,-0.4250193853931099,-0.2305177727800622,-0.49090767693868037,0.22022269944802692,0
RUS,2020,-1.5356018078517026,-0.017780814484710646,0.014448103686391274,0.5005033204211196,3.6824774627162973,-0.47242278413152955,-0.1519705338345452,-0.4352170926051145,0.20690186163203866,0.0593526472425446,-0.3669956726462845,-0.140810314367165,0.5955898755641037,1.065591474518624,1
RUS,2021,0.6765213394820639,0.5614206144449735,-0.17061510676723685,1.264594502862644,2.806883994610577,0.0821024495280845,0.034818626008863936,-0.42852993924096383,0.5687775361414101,-0.009674081103794748,-0.40314558282596674,-0.20393568085018635,0.5955898755641037,0.09950672136322095,0
RUS,2022,-1.2192933964253345,1.7940888230927077,-0.3580155104642516,1.870644101443817,3.0509601586685475,-1.306398785471169,-0.06077210906573823,-0.6943312167482707,0.8892539351324128,0.015663789763635166,-0.4009976987694057,-0.20393568085018635,0.5955898755641037,-0.8598855592053679,0
RUS,2023,0.20921112549549747,0.4165023338592428,-0.5260809518750665,0.5081823847788414,3.0915858815648978,-0.8683944664689458,-0.2667167171826228,-0.5253941969660694,0.6113999494550576,0.6541402757920733,-0.4265275969288754,-0.20393568085018635,0.5955898755641037,2.4230778466240586,0
RUS,2024,0.43121560478060417,0.8657581003746726,-0.6633379368957826,0.5844094855901979,3.2213393102777808,-0.8461460636168637,-0.3048052649624192,-0.573847032347275,0.6608189419973635,0.5268197592626495,-0.3855481738135172,-0.20393568085018635,0.5955898755641037,0.782805436272079,0
SAU,1990,1.6007177415263085,-0.24598894383178058,0.3748008073940297,-0.5088689230618091,-0.08398726414098494,-0.1391445763023727,0.4655956436577234,0.090342230437454,-0.474570593959097,-1.1421593787665358,-1.0493680405402648,-0.7126315767071577,-0.5399902522359102,-0.1253796980708391,0
SAU,1991,1.2877731707101747,0.24083063485496234,0.3748008073940297,-3.4680049126943384,-0.37941962550543723,-0.6531628746949566,0.3811101364029899,0.33164410128950883,-1.048667899614358,-0.4771367169947826,-1.0521770976055005,-0.7119980442275526,0.3978518485909203,-0.1253796980708391,0
SAU,1992,0.3426549306937834,-0.6226775650778731,0.35015404228195074,-2.1182914372639674,-0.6307709582076827,-0.7159790054262252,0.41439720363702937,0.3121351072083277,-0.34860557388078156,-0.016737610650550176,-0.9887583525723638,-0.6878938163076362,-0.7776860044304129,-0.1253796980708391,0
SAU,1993,-0.7480033122120651,-0.42458926417346643,0.30808456390098815,-2.126108904692891,-0.4520035518436476,-0.3340595245216216,0.21619461855421965,0.19041446800807435,-0.6235704267697267,0.30657820211367576,-0.9810719593831451,-0.6404842795520204,-0.6529633882080791,-0.1253796980708391,0
SAU,1994,-0.599199031108268,-0.5105305699807051,0.25092956549452894,-1.2319406772572898,-0.32884849522401777,-0.6048254702745928,0.20152460672741906,-0.16467666572031506,-0.6735384453619467,-0.4196989005702324,-0.9496014659634445,-0.6163393281486995,-0.6901383444561472,-0.1253796980708391,0
SAU,1995,-0.7656916590153605,0.24211063901778831,0.17273982789758863,-0.540532198130018,-0.31518287375717274,-1.1557397864315109,0.34064579312940674,-0.08611958627487053,-0.28871606184239196,-0.4306785695938799,-0.9167992867884508,-0.6136710607161509,-0.6552429776911274,-0.1253796980708391,0
SAU,1996,0.01138751211186883,-0.39551514749964967,0.05354297248486152,0.16813763660869957,-0.058373729943029744,-0.9456760843651398,0.45258750814750776,-0.13771535174078373,0.01978967445946263,-0.6957886632761626,-0.8908364599439464,-0.6363615746197179,-0.28841539308910913,-0.1253796980708391,0
SAU,1997,-0.15928657942539792,-0.5992181510189324,-0.05715499840645901,0.12627980006413686,-0.09736376338710213,-0.0515454190353482,0.4165564678723579,-0.16664329471898384,0.09137966184562915,-0.663899332733727,-0.8529727993994195,-0.6272110064412268,-0.4808909616190994,-0.1253796980708391,0
SAU,1998,-0.11865575701309147,-0.6741337295197746,-0.16997769042813132,-1.4373341464872056,0.006168311741228812,0.33078897135334373,0.019391075102147503,-0.14613064440467965,-0.5091432219449339,-0.018949971285767368,-0.7984932866770178,-0.5291051740732362,-0.6294326749463706,-0.1253796980708391,0
SAU,1999,-1.0110725730595125,-0.8424400668557863,-0.25624136832040795,0.1383224945523323,0.1828489736378826,-0.8651474651948599,0.22927147097091055,-0.30369627004493105,0.23776880572710732,-0.24090975655983524,-0.8297383511589476,-0.5603234181460065,-0.3282012650204181,-0.1253796980708391,0
SAU,2000,0.3783682044506199,-0.805935675595171,-0.2086476150005311,1.3884692849487756,0.14335770903424142,-1.044853830783082,0.593607962134645,-0.2276360849754843,0.589175317723459,-0.5805100579523162,-0.9257799177524401,-0.5923755654511851,-0.5509092294940461,-0.1253796980708391,0
SAU,2001,-0.7571535379178799,-0.8052274099859759,-0.1984489535748432,0.9646618334270126,0.09987262869862576,-0.6919745607766807,0.4363641026174187,-0.2677576061070534,0.2976279581455831,-0.5331740636802053,-0.8753622320896998,-0.5559050967025141,-0.4924725990907406,-0.1253796980708391,0
SAU,2002,-1.0253515541196907,-0.5659873581807024,-0.06097949644109211,1.167141241219605,0.2660778639946114,-0.8096552303095875,0.491193406845508,-0.2813622115083336,0.44891486582911994,-0.5223225636658583,-0.8381989289906051,-0.5321704958552597,0.45846392338561626,-0.1253796980708391,0
SAU,2003,1.4300432394959641,-0.5021597613071689,0.002337193243386832,2.320437894659667,0.270322245711213,-0.7913199415113285,0.6957062597723249,-0.2653467250562184,0.931898339635713,-0.5533861333423896,-0.7797188570609642,-0.5413056252501235,-0.17223182576795207,-0.1253796980708391,0
SAU,2004,1.3942842184027058,-0.5190670992465092,0.05736747051949444,3.531469574855259,0.26885231077806454,-0.7411746183838894,0.909634628274935,-0.25955257481722455,1.6289000337747161,-0.49584383946866156,-0.808657644076734,-0.4886611528400718,0.6516030022757582,-0.1253796980708391,0
SAU,2005,0.6968778368255473,-0.5254105734868894,0.10602358440454705,4.7304754676118135,4.064873450555581,-0.22609572556048269,1.1625127564358395,-0.2207998532822298,2.192508982304877,-0.44788476731866994,-0.9076449337096776,-0.44951062671806874,0.274374980142741,-0.1253796980708391,0
SAU,2006,0.013672864548741415,-0.22292906441247445,0.14915542335068527,4.79462477046168,4.977122775928613,-0.1380275926506783,1.278464628248838,0.029721558344315772,2.2414975180790817,-0.1324529217136327,-0.8973402483965067,-0.47115543878060007,0.9484591483730479,-0.1253796980708391,0
SAU,2007,-0.2718810488456144,0.11959830073963357,0.03866992457239997,4.29859685262576,5.39374629140772,-0.17353840917451463,1.2828644461701688,0.2611902942062748,2.279277422548518,0.5257904986654411,-0.853352881026231,-0.4283980199818652,0.9233465807907217,-0.1253796980708391,0
SAU,2008,0.7729744227609925,1.1167577989694892,-0.0992244767874216,4.860818676370805,6.702989395947369,-0.32314170086758737,1.3735050672456213,0.2162376971210752,2.6215132576471842,0.653006018550958,-0.9818226635603055,-0.4205704905336786,0.7181596311321851,-0.1253796980708391,0
SAU,2009,-1.1235782567859203,0.27512387135914157,-0.0371826197811537,1.102460173485637,6.5155636038825255,-0.6599574955582308,0.7471736355290276,0.39795245407554225,1.1760207525434252,1.3362527528909747,-0.7357083386409147,-0.3190682143017658,0.0457638311512614,-0.1253796980708391,0
SAU,2010,0.4618097345771406,0.32447007321483806,-0.0004249442260702816,2.4138767285060645,6.667195469958065,-0.3708332246209345,0.8506149819889471,0.16761048636586948,1.9291139712492675,1.214266655495543,-0.7114986490566532,-0.4016653254744509,-0.4844750682842221,-0.1253796980708391,0
SAU,2011,2.206372678734223,0.4095946168359188,0.04631892064166579,4.184432403696152,7.186536179361847,-0.45368114299218804,1.08840982720936,-0.019648651225036225,2.4651970360315225,0.5710686402435264,-0.8308771464609581,-0.47238044765450954,0.27620302639723426,-0.1253796980708391,0
SAU,2012,0.6492810293971778,-0.10799896107394462,0.014873047912461555,4.007507840020544,8.153224717510593,-0.4601910378901785,0.9986265319681802,-0.04202314901980498,2.335304817210059,0.5234591909577508,-0.8551393210142961,-0.4475995996829357,0.5798897523082841,-0.1253796980708391,0
SAU,2013,-0.0818328338442334,0.004749627552069003,0.01019866142568789,3.2329345965820395,8.378313517113305,-0.5416690492918496,0.8840852637722196,0.018482234885056015,1.9171762370615097,0.4982777925794044,-0.8190496207315218,-0.4036179909077208,-0.1854322929504617,-0.1253796980708391,0
SAU,2014,0.19832144189667525,-0.21718815684640633,0.0690534367364284,1.7841048542278737,7.41038785840944,-0.6282933395393335,0.6640912040547792,0.16396977785806885,1.3666602259304514,0.8442503948164769,-0.6897905518887714,-0.35832176478710853,0.14103723119862116,-0.1253796980708391,0
SAU,2015,0.3620083664193557,-0.39540452091779654,0.01019866142568789,-1.2645785254515038,6.41283171704664,-0.4943113285250249,0.0947594750420245,0.2967417822297657,0.12403830136963986,1.447356003141642,-0.40788677517598315,-0.22797876179787194,-0.6977337890768837,-0.1253796980708391,0
SAU,2016,-0.4041924502661944,-0.2501298670538837,0.01019866142568789,-0.5752289479830771,6.956794857146573,0.42463552973714547,-0.0010084078318733478,-0.03443719856944165,0.0995899234862938,0.7799713023348817,-0.3494902717506555,-0.20733983018691954,-0.9194162149843988,-0.1253796980708391,0
SAU,2017,-0.5397061205860202,-0.7551978768207839,0.07181557420588552,0.30465726444855795,6.226613525044431,-0.6476074971170085,0.13321628194328977,-0.11182134676954619,0.32707611176656304,0.3716260114536637,-0.36459563963512415,-0.261481884226594,-0.9567399107919586,-0.1253796980708391,0
SAU,2018,-0.008794299502295683,-0.17800253115639475,0.1013491979177734,1.4474571809666081,5.844516030526562,-0.2140315839462736,0.26489764811170896,-0.28434704260023524,0.6394013866887978,-0.10809675171476668,-0.47152688482426686,-0.261481884226594,-0.9567399107919586,-0.1253796980708391,0
SAU,2019,-0.4178123874027142,-0.817824467627652,0.017847657494953904,0.7189658592763467,5.430253233021176,-0.5738789706018572,0.12473896012089453,-0.23372263600308738,0.5746400489110608,0.3834617188658271,-0.4384137933681322,-0.261481884226594,-0.9567399107919586,-0.1253796980708391,0
SAU,2020,-1.834475940215886,-0.019502956519564327,0.4478912142781263,-0.6787017286896548,5.990043756467237,-0.6214681477557041,-0.223362540643347,-0.27754605121434617,-0.3102566720069298,0.03770770442302591,-0.36922379907172764,-0.261481884226594,-0.9567399107919586,-0.1253796980708391,1
SAU,2021,0.8460899252224712,-0.07354695684304853,0.22713268883459073,0.8773550121004868,5.309871126367589,0.3190691846672749,-0.00048427100586723133,-0.37349077682035486,0.6273875495886719,0.5056506745731817,-0.2684279444200664,-0.261481884226594,-0.9567399107919586,-0.1253796980708391,0
SAU,2022,2.269143656182622,-0.17658076150035787,0.007861468182301249,2.1034218003202168,4.034112792484617,0.06250330901783464,0.2842437722455677,-0.41624861232018107,1.3607554086978388,0.5324494374128547,-0.13779994525764427,-0.261481884226594,-0.9567399107919586,-0.1253796980708391,0
SAU,2023,-0.7057461212844198,-0.2022840412702655,-0.32805694252629347,0.4594474676052984,3.1693265478567536,-0.03750909205728755,0.06623515219429378,-0.2141549725631892,0.7548623245194797,1.0343929098436413,-0.03394413290566969,-0.261481884226594,-0.9567399107919586,-0.1253796980708391,0
SAU,2024,-0.15886823475821737,-0.31405202766214035,-0.43216827791352397,-0.12713779594211633,2.7907685722954216,-0.09728436242531363,0.009202466979019526,-0.1191554823364112,0.6195351339995026,1.330149678925491,-0.005491346506445947,-0.261481884226594,-0.9567399107919586,-0.1253796980708391,0
SGP,1990,1.703221670273553,-0.004044152280362556,-0.7164559651545735,1.5738937829111528,0.20591409986347534,4.729373485424381,6.17144443911102,6.619430997806116,1.8145846061810216,1.9450360910802984,1.105175339934896,0.1093344659011681,0.9081894047306249,-0.6160622188340673,0
SGP,1991,0.8899163580217804,-0.01017349093993365,-0.7164559651545735,1.9329488113167008,0.34842461396627855,3.085092588177641,5.810962254754058,6.052064238766528,1.925504524096172,1.68636643509725,1.2464389081623728,0.11835896373156776,0.19957031333912395,-0.6160622188340673,0
SGP,1992,0.8773002105518865,-0.2134779051777308,-0.5231063422925742,2.037768710583978,0.439482976306028,0.7915915100340805,5.5266137882989685,5.775279593149615,2.106167176249902,1.923791461305203,1.0978767009596404,0.1338731734420819,-0.13433020427400683,-0.7225878139010385,0
SGP,1993,2.1286979013454683,-0.20889144296367168,-0.5273557845532775,1.2847063218660326,0.4786533255623975,2.0241847515704463,5.52346896800077,5.8800835639561715,1.87134577217603,2.184499385354326,1.1142253890054776,0.13241894287407205,-0.17584370732769253,-0.21002809218941906,0
SGP,1994,2.0342009552060007,-0.06710441925495944,-0.535854669074684,2.744002251279584,0.4965764618646528,3.385558798791402,5.712868258939145,5.796288984875227,2.20464965704309,1.5212728231350194,1.000864800934668,0.1352107474033617,0.38604248127420426,-0.6975928775852918,0
SGP,1995,1.0163592453803474,-0.30834917492791036,-0.47848719855518973,2.9198019468155096,0.3561843001476541,4.088095290691648,6.335226479523449,6.484712378902525,2.428399686440876,1.6711180808879138,1.0490843332644166,0.2259537196806339,-0.17154187647952762,-0.8795217573230193,0
SGP,1996,1.093208366570622,-0.3673407609527532,-0.4211197280356954,2.5996744181405527,0.4281082171648235,3.480311291493454,6.106845780301869,6.2408799537619215,2.2747176230269575,1.8502687839182075,0.9396432428112639,0.295555007617277,-0.0501580822571204,-0.17953223846002428,0
SGP,1997,1.3125522545294053,-0.2588529785790991,-0.6484648889833211,2.7610716337500896,0.3293276039600411,4.820412478931171,5.842259987868822,6.014829375913224,2.581085225242828,2.334111871022409,0.8037238444237796,0.33041114246488046,-0.005412233227883472,0.42952637307239167,0
SGP,1998,-1.4154846767440679,-0.655988866015557,-0.45511526612132164,3.8265144981960364,0.7041656433348138,1.7490961065191415,5.737642024596009,5.568748150182561,2.495997323185144,1.3014302279940326,0.875442690173853,0.476820642241327,1.8739137510299506,1.2053062430958572,0
SGP,1999,0.6380642865970527,-0.6062898621225269,-0.14915542335068527,3.0408949763317015,0.5413142921934245,6.989542632369128,6.152786030268368,6.263568262298423,2.2778938542003795,1.487170848405401,0.8972860561562666,0.4100878166454362,-0.17014543604394597,0.008156898853115943,0
SGP,2000,1.500036134854494,-0.37111027486018694,-0.393498353341124,1.9907509677631414,0.33754309587584985,4.984506703977729,6.636656308639188,7.046184896909061,2.050838171636084,1.8709713084770996,1.300180890813856,0.32507328032416916,-1.1636890661338781,0.053718845032934115,0
SGP,2001,-1.124654607217288,-0.43483594284807203,-0.38075002655901424,2.566381345593803,0.41971550732336427,5.96620640895407,6.409156095185763,6.583759871493326,1.4877082679109526,0.7014939034196891,0.9700838033427128,0.5674312322044976,-0.42000031256218096,0.28595264539085613,0
SGP,2002,0.17201766778428945,-0.6777027622370653,0.020822267077446253,2.6424356396677746,0.4967039186957129,1.644643367609849,6.458850146034572,6.5482676114255955,1.3397243027964238,0.3094597736457998,1.1497917335001648,0.4013615708093568,-1.002155979977593,-0.13200428738883085,0
SGP,2003,0.3342618238041219,-0.5203965341609537,0.08031445872729209,4.256432495074866,0.5588009409306267,5.446527763476822,7.23015270201989,6.979758685604516,1.4265927536941092,-0.903998422765598,1.1535081362942954,0.43660195451830053,-0.21355835648366472,-0.4082890489645395,0
SGP,2004,1.7341397476654317,-0.3184575855737837,0.06119196855412735,3.4017512348847303,0.41995224761966277,6.762148972549571,7.704000750920976,7.602034650154074,1.5353654389885212,-0.02774318988519579,1.4685062625410141,0.32094065238859215,-0.38443368240618736,-0.43747434719514067,0
SGP,2005,1.0659289770301688,-0.5348752583754102,0.008073940295336294,4.07806197860768,0.25592382345869796,4.620267394888637,8.171281637742933,7.972275906594346,1.8049167294667479,-0.241943514130848,1.4628049014889342,0.237832523709639,-0.3884212048133802,-0.28531556473195796,0
SGP,2006,1.4918446051419132,-0.4403512891732283,-0.22777010517369586,4.700181653958427,0.24785155813875706,8.564622513145423,8.291268614611454,8.071099072738473,2.2113414279777284,-0.10708292972364623,1.3960631189238146,0.17477207290278504,0.8506894400074665,-0.5998800666421864,0
SGP,2007,1.4956751042620808,-0.24027951479273083,-0.3510039307340912,4.742984751755272,0.2927905708471315,8.506527702092455,7.655125346085478,7.310464284705951,2.372626983005727,-0.0009216830547525256,1.0273511392159165,0.18837349233344242,0.29044829110972126,-0.6643546083507548,0
SGP,2008,-0.3627973622706782,0.5511003211948521,-0.33825560395198134,2.677777673189957,0.18046859392604653,1.7746540845503531,8.331132420345165,8.600440064315649,1.870403437403888,1.0957582068351845,0.5941887127931644,0.3482200043152427,0.16223848602373422,-0.7659008795336535,0
SGP,2009,-0.8134006879863591,-0.5061910036634168,0.06544141081483072,2.902045953723858,0.5233601811998333,3.5501771229574026,6.740637599894779,6.629443624398965,1.8260764769643452,0.6644958887235304,0.5523993368408932,0.33540702029521735,0.09528689572478435,0.16792889924685628,0
SGP,2010,2.923204856157502,-0.11454332067608164,-0.30426006586635507,4.022042314958446,0.4749473052720962,7.418761453139335,7.038902033812231,6.838095181602493,2.428166105609484,0.7090376552389446,0.619368712432625,0.3098193475492989,-0.16301730789369587,-0.7801764999630514,0
SGP,2011,0.7669889751802118,0.3090362210410705,-0.3531286518644428,3.899619460230021,0.314104388269546,5.493526051883118,7.261067288923904,7.034512949927704,2.2686728306743102,0.559659335613108,0.459955528613231,0.43559112231389974,-0.03155492678267971,-0.936907406242234,0
SGP,2012,0.3049860104860268,0.191821618456865,-0.3892489110804207,3.1161393099006327,0.38192251194270244,5.89714682219672,6.98556367664655,6.87689265331297,2.129426282260098,0.9571244104276857,0.39763320952848635,0.5412373891146811,-0.29139528848490426,-0.19277305340517717,0
SGP,2013,0.40420098955137385,-0.19575931370683042,-0.35950281525549777,2.7845925984988624,0.38207209745041526,6.667796914610209,6.917113339016042,6.851434971198828,1.973956638474025,1.0679035258954608,0.19979716598749117,0.682941144235791,-0.5650447185872468,-0.11178132741531385,0
SGP,2014,0.17517988769170773,-0.4285457369021441,-0.3849994688197174,3.1687014446596486,0.30360229005152384,6.978738763240387,6.7868571961175315,6.685512769614511,2.1331797338257616,0.9829525237851402,0.24815301811089102,0.7348556936227051,-0.6575826213596087,0.006346434673319538,0
SGP,2015,-0.0737422557037202,-0.7004875671207312,-0.37437586316795923,3.29590434542334,0.37693350226152317,7.272687133881793,6.221143772689627,5.847438235694417,1.8424617953323403,0.35268249195776297,0.26013775724210647,0.6619316695997837,-0.8275978194716828,0.7647988138091141,0
SGP,2016,0.16879620093401002,-0.7018574923960206,-0.31275895038776164,3.181784422709513,0.42059543004155847,6.446713245034139,5.612931228121338,5.196087513714995,1.9489033108427138,0.5056871993360338,0.16386311039957932,0.6700224866837243,-0.21440592009977827,-0.07421589725272372,0
SGP,2017,0.2767627411916871,-0.5083556384018804,-0.2872622968235419,3.260897251838495,0.3948358478864121,9.706708657904962,5.912161738326846,5.527209064451556,2.0726179575571306,0.6351524205740156,0.31218346965796273,0.6366538896871001,-0.6701068047946039,-0.13008657884762226,0
SGP,2018,-0.01926857611888407,-0.5324834535996316,-0.4119834271751833,2.779325958827062,0.24997037009159834,7.319126816964197,6.193144830341415,5.6996067756010875,1.6076220656620894,0.2462897633137188,0.5980318881842833,0.5982938570795797,-0.6039600739951836,-0.3685229493309283,0
SGP,2019,-0.5457627645501414,-0.5099177507746353,-0.5209816211622226,2.741177616142656,0.22221757156367639,9.21487338973557,6.155872450102359,5.6725931213850425,1.4792170734816905,0.19627337827480817,0.42304732113625815,0.6215023011191362,-0.5052584151180697,-0.00654148409431696,0
SGP,2020,-1.7841208323741173,-0.6393083349739108,-0.3085095081270584,3.1254281922358573,0.6549324810049297,7.248139668221662,6.337687871415512,5.790392578490084,1.6665649261271747,-0.021854911317953342,0.4700749490650074,0.7387276840240753,0.26967426767597613,-0.005830020699061393,1
SGP,2021,1.7863527039807856,-0.20420442291695526,-0.19377456708806975,3.391760063954137,0.48937428485231205,10.65232463987324,6.33682573038491,5.572704549165535,1.8521514697576906,0.16168950217930117,0.597652598639937,0.7387276840240753,0.26967426767597613,-0.4003988166475233,0
SGP,2022,0.1945845915807379,0.46288286335545475,-0.41665781366195687,3.335235847939632,-0.09726944298291543,9.163778640777647,6.497395829853072,5.566082766624507,1.6522216870205435,-0.18439223660856285,0.47541631322773303,0.7387276840240753,0.26967426767597613,0.14868779551897401,0
SGP,2023,-0.47008237550805854,0.23604149853917367,-0.44789121427812606,2.9018031888411664,0.1005278718095655,7.95959356192623,6.306420427620307,5.471582148406258,1.2904719585171311,-0.3001294410485862,0.07849454941091473,0.7387276840240753,0.26967426767597613,-0.3978931854757056,0
SGP,2024,0.5407377998352146,-0.19136785463740297,-0.5981089981939871,3.0404161130710823,0.06787413648602456,7.597887126527163,6.065685192151906,5.249034032003404,1.5207740230848408,-0.1890477769030742,0.015088036730104537,0.7387276840240753,0.26967426767597613,-0.17629954545373933,0
SWE,1990,-0.6506822517966141,1.2035446485387395,-0.4905981089981941,-0.32035699730375033,-0.2575802993154923,-0.42903790122588004,-0.044532872572114454,-0.08119030564663951,0.057596605731062164,0.9335608383747673,0.27930749729446713,-0.2488987410358483,-0.8981043598492968,0.10214036477970562,0
SWE,1991,-1.144156292833972,1.042331236159616,-0.4905981089981941,-0.1961873801661636,-0.2230845843176443,0.12005600150453581,-0.12120568968332825,-0.2204729126153739,-0.22189485866441036,0.24482490913383728,0.05544653145980847,-0.29610012165068755,-0.5802406971403998,0.10214036477970562,1
SWE,1992,-1.1474323362825651,-0.1940160208858262,0.03612025921597809,-0.43764732384886623,-0.11549160170207791,-0.6963975461625226,-0.12695899996874124,-0.2291207529862514,-0.48485820204696517,-0.06197758454313897,-0.05399262541233612,-0.29600934465180223,-0.6626993652424266,-0.5123840798217127,1
SWE,1993,-1.3829268756421613,0.21758430303483256,0.8027196430468505,-0.24014993542067833,-0.07608152992948602,-0.0828848257391928,0.059856310678639696,-0.08964251694848938,-0.6567188087027089,-0.6722614896324706,-0.006542729368783824,-0.414630662738704,-0.5790006165107464,3.395975575604101,1
SWE,1994,0.19600920929749452,-0.23182713809980662,0.8558376713056415,0.15040857605530278,-0.02620173769305083,0.26841835776631895,0.19364995699993146,0.030922599484606666,-0.33491959862770115,-0.47162318949574333,0.18536036606919712,-0.46394449450794195,-0.9055768104568195,-0.21607961040668286,1
SWE,1995,0.21642272296495696,-0.1798901229653601,0.7107192181026244,0.4116027521260797,-0.21902599402244888,1.2719905320584342,0.3407298740244772,0.0888022862752898,-0.0728572457335828,-0.40396052475014677,0.4553894164034599,-0.5018130650136763,-0.6801835134598783,-0.9157098629411418,1
SWE,1996,-0.4040178560661446,-0.5159852487969354,0.8488260915754813,0.44041829758962014,-0.39485739605574866,-0.03406311924993785,0.29014557598671037,0.04257415309588744,-0.10158920557659484,-0.4446133668984778,0.3940870957346997,-0.495331206534023,-0.13735679611648455,-0.7522964347761024,0
SWE,1997,-0.05084443565629881,-0.4940783524436744,1.0213534473600345,0.5675686066437873,-0.6300577931951401,0.6510637680466613,0.4196014533909326,0.15718899498467115,-0.059773531130509906,-0.4777656254753158,0.42130660242033036,-0.45845483959854794,-0.8652852105971753,1.3243232573478572,0
SWE,1998,0.2557422425652912,-0.6559242312980448,0.7200679910761717,0.6983627622529179,-0.5505180943572403,2.334256298161999,0.45706686953382103,0.22649852532122447,0.04275911031657491,-0.3043972661136028,0.46297834655283804,-0.44422158359473035,-1.0119842391690266,0.3063625144052276,0
SWE,1999,0.24413334002817114,-0.5283930711395696,0.4366301922872626,0.767618548222441,-0.5216700134267446,7.3708871827290805,0.45900824101542076,0.24893751575911946,0.1655637351270369,-0.28539110511469873,0.4381931876225325,-0.4237914344624014,-0.17018855055387222,0.2860792688358722,0
SWE,2000,0.3557766729815815,-0.4519822807776102,-0.018272601721023997,0.8561708808949089,-0.5611986375961011,2.3570956160816374,0.5869437959755675,0.41993046372009224,0.23906340862984407,-0.12997710721604383,0.49683432015536705,-0.39354376891470355,-0.7903079473354644,1.0143418350157367,0
SWE,2001,-0.4933096156208355,-0.1884918170445588,-0.1746520769149048,1.1516588449476155,-0.5378320512527903,1.946754510502189,0.5725218379692141,0.3931412012305364,0.2774154995189906,-0.11873104321293851,0.3778549763156558,0.2419725728466923,1.1384653327972951,1.2074710051255702,0
SWE,2002,-0.2552450480676314,-0.23176696174090367,-0.12472113035164134,0.8923598277594246,-0.44976672973857795,1.722472945067146,0.5000681617673245,0.3091737913208938,0.21727962182709976,-0.22682695644804335,0.3301165105869411,0.24301158419544608,-0.19431204118108125,-0.7251980045957998,0
SWE,2003,-0.35824227331955855,-0.2724804229498002,0.0006374163391055168,1.0980623049443967,-0.48364964530224425,-0.06318352248169426,0.4656480080357998,0.2643766224664638,0.32086510080864994,-0.28229287646346557,0.2301291296545932,0.2466238051415589,-0.555994863037284,-1.8996576667636735,0
SWE,2004,0.2385420858528297,-0.543871486799274,0.24243068097312237,1.114687512823587,-0.5302152037187692,0.845958348919461,0.5649932590634517,0.3136607108667102,0.3195375295903979,-0.2951397500435846,0.1356824013943255,0.2686412196767825,-0.6540055774464877,-1.079748414100445,0
SWE,2005,-0.1214270977109436,-0.529967721568834,0.4797620312334008,1.1258636005903302,-0.5766948184677062,1.1705863215715024,0.6739209350723443,0.449245172363876,0.3724097249891825,-0.2774428138944242,0.105271782726894,0.36617725047974925,0.5791800935904811,0.051492145337401256,0
SWE,2006,0.3674481544586489,-0.37135670254081343,0.3216827791352387,1.4917834518581783,-0.5846411328328834,1.1400868970248537,0.768425071274028,0.5404060770397827,0.626285081724394,-0.09538606642993949,0.09291454362415869,0.4103069744891866,0.4418308475122758,-0.25819265376300676,0
SWE,2007,-0.009335052860906171,-0.22237898991756347,0.129395516838415,1.4900581128990313,-0.6205159534605733,2.6163141821952234,0.7736646356882619,0.592872397770916,0.7327258361156578,0.15556337214248683,0.09617461916823093,0.5192486397235545,0.7774206488004098,-1.0040505428839703,0
SWE,2008,-1.0862937527584817,-0.0081892221718695,0.1451184532030173,1.452583237066679,-0.6648483286972657,2.136483479229842,0.8274503654386358,0.6876766023099338,0.6826258131931477,0.1374618970464866,-0.07877598008093198,0.6107796041176907,-0.7152020761300215,-0.3850024107769828,1
SWE,2009,-1.9515255767823636,-0.6956761206002219,0.5947094443854248,1.1167371588243757,-0.29437342224530083,0.02999892762283275,0.5958533351463815,0.43303298818905567,0.2619177158082577,-0.4037520081853799,-0.3167143366999143,0.6892949787198946,-0.9234235619293455,1.5620039506230843,1
SWE,2010,0.6464746288814521,-0.40671924543677496,0.6497397216615322,1.1094453644254856,-0.3831921699392032,-0.6511044188083432,0.6549683679528728,0.5155211824543381,0.44016109719863167,-0.10049101809076558,-0.16395931004363276,0.672902011439299,-0.6414765315014692,-0.7356140510496441,1
SWE,2011,-0.025168199654250434,-0.09140760949469774,0.47848719855518995,1.0384155326525666,-0.45249011493984526,-0.2654437454819547,0.6773605943215455,0.552174433825895,0.4367398948569942,0.025570675270619254,-0.1846050701402626,0.6919027793630467,-0.34563024637761414,-1.1620801179879698,1
SWE,2012,-0.9542136918497018,-0.4538649265669572,0.5150324019972381,1.0423128007787072,-0.3981185400935457,-0.4222917255182121,0.6531563630900254,0.5275456348683286,0.29321329084360287,-0.16667912138290322,-0.27694064356278997,0.742670282120612,-0.6540836969619226,0.3282558249868883,1
SWE,2013,-0.5512443622282404,-0.6169571711635999,0.5311802825879105,0.9005983956294162,-0.2763278446195495,-0.6061385601142415,0.565716368344284,0.4524995245171822,0.25331766783856896,-0.181272872485104,-0.37244980932776606,0.7718164319142068,-0.6120374942238295,-0.5286131063464735,0
SWE,2014,-0.2505602803420367,-0.6406244854427053,0.5103580155104644,0.6851496648924295,-0.33177075875799755,-1.0634504552758004,0.595836947714374,0.5227248480949687,0.2531907916532956,-0.03206763488632283,-0.415019636480763,0.7628086973890693,-0.5780470706296026,0.4318095774704195,0
SWE,2015,0.29271806193950384,-0.6173928975651473,0.3994475725061089,0.5600678481191365,-0.2805017994618196,-0.010088332915527543,0.6063737255178555,0.5274072140602648,0.24200233353881145,0.11111850321769491,-0.31953283697966467,0.7270329755724987,-0.3456595301041172,2.2756589552011586,0
SWE,2016,-0.2932943491201444,-0.43709673338752314,0.3055348985445663,0.43916800252400184,-0.2765886078749734,0.36489384012956555,0.5741077799755956,0.529945751027027,0.20421779180388294,0.1974528228176414,-0.35236728462907063,0.7481747816063362,-0.13889071883539833,0.03237966613964878,0
SWE,2017,-0.3577764494883771,-0.2954151852862271,0.24774248379900154,0.46978977342390216,-0.2877244156844631,0.9017307242083971,0.6149741147884438,0.6086778030472098,0.29824742071554744,0.3122969874142703,-0.3740651205770662,0.7934429391174985,-0.024427069453826996,-0.14142952362701544,0
SWE,2018,-0.3870025849666727,-0.2676051705222733,0.17273982789758863,0.45142054001827275,-0.3638131998804541,-0.741427584071079,0.6993210370047788,0.7200701096458935,0.3174580962422565,0.350028414991163,-0.3636363962958538,0.80048039312416,-0.6118274475480664,0.050482657260104695,0
SWE,2019,-0.1694354991727864,-0.29722471012050455,0.27217677679804547,0.9879178292258443,-0.387853360478924,0.34399618104712615,0.7972054056807515,0.719811280699689,0.5210700520726856,0.21726221148855812,-0.3961886298712286,0.7820294907699696,-0.30727055635891326,0.7966397052290931,0
SWE,2020,-1.3487020420323415,-0.5222392675589546,0.5819611176033149,1.0647429284648382,-0.2994656124956482,0.4874458028369315,0.63038466491386,0.5142113696993976,0.5839023853149055,0.20852873939354863,-0.46704630097455657,0.8668123692805191,0.7345238239784782,-0.3998273064371403,1
SWE,2021,0.5101924044459643,-0.23094242914166052,0.6907468394773191,1.1634370421727114,-0.40795602230515865,2.5327958733271583,0.7636676065544648,0.6795844449521381,0.6829451052527725,0.3400693617042571,-0.43438430265522227,0.8455893130792769,0.011651339423295905,-0.8454772431571815,0
SWE,2022,-0.5206673511349562,0.8542915996314401,0.3962604908105813,0.7836913022170595,-0.43968110506858143,2.593858409941446,1.0483321880807612,1.120752601032751,0.6388093468582335,0.5951880010951597,-0.3290720290067767,0.8363887171947663,-0.7009135067177864,1.7509390240926732,0
SWE,2023,-0.8996031254304621,0.8856509815750325,0.43748008073940314,1.1601265704461337,-0.4847377955732236,0.43868322602027326,1.0851800375075147,1.1026774129454366,0.6907068678412243,0.33868509194806223,-0.36815650150388596,0.7477199886133961,-1.0914524886620183,0.3877438810066528,0
SWE,2024,-0.5823668388702563,-0.11332427709174628,0.6051205779241479,1.2691531921838357,-0.4878224271094904,1.0909343620578802,1.0560483588596872,1.0568240440399272,0.6972081025656832,0.3165515573685173,-0.41168364372524024,0.69857324602268,-0.9420571012398653,-0.16732407581212916,0
THA,1990,2.0527580999532526,0.4162007647544671,-0.6208435142887497,-1.366190065322268,0.12540463465027482,0.31138113514233073,0.2069854052239145,0.5845783741613759,0.8385073409448331,2.826348539152844,1.4797787551097998,0.456783015346871,1.4291115236557457,-0.15346685071366714,0
THA,1991,1.375397077553719,0.389246562806835,-0.6208435142887497,-1.225077022633306,0.2329315912228421,0.025406019990677854,0.2833807355619506,0.6257626507684845,0.9907369864287782,3.0563317661305223,1.6186108991464074,0.456783015346871,0.8531983887702037,-0.15346685071366714,0
THA,1992,1.2521038888354028,0.11458352611339424,-0.89280781897376,-0.8737089051794222,0.29707694119085276,-0.0288631349651316,0.32541302835632135,0.5524410571757223,0.9452692962274927,2.611485061835024,1.5217366988675294,0.456783015346871,0.4881166039192,-0.17322900786190323,0
THA,1993,1.2958595285386931,-0.0300225252165942,-0.8630617231488369,-0.7495265972299295,0.3686181343624265,-0.20339982254035727,0.31894303537084234,0.5498757859569412,1.117120567254617,2.563899448642929,1.3420860445611915,0.456783015346871,0.8151510271395042,-0.15855423724263826,0
THA,1994,1.2296809898161682,0.2734672296560148,-0.8934452353128655,-0.8460374223168632,0.3608463778645699,-0.368059597040511,0.37834657133282956,0.6498086056190632,1.1048011989413375,2.75740099406232,1.3055330766861142,0.456783015346871,0.034088090653892796,-0.19550474830237816,0
THA,1995,1.2616914924924227,0.40818964716527945,-0.945925847232551,-1.2791534097313506,0.2796889431057449,-0.2660337165790205,0.515522332678571,0.9006968189479682,1.104810559382425,3.059627322901955,1.3465651788496842,0.456783015346871,0.6977568623755065,-0.22307410709008033,0
THA,1996,0.620817475821294,0.4059030535510004,-0.9520875385105708,-1.2797166143637706,0.29904297305981964,-0.2468450597405074,0.41071220191253965,0.7579590116640822,0.9974933736885633,3.008608897003093,1.2740213273886525,0.456783015346871,0.027888322038991824,0.0541896739007873,0
THA,1997,-1.5615446484372546,0.37454818886783486,-0.9941570168915332,-0.24968433116699176,0.03528412622432585,0.21647403786157893,0.795054120796109,0.8329324549401171,0.7873028025030369,1.7319397243957813,1.381365648620158,0.456783015346871,0.8677794559282476,2.3612771819643297,1
THA,1998,-2.8286800340864384,0.7887934438450845,-0.45639009879953263,2.2403492646811936,0.6225881398902933,1.5676615420674906,1.19947506008142,0.6159687803577071,0.7415897248094684,-0.46386067591513624,1.4723189428709222,0.456783015346871,-0.023891447324426916,3.2096665081153564,1
THA,1999,0.3405066349354735,-0.55942289880132,-0.5490279400828643,1.774943103670779,0.6947612493072511,0.9988957083207681,1.1369890121534214,0.7104463672376501,0.6262892031916588,-0.44810560406873334,1.6097604337679523,0.456783015346871,-0.6136241675130156,-1.0225700522318815,1
THA,2000,0.310113647165634,-0.33083074977753496,-0.6720492935302244,1.3566189548908634,0.2909704802727287,0.24100633156840073,1.4872715971388906,1.2966687895904296,0.655537540379491,-0.12202608503127246,1.6365902460321713,0.456783015346871,-0.5093400595754483,0.5106568331816128,1
THA,2001,0.04762376948893789,-0.3247209886142261,-0.6272176776798046,0.8209311563198011,0.3352475626078011,0.7858911480051122,1.4209998893009588,1.3235789377945324,0.4267646273113904,0.0062647259450301085,1.5631680748092123,0.456783015346871,0.5693299296793662,1.0017505523505132,0
THA,2002,0.7498795566052507,-0.48727629343679063,-0.7929459258472327,0.6882555091437377,0.4671885942963615,0.17946014955814282,1.3123952896228104,1.1940571953868848,0.41588169806608444,-0.05066520346774933,1.6552692291075013,0.456783015346871,-0.8481094931304403,-0.4720460257038047,0
THA,2003,1.0199531522624057,-0.2936925990319624,-0.8524381174970788,0.6314119679454943,0.37998617603906587,0.5128359911282355,1.3489506467010346,1.2347551948025652,0.40424424036454093,0.11709052224489921,1.7978469062241988,0.456783015346871,-0.3835317431785149,-0.48481200942671715,0
THA,2004,0.7863078456561143,-0.12673077553025475,-0.8588122808881337,0.36810598464729544,0.3048667520072622,0.4964923649676873,1.5344503482903793,1.5362711483013345,0.3975906230760884,0.4034251127940302,1.7762308642396032,0.456783015346871,-0.4261212021435369,-0.44379543575714264,0
THA,2005,0.24063324250810184,0.18474381737617546,-0.89280781897376,-0.5964254954031091,0.11052728258593061,0.830686110330358,1.6357973343409729,1.9215313615801082,0.428146512150582,1.1361199645280098,1.8024722905780137,0.456783015346871,-0.39756032529230306,-0.12597414845380722,0
THA,2006,0.44319285956202237,0.20172419738268885,-0.9204291936683313,0.27354989869534374,0.2929031024803966,0.7187161471545225,1.6471635752898053,1.7272671845473584,0.6253863781557455,0.6090766387012303,1.8764744371567812,0.456783015346871,-0.2039402242234262,-0.7337684351817626,0
THA,2007,0.5645306117906954,-0.2172428085409719,-0.9289280781897379,1.1097170276917583,0.5057893079205144,0.4592409980681443,1.6553740783550446,1.5151562704046448,0.786876553708347,0.3747624640947019,1.9325930434319007,0.456783015346871,-0.38284220891534176,-1.0546683348457218,0
THA,2008,-0.3985709871037812,0.3470403912774055,-0.9289280781897379,0.14950944075869305,0.5431653673405465,0.3377775473537324,1.7614440557357736,1.9008256415927667,0.6447960818696786,0.7968817428014346,1.928214683178339,0.4490825055128537,-0.10898972057317562,-0.4906788882273827,0
THA,2009,-1.0259300460627472,-0.7570987314243162,-0.8630617231488369,1.4436301778787923,1.478001334479096,0.10480276918648629,1.4705265632224298,1.218430277793708,0.5205929948196315,-0.3765274720312159,1.7820079938471036,0.490263340356582,-0.3347415366950306,0.1801215098568103,0
THA,2010,1.104112926772646,-0.04131943116117831,-1.0474875172633595,0.6714425084394825,1.2923727571578651,0.8249253609429096,1.5558931165463536,1.5037779220634218,0.5522281988636564,0.3532176529077538,1.9784960214763747,0.5766751233346178,0.05824067468168671,-0.9190200894120696,0
THA,2011,-0.6284945915409939,0.05736237282656637,-1.0394135769680233,0.5301383751700347,0.9591117760861896,-0.4610838873612725,1.7380337287830927,1.8912029247861928,0.7138692896336517,0.5750363179496655,1.7196148037597823,0.7673443457597784,0.4511828829924892,-0.5197311777730013,0
THA,2012,1.0338573276043936,-0.08295540317156935,-1.0564113460108364,-0.11623027450507518,0.8408195053756442,0.445521343233092,1.6586660844908168,1.8865479969621188,0.48992246954076213,0.7656111969443776,1.5827079506088662,0.8383476878369939,0.004871943852205828,0.0775854343892328,0
THA,2013,-0.14885546487425366,-0.22692406720409414,-1.1267396154254758,-0.26507684497494577,0.6508179295879467,0.6378183754673701,1.5844506830587923,1.7214736592285718,0.33685643747895383,0.6779438003193323,1.53130946762004,0.9166856203912662,-0.2824095815117799,-0.24561967174616126,0
THA,2014,-0.5910197967210246,-0.2779185462235983,-1.057261234462977,0.5842714319967924,0.6892290148870717,-0.26609059217356085,1.63543954590094,1.5877927185713467,0.3605080675067222,0.1309612459643566,1.52927682236876,0.9575781816621981,-0.533802352978173,0.47199090559767404,0
THA,2015,-0.03291528150321365,-0.7662664806157098,-1.0527993200892387,1.2791067157648344,0.8622441583409842,0.08678771879733777,1.6038602815237515,1.3325091391824508,0.4105066773915869,-0.11073498310777272,1.5025898196485994,1.0062379055780042,-0.5537607590206856,0.44425001876905756,0
THA,2016,0.04526335705931134,-0.5766456611704927,-1.0334643578030387,1.8943140831350165,1.1092986191927536,-0.39908008004607204,1.58027078082796,1.1546398751427176,0.5923987172651735,-0.3040066757245468,1.4718345172548133,0.9660060469671987,-0.5738731140494925,0.19506911696062335,0
THA,2017,0.2380479596825353,-0.4930283031852489,-1.0032933177520453,1.744075970484198,1.2195306228779421,-0.05713883264877324,1.563675284836021,1.188988664899393,0.7593721932641334,-0.0212757082167365,1.454515458916083,0.9457752696585464,-0.4994818947976453,-0.5276014546622885,0
THA,2018,0.24978064532277386,-0.4226588219147095,-1.017104005099331,1.057180333113137,0.9708116379513972,0.25847720747048075,1.4871817996325694,1.274838697753628,0.7364748689838871,0.3320276736543906,1.4141053911868784,0.9387297456215431,-0.5319497710341095,-0.6278616992475843,0
THA,2019,-0.2976098237828699,-0.48583962591073265,-1.0275151386380539,1.3018367142166518,1.2495485606659202,-0.33788255579561566,1.265414350422808,0.9943193197304513,0.7391617651281035,0.11484171531909679,1.268079688811318,0.9295366085079741,-0.6288813279399617,-0.5343440817976824,0
THA,2020,-2.4285906379164466,-0.7571636812543243,-0.9461383193455861,0.8044745627830183,2.0765097688718988,-0.9976294171491163,0.9243721853402784,0.8093147303408276,0.42972717609443895,0.10703813532635584,1.2604905644302806,1.1441743271803073,-0.015398572916708254,-0.042436867808127866,1
THA,2021,-0.44196018817440524,-0.3939440445819295,-0.9214915542335071,-0.27197804671559545,1.2769603560023595,0.3739626628597601,1.2196459681733711,1.4050003245447722,0.3738216525677766,0.8665772421374947,1.4738621197757942,1.1949065974570288,-0.5190122460853198,0.10317182228888211,0
THA,2022,-0.1617472032237296,0.453255681599731,-0.9799213853181774,-0.4923419683038819,0.8028028869023411,0.14548824386376963,1.5078499037385427,1.8267196080194523,0.2634163625722042,0.7345565639642296,1.4565915658975583,1.0964858700942068,-0.6064154053570262,0.8840227864723076,0
THA,2023,-0.2627470023096175,-0.3942859597293989,-1.0239031127164564,0.3756519204969363,0.9153131530962801,0.006893875898166052,1.5153442718927168,1.6246979798211487,0.1937990224689799,-0.10479912480110343,1.182872271108384,1.062925797949839,-0.7874868990182331,-0.2027358576069552,0
THA,2024,-0.0810638033659791,-0.5395569326795785,-1.0137044512907685,0.47065737101867594,0.8875501177559869,0.2545568623636212,1.6887423018847005,1.7580789523995077,0.05666596460476347,-0.25031052497305734,1.0830957639662278,0.9669147264392,-0.6538535203433354,0.022373466293574982,0
TUR,1990,1.5591887322342837,9.935877358183907,0.5647508764474667,-0.20357410697634623,-0.18769543189465593,-0.528792325059432,-0.6588215696073899,-0.5730846673890294,-0.1579358257973054,0.22839671509034612,0.777804022360708,-0.4783314620740678,4.021040880835604,6.145749824694362,0
TUR,1991,-0.6596125658558157,10.928188572905777,0.5647508764474667,0.12314763308084181,-0.2631755301481662,-0.5070871420471791,-0.6389751214378948,-0.6184346357908997,-0.4387980137608187,-0.055636190264718964,0.8064555712557617,-0.4783314620740678,6.828547268528531,6.145749824694362,1
TUR,1992,0.46080231418988477,11.644707793730795,0.6282800382449807,-0.010030261500698516,-0.23233746916297376,-0.5091386483332977,-0.6159985190670135,-0.5842783669473761,-0.45704161784919334,0.044888754293582696,0.7348865606984266,-0.4783314620740678,6.378109874791051,6.649306282902247,0
TUR,1993,1.1399099366277785,10.948346235600491,0.72452990544991,-0.5158010312623286,-0.35024311088373894,-0.5635422751025996,-0.6459513014623667,-0.4881858948311508,-0.4422626492962985,0.5478502800214523,0.6240859464532638,-0.4783314620740678,5.069079045380484,6.136686890226077,0
TUR,1994,-2.0586334750989304,17.7892994547294,0.6427281419313718,0.4396519760328048,-0.12761826309900867,-0.5320384792428211,-0.32541081486208073,-0.43815069407770996,-0.47113303796497513,-0.27076121163810396,0.7918687866105684,-0.4783314620740678,12.647051093953468,17.61821186012278,1
TUR,1995,1.1988473813756775,14.973666877769192,0.4444916604695636,-0.07578723562162203,-0.04771205548222123,-0.5630923770489084,-0.45208228994414723,-0.5687210663651063,0.4573401978443365,0.6694755193668155,1.2759809059003169,-0.4783314620740678,8.827987140793217,5.613447976298148,0
TUR,1996,1.0117889939188267,13.452129804958865,0.22883246573887184,-0.07188357147442419,0.026033748603646822,-0.594292194230418,-0.40062370416452064,-0.4522948361791222,0.4980381264930536,0.9297872354625109,1.1055326391380782,-0.4783314620740678,9.98950770559373,7.992076637784432,1
TUR,1997,1.0637324653226814,14.371436552263367,0.2738765537023268,-0.07643224365851763,0.0001883433819819121,-0.5883975668972335,-0.3222045379071007,-0.3930267971084813,0.38086245916533995,0.6116032026535306,1.1064089080495185,-0.4783314620740678,8.226674950257175,8.932898032539683,0
TUR,1998,-0.35109117661356326,14.191671250161427,0.28386274301497944,0.21887747468433402,0.04898154425969878,-0.5759455881300578,-0.35491399761645903,-0.46994890032105247,0.3300554596211113,0.3444223064720993,0.8181079725053159,-0.4783314620740678,7.429194316770121,7.376333764160454,0
TUR,1999,-1.639226070656862,10.733898527519438,0.4536279613300757,0.033088723930107165,0.38940640743919264,-0.5884252929573575,-0.4309484165369588,-0.5125937097552207,-0.12821127821320633,-0.24224845469748307,0.5153185006594531,-0.4783314620740678,8.62120448741681,6.2190080169987025,0
TUR,2000,0.9669990721548063,8.993612811723212,0.20036120259215995,-0.5234937674573494,0.06172964550976194,-0.5700075727836356,-0.38497655675880016,-0.33920249232628175,-0.14993064785790225,0.14523049702495083,0.3438885008129699,-0.4783314620740678,2.852908840937858,5.0334171977865,1
TUR,2001,-2.2640720624956443,8.90352508903825,0.6010836077764797,0.413249273293463,0.1725406224865288,-0.1126076295948474,-0.07797275853340462,-0.3292734936079381,-0.016840975736856816,-0.5345328595117181,0.2125071149448646,-0.4783314620740678,7.528095884103871,9.924010040697228,1
TUR,2002,0.8242577492489318,7.253478778181078,1.0211409752469993,0.05027990077940629,0.4334082284955523,-0.5376618734003898,-0.16268781014519582,-0.3201477676523786,-0.034325177623593474,-0.2389979301559168,0.11018087364164392,-0.4783314620740678,1.651668786600225,2.279537146959866,0
TUR,2003,0.6590223534685502,3.1683175878495526,1.0602358440454696,-0.31535003651789634,0.3341906086196175,-0.5059109629597811,-0.24900930387987977,-0.3039888155995652,-0.1804802435898662,-0.03325935305853018,0.13588456471159463,-0.4783314620740678,0.38684058803856686,-0.16940945983704003,0
TUR,2004,1.7303550139931823,0.8943307614772035,1.123127589503878,-0.49798290979307175,0.04081049076009239,-0.45689078040823505,-0.2215019527251069,-0.20946557672042984,-0.05980431439773084,0.3240168744900705,0.11502775299222473,-0.4783314620740678,0.984508246122514,-0.650763696144953,0
TUR,2005,1.5190572458915503,0.8210442411546789,1.0802082226707748,-0.6119924381516093,0.2076561563821587,-0.0016048100119570613,-0.29386398055656904,-0.25510289278347226,0.11360143280687185,0.6950068023687506,0.10973827935188225,-0.4783314620740678,2.411771853530586,-0.7270314204467994,0
TUR,2006,0.9883771352769468,1.069018356458878,0.9933071284393928,-0.858684781243811,0.23083441361460774,0.5728648337765019,-0.27064633837407864,-0.15507643263792995,0.21132850733467134,1.0954549690856685,0.13149823311215816,-0.4783314620740678,1.1145386724394917,0.5356851374233339,0
TUR,2007,0.479638844208299,0.9219454464985407,1.0056305109954322,-0.828517352497517,0.22737110796635387,0.4359900384480065,-0.29099632939865333,-0.17576036712485288,0.1634646201338599,1.0014012488845339,0.09728990023551337,-0.4783314620740678,0.46102968649854525,-1.0449995867900883,0
TUR,2008,-0.6077274377362024,1.217109867248278,1.150111547859344,-0.7758967148580295,0.0,0.20474766477053669,-0.21871113173968526,-0.127670527678717,0.23738147481752184,1.0287434719696655,0.025548109165190198,-0.4783314620740678,1.3637131119051378,-0.13669861451081625,0
TUR,2009,-2.1143371678491705,0.48387069335702654,1.8004886858599816,-0.2026479768566814,0.3966964606772684,-0.23392389880702433,-0.2255285145785638,-0.298805397680395,-0.00883777815376714,0.0963089115113244,-0.1247560912135891,-0.4316238008480753,0.21967959782275995,1.8722710658256494,0
TUR,2010,1.3712268720983873,0.8887669705732395,1.344311059173484,-0.8817344600304278,0.26806714357159045,-0.2867411638543039,-0.31591280802908206,-0.19915629745124594,0.052581996580685283,0.8317658140803479,-0.13776486034572974,-0.3393013980485098,0.773384159034632,-0.4434741317321922,0
TUR,2011,2.004154300303085,0.5224990980909525,0.9002443429299908,-1.4144748387843689,0.026091308186733886,-0.02148676258131611,-0.23668116636715344,0.032055396280549396,0.10522470747089076,1.3738208179206162,0.051515074852462095,-0.2793077081664538,0.458994452545893,1.0731075117607534,0
TUR,2012,0.4016036004590566,0.9456203729393888,0.7772229894826309,-0.7136432454308224,0.4051097364195765,-0.14967599045231664,-0.17516650931009836,-0.05447321464047359,0.177969760046412,0.9816430620004821,-0.027447269262322955,-0.24332777448602316,0.009275958832565535,0.6309334519029368,0
TUR,2013,1.3572217787813359,0.7010739952839783,0.8840964623393182,-0.7831514241123653,0.38904369321909066,-0.19990115624831087,-0.1986205950280168,-0.039894548948181965,0.25803639946523377,1.2820908009925058,0.03419584873884874,-0.13575575780433552,1.0184720732059391,0.5025821542810787,0
TUR,2014,0.34790276806937964,0.9391508159673807,0.9240412195899292,-0.488711573337358,0.38951609073738924,-0.19790614494326272,-0.13966564126669415,-0.04834136633136663,0.301890225373251,1.1037761085365994,0.10176956980824844,-0.09413096539312078,0.08086133097585696,1.4400708509122118,0
TUR,2015,0.6607049547380147,0.7321587388527118,1.0096674811431006,-0.32772262280526515,0.3888778222599914,0.08716308274395099,-0.162034980638842,-0.13948789641204176,0.3879844691815449,1.0807965820151577,0.08345201931941315,-0.05386186353901425,0.5822576823075664,2.4160227041620868,0
TUR,2016,0.016316032606879007,0.750393841193332,1.136088388399023,-0.34107117903398243,0.38078734594490626,-0.13690200137132189,-0.2307673889247491,-0.20470641007019172,0.34822222785252566,1.0446098159607513,0.09269073490108946,-0.01690700287807531,0.6889215856383978,1.029366394493643,0
TUR,2017,1.1852400514792671,1.3395479332270714,1.1403378306597265,-0.6017977891354075,0.21960728548295844,-0.2401061105989565,-0.10955687207417437,0.0048809888175444845,0.47720285832893755,1.503128029567928,0.1912017784257954,-0.006664566266615936,0.566952786597385,2.0507495739231985,0
TUR,2018,0.053830083721625836,2.2467788456226345,1.1481992988420273,-0.22240218524046285,0.07680379147329498,-0.140244344639151,0.10675513365183079,0.07707071112672835,0.6451265699016259,1.2783584361735367,0.3698902867387017,-0.049929579474810526,0.7576938000474384,3.260344851159677,0
TUR,2019,-0.5086754997702381,2.0446964320834984,1.737596940401573,0.42619028432778633,0.31884341975749614,-0.2647161339632346,0.1610390445948981,0.002592753711472327,0.5473386117602315,0.6854772676536376,0.28295686803024767,-0.0811246541268376,1.5705639953081763,1.7071025231558536,0
TUR,2020,-0.3784847287194033,1.537958868901136,1.6139381706151072,-0.6283427900678518,0.1782893922168638,-0.33508052729840426,-0.01781377473537958,0.10364413545795625,0.5938822841682756,1.7132838161045165,0.3866533831036132,0.059549980004584654,2.2495781093976754,2.336625724566293,1
TUR,2021,2.219944746576433,2.817546115814349,1.3634335493466487,-0.03203091429006713,0.13724347887412763,-0.16497672483739514,0.24541297599686918,0.243367310544421,0.9089530852590729,1.747618375761495,0.8000321451178158,0.005011103585994572,3.9683272415807256,2.6248197473675856,0
TUR,2022,0.566107481312389,12.035136462804163,1.0438754913417618,-0.7610224932480466,-0.007639868853822719,-0.17219567447245562,0.3741397337793271,0.5897060518298591,0.9392655593127123,2.40095142838956,0.7569478780351812,-0.21947017674196728,4.703919684244739,8.97779785929053,0
TUR,2023,0.46326592422211577,8.808961117495025,0.81504302560289,-0.5274486538340621,0.061816043955044614,-0.36726783224337806,0.11449893377700074,0.2055850018853106,0.7421016354763469,1.7804136975617122,0.4447138151666333,-0.27863053305558205,5.606509262540743,4.421315587423896,0
TUR,2024,0.017343667515383798,9.62157020545039,0.6901094231382136,-0.036373523574078706,0.20500132695291265,-0.3929818492614678,-0.06666747588775036,-0.11849912797081259,0.5778858892394781,1.1841081647836473,0.09328862899470594,-0.3530837722733467,2.4985877646189696,3.872006479856292,0
USA,1990,-0.356960229554102,0.3347065662007469,0.265165197067885,-0.1319272111596642,-0.2942583553505974,-0.2755696961072023,-0.8301904537266895,-0.9105632063732735,-0.4203110668920737,-0.23849948995379494,-0.007782765280539302,0.564460549830446,-0.7190679970857803,-0.1253796980708391,0
USA,1991,-0.8747435380271499,0.13133886247368112,0.265165197067885,0.10273028158908201,-0.3277793726132626,-0.4983827580118179,-0.8132563553662129,-0.9314726278911966,-0.4153963217186699,-0.45781440130763845,-0.007782765280539302,0.6204941611226459,-0.8298063342186555,-0.1253796980708391,0
USA,1992,0.06793968506277509,-0.0795746207021048,0.41389567619249995,-0.04073011472877248,-0.40023293993420933,-0.5322178320711874,-0.8112547395929719,-0.9258875494417882,-0.5161697624499095,-0.4629197154709331,-0.007782765280539302,0.608555955077366,-0.985332967958522,-0.1253796980708391,0
USA,1993,-0.13216089445613008,-0.09306774627017585,0.28641240837140153,-0.11688514611120225,-0.3788665767837656,-0.4381215283668029,-0.8179977476171844,-0.9135879596379977,-0.573172767195102,-0.41405945778524306,-0.007782765280539302,0.6437042496430887,-0.9148340223979312,-0.1253796980708391,0
USA,1994,0.19945114822953275,-0.15325927091694358,0.12047168809093814,-0.19105041157436786,-0.4624268104296667,-0.42571420114778386,-0.8035737489236238,-0.8816137976654387,-0.500628181821082,-0.27716718505745613,-0.007782765280539302,0.6333375054034918,-0.9328688079563376,-0.1253796980708391,0
USA,1995,-0.14965119851518208,-0.11863965668697746,0.020822267077446253,-0.15974606295614538,-0.48963714120048885,-0.3776752640774934,-0.7724684550392736,-0.8502661318042937,-0.42034044184447295,-0.27816397904637225,-0.007782765280539302,0.7609015020508269,-0.3248849886771457,-0.1253796980708391,0
USA,1996,0.1329198214226027,-0.09664423729324793,-0.02145968341655158,-0.16976702715768807,-0.5628664432773663,-0.2702270979992224,-0.7679902652608441,-0.8441933155060072,-0.340504266989776,-0.2118155297216325,-0.007782765280539302,0.8566759116830027,-0.23118687126065338,-0.1253796980708391,0
USA,1997,0.3080056471130161,-0.20042963167584804,-0.11728460639541056,-0.18614607736085198,-0.6643915192606804,-0.19482328735068966,-0.7524341197434604,-0.8264895469483076,-0.23343371375000324,-0.10237508398606378,-0.007782765280539302,0.97055277600475,-0.21820736549968464,-0.1253796980708391,0
USA,1998,0.3173538932272221,-0.3377711898582897,-0.22118346966960584,-0.3115194822222754,-0.6558781223049825,0.12377826566118681,-0.7776366307809335,-0.8263904148765903,-0.18485810326035282,-0.01755907151003228,-0.04964789289528341,1.113947745543625,-0.06787955674127119,-0.1253796980708391,0
USA,1999,0.3966181218226224,-0.22660053860766877,-0.28322532667587375,-0.4148224167887642,-0.7103344525870947,0.44537313252394345,-0.7862220338083055,-0.7930347244790533,-0.22641412434283398,0.05367950511387367,-0.09183442408781223,1.2903632902283844,-0.07666047767850329,-0.1253796980708391,0
USA,2000,0.2120597827915628,-0.01871472034204166,-0.3314564963348561,-0.5766329537297474,-0.765292370673274,0.5022279603990515,-0.7702359054540462,-0.725420288306849,-0.23650504382272994,0.09375663945075713,-0.1378675600757929,1.1754660792974354,-0.20814723989510966,-0.1253796980708391,0
USA,2001,-0.598531156766367,-0.11501093954382614,-0.17443960480186976,-0.5429301719152738,-0.7442952957324744,-0.12235268014120207,-0.811482656196883,-0.780555103356211,-0.33995362643910887,-0.13839552426580898,-0.297879860700778,1.280592708994841,-0.22485674932116706,-0.1253796980708391,0
USA,2002,-0.4051271500426576,-0.3318690243572925,0.049081058111123094,-0.6198651431686073,-0.6996421826506242,-0.3383078546557628,-0.8353329915626442,-0.7857842946349229,-0.4541722468362878,-0.2085928793755982,-0.3602954704292049,1.1727080228623872,-0.5522036084533877,-0.1253796980708391,0
USA,2003,-0.12078628483733969,-0.21224968459316462,0.09285031339636682,-0.6859037335560793,-0.6790347320176345,-0.3361818039165277,-0.8393242859759898,-0.7647857113656822,-0.5393737996447441,-0.20504209661302156,-0.37854553710764616,1.3642766634391954,-0.5567649462114516,-0.1253796980708391,0
USA,2004,0.1523921430861142,-0.1410544891065167,-0.0048868585998087105,-0.7965070579405903,-0.714886846408526,-0.08063925686883061,-0.8145970499671271,-0.7057466185722859,-0.5121308202011144,-0.06489575695879812,-0.39759090315235307,1.458879277481639,-0.4308944112358564,-0.1253796980708391,0
USA,2005,0.05782764258005291,-0.01593617598749022,-0.09943694890045685,-0.8891733881890429,-0.7529445980740801,-0.3117434089456414,-0.7998669701369236,-0.6654855464111444,-0.4772950111892689,0.04696766858064538,-0.4231306425870968,1.5077758734041475,-0.21162313328744536,-0.1253796980708391,0
USA,2006,-0.12365948412684141,-0.0451042848980588,-0.19738659300966743,-0.9174354988250426,-0.7486516350627364,0.06415330740774322,-0.7723781660025664,-0.6329091974421986,-0.3808944184187175,0.07198349408185813,-0.42213977457381335,1.6310636800422575,-0.12422181836513908,-0.1253796980708391,0
USA,2007,-0.3263512211286499,-0.11037675541848921,-0.19759906512270264,-0.7766211553527498,-0.7122819599291735,0.1465856049874242,-0.7380908131132884,-0.6226019406740856,-0.5394423746661424,-0.07951603419798828,-0.45170931595606906,1.7341238747412953,0.13071327665293409,-0.1253796980708391,1
USA,2008,-0.8171306310385987,0.06211581345781969,0.04929353022415814,-0.7127691582194375,-0.709022417187655,0.11657771295030014,-0.697980994076936,-0.5796225385494197,-0.7514422105412643,-0.31451951128490063,-0.5257137259912125,1.4629683663681143,-0.20206791775183497,-0.1253796980708391,1
USA,2009,-1.515569907025806,-0.6713847529894149,0.7865717624561779,-0.35434759380503555,-0.49838898778660057,-0.3043786947983128,-0.7602529495467242,-0.7534525030359059,-0.8557586451780489,-0.8198614649752118,-0.5950225222676689,1.4930450686766608,-0.4524734201585681,-0.1253796980708391,1
USA,2010,-0.14685705271369193,-0.3224242005917813,0.867098693296505,-0.39678318984914024,-0.47759820259802255,-0.07858474335905453,-0.701503474024078,-0.654808155349321,-0.7224097038562128,-0.6801877468717102,-0.5672834237353835,1.4220259365877663,-1.229782009709651,-0.1253796980708391,1
USA,2011,-0.4404479394323899,-0.05718796004552069,0.7217677679804528,-0.4049994276475123,-0.4881039896426518,-0.10159551270430281,-0.6505515392082346,-0.5874578825537469,-0.6370354813281311,-0.6243274004781003,-0.561775005630642,1.3269030974744673,-0.3423652923447359,-0.1253796980708391,1
USA,2012,-0.2522891852232784,-0.24735535807492823,0.5347923085095085,-0.34570518513675,-0.4667555783220707,-0.15397121756619905,-0.64719169935555,-0.5990586088665439,-0.45431230824809216,-0.48253149626934677,-0.5737758888006671,1.3392855523852634,-0.5099286219405232,-0.1253796980708391,0
USA,2013,-0.29676022258383816,-0.35306258916860617,0.38733666206310446,-0.24955741431097617,-0.5800282306021867,-0.09535006710964929,-0.6509672860098501,-0.6303162433966488,-0.437845103737464,-0.416280050477663,-0.5852371988259384,1.4506703903972185,-0.5476027168703441,-0.1253796980708391,0
USA,2014,-0.1913513204720058,-0.3255403918995078,0.13088282162966128,-0.26501546749613597,-0.6086132725100164,-0.1926169367067886,-0.6528549949171669,-0.6298093337975071,-0.34000866523233597,-0.3355905059033496,-0.6059079484174645,1.4587325877318662,-0.4839047119479379,-0.1253796980708391,0
USA,2015,-0.0818555360814815,-0.5884680033579196,-0.05779241474556453,-0.28751414188294544,-0.6412098869586218,0.28756053869769355,-0.6985936678110335,-0.6837328332121478,-0.33627126813800834,-0.2561274253390476,-0.6074951859060459,1.4438900377471602,-0.6753280548070609,-0.1253796980708391,0
USA,2016,-0.37422957824510095,-0.38860398327902274,-0.1451184532030171,-0.2660123030345668,-0.6184510326605445,0.19160513020409614,-0.72039805361101,-0.7180034804240277,-0.4382590720471573,-0.33763697106356055,-0.6673751230580629,1.4783167987582793,-0.6088926669133861,-0.1253796980708391,0
USA,2017,-0.20853847354364904,-0.23672827963788,-0.2543291193030914,-0.22618514963089878,-0.6075933470177083,-0.012723414724442784,-0.7083356980421358,-0.6995646484319581,-0.40064326939481065,-0.2962334842243663,-0.6642454487893666,1.5774999704797668,-0.5193090044267933,-0.1253796980708391,0
USA,2018,-0.07641499705144177,-0.1820873619413745,-0.3518538191862319,-0.2691267303537883,-0.6386696740074952,-0.33010720291044765,-0.7037650337463875,-0.6894468107390087,-0.3781051940334283,-0.23233726956123643,-0.6510299029389319,1.4365041140847823,-0.591870920320502,-0.1253796980708391,0
USA,2019,-0.17577182454022652,-0.29231813066706036,-0.4000849888452141,-0.2565637001154076,-0.5915843091821515,-0.17973392233591398,-0.7245239529863806,-0.7225795579605784,-0.3603204486169765,-0.21676358094963383,-0.6916889778186063,1.5857303185447367,-0.18167863238182042,-0.1253796980708391,0
USA,2020,-1.387018612347202,-0.3935000197497615,0.531817698927016,-0.3806773386132793,-0.4540483312156073,-0.47017697518960194,-0.7939873986524298,-0.7924273263041571,-0.45388146301878657,-0.2526441716806839,-0.7591169705620416,1.8735357935303163,0.8686518053307365,-0.1253796980708391,1
USA,2021,0.7506549357061308,0.21228338678558256,-0.04313183894613821,-0.5249385700074461,-0.4848256154130859,0.012861057783309846,-0.7646535339683243,-0.7256201328288475,-0.5133862961055491,-0.25748593564604044,-0.7520905744001734,1.8973173958899754,0.39649710487226314,-0.1253796980708391,0
USA,2022,-0.19124901590672796,0.7902047986538628,-0.4041219589928823,-0.5579475567295423,-0.5586321277662069,-0.13291817577867404,-0.7301565346032359,-0.6848516221555537,-0.46229306262469316,-0.16157075184817185,-0.7520905744001734,1.488029566489016,-1.0522938933215629,-0.1253796980708391,0
USA,2023,-0.08476012538613716,0.11059529578661409,-0.4066716243493042,-0.47661231439316165,-0.5303487673119561,-0.23796376825415003,-0.7553143578909142,-0.7509846916284991,-0.5655443740475782,-0.2321718305633886,-0.7520905744001734,1.5389760759118192,-0.7997796699839432,-0.1253796980708391,0
USA,2024,-0.12141429118219081,-0.09344051862868118,-0.3250823329438011,-0.59799788435074,-0.49337149362663846,-0.339089094431445,-0.758481988305738,-0.7431605258646519,-0.6131043460318993,-0.23797643358112838,-0.7520905744001734,1.6002912965791436,-0.4741620928494573,-0.1253796980708391,0
VNM,1990,0.4777520809653961,0.3831520323948083,-0.7249548496759801,-1.3080853376692867,-0.5735563651637028,0.2825800771439693,0.28647861046444706,0.7589860585901436,-0.2022177045753498,0.6295763091123912,0.35835291101510724,-0.727516818609785,0.2683435598710133,5.612311044302344,0
VNM,1991,0.7010184066423037,0.3831520323948083,-0.7249548496759801,-1.3080853376692867,-0.5735563651637028,0.6770489041073723,0.07286741655050523,0.31438023300988127,-0.2022177045753498,0.6295763091123912,0.35835291101510724,-0.727516818609785,0.2683435598710133,5.612311044302344,0
VNM,1992,1.3981896393342668,0.3831520323948083,-0.7315414851800703,-1.3080853376692867,-0.5735563651637028,0.9938099484751823,0.23257032999367888,0.4490039145539865,-0.2022177045753498,0.6295763091123912,0.35835291101510724,-0.727516818609785,0.2683435598710133,0.9915731085494643,0
VNM,1993,1.2493368698901892,0.3831520323948083,-0.7468394773186021,-1.3080853376692867,-0.5735563651637028,1.7761688391922685,-0.018531778102848707,0.3844757164718201,-0.2022177045753498,0.6295763091123912,0.35835291101510724,-0.6908203968885563,0.2683435598710133,-0.649695910056084,0
VNM,1994,1.448281812928317,0.3831520323948083,-0.7606501646658878,-1.3080853376692867,-0.5735563651637028,3.503883893536553,0.20203243235715257,0.6716047181855894,-0.2022177045753498,0.6295763091123912,0.35835291101510724,-0.6783316612631376,0.6639249779356973,0.19396927224881508,0
VNM,1995,1.6304151494549537,0.3831520323948083,-0.7642621905874856,-1.3080853376692867,-0.5735563651637028,2.324313214790124,0.15199084033597315,0.5969845208761778,-0.2022177045753498,0.6295763091123912,0.35835291101510724,-0.6658429256377187,1.059506396000381,-0.056108181285044884,0
VNM,1996,1.5783681410296406,0.3831520323948083,-0.7695739934133647,-1.3080853376692867,-0.5735563651637028,2.720766117049711,0.48784489210638954,1.074468809314813,-0.2022177045753498,0.7777831225208522,0.35835291101510724,-0.6634749337680578,1.455087814065065,-0.13075224563408283,0
VNM,1997,1.2699397653744022,-0.047975239591964744,-0.5698502071603103,-0.8799651695002819,-0.5608888992131732,2.2132089848199685,0.5809935867846558,1.045831720097166,-0.14861663348209234,0.8081902716825412,0.35835291101510724,-0.6484158849518343,1.4077675090091806,0.49191107946640694,1
VNM,1998,0.6500292012015579,0.6613982801048465,-0.6930840327207055,-0.5811283950302985,-0.5584945921357055,1.4643929799874698,0.6537707062086627,1.0896503266043487,-0.009979920316198225,0.9241849885654635,0.35835291101510724,-0.6449025223685553,1.2683249465232176,1.2940829972673709,0
VNM,1999,0.39276562363324924,0.11072888876832422,-0.6845851481992989,0.7974891977392723,-0.27437442965504416,1.0357781960058718,0.8671471040600661,1.1217852102140569,0.3055916020600499,0.7046360462024898,0.35835291101510724,-0.5419025052873235,5.278771935686992,0.4071678117240914,0
VNM,2000,0.9155990991564291,-0.9082914768244751,-0.6994581961117605,0.7023818817392866,-0.4122760917135802,0.7688981649452992,1.0320487618321723,1.3465816762180678,0.6972101180274386,1.0107656732992838,0.35835291101510724,-0.4515526080350805,2.360220351370459,0.04318589509123082,0
VNM,2001,0.7612664104769183,-0.6846742531258787,-0.5932221395941785,0.4521188435399691,-0.38951718277707953,0.7032672249636958,1.0795956382070742,1.3176507230380259,0.702051395562685,1.2523816228678644,0.35835291101510724,-0.4000531403868814,1.6000366492959845,0.28636867648003894,0
VNM,2002,0.7944808379693881,0.06066933776020318,-0.7292042919366835,-0.20017890128102925,-0.42508868067641065,0.7086670173604152,1.0661375320853734,1.5611685452188433,0.8117387752825153,1.5689626624695792,0.35835291101510724,-0.35099288501098685,0.27752788579280624,0.2685907113236986,0
VNM,2003,0.9446124878450041,-0.04358223963891471,-0.7015829172421121,-0.7412400047850011,-0.3044577721829229,0.5937619914360235,1.1467747124895222,1.835138840672193,0.7191718866108908,1.9128400109423638,0.35835291101510724,-0.2840325801422709,2.1375808284531637,0.03221037108031705,0
VNM,2004,1.110089730690782,0.7468638820273312,-0.7249548496759801,-0.2659506133000468,-0.3675547370307213,0.5508737341125481,1.274259305411675,2.1059254600671737,0.895737967930141,1.916005218551524,0.35835291101510724,-0.1518119527540747,1.9492885562842897,0.03414604911626609,0
VNM,2005,1.11290341995917,0.8394772144591149,-0.7381281206841604,-0.07164689882025942,-0.3147688002489856,0.49681902247453613,1.4397113045254035,1.8043924454724636,0.8607185618536946,1.6519617787052865,0.35835291101510724,-0.12952806927712854,1.9358145446214807,-0.05033143758432208,0
VNM,2006,0.9650953891472629,0.687946262006505,-0.7449272283012857,0.0525550982194583,-0.17180823979198065,0.5761709144423098,1.6072008001024132,1.9766267227132688,0.8836022342873333,1.7724324763298127,0.4329478853067357,-0.06702390667469471,1.8195781412838514,-0.03607298815841915,0
VNM,2007,1.0044428996823078,0.849947565512568,-0.749176670561989,-1.4432695351104712,0.041126436577043665,2.348496088401648,1.723982131779915,2.6254026593254074,0.7502224424234556,2.550004782623318,0.4329062507760131,0.19205172396992892,3.647437400575241,-0.05283217636288745,0
VNM,2008,0.6233688366779324,3.4328913965970864,-0.7782853500478064,-1.774851747673137,-0.17432611070781773,2.703164422041338,1.7164282948544225,2.620270348490186,0.3976790734618985,2.0749001586416,0.32575173108160566,0.15670480629413394,0.9756521089688142,0.0027147877333870253,0
VNM,2009,0.5548581524515502,0.5653592551309328,-0.8105811112291513,-0.9725902416000505,-0.3346671107112011,1.8258443456333273,1.3942418349273145,2.0487927317090597,0.36208899752134605,2.1783936781438937,0.2884674710243764,0.4179449778421499,1.4962262353293068,0.3643257565353477,0
VNM,2010,0.8210735888146338,1.0008598966595132,-0.9429512376500587,-0.4026443691853181,-0.5734351563511259,1.2158964543442363,1.0426530356031578,1.4574903400510792,0.8930378484937376,2.168579871550153,0.13183989669387433,0.2522657169109012,1.8236985144907487,0.823844082853812,0
VNM,2011,0.8184575318250327,2.6568862666049653,-0.9673855306491026,0.11821770698635543,-0.6243109367848305,0.8184762063926161,1.3346755342007754,1.663249847391672,1.1015075222431674,1.4376479747173372,0.34107210592408077,0.11927849290295697,0.15224639780213634,0.9411367762603099,0
VNM,2012,0.5825474259166948,0.9811414792027141,-0.9614363114841179,0.9203410713789465,-0.35648881806277055,0.8091369550757672,1.4303069713332361,1.4550064735474473,1.0208931462744546,1.1575378889341579,0.5524951566919103,0.06314979542805049,1.3374789657011001,0.037010897270262,0
VNM,2013,0.5952607119800298,0.543622037539045,-0.9000318708169556,0.715412526812987,-0.4417436389501035,0.7691166291265904,1.5689957263767786,1.661590079957227,0.8720211057600266,1.1039870420446112,0.6078097279171248,0.08881086728055625,1.041669082546007,-0.0724115805115848,0
VNM,2014,0.8208135127125025,0.10503737307633881,-0.9127801975990653,0.7813216416334929,-0.34414364566162986,0.6904379640856426,1.685654887733146,1.7465198397992872,0.8532482820844235,1.1157556034078344,0.5654936611303536,0.12001879072825328,0.8855994838123518,-0.01810218483185295,0
VNM,2015,0.9674838947098933,-0.4988363395878603,-0.7869967066822482,-0.05127955176198312,-0.5158923476775625,1.0390297905197508,1.8242500362233671,2.0436923727398653,0.4131121212828303,1.3971079445562478,0.6442932034744642,0.25285409061415315,0.431194849933725,0.14658001125808898,0
VNM,2016,0.8903347295396297,-0.1426262751693326,-0.7869967066822482,0.1364320303919581,-0.4223485435571238,1.028120635877377,1.8736312758451819,2.0105505130726846,0.4485931234748754,1.3376838319128739,0.7149699561411423,0.3609258413034805,0.7107003591455102,-0.010859136282071965,0
VNM,2017,0.9552904418456731,0.0063609799436131756,-0.7814724317433338,-0.005564167380504705,-0.36252960806731205,1.067021187636867,2.192792063961826,2.3912039622095267,0.4832612380761292,1.4274688112515586,0.8673697151538688,0.4262445173111817,0.3698682346516721,0.0822025044625169,0
VNM,2018,1.0915508593846275,0.009748336879546514,-0.932965048337406,0.4205740439434528,-0.34583488147788444,1.0623767870517773,2.303731284940186,2.4403967436394183,0.6689246834622639,1.383284830819634,0.9663998438515947,0.4429023023983433,0.2233415202722575,-0.01686101802814801,0
VNM,2019,1.0640960382059468,-0.12031767213104506,-0.8224795495591205,0.7657851393534743,-0.13621637475719325,1.0000452837538505,2.3343385640374072,2.4070289337684176,0.7048375562371488,1.3771716539988688,1.0225423875289905,0.4781086946635642,0.3101409766714188,0.08214451433586922,0
VNM,2020,-0.1026619219017159,-0.045980316478507595,-0.7328163178582813,0.8388429112275922,0.01688929617348544,0.9076382897224936,2.301986145176884,2.3742136969249863,0.8546598131944345,1.3672352505769692,1.0440234954126002,0.5738363152273008,0.31128721697355477,-0.05358663859108668,1
VNM,2021,-0.18358599049118865,-0.2883826913322323,-0.6733241262084353,-0.12145437048281446,-0.05627601565344923,0.807315914389871,2.6967497964193226,3.0456239094287185,0.8178853418852585,1.5187285983298537,1.1125549177559766,0.6857126099821982,-0.06091492127732326,-0.14728842025512426,0
VNM,2022,1.3700070908193158,-0.05724637731390449,-0.8460639541060238,0.15287195464578934,-0.3155454657584008,0.8271286010295882,2.678819053619514,2.896921255154514,0.8583016668357382,1.4329104547097427,1.1389180436647282,0.6943813626343283,-0.4367852569522669,-0.07502730455296316,0
VNM,2023,0.44600955599815145,-0.04039187219074985,-0.8301285456283864,1.1129885598311176,-0.2236476661393635,0.8043060295330724,2.4001731621344136,2.345102368243633,1.0332352727209173,1.328997005877187,1.0661769727287578,0.6943813626343283,-0.4367852569522669,0.10671931051564286,0
VNM,2024,0.9810881315950846,0.023993729813630085,-0.8392648464888984,1.1796387257010643,-0.3847688417128251,0.793725292039613,2.5431596846365556,2.607680383061725,1.2156216203056955,1.1614703622183096,1.0956550904552145,0.6943813626343283,-0.4367852569522669,0.04073228935748033,0
ZAF,1990,-0.9291233297629504,1.895041021069475,3.7363221077233626,0.30559473448727653,-0.680068584853431,-0.7168567937716822,-0.3180559370022076,-0.61658903250978,-0.7984070459985363,-0.7483614628377611,1.0167607714541478,0.017017385599318032,0.14394519538714493,0.5784008046933943,0
ZAF,1991,-1.1109932200690456,2.0723177222772615,3.7363221077233626,0.27201144006098416,-0.5975335252501583,-0.6296116674942874,-0.4096831743016462,-0.6710499662904565,-0.7639512935376099,-0.8095448151063687,0.9357904019441701,0.13866502975362346,0.638365085028142,0.5784008046933943,0
ZAF,1992,-1.4014690502106986,1.8170004518139047,3.8055880165728264,0.32554812156098306,-0.6151937593112801,-0.6949224662100173,-0.42576241015688043,-0.6794459606829111,-0.777708936213869,-1.1374376906200547,0.8242661418671432,0.2603126739079287,-0.701833763176907,0.21836829641054498,0
ZAF,1993,-0.5263477017639434,1.0900346429862477,3.7839158610432397,0.42091947080892506,-0.6532988761503871,-0.6930281862977634,-0.38577077091318174,-0.6593656915133917,-0.6834914255610068,-1.3775830262644182,0.7014331965021671,0.322209065886977,-0.37749916614989276,1.4001118874619725,1
ZAF,1994,-0.015791677188025252,0.9538379779131724,3.7214490598109013,0.09810640916345945,-0.6528432655921812,-0.6099381095761126,-0.4009894910328086,-0.5736916326438919,-0.7234752003802386,-1.0205702825836018,0.6517722200028947,0.38902592360880184,0.7516748635290743,0.7811429097431307,0
ZAF,1995,-0.04175511878810405,0.9086981851506409,3.6445341548921713,-0.153811067325393,-0.6204675373646927,-0.44002975340013784,-0.3806220809011407,-0.4835264810226767,-0.6025306248463439,-0.8304885764911123,0.6826501099391287,0.4394671438389496,0.5368052938363972,0.09946127689132966,0
ZAF,1996,0.2698061719987376,0.6767727815795258,3.600977371719963,-0.08125270565398947,-0.791604370842327,-0.5198092725670775,-0.30820826459641065,-0.436189204539049,-0.6969620335614937,-1.0054345965906613,0.5515843757659805,0.4463244769139412,0.37199107489018757,1.8143224998546135,0
ZAF,1997,-0.1715723233983455,0.8942458520909844,3.611388505258686,-0.13092273861581988,-0.5256208535091955,0.09746905626021006,-0.31296744396383386,-0.42579037899008293,-0.7681494074002124,-1.0478407609243776,0.5042401264001313,0.4057208276897951,0.7043851030811891,0.6258342165766482,0
ZAF,1998,-0.7168045840552089,0.5939607576154466,3.6517582067353676,-0.15136314550593294,-0.5381616349471873,-0.5691913202789864,-0.2771675040851102,-0.3836759530251444,-0.7772207065232648,-1.0271568666846806,0.4258673098053826,0.42301134474722984,0.3131174371682125,1.964801854799264,0
ZAF,1999,-0.22349920637648196,0.2968538055666315,3.682566663125466,0.018485218319917018,-0.3408179859744355,-0.34673278364789883,-0.2875927900287925,-0.45712922064743916,-0.8091874051139935,-1.146637621931759,0.3185887762364849,0.6076775149945847,0.054887516657216466,0.9748619366260706,0
ZAF,2000,0.2438427319143914,0.3243899506805318,3.6621693402740902,0.07329877609285979,-0.3823133983766982,-0.47116484091045807,-0.1985770896301321,-0.36925142277748474,-0.7471179743572842,-1.2385875352980118,0.37775401834014644,0.5938930271488865,-0.2923593279235229,1.2969701269793867,0
ZAF,2001,-0.14560888275892434,0.38785502062215454,3.633273132901308,0.1381275751290397,-0.3649652493546732,1.1925429391442215,-0.11717973801810605,-0.3212634427578455,-0.778192138969343,-1.313799886876805,0.3869460691782559,0.6446650893221637,0.9279081168219614,2.392019864964037,0
ZAF,2002,0.11412273506819384,1.0510896476336038,3.6177626686497413,0.22870572549081475,-0.35281815028914454,-0.2925049310986578,-0.030689760132465497,-0.21449991455089015,-0.49306056858820296,-1.2423228586825463,0.39165968086496333,0.3412323003881058,0.7488685861829804,2.222633387378647,0
ZAF,2003,-0.08094032082300102,0.3839256636536143,3.639009879953257,-0.03918910588157728,-0.4965443485977785,-0.5559115679517527,-0.2189656436331478,-0.3696279345215992,-0.4537478638940405,-1.1463179064272468,0.31537482424272056,0.4108593791747337,0.284681881770585,-3.08008393274184,0
ZAF,2004,0.33589868395130396,-0.730225927862978,3.615213003293319,-0.33455583710364634,-0.30583028558541586,-0.5992788009480228,-0.26723455175220273,-0.3178118896972994,-0.5794154357185965,-0.9448392912571612,0.2468209585316679,0.5392875683635401,0.2660974576659178,-1.654152138856621,0
ZAF,2005,0.5234824849503119,-0.24848922045199248,3.595028152554979,-0.3803666130486947,-0.18770620855962042,0.09844205559677169,-0.2321197861164991,-0.2725124463406588,-0.515268407178681,-0.9647107757784508,0.1639570945195158,0.660166367798375,0.9756448525122899,-0.28797937054128414,0
ZAF,2006,0.6083191930401511,-0.04196307229258602,3.5593328375650706,-0.5902024151470755,-0.16864385903675932,-0.623575073253166,-0.12795335545655995,-0.0877543999337843,-0.47871186210677097,-0.7083263737252313,-0.07357466707849707,0.8738153621715438,1.1567416448536252,0.5529979298105124,0
ZAF,2007,0.5451417277031273,0.4710767216167834,3.549984064591524,-0.7377764786086621,-0.11188440491759785,-0.00013734166326653599,-0.05037676042902154,-0.015797236919348517,-0.5771071786722736,-0.5791186579677223,-0.09412885236601348,0.9174373281611329,1.2797696225639568,0.29779856304721436,0
ZAF,2008,-0.018116993245795056,1.1237063382408445,3.581217465207693,-0.7933096999551628,-0.14590844370934353,0.40412198145889605,0.12871922477569683,0.20319174126404915,-0.6382595485462365,-0.2759068426154638,-0.07181276807628315,0.7070846829620959,0.4151852427222756,1.6806808522592391,0
ZAF,2009,-1.2459626536876613,0.6564840581918473,3.818336343354936,-0.31354751260369473,0.3044034603655353,0.11756129508794216,-0.17446073442125243,-0.23515701853301282,-0.5439624047789529,-0.6655425166643892,-0.21912963106209102,0.6449819143053428,-0.8052992859353639,0.14375326137785027,0
ZAF,2010,-0.05740253672254716,0.10205435229807117,4.064803994475726,-0.12764923367871428,0.1576766499181192,-0.38446864805962727,-0.14107928862709873,-0.23429712513150008,-0.5649938149422821,-0.8466238229499292,-0.3058736342178272,0.6832981798012221,-0.3187896163754627,-1.5487044065203905,0
ZAF,2011,-0.02395555000704846,0.265266791198443,4.0554552215021795,-0.2510589515647134,0.07034651934474656,-0.37796958859217294,-0.061250653869945076,-0.12294178295411225,-0.6580882214626783,-0.652201666967661,-0.43939627011547044,0.617849808228318,-0.1864388689720779,-0.21127516035807603,0
ZAF,2012,-0.22447740830331986,0.3941635802288152,4.074152767449274,-0.7072681478082541,0.10537809487325103,-0.3211489104883275,-0.08455635724319795,-0.050552637311781175,-0.8911649040497093,-0.6937426592819947,-0.4901365849498032,0.6970168970276156,-0.4845319520322952,1.2421597685827566,0
ZAF,2013,-0.2013087698437231,0.40154251983457606,4.038882396685437,-0.8193718878646915,0.09859753449434729,0.026603173749279514,-0.032853019886966414,0.048142704587404224,-0.8606986631979056,-0.6034219453391684,-0.5056346919365229,0.7207970980991097,-0.4144786464022076,1.7166874526445706,0
ZAF,2014,-0.479543792650755,0.46321079658040276,4.108785721874006,-0.7293068289256658,0.12877374587944992,-0.16131589159622572,-0.00694826001035323,0.0482969523963752,-0.8746644267543887,-0.7086724999365664,-0.4903882217110095,0.7439080925727181,-0.2862996641547195,1.1727247378934724,0
ZAF,2015,-0.5034208674439086,0.18095303154386744,4.163815999150113,-0.6433164693829907,0.2036496684678255,-0.5414046817125644,-0.06060484982128528,-0.023161687540170606,-0.820329626478936,-0.6862181555630472,-0.4854058185976672,0.7230195597330128,0.0,1.7128612318070273,1
ZAF,2016,-0.6740811428286905,0.5454115563769238,4.458514819929886,-0.3561933147365274,0.38211606438868606,-0.454919651823011,-0.04215830930622544,-0.08605786253399289,-0.8204251155850545,-0.9448236802320819,-0.48999574227019416,0.6867039039808459,-0.39916201253119427,1.4746372236973677,0
ZAF,2017,-0.5459789156962402,0.29767523876356805,4.564538404334433,-0.31179834915774907,0.3291490834367184,-0.5059005529707573,-0.07617935991429885,-0.1586416429881874,-0.824380499556146,-0.9988896381262968,-0.4861070132695966,0.7208100183016973,-0.3666128695433622,-1.1113303212068402,0
ZAF,2018,-0.4424271337934801,0.17941101170208312,4.537129501752896,-0.4190242456825614,0.22574497317516565,-0.212331147080865,-0.06963535301747178,-0.12052253672511898,-0.9150689534862834,-1.0669363900896272,-0.49355674369803004,0.6103149766081339,-0.444289801635654,-0.19597297670729763,0
ZAF,2019,-0.7791335689310315,0.10823676963647258,4.869010942313823,-0.35386028858778795,0.3745782819342042,-0.23351077857358377,-0.08193059691493583,-0.13459581652533648,-0.9163422556638348,-1.1210133811867158,-0.5010694747964622,0.5950451949248797,-0.39626565395843577,0.8350417246286006,0
ZAF,2020,-2.4482850983174007,-0.043977411486959425,5.028152554977161,0.4378971140853477,0.8043849097503472,-0.36752559225560133,-0.06634682606482206,-0.30349587221654256,-0.8186103022878114,-1.6582821322060752,-0.5915086531447052,0.49117468003804604,-0.08429782386076434,1.3310008079356317,1
ZAF,2021,0.4148505853355106,0.1984491498186285,6.045893976415597,0.7408123148497888,0.41363998533040647,2.7094750745574765,0.08439817491311877,-0.2174445639409807,-0.6166085962188035,-1.5825275574284738,-0.5443373679207366,0.2885873960489956,-0.4339096685415079,-1.193859455245564,0
ZAF,2022,-0.31225870338068223,0.6218217038992964,5.888877084882611,0.04408215851963249,0.2511386798126133,0.10156693731116422,0.18228349863723947,0.09199877156093102,-0.726294920818611,-1.1439997352337485,-0.49511273341731127,0.26780706050131736,-0.15855888149430472,0.9914763340223745,0
ZAF,2023,-0.6373293097500311,0.4531410250794184,5.640284712631469,-0.09417839090746653,0.35551188191757166,-0.3395044296977254,0.17037516264374022,0.14097275342273083,-0.7821223243175879,-1.1874097613215087,-0.42357439835668076,0.2440723104288493,-0.25674434651916545,1.2147206386579126,0
ZAF,2024,-0.7077580043058759,0.15340492580408466,5.678742165090835,-0.015274592040609901,0.4407092677933958,-0.49140256392769055,0.10942563762450379,0.01732221370976293,-0.8836369138637433,-1.3917530631557689,-0.44802329599408486,0.24069766280139346,-0.33993952954522666,-0.19434593413005669,0
