GDP_Growth,Inflation_CPI,Unemployment,Current_Account_GDP,Reserves_Months_Imports,FDI_Inflows_GDP,Exports_GDP,Imports_GDP,Gross_Savings_GDP,Investment_GDP,Manufacturing_Value,Domestic_Credit_GDP,Broad_Money_Growth,Exchange_Depreciation,economy,year,is_anomaly_combined
0.002343122908549243,0.046307675498543165,0.0015866824390210587,0.006363861701685465,0.0022870673379803545,9.789535032201265e-05,0.000629266761845638,0.0030267692019907994,0.035212682951332924,0.0007708875762369178,0.0022498332418264214,0.0021341674868963646,0.05102042961775618,0.0006524423102749237,ARE,1990,1
0.04135935999395772,0.0005150797632449958,0.0839128418087443,0.04445698374843412,0.12383396567836237,0.0061973616600757885,0.025548015033856,0.008928696794558176,0.10578886712750454,0.2186617357208359,0.09644230151449884,0.09640857782413771,7.43714777809091e-05,0.006335218259905875,ARE,1991,0
0.02763582417148219,0.0008394541825594559,0.05906556738281258,0.037153500533945005,0.08707559333564986,0.004392249713010248,0.019913384198784433,0.0053099344885677875,0.06343788178320937,0.16422110206196344,0.06760117965869852,0.06722410415832122,0.0034401198273425818,0.0056576013603600785,ARE,1992,0
0.03805775907641227,0.0005909313235861141,0.08034431569940945,0.04396701220961072,0.11819605428991696,0.00597119961735496,0.02510127381887072,0.00815358390469267,0.09825685986975459,0.2108724930844595,0.09245326798883058,0.09122429451643806,0.003394383724086953,0.007447905944621497,ARE,1993,0
0.008660976770501044,0.0030362341448365144,0.02026059710565564,0.023716459401390933,0.030105985580447085,0.0015179072548765211,0.01058173862060475,0.0006173419246377163,0.008920977047210921,0.0744257172787385,0.02251898400812349,0.023151400285375174,0.005644046392916676,0.002516446889154124,ARE,1994,0
0.008771877136344475,0.0021899920740682233,0.02022970850152863,0.023765771695174864,0.030093426388178596,0.0015124559495433058,0.01071782757853093,0.0005861242678631653,0.008880256066888357,0.07450553621134526,0.022453374494478078,0.023215583232856052,0.004383820756201896,0.002362894815750697,ARE,1995,0
0.011708414572863394,0.0021882754754134564,0.026523582206320215,0.026353456244028357,0.039329347092576655,0.0019814963597969974,0.01243309968303068,0.0011479551685467948,0.015906846210501834,0.0900891225754598,0.029721350731276918,0.03031126873305322,0.004699053854012192,0.002993271651085587,ARE,1996,0
0.0026556863050893015,0.004112365708442353,0.007148957381353266,0.01752354198754634,0.010774785874111282,0.00054094945098565,0.00674972618893721,1.450902567593989e-05,1.2738404779049747e-05,0.03894062223255939,0.007543889887076444,0.008264877171325754,0.006111257601166905,0.0012027138984210862,ARE,1997,0
0.02261911007926006,1.3841417949722493e-05,0.04707711369948865,0.03471439820600709,0.06973649398850572,0.0034833344877274316,0.018950512558065107,0.003005864833665116,0.04320951380599897,0.1401162466048348,0.05329753867221209,0.054350362146057214,0.00042382336070792076,0.003774521364963819,ARE,1998,0
0.013071982411119574,8.731047627410025e-06,0.027743803054341355,0.02751924744566556,0.04134475195354018,0.0020525003417878962,0.013540512704422785,0.0010773111172780337,0.016940679670450053,0.09462234695659427,0.030932961250204775,0.03232868847229352,0.0004836968253052766,0.002280575518977,ARE,1999,0
1.812992287048146e-05,0.005348253622928824,4.264314394625768e-05,0.010569004456499382,9.524265419257432e-05,4.14508804583635e-06,0.0027991141938157097,0.001703547970312874,0.014118028959425979,0.009101293011908295,2.376160987779483e-06,7.038948828039541e-05,0.006224235625312415,0.00017441936893301867,ARE,2000,0
0.01785768747748875,0.0016159847439873797,0.03573065508808774,0.031165402645280192,0.05330837138261085,0.002623229814936506,0.01669074373547175,0.0015892354699793276,0.026820531766723263,0.11512333548626275,0.03994698080517893,0.042098356012487875,0.00047133629575835914,0.002159980790339318,ARE,2001,0
0.013871940614534822,8.568655633393352e-07,0.029618127815722806,0.03115008693554515,0.04348027738529361,0.0022148211627906703,0.028516474720382285,0.00013546006056960942,0.01863865947439903,0.09820777281423959,0.032469192159832246,0.0338346344796074,0.0003964736137840026,0.0023660159952858533,ARE,2002,0
0.001283436140329533,0.003128769394136885,0.0036768680124197443,0.010866429390557243,0.005526889413266357,0.00028077691624677045,0.0048661855971899965,0.00016049748828411838,6.906859491665787e-05,0.021989618109889076,0.0037991641426634373,0.004214613054338459,0.004439551713428731,0.0007004626252813199,ARE,2003,0
1.5385949115192075e-05,0.0022812893268882957,5.4953373123054107e-08,0.0005670770900120229,1.5755669516502765e-05,3.4028805564380134e-07,0.0025423228692580103,0.002388780613690094,0.0016736775806591973,0.0012143102278741088,1.925111804239117e-10,3.8644986151469097e-05,0.0025482245089791054,7.844961912422256e-05,ARE,2004,0
0.005905903030730571,0.00035167567715701386,0.011116691343703402,0.00023075979530955834,0.016233816468170844,0.0008139573336340935,4.15968299617886e-06,0.007232801219401543,0.03705064737213978,0.014612590432508753,0.013788178234087822,0.012507691569487315,5.9188487838718365e-05,0.0008089027436810788,ARE,2005,0
7.45401661112625e-07,0.0028707055219093043,1.600686291854297e-05,0.005177501280266214,1.2440053246626175e-05,1.5111075118516068e-06,0.005782128792542679,0.005148683630727515,0.008458717147121158,0.0028510811903294142,0.00010949273476340618,3.1741501566667635e-07,0.0034180267301788508,0.00016039245018223435,ARE,2006,0
0.03286041706583049,0.005185914266832639,0.06617448643825427,0.10102351826535542,0.10089492667985532,0.0048109729365414106,0.03582097993807756,0.0019862033911268104,0.01421578857893662,0.2872632644690672,0.07165613366854405,0.08102679102610723,0.0022991605945643367,0.003434049891254743,ARE,2007,0
0.024789744522847865,0.00032979167850620246,0.05249829244027416,0.0873112035967319,0.08018976578745617,0.0038346970428238462,0.025943534821531382,0.0021936954389049808,0.007617474549058554,0.2398931090216765,0.0568394852869399,0.06392576907687601,4.4663222517986326e-05,0.0036472260648053906,ARE,2008,0
0.13457780131374095,0.011028780762332652,0.2778866194347841,0.5208850025581717,0.4308431456529132,0.020064130492748303,0.1005177887123548,0.02564735514389028,0.018021149922854314,1.3931230004377049,0.29952932065287013,0.3477483030483218,0.0026632172616010193,0.01609679775171049,ARE,2009,1
0.07089670381130975,0.0007632268022398102,0.1485306532301642,0.26590899305896365,0.23706853160362373,0.010525331162560332,0.00019923110948607623,0.10305422607648793,0.00543386555031801,0.7963329578529189,0.16547052965730402,0.19222887332518937,0.0003011465683385608,0.010593483467751534,ARE,2010,1
0.013454255981852037,0.0013047876315638964,0.029251498244670417,0.04863402180476442,0.049431444249736396,0.001997165581406073,0.03478250194374745,0.1043969092994824,6.180830626839818e-05,0.17997913293267204,0.034724336102054894,0.04040147481272701,0.003805676803783018,0.003082904209276991,ARE,2011,0
0.01173232351925475,0.00038954447240426856,0.02372710439781679,0.017618449183310906,0.04109398782879325,0.0015695874973474047,0.09725101548054063,0.17982302053392274,0.0050290116973075154,0.11953488472802364,0.030514932049798573,0.03376397379269605,0.0018697384367771135,0.0024533185945389384,ARE,2012,0
0.004768697650915072,0.00043243260708344234,0.008136554445768608,4.733428726401773e-06,0.014568383733061461,0.0005085770325721794,0.1016988926182485,0.13990521252049765,0.014461719893134259,0.024225398428352817,0.011937905749976324,0.012125140408745563,6.516071336507352e-05,0.0006302233373094338,ARE,2013,0
0.006312451980355305,0.00028844593663368236,0.012548487001151376,0.004126577623724939,0.021414760473043793,0.0008343859511814967,0.05750363534989918,0.10203547512904941,0.008721165596040255,0.04933788924602281,0.016636836662732874,0.017399442550071146,0.0011758990551940965,0.001380395243920062,ARE,2014,0
0.00016368647812312265,0.0028437004294697963,0.0005211243706458633,0.0003763865118345434,0.001111003616219373,3.0502824007430625e-05,0.02286564470193456,0.025985880988208945,8.371298626319412e-05,0.004920110451241965,0.0008444804367008094,0.0009018990443181703,0.003793852480312564,0.00028951193996691263,ARE,2015,0
0.0002742115128599645,0.0016769006284317071,0.0006550667090689616,0.00016905979698121098,0.0012353069858142107,4.052937937882629e-05,0.021897558777874842,0.025389496505632908,0.0017294506995934283,0.0016588018026675738,0.0011267615878135131,0.0009643022594266537,0.002352490143391423,0.0002618614529798758,ARE,2016,0
0.01518399009874455,0.0008927641450524375,0.028289851216154162,0.0010151402792720663,0.04299843722587929,0.0020161669238448034,0.009130152296066495,0.05239222989664418,0.07746873412668806,0.04825963277476738,0.035912240828179204,0.03369000826096872,0.00012284869802302005,0.0020867180256116118,ARE,2017,0
0.013264695014342569,2.557426911582654e-07,0.025673228804399126,0.0027127352940840687,0.040397628280337654,0.0017976539790948004,0.0271200741059675,0.08288979475601685,0.04901937391611264,0.05969096624788662,0.03298293306981604,0.031909468518892196,0.0004124924881445162,0.00235706275598281,ARE,2018,0
0.02121263566947922,0.0009413834307344907,0.04173129427336519,0.028722639858380545,0.0657192715826543,0.0029450860612030053,0.005210976205494285,0.05829972571743639,0.02784277398148697,0.14962188038401134,0.0495719433533918,0.05273531798613493,5.573335838312792e-05,0.0029051423158698965,ARE,2019,0
0.0728273737115124,0.01319776773044892,0.13871200971465134,0.052978117772440755,0.20547471356737088,0.01013681455027733,0.026179021159943316,0.026180398519339582,0.21828804579945568,0.32698620882475166,0.1613474998545895,0.16159292098080913,0.0064610869315970074,0.007681545035609403,ARE,2020,0
0.015989505628216397,0.00012464340115504263,0.03484138885467651,0.07294332565384933,0.05591285762434599,0.0024732588731932697,4.687441047683232e-05,0.024339744348386767,5.693198405593066e-05,0.2038900723676083,0.03850561877258045,0.04525391084908954,0.001209310110790817,0.002911053630150189,ARE,2021,0
0.011556821443165013,0.0014441373106304264,0.026923772889291604,0.08797607306764425,0.04442788448241735,0.0018959939793900403,4.0276383655126296e-05,0.0227115971921487,0.005946571197755786,0.2087099658295264,0.02895200293793703,0.036284218341937034,0.003736582343198419,0.0026562448532101574,ARE,2022,0
0.017007947091394218,0.0008066222848952996,0.0364107581761978,0.11425191867867845,0.05877830877783085,0.002580329855456648,0.006434434399338525,0.008683720164238705,0.0039838177273087295,0.2593917976438512,0.03814731945060608,0.04837988096489324,5.935260047182622e-05,0.0021549060667135126,ARE,2023,0
0.01866523186569362,0.0003269278209367033,0.041252377290255715,0.16215105735452828,0.06721365614466285,0.002922229002640336,0.010720224839480598,0.006984292504829516,0.015070090350246205,0.3369227892430513,0.042197438637233034,0.055564239876617856,2.274119823471941e-05,0.002576243698105325,ARE,2024,0
0.000271581268338412,8.696607621349905,0.1334698915716725,0.00919753061785223,0.15696919999842754,0.01336259300317845,0.03609641323171325,0.009981489940278464,0.36605065850417223,0.11790671687376213,0.1815695765106149,0.06611484871638067,10.241983281684153,0.4185716585007048,ARG,1990,1
0.10491140232994703,0.015453802890208526,0.22377161716608807,0.02089189184879563,0.3177229894693147,0.016936081115784818,0.05860984327879838,0.026743225907635268,0.6391626843775696,0.32065350106515983,0.2691951306603005,0.2376615657603907,0.034758292650988044,0.02663168635495735,ARG,1991,1
0.07995260597893976,0.0013274573380128126,0.16331836523826207,0.013332480548740807,0.23299197639031546,0.01226649056815664,0.036559934933020136,0.02392266523845079,0.4787827342451272,0.2312011928606236,0.19664287708343767,0.17602055465298846,0.007170522327113123,0.016104104890386096,ARG,1992,0
0.018246578555727814,7.370191294720375e-07,0.03644667079692992,0.0023980840103725322,0.051746195084184494,0.0027384083743784513,0.010842606704675026,0.0036030562283547187,0.1137630371854993,0.04815835923738662,0.0437828947625422,0.03917041299322918,0.00041887733481457885,0.0032139461352860923,ARG,1993,0
0.004397566298922429,0.0027079892392079586,0.007567339805181657,1.1804290728336381e-05,0.010537183108703257,0.0005642459912307259,0.0035677320351840494,0.00023332205721967287,0.036816206039651495,0.0054249898105410135,0.009186096453431198,0.008095749194829789,0.00213805942403476,0.00028310956391538875,ARG,1994,0
0.02827972310125182,0.0004240633670377753,0.05877408445315251,0.02150631436634046,0.08688626804155923,0.004339792036843157,0.005690219142130189,0.017570659276721877,0.09107894152537228,0.13863778686251318,0.06928683982700133,0.06702620888845458,0.002517845639366664,0.005572396122689331,ARG,1995,0
0.0015546023165039652,0.002096381226469452,0.0039124273754430035,0.005131861122244622,0.006079591724890744,0.00028680679582317615,8.750726867479852e-06,0.0031579181379725496,0.000723884141137992,0.017588148792123417,0.004513681559238211,0.0046912125302121565,0.003213252827744695,0.000682473863827023,ARG,1996,0
0.0008654099614125001,0.0027150895309400536,0.0011864666941926976,0.0009717811110892455,0.0015170926915655846,8.9747054783847e-05,0.0017638189987728404,0.00014501129408105485,0.014546430698938143,8.481055206122897e-06,0.0014951898542547954,0.00115765669974823,0.0027431979936403585,1.9050504444423608e-06,ARG,1997,0
0.0002990614436361842,0.0025586122438133268,0.0003193489809586934,0.0007813067098916319,0.0003648279330261567,2.4738712725697707e-05,0.0019800220374884287,0.0007755585044156999,0.0069223028972183,0.00028583076251406816,0.00039391570410611044,0.0002807691266737129,0.002777611439144402,1.2017939167355288e-05,ARG,1998,0
0.0009751873723786712,5.090252126471931e-05,0.002072323047461441,0.00156181893787988,0.003231312338406963,0.00014852523087160722,0.00012906608341049184,0.0024316633640508283,0.0012592708830831167,0.0075025210430913255,0.002452991263588299,0.0025497511503374476,0.00017575642195248272,0.0002104637735979861,ARG,1999,0
0.0004759630476636826,0.0014449358802382489,0.001285863359080325,0.0016372885099209635,0.0020483571138453895,9.328047055255448e-05,0.00045629596431995376,0.0025602256198994536,0.00015561217693376832,0.006234875536016005,0.0015332920082042668,0.001572600869714798,0.00205395015563229,0.0002966316095516996,ARG,2000,0
0.014724358141198886,0.0031690041738190703,0.03221294836632259,0.011936218187632368,0.04785540627698695,0.00238343480394477,0.0007839444779972581,0.015381666871083784,0.04701958665885728,0.0787674806086303,0.038382673181731705,0.03660103046171432,0.006632828003814007,0.003952358361011246,ARG,2001,0
0.07796571231971168,0.018215819105869818,0.1675598913280533,0.016012115599196332,0.24311698549529012,0.012518211365119353,0.0037864201367481076,0.07869652472598179,0.4383881097315366,0.2700386712070323,0.20518132264676223,0.18295562442041588,0.03700268747855069,0.021565531727130147,ARG,2002,1
0.007664539114475849,0.0021098952862861455,0.01448625872126339,0.003899302313150683,0.020431198259242157,0.0010902809340220545,0.017969470653306598,0.0006244828149417972,0.03333383726224633,0.02473766632951338,0.016435040072696472,0.01578300279400314,0.0013238627637045042,0.0007058913438918785,ARG,2003,0
0.019706660991901038,0.0063708683877285255,0.03297180073791173,0.04085723289823201,0.041035347941299205,0.002587614817088344,0.031519380138580175,0.0006334001252560905,0.4585080325456802,0.00242997462392048,0.04348208916448285,0.029153080582837165,0.004486883730343738,0.0019124664536283697,ARG,2004,0
0.027611757169637853,0.005899287732502993,0.046354754775478485,0.07566154924398885,0.05746190140379817,0.0036402198453570774,0.029649836738407934,2.2751276081602363e-05,0.7124842537563331,0.007444611395384836,0.06256722390333724,0.04042800944695814,0.003601835080509482,0.003128312677933178,ARG,2005,0
0.00446587939710402,0.005218591097058148,0.007396034385044898,2.9342663062439658e-06,0.010114902324768138,0.000555723963246242,0.009380728936112194,0.00040432021443572916,0.03607430026701907,0.0050431935462158795,0.008712711306782545,0.00781427680041576,0.0046784819021902,0.00015814717225050325,ARG,2006,0
0.007695953471677178,0.004261361852181162,0.013611014770021154,0.000509112374136846,0.019071018961482084,0.0010170288045178294,0.010288714582117883,1.894688333100421e-06,0.05016869559413195,0.014696816286400958,0.016050630627528997,0.014727346343700438,0.00328568742163621,0.0005195203116598279,ARG,2007,0
0.0003600558825455361,0.003491492269122938,0.0003909353078177066,0.0003360649889449445,0.00045305383530203574,3.0352860424628458e-05,0.0038690249726515366,0.0018086860326485246,0.005964555753358757,7.67556207615059e-05,0.0004400440545355498,0.0003583052876818877,0.0038140340453344567,2.205009278022753e-05,ARG,2008,0
0.00031149154310233866,0.001106398622374704,0.0004163936962007059,5.735704868941473e-05,0.0007493333098751878,2.522276645443572e-05,0.0030178677731440354,0.004749429985796932,0.0004421779964768329,0.0015675914547226227,0.0005605325272902381,0.0006643939260294889,0.001062086654925109,6.740524872973624e-08,ARG,2009,0
0.03517805239778106,0.004162226309607992,0.06706706642189626,0.00848443328149295,0.09579646836364554,0.0050015022803212295,0.029393551631986113,0.0029666335245882905,0.1837766412058157,0.10162628911026961,0.07910111762767402,0.07368766876321714,0.0016282694889833843,0.004190422939247146,ARG,2010,0
0.009016219969744305,0.001649935022500248,0.016847937959069137,0.0006929181637569244,0.02350239818146977,0.0012701476572925907,0.012544576783284416,4.4815206736583395e-06,0.06100001342768031,0.018325229118830832,0.019935255685388134,0.017906613669868975,0.0008684158247416705,0.0009722916338845104,ARG,2011,0
0.0005018134608765604,0.0019006488152604247,0.0013724375591727058,3.9697068687669945e-06,0.00170939306592475,0.00011455004496489211,0.004773377174556633,0.0012224023359898761,0.0070990231525575225,0.0005968756744244775,0.0016068164859754002,0.0011419572341802142,0.0025272830869512964,0.000357455627871436,ARG,2012,0
0.002290717130769386,0.0004229601755727533,0.004310162180508263,0.0001627665689920493,0.00588085127771518,0.0003296470125915658,0.006161637676264937,0.000380248213974792,0.016828543356787594,0.004051024479995566,0.005023269852541891,0.004438889768842438,0.0002303628353757152,0.00024585509392819406,ARG,2013,0
0.001388014939985906,2.1813868353261064e-05,0.0026987265719642787,0.0007923015670792223,0.004217262757942759,0.00019050530141120296,0.0010028090246404515,0.005380692008760096,0.0036509183248789392,0.007425073568272564,0.0033323482896562514,0.0033480228499273732,2.40943321280966e-06,0.00021354979965867115,ARG,2014,0
0.0016019487218303869,0.00024971855718495075,0.0034285881960855256,2.675790475473398e-05,0.004567159389983617,0.0002692408022785125,0.005129270674709632,0.0003766081809439694,0.015398244805497325,0.0024414331276212176,0.004066832756012291,0.0033069435737807847,0.0005290687105889388,0.0004130254206058581,ARG,2015,0
0.0008749986917511626,0.0002232774702939575,0.0016706877229883958,0.002481140929311064,0.002772033753526926,0.00011386610987458083,0.0007338998605378767,0.0037037247959024475,8.764870215365965e-05,0.009170476547520868,0.001937649147714743,0.0023037315083890633,0.00011496437598770285,7.995714786253047e-05,ARG,2016,0
0.0061440414834508785,0.0001349982393093544,0.01198874667101415,0.0003367071142692114,0.01665548322545628,0.0009099007192481731,0.007849870164133481,4.8933104384348774e-05,0.04505645244002325,0.012305475757471675,0.01431410382198696,0.012533383631627315,2.977969861883633e-07,0.000932300028414025,ARG,2017,0
0.004116761609883638,0.00024906349086477,0.008730201544196788,0.0013717260824344952,0.012179802013274585,0.000668434306501327,0.007623720253850921,2.00090433154844e-05,0.023621074238796703,0.012704178446883865,0.010193740355035494,0.009099907640008084,0.0007295317386378455,0.0009180288426135048,ARG,2018,0
0.0009391755029269095,0.008679766482666738,0.0011426822798472252,0.0004914668115760538,0.0015643294441348946,8.325074331840554e-05,0.007667273193991752,0.0028257817147873555,0.00303976067492239,0.0016937856757928073,0.001141689009803393,0.0013391603638765025,0.009361700240273826,5.6181691874237945e-05,ARG,2019,0
0.010242172953335354,0.02240071265164181,0.015888174691229124,0.0038641937912851053,0.024326959451692772,0.0011073265710388263,4.35962367633762e-05,0.010076388512663396,0.029626138087412535,0.036285360329226315,0.018770749018966495,0.02010825381800393,0.021142210771809555,9.899930950438678e-05,ARG,2020,0
0.0089023242329831,0.006655693443639421,0.015346813961614608,0.0003644166297965287,0.021583241624000226,0.0011401965300586302,0.009743445775783895,9.698040771275174e-05,0.05904660309061369,0.015883876600921536,0.0181962484835925,0.016758818817722544,0.005464543587968401,0.0004881629514224243,ARG,2021,0
0.01084663250054805,1.0197188019209801e-05,0.0218765584794241,0.0015038066282343045,0.03078420114272431,0.0016547385366711147,0.010211719397053039,0.0007470530558997075,0.06963557501913963,0.027805964391313952,0.02610647982688571,0.02318923672281874,0.0003905238884413492,0.001981936310058051,ARG,2022,0
0.005752476262952024,0.001638930136602266,0.010680859366930306,0.005188075498705106,0.01647743536636704,0.0007583207286132308,9.768488776069591e-05,0.009369871241371014,0.011758643093533284,0.03156379660029954,0.01263524180310856,0.013230493814402078,0.000953048025625844,0.0005219257938353648,ARG,2023,0
0.0014205615255392255,0.12385233937098726,0.008948735180808848,0.003624238934495409,0.012581256761372048,0.0007426300555167776,0.00017689319326907323,0.007967722593822975,0.010324918221490282,0.0216663069404057,0.011374265201928205,0.007917522957853425,0.15092227826828486,0.008468387159907591,ARG,2024,0
0.04864896300601119,0.0006878707113209306,0.09612274819397931,0.02271242474200587,0.14232305168726941,0.007042167717740546,0.003698147235303093,0.04086123575038702,0.18530860693409182,0.2009910418395425,0.11485580902571124,0.11048739233975721,6.606238529931187e-05,0.007518693745681845,AUS,1990,0
0.028428918378901456,0.0009401757126194021,0.05573587335129494,0.01683433829136706,0.0833974567245453,0.004055141948264158,0.0008405961861351234,0.029187797657258558,0.09252583186980873,0.12946863295884853,0.06640184567723194,0.06522577299400131,2.5117423990275476e-05,0.004080433576082614,AUS,1991,0
0.017059702243800625,0.0009510612807429421,0.03352020786799153,0.018449141162351784,0.05123542510017531,0.0024110416788176567,3.7220312554519836e-05,0.022273043024271962,0.03411336240096188,0.1005503213032238,0.039390415847247326,0.0406178944308531,0.00012395530382144066,0.0022728821746975237,AUS,1992,0
0.014515846462484635,0.00010797350571008186,0.029969541402552192,0.01333294357424689,0.04513864876474909,0.0021861984398793425,0.0002845239311605327,0.016870001846378675,0.03762953185282451,0.08055344861425874,0.03547816180446286,0.03516293137293086,0.0010029731960522735,0.0027547756236230036,AUS,1993,0
0.014413352584884265,0.00046657633317304787,0.026977299115437583,0.00016000725644995046,0.038808565177272235,0.0019876464646549808,3.7606274790360787e-05,0.019560501554431835,0.12096953205236602,0.023771300754239926,0.03423002390445458,0.02953000352428333,1.4886684655254682e-05,0.002153480902914719,AUS,1994,0
0.013778632689731356,4.2596933237978395e-05,0.02777335007744728,0.012532580600344151,0.042054448369678296,0.002013898770008134,7.533584233088652e-05,0.017505203684172983,0.03402447089676693,0.07613858553180129,0.03288330944513255,0.03298166719931071,0.0001655789569802064,0.002259007350637613,AUS,1995,0
0.010322796916645026,0.00034785147292988263,0.020350375432974077,0.00963356111915874,0.031087951599513105,0.0014638078653872878,3.052991679057578e-05,0.015783223706553103,0.023248168585462206,0.05826202866497401,0.024128294092719577,0.02457445000569734,7.980783093013347e-06,0.0014681119496691203,AUS,1996,0
0.014661602301291023,2.4084954617373666e-07,0.029721944208187277,0.012120322796729673,0.044909323978778455,0.002158614698044589,3.038754176794035e-05,0.019564266773892815,0.039179018656862505,0.078583524769872,0.035350085738871634,0.03511160219428913,0.00040147904525451405,0.0025433403374135067,AUS,1997,0
0.009440663216381127,0.00042275853640026066,0.01949927717138292,0.003740514858815989,0.029101483106471853,0.00142686810845217,0.00010762425746754433,0.015892066341940493,0.03830451094819874,0.040729643815913465,0.02378720584572115,0.022401791985493524,0.001501299479016076,0.0020480668657230426,AUS,1998,0
0.0025064809483615258,2.9434928522479763e-05,0.004923586279740492,0.0017077545867686917,0.007636122926562565,0.00034996221640314345,0.0009115807195583217,0.00763127686942485,0.006304308817837462,0.013725673895965816,0.00600480741538743,0.006046265747810422,8.480852230330153e-06,0.000391333511953782,AUS,1999,0
0.008133421553905727,0.0008558877226008675,0.01785475868215439,0.01745191620304151,0.027447202032881257,0.0012983303855909325,0.00023155074674283208,0.00991594739775501,0.008276028897872562,0.06779063272718899,0.02056323033841563,0.021524108359128526,0.0022400132981502453,0.0018997050047305842,AUS,2000,0
0.006146204592022002,6.346542251930169e-07,0.012492110033686847,0.006147002498682944,0.01900729576442753,0.0009040466691808429,2.4268561047419436e-09,0.008901517871865093,0.013930008627664333,0.035864476024393535,0.014795340223328353,0.014921236248271555,0.00015737018862400532,0.0010558930790092501,AUS,2001,0
0.0045956094130333814,1.5291046709775973e-05,0.008827873393538018,0.0002452558600495024,0.012810090151439586,0.0006478575689010459,0.0010766461076049056,0.011477787390604212,0.041979668248615876,0.007258203546000775,0.011481193363850475,0.00968604348583333,0.00024089427534102333,0.0008881220661606389,AUS,2002,0
0.002055183449563533,0.0011353901945755746,0.003310434815316467,0.001333822636046976,0.0048214591297135005,0.00023614932760463494,0.001991564171526455,0.00774318750495677,0.025051423895614777,0.000988933559464711,0.0045242730620739125,0.0037279291848190173,0.0008398797170363511,0.0001505360359349869,AUS,2003,0
0.0038116121330600272,0.00021937763903898342,0.006979154016295443,0.00012622985359193504,0.01022836062659146,0.0005064466507602268,0.0010572378758745467,0.009730957007733148,0.031717637266249064,0.006328384448652123,0.009037989670810518,0.007851054490905214,3.299500546071321e-05,0.0005347986955704495,AUS,2004,0
0.0017848511081371805,6.233974941002595e-05,0.0034299017233184155,0.0011413348364117861,0.005433834550591755,0.0002396449273508739,0.002067805632335292,0.008461158926181005,0.004036255170693988,0.010230560711951135,0.004252097085495848,0.004347799226864186,9.010493903259004e-07,0.0002560181517949029,AUS,2005,0
0.004476891103945803,0.00028262884633326214,0.008359599512573734,0.0003052046603815911,0.012588522325343516,0.0005996530518213211,0.0014265257280031368,0.012344081500646198,0.02363064627278118,0.013644121787588837,0.010533917503390595,0.00983036077785278,4.617658427655968e-05,0.0006081919166913025,AUS,2006,0
0.004470607832042803,0.0009161956693319679,0.007727846699678177,0.000967152325647375,0.011388134830466707,0.0005535610696243339,0.0037276222328678304,0.016503681772452965,0.04369584950250837,0.004954417020191523,0.010313148544393812,0.008793578006214874,0.0004640344451365553,0.0004897565846496662,AUS,2007,0
0.010114741636936531,0.00020677251382317306,0.02054566375835371,0.020242770799872543,0.03195737853914796,0.001470441156932834,3.1096674611758486e-05,0.013763553740892758,0.00909702141531797,0.08020635604230282,0.023617554320247803,0.025540775139675325,3.4928957521093794e-06,0.001477723770603729,AUS,2008,0
0.01952185900215043,0.00011646340829809916,0.03821551302405716,3.207520495579975e-05,0.05507120881357345,0.0028278116181000117,0.00018963915676614658,0.029789581435136166,0.15956035009054895,0.037256590599194866,0.048499419119734384,0.041601530227821155,0.00119850482632063,0.003812986176277383,AUS,2009,0
0.011696346873007241,0.0006434770597960612,0.02285412016231283,0.010449837430597065,0.034868656988015355,0.0016434774953543536,9.066059203327873e-06,0.01701451950721966,0.02710195970925168,0.06432736524575648,0.027085542055582588,0.027589935747450858,8.161641076807144e-05,0.0015683548375247768,AUS,2010,0
0.01960049809550367,0.00018045841584254482,0.03841038437704357,0.00581207962477137,0.05722194095915797,0.0027967494627018624,3.59706886992486e-05,0.028516273967165724,0.08406642305329144,0.07468093728025903,0.04680652511125312,0.04441865330407319,7.995346790077243e-05,0.0031289442790661645,AUS,2011,0
0.023215832749523317,8.871731774053265e-05,0.04618736685714071,0.002072505876241391,0.06744351522102922,0.003404995332847961,3.438799740724989e-05,0.029546826959581426,0.1384820404402086,0.06713107433970965,0.05712070915079318,0.05148841637026787,0.001252734324522627,0.004407829591914999,AUS,2012,0
0.03196131827631041,0.00011107434589184408,0.06533574634059786,0.019671182522042,0.09683787383439663,0.00480440707632964,0.0029934054623876817,0.026462912052942156,0.11117310761812964,0.14714647228005462,0.07771905032587548,0.07485587478866258,0.0016944751151888148,0.00593550903910338,AUS,2013,0
0.025595630517268434,0.00019211618674174047,0.05198739890332715,0.008801691425205673,0.07648600091663217,0.003831993632935562,0.001212303575527412,0.02467731085797515,0.11401851317994159,0.09858870564756314,0.06280893097880279,0.05874369433430816,0.0017254720229270435,0.0049246692361469046,AUS,2014,0
0.017197940819092317,0.0009019932532497079,0.035230099292392306,0.0014875681740473047,0.05093023257665939,0.0026218370850424597,0.0006678445127611768,0.017007463712330004,0.10903662392251684,0.04860409027692909,0.043448803713363786,0.03850323272615827,0.002919679078447046,0.0038306833550126786,AUS,2015,0
0.00432622037470719,0.00032684619751040733,0.009296933827988536,0.0058432704332455915,0.014072486320661607,0.0006798433660947958,0.00015735787287364013,0.004861062363012278,0.008437037840234104,0.028583197716316993,0.01088623610441147,0.010945208248090435,0.0009496396196254006,0.000975849891454133,AUS,2016,0
0.004646472298138748,0.0002868406251205402,0.009309419380605559,2.044190323303632e-05,0.01348180944646848,0.0006882027290832024,0.00042542889320580337,0.009611821243900984,0.03873826443534141,0.009207835546164101,0.01193313843035779,0.01014365302776221,0.0008806142367502887,0.0010686223390248453,AUS,2017,0
0.005734033005733261,0.0011442526000720698,0.012326089413803637,0.002732750376847658,0.018373671033915188,0.0009067719683740195,5.8815768032555304e-05,0.009935385428243423,0.022650398259133606,0.026718870350972763,0.015026081036309043,0.014042126384193419,0.002454093991442953,0.00152891121359971,AUS,2018,0
0.006745762425170342,3.6220455879247576e-06,0.01377701364645414,0.006900944762874841,0.02102064764162443,0.0009957687391159967,2.9227072705519753e-05,0.010841599925438001,0.01486330103814112,0.04023133838035422,0.01634944931574469,0.016504084161431717,0.0002615581452071247,0.0011996012270062025,AUS,2019,0
0.017815665457226945,0.0007655888383877959,0.03466406748168516,0.008319862603315301,0.05154042535160806,0.002528577830915736,0.0008466103295751782,0.01651072922751513,0.06569224692316412,0.07382239417139481,0.04144170474669627,0.04020011945376409,6.0860460128162273e-05,0.0024916310121215848,AUS,2020,0
0.01637272088147727,3.0289772537915782e-06,0.032758435324924784,0.004524267315207881,0.048144365893669855,0.0024112654586043417,0.0006204636921399313,0.01614894768678291,0.07702204802083537,0.059017355328033504,0.039714666506669806,0.03702159788438071,0.0005315411268177211,0.002933370724188598,AUS,2021,0
0.009255242141896805,0.0021368774744517515,0.019213112259643967,1.3231299902634313e-05,0.02799143625188673,0.0014204472647518437,0.0022079674404321035,0.024680684055749445,0.07582384524315099,0.020582258599429713,0.024784949838537483,0.020964009505064777,0.004395138573574826,0.0025993173633997407,AUS,2022,0
0.007567311449942487,0.001675642680165549,0.015860710731901623,0.00037565478984392876,0.023508981400771616,0.001163359206794846,0.0023465405362803012,0.022195025273194894,0.047543783016399305,0.02366521063993202,0.020182297762245196,0.017802412889086114,0.0035097308783273856,0.0020917858080238185,AUS,2023,0
0.012118256721918354,5.805433478532101e-06,0.0235768359392955,3.654578996695509e-05,0.03435480212161709,0.0017325363289236056,0.0005061973675714523,0.021605428039096604,0.08837683843286169,0.02702411085946301,0.029829658887290226,0.02615477413473435,0.00043531065690197,0.002232896089064516,AUS,2024,0
8.810472857225995e-05,0.00016782536822921454,0.00031255161084884985,0.02797924825435869,0.0007875661762621872,1.7944415709593044e-05,0.0011966486216574842,0.0001412465933000501,0.034976714201101995,0.030968736521521364,0.00011279438970196755,0.0008345020044070661,0.00013399740856720894,4.3577041510155474e-08,AUT,1990,0
0.0010663704228946714,0.0003626731834138184,0.0025504639451609506,0.03671051304355449,0.004592061675332768,0.00017352613448655375,0.0034868989885003783,5.0462972510316484e-05,0.02236575222044269,0.05209814280654048,0.002078646204325993,0.0040894990655014115,0.00020843967248219638,6.612005274217099e-05,AUT,1991,0
0.0029679606399738673,0.001571627715108985,0.006101974926209174,0.029580516845702315,0.009892237773470949,0.00043176954700776925,0.006332886186697751,1.9120712517720585e-05,0.003959606927123223,0.05438444454509099,0.00590588224944982,0.008341535590540775,0.0011272233134074932,0.00017060381837131965,AUT,1992,0
0.00839417291914777,0.001623737660488135,0.016630532544768786,0.02159412218180251,0.025328989449625243,0.0012063402282894797,0.006890809673601348,0.0010949784754576513,0.005565905928123041,0.06704495098299385,0.018245159655396453,0.02032781121641589,0.0008089830763954823,0.0008348175320275087,AUT,1993,0
0.0043799706963633216,0.0010900202849340858,0.009091070051507421,0.030068287550830967,0.014327270179210086,0.0006533174288305048,0.008212133514446641,4.4007593211843566e-07,0.0007916404949323201,0.062273910944674694,0.009196784273700206,0.011801547752879043,0.0006038177670466318,0.0003783202081478048,AUT,1994,0
0.005383483305927279,0.0020679767928420234,0.01105391548516319,0.04407196803652642,0.017821917122682596,0.0007829462728126041,0.007542093811632305,0.000151988588589426,0.003480776083706125,0.08785990516795422,0.011043341669144592,0.014899750498787964,0.0013391088134840547,0.0003805007887124464,AUT,1995,0
0.008435430485802689,0.0008429526708076503,0.017559290817212164,0.037938489778628036,0.02705184630932465,0.0012759999785744637,0.012384767893531675,0.0001220433861119519,0.0004543690879878919,0.0922547045806685,0.018516905324082705,0.021841053851746912,0.0002593442755549072,0.0009624813321751482,AUT,1996,0
0.0069624333477724,0.0003368512726899293,0.014743108378666608,0.033122423654133024,0.022794046329438964,0.0010710906814043423,0.009296336695243679,0.00023748162887846902,0.0001844607894395353,0.0798854770620283,0.015557741624131882,0.01838149824642951,3.412567425984711e-05,0.0008936021753870277,AUT,1997,0
0.004296934877526411,0.0004576664419557978,0.009097120852383787,0.027256579082901532,0.01431092697884498,0.0006551562843054768,0.006216465913976246,0.00010089473733473395,0.00036126808791332835,0.05923872914416392,0.009360497827393493,0.011699812518622807,0.00014436488197051614,0.000474673995623897,AUT,1998,0
0.000697470223905394,0.017384163774851198,0.0007216660125462383,0.019039723630987306,0.0015290880173239375,3.9192722178171566e-05,0.0015418506722816262,7.87746848527158e-05,0.015889439121376085,0.025186034654055275,0.0004503545525078409,0.0016950575705753773,0.019052949257965905,0.000345488651170245,AUT,1999,0
0.0020951289412219987,9.490889463022015e-06,0.00469346868172399,0.017900317986683928,0.0075336710968769436,0.00033627465115067766,0.0023512252143302495,0.00023500397311717252,0.0013066722518648693,0.03650000425480642,0.004769788364456382,0.006179692903770101,2.190512774336485e-05,0.0003114453174870208,AUT,2000,0
0.0018694326613364297,0.0012513753169957826,0.0036225603440480703,0.010836609472452937,0.005794891328865519,0.00025549175389470637,0.0016529413434326272,0.00022710142200993254,0.00017685761951511444,0.024300007422103823,0.003733597778342083,0.004841654188078124,0.0009556563128253665,9.601517516301237e-05,AUT,2001,0
0.0007874551992252457,0.0018814335339470852,0.001200822035623764,0.00023691486024808665,0.0018400087342026875,8.341803500973284e-05,1.4518496607118475e-09,0.0008540684110018255,0.002434852521824684,0.002611810201371623,0.0014269987986738138,0.0015243454372725034,0.0017933552909525606,5.606712130413011e-06,AUT,2002,0
0.002806763974855983,0.003834490655670844,0.004789453891352552,0.00404349158997797,0.007366336802969681,0.0003384780401566068,0.0008122030635292792,0.0010642975943878777,0.0034205778785894383,0.016425643132644403,0.0053736421690616515,0.0060655127323487905,0.0034001004268648743,7.232563530205818e-05,AUT,2003,0
0.0017438196405258628,0.0013474302744940407,0.0031206323841193166,0.002219117594420945,0.004735105051175243,0.00022355672883429462,0.000641026929764044,0.0005710233682942745,0.002836749531560168,0.009698734368113119,0.003532396919407359,0.003833740083268506,0.0010815135856204836,8.751687003095764e-05,AUT,2004,0
0.007853182855780787,0.000282830572025795,0.015506391516204372,0.004203106938432807,0.022520765025312407,0.001150791725264069,0.004963805774995359,0.0014513184065879522,0.030832971971877943,0.030787285789213536,0.018133325346129516,0.01740044185695962,1.578908742718842e-05,0.0011151703870561358,AUT,2005,0
0.0002028777380503969,0.00029602429924755494,0.00038004411665374185,0.0015212105116628012,0.0006008949378126275,2.701620683444327e-05,0.0006578384529639388,4.382546342782193e-05,8.414179873715479e-05,0.002852408729877317,0.0003670365824368548,0.0005087705872660479,0.00026543684350344377,3.886902878345734e-06,AUT,2006,0
0.004604261485956088,0.0003426571174957543,0.009150502362450573,0.005736483874362663,0.013545012202664408,0.0006735620709504514,0.0035653099505564725,0.0006248663977747623,0.010088916516160302,0.02540154316377476,0.010399119985146723,0.010626826424308709,8.118080391981022e-05,0.0005822430222014746,AUT,2007,0
0.0038221002378644574,0.0017445456130531954,0.007133603091085924,0.005530507350221696,0.010711963499435482,0.000517262429775128,0.0026682997226142756,0.0005546313695304262,0.006166410494731959,0.022201280277542507,0.008006314705232784,0.008581689035096634,0.001235645216459337,0.00027331320718861486,AUT,2008,0
0.009068193234111524,0.005789704026335016,0.01625992289086455,0.007433209846774994,0.024345994012047737,0.0011729243765848819,0.0031016008735765257,0.0031008124715081317,0.022591349171067587,0.04162438399461749,0.01872387244862487,0.01950163836970535,0.004472212977741935,0.0005364474247518679,AUT,2009,0
0.0005023087148501729,0.0004258722929769055,0.001152564748198802,0.00010071473241063839,0.0016667736462798691,8.683349400666389e-05,8.77509410459299e-06,0.0006344168132708409,0.0030285298659210673,0.00183249799386474,0.0014233813196486106,0.0012356803029555698,0.0006808303339574344,0.00019378969736272858,AUT,2010,0
2.1873474927009414e-05,0.00036027192174964716,2.049825217739334e-05,2.5408769196199405e-08,2.6159609164324603e-05,1.4901377931903007e-06,0.00023443195840972195,0.00011110376413717129,0.0001434408777000614,4.940042491573248e-06,2.037995844086742e-05,2.3135414619873856e-05,0.00039906175797046084,4.643897559997784e-06,AUT,2011,0
0.0005675942677475216,0.0008775518764971658,0.0009409402250745391,0.00033466637471065694,0.0013869476820229758,6.790066869034697e-05,0.0004866253987430295,2.7550758940275746e-05,0.001701449030812009,0.002050726207568751,0.0010702442335712998,0.0011215439392249361,0.0008020880979148008,1.2334711860660305e-05,AUT,2012,0
0.0013675204019865717,0.002895784758437566,0.002206605071177766,0.0013703340774686675,0.003326908982229348,0.00015675187223247557,0.000961463119414223,0.00012195429610719611,0.002541921913378359,0.006238471415876848,0.0024655704476349133,0.002744038636715375,0.0027410963291434106,1.356643714084176e-05,AUT,2013,0
0.0020939460416420784,0.0018279340657542315,0.003679789918775902,0.0016529807296383652,0.005460311557584531,0.00026640884086527307,0.001381895121818364,0.0002717062051166535,0.0054831157708127715,0.00898581015593419,0.004196361045264584,0.0043799937149437956,0.0015179142004870787,9.565605184584295e-05,AUT,2014,0
0.0010700929319714123,0.0002743550788133637,0.0020063800858563085,0.0008990862257941532,0.0030317664962392675,0.0001445544496390783,8.014532989843058e-05,0.0008672795996101726,0.0026137432601551227,0.005353883425328722,0.0023468869955136093,0.002411701600335712,0.00015580976454230086,0.00010088685646768958,AUT,2015,0
0.0015752373287754463,0.001374399910847009,0.0027663031597522005,0.0015250135246919036,0.004190895985817899,0.00019769854795927098,0.00037573830642511307,0.0007030800636828257,0.003205606270317208,0.00782246465814761,0.003171084250668835,0.003392328369953478,0.0011305508774991867,7.169161520703422e-05,AUT,2016,0
0.00244191604414863,0.001036618046779211,0.004471803399773082,0.0017354693606197024,0.006667342158675396,0.0003240199820854419,0.00070572290626154,0.0009919479836535115,0.006907783809956635,0.010774527773704037,0.005194014090643136,0.0052990473970245516,0.0007181039619381806,0.00018578094610748112,AUT,2017,0
0.0009516741152560688,0.0014481626221370602,0.00158316957700377,0.001091713435179102,0.002468068977953387,0.00011039748255851458,1.596931180964772e-05,0.0009182551680650376,0.001309401165490266,0.005287274430710633,0.0018163533643214382,0.002044432481615406,0.0012977919437200875,2.0814976347926018e-05,AUT,2018,0
0.004012830229348642,0.0010934771532234119,0.007478522872135136,0.0022241486866197775,0.011040601825415637,0.0005459223860249225,0.0013397349923048266,0.0014670220380640225,0.01368750136558948,0.016117219604561424,0.008750917813004933,0.008689322955360988,0.0006515338971548936,0.00037263903681770017,AUT,2019,0
0.0410989314953144,0.014983338284392526,0.07512160505260644,0.015593554231194155,0.11001711161553974,0.005494489904601375,0.015976837105334186,0.012290569056961445,0.16535756871814544,0.14182714084140144,0.08837008569278865,0.08643039754266055,0.009993124679914464,0.003407673877841231,AUT,2020,0
0.009036286638344122,8.499787397284556e-05,0.018336300431835387,0.00715395788617687,0.026483827592301248,0.001371375864107465,0.010619878894077948,0.0002888345997035992,0.03112635532122149,0.03969786560319389,0.021063937448463535,0.020392139270523055,2.6485116989954838e-05,0.0014130574400176628,AUT,2021,0
0.0037107251772235442,0.0005384612594864851,0.008319709551739652,0.006871503250466867,0.01213127402893805,0.000626964628866287,0.006066015900892063,1.7536806954427886e-05,0.007144600980412741,0.024732070209971122,0.009316652140462582,0.009285028143636364,0.0012235396253824217,0.0009104438080781747,AUT,2022,0
0.015323963669107021,0.0029531183084148746,0.028858928101640438,0.005806918711468308,0.04188530264864123,0.0021299033498593614,0.008763347371737291,0.0029303808586381725,0.06565966069977369,0.05228889797322689,0.03389301997544218,0.0325913605557152,0.0015269744971079197,0.0016050727560914634,AUT,2023,0
0.005969427513745083,0.002853644461377177,0.010742334291144798,0.0018913483984115535,0.015624210630596356,0.0007875172960793166,0.003251137860775861,0.0011003071538141858,0.02581764144553685,0.01880432378702105,0.012610483782052864,0.012272445044863668,0.0020757580158860876,0.0004326672088144417,AUT,2024,0
0.004821255085578749,0.0005314512431867543,0.010394206705608517,0.036672389666514545,0.016206184782715988,0.0007559571481849938,0.01399588890012813,0.0004294499576580369,0.0011982318035933322,0.07198584857927354,0.010362247139914205,0.01324143786838019,0.00017882618394069358,0.0005209833854179335,BEL,1990,0
0.004666928469675261,0.0009717402862965813,0.009421968681730529,0.014562152416294634,0.013955420175639282,0.0006984466365992392,0.014219281156970558,0.0007905781612210828,0.0027950516508591537,0.03752681761322803,0.009939350344043254,0.011107201518492251,0.0005252387363072953,0.00044747790876135187,BEL,1991,0
0.004576103338014155,0.0020447375518554186,0.008815800284467103,0.011461966991125725,0.013096908080647555,0.0006481530604189964,0.010807136380467883,0.0002794179278079274,0.0039017066303695417,0.032582962718229906,0.009423705081007476,0.010492988169679116,0.0014603824289376596,0.0003219033987704236,BEL,1992,0
0.014862917313531386,0.002813320789355146,0.028519239646847203,0.011915219260493852,0.04157082923948889,0.002108559584675297,0.015189016503077676,0.0007090250662417736,0.04601915138250079,0.06465077206323433,0.03261572129477417,0.03251228872485646,0.0014450025853639673,0.0015409720152758616,BEL,1993,0
0.006068651525391941,0.0006145848715119996,0.012073705992207669,0.008273572269648605,0.01764929949532257,0.0008965275700294229,0.009387107038586915,5.129906650642674e-06,0.013277605171549236,0.03295305075439344,0.013497525053482744,0.013808413013455412,0.00020837932855743567,0.0007221830215658334,BEL,1994,0
0.005968268571017626,0.0020055027539011812,0.011282058180345899,0.0060407589174709475,0.01643097751515143,0.0008341763878478585,0.008920831144964045,1.5361815496439228e-06,0.015818166650897844,0.02750491763637352,0.012680136843101313,0.012931046979155534,0.001317979819471038,0.0005000841792027629,BEL,1995,0
0.009532304424132242,0.0010866835769091038,0.018623091913781146,0.006941090591199147,0.026739114987364063,0.0013923373300017982,0.015034717981864553,1.601317459198896e-07,0.033928891174007984,0.03836649635244917,0.021219204291571963,0.020702836843258385,0.00041596811537527364,0.001123212977839878,BEL,1996,0
0.003265664813455515,6.987993655334697e-06,0.00704781736282928,0.007903982577995072,0.010312617233617887,0.0005289383301962992,0.00801504729707863,0.00015179302493043207,0.004101543660791839,0.023770144407494833,0.007672813530012024,0.00800963390541531,0.00014377300993419787,0.0005781120969961136,BEL,1997,0
0.01026546102651689,0.0010913163392375716,0.020370532201132413,0.013802208708462398,0.029843830672793607,0.0015099297555472518,0.01445764938676556,6.724154570724637e-05,0.022367274582718987,0.05581735964480232,0.02282436956122217,0.0233739207009992,0.0003834728710344431,0.001210456425258241,BEL,1998,0
0.02656449621347663,0.015183444245582775,0.04877335684292291,0.030587732719351043,0.07210938718747326,0.003562507358864626,0.029130147984828828,0.0007554165789655201,0.05707054200100763,0.13232501002966296,0.054701411009346994,0.057503276079354175,0.011534196857121017,0.0016705437308301957,BEL,1999,1
0.015596036777289412,0.0001663294119371048,0.033919623540501785,0.03964061015560532,0.050081480481831836,0.0025335733614962105,0.029744916460241147,1.9536439790141005e-05,0.01700945222963185,0.12021421844043911,0.037113229572078014,0.03898327999394701,0.0011693272028630312,0.002924190281194041,BEL,2000,1
0.020601483793917207,0.0006837892046631459,0.041631970971551184,0.0231384494900256,0.06054867506173155,0.0031033095184333707,0.028308026958456137,0.00020749512998343464,0.05502954844887646,0.10387576088381321,0.04710401336014762,0.04698998309764433,2.9510024357718306e-05,0.0029043944137543422,BEL,2001,1
0.0021399627205307124,0.0014877151915636275,0.0036837395336213313,7.046734880508629e-07,0.005042741566585045,0.0002777171204498008,0.0036581918163266277,4.845715457123887e-05,0.01829099146440638,0.0024308481558415144,0.004394014733034145,0.0038563090336796338,0.0012175834608962554,0.00012573807526060967,BEL,2002,0
0.0076256591471249,0.003464394198881882,0.013332144275469332,6.619788491030624e-05,0.018548943068106255,0.0009959856258463082,0.005279283555032067,0.0006913202542273931,0.06668470172307062,0.009074695103341406,0.016295167452003764,0.01417737427156515,0.0025372974936905546,0.0005901424974873488,BEL,2003,0
0.008326122044029145,0.0007532631430573176,0.015765388275429195,0.0004154174089965526,0.022203202774869108,0.0011824841338765042,0.006244100034770536,0.0008616345795770487,0.057750144594559585,0.01725608918075184,0.01895947224100917,0.016893534876639027,0.0002402687958516986,0.0010595361221888,BEL,2004,0
0.015775839951341863,0.0009076478196534205,0.030188149003184003,0.0009918003508409981,0.04265015275348762,0.002262834458079136,0.010424557712662343,0.002255349878942427,0.10666518283029942,0.03467684466248981,0.036340187884950775,0.032434593168619366,0.0001675376775325544,0.0021573662165270545,BEL,2005,0
0.021812042157693067,0.0008158271816301483,0.04191201818322441,0.0007025096825466252,0.058931470265240385,0.003150429242299702,0.014355303509195744,0.0031334150249299167,0.15934500651187622,0.04363382161992789,0.05072041348428349,0.044610206021446996,6.169905014483706e-05,0.0031575011557726245,BEL,2006,0
0.021774357039304134,0.0006287312417504169,0.041601626088044366,4.016969250856041e-06,0.05782813069425893,0.003142209558892669,0.014127408921479742,0.003045711173228741,0.19053286346601672,0.032455296343042374,0.05099255499663221,0.043412847136492926,1.850959694880828e-05,0.0032633723720793444,BEL,2007,0
0.05536853737182968,0.0022889653490229807,0.10696260686818862,0.004863574128489893,0.15092461628520287,0.00803552485773279,0.04359625840783608,0.005487592365522544,0.3640862201402583,0.12768252881842548,0.12813847843603307,0.11463499839855819,0.0002254590711592705,0.00788201872223818,BEL,2008,1
0.03557139270646635,0.004208489380304071,0.06780879489316775,0.009028782648606307,0.09712637295380437,0.005048352647432524,0.026882064104194213,0.003942328465598989,0.18165116022824304,0.10533956226504389,0.08003284044141365,0.0748082223093943,0.0016379486702536748,0.004235898763603299,BEL,2009,0
0.018837265551489728,0.000108771699223156,0.037982580143154886,0.008102675628515717,0.05390801199809498,0.0028647024162536013,0.02598376076487439,0.00012477483393388649,0.0898433655981259,0.06397942764693436,0.04415638518711965,0.04105719750725107,0.00010373225095813462,0.0030411815563612943,BEL,2010,0
0.019415139589154598,0.0008606985211585571,0.03798491322790275,0.005252204887456199,0.0538648849764168,0.0028541768389929558,0.022028529317420453,0.0005155688709196106,0.10346452397659683,0.056975500899491265,0.04459297488586774,0.041130030262275866,9.98229096742964e-05,0.002712167354945185,BEL,2011,0
0.011633614970252393,0.001610362239974396,0.022222656433381147,0.0029014320224342517,0.031235238949941783,0.0016747011181770452,0.019184923451946466,3.662642667160056e-05,0.06401588927513006,0.03119580794597063,0.025855313358645115,0.023894612701409454,0.0007226615449952192,0.001333862195363998,BEL,2012,0
0.007103547518792296,0.0032188130788478406,0.013120404688947469,0.004185004715422464,0.018652213220806183,0.0009806773565122367,0.015511926591687394,0.0004259285578538317,0.027602130260157266,0.02427775872565574,0.014814029932004556,0.01454530184274456,0.0023543466997108364,0.0005210094020658157,BEL,2013,0
0.006894614112472828,0.0015684406352404,0.013214073978178136,0.004978435316491412,0.018808397907121212,0.000991454619298855,0.015311962559016817,0.0003791171354792787,0.025143228574374937,0.026142817278747434,0.01489671898678795,0.01458341342168391,0.0009054238983092325,0.0006745462856281281,BEL,2014,0
0.007544222172909394,0.0003127417910939818,0.015368970063979933,0.011208348162842515,0.022318913372936698,0.0011492769873762997,0.015070004724774292,0.0001012011702040333,0.01636362476068213,0.0420626190516248,0.01707171869499693,0.01735745548428734,2.9249087869589792e-05,0.0010289126525510868,BEL,2015,0
0.014847660072438262,0.0012737741268326974,0.02965372814016002,0.020110542093533457,0.043327644898958684,0.0022033509198772696,0.02281986276973524,1.7879097301513055e-05,0.032910774160431415,0.08055919709818785,0.033181233835673445,0.033860746449435326,0.0003697755515074236,0.001824117406283108,BEL,2016,0
0.0023415764455781297,0.001645232010277084,0.004504373054023543,0.008509140979963067,0.006640687363904884,0.00033377995121939115,0.011086680440112127,0.0016367838336259646,0.0008374486611252424,0.01922676481063202,0.004589115085343376,0.005357593738553922,0.0013275688368060065,0.00011864825811911119,BEL,2017,0
0.000943042529261666,0.0016541803273807502,0.0017320009281335863,0.0050701762143867965,0.0025364547516057707,0.00012881220077843808,0.008627007106215457,0.0025408287126715994,1.6340393497465704e-05,0.008985614072675209,0.0016377442440777244,0.002088938841286798,0.0015587511206489168,1.253378972201944e-05,BEL,2018,0
0.0011712601927037622,0.0004630996817142044,0.002233102522201144,0.0010396226215719406,0.0030699617325509847,0.00017128687704331575,0.006795366441872575,0.0014090952806312127,0.004442146925090865,0.004047597314570227,0.0024158766703928705,0.0023628033711851457,0.0003359448192635828,9.061740695737174e-05,BEL,2019,0
0.01558543343383845,0.010586906647726414,0.027560436725777147,0.005515094122768417,0.039860665400439366,0.002024593200625881,0.013946894671235135,0.0007985238575899218,0.06564708973829451,0.04814194697750845,0.031969478759644114,0.031409337079695517,0.008432161386810204,0.0008970049833119286,BEL,2020,0
0.001170331720978624,0.00021075680305632626,0.00266659066384134,0.0011973202859701566,0.003554980050494341,0.00021209537210182297,0.010036510207445658,0.0025859441777712562,0.005640833593593216,0.004340849204101656,0.002895448544043347,0.0026037513215519223,0.00042432809546615855,0.00029961949561577823,BEL,2021,0
0.0008989514801308761,0.0003511101173852124,0.0022007304555626737,0.0021938481892668955,0.0028745970970671846,0.0001790665632691584,0.01512590647204386,0.005739738811188306,0.002805467358382973,0.004707011526557435,0.00224161801031374,0.002087712286551049,0.0005930667308221695,0.000266031293976871,BEL,2022,0
0.005328569376800832,0.0012632044210362696,0.010208032916588573,0.0036011090546599163,0.014407018189241977,0.0007697988720471533,0.01438866354193553,0.0007678451614907836,0.020792615687934075,0.019034697347397142,0.011465477330283079,0.011132398877560472,0.0007489473981258776,0.0005144016594543463,BEL,2023,0
0.002861188315953782,0.0015210296830943648,0.005251406293922002,0.0015833710673085134,0.007373503687719015,0.0003952536552118454,0.008566985085570711,0.0006770527265304988,0.011935014764051975,0.00899632899755657,0.0058788896854453715,0.005731654415045561,0.0011687135497058683,0.0001913439764405572,BEL,2024,0
0.0002051656885214459,2.9923166512543033e-05,0.0008223802617916277,0.09037746550801451,0.0026720487411714127,3.6720296772862294e-05,0.005672451144256738,0.011087827928718248,0.1354372016239552,0.11532310726918575,0.00037360092177428096,0.002956189616404291,2.745770152393693e-07,6.495485997560012e-06,BGD,1990,0
0.0005746346430236655,0.00023116088939769116,0.0017348953275278635,0.045067091902538915,0.003866291321378438,0.00010326599379176114,0.003583685354518589,0.009603278248662972,0.047597877136576254,0.06868084353413077,0.0014453236020509918,0.0036321565602240686,0.0005126434039078123,0.00014008414458335986,BGD,1991,0
0.005905724167822912,2.2544568005578857e-05,0.012691972864936552,0.03544161251468185,0.021027081230503106,0.0008823751419455227,0.00041819541620414076,0.0139944216923717,0.001187479762051342,0.09151256901085167,0.013860669599203458,0.01735937901774959,8.20163235621757e-05,0.0009068197567438845,BGD,1992,0
0.011147908025257211,1.9305056179239153e-05,0.022824733260337297,0.011929012333925092,0.03499878290513101,0.0016449873205993054,0.0002888991933908181,0.020601410120479686,0.023072484743476278,0.06882304791277495,0.027140649342624314,0.02752372694645232,0.0005300038217126668,0.00201942285969551,BGD,1993,0
0.007579758247463609,0.0010697343284744906,0.017048489187309643,0.02900196158199722,0.027251941540895913,0.0012151394279705946,0.0003586701539790158,0.017049766412854158,0.0006818884566545404,0.09089587923228364,0.019323861387944615,0.02178681480271106,0.002621243910654027,0.001826262439688914,BGD,1994,0
0.004007570597356544,1.4044307571137023e-05,0.009025202855974364,0.049457134042534094,0.015790940157115827,0.0006114522810110772,0.000697548036371724,0.012253136003459281,0.013917082332456995,0.10209582165794395,0.009291198885706495,0.013432527744019193,6.810051758998411e-05,0.0005909573306947137,BGD,1995,0
0.0010408193920973684,0.00027076112423637374,0.0015593677511792834,0.016914216920784222,0.0014886450716026292,0.0001354792619880417,0.005501586210710306,0.001769815842827002,0.0738849483604109,0.010496764172945351,0.0023683276870785554,0.0008709111679725856,0.00020516423796262877,0.00012323488542136812,BGD,1996,0
0.007117086157085445,9.9355747451722e-05,0.013553142651710296,0.0009873305589413828,0.018126732299181995,0.0010444904682378586,0.009473816657095735,6.861771690174385e-06,0.08764028073565197,0.004506859846985133,0.01680937097197207,0.013290617502594778,3.06539603734002e-06,0.0011440630116897027,BGD,1997,0
0.007052321732947523,3.0162257964595143e-09,0.013472171828653757,0.003307355140324979,0.017696930236343323,0.0010469637057652229,0.008518701874407364,3.6520422300398836e-05,0.10892620291867132,0.0017488400497068398,0.017097784761724015,0.012758104361351082,0.0001510371772558849,0.0012981534187297553,BGD,1998,0
0.017168204954911684,0.0006934577414204943,0.03191732954833195,0.00416247182396167,0.04292278182312645,0.002442504658555971,0.01386739721604676,0.0011054917465691482,0.22177086032096524,0.008735944264061987,0.04019471369349613,0.03158741195113565,7.813065582181001e-05,0.0025335027017014526,BGD,1999,0
0.02865771560834037,0.0016019050934679686,0.05364382154739044,0.001158603424547103,0.07382653628279541,0.004061101414155702,0.018202804972455498,0.0038012280579965375,0.2908730965790891,0.03014834230712889,0.06650519787878996,0.055176015505620415,0.00030196523708051756,0.004012760952857826,BGD,2000,0
0.035819399545174636,0.011155123473015442,0.063248468834985,0.0028650562047645993,0.08690762052259166,0.0047586029703410885,0.023643113397558795,0.003601249507149799,0.3726136488678009,0.029758134541337276,0.07846161485398741,0.06561498463526685,0.0073279302942097215,0.003330752588710719,BGD,2001,0
0.05641577269220596,0.0019562983073942064,0.10737849708381843,9.65147474141902e-05,0.14893604109136066,0.008116096618902814,0.038077333314274715,0.007144591631293088,0.5057293754284179,0.07964879322344508,0.131749722296066,0.11172832987281274,0.00012568764264971025,0.008310219727136806,BGD,2002,0
0.046289865692446315,0.0010368470250082184,0.08813510633922367,0.0011840095202917762,0.12127918480870237,0.0066875208593217906,0.031819597466629594,0.005488836506043951,0.4616380315126658,0.052922322156540205,0.10898260879654664,0.09040492327178407,3.3764634893626557e-06,0.007138230368776809,BGD,2003,0
0.04900264007575031,0.0004985689809753829,0.09247166396640218,0.011609249714483752,0.12497671628156606,0.007066828453787102,0.029557103397805234,0.006941738175150252,0.6291491436106874,0.027587855618389924,0.11702190817313136,0.09184485893528964,8.806667728871302e-05,0.008076549370684834,BGD,2004,0
0.052366645983706564,0.00010514532518175327,0.10048308656674598,0.007259735537579829,0.13599624412637426,0.007694268096608396,0.04076483513110232,0.0044076306261082365,0.6299861858990061,0.0380383752653786,0.1258741881906169,0.09996971427668004,0.0005558285820128442,0.009112038928214156,BGD,2005,0
0.061255097994361296,0.0005921229436171212,0.11640344469313221,0.010745841814112748,0.15656267563234538,0.00893433058081487,0.0574090171791218,0.0025157907538031843,0.7655432603455254,0.03769355008285958,0.1457369887117284,0.1149166791895599,0.00011733903593126446,0.010087091793407948,BGD,2006,0
0.05597558971321836,4.330359917659585e-05,0.10599549738544398,0.03116877904706322,0.13922851224052116,0.008225047500307054,0.05865258746658527,0.001034425837891671,0.8904040061898161,0.011182657979999979,0.1353482065325742,0.10037664621662876,0.000768412689061382,0.010049016414471508,BGD,2007,0
0.07517975102792422,0.0006882631510721987,0.14101339546885044,0.03941641036802991,0.1852383482321228,0.010932820728969346,0.08524799174730825,0.0006526498759798271,1.1749617584090057,0.01563122255840619,0.1794363629448527,0.1339275810392609,0.00014100386829940076,0.012559885395279597,BGD,2008,1
0.07653756004280125,0.0024843990727728086,0.14256426659693738,0.027380384729303382,0.18844711984371174,0.011016073908537581,0.09563958332092085,0.0001529283998937035,1.0946972324740505,0.024618177715257546,0.17946568930492054,0.13731186308981838,0.00017555042268030974,0.01160010491751909,BGD,2009,1
0.062203137774834154,0.0015854910767787308,0.11378733067108963,0.062471288477542554,0.14709012961835088,0.008859758706754378,0.06732700625817356,0.0005340202491076081,1.1481391953357731,0.001833656805795386,0.14742993418086137,0.10537745198016676,4.86982386132848e-05,0.009808423163740155,BGD,2010,1
0.06770424289270012,7.807946877813313e-05,0.12707420061295266,0.05688923388370637,0.16484993770063502,0.009909304999500202,0.07602114042616755,0.0005598749850831268,1.2036599354608402,0.004797730270676548,0.16382629971993354,0.11789819110997868,0.0008018166065976795,0.01215466933381482,BGD,2011,1
0.09183678554382808,0.00028279686909303114,0.17429497794905424,0.03688842045956684,0.22978134261767227,0.01351240235909321,0.11132970312634037,0.00043373438903688644,1.362703844311118,0.02725836574285483,0.2203416452782693,0.16638136774333823,0.0006988803853131042,0.0159470611567547,BGD,2012,1
0.0772498961044539,0.0009048644340351702,0.14480716053335146,0.0379026576671598,0.19036410529343192,0.011223595324340068,0.09060436794603972,0.00045479685364638957,1.189235398541043,0.017473546757009486,0.18384950969510588,0.13779208793320283,6.81324858318146e-05,0.012721067090694808,BGD,2013,1
0.054553909145447006,0.000634918065398531,0.10194137160293043,0.031237919454396513,0.13369119194917176,0.007905778646190055,0.061132932438172784,0.0005015121819208191,0.8692955654877231,0.009753992829782357,0.12999987646883054,0.09658281889699048,4.8725043549080146e-05,0.009008079621127478,BGD,2014,0
0.03870289744635605,0.0002662802876665524,0.073761084999361,0.010267534503342909,0.09720218764633476,0.0057285858907697865,0.06272135070378346,0.0002874142846475417,0.5376959908848016,0.01544149604360716,0.09198637898289914,0.07056453668998591,0.00012420816939325252,0.006493847335254314,BGD,2015,0
0.02959149531173374,0.0006242598293369207,0.05481578210873171,0.015800744750280638,0.07279747592738804,0.0042159985888596905,0.020712485139575857,0.0026820251488077203,0.45092251778770504,0.007015418434815096,0.07028513204849078,0.05298102027240166,2.00056624795383e-06,0.00469305101193359,BGD,2016,0
0.028610982019529035,0.00039520225363883036,0.053248904598055265,0.0134625831160178,0.07133069111526885,0.004077825096245219,0.014320214944612615,0.005206355817695962,0.4184859230299972,0.008930844659716936,0.06839610176154594,0.05209488434969403,1.577035972131411e-05,0.00467042890091805,BGD,2017,0
0.034108706648943596,8.375020687857882e-05,0.06547029643143797,0.004765797013461979,0.08831471979015033,0.005023565153127324,0.030982590396010805,0.001706989562872651,0.41403832722549566,0.023915380588809185,0.08182339147939803,0.06483445076308332,0.00032199991619553736,0.005904155488185955,BGD,2018,0
0.03818734557002463,9.112289497170058e-05,0.07412131996229142,0.0005065357058096947,0.10201262422427844,0.0056373910184895504,0.02795688901697136,0.004186996598007021,0.373457239263153,0.04779557903417049,0.09143286468386637,0.07582397981065729,0.0003887172655528382,0.006552016358921415,BGD,2019,0
0.05523908934632494,0.002810862027289637,0.1039624983298446,0.0013922925611404456,0.1428252267387564,0.00788676131941926,0.04340764112246584,0.0044715251398745395,0.5487399530194013,0.06127770251283823,0.12816842356251587,0.10668484846483377,0.0004619707298292296,0.007814790854625532,BGD,2020,0
0.03240013920721066,0.00011268117342824578,0.05955644610264553,0.04363367420779774,0.07705161515560736,0.004630629241747816,0.020405658800570645,0.003336474911675105,0.6482514650538537,0.00013552016925934252,0.07867233597949738,0.05487940626717765,0.00022038655250224736,0.005728733849166059,BGD,2021,0
0.03259470001977531,3.9711025771231645e-05,0.06352813712793347,0.0036200193783781955,0.08596057804094932,0.004875020841327458,0.027514234411973492,0.0022971711081076806,0.38629619532996173,0.02595358391068899,0.07936360681611485,0.06303951357829983,0.0011695830852709408,0.006142616111428017,BGD,2022,0
0.04012827609012694,6.003578818098589e-05,0.07845894019796407,0.001842344904539866,0.10788901630830086,0.005969722776627604,0.020922597476913496,0.008366499491994183,0.4232181848760014,0.04424657335273403,0.09792768604919501,0.0798041461164794,0.0015479552876991123,0.007564242752775919,BGD,2023,0
0.05620239247173105,0.00016610824223187214,0.11040820052820999,0.0014831321478815719,0.15471798645983292,0.008334763684708962,0.03783398019106186,0.00816782397736207,0.4272839715765145,0.1113385532212905,0.13398529812490143,0.116354515879794,0.000533179613948667,0.009485348092753433,BGD,2024,0
0.1522833031287591,20.65744055160922,0.0005438505797456103,0.0020153751844203503,0.007195513460579566,0.0002912719849858528,0.002713039563040038,2.5521706541639497e-05,0.030002286657108357,0.008666465313436662,0.0001519620597074959,0.042873783854535025,23.689053665200547,0.6752728336667849,BRA,1990,1
0.0031134683923463398,0.026239978956714028,0.009802189191582038,0.006587568447355483,0.01450308702225841,0.0007535925864719527,3.5656079418038717e-06,0.006540530368472425,0.007548871487039656,0.030438338086766388,0.011778908049336767,0.010441227545758842,0.034383395307397466,0.003393144684554085,BRA,1991,1
0.0237552408665537,2.041781972447141,0.002637170535458806,0.0001479296687274978,0.006249005601470398,4.466712500740326e-05,0.0009260933623368756,0.0005979010808990231,0.02050287267696517,0.005273413822597227,0.0020333278636139682,0.012220997573575823,2.326120502692719,0.060036407286499206,BRA,1992,1
0.04969442505204667,5.434374030960733,0.0017537552258168614,0.007355353453101296,0.005670865811589232,3.229017170621349e-08,0.0031193728346514253,6.8904797795612685e-06,0.057870380457634714,0.00010641079684207925,0.0008759438400262277,0.017363094406377476,6.217214436306158,0.169193711050182,BRA,1993,1
0.010768557917097386,12.357176235785584,0.06976793635343705,0.03170582022927008,0.07564706947964822,0.00811606226105163,0.007360375227594178,0.01289648875473983,0.06872107481116406,0.10733150312022544,0.09988750457634467,0.019184583788828934,14.414056914739012,0.5161113482661467,BRA,1994,1
0.03888359149211073,0.010034832739398194,0.0717625175679608,0.008919833979128551,0.10398094839817137,0.005283917212175503,0.016240658925051128,0.010717986833762464,0.18989059057763305,0.1153388516341582,0.08524828824119819,0.08091495416185474,0.005928962074046631,0.0037330007485207517,BRA,1995,0
0.021350203514795156,0.0006637757132843891,0.044152738492487915,0.0052136984752448,0.06312705745289582,0.003318236773838947,0.0110411236425465,0.005697978712611593,0.11837800090819378,0.06796168065918977,0.052846203043848,0.04771340840928002,0.002633325673444711,0.0044860128090379635,BRA,1996,0
0.011104875528351136,6.8807049924515706e-06,0.022312142369516647,0.0014481368833973666,0.03158316260359267,0.0016805947449770628,0.007575249670549582,0.0017384971531645005,0.07035689005749719,0.028990899827275016,0.02676960812796461,0.023851418867450926,0.0003794341815645359,0.002019423433438408,BRA,1997,0
0.00018723499061349506,0.0011337855659780318,0.00025463541943723285,0.001092382146059069,0.0005025766230249083,1.4684772348368295e-05,0.0010732499503529056,0.0020563978948848777,0.000351805290021553,0.003122474551927937,0.000283931330321381,0.0004780035602818296,0.0011361324276534118,3.0288681679653153e-06,BRA,1998,0
0.00010501376659664527,0.0002524297346459757,0.0002741993775857293,0.0007608919503218404,0.0005066118378756489,1.792801457181138e-05,0.0016411657736724549,0.0027597031320166963,0.00014601684697864115,0.0026281461300291147,0.0003394697751131336,0.00041719456377075015,0.0003812301087970108,5.8111287726570224e-05,BRA,1999,0
0.00019664663682574863,0.00023575446278378974,0.000396963594519263,0.0030550401573057433,0.0003749136762458422,3.59613235160178e-05,0.0020105304396302237,0.0007848677751442634,0.015388566966049752,0.0019014220557556966,0.0005787957407346014,0.00020378081007477018,0.0003265498604511896,9.398183627549291e-05,BRA,2000,0
0.00022303327831584254,0.003946955130980651,0.000229789494073407,0.0032334347873930374,0.0005314099654014297,1.1228608280971682e-05,0.0011870631468707277,0.002245688475935568,0.0028049403796142694,0.006343225206225513,0.00021242345983684115,0.0005737731664833422,0.0042151398856163265,5.983193062792753e-05,BRA,2001,0
0.00013342817067691254,0.0017323429538776132,0.0001294612278220665,0.0003511170608819779,0.00012268011968740727,1.0900267630276062e-05,0.0034954541115453865,0.002176684545864345,0.0036087136976492543,0.0003048270643864023,0.00013932019709888933,9.130301989523668e-05,0.0019356313291424467,1.6373672080873346e-05,BRA,2002,0
0.0004575288644063763,0.00039627992600479523,0.0009882787010629267,0.0013830195469822092,0.0011285643485832019,8.345878774829087e-05,0.003026277364525626,0.0007586887025346483,0.0154553660313717,0.00026782291034841506,0.0012868060849762154,0.0007224600394079073,0.0005880422686091127,0.00018652426012871794,BRA,2003,0
0.002073361991578447,3.266239374133531e-05,0.003994370740465185,0.00018149699044428156,0.005233282763677102,0.0003122739132996272,0.005967913093199758,0.00045835926280579967,0.025702130170471755,0.0012394926533403146,0.004840441683532376,0.0038074541906241055,1.3048590562040687e-07,0.0003287430882190763,BRA,2004,0
2.4739813613006752e-05,0.002046121181441061,0.00013285606749410467,0.001322556059473197,8.642601389504961e-05,1.4943088335283794e-05,0.003343100954953995,0.0021761605462045234,0.006928802982381736,0.0013527364560802196,0.00018556822871867103,2.4616207860534187e-05,0.002402884918121063,0.00014835419990173228,BRA,2005,0
0.0017282873046505763,0.0008445199260148084,0.0038268089162371423,3.2644055793778934e-05,0.00501717852104515,0.00030369660318875833,0.005202128559850386,0.00031260441578940255,0.021203406750352725,0.0017266369787653192,0.0046405645090494,0.0035567242396561958,0.0014097389356983406,0.0005735679252386012,BRA,2006,0
0.014645426319054066,0.0003651616699579642,0.030299171025294676,0.00377687968002026,0.04304695930243877,0.0022866043510520735,0.011501584869092736,0.0019014933439780628,0.0821003498982692,0.04565966806440286,0.03602779442855247,0.03247592978099121,0.001591525407552506,0.003020090435917564,BRA,2007,0
0.004323367269281982,0.00017193456561368062,0.00896367928308642,0.00037578596020876326,0.012381088497186209,0.000687352581444996,0.0066176142131647376,2.3494219867637546e-06,0.032154070149696505,0.009569398229702172,0.010682608678877143,0.00919007431311304,0.0005903797085614691,0.0009328254941312227,BRA,2008,0
0.017307485514411924,0.0007962533654120857,0.0361698955807603,0.005550252156148866,0.051742999580009975,0.0027218907618180264,0.010649183846871885,0.003721490990756498,0.09018615354812227,0.05916585113532113,0.04303527673779661,0.03910584899386403,0.0026663364988311804,0.003758987741234998,BRA,2009,0
0.022098856895590616,0.00043787202381279013,0.04384086790665285,0.008434315976040956,0.06282760652021646,0.003279771800972215,0.019196752441640434,0.0019781696542018066,0.10394937540086285,0.07507459902279245,0.051443333131337726,0.048126422752653907,8.16348431178372e-07,0.003331425422854368,BRA,2010,0
0.009482730219867275,6.746167684751441e-05,0.019652830459112206,0.005014277820731259,0.028058443044122902,0.0014816850586029185,0.011018078829705576,0.0003408074178582066,0.04205670088823932,0.035960651141761814,0.022884421985912746,0.021325179261525384,0.0005909512108751195,0.0018040247814024996,BRA,2011,0
0.01129452363028283,8.158055557759036e-05,0.02288539153628442,0.008196575310791215,0.033120148617465886,0.0017085919631320441,0.011006429253404235,0.000809039879239461,0.040247919027573714,0.048690832208098146,0.026442471782905857,0.025500013098022013,5.1964422769731975e-05,0.0017931525957876097,BRA,2012,0
0.011902226237620082,0.00045922482345854787,0.02355855098585486,0.00764384669361883,0.03434064100617283,0.0017457969047471422,0.007679765213722687,0.0021613527599910003,0.04255378130448759,0.049969670901407186,0.0274182511017633,0.026601940277113434,3.16864997498229e-05,0.0016721154351418746,BRA,2013,0
0.01677823695597918,5.297118530137148e-05,0.03470502508761149,0.012693706411744037,0.05054217014779706,0.002586291220971892,0.01114252219977672,0.003266742447001373,0.05800626425733454,0.0767364495704404,0.04038577771517267,0.038836652057301885,0.000833050821793141,0.003090148385116674,BRA,2014,0
0.03129411686506888,0.0001647223206788576,0.06392322321684338,0.03578351679854424,0.09470172445876875,0.004713628116401868,0.01631826643083949,0.008773907196093948,0.07539428727499858,0.17247478863505,0.07352912834438856,0.07377545635793699,0.00022955201747719471,0.004998596655507694,BRA,2015,0
0.04731378042838066,0.00045083779606923754,0.09845810002276308,0.039243964282172424,0.14458134278884482,0.00730511100483405,0.020626389479032746,0.016550967401271002,0.1504005118035439,0.2315822457527546,0.11494982229192814,0.11137657536968533,0.00343951742056611,0.00907611921309657,BRA,2016,0
0.05364349027170652,0.0001876264508632612,0.10843131115909278,0.036929137323233954,0.15903900784192304,0.00802215390132076,0.0224531352102964,0.018373397906585914,0.18387320909640809,0.2407782596876915,0.126938003296506,0.12297342404064576,0.0005267931647714694,0.008780554306192576,BRA,2017,0
0.04892819581862033,0.0013555052128653344,0.09754192331381749,0.03762515551773619,0.14323171666042311,0.007204178854533133,0.025463836474934276,0.012715177406559358,0.1553740085822542,0.22482721826728166,0.11335746293735986,0.11127408379152111,1.528725814629494e-05,0.007095178757593756,BRA,2018,0
0.04229700653824968,0.0003918396339384383,0.08510442388106329,0.029808030561560003,0.12466220309082027,0.00629931659616788,0.020899599044005988,0.011907148687621202,0.14354778051574796,0.18920623630219366,0.09932024830479855,0.09647478197462703,0.00014406425807461087,0.006645579628112354,BRA,2019,0
0.016902010057146137,0.0004427114648092753,0.035908662638929945,0.021394981571187435,0.053202964878993196,0.0026592317046887685,0.00815182256611015,0.005663087839664009,0.039307778258917965,0.09980459361326303,0.04138048942966047,0.041156195795967285,0.0019607595706013195,0.0034254320487768467,BRA,2020,0
0.015169258762842565,0.0014266944323542562,0.029465928932237106,0.009209133310895705,0.04294616860920101,0.0021791084610433198,0.010192624416622794,0.002426808131206435,0.0547104566583162,0.06151059805517995,0.03425387100888325,0.033385317057105277,0.00044628450842115834,0.0018690554346175137,BRA,2021,0
0.02648839838215426,0.00012418954920422607,0.053238349674626075,0.0130612721190487,0.07714256706330942,0.003962981991247555,0.015516854225125925,0.005751762093129733,0.11023580267822067,0.10239541554453027,0.06256497026492179,0.05927705818566884,0.00019961046675958782,0.0043118031372177635,BRA,2022,0
0.062319132794409475,3.782012018445796e-05,0.12689338405635409,0.042194140627572665,0.18487156426803486,0.00943527198792245,0.03767427998157437,0.01354258938077206,0.22380506840516476,0.2723688594443465,0.14806374465798558,0.1423797513700438,0.001138585582181548,0.010578596120611043,BRA,2023,0
0.05399764234769721,0.0005007806518661585,0.10834233565836081,0.03103901838429542,0.1575137851900185,0.008050187752686136,0.0320689573448431,0.011540084600703594,0.2078984061545868,0.22027217537581129,0.12679637784979547,0.12140229581475487,0.00017543998377812897,0.008508670449772143,BRA,2024,0
0.000996507699593471,0.0008594168883156871,0.0017389214251241941,0.0017579908419436407,0.0028687349786194866,0.0001174508875736333,0.0008879126152716314,0.004084472009262766,0.0004624793169088301,0.008055923389148128,0.0020502467379585106,0.0024048997059290004,0.0006771462044052027,4.526741209881709e-05,CAN,1990,0
4.857098422712952e-05,0.0012190666518732563,0.00017779847544014405,0.0006273005368543622,0.00016198430933257572,1.7349007087537025e-05,0.0018013740307622845,0.0009126379715004863,0.00471309232493332,0.00042150411319851654,0.000237313030447201,7.698067476699285e-05,0.0014740378006634761,0.00011467741685125066,CAN,1991,0
0.0035285015542566396,6.560619326489466e-05,0.007109381856461805,1.2192430372528869e-05,0.009672837907108557,0.000546950127231281,0.004516577762720741,3.1020301161925216e-05,0.03504908992372676,0.004598458263252839,0.008681093256089165,0.007113383474738655,0.0003164265345453458,0.0007264689635376789,CAN,1992,0
0.005610230946584119,0.0005197391722843404,0.010848682048786877,0.002014615730270513,0.015483703132692218,0.0008114448293620561,0.0062429620250733075,0.00016139412196534316,0.026731198583145557,0.017922664248751604,0.012655712163798105,0.011906237020810426,0.00016743971685968768,0.0006980490766626499,CAN,1993,0
0.004011397455845839,0.0006661309614635857,0.007500375704924556,0.00022981765426253597,0.010462015620363457,0.0005653096693921334,0.005090250151348961,2.023314286647044e-05,0.028037318713389624,0.007846907273425754,0.008915733067460196,0.00796083786765471,0.00033299176748297917,0.0004452216984442809,CAN,1994,0
0.000588769652554781,1.3043827747183695e-05,0.0012021952717337185,0.0003174787054134852,0.0016207275895362755,9.378488779584222e-05,0.0035104357956790293,0.0007124318895173862,0.0031956097422477076,0.0016679905528816218,0.001331390820357292,0.001212231944800774,1.6788620506326717e-07,8.686388923240883e-05,CAN,1995,0
0.00033358537439692005,1.906293311820156e-05,0.0007149712086592752,4.043609565585076e-05,0.0009246143982419158,5.725346831727111e-05,0.0025726422097676264,0.0006574890692053382,0.002976267685424309,0.0005313026193476466,0.0008084602882501115,0.0006662317685329894,5.2717597613792285e-05,7.406198249453245e-05,CAN,1996,0
0.00065752921683219,0.0003860397685992868,0.0011860426485779479,0.00018293394380430845,0.0016452308658138882,8.960276665136556e-05,0.001945834365802736,0.00016052704296317603,0.00352070554271202,0.0015825331427813483,0.001346175504407988,0.0012708644458434306,0.0003048852201653272,4.185154043008143e-05,CAN,1997,0
0.001993986310884499,0.0007526465014097158,0.003638190692320862,0.00035292680335223704,0.00512797598341683,0.00027217160460222834,0.0028709382044085365,2.302786665746662e-08,0.011273502428773875,0.0048012650837143105,0.004247849759340682,0.003958570523081482,0.0005224007971572347,0.00016385161338370753,CAN,1998,0
0.004427085040177111,0.0005724499974571139,0.008462310011191502,0.001305922502806958,0.012039448398859993,0.0006331457094637151,0.005085761459413186,9.375466349501784e-05,0.02235945456365548,0.013131461654915366,0.009891669973465233,0.009257279633980745,0.00024087626752809563,0.0005153047475156925,CAN,1999,0
0.0002696700914991776,0.0004354859660547897,0.00046623794971876244,0.00034213225347453643,0.0006507523763155852,3.513004224906542e-05,0.0017001375040868328,0.000411320282346561,0.0006806272609273756,0.0010483751177001693,0.00048778245898513145,0.000518018192988369,0.00040899301166341575,5.064431579183582e-06,CAN,2000,0
0.0023490711070772463,0.09156900057357187,0.011255113417990983,0.008660928839962985,0.015600273431287365,0.0009294395977880017,0.005390574655010504,0.00034890398539257,0.009291946666604788,0.03078363297987775,0.013285722142286639,0.010248213129496513,0.11298527880691345,0.00731581567707986,CAN,2001,0
0.007083457385285832,0.0009328773698782598,0.013676012349038837,0.005083931210647634,0.020038034160962236,0.0010079381376588176,0.004638447119940766,0.0011867713413322796,0.022851083210140954,0.03064556579923461,0.01581881269690635,0.01565439523779001,0.0003808662501123393,0.0008104919329329934,CAN,2002,0
0.001271760846243591,3.8829527298227404e-05,0.002583307283810836,0.001457666812445319,0.00372363936573819,0.00019378913510408418,0.0024399789409724117,1.1866622408717586e-05,0.003530894777384798,0.006256085682118555,0.002900650794649643,0.002879000647705668,1.2870131141937118e-06,0.00018056017086749771,CAN,2003,0
0.00012970937416847066,3.311853685539563e-05,0.00024980693826191536,3.893148725990126e-05,0.00032637681961324275,1.9709977144973077e-05,0.0011307053246744653,0.00033958850945007337,0.0008774938776650318,0.00024276706156077329,0.00027285357546847207,0.00024344057528296134,2.181258274724064e-05,1.2275542417083129e-05,CAN,2004,0
0.0004846055979880393,9.926311122309278e-06,0.00094230974957307,0.00026550769503527055,0.0014572198494427718,6.698580653241164e-05,0.00018822972844121877,0.0014929731319460397,0.0013761051114843303,0.0024619697349502504,0.0011556382009406643,0.0011526453774879815,1.941801857402039e-07,7.306127376152166e-05,CAN,2005,0
0.001828006911008122,0.000151913872653714,0.003547838552923169,0.0014389348600871764,0.005331048625396151,0.00025742120531532423,0.00013072398152507635,0.0015567424315263982,0.004961431892811827,0.009066394781025925,0.004174666389650476,0.004197807683594824,3.8543965894920145e-05,0.0002299660487585765,CAN,2006,0
0.005562182967406413,0.006618019330834733,0.013380516242230273,0.003960041195360859,0.019465150583607618,0.001012013339562059,0.0009926808639111719,0.004440036158278828,0.02309014577386932,0.028781040280346136,0.01604680371264927,0.014469955816526537,0.010118772979673379,0.002383451552643753,CAN,2007,0
0.010697192703817708,0.0009987724226120478,0.020440988678691645,0.0036943694843722197,0.03005567127750478,0.0014978480582400178,0.0015940644881538297,0.00670411622293549,0.04532248206526919,0.03856048156415609,0.024409478938112017,0.023389526268655585,0.0002999467496917653,0.0013346586287156569,CAN,2008,0
0.004395864060269753,0.003336787099316086,0.007674051266123349,0.0020146278932174975,0.01143808771997563,0.0005524008206148477,0.0008160884154423193,0.0021991807912115427,0.014687461384984358,0.016406238741688253,0.009008617323795425,0.009145331673089948,0.0026800115019891624,0.00023156446766443484,CAN,2009,0
8.543908317243668e-05,0.00031015361941028107,0.0001346963074717562,0.0005740930006159701,0.0002414661190556104,8.567920194255258e-06,3.78057881762653e-05,0.00026546908658719336,0.00010708374893707842,0.0013628706801164854,0.00014067149967935937,0.0002185998219089564,0.0003009197046189159,7.818040757619708e-09,CAN,2010,0
0.001267797888503724,0.00010388905230396806,0.002486714287976109,0.0015808176044370581,0.0037928149304093887,0.00017921663317471448,5.65129150603581e-05,0.0012429424144866491,0.0022679368605070496,0.0077425107750540515,0.0028895131268720253,0.0030122449833782476,2.5093740630896766e-05,0.0001582761528691854,CAN,2011,0
0.0037911081466456558,0.000516015751011087,0.0072499448770506104,0.0025443180716448687,0.010815927393180168,0.0005273970706396346,0.000540825747142395,0.002480389664088745,0.011495548491714816,0.017206945411068104,0.008523967421679109,0.008509349944064997,0.0002081592383334824,0.0004320746099726632,CAN,2012,0
0.004799852311314181,0.00024918632095937,0.009317019552232991,0.001986598217190325,0.013716946223755053,0.0006836220251109768,0.0007545334268243765,0.003011762353420244,0.019296227599374705,0.018442372831870012,0.011096551946538368,0.010658759157913677,3.293278008194159e-05,0.0006558764744135631,CAN,2013,0
0.004914194438312345,1.028127815279182e-05,0.00990622714441363,0.0031888182609937045,0.014654524074803775,0.000728470228013276,0.0008579302522723271,0.0031311191208227,0.016602797918850398,0.022449371418898367,0.011705411788333828,0.011361884826719067,6.582725548505511e-05,0.0008176689333756277,CAN,2014,0
0.0009852684327410583,0.00015418415819640303,0.0019300834188528254,0.001652922539666313,0.00291620200872443,0.00014019222414040307,0.00046948288390839696,0.00029377494710314977,0.0013739376222540428,0.006433663886615245,0.002177247502664758,0.0023212307396982016,6.79902005556581e-05,0.00010578379497276944,CAN,2015,0
2.6223898900869536e-07,0.0003991888110645191,6.593286756980575e-06,9.569006989470154e-05,7.077122235970365e-06,6.342000026678699e-07,6.883562935367585e-05,8.814523979389178e-05,0.0002825725657629404,3.568659755800353e-05,1.4077516970600244e-05,2.461914239637048e-06,0.00047363621390118186,2.159143584182119e-05,CAN,2016,0
0.00016073371651908114,7.41610588507282e-05,0.0003202111713731135,0.000507708820883677,0.00040885559540129507,2.517568284672212e-05,2.502083653214492e-06,0.00015036894311289638,0.004511511733140072,2.2708043729915353e-05,0.00045084873708327403,0.0002791500751878112,0.00012593813698742626,5.529916650551925e-05,CAN,2017,0
0.00040199947409249025,4.935513993147948e-05,0.000751550322567993,0.00159989998769478,0.0009449855763874022,5.9083628934795e-05,1.5623466690063228e-05,0.00029576534421849,0.01226951664908157,0.0001644700902031938,0.0010696580258612225,0.0006453426743193149,0.00011124244011299008,0.00010734933721418212,CAN,2018,0
2.1098672245605174e-05,0.00015947496295588086,3.589349314319279e-05,0.0007698924143774342,7.01872347695914e-05,2.2294171308680075e-06,6.492510073666426e-05,2.45434609864354e-06,0.0005903625258144584,0.001029985130948414,2.5451621820252276e-05,6.908398603655246e-05,0.00016421091022374092,1.05024293174317e-06,CAN,2019,0
0.0212813351974668,0.007435851196571626,0.03954227757629516,0.01634033461407733,0.058570660227579896,0.0028829414088364026,0.010325391948526125,0.005248453541564538,0.06041934110956145,0.09478305415621788,0.045629766727935055,0.04634824870788287,0.004863720746617453,0.001771774211283944,CAN,2020,0
0.0019670637920130413,0.00024217798693225014,0.004400257674938252,0.005159776708826441,0.006674505819090097,0.00032383165805388255,0.0008713204688282154,0.0008405243728500888,0.001652150096032261,0.017182031205994,0.004944992508510288,0.005211829865964108,0.0005944920769836087,0.0004671310763190152,CAN,2021,0
0.002339700037140765,0.00041544840404684184,0.0051561551554920775,0.0031824025334221827,0.007737393361089132,0.00038013780287057575,0.00026642512258018356,0.002050434247832799,0.00494456999098072,0.01533762202426421,0.0060227276845079844,0.005969734979732524,0.0009169067928888985,0.0006004854490881431,CAN,2022,0
0.0013598690632601398,8.17048367891912e-05,0.0027496411723256977,0.0032847020672092755,0.004258198868447536,0.0001975379470123911,0.00019002597353609841,0.0010298831837198628,0.0008938291648588658,0.011361643888387035,0.0030941103760641743,0.003414600267422456,1.2096955273627236e-05,0.00017486456077488884,CAN,2023,0
0.001505083597060606,0.0001538630840680494,0.0030720385459231197,0.005515226762253454,0.004800787244117861,0.00022027212877674134,0.0006031828238093764,0.0006272711846221406,0.00021690117246365417,0.015440802862883168,0.003345367269006178,0.0038885132749237735,4.612918405335065e-05,0.00017319664771442493,CAN,2024,0
0.02754839300130588,0.00031072883438491584,0.05699590442071505,0.055752151376912494,0.08578332111960178,0.004177892301636236,0.018016375948117027,0.006051236891741115,0.033510642796920675,0.19912905629646677,0.06391910292795107,0.06761252925019937,7.165273321081263e-05,0.004177658371970123,CHE,1990,0
0.015190123299450891,0.0007911129107662198,0.03109993722864125,0.038392760583386996,0.04720263199983579,0.0022681321782275924,0.011576531485198993,0.0025424969365376083,0.011549677222639474,0.12220309165927788,0.0343538249761511,0.03755327013084814,9.891576713557754e-05,0.0019850228860632912,CHE,1991,0
0.001380161292576468,0.0007666314841926118,0.002713343302449087,0.006480219674040048,0.004119149497653977,0.00019812133584497788,0.0044847131444777045,0.0002967969966548206,5.5960288367237186e-05,0.014201167039816966,0.0027620346129497023,0.0033586816124542155,0.0005767206933549073,8.187554375523139e-05,CHE,1992,0
0.0015919532417052054,0.0017828436974560266,0.002802429997073185,0.0016219477337497139,0.004008772870244995,0.00020806108283205347,0.005059261808246091,0.0004750139332982557,0.004259751562943472,0.006400910512406458,0.0030526471997849034,0.0031900917234665344,0.0015748589109269438,5.44142460423689e-05,CHE,1993,0
0.00048415796585986207,7.177924380152387e-05,0.0007510888894348677,0.0035109678830547416,0.0009621553652842791,5.669710095517921e-05,0.0005032349080150636,0.0017169421257179542,0.017542054060322963,0.0006864319587486704,0.0011691088116578055,0.0006731508309066333,3.3971802061104954e-05,6.405146032710232e-05,CHE,1994,0
0.00016699801139661126,7.571893293504515e-06,0.00023085598693296414,0.00381255306114345,0.00027577014969964314,1.7480310933030095e-05,0.0011532187362467605,0.0017766968281497444,0.011886518128970685,0.0015062195177090796,0.00043895126612050956,0.00017746799543184042,1.0211097823260994e-06,2.9385152079390318e-05,CHE,1995,0
0.0013720842271177998,0.0006578628047607302,0.002787057015533905,0.009390873150099998,0.004299527357843818,0.00020278925163954987,0.0052548192131851865,0.00045227383210213085,0.00015850597868920368,0.018194676643930725,0.0027470557417032275,0.0035371646078583598,0.0004730434201120287,8.663983197982685e-05,CHE,1996,0
0.0005494109179923321,0.00026923380858719976,0.0014986442474187603,0.00816823748997174,0.002197155999209543,0.00011668746676929157,0.009396757994206549,0.0031764349514062,0.0007859745737824614,0.011750192916895167,0.0013435343511096914,0.0017169759635317558,0.0004559727015216372,0.0001612904916133331,CHE,1997,0
0.0018633727873817155,2.741625060806611e-06,0.004317443407876253,0.014383582636790326,0.006435259649437637,0.0003255825912344731,0.013041634368415109,0.002432403589708006,0.0001146605544949778,0.02611649875040279,0.004216793331201541,0.005107316173241644,7.445059337422993e-05,0.00031039474812105894,CHE,1998,0
0.0024895423678781255,0.00044006478376559447,0.005435486107021423,0.022320335230645222,0.008243445090597708,0.0004039573458891723,0.018016810179419456,0.0036413491228075895,0.0009572669509831839,0.03816529451512776,0.0051518867502377925,0.006702363218678189,0.0002189305329371671,0.00023409300091605062,CHE,1999,0
0.015642601663517715,0.007083801594065999,0.036051042231569144,0.012501989186549498,0.05046128911689739,0.002783888860885173,0.038156728014768077,0.000626178863344406,0.0701766174980754,0.06764985959067565,0.04135553072500447,0.037391745722934015,0.01223882747374936,0.00494553297039625,CHE,2000,0
0.008109752826364667,0.00013099030816415762,0.016351036764185846,0.0048971541743334625,0.023233869099639762,0.0012336384890490998,0.014114518478478787,2.029773301176876e-05,0.03391722167006026,0.030373838250852787,0.018757421189852467,0.017763071706255934,2.704938916978963e-06,0.001230830942993419,CHE,2001,0
0.002875462081620706,0.0011371513035568351,0.005452879186378616,0.0036946880672957642,0.007896961326305277,0.00040525369182995997,0.0066728705958543025,0.00019449628881940768,0.006590414477602714,0.014131969862636236,0.0060087037054140065,0.006221875640815401,0.0007934578674584558,0.00022136087892562687,CHE,2002,0
0.0204435300071394,0.0029355915316487506,0.03972845360680931,0.014705257256513327,0.05679681805179418,0.0029766869273761863,0.03774269612921078,0.00022008198176672053,0.07425244274157569,0.08001456671932501,0.045085960523528756,0.0439600688832968,0.001326879234925913,0.0022837759988462523,CHE,2003,0
0.004479138693261678,3.9340964754395065e-07,0.009490133603539588,0.005566848359601381,0.013274221842231607,0.0007287751598755527,0.019067171576221502,0.002254876945574439,0.01435266167161047,0.020786080045981557,0.010432746129147536,0.010078457999538213,0.00011675082931729116,0.0007743763321660351,CHE,2004,0
0.01733499321056671,1.5747043225757385e-05,0.03552823684774796,0.010000606084726603,0.05013100259857378,0.0026963313359862208,0.03509221762723402,0.00033637751134073506,0.07722343289862742,0.063029983889314,0.04073685172469134,0.038078954401992,0.00025909752262090897,0.0029238353517492986,CHE,2005,0
0.028499987137835213,0.00026705950239264104,0.0594071730020056,0.01594522148452906,0.08424670829471319,0.004501367714298778,0.04476928569615499,2.333931532468719e-05,0.1278625264652659,0.10696984834472302,0.06870759418186571,0.06384074072573283,0.0019497021399172557,0.0054809802101535915,CHE,2006,0
0.0027939356293610125,0.00031752833711425234,0.0058511191413201935,9.637993296129457e-05,0.008165970783794557,0.0004458213839299328,0.0018909700724671187,0.00047908593177762074,0.022107091392463595,0.005996408526619218,0.007128728464846088,0.006051353721768129,0.0007618846686640256,0.0006865557256133782,CHE,2007,0
0.004684600437780386,7.069302512810159e-06,0.009761023367127334,0.002388208139150509,0.013435319692761601,0.0007532311270495804,0.016964304556267584,0.0015949830559620086,0.02445863931078938,0.014810486479670242,0.011062173141283266,0.010069097043537575,0.00017257158862292847,0.0008484775532333545,CHE,2008,0
0.014407150947573855,0.0024468338018988345,0.02705169056265863,0.0028264665076024017,0.038736833123945456,0.002010011609902985,0.009732832500295439,0.0019438889630308948,0.07716445618632516,0.03977830369038751,0.03206799737147899,0.029881887073866856,0.0011991278358971134,0.0015766259749671531,CHE,2009,0
0.0009085799604315038,0.00011125839780227858,0.001982787845920986,7.708453178896085e-06,0.002433334219270332,0.0001635531523763064,0.011665274820965155,0.0042452634610029415,0.011209084070650384,0.0006759172721186065,0.0022233630671760823,0.0016983503583831703,0.00023426206838149835,0.00022403248057850216,CHE,2010,0
0.00016985010613840317,0.001449931209630115,0.0005707009245867123,0.0024004157182114932,0.0009865999979207982,4.0320962402090747e-05,0.000585262048270084,0.0019166164288735678,0.0005706257389130274,0.005760466550252591,0.0006437540929892275,0.0007768414059902521,0.0019405069727856249,0.00018064652273129363,CHE,2011,0
0.010135136156811322,8.818730268252886e-05,0.021103089604976925,0.013213629358645299,0.03220182482251288,0.0015299117689903362,3.4556994378385343e-05,0.013789347095297427,0.018630442281247377,0.06632622857582296,0.02477155130935674,0.025266355320935314,0.0007538087063210185,0.0019245823065139952,CHE,2012,0
0.025279682190174613,0.00023817030831119605,0.05082437176961003,0.023417173888831546,0.07629493587652707,0.0037059332260405797,0.0022758737599642633,0.021100198680357063,0.06455919001255164,0.13540531831406047,0.05965288541101152,0.05971944369336839,9.86049820708302e-05,0.003956364183532099,CHE,2013,0
0.027482944880322987,0.0005379808605408327,0.05529823885705803,0.028902276287854578,0.08231157712497386,0.004057338156601785,0.009499190523881994,0.011465881989581933,0.06744719134222688,0.14815707379206086,0.0639856899551404,0.06435556490109673,5.072482834214848e-06,0.004084364239020135,CHE,2014,0
0.01786300064557063,0.0014243068719704895,0.03514005729972713,0.022938217589521394,0.05342531398428225,0.002539114026130951,0.0016277505391447565,0.01469630497752605,0.03186903900291616,0.10913280509288986,0.040668050566252834,0.042380291982974196,0.0003365121346609551,0.0022379477921594853,CHE,2015,0
0.027987667370503507,0.0013615579640960625,0.055479533349394226,0.031129776751057697,0.08357619157142879,0.004033614005085613,0.004181967844903591,0.01920705960221576,0.06040357178655767,0.15873797098763065,0.06441535438494676,0.0658580970830425,0.00014372310456996787,0.0037889271232469375,CHE,2016,0
0.05218077120053408,0.001054712435600305,0.10436655511123201,0.04697169062024769,0.15552063303999905,0.007642111421985364,0.011489809851655642,0.02945347994444735,0.1405602747213721,0.2677786262090594,0.12181724273235917,0.12154155641437629,7.178712220155581e-06,0.007764551945075645,CHE,2017,0
0.10487192893084132,0.0012549519830061691,0.2106404007298146,0.07802697760197003,0.309634077686441,0.015556347844010738,0.045335897929354246,0.03446308258574858,0.33972602513833766,0.48285175118165485,0.24578615080728786,0.24013954970828005,0.0002099036137558563,0.01622887821359902,CHE,2018,1
0.08359004066145054,0.0005756963351027081,0.16881054300611387,0.06570241013709255,0.24833382131739085,0.012470483811748622,0.03639898186055404,0.027620168424185243,0.2633183440733821,0.3943629282517253,0.1967591987701943,0.19254183188174376,0.0004520484466602031,0.013302610054301592,CHE,2019,0
0.1398089451065995,0.0010449259719446818,0.29079917243548353,0.1213856691024206,0.42724149117561594,0.02157184197607902,0.06449513301072407,0.04609837107007602,0.4316046757579632,0.6948523893514049,0.3387953083135303,0.32939708721624567,0.009269218358147062,0.026500131513264406,CHE,2020,1
0.16003392828526902,0.004197488443143166,0.31827875269436995,0.11370385285130526,0.4683251275679811,0.02346288074717703,0.06374840716709484,0.05609386875365297,0.5234005653131213,0.7233205511772214,0.3718214230563716,0.36392240545564675,2.3674509296123795e-05,0.023370210840607898,CHE,2021,1
0.07629792729688194,0.0028580081482513235,0.15145086574050826,0.06166958758260607,0.2233697543790606,0.011151239669584277,0.03332729800964563,0.024375594314412805,0.2295928447354773,0.36090588713359817,0.1760327622130546,0.17404748096820297,0.0001635070909186044,0.01071773611568976,CHE,2022,0
0.04809436835719368,6.481435679532603e-06,0.09847100068876263,0.038985794947705786,0.14414323306661722,0.007308641161826234,0.027916582626926374,0.011398268345584646,0.1547466886001847,0.22721003265841996,0.11443571337444017,0.11128651652038864,0.0010828530486673225,0.008252276862770174,CHE,2023,0
0.05412299154419851,0.00024462956662037785,0.10850131710705493,0.025683775179160394,0.15801479945854763,0.0080473741297177,0.021794807405291525,0.018651775342345266,0.22312611842574756,0.2114857346942366,0.12817237281733262,0.12164469189791274,0.0004321968615214037,0.008832239331358788,CHE,2024,0
0.0050444600168674854,1.058722414068948e-06,0.010327379706731702,0.001977820947563425,0.014349352978039454,0.0007903325856178171,0.012803111791734352,0.00046972247831476095,0.02722541553357119,0.01529003347766114,0.011875998854879881,0.01080459757012824,9.399351906954866e-05,0.0008687820226314242,CHL,1990,0
0.033383350108345734,0.0025315449146431877,0.06508994920351276,0.016409659359319238,0.09377611657272726,0.00484802064050712,0.031181789419168632,0.0022736254473327134,0.1386739066456663,0.12177442590441069,0.07570868295774034,0.07240697639841753,0.0006509536188058561,0.004285858033446246,CHL,1991,0
0.06255529600625324,0.0039039251856967574,0.12150342751769129,0.02239682351417241,0.1753925649143023,0.009026453013636982,0.038548279550904556,0.011328253102280408,0.2863979553893186,0.21199609979531456,0.14318511440877624,0.13523213921401236,0.000769220841379427,0.008327773620069593,CHL,1992,0
0.023740201898124962,0.00022232680664033107,0.047045134945293166,0.005268725792812647,0.06702666976949134,0.003527514926901742,0.017612085551928,0.00306612160321645,0.13162945189138525,0.06946870395895417,0.05588541810095329,0.051043113464239315,6.7621854078379e-05,0.003780921611550838,CHL,1993,0
0.027274962587473115,0.0008404923239992936,0.05345707375062011,0.006187483952245629,0.07595243955019639,0.004010951895344363,0.024884743033724753,0.0019236854084761228,0.1506605329861369,0.07806092427226748,0.06320082374210677,0.05793736310641545,2.964931847362257e-05,0.0039764028399286505,CHL,1994,0
0.02082365334343703,0.00010889867982573889,0.04107149411191742,0.0010813907096872326,0.057192598404288385,0.0031159088406393486,0.022901446889493415,0.0006113414364845276,0.15357405676596153,0.04261473889352683,0.049249270220224683,0.042961671165564395,0.00012075519087008019,0.003435319571112244,CHL,1995,0
0.0012319443990331817,3.387979512431887e-05,0.002679889169583787,0.00447902824134069,0.004280959493292004,0.00019042200617374155,2.6583684220627377e-05,0.002459394983795768,0.0001366276778356965,0.014085644783926175,0.003027240346870193,0.003441732041916371,0.00015909952924777956,0.0002445900411027468,CHL,1996,0
0.00037033705156804534,5.2051521397893204e-05,0.0007539559779635728,0.002324932472415369,0.0012868961159588272,5.106484709368651e-05,0.00019345395716670877,0.0013959073641342402,0.0001735477608278331,0.0060745241677825435,0.0008270700324331894,0.0010851036966881486,1.740594832824989e-05,3.882778619019784e-05,CHL,1997,0
0.0013047462467020358,9.814427134540182e-07,0.0027409677900017923,0.00279607354286547,0.004211395478380593,0.00019854292998525237,0.0001326127023968964,0.0011503339251961735,0.0012437036071412156,0.01046799314268131,0.0031242998198300403,0.0033331933986902114,5.280027953799475e-05,0.00022863386720345104,CHL,1998,0
0.00529012128053993,0.0009220638794098248,0.009992726332375808,0.0027762872647496186,0.014826062135014978,0.0007279693176096314,0.0008542862280060977,0.0031867035881455305,0.018285251308650007,0.021697258654262027,0.0118005862992205,0.011645152739379066,0.0004386790986120928,0.0005683733082904953,CHL,1999,0
6.536345964586022e-06,0.0005294770123923272,7.491768642825745e-07,0.00013296220223687067,7.462031301080993e-08,1.0790533479793834e-07,0.0007972395686955343,0.0006805615509592208,0.0005312952290324309,0.00023651744325825941,3.6888152921746e-07,6.524742433161109e-08,0.0006206574022634437,1.4820982203021704e-05,CHL,2000,0
0.0011026824683885506,0.03232271422688258,0.0006485474230690396,1.1007348557374278e-06,0.0011290684136684075,3.458369752404485e-05,0.0003249232832134824,0.0015367742091922506,0.0026681996216439395,0.001086441332000506,0.0007593260587771486,0.0012118475334966863,0.03587891048049213,0.000622196607934079,CHL,2001,0
4.6457998133082485e-06,0.0001511661030400601,2.0211611984448964e-05,0.00015458609453819247,4.788415613754517e-05,1.135448977438265e-06,0.0008377707193262684,0.0009771735646452496,0.00018150452782354824,0.00048749225509729476,2.8022116706885655e-05,4.087591476168944e-05,0.0001980670444832724,1.2360584327816751e-05,CHL,2002,0
8.962101149614953e-05,0.0014204432558011675,9.080202986124838e-05,1.8627423802121544e-06,9.193550058256237e-05,7.5782694340479715e-06,0.003640235374905888,0.002372389389266584,0.001069885959205456,6.544388655442577e-06,7.878309228473548e-05,7.39523358211463e-05,0.0015958978236210559,1.7791621029775886e-05,CHL,2003,0
3.2849028131234516e-07,0.00022337613221495444,2.55780500173082e-06,3.9902744282429245e-05,3.253558094191814e-05,6.770146206740529e-09,0.009453870063506589,0.00862744640952938,0.0005567322986760208,0.0006992080558276956,1.70992920667241e-05,3.634498598468831e-05,0.00030019942481032425,1.250018296310459e-05,CHL,2004,0
0.0048407419275178516,3.242196521968401e-05,0.009710863966313996,0.002535489561122433,0.015117358767076818,0.0006893264414110499,0.003952642258476981,0.020036773401465275,0.01394537470912541,0.0257966017889812,0.012067186367772122,0.01189820102114096,0.00034433661837184553,0.0009268940015814599,CHL,2005,0
0.012998622020401671,9.010300280788373e-05,0.025314802787059446,0.00512205316542541,0.0391541268069184,0.0017977410577791162,0.008136769769988159,0.04739651935261681,0.04256774586903162,0.06152438212594248,0.03146568932528908,0.0308678368031964,9.56092308658299e-05,0.0021044253543799647,CHL,2006,0
0.020375431010089765,6.230028105174048e-05,0.0400278144562213,0.007285322851767634,0.060858328624612185,0.002877503362082172,0.0041806575672305325,0.051837442382373616,0.07549806599571943,0.08861300448125728,0.04930800264473306,0.04759409015473779,0.00025779074433172254,0.003397603382281775,CHL,2007,0
0.029171270097712775,0.0013337811344897386,0.060965215940257216,0.01784457838205794,0.09068782005137657,0.004482194551185233,0.0007159178866732908,0.032907615941701544,0.10210433961021004,0.13917638747424854,0.07305858411956842,0.06984733982700614,0.004660935475256961,0.006301185757396673,CHL,2008,0
0.03071581665930294,1.861047123771308e-05,0.06151230220778226,0.009509860954824683,0.09111647952184444,0.0045062704371024685,8.008411772563676e-05,0.039206916933980464,0.1356377524071315,0.11767387507791488,0.07479668890618085,0.07029193575157719,0.0011536365157995398,0.005562710356735662,CHL,2009,0
0.010009993728060523,0.00030981215414104587,0.020499634508508384,0.003791567942550034,0.03077227542509735,0.0014928673153196178,0.0005870991053998893,0.020172785753620387,0.03990165216400841,0.04350041032205367,0.025127209460568834,0.0237667978940058,0.0013067917183521766,0.0021020993810133425,CHL,2010,0
0.0004186438791431255,5.943689841846739e-05,0.0006997954445500114,2.4823502148080027e-06,0.001254385604995903,4.3540211866260985e-05,0.00926789167950312,0.012590916818310711,0.0014298138239092783,0.001940240001414301,0.0010374026517139415,0.0010456031499865687,1.6567116914512027e-05,5.071399068302879e-05,CHL,2011,0
0.005313625285931179,0.0006997910378943621,0.011181399968175396,0.0016873494483217652,0.01668329776309181,0.0008193911174715981,0.00031942633546702773,0.010942449960364982,0.023530498353006524,0.022300677658197238,0.013783363010914108,0.012768184613804518,0.0016887816289849016,0.001324769674122764,CHL,2012,0
0.004665566277813424,3.0494411553126115e-05,0.009146238910356739,0.0013028939143093195,0.013658602840736622,0.000664823726738413,7.076823370192599e-05,0.007658866921913236,0.020156338530178754,0.017771359003136922,0.011188953211834256,0.010605213627229416,3.056033611505294e-05,0.000757863913011572,CHL,2013,0
0.0022765258893652335,0.0003141921353096542,0.004731650188644622,0.00020835833426954413,0.006988242998857691,0.00034782412078307787,0.0002563861251956628,0.005144086714623928,0.01341160051330889,0.007377751667940125,0.005943536267850941,0.005306313902876651,0.0007447853335457286,0.0005768361310116274,CHL,2014,0
0.0018247871465096412,0.0003002077099684348,0.003878617083014061,0.00041428424281081356,0.005641442342192764,0.0002890521134637412,8.930606323026655e-05,0.0018201856166276027,0.00985663310839975,0.006434717877773256,0.0047378625457883,0.004261651002687771,0.0006673510075085326,0.00047247578155417785,CHL,2015,0
1.6815554032471096e-05,0.00024482282074023116,2.533085584412941e-05,0.0005112144193072087,3.856486617321386e-05,1.8604930170641627e-06,0.0008715758190366475,0.0005155334209932321,0.00023054398611313415,0.00048211692622258934,1.3242761248538198e-05,3.6964505718998315e-05,0.0002697253600768397,3.495588110199384e-06,CHL,2016,0
0.00026372918582041015,0.00016916401387381873,0.0005217291970375431,0.001009515407493166,0.0007309191206685613,4.006185150454219e-05,0.002966393006689573,0.000978858880032639,0.00016296499926618323,0.0019268818165419325,0.0005089822588128426,0.0005776094581053481,0.00013818898372355698,1.4153678065168241e-05,CHL,2017,0
0.0012680939142280167,0.001026752170709561,0.0022813336419849903,0.0011700649647529604,0.003271597671018869,0.00016941112722797464,0.003300108665559277,0.00018118601552660516,0.003658906189736622,0.00507508171239307,0.0025181921987835207,0.0025884781708658145,0.0008556712703844115,6.130447337659814e-05,CHL,2018,0
0.00040276570789784096,5.471875589558991e-05,0.0006992068806622284,0.00013375802389073497,0.0010347893154764626,4.991434280696374e-05,0.0005552827100626459,0.0018869793454591181,0.004215240332207047,0.00039868154984728696,0.0009489651512741171,0.0007967710326458156,2.1155646024893333e-05,4.9455432247591215e-05,CHL,2019,0
0.010009072080542003,0.004527944920857196,0.017391622002130857,0.000302814087795385,0.025983693991505023,0.0012430784929899292,0.0010394166605690567,0.01943153213006985,0.05619011534099631,0.024846930219002476,0.0217478809583607,0.020510767748392854,0.003157683333134918,0.0007706143303314643,CHL,2020,0
0.022041373792841015,0.004748810193401277,0.04170334666200492,0.010534519310742702,0.059976206055661015,0.003099750248824864,0.024757465418968262,0.0005451992612122749,0.09074692421456892,0.07676958188507371,0.04821309490675436,0.046583443552297134,0.002629985487987756,0.002218589304950245,CHL,2021,0
9.325710456223549e-05,0.002585237961951526,7.75960679510719e-05,0.00041099797203980517,0.00011338463997465966,5.22525362952382e-06,0.0017205936765004389,0.0009404254501125281,2.9791560512792546e-06,0.0004869587516584574,5.4445258680328234e-05,0.00011580883320301957,0.00289800646987645,5.115741615254323e-05,CHL,2022,0
0.002102151305883524,0.00010462159788301928,0.004261630019237231,0.0002069316178795132,0.0063452804804080935,0.00031084816222999145,0.00042022674450859426,0.005348572729571223,0.011677961228413627,0.0069571305181877555,0.005359959669653529,0.004858072778052523,0.0003571674265586532,0.00046661198703755,CHL,2023,0
0.002601778230244866,0.002816838159706267,0.0059801739028413625,0.000351969279480918,0.008899384865483424,0.0004420595983404855,0.0012930145224461919,0.009476921752336265,0.01512894816372606,0.010336026779587655,0.007621105905407717,0.006647726250516346,0.004409500034335492,0.0010945468345495144,CHL,2024,0
0.0005886676272719022,0.007958292963106264,0.0007029288088415617,0.008642741684204782,0.0014642634097050767,3.8730967456451244e-05,0.00046525975975387135,0.0021237747017768057,0.005903319290003674,0.015569148361420138,0.0006243149225041458,0.0015042649651302866,0.008440171253754802,9.624638076500816e-05,CHN,1990,0
0.001438915707831224,0.00021727206898779122,0.0028602249571973554,0.002318610963033028,0.0035645641830164302,0.0002290312191956446,0.0027063582146885003,4.9772274365191486e-05,0.03360788138035419,1.8549683244164884e-05,0.003744849898836705,0.002450254022202641,0.0004533747478842786,0.00038620719271655393,CHN,1991,0
0.009117700693630116,2.0862243671088653e-06,0.01924812872255172,0.024861086428962738,0.03002290181636569,0.0013831102183375172,0.000351024672691134,0.01032435015184817,0.004521193580401567,0.08452944898039562,0.021772285816804692,0.02396292816248753,0.00033086457654153776,0.0015668608907874828,CHN,1992,1
0.028036193738228268,0.0009710109630448388,0.05567378748033413,0.02594478861331651,0.08324791546328146,0.004064945440965342,0.005087007090709031,0.01744002026115018,0.07226309091804087,0.14611641968038783,0.06497229140215033,0.06525644912342018,3.5111104851681614e-05,0.003966497713189613,CHN,1993,1
0.014042884464603172,0.00671045897650333,0.032403276305049085,0.023023621008854786,0.04870894110184526,0.0023988401716392356,0.0014420310209251634,0.013551835386418588,0.025992410555519117,0.10262591195039727,0.03778547633659312,0.037349994605277805,0.01188090662584311,0.004472704330084001,CHN,1994,0
0.00622655530050885,7.594153157813711e-05,0.012711161408562597,0.013295749657677072,0.019934016395369843,0.0009054990858436841,5.605673006838075e-05,0.010722605708640944,0.004642667932572462,0.0521468719795209,0.014651174780506204,0.015973183251900364,1.934712894272106e-05,0.0009425417464996271,CHN,1995,0
0.0010788019980520046,0.00024187814350926153,0.002148917637707157,0.006324215037843936,0.0036812105022142575,0.00014473419126393464,0.0007591825242266033,0.004470967176289477,0.00041528747050804157,0.017061805654677947,0.0023737122947767426,0.0031151161706684883,0.0001127190631481657,9.91472341665208e-05,CHN,1996,0
0.01439466139701072,1.573775350757077e-05,0.02905501023854578,0.002676020566086178,0.041296714494699675,0.002185204538488504,0.009694596998601429,0.0023700348817887237,0.08475920865019122,0.041053020637475617,0.03471874378554819,0.031261053835528,0.0005434596288791651,0.0026326420703238537,CHN,1997,0
0.02125456924330903,1.6558043521161023e-05,0.04315529730113071,0.006969534092676164,0.06183958221594068,0.003234943637590445,0.01424379551823343,0.0036836177742520207,0.10672743772357433,0.0713957600711762,0.05111702227460966,0.04706663828597199,0.0007658744975796764,0.0038463332584049758,CHN,1998,0
0.02661477453998608,1.5324666837966682e-05,0.05396928999848682,0.009281751744685405,0.07773913516157513,0.0040322691151540545,0.01400002115417607,0.006762117349830347,0.12849138901842336,0.09285723551556109,0.06404774472926236,0.05931726665968126,0.0009272031767257416,0.004795889094938143,CHN,1999,0
0.023510429318034317,0.0001725520403317256,0.04667642080414103,0.0066265286596862046,0.06723602505809896,0.0034779700184265475,0.011142932350047386,0.006483974520857976,0.11831008375820512,0.07654001785400673,0.05556888172992568,0.051456077504202564,0.00010744722803132196,0.0037838385561675225,CHN,2000,0
0.014858286439261835,4.072935369063434e-07,0.029898801692859453,0.00406705491348279,0.04289690202701362,0.002236431338907373,0.008129954057787641,0.0034776984819912056,0.07734423922068519,0.04782331294559107,0.03559715960407769,0.03268174011744379,0.000353654535318071,0.002604435904367268,CHN,2001,0
0.025465435194079518,0.00027426127901549846,0.05047053544432553,0.008778839851643003,0.07325397676622752,0.0037436733707227844,0.009062999896968467,0.009562424904393282,0.11738119955904801,0.08971194928182269,0.060040613484431536,0.05631207708839588,6.192753712450494e-05,0.004011119866892958,CHN,2002,0
0.00014747964212085803,8.623414414994666e-07,0.00026101408097668234,0.0004303948072441861,0.0003324847425102971,2.0289492034419957e-05,2.0889414717763958e-05,6.675763537099553e-05,0.0038292053102774886,2.5766246449034313e-05,0.0003622648564359334,0.00023318788403136465,5.937154189783711e-07,2.6202030478925442e-05,CHN,2003,0
0.0018397948409134876,0.00012101515646648126,0.004004139207331458,0.00307085321247138,0.005948655661336145,0.0002971236276125606,0.0011749297662979566,0.00046026091215409926,0.0033541452997332927,0.012331399086929751,0.0045607171213366705,0.004602099079559593,0.0003618410328621284,0.00040520706782534027,CHN,2004,0
1.2303090399686599e-06,0.00027337393879174057,4.1099407182785035e-06,0.0025800076708127305,2.284586422457104e-05,1.611571753123826e-07,1.434568778169364e-05,4.8126503018770544e-05,0.004411989605074216,0.0027377316633618214,4.516281721440788e-10,2.6039497632899297e-05,0.00033060842935087286,7.383245553515809e-06,CHN,2005,0
0.00011206770965527197,0.00014711144140213097,0.00014710898121345024,0.0014555810120886075,0.00016063913685904213,1.1770824467240589e-05,3.3703078611859825e-05,1.0053651095066085e-05,0.006080147043808617,0.0006857754090071607,0.00023219778839279334,0.00010555127717561957,0.00013875428821549804,4.673054538701155e-06,CHN,2006,1
0.001217325800888414,0.002085760534089146,0.0018351214937577008,0.00046059246064878936,0.002536672019897719,0.0001345593563946202,0.0002713368096446657,0.0003662805623632121,0.014263863348269441,0.0003956423176037972,0.002335961955330203,0.001969923294115176,0.0019510008000161463,2.5503694291546943e-05,CHN,2007,1
0.004609947902242879,0.00011180279727897385,0.009187803529001533,0.0034835851528847886,0.01354334538310075,0.0006768283024746715,0.0017798127832551437,0.0016783515294905359,0.01449877052260978,0.021412580159362028,0.010720402701936261,0.010532938752725254,1.2056314947410631e-07,0.0006772589387090018,CHN,2008,1
0.0024924990850546725,0.0012762590403338464,0.005724066597257708,0.0023410907994887756,0.008338845350221825,0.0004311438565089602,0.0011692268300324195,0.0009737474366553499,0.008502451085103621,0.013430907944229038,0.00672311557286025,0.006282705624082983,0.0022029368896634006,0.0008149144384658649,CHN,2009,1
0.0003329896183198186,1.4966147835719966e-05,0.000647115390450927,0.0002007220348782368,0.0008756843684757349,4.9442032568754245e-05,2.8780159019934646e-05,0.00023160488283625365,0.005138021360088849,0.00010876437639014174,0.0008499259875143702,0.0006341004955197519,4.9192598306045156e-05,7.56944024287034e-05,CHN,2010,1
0.002166271860417167,4.594026675940116e-05,0.004217445963374654,0.0005323145877182428,0.006204748541846086,0.0003092640581669595,8.347768532926068e-05,0.002063942837303346,0.010233793244333681,0.0074450062115570285,0.005110578748183031,0.0047973068306736795,1.1288911417740749e-07,0.0003276486716719479,CHN,2011,1
0.003582013495523185,0.00023422411739231193,0.007018671066203683,0.0032999476835662823,0.0105625376733347,0.000509580659486718,0.0003401771893233032,0.0028521074656296334,0.00881287629195995,0.0188883334449799,0.008214301419530749,0.008320342635364264,4.313233748346189e-05,0.0004671698760280812,CHN,2012,1
0.0015996633196238802,8.895857874188631e-05,0.0031726883227803345,0.002595231402001106,0.004936429327712732,0.00022618307719775866,9.100867226910288e-06,0.002585813413876067,0.0018808925418371163,0.011561440941359148,0.0036890058604613805,0.003951372198314806,1.0729866694173401e-05,0.00021114523494525353,CHN,2013,1
0.0023176122177521047,1.299175327691276e-05,0.004699315289982351,0.0025191438512176694,0.007060867654587147,0.0003429913841277133,0.0003137320787001656,0.0017038752234646208,0.005303579479250952,0.013187543132525872,0.005478021088280609,0.00553021593341409,1.7327275575414713e-05,0.00037029519746454795,CHN,2014,1
0.00014813625175021038,4.190188719808723e-06,0.0002915088169192687,0.0002630574654326705,0.0004810526053644494,1.9940579563067953e-05,0.00028922155177049837,0.0009347413025868732,8.271469089130586e-05,0.0013311173834394615,0.0003533093035012199,0.00039305822359172804,3.907427693019695e-09,2.1258488722592027e-05,CHN,2015,1
0.00019789378208676895,0.00011784558306551948,0.0004342731596328773,2.5593235975833045e-05,0.0006578286299937174,3.1583056571356295e-05,0.0002086062989391733,0.0009445069496824672,0.0010435395226440858,0.0008079476024006504,0.000557829142657266,0.0004989246232758981,0.00020323610403946162,6.901800338246583e-05,CHN,2016,0
0.002091580019928441,0.00010223428615269697,0.004323046941235413,0.0005511652984356161,0.0063295956968003825,0.0003200082766704417,7.132810560971103e-05,0.002173467795469077,0.010384638713701698,0.007598294615653208,0.005262031815656096,0.004825684757394209,0.00034348437769780784,0.00045904356032978085,CHN,2017,0
0.007437327790030557,2.51963806798922e-05,0.015099146247260473,0.0030358721852503188,0.022192484730254102,0.001114152829251405,0.0007452986138995097,0.005900508607104802,0.03145832487953097,0.029611378425097073,0.018116598258761815,0.017065298238870548,0.00038735419093412064,0.0013875943765620069,CHN,2018,0
0.006521500795176076,7.129785313653541e-05,0.013382622052409018,0.003170595929055723,0.019688054947884493,0.0009884749415961585,0.0007972868825405757,0.004908947874077402,0.0260254155366431,0.027480347901268767,0.015993363432652077,0.01513328987153533,0.0005062422354595972,0.0012712548905540143,CHN,2019,0
0.012769284806045562,0.0009191781679694022,0.024715642721760574,0.007111666504701018,0.03674836550892914,0.0018029676982270007,0.0013146747597752638,0.009569862717909142,0.04353487552599147,0.05500112981987429,0.029300246443300256,0.028745765023156556,0.00020002058332916232,0.0016559079640676554,CHN,2020,1
0.007460510788099308,0.0002623740519948586,0.01541612952872499,0.002618751471368739,0.022599184653035183,0.0011410321712599506,0.000536748099595219,0.00664534023809756,0.03401553613725446,0.028902469278701284,0.01861463904635945,0.017275010404144003,0.001013752873975623,0.0015818569718178744,CHN,2021,0
0.029663399789466686,0.0007411612196675704,0.05803627766490046,0.00971324905758811,0.08501493940078757,0.004272993706937402,0.0045752255638954326,0.01884333894635192,0.13232380827630416,0.10647007744823433,0.06951742783633925,0.0657084658737428,1.7367541184822822e-06,0.004405939239785838,CHN,2022,0
0.0053761800850358555,4.328507015611278e-05,0.01090725354651271,0.001585288890048485,0.015988856370216586,0.000805472455815844,0.0003229809336804253,0.004890801623001115,0.025397038791335907,0.019687236557183345,0.01320172246009225,0.012253548376915432,0.00037012855078921107,0.0010390880345236635,CHN,2023,0
0.005704460902583211,7.281880520338518e-05,0.011700295212483598,0.0026674248463493568,0.017253819319159935,0.0008627385372473397,0.0004333005156367391,0.005002075197177058,0.02285449393123979,0.02405325880995501,0.014030089499717483,0.013269009614502614,0.0004744314388526666,0.001122140373019422,CHN,2024,0
1.2440221590974432e-07,0.00028665126050309546,1.9109171886652856e-07,0.005039962488128772,3.473356600755305e-05,2.92778903014361e-07,0.0021382566002107763,0.002169481508625085,0.010974662150064629,0.006373096688969597,3.788231548102447e-06,6.725476420521699e-05,0.00029920799305345924,1.6453126237965048e-05,COL,1990,0
2.1138080159875926e-05,6.156275786591605e-06,6.692273764097484e-05,0.004382790303777618,0.00018592611337746662,3.369807787984215e-06,0.00027214842176307607,0.0006071984155508801,0.005967182714647793,0.005878725318732766,4.0166933464737996e-05,0.0001951665541627749,1.6008279864672717e-06,8.04181373234558e-07,COL,1991,0
0.004004838983234502,0.0005420130009998319,0.0075647148042383375,0.014030144086111035,0.00955294623572159,0.0005945669455954532,0.0002982593012850852,0.00254139259966758,0.11607893091401923,0.0011102733081588476,0.010657038804088451,0.006547234875360016,0.0011904643997756622,0.0010808019115933095,COL,1992,0
0.0007962981756549451,0.00039527162612895293,0.0012245107634547407,0.03555095011235213,0.00110779394693743,0.00010678088897975097,0.00022275426220475417,0.0012706141514517543,0.10627306526099703,0.021934025681715992,0.002412451831815798,0.0005499493342399577,0.0006185260981649099,0.00031821963201641117,COL,1993,0
0.00032364799697026935,0.0022769542060652828,0.0005964719234333449,0.01777213392486512,0.0012513041726838797,3.5683122533215396e-05,0.0006115048369690398,3.82409052716117e-06,0.016456146431232273,0.023164922069085953,0.00039266993091976896,0.0012599282874325684,0.0023079072872723267,1.4643545945775594e-05,COL,1994,0
0.0011384477446016396,2.4313740857403002e-05,0.0027581431155927504,0.027702686213490042,0.004847628542788765,0.00018970617756934477,0.0013758462108836777,0.00020083952134630355,0.013279708870467604,0.043856794537574025,0.0024784064244987077,0.004194585478711157,1.1534287056286942e-06,0.00014122194804436789,COL,1995,0
0.00020762756406372658,1.1599435610268247e-06,0.0006202505519119548,0.018416116665058622,0.001242242817753635,4.057760932008722e-05,0.0008932809986769312,7.794558649161404e-06,0.016952036535958896,0.02333488591016135,0.00042065038226738697,0.0011553843805701695,3.7332808857922828e-06,2.270303339870767e-05,COL,1996,0
0.00034175848127760127,2.115098205075202e-07,0.00048547954387838106,0.01086483697154061,0.00047775926299959407,4.059817513142059e-05,0.0001063361678974746,0.0005729577434535168,0.03437282520074396,0.006155898555778037,0.0009075736470636517,0.00026708288046728147,3.313110325410908e-06,7.39785036160021e-05,COL,1997,0
0.0013487052151634467,0.0005879674950047262,0.003503200623002894,0.018526878057905337,0.005639227339600018,0.00025525326947898876,0.0030693777343733606,1.1357027902233096e-06,0.0032701645546157555,0.033080814309140456,0.0034270790810880525,0.004567258523412985,0.0010755012792730352,0.0003888381146818217,COL,1998,0
0.008825153277137267,0.0009841925405940572,0.01711557136468108,0.006129772377606368,0.025017165889835786,0.0012638402982634931,0.006144825645494748,0.0013245908820248343,0.029412641943758432,0.037590630647325075,0.019808445900420888,0.019502094083542997,0.0003559489955040077,0.0010482222926482146,COL,1999,0
0.0029958727980803745,0.002088909511522076,0.007741964078458497,0.027957930179115003,0.012136938432056137,0.0005711027708330013,0.005387079910485574,7.498802360461168e-05,0.0014921383221288994,0.05630415912550355,0.007933514576559136,0.00961742421572592,0.003489245738778137,0.0010089523276563136,COL,2000,0
0.00037636792908864983,0.0005324486135557717,0.000655833134929453,0.011771537569519742,0.0006979994357586419,5.42276981978239e-05,0.0009723866368377407,0.002129904097042329,0.03775580879930252,0.005719076683800719,0.0012316660288881332,0.00039141673369588715,0.0007658156185640691,0.00020046839980592985,COL,2001,0
0.00029735087259020353,0.00029776248996531124,0.00032584994585429394,0.011488287389959082,0.00032134100603619975,2.595658122938174e-05,0.0009259011200106118,0.0015705651626973917,0.031644652542191176,0.006555131011706682,0.0006851566180480186,0.00018540769347124165,0.00026970980367377025,1.9946386406292703e-05,COL,2002,0
4.547613886192829e-05,0.00038318921954961604,4.820826470902881e-06,0.01769447094031032,4.060917732628236e-06,6.962728084231374e-07,0.001443699074783665,0.0010794667413319046,0.032378711458690215,0.014584261321347694,9.640101911179178e-05,1.823104394352784e-05,0.0004316881699660336,7.981600071279004e-08,COL,2003,0
4.713824778764562e-05,0.000505212997061826,0.0001352980589607656,0.015875101888516454,0.0003653198879756005,7.249557068916382e-06,0.0009398825491399817,0.00021188137287881146,0.020525768026413257,0.016981357777756872,3.4556114395725896e-05,0.00041256629865380737,0.000510528853961017,9.07749633814379e-06,COL,2004,0
0.0010096460613828802,0.0012312158408706519,0.002099694056768289,0.021471866830539265,0.003660545383687364,0.00014307508417185858,0.0026424699571955036,2.7581811543704053e-05,0.009692134664054544,0.032806580103279005,0.0018157735190210908,0.003247180507217769,0.0010404366273744038,2.1534617444629006e-05,COL,2005,0
0.0010916670483254955,3.376684233900407e-05,0.0026496298989936553,0.02599495106621096,0.004548974317866448,0.00018532808454903207,0.0030577173058927453,1.5915339174712363e-05,0.011411029456036826,0.03988180735165186,0.002341457552787493,0.003906663709996896,4.717800416145326e-08,0.00013039600926994564,COL,2006,0
0.0003452606067454246,0.0002868154950838405,0.0008391145252971272,0.01888625231474995,0.0016319793333433813,5.4570419115021755e-05,0.0009208916180174244,8.472641392725539e-08,0.015397458446260816,0.02524046186272901,0.0006169025464212865,0.0015200244186925576,0.0002125652232815542,9.46036078352666e-06,COL,2007,0
0.010110790142449935,0.002029785269286988,0.01995055353101879,0.027847672885576154,0.030925825175346675,0.0014302737656162025,0.0033626142894339173,0.0045489260208410424,0.0045578946805642844,0.08755885523847408,0.022051880751181592,0.02500959941901328,0.001007451583054964,0.0009933392340465215,COL,2008,0
0.009887489033292186,0.0004630331331649951,0.020172349282103826,0.02436644924651582,0.030946099780407504,0.0014599484165004324,0.003522084758210604,0.004385868617487963,0.007027499442065812,0.08132241185627523,0.022522884700350788,0.024706318489343734,4.213411911195351e-05,0.001313590241296816,COL,2009,0
0.0016830240430097212,0.0006933684942186521,0.0032027378551692126,0.00551604403452062,0.005186186262439755,0.00022229201456727977,3.069219875104519e-05,0.002962351771468957,0.00013630998161740882,0.017346986103189285,0.0035770616873123657,0.004298111857843821,0.00045088793087347896,0.00012342163484676218,COL,2010,0
0.002305908122949841,9.046023339059023e-05,0.004745843256390561,0.009028031983207,0.007704472186257466,0.000331908813165323,0.00014058967726879844,0.0050481720882234685,4.461368781645024e-05,0.02730688848961277,0.005315288552688944,0.006308820911506766,2.6342728690271072e-06,0.00030890314164506506,COL,2011,0
0.0022738345622650992,0.0008373879039484046,0.004317107096488871,0.006316112410614259,0.006951408591504639,0.00030033932863734997,8.677934729771311e-05,0.0043091784913862705,0.000495441603241738,0.02154591557186644,0.004880298751500024,0.005733257473213225,0.0005241807084362345,0.00017778985468710635,COL,2012,0
6.18273361948713e-05,6.502718513349836e-06,0.0001540605608907291,0.0035240666251704026,0.0003473705852073968,8.860061431402693e-06,0.0005342364574297082,0.0011613959594767146,0.00366772055035399,0.005697918248806089,0.00013446606146426084,0.00033236916621832995,6.290959691111903e-07,5.430001014175224e-06,COL,2013,0
0.0007261246812501449,4.276465867659233e-05,0.0016438338530555012,0.004488032334214282,0.0026833761292217825,0.00011607185554657618,1.1733322518578953e-06,0.0013377621754981101,0.00010609561215718388,0.01137817634568302,0.0017906324002923584,0.0021836619964471435,0.00014451678585672791,0.00015199100015250513,COL,2014,0
2.6108817312042292e-05,0.0009105322876449967,8.939247219421502e-06,0.00017106639452174756,1.7132101274620344e-05,3.4894916716185567e-07,0.00041452691623317827,0.00045649769245065415,0.0004225454293234161,2.5662925187731042e-05,1.8201136121166192e-05,1.9570329487589523e-05,0.0010108272862201883,1.817131637608745e-05,COL,2015,0
5.136236878708523e-05,0.00011588811253438899,3.7294009921599545e-05,0.0040872732706946835,3.5628220004037366e-05,2.6748847879013366e-06,0.00167304028807795,0.0017001980090899137,0.008556626687955527,0.0023526427167499427,0.00012025480396524975,1.8814805395537622e-05,0.00011215134396839339,1.5844158298037264e-06,COL,2016,0
2.965262229373982e-05,0.00024776097588581413,4.791981962768679e-05,0.003944459580885725,3.8004699497332274e-05,4.2696709203321415e-06,0.0007956492121424236,0.0008871698223108356,0.008954884310793547,0.0024784809072212794,0.00013751971098066492,1.2787351242369149e-05,0.0003154532382366923,3.9273226757271e-05,COL,2017,0
0.00043369726019592435,0.0043705974771534074,0.00041709238927740755,0.0008436900756385361,0.000582968070787738,2.8185695881555167e-05,1.3581653365097638e-05,0.00038614575296889737,0.006581398795445243,3.10164012180771e-05,0.0005703296979252097,0.000494657836386844,0.004691669427395114,2.7936930005007688e-05,COL,2018,0
0.00036934165645522896,0.0002872473116729754,0.0005615884044026472,0.0006972925873135563,0.0007938706591188644,4.0312923552627444e-05,0.00041760763861090625,0.0014278668319435794,0.006467614207342719,5.072313429560246e-06,0.0008002726621402424,0.0006046377043903899,0.0002323881158450469,2.219993796577931e-05,COL,2019,0
0.0064103214950559165,0.011894159985567747,0.010739981503028323,0.00838474643267903,0.015717883265796713,0.0007825343767883246,0.01614866304939149,0.0009329957815354542,0.011749723268064375,0.029670952136871,0.011582643314271723,0.012793158005138559,0.011190760255789094,8.916867860192622e-05,COL,2020,0
0.02938898578487032,0.00430378424388128,0.05538746270379451,0.011964275947218835,0.08257178303792748,0.004018023151352089,0.0009068865524137627,0.028468056196422346,0.1097140009454273,0.11543888318811271,0.06631910622429173,0.06482903376808934,0.0018163966078902623,0.0033230987027260787,COL,2021,0
0.018049333532778027,0.004494178358168646,0.032380470836416105,3.263859243306636e-05,0.04671768834573103,0.002373513319456054,0.0006236993476243735,0.015493851343064049,0.13004175311165297,0.033548454177922675,0.040215183983384334,0.03607283705107214,0.002599008482995998,0.0017996728682113847,COL,2022,0
0.00897324037361561,0.000347612899729201,0.016993960095860145,0.00022180609455331896,0.024720880322948478,0.0012477569401403888,1.6214275839232915e-05,0.010724039378514181,0.05931277634256351,0.021086805844248633,0.02113345972025966,0.018975211794737764,2.188338416966158e-05,0.001300215034065127,COL,2023,0
0.005161711558694359,0.0002492272263397611,0.010543332116933759,0.0006628651395086011,0.01548540075508037,0.0007768607068858705,3.251612887447637e-05,0.008132569023995393,0.02910838477336619,0.016661629768237,0.013066959657200627,0.011797845807623655,0.0008475913384461621,0.0011387167624435726,COL,2024,0
0.04664894647722402,0.035642179702342645,0.07828370047164593,0.00028743519909286253,0.11141884058914985,0.005738458593255528,0.009285502525062593,0.019366315020423085,0.36939567419790553,0.06270571442305507,0.09663114520766278,0.0866424449102534,0.02910476135443232,0.0025753632642994814,CZE,1990,1
0.0305753321471675,0.03394593224179576,0.047485707524994855,0.020927804797884496,0.06550438719054828,0.0034915575569953975,0.0008398890280455649,0.021678685169573872,0.41661008945251904,0.00572402316736724,0.06221945421430785,0.05013248147193166,0.02982394839155367,0.0012504796229991467,CZE,1991,1
0.004299711182482293,0.005925137242093636,0.006630583927099295,0.0022435714986450447,0.008991754368638095,0.0004928861632831804,0.0019006937290551155,0.0006004021475534793,0.05672914151699824,0.000821809072747295,0.008456693410302502,0.006877841079363893,0.005414937546850288,0.00013133984618280835,CZE,1992,0
0.009877087832960011,0.0027719840446168787,0.017978151712703918,0.0007403220273394005,0.025737762200930436,0.0013294634468649555,0.004220289168068537,0.0024999984324277605,0.06044419045711434,0.022522341067461628,0.021630443208002118,0.01989382931791592,0.0017071276672706484,0.0009294661070379512,CZE,1993,0
0.00683879366544767,0.0028278295800780264,0.012160978394053319,0.00032760278684623614,0.017444114498816565,0.0008953948651353276,0.0023141135428628645,0.0021210896074616834,0.04293251753495459,0.0145273910849667,0.014695135137159381,0.013541270427530097,0.001981737335388789,0.0005463790244048971,CZE,1994,0
0.003907463302980875,0.0034232967993128426,0.007166483325015511,0.01097480455594302,0.011029500879684146,0.0005125422483792222,0.0038257047023227205,0.00023588990646433426,0.001548721258286148,0.031532995474420636,0.007707647735381871,0.009053086162137932,0.0028160518090463863,0.00016720449584102282,CZE,1995,0
0.010674192351442915,0.0002157478377024941,0.021321957808064698,0.008573259758363849,0.03157502882023622,0.001566720642004276,0.003174460981802128,0.004893156356094787,0.03178244619686643,0.051558984037747654,0.024905787389562145,0.02459886416236943,1.1914954859160574e-06,0.001591209908769122,CZE,1996,0
0.011092668540173363,0.0006696530353717379,0.021543650950940095,0.004757742390147643,0.03149827909530306,0.001588144068967735,0.00362679061953825,0.004375909994067569,0.04537816598002821,0.041667447723139656,0.025481409423475584,0.024426206740150943,0.00011965507474134539,0.001481967905466566,CZE,1997,0
0.02300972495371971,0.0016064509366846573,0.04442535227530489,0.008481620342176963,0.06489172605720966,0.0032734763044702723,0.006710246641645438,0.009812203895587443,0.09898718359091048,0.0825142691646442,0.05274497770705467,0.0503048184517505,0.0003538318209294865,0.003013633566146112,CZE,1998,0
0.021213785753352494,0.0008719478167193933,0.041535438862599125,0.009503647242100278,0.060671468083218945,0.003066694621357671,0.007485644025216507,0.007944909281584957,0.08637451487458006,0.08086894502475674,0.04908128200438406,0.04697021625053948,6.982030818810064e-05,0.0029786003056665486,CZE,1999,0
0.016763502053125687,0.0014097539814330827,0.03226533499570611,0.006339516597568382,0.04707459706960673,0.002378675153975478,0.005744345684186899,0.006218996561633616,0.07167375179046313,0.059947953630704154,0.038213770479255636,0.03651216447387799,0.00038908119721907646,0.002126849969638662,CZE,2000,0
0.02011838171664008,0.0028347045820357247,0.037948157985482206,0.005822129763272938,0.05554886147497043,0.0027837193217635256,0.004058408402663058,0.010537547562127306,0.09050442866283614,0.06739329093627604,0.04531159527954911,0.04323008530427594,0.0011995798595643915,0.0023037259269312166,CZE,2001,0
0.011050913373747055,0.0006526918244857019,0.02117242542098261,0.0022662713269504726,0.030951435819978917,0.0015557813276161983,0.0011416429688056418,0.007956334737675713,0.055156711860662996,0.03496110669889375,0.025581233892889157,0.02393644141423396,0.00011053813128394948,0.0014962581097261271,CZE,2002,0
0.002258782360453188,0.0033102596957355897,0.003562189126952611,1.759826700476429e-05,0.005307710810755868,0.00025197698190346685,4.969218993309231e-05,0.003144622118879647,0.013006609762068074,0.004486215292949974,0.004421248354029058,0.004268218794732368,0.0029749419372834163,5.8600248502965684e-05,CZE,2003,0
0.0030199126979499487,0.0011560500958618198,0.00577585733272933,0.009460986746892658,0.009249346344606772,0.000404072409980726,9.770787815578593e-06,0.0039754616623543316,0.00044109772853579825,0.02969953147868135,0.006428340879395388,0.007625019922840915,0.0007391328892187161,0.00022999203176920144,CZE,2004,0
0.0022509379868384644,0.0005392530369025079,0.004505994954339014,0.011699871360604897,0.007387705884340748,0.000312978711240838,3.4210082545145827e-06,0.003283626758865058,0.000148808749152032,0.03031582207008245,0.004872838733862804,0.0061494330446807,0.00027638593052097085,0.00020255027458487523,CZE,2005,0
9.822819058474179e-05,0.000617364288459855,0.00020809542462076652,0.013054327026530343,0.0005998699655423833,9.577586101040939e-06,0.0013537808783835093,0.002577918055459811,0.0179528954588985,0.018177419336308325,0.00012814873715226706,0.0006590283166441279,0.0005800440407296833,4.302765966766857e-06,CZE,2006,0
0.00214760663923792,0.0028109764598609967,0.003611534615625654,0.003814952150499203,0.005989069369670393,0.00024202561781898083,0.0018268180814783252,0.008473007703129733,0.0008598083943864453,0.017140930665173644,0.004236691066121937,0.005069720784191554,0.002404637554483331,5.9366559395021455e-05,CZE,2007,0
0.004478383505491517,0.00495234427416378,0.008356518569441956,0.033530153650689974,0.014234626642513733,0.0005632249754532658,3.070173578241636e-06,0.006459755939176481,0.004272326835169331,0.07484011580229102,0.008646491126447607,0.01229760450222839,0.004097281405137794,0.00013580914676197052,CZE,2008,0
0.007492456577394448,0.005412545485052804,0.013433894771355055,0.013670661156861722,0.021429140666086616,0.0009322288849286587,0.00038460022617622377,0.013952904826214604,0.0050188309163366664,0.05629297683274105,0.015441618194784804,0.017702180681373466,0.004168905726487413,0.00039416400803786016,CZE,2009,0
0.0011984159382676485,0.00016775406532053538,0.0023363062208618304,0.004261333843459889,0.0026924122736319907,0.00019398870310683117,0.005533421575724964,0.0010832087511289683,0.040229953289480924,0.00093990535384428,0.0030984841130704192,0.0017620934327274393,0.0003406218118272019,0.00032297913065943416,CZE,2010,0
0.0024629134511070937,0.00112536358229573,0.004959473879821319,0.009899024199518588,0.00585318106146459,0.00040746530199192146,0.0054394857749048165,0.00024510518845192254,0.08506432939416984,0.0018153973257411002,0.006780111649144126,0.0038277233748951643,0.00184803388077907,0.0008467368437423876,CZE,2011,0
5.179411746040157e-05,0.0013924886941975613,0.00018231548405455014,0.0014077658098571397,0.0001512285839553501,1.829261764608513e-05,0.0018101384670876012,0.0009389690899396384,0.007409291333074514,0.0010710160542204887,0.0002632560165743298,6.379939537294676e-05,0.001675876718568996,0.000130587870464516,CZE,2012,0
0.0029585476250174117,0.002059678822855026,0.006773846343661606,0.0002808383834397699,0.009284192919336832,0.0005270163640526363,0.004683495831926634,1.0248025511266821e-05,0.024079491295150093,0.007134398769932719,0.008137317907906874,0.00672875344679892,0.003312688455841787,0.0010735269629482654,CZE,2013,0
0.0077740544601594954,0.00046292537695873765,0.015983409547406065,4.073804907047517e-05,0.02208562317101077,0.0012219250968221462,0.00670300424480214,0.00070089556134354,0.0682142545873582,0.013585294072141615,0.01951694691462214,0.01632133159023269,0.0013666893662116306,0.0017635487632723925,CZE,2014,0
0.01781802286998197,0.0001464069396598141,0.0343659219089577,0.00013490559031935064,0.04751489109987642,0.002605235257834378,0.011521160868937652,0.0025369507647981337,0.16801221403061598,0.02369828175192626,0.04236679936943165,0.03545276603892459,5.645016546792432e-05,0.0029219685643124115,CZE,2015,0
0.02953250868693119,0.00046023518970066964,0.059467861717421175,0.0001719077956673845,0.08275348399768076,0.0045169582022397785,0.01940243148246731,0.004730834732429919,0.24948459609573212,0.052809607789427615,0.07276028304490424,0.06159350626632214,0.0025045276607544888,0.005992776155942392,CZE,2016,0
0.07274939120715082,3.5990891803200807e-06,0.14677759714438765,0.021314434388076568,0.21087948079992086,0.010973969755262498,0.03846256687502388,0.018022556648063945,0.3709333238337357,0.2398834111148895,0.17466206207571722,0.16072532535001297,0.0020496700847235675,0.012906662182121097,CZE,2017,0
0.044150237745727086,0.00047524220349351833,0.09051677888432323,0.01322124892127731,0.12980496173700168,0.006786982832612726,0.024379953019760984,0.010664809432667975,0.22845547552718842,0.14744110335732263,0.10778141834623105,0.09854131598981056,0.0032819729477048106,0.008631635747009288,CZE,2018,0
0.04342646247853765,1.0897425772357597e-06,0.08729588677152578,0.010312578508774015,0.12476789495196972,0.006542894859996168,0.026428476652897697,0.008556277940741083,0.23711897257099082,0.13300825262333804,0.10402680166116983,0.0948602670729167,0.0010278068865476756,0.007622871151184927,CZE,2019,0
0.012928789759962896,0.009169437665669855,0.02989821978848359,0.004928211421943,0.042254298965097366,0.002290410273558651,0.011064691871101375,0.00196216962189256,0.07339097662760642,0.04815375568514637,0.035645379086537206,0.031161876925835937,0.014866300672517508,0.004683914682191716,CZE,2020,0
0.015234885813571644,0.0001416164212722829,0.032738335982972724,0.03596437302047838,0.04928949051610473,0.0024104351334736074,0.011093288593311629,0.003108984342081552,0.015487116607625848,0.12063804304687506,0.03656193394719628,0.03864798105322268,0.0011206027826747473,0.0028497379418769226,CZE,2021,0
0.0024935481042821853,8.753829964014996e-05,0.0050474628759914,0.003197062753218049,0.007390393415930354,0.00037492503707659556,0.003088557129123877,6.36570035318695e-05,0.005810205209623577,0.013534928095344291,0.005695789666587422,0.005757162037885133,4.464945451712996e-06,0.00034845336418738373,CZE,2022,0
0.00018316632562587678,0.0025083973633870586,0.0006935918486033313,0.0012320119573869651,0.0009444227535613929,5.7282202613288016e-05,0.0024454351628068367,0.0005807401347561529,0.00018401624614010389,0.0024937555243023683,0.0007288644834511246,0.00065196040900478,0.0031710828816977122,0.0002657821816694169,CZE,2023,0
0.0013821161229613627,0.0011122101169115403,0.00338640542872688,0.0032672711642794798,0.004892219100004666,0.0002591358947072106,0.003260328502963631,1.8423376367713447e-05,0.002422149764301952,0.01052353289293344,0.0037625110776386083,0.003679141557149862,0.001773746918813148,0.0005072843566383901,CZE,2024,0
0.014623002801905316,4.52390978489728e-05,0.027160008095605728,0.008832497912961318,0.036955397262759745,0.0020578894903956033,0.0008610984289660374,0.010786790190966462,0.21787657543199032,0.004533186100454296,0.035661897253809416,0.027078505823362423,0.00013079066329183518,0.002563189450082375,DEU,1990,0
0.011735911842116883,9.267796849103998e-05,0.0211409843426345,0.018932109235326105,0.027913682580590807,0.0016184473042696438,0.0006284850545320361,0.0081797667607876,0.2368220578035129,3.4116560844029885e-05,0.02865779470651163,0.020053883838491573,3.5278805101118555e-05,0.0020253440502556066,DEU,1991,0
0.0018307975634203183,0.0007998574443346138,0.0033701056903317275,0.019298777970981087,0.0039456291607077145,0.00027230431161132037,2.0077262995954446e-05,0.0021553204974104874,0.09383701738951318,0.006143234516442076,0.005237596502744985,0.0025110895014339237,0.001342453974922338,0.0006473388560439365,DEU,1992,0
0.0008075976825038879,0.001765536184309654,0.0014900532575433075,0.010384960560694672,0.002558195321678443,0.00010058082588696503,0.0009515262267977167,4.3703783705993085e-05,0.003088628000908749,0.01799971522621682,0.0013816074867513462,0.002267743856662913,0.0016369235665190352,4.359620564958011e-06,DEU,1993,0
5.617533954808314e-06,0.00036949707351163123,2.1286574792403936e-05,0.009980089886863512,0.0001039336798014155,6.217621499875002e-07,9.505393541758963e-05,2.578145746089166e-06,0.01576738805578955,0.010319350546940623,2.2135490206748722e-08,0.000144714741244639,0.000391678312657529,1.587698645285181e-05,DEU,1994,0
2.769809346343706e-05,0.001906853383893802,2.7802607595570488e-05,0.007441308899903758,0.00012177320939616741,7.044271552373662e-07,8.09955769427726e-09,6.22550908780685e-05,0.011464613460284143,0.008356621544772442,1.7025531272847514e-06,0.00017562112654250032,0.002101382561916768,6.319360732105302e-05,DEU,1995,0
9.599437691378246e-05,0.0007129841427302958,0.00013656890518948738,0.0011009125672965811,0.00025881989141765316,8.289531120256343e-06,1.0540956178828956e-05,0.00019706303333677212,0.0004917173306771077,0.0020933834422177163,0.0001286788776117077,0.0002478759357717506,0.0007330561696649773,3.631784897647785e-06,DEU,1996,0
2.866184566292953e-05,2.3019845582895957e-05,5.6024038236089876e-05,0.00043652970069916466,0.00010989804796196369,3.4390723197367504e-06,0.00013489866213576123,0.00031857829353399423,0.0002441202595771322,0.00092916170005405,5.832125291513126e-05,9.99043589016008e-05,1.6424615489503948e-05,1.1541298662807004e-06,DEU,1997,0
5.659533016491046e-06,0.0004906268164655532,3.524933996973271e-06,0.0016123281945475726,2.8683186842393265e-05,7.58995199547498e-09,0.0005498503100463394,0.0006367842622539639,0.00305935889388744,0.002171850855074689,3.031069304708648e-07,4.536462198815053e-05,0.0005333185471779572,1.6842382041281395e-05,DEU,1998,0
0.0003928676789678016,0.006102773472599903,0.001353115494492203,9.89686841201607e-06,0.001743880695041865,0.00011263187407137923,0.0009703182885743645,2.316288409553984e-09,0.006944676152023658,0.0006549788207438715,0.001707863924735743,0.0011228567803264775,0.007680492651702236,0.0006447619817829778,DEU,1999,0
0.000501833889206956,6.423075199393499e-05,0.000919543713506718,2.175418777958688e-05,0.0012691018000352498,6.932570816587593e-05,0.0002907950342976977,7.503382783525149e-05,0.005015042958830903,0.0005163840713824262,0.0011401458731611946,0.0009537705768146351,2.746817423547538e-05,6.074602570599829e-05,DEU,2000,0
0.0018271159960220643,0.0003437158571053768,0.003920579827168879,0.00020781501951192954,0.005479825089202703,0.00029956143231521845,0.0016630683414696878,0.00017528937602467914,0.01296789387472334,0.004698328952419053,0.0047196355595786514,0.0040589260632002125,0.0007179364642648195,0.0004852773212519487,DEU,2001,0
0.001371074758401998,0.0018431683476050043,0.0033218533074524416,0.0003178349382409989,0.004572844606282481,0.0002594732053583776,0.002281141573489027,6.387068337999821e-06,0.010030404235874178,0.004208657244378492,0.003965437564148364,0.0032957033449430686,0.002732753815593491,0.0006184192084637023,DEU,2002,0
0.001300722122325365,0.0034797456567941965,0.0033667511260708797,0.0002678093145744614,0.0046223026014106045,0.00026490675161188203,0.0018404838123535563,5.233847973900159e-05,0.010372768558741578,0.004139175804334253,0.0040633700695052325,0.0032804379676731957,0.004840422505337715,0.0007820731385062888,DEU,2003,0
0.00016335202661039278,0.0012342995505056163,0.000468159736599134,5.567484973187958e-05,0.0006194112022087432,3.770226658624831e-05,4.24179738600166e-05,0.00012145482815894635,0.0029871215990674447,0.00014730191810335033,0.0006148708950830025,0.00041307002119972836,0.0016058513138957416,0.00017207957738954403,DEU,2004,0
2.1308200154482662e-08,0.0006797843822892203,4.519057142126369e-06,0.00025112739980955745,3.2724275694965427e-06,5.271851547181304e-07,9.26275109247761e-05,0.00010012117587426761,0.0005717296261615175,0.00015113844484585133,1.3257322450728641e-05,2.5009168404922204e-07,0.0007970048717736877,3.2964686343114136e-05,DEU,2005,0
4.150205664401757e-05,5.109271715696432e-06,6.804517306194278e-05,0.0004904862820816702,9.145412848190733e-05,4.986654233388702e-06,0.0003951100937690438,0.0006063023381264718,0.001873945789237574,9.396225108237647e-05,0.00011849143300350805,6.283264202793662e-05,1.2475436604697054e-05,1.1731556017737293e-05,DEU,2006,0
0.0006464802010936803,0.0006393478213261169,0.001175390878571726,0.0018807090403437096,0.0018158035866924047,8.379748756529273e-05,0.0006091173754899373,4.374639247042769e-05,0.00021314410667430613,0.005322693518709406,0.0012605638512237995,0.0014962281778985855,0.0005376327217062554,2.4313704982406415e-05,DEU,2007,0
0.0007342718807878695,0.0017705864454839887,0.0011809177016773953,0.0013226246275269233,0.0018403005743006125,8.228474416389849e-05,0.00028198024248895533,0.00019546253544776336,0.0005335401948201804,0.004644415571535823,0.0012958438892592156,0.0015482503525388876,0.0016895673346148086,4.223442243335012e-06,DEU,2008,0
0.00543848467162875,0.007480028851186956,0.009085994869396766,0.002758273579786648,0.01339570670978702,0.0006557790145442403,0.0036953124487343002,0.000547950376899577,0.01758473196327751,0.01899634173395699,0.010428758935250259,0.010795510117230109,0.0067192915478231745,0.00014506003730129578,DEU,2009,0
0.002691755458203953,1.958811997807461e-05,0.005205046236455747,5.534426150427947e-05,0.007488401282995197,0.00038571661923474966,0.0001392430111678505,0.0023262320538425356,0.018929286984261544,0.006012646420759977,0.006447589740958585,0.005698620943187602,1.3047483855307014e-05,0.0004411316896111439,DEU,2010,0
8.727431726713051e-05,0.00027259286120837463,0.00019294040516545433,0.0004969715582918084,0.00026251823897213006,1.4689355330038935e-05,0.00047001628787702004,0.0009495097045722859,0.002955420905451618,1.7737563280899937e-05,0.0003026522758307133,0.00017695061858238886,0.00037945294622638843,6.0168193919952474e-05,DEU,2011,0
0.00012287456467534932,0.0008924922968230958,0.0003328804866828685,0.00016666919659140327,0.0004592012286376189,2.5899791604310314e-05,0.0002137708407272549,0.0007823396224014938,0.0026454165462512415,5.850133979854315e-05,0.00047341392312657226,0.0003101883911232595,0.0011738900954628327,0.00012812449216778574,DEU,2012,0
1.7820266706163057e-05,0.0022395099603039264,2.2167306462144326e-06,0.0005746860581249991,8.442220406363823e-06,2.4574155199136948e-08,0.0003038186084500363,0.00019390803536253174,0.000678803133025368,0.0005277375365004483,1.3558545776534996e-07,1.891460598917111e-05,0.0025635802260221907,7.572626699309083e-05,DEU,2013,0
1.4411969496355327e-05,0.0009147616458988057,6.328472179360004e-05,0.0004499271363342663,6.9664663183217e-05,5.658819068430701e-06,3.361241982473305e-05,0.0001198275581747211,0.0019079329187119646,0.00015842506817697518,0.00010788906131150288,3.442683631062318e-05,0.0011103071532081487,6.992624345971048e-05,DEU,2014,0
4.3843230147007e-06,0.00012999511838438313,6.57466853956943e-06,0.0006184508984603463,1.6585044772550167e-05,3.429345747949891e-07,8.274031341622171e-05,2.9833598885066627e-05,0.0007338126299073817,0.0006545434008875981,1.7482851205043434e-06,1.967275740896911e-05,0.0001421950615196807,3.231531254782984e-06,DEU,2015,0
5.963100228613495e-07,0.0009477410340427292,1.6683901085017091e-06,0.0007426510291006027,3.252437563929143e-07,2.652413770014817e-07,0.00037597613901436364,0.0003260656497417448,0.0012956150995146803,0.0005096168467470366,1.2666146927687958e-05,7.997843355658758e-07,0.0011056055554965803,4.357392133102864e-05,DEU,2016,0
2.454848049709435e-05,0.0007203191713998686,2.7595013888522855e-05,0.0013535319367628511,6.191700587097293e-05,1.482007516184242e-06,0.000211660804012908,6.13543759615656e-05,0.0013547965662610902,0.001550177515075106,1.2113752947877859e-05,7.137093852029576e-05,0.0007932510731669688,1.631283906428635e-05,DEU,2017,0
0.004148061407015747,0.0023540531092255458,0.007665450052332561,0.005700432447486343,0.01136450008034637,0.00055978999564578,0.0051009825534278986,5.7489676378931465e-05,0.007559866846234002,0.022361132244885465,0.008523552215305107,0.009082179767835616,0.0017843468262337683,0.00026028704327289617,DEU,2018,0
0.0018467730605981854,0.0013867140653696102,0.0033700649327912777,0.002862804297258205,0.004989077861007471,0.00024619022549836187,0.003007942057177159,3.4257486268351386e-06,0.0029569674165123095,0.01024420886541433,0.003697628407199712,0.004005169442740503,0.0011229288434609996,9.36135540350797e-05,DEU,2019,0
0.012220743102134276,0.00935814787474149,0.021505966184035327,0.007198319112552549,0.031876608937928506,0.0015565158912826584,0.005356750743284839,0.0030245238827676596,0.037742225838641355,0.04796633709075967,0.024886658141163268,0.02546407883829064,0.0075610395389053755,0.0006337844674782498,DEU,2020,0
0.0005763583018069284,0.00021141257985709904,0.0011443343486712675,0.002186160260900641,0.0017223976003177494,8.394288951504806e-05,0.0016013844970446107,6.641842157270644e-05,0.00013785929455034475,0.005262155579600539,0.001191726597278173,0.0013895325343286624,0.00014138204108198255,4.384472433636959e-05,DEU,2021,0
0.00010205053317707402,7.16976660773069e-05,0.00022954678284668455,0.0021071457825171305,0.0003566045229669292,1.705749444133242e-05,0.0017856244885304092,0.0006562164833381161,0.0005967091558242969,0.002740798194788554,0.00018460043432193008,0.0003012357850483681,5.781358835733493e-05,4.160852811322198e-06,DEU,2022,0
0.0017698988714304642,0.003087280816054123,0.0029420299155113465,0.0017394014349539951,0.004347097719166518,0.00021250769265119531,0.0024816831336611157,2.7168904527724944e-07,0.0038626842043586267,0.007613950477439722,0.0032580942789615782,0.003538810414443191,0.002870302068133684,2.925397191256406e-05,DEU,2023,0
0.0013901332339945535,0.0029692670252159216,0.002322496791580624,0.0030228306377443003,0.003498897776893646,0.0001665142792471778,0.0028727770697190447,7.314518947571025e-05,0.0010525966937879284,0.008739439222841929,0.0024549610394765603,0.002901258215017342,0.0028227086951461127,1.2239933662308007e-05,DEU,2024,0
0.10976805071048583,0.0022342521112718237,0.22663572267493687,0.18562839837040038,0.3304417294195308,0.01693842189925599,0.21565991625840966,0.000980385029611114,0.2082820559370654,0.6598287107935625,0.250909320162092,0.25711754977441675,2.2983594726985246e-06,0.01600948695426957,EGY,1990,1
0.1257903373775611,0.005052997130345625,0.2651681092114273,0.04559459112399088,0.370661726783513,0.020270886051513542,0.2334354905524256,0.000676586412511574,0.6966977564370408,0.39753366411001734,0.30889754823314924,0.2776759492409662,0.01738306536526004,0.026863983301610724,EGY,1991,1
0.024703098063359286,0.0001140346599319303,0.04570236280865671,0.043142586613071354,0.05588226808060086,0.0036692457378321706,0.0745802979794657,0.008005741671347917,0.5876284686618589,0.001853722112369088,0.05908492117060899,0.038674741553705386,9.515537936253555e-05,0.004335197061293598,EGY,1992,0
0.01610677524535411,0.00021693759859132326,0.02985920441637718,0.023330826150076252,0.036364170300766926,0.002405827903406882,0.0635438923129306,0.010241895318242305,0.36569622673665264,0.0006687108342901877,0.03797270184722462,0.025213722641431593,1.1094397633795638e-06,0.0026716028334767107,EGY,1993,0
4.633411471540925e-05,2.449676124465559e-09,0.00014597945699712598,0.0130568675797425,0.0005850523525933329,4.619386893108919e-06,0.012493227031584253,0.014206172473383391,0.023378458249555433,0.02145525730701432,0.00011767609426904419,0.000660351177674564,1.0009698178111027e-05,4.3726445057729475e-06,EGY,1994,0
0.006938453175715194,0.000959104200821612,0.013573898749567907,0.019043976257830778,0.022196760302478316,0.0009368840622220938,0.003322612623299727,0.023967800265179064,0.0012689177339807838,0.07016876669040364,0.015689954887883096,0.0182631012242188,0.00033665503096903007,0.0007614467418814743,EGY,1995,0
0.04320222854686979,0.0005209472515002551,0.08543318383024563,0.024070774823832703,0.12818639027747797,0.006208678662143207,0.00011238381007057988,0.055220541326436154,0.14383677207797915,0.19768139223127057,0.10245749461747575,0.10009174106610544,0.00010565884541780039,0.00673436377391724,EGY,1996,0
0.05616463764325868,0.0006278532543379574,0.11138551509048061,0.033272965826379994,0.16683653509739402,0.008108119154876955,0.000768575641651716,0.06441939206177884,0.18380107403203294,0.2598588475747904,0.1331033485581794,0.1302010469260715,0.00016015403818759618,0.008783149835010265,EGY,1997,0
0.03397888372864102,0.00027931869717953115,0.06678916062140962,0.013058408262598815,0.10030550938378369,0.0048420923836640555,0.0006053719972295623,0.05706116197798012,0.1298851635392826,0.1422239971568231,0.08125515465688529,0.07817529821027024,0.00017171902417555856,0.00544138129746071,EGY,1998,0
0.02655452041313232,0.001016247762377927,0.05018920658211483,0.000878120053231463,0.07379638701378247,0.0036594795144832106,0.000695617963476198,0.04386184813242956,0.1655189578041195,0.06762073198099679,0.06274781896441062,0.05690873767780177,5.583574290306915e-05,0.0038529923630856596,EGY,1999,0
0.03130621670548499,0.0006114604911857692,0.05990895568440535,0.0012720952591570344,0.08757919080524487,0.004391369885860742,3.123614684695969e-05,0.04285058952922197,0.19727476744433586,0.07982008452114099,0.0745299660777748,0.06726566926956008,5.789593300642268e-06,0.00482965506384247,EGY,2000,0
0.02184243699644403,7.77224943073274e-05,0.04342010720018306,0.011185845072729865,0.06522902045338023,0.0031536940440796872,2.8440328963183275e-05,0.03219011480292063,0.07537080733576375,0.0989229038855264,0.052363450295000384,0.05085226788457304,0.00023849932005048864,0.0036013177792992104,EGY,2001,0
0.022024617622014252,6.785262737116042e-10,0.043505813944825035,0.0036258926755309176,0.06437566859122454,0.003180454550752376,0.00022859018575160592,0.034991844035257354,0.11253169387851594,0.07374764913732001,0.05365258432315388,0.049585297302333464,0.0006190986638286807,0.003915013137495243,EGY,2002,0
0.017716077765120644,0.0001592638934109319,0.032819460215811634,0.004179916578350414,0.04682160545943586,0.0024196084769313926,0.0025822531616861914,0.037545054780887765,0.1978678045253268,0.016503091529517223,0.043179395559512036,0.03521103949052567,6.495492264645265e-05,0.002955082439376032,EGY,2003,0
0.009549322503815077,0.00028478196388933305,0.01779004672618145,3.4318030770730807e-06,0.026439368040881477,0.0012835725529974603,0.004086833086303111,0.028672148714479435,0.06759525765675425,0.02102754253788835,0.02291061869499819,0.020406967053949048,2.957947631048149e-06,0.0014375727086800027,EGY,2004,0
0.005787882578386548,9.690186514327261e-06,0.01164693223474421,0.008089012242402396,0.01857132104389049,0.0008169446364101549,0.004167425636602268,0.023201563098206594,0.006814760583451672,0.043915554259979755,0.014018920537009587,0.01489327954845735,0.00010789842919496688,0.0009595029102065528,EGY,2005,0
0.004392053653953996,0.0008358569203097121,0.008366088479674223,0.008552260434296665,0.013639864746671792,0.0005756286709413969,0.0034819782048338853,0.017940008996219708,0.002229242224350705,0.038089272627417695,0.009887105242856064,0.011201580578811573,0.0003699208858096486,0.0004485184846611757,EGY,2006,0
0.0021474359203377787,0.00026634590313076773,0.004242587477027023,0.010313425637113655,0.0074820605044799236,0.00027878425509691226,0.007471957491150381,0.019163578654519373,0.0005555266732763313,0.033378393481414075,0.004934064204202355,0.006355776695662614,7.202705772152959e-05,0.00023723573045798257,EGY,2007,0
0.0008320616394660215,0.0025675027668651948,0.0012719214220901648,0.0049319989510830985,0.002547846644975765,7.351199884511444e-05,0.009280456742826553,0.015071387840972663,0.0017226218679511401,0.015664363353193832,0.001493885899496396,0.002369283210446683,0.0023762276672981007,5.895073905018029e-07,EGY,2008,0
0.01952259310171474,0.0009829944977656543,0.03682084772186919,0.0012026019158097932,0.05446200948564558,0.0026753863012147403,0.0007658871694516433,0.034054376330236925,0.11211614465737037,0.05428359696852065,0.045879920001909304,0.042178544802432515,0.00011330230152418958,0.002733171893561518,EGY,2009,0
0.012408927082335803,0.000454309292337791,0.02394779687580399,0.003836617456543671,0.0357860168255569,0.0017375627493045522,4.1080668266290645e-05,0.01824187235152238,0.05124316751595897,0.047575084531925646,0.0291364321894183,0.027907721438850838,1.9228504136971704e-05,0.001779937442403179,EGY,2010,0
1.4366862913316805e-05,1.1189411318956133e-05,3.988048898595642e-05,0.0033309422873002204,0.0001480094771524834,1.3922622229428808e-06,0.0022262944141890496,0.002670860135361072,0.005631468679197374,0.005252457989344518,2.9683388134757146e-05,0.00016660844410074335,4.379308496459436e-06,2.1561292303983966e-07,EGY,2011,0
0.0021704377540596987,0.00020032049246716417,0.004094428402622701,0.0021201383738534457,0.006009424212370216,0.0002955511403904841,0.006825469458081738,0.016455353677957862,0.031236022378125776,0.0012024012398746174,0.005832936453566748,0.004479975762399521,0.0005490763590285225,0.0005435842614047167,EGY,2012,0
0.0029424516658355694,0.00011311821134316162,0.005864821546517116,0.0004136950377013279,0.009139717388383952,0.00041439057854225923,0.005787836604213956,0.018191578734823428,0.01263772664901738,0.012427254508823897,0.007578089396245972,0.00713881040120664,0.0004542604709737282,0.0006381516996524778,EGY,2013,0
0.008558285582558858,1.981944137829111e-05,0.016648387321785203,0.0002874350362795929,0.025139409546513756,0.0011964328658145551,0.006198023683440613,0.03247332593536378,0.049481709014561434,0.02607202590047033,0.02135150691465455,0.019435420484024014,0.0004349735065655999,0.001616111132781196,EGY,2014,0
0.023008453836781094,0.00013016244616525892,0.045214630540222026,0.006040044252333935,0.06703798689763363,0.003302507512766792,5.739844464678206e-06,0.03049661064761283,0.10435017225524314,0.08395489407598385,0.05511793644809578,0.05188067277926826,0.0001683098603467331,0.0037600672721586604,EGY,2015,0
0.031295559855627125,6.824230642273955e-05,0.06321928229684458,0.013415069352099717,0.09400831569920404,0.00462780442381862,0.00018007051800122219,0.038900854186780735,0.12311498177205121,0.13213390150491844,0.07636708733323361,0.07267456040395684,0.0014908614262900746,0.005774316770208511,EGY,2016,0
0.006865829878649142,0.014650520261407878,0.009541382744155585,0.004311194649771142,0.014683622965320673,0.00064339319084734,0.020932715756283263,0.04605451361515711,0.06851018458336486,0.004227361444845139,0.013364693567388267,0.01193966084520002,0.013646348028433859,9.133732133979677e-05,EGY,2017,0
0.003000280252623717,0.0003415076652148501,0.0053111929600603,4.883536109304303e-06,0.008394292040077363,0.0003653291687580808,0.011324173395910532,0.025535355579431374,0.017053698738689935,0.008518394884255692,0.00714626087115064,0.006674132948706194,0.00010104476709391962,0.0003752001341957053,EGY,2018,0
0.006389924739254768,4.874120566442232e-06,0.012402850801053786,0.00048753122374338724,0.018565072510635366,0.000897109783422925,0.0016503275628759475,0.016939286682646385,0.03493915314462742,0.020026553548346065,0.015623666196464417,0.014355698023564829,0.00012627404524977114,0.0011111856146705356,EGY,2019,0
0.009705199474674466,0.0016054572765070406,0.020856384640345546,0.006361276013642502,0.03127243029763918,0.0015299469907026088,5.562089551483766e-05,0.01631979064709418,0.0324607541938628,0.05009284788264362,0.02520940042559547,0.024023989738819654,0.003628962863027559,0.0024916934668367512,EGY,2020,0
0.013190672195482358,0.0008539967849092775,0.027078415715918392,0.0016352753286377282,0.03976034949360912,0.001996468282558182,0.00011773625378719788,0.021337034967049306,0.07517650418600252,0.04255190423755827,0.033603371326190574,0.030252003708491137,0.002588392587215658,0.00300501723237632,EGY,2021,0
0.01105517186448379,0.0005101771294706226,0.01998081691594878,0.0048572775256795105,0.027907286473633615,0.0014864654608966001,0.00015362374828306778,0.015612683489245317,0.14337878626520442,0.005822134514465531,0.026329952474211524,0.020835059826522027,5.992508507259377e-05,0.001625916295809998,EGY,2022,0
0.01642464407097031,0.011850565755450166,0.02926795709441574,0.014644508098117088,0.04391547281421041,0.0021076976150461147,0.006087231769290756,0.0051627433439262035,0.03803449486271115,0.0775740618023976,0.03355385086277667,0.03528833528927506,0.00940842515311576,0.0008835566901036993,EGY,2023,0
0.04828419792218628,0.0030643531800976505,0.09470003835475253,0.044496540829555786,0.1423779523303775,0.006880667840573134,0.005210774541343892,0.03685850755586687,0.11953151363312771,0.2538863804399781,0.11076276843878508,0.11209714009159821,0.0005407228568148785,0.006325298871638583,EGY,2024,0
0.011016946914948948,2.7249379954796293e-06,0.023394263076124383,0.026567112544630123,0.03530940160411474,0.0017179323530608504,0.007958692764834801,0.002221490857892534,0.010333932282523925,0.08787948562186108,0.026058917171517766,0.02779180366082871,0.00037238389391434836,0.0018958531951943987,ESP,1990,0
0.007053066370493573,4.7642173847686635e-05,0.014753290856394844,0.016860544770387148,0.022259686394817096,0.0010820177998381794,0.005618057553827782,0.0011320219026232845,0.006565039924889195,0.05533718700277703,0.016383047096027552,0.017573276631168786,4.1996892813077486e-05,0.0010924675273785462,ESP,1991,0
0.015397185288676193,0.0006523400788319553,0.031090713587199666,0.024420157104978038,0.046551370310052985,0.002278024182031065,0.009129453669646778,0.0036323295848299892,0.025448547475105738,0.09783491627182717,0.03519485183068243,0.036667127317432484,5.1687642046003055e-05,0.002097841079388938,ESP,1992,0
0.031595574065973527,0.00012534261743016789,0.06454532626544199,0.032894421394810254,0.095120738279351,0.004773823089171887,0.019114574409397418,0.007138057009746364,0.08390663302997246,0.165450049123561,0.07434646859872088,0.07387676061793698,0.0002856826910441904,0.005108028066780135,ESP,1993,0
0.024395874836329167,1.4691613617972835e-07,0.05097703214184728,0.0399156081025129,0.07609829788403764,0.0037557102963603076,0.014679583465550882,0.006085961691171027,0.041646620900428956,0.15963101573695657,0.05786620553520974,0.05946679898453301,0.0006892509106839262,0.004185851296134839,ESP,1994,0
0.040894575381363506,0.00027346884219049195,0.08317399484949953,0.03997790847180467,0.12236899412431196,0.006153862261402728,0.025134961555217463,0.008877422620560868,0.11377273647342732,0.2076469929788488,0.09593848524280903,0.09499844276637352,0.00022637502590054594,0.006485861909337297,ESP,1995,0
0.025558694225399848,5.1568797157962814e-05,0.05235927219860522,0.027008202243095168,0.07726382578782094,0.0038705518793075064,0.014378419863148103,0.00647155987094852,0.06689933359318749,0.135533366512901,0.060357170317930836,0.06000894435762926,0.0003381412401907974,0.004212436853789514,ESP,1996,0
0.01644935486362218,0.00024093560451272924,0.03448330619487229,0.014651451172521455,0.05041840300281422,0.0025682760921787538,0.010320623795399247,0.003677055905198186,0.05167828332929812,0.08134610792229433,0.04002217975638063,0.03875693319253929,0.001421344293079994,0.003223444626997574,ESP,1997,0
0.01851015992408035,2.5607756105408207e-06,0.037896395995373755,0.013021323834786328,0.0553950614428891,0.0028137166699461753,0.009283436434046877,0.00529532226903996,0.0645821823078685,0.08340529219895737,0.04430460495522226,0.042676747728170074,0.0005698765760883521,0.003262950752131252,ESP,1998,0
0.012767086202900312,0.014998508272626564,0.021759435882024652,0.00978551436430151,0.032709840940418754,0.0015563775939769588,0.004374534978517676,0.00397554422116007,0.030879143305325863,0.05560987080923746,0.024960987929182582,0.026516166807694638,0.013061364128000899,0.00042084194549023014,ESP,1999,0
0.015005023625364317,0.0005771728670396728,0.031660537602374555,0.011444910152104191,0.04631404165257024,0.002357322405995193,0.006619018588069622,0.005291239391685361,0.051572346005655315,0.07145291131085645,0.037105770014835684,0.03548961965047169,0.002123033422903177,0.0031707741079278606,ESP,2000,0
0.007119616546227798,1.0033430780378507e-05,0.014426243014796097,0.005607229484887383,0.02143782714171852,0.0010590563497415338,0.0012151479326035911,0.004654583408082914,0.02136382237578912,0.035162871532447355,0.016964899100411702,0.016663865720218097,0.00011179821091163638,0.001191185060039155,ESP,2001,0
0.017838448398638292,0.0006238030658775228,0.0351641513609023,0.011074050522421724,0.05190883323027382,0.0025831479125044735,0.004464416758576523,0.00894807608805553,0.06087780424296112,0.07805955307112078,0.04138433296663772,0.040395991238306006,2.637003328825731e-05,0.002538974829467198,ESP,2002,0
0.02656821408492565,0.001426762756707792,0.051931829140458324,0.015617363550620657,0.07665867589792806,0.003810923551653109,0.006442291359592051,0.013407093941895347,0.09226853565792695,0.11360049866593788,0.06116910896401842,0.05973193643898653,0.0002013602803994739,0.0035925857759203784,ESP,2003,0
0.022654636555126024,0.0006222021954179171,0.04473803092759731,0.012783658190416384,0.06586394471325431,0.003291719913436695,0.005814970976589514,0.011157328309621208,0.08188075751361842,0.09568597620907923,0.05278109299318894,0.0511394952335664,5.595476078218459e-06,0.0033090092718467664,ESP,2004,0
0.009041783685565893,6.189315155049729e-06,0.01819093568850718,0.004516484029553356,0.026784035292609924,0.0013403422781252908,0.001403275779601581,0.0060173854887975225,0.03494742488718454,0.03773359002476613,0.02165104095067132,0.02068712500459333,0.00016834659929698803,0.0015421090672715985,ESP,2005,0
0.0032180009133919393,6.941459093683246e-05,0.006597744385617861,0.0011179871934749856,0.009708715347978262,0.00048673547540454344,0.00012042189655781644,0.003281119951217341,0.014391992505543592,0.01255702440435156,0.007982856637451505,0.007442632736920474,0.00034040370365352046,0.0006566585150142309,ESP,2006,0
0.0015655675042805526,1.4197060877055798e-06,0.0030705442309845146,0.00018541059831944203,0.004520703937041688,0.0002249142457661899,4.517274410746927e-06,0.0022886108479615156,0.008601828600055027,0.004825334186589473,0.0037937725174345964,0.0034757074709796747,2.8047381295228126e-05,0.0002702506465774502,ESP,2007,0
0.005572617850647133,0.0003361675445823256,0.01061609225334401,0.0008362818117558465,0.01554843481952836,0.0007781956036329938,0.0002219852646216438,0.005109453882600512,0.02930977686593688,0.016759253620963154,0.012932792680733229,0.012024436828792028,5.8093807659002246e-05,0.0007548588156869895,ESP,2008,0
0.0325767892746388,0.002299181889824639,0.06252064873625843,0.008421817256430365,0.09104525380962791,0.004608837374808675,0.007645699085089632,0.01588571425478019,0.1563427747835449,0.10593505189635757,0.07483410544112863,0.07040657022552625,0.0005152940078401099,0.004279305028574725,ESP,2009,0
0.019164238119023482,2.7952868881757115e-06,0.038418591605266346,0.004993678647602986,0.05539747621526723,0.002863090936365339,0.007216498888314229,0.006894334302275947,0.09878344081618502,0.06234830204118498,0.0459629988471487,0.04229586911836843,0.0004198865068635806,0.00333898781428404,ESP,2010,0
0.016890719838013976,0.00022880936733300658,0.033267920928894856,0.004115699586015848,0.04799777326029557,0.0024734793636921573,0.006430240177892859,0.005813482297615555,0.08705220249062562,0.05332602006022219,0.039773674612234536,0.03677805158495711,2.0348967162163998e-05,0.0026336424958090976,ESP,2011,0
0.04616568888360448,0.0005328222798122065,0.09141591828193797,0.014162164507501832,0.13196721336976808,0.006801769940160853,0.021149991981078392,0.013241869530267842,0.22470296697593492,0.1542573094830278,0.10867946954620424,0.10119102082202701,9.056571138796042e-05,0.007249536484776366,ESP,2012,0
0.05605247769117286,0.0007296002632912568,0.11110243975505889,0.020154837584392488,0.1608833960613397,0.008254388754415969,0.024994611074915466,0.016734701731261233,0.25748014717213835,0.19719779851261657,0.1317312563499361,0.12362163358800417,7.888084717079284e-05,0.008722015162548906,ESP,2013,1
0.042024288935913506,2.6396094858247294e-05,0.08472055569457111,0.01737238829290136,0.12264193519785971,0.006308950107121512,0.020408788776379597,0.01179016695041572,0.1875177879202516,0.15527145458019026,0.100229421594077,0.09399102090422498,0.0007559841728237277,0.007183297540614442,ESP,2014,0
0.03586728205061787,0.0012720991435017906,0.07497795330419359,0.01716587771091759,0.10848874583287658,0.005607806180470322,0.017135490300663914,0.011101321326304014,0.15730091885139522,0.14227098106785652,0.08876059164703093,0.08258870438473671,0.004805156910155228,0.00757068631021724,ESP,2015,0
0.035478963666133484,2.0433148348382912e-07,0.07188370132351961,0.016672483253381953,0.1044609101301571,0.0053445086083805885,0.015222801783339748,0.011661687080308507,0.1495668060327632,0.1384204254591901,0.08496735182410259,0.08016623171205231,0.0009020535688103116,0.006200892060101678,ESP,2016,0
0.026126148370437155,5.062499590720719e-06,0.05286704949075833,0.012860892332539337,0.07694811511270515,0.003926679545216583,0.010821691549132637,0.008911129549667834,0.10738161369526028,0.10374470179754791,0.062438819004556965,0.0591257377244187,0.0005660561890653628,0.004509136018107893,ESP,2017,0
0.031168088767096102,0.00022823185288465525,0.06228427406375381,0.014900029167562136,0.09083401300850515,0.0046139686058923254,0.011719330154754811,0.011429269081763822,0.12700754176035214,0.12239698248378478,0.07359442766038458,0.07001271671083642,0.00015141342224159025,0.004986386609387852,ESP,2018,0
0.031716530331383684,0.00016505745065872348,0.06347812069193515,0.01513134396561836,0.09270046381841969,0.004698999324607191,0.010552121166151384,0.013013282431723209,0.12876562643634076,0.12545190552290536,0.0751156563786566,0.07145731974353395,0.0002271493670731926,0.005149519716311987,ESP,2019,0
0.10486671257797611,0.021717039791055683,0.19619565230554856,0.03697733671948295,0.2866712077965055,0.014404246817589027,0.03637170755141357,0.03654380249183141,0.4449981871241894,0.36063309140490507,0.23200509676328604,0.2237303227015083,0.011531559359897843,0.01077075087463194,ESP,2020,1
0.012403981935176923,0.0009152985364269235,0.026444582683234002,0.008012540425071837,0.0383083302207657,0.001982150192851443,0.007443198106816125,0.0030139125034359293,0.04882824628388086,0.05457285162474265,0.031052205388896244,0.02913929066815127,0.0025840202065313955,0.002817003280960806,ESP,2021,0
0.014337076208449684,0.0026847195851098936,0.031320855747723496,0.009129299238249308,0.04529255529965454,0.0023557224732285455,0.008061772614749385,0.004017999201450251,0.05859157181517137,0.06384886098795453,0.0369170384331089,0.0342458101982288,0.005714943727416272,0.0037530344232645447,ESP,2022,0
0.029973789618346496,0.0003301417534081777,0.05971830301759463,0.01572660041221257,0.08762530670912674,0.0044063835594682485,0.008243037080432617,0.014216523318321166,0.11433234449264901,0.12350181902691633,0.07060289445578717,0.06778026789440292,7.44033360276185e-05,0.004690634463526974,ESP,2023,0
0.027808464683660578,8.310751003351689e-05,0.055893778342177486,0.015481187943882991,0.08212418775708594,0.004125071715008498,0.006997279836230673,0.014240708137935607,0.10368352751746662,0.11808041730270617,0.06609643631371742,0.06346882375783466,0.00030517978516546876,0.004592073111284722,ESP,2024,0
0.010532397867571595,0.0005657086693541488,0.020755901841413182,0.009156156940962733,0.030910452692944432,0.001517918931350312,0.002630184835975547,0.00537256789260401,0.028652915383934933,0.052621179775653115,0.02418797730417595,0.024220171945387513,7.767218864839534e-05,0.0014138036169532523,FRA,1990,0
0.014298371046754488,0.0011432803693635567,0.027745411603276288,0.008989964349815702,0.041077393473846105,0.002031077395901575,0.0032874261654272786,0.0074068729735502735,0.04713193942914736,0.06260291231547543,0.032611988877922986,0.032112357613379,0.0002886437758739666,0.0018165428908121864,FRA,1991,0
0.012023281838521138,0.0016446090693179316,0.02284711454431834,0.005405790406486397,0.03370005983991479,0.00167101631132907,0.0023768217849205755,0.006529267018689462,0.04565535073465962,0.04650005806228628,0.027056322888552142,0.02634597737886556,0.0006760574879741948,0.0013778888825565635,FRA,1992,0
0.011544617276775004,0.0014306170678906563,0.021527506148346188,0.0007078632273529149,0.0310579545503677,0.001587800213759318,0.0017779354332393932,0.006666102612147453,0.07170803193255085,0.027630098656371394,0.026248621078970587,0.023918381895705085,0.0005614725759658657,0.0013809306975454273,FRA,1993,0
0.008912135115640043,0.000512727754340577,0.017114384368477332,0.001919343631926999,0.024948838094462463,0.0012603264847860902,0.0013987933679704655,0.005420490268846533,0.04454757055873969,0.028129486034454063,0.020612414636510982,0.019272988983382665,8.426199421088819e-05,0.001210126049790885,FRA,1994,0
0.009060633938506521,0.0011556468481255975,0.016960591684029715,0.0010875343200485086,0.024626701373708385,0.0012474588503643632,0.0013040040480731927,0.005483715723305418,0.050453769273720056,0.02465729981150599,0.020556755157769113,0.019043243462798936,0.0004594534363127977,0.0010719680600090504,FRA,1995,0
0.01175921177420027,0.0006422301362649967,0.02245076857494972,0.001023745965109808,0.03227975535927924,0.001664444009459824,0.0027591266796090945,0.005556435214699608,0.07206118288144678,0.02968214359065128,0.027252881121355085,0.02473596587195062,0.0001011382296570607,0.0016194379155141114,FRA,1996,0
0.01119350366315844,2.6894096761690364e-06,0.022174218347558224,0.0011345643799323772,0.031812745019051916,0.0016529561646884143,0.0026392980214273876,0.005586005165233657,0.06957046834138983,0.029789217641753633,0.02696076806649947,0.024179719516493448,0.00023245307520107264,0.0019589158563400643,FRA,1997,0
0.011292507475176135,0.00013211184107107837,0.022151483700072628,0.0019516824516804207,0.031956370725214164,0.001645205807644446,0.003031171300548908,0.005137278583048238,0.06251289097726782,0.033268913439980445,0.02670447005222963,0.024453576529441974,2.1884101067215014e-05,0.0017832231027730613,FRA,1998,0
0.01451611755118568,0.013355656739236114,0.025208729367908557,0.009365742553752474,0.03756171898945819,0.0018161803761151676,0.005754413669389959,0.0039677998370003,0.04124836943420073,0.05900936027379437,0.029086852107287627,0.030175750008365382,0.011170427386345626,0.0006352465389578413,FRA,1999,0
0.009804275422961497,0.00013244081187290902,0.020124123096233338,0.0034840888321782176,0.029181877321553997,0.0014990305174055086,0.0029404002139920764,0.004503155031598502,0.04630028695942494,0.035928755630476664,0.024048332956630506,0.022260728462026636,0.0008160916162259786,0.001938602334779446,FRA,2000,0
0.012596967591186977,0.0006233877244806084,0.02437756471167303,0.0034421787179229352,0.035454258763679476,0.0018003309127611208,0.003334086731519397,0.0057390459724866215,0.06029462338861663,0.04154715313141592,0.029142704388079806,0.027366683822070824,7.880180097199041e-05,0.0017402511230180464,FRA,2001,0
0.010279433974497197,0.001626150313768777,0.019245805718411564,0.0024224594756378135,0.02818359077285944,0.0014096099130337769,0.0015109171030969492,0.006248833143086774,0.048439070030238014,0.03282361453986247,0.023101452183719676,0.021939746411037322,0.0007393841297171785,0.001146843339004108,FRA,2002,0
0.008713026002850082,0.00293895987594008,0.015866798696364218,0.0025753664802137177,0.023381864561331296,0.001154558026043736,0.0013319554350331166,0.005041956280387093,0.036851889539963684,0.0291420396203387,0.018912875755070016,0.018381946317287005,0.0018950913389679791,0.0007518787255787183,FRA,2003,0
0.009126772103842652,0.0007645511791987916,0.0174481164261339,0.0026258572256056987,0.025551575503827167,0.0012813616119195265,0.0014963852473537512,0.005441529810447231,0.04150795513954763,0.031044527633695206,0.020895735764809558,0.01982787328838521,0.00020682842977834807,0.0011640071970245287,FRA,2004,0
0.01567541766481848,0.0007099648941816398,0.030483009888364783,0.0053820042787274,0.044460962447057537,0.002249512316532912,0.004347204681615991,0.007006026827024164,0.06979708228182184,0.05534887700761319,0.03628694912225297,0.0343751539376319,7.306332814332417e-05,0.0021839168756082406,FRA,2005,0
0.016130076112820805,0.000377671872394709,0.031810280939351045,0.0067559268814926365,0.046346692399808334,0.0023538247852024465,0.005900020316873355,0.005899587872133076,0.06843344396562297,0.06022408191964334,0.0376593243365623,0.03577137631467244,2.226041954949224e-07,0.0023994037707463526,FRA,2006,0
0.01620431570364176,0.0009625293875463633,0.03149956717128097,0.006986092383988676,0.045995576719225995,0.0023242507481239668,0.00586374716664085,0.005846243849650394,0.06657953101485066,0.06064347880828615,0.03721703133093206,0.03564840870135532,0.00016857589310637292,0.002169475628891921,FRA,2007,0
0.020433380779606176,0.002163036953371146,0.038814859008932265,0.004525097046178874,0.05623215876290786,0.002866800067282751,0.006698975590192619,0.007571299627412978,0.10301327118473948,0.06209840039170092,0.04638895115370915,0.043464215643494904,0.000750844437358247,0.002498543231337526,FRA,2008,0
0.017743031542139496,0.0037204973434306725,0.03270415622540071,0.00174813727107985,0.04707850831254011,0.002414083179436272,0.0055883587966947396,0.006343142116680599,0.10373933780427134,0.043969366902367836,0.03941509990383562,0.0363939392205127,0.0020099509085641167,0.0018413190044255596,FRA,2009,0
0.005210741652322258,8.196645305451989e-05,0.010228112942922382,0.0008865531043814128,0.014610747796520746,0.0007644788129352507,0.002840305491810969,0.0011399640566859266,0.029992271404162822,0.014550730676827418,0.012239391477759291,0.011141227106459562,2.774471456111063e-06,0.0008066065535245168,FRA,2010,0
0.008693436545440972,0.00033770728848422785,0.01694849987879323,0.0021384303200083837,0.024297459016883818,0.0012639686576149491,0.005418650534220624,0.0015283546272905168,0.045408405418587754,0.026332421543887857,0.02011727134006366,0.01862192791160738,2.5858047555659818e-05,0.0012365275066956872,FRA,2011,0
0.011615868631902802,0.0005512179264694847,0.022441985540469424,0.0020664829346198036,0.03222543334605722,0.0016692044560576442,0.005169374427226256,0.0032228447219896706,0.06425872898882258,0.033002484352075034,0.026864492084667308,0.024708615616595493,6.77797900148995e-05,0.0016191450886781037,FRA,2012,0
0.011567601695788847,0.0011557392458557561,0.02216883253305502,0.0038802916429446672,0.03213873468329326,0.0016397978855040142,0.0055136471983801396,0.0029706288791431644,0.05250576031601196,0.038865835027256435,0.02621083967419203,0.024874966279329676,0.00038307438095801574,0.0014227705143155945,FRA,2013,0
0.013290801001583103,0.0009305558902816928,0.02569123171235929,0.004754394182238734,0.03733569167074172,0.0018994030166710539,0.005473723577080754,0.0041334605417168635,0.05900281203370708,0.04626435066942383,0.03041520846400494,0.028880334873049945,0.00020933605170343994,0.0017396855323997425,FRA,2014,0
0.014991625896650552,3.749528823698814e-05,0.03005318460013061,0.0058248654636098,0.04355498898832813,0.0022346748487203113,0.006443177401913022,0.0047814079634136844,0.06762482880955785,0.054555100875290106,0.035632243478006115,0.03341550178875779,0.00017267998330371164,0.0024981990143271796,FRA,2015,0
0.010916715812961003,0.0008666750583785267,0.021067870986728965,0.004099063443987513,0.03061102191854473,0.0015577276304842309,0.004910160279847627,0.0030691591787026973,0.04769234795756068,0.03833181460093327,0.02488703141497141,0.023695508236543403,0.00022727657862510478,0.0013984838456329726,FRA,2016,0
0.007588492542465807,0.000304992541347572,0.014946069127596464,0.00389877538843047,0.021696310028419426,0.0011091246748917351,0.004752578334692846,0.001412423213806609,0.030282048274638797,0.029290516157636757,0.01749319278931514,0.016763155977835825,2.4246263568886173e-05,0.0010650190882170831,FRA,2017,0
0.009189602399306893,0.0005044402450893694,0.01793264161298416,0.003821801059374185,0.025958835222339254,0.0013310174913878552,0.005531483997756524,0.0017661448391377607,0.0397809472144479,0.032872795961847674,0.021082662704836753,0.020038865213360724,8.051244933327967e-05,0.0012436368921254985,FRA,2018,0
0.01125333832329883,8.956104435274967e-05,0.022593879998751957,0.005766997739125472,0.03262884886551559,0.001685512203689206,0.00843069349395198,0.0015556334971048458,0.046765630114883563,0.043221605563058756,0.026431948796209276,0.025060045116573577,4.525772173753863e-05,0.0017892642240103307,FRA,2019,0
0.02239941943704508,0.011049430253899725,0.039931092074134776,0.004647593423695282,0.05805404918824571,0.002922090764303935,0.008506825830363433,0.0064079958156581015,0.10759829436156307,0.06374428683999489,0.04740107741483714,0.04554911713935823,0.008095123688650131,0.0016067416123935522,FRA,2020,0
0.0003318028324155991,0.0013333996516369032,0.0009560621673428422,0.0005859705628134851,0.0012921242453374322,7.712530399854307e-05,0.0023106854591355744,0.000373862939328151,0.0014175659855237847,0.0019763597971036275,0.0010626488191784976,0.0009119313636353908,0.0017883986758920425,0.00023812885357966837,FRA,2021,0
0.002998246973082209,0.00040964378479663166,0.006512760824632685,0.0012694195952973743,0.009075828556386036,0.0005004832343379025,0.006255985638436285,5.251176695842039e-05,0.016475850684334506,0.010006759921873751,0.007566758806972594,0.006756413825835789,0.0009229755361142109,0.000744864415270591,FRA,2022,0
0.002478747271647084,0.00017173514269838887,0.004850400934494853,0.0011342651249765783,0.006923411380293316,0.00036346837156702453,0.0032016437211543148,2.5827197795024424e-05,0.011017696212709654,0.008525397145566917,0.005619430016230571,0.005321527290450719,4.082785738633838e-05,0.00032299987527797464,FRA,2023,0
0.001880471054921379,0.0002810704202458274,0.003595373421857748,0.0008003224498162173,0.005159233222992928,0.00026781477739652677,0.002003105081932089,6.591545366186256e-05,0.008221536363035445,0.006356002302861261,0.004177025989444233,0.003990387898185115,0.0001284210094308793,0.0002103546451990783,FRA,2024,0
0.0005775560438673161,0.00017731928163382528,0.0009361238396837577,0.0202473646587421,0.0008006399190723841,8.49661738651516e-05,0.0014516561614866812,0.00025909855625051313,0.06949493007630017,0.013730968717082747,0.0016382283519478986,0.0003934225494897948,0.00028531697148852274,0.0002019175601610323,GBR,1990,0
0.002396884674506953,1.8945489730178078e-05,0.0044185135191952265,0.00658419942398245,0.005482147862855697,0.00035057850496315456,0.0022199588363700736,5.0004769426258056e-05,0.06449744427999765,0.0005062637678252533,0.005996978200371994,0.003777009908507966,0.0001350403377741177,0.0004994154353233035,GBR,1991,0
0.008820550401617337,0.009691557621471357,0.01400275132124741,0.0033158192246636855,0.01909053233861484,0.0010422816745355057,0.003980571164535513,0.001307420470113991,0.10922756829972126,0.0027478139990568386,0.017744491981959477,0.014580538847654732,0.008559920198159114,0.0003570853754432004,GBR,1992,0
0.012806658669479925,0.0023236260364301294,0.02296774447267684,0.0017483858300238904,0.03156800408025472,0.0017292876456592669,0.005549098836522428,0.0027857040366348084,0.14242822155044257,0.009540927218273506,0.028856051648463662,0.023688968412071066,0.001216016048242067,0.001432908824964646,GBR,1993,0
0.012324303876989432,0.000752916542156574,0.022849811762130388,0.0010967990721372873,0.03152146142269249,0.001723935814098097,0.004791526489850583,0.0033142120969965575,0.13210830116811664,0.011302044662486292,0.028670068279935224,0.023559110576543064,0.00015824797730611337,0.0017129655755288963,GBR,1994,0
0.012585605260379449,0.00034519155669331906,0.025047084389272428,0.0009614797839949903,0.034255909676780466,0.0019146510283873722,0.006635045521594558,0.0026600396516901054,0.14183245752337867,0.012513681167847011,0.03142586731191893,0.025145571809862623,0.0014003949084427326,0.0026892429834528566,GBR,1995,0
0.009978479684340812,4.201591913056736e-05,0.019304738076065014,0.002589906377861814,0.026106558644414538,0.0014783969706059683,0.004795554105425663,0.00217380293864934,0.13160037869318633,0.005718408833259808,0.024576234321478745,0.019071397888984147,0.0004955478034029177,0.0019518010177380285,GBR,1996,0
0.01971849923679634,0.00037437278574890733,0.039654287431233184,0.00011675742216600382,0.05569796040832319,0.0029940953272766706,0.007102906461148771,0.0070348216364084165,0.1618181063468316,0.03743015829370835,0.048859856179496876,0.04160347834767846,0.0018629723824287524,0.004055042180885518,GBR,1997,0
0.007959929800255281,0.0004351396866973046,0.0163762668876113,0.0006413400135270784,0.02339964892178176,0.0012282745658677653,0.0015906540327431014,0.0046147450881974484,0.0531652973082029,0.02102102082158774,0.020047384019647303,0.017598548300934935,0.0013685958965708833,0.001779625948002206,GBR,1998,0
0.013897855805901946,0.000769959611241252,0.026984019386966027,0.005210057100804333,0.03934002616035502,0.0019920355770604156,0.00464101638860248,0.005352145474256884,0.06022052629137167,0.049880167962505634,0.03200133031167394,0.030444580889346602,0.00012032773709286603,0.0018830574463480668,GBR,1999,0
0.017680038088831704,0.0011421239594865172,0.034195333855923424,0.006912227648225518,0.050097833725140636,0.002515690846320159,0.004295666252130524,0.00863640872798622,0.07378627972343561,0.06529212492102134,0.04062368004032876,0.03887845047294635,0.00022368304071061936,0.002342376282521287,GBR,2000,0
0.017785242154390025,0.00031035813273915344,0.035178334841386806,0.00833671117702163,0.051659388628384505,0.002591447021690751,0.003883927194745512,0.00966044790535356,0.07021322350892784,0.0709680902707973,0.04175428119758689,0.03998975474454455,7.574868024515136e-06,0.002706023594125142,GBR,2001,0
0.01610760530862534,0.00018185735526868085,0.03198549833973704,0.008071261980527242,0.04718752694210447,0.00235062578600282,0.0023585521677641132,0.01081857225343898,0.060916495456362366,0.06697208667558364,0.03803234479753813,0.03657457139320047,3.9781787329883104e-05,0.002520530735827936,GBR,2002,0
0.027540290267257794,0.00015821564253655596,0.05503018564179149,0.013875105781715222,0.08088236880702454,0.004056692173958447,0.005754052964790031,0.01561326140150606,0.10626824224440747,0.11348877646493051,0.06529635558450703,0.062533438917046,0.0001852133241933376,0.004453027896578658,GBR,2003,0
0.028722574453144547,2.7960827908385735e-05,0.05790120393299404,0.015740272946207945,0.08514075600667148,0.004272079213842284,0.00627375156446255,0.016119703358139788,0.10771479966791715,0.12224606824053935,0.06859920305061816,0.0657641367368706,0.0004892340669758587,0.00486473089513107,GBR,2004,0
0.02005090732018794,0.00031749455530169854,0.03980432726600472,0.011772800447511484,0.05892136534216569,0.002920247727901277,0.0030002028134667106,0.0134079106580886,0.06976263955437653,0.0880920841652937,0.04713522723710784,0.045795771851963936,1.6708211713557282e-05,0.0030630067338977833,GBR,2005,0
0.022675169939180652,0.000166606397592651,0.045529262998837486,0.015417428237600282,0.06718200106624114,0.003352854659387311,0.006009653271417074,0.011292894512151043,0.07550301130685133,0.10339598763751776,0.05352655563783918,0.052116861104467435,0.0001160879179265058,0.003609404392532457,GBR,2006,0
0.03379395087890319,0.0001805456111585781,0.06807822756216424,0.02331407122882868,0.10020187870445772,0.005023581596024757,0.011147206573635576,0.014354821002844367,0.11342976224589944,0.1535591104162639,0.07986585274978125,0.07762599876548346,0.0002424234325223651,0.005450634070101435,GBR,2007,0
0.03631730431546598,0.00015153692993447016,0.07349464900005931,0.029698120018180903,0.10869866316162458,0.005412267733041072,0.011096519392172103,0.016659817172209924,0.10913423980496895,0.17760723789732907,0.08590022082349122,0.08442647464662884,0.0003256799160052534,0.005894867053467419,GBR,2008,0
0.03100323633503179,0.000688987403462729,0.06203535604379801,0.028855378973902973,0.0923417875680396,0.004546530248609809,0.008260622008160773,0.015541917676576974,0.0822447695710442,0.16008772639208593,0.07221403266586135,0.07216662256545381,4.704467590223083e-07,0.00457334928385698,GBR,2009,0
0.05776978544905144,0.0037919729127927474,0.11273059543202249,0.03896199869589475,0.1671363227684923,0.008251580411748049,0.012877310911655131,0.030843209281231642,0.18365305713350427,0.26085526360440353,0.13236039691093296,0.13065910718972532,0.0007372898688869662,0.007569877555528146,GBR,2010,0
0.03517581393067364,0.003716450073682437,0.067891052139194,0.024865166025048593,0.10107094324528063,0.004951325261245528,0.00659059354451729,0.02045869649645526,0.10580901594251313,0.16200390728043293,0.07962420578297348,0.07935007212136082,0.001231394706458252,0.004233215717666732,GBR,2011,0
0.041694200610857504,0.0029901638359400165,0.08133075490585666,0.0285106837662691,0.12023783372557634,0.005964448458774929,0.012507041939217043,0.018144725455312483,0.1334118574642022,0.1866516084776857,0.0951967064588266,0.09393338054807777,0.000664705586756534,0.005384011999546734,GBR,2012,0
0.0422325923171988,0.0021724961670595215,0.08310349246685823,0.029480822041892948,0.1222871816529136,0.00611897964230337,0.0176366930884089,0.01381683791034877,0.13791453688908098,0.1880218323187636,0.09696806715652252,0.09523138756661748,0.0002889632026608868,0.005722175308292055,GBR,2013,0
0.03572983965177778,0.0030547380120194245,0.06953579222020294,0.023657424189972014,0.10211125298007681,0.0051200482811656,0.017047371170819045,0.009792790616109154,0.11970939236360598,0.1536717010135589,0.08103130743875822,0.07961319579167911,0.0008526083852695402,0.004476743557684883,GBR,2014,0
0.03241809516789737,0.0019488591767062753,0.0637054355399296,0.022463313759427513,0.09329784962777785,0.004704442035980742,0.0185201788484292,0.007104386928733383,0.1085545469468434,0.1409378677798349,0.07405033323295133,0.07256066755116626,0.0003491117174228565,0.00429563769513216,GBR,2015,0
0.027913450020189585,0.0015106118120263618,0.0550689891437959,0.021597732492634567,0.08093404710606039,0.0040607527335642804,0.014919666373496268,0.006847263471299835,0.08705994120401549,0.12768855737776927,0.06388919390202195,0.06304379418042542,0.0002238188273363024,0.0037471137923919006,GBR,2016,0
0.025895884419480215,0.001381506157421475,0.050900875539813685,0.017781558640006127,0.07489559208000503,0.0037473906192404594,0.010637374853712757,0.008595453116981228,0.08521298426355904,0.11459538446748703,0.059424733757948364,0.058326836830236,0.00019707273996627818,0.0034925891365429336,GBR,2017,0
0.03201491760201547,0.00037232292946157776,0.06433279440985482,0.02345119795830904,0.09439423569899859,0.004756721501011079,0.015235396602047814,0.00943365168563267,0.10553881362368951,0.1456711080952447,0.07501958061746647,0.0731443231449364,6.78768485932003e-05,0.004963349951271892,GBR,2018,0
0.022330064562856383,0.0016952257550049289,0.043636619033844116,0.017090650848489656,0.0645639876394544,0.0032004264543166305,0.007827850045796432,0.008605146505925925,0.06713693762926468,0.10377668245576929,0.050838588536732454,0.0504993505426748,0.0004052962817836899,0.0028497541740463896,GBR,2019,0
0.0002393053265187003,0.010209337842473866,0.0013159468423181967,0.00587787064176794,0.0019299322360087834,0.0001075165175502811,0.0025209117207088,0.00024261868163317837,0.0005676993428983073,0.009858652608645312,0.0013349457661140944,0.0013415629337611029,0.01259213945220585,0.0007764360723346702,GBR,2020,0
0.040341718739575545,0.005659591055883238,0.0769269065768717,0.020924297907717285,0.11323506963001499,0.005638635434861479,0.012364526560273429,0.01643098084918756,0.14650336842960804,0.1608339909292971,0.09046716797736329,0.08852194099383774,0.0023810105263259488,0.0045815499247523475,GBR,2021,0
0.03308795970538252,0.005854409323332145,0.06279665334270393,0.020577383209038878,0.09299009708735011,0.004585587763358633,0.009126271664376387,0.014638253491303118,0.10727799740851868,0.1414475876214366,0.07353870341507397,0.07304978730976117,0.002823438964980946,0.0035264118414927615,GBR,2022,0
0.01668310909521927,0.001289066876890998,0.032604191994971124,0.011746763837965109,0.047857286345379474,0.0024029853832379694,0.00880639043455013,0.004055566083705426,0.054531200870311436,0.07318154857028895,0.037897376116477595,0.0372994822115331,0.0003222908500083518,0.002124638537828626,GBR,2023,0
0.006561928516476222,0.00021115083803285707,0.013280702246522554,0.009247378542055327,0.019716988097703083,0.0009780943493745823,0.004886407005351186,0.0010331381923118662,0.012949819719307318,0.03882234239060761,0.015063001092267774,0.015451064855287525,6.198257129735616e-06,0.0009245347336307219,GBR,2024,0
0.03850044723710726,0.0005318763225218979,0.07772041125946003,0.02870101666293212,0.11231845104541738,0.005806232595852763,0.04208412363541894,0.0017184296212529302,0.13575235513567122,0.16567982593780434,0.08950821056362084,0.08653567084191416,3.949862149948593e-05,0.005892832693862266,GRC,1990,0
0.039421017204833965,0.0004677012696174816,0.08315386000327228,0.03875622610453667,0.1199812668385531,0.006252456697949505,0.053161269555564335,0.0006768066656954889,0.12553636482453498,0.19138907249609713,0.09505813458328272,0.09182363831738433,0.0030356749752584993,0.007607697010793392,GRC,1991,0
0.039114123746672856,0.0002904429340201409,0.07810243152835185,0.01044798450847497,0.11042624093275492,0.005891681918800383,0.04614775159120295,0.0009251875772842665,0.21495951562932608,0.11527386162924924,0.09184027031555546,0.0838455751981102,0.00015511361038537426,0.006283127139784705,GRC,1992,0
0.03552443126370446,0.0003413691930386509,0.07150178377580167,0.016387144428214224,0.10146961623901034,0.005393319100744195,0.0523512186572091,6.952424392900324e-05,0.16527281526432352,0.12257162935948593,0.08286135651931058,0.0773596474730745,8.912030904514783e-05,0.005592935508402933,GRC,1993,0
0.003574260246964178,1.416496004269034e-09,0.007052643813228994,0.0007603177366526972,0.008840799415667497,0.0005664059902098981,0.020510232132993907,0.004491555390529553,0.05461322241633962,0.0008477518139240497,0.008452354325148273,0.006259680437398993,6.52664765552877e-05,0.0006485884935943089,GRC,1994,0
0.0028414099972641103,0.00025305343665954873,0.005119795209807594,0.004822424852142445,0.006063582123104909,0.0004173330221968315,0.01662120988209205,0.0042431064195563245,0.06946143730053934,0.0004554279829336897,0.006443905736090799,0.004171220117029572,0.00010761135588197665,0.00038481677575376603,GRC,1995,0
0.004717822871479989,0.00022995621974226545,0.008768133632387215,0.003004520512975203,0.010982404491866266,0.0006979576941295853,0.01844604135483578,0.0028119556386267315,0.08370898177608906,0.00019200636093642362,0.010853617891225055,0.0077974903639324526,4.915842600747765e-05,0.0006857583146503263,GRC,1996,0
0.007921087049291347,0.00012080018489599657,0.015039044626088875,0.013611131806563965,0.01873847927995272,0.0011979966181115027,0.014368083728299298,0.00028103862937076346,0.18431659642834347,0.000240908167912538,0.019717006809023295,0.012994340170213677,0.0005933976879867168,0.0016820712374380374,GRC,1997,0
0.014597820546811757,2.6165786382197444e-06,0.02984403435029481,0.006370737077972719,0.04191811958239289,0.0022689096543793887,0.028372605254636557,0.0002016430610692037,0.07305716018144348,0.047973060569792315,0.03447266906101248,0.03172037800150584,0.0002859142019898458,0.0025159913017443482,GRC,1998,0
0.005897491834167312,0.0002703802457736381,0.011931742208607151,0.006027318801673641,0.016909372338207784,0.0009039199571583221,0.017137492881909862,0.0009500707168252526,0.019146993008015936,0.025881946873734615,0.013293296738626973,0.01299163484346929,3.6052298900326886e-05,0.0008004296156694349,GRC,1999,0
0.020884562480218236,6.538509083637377e-05,0.0422604218429696,0.0017570028569159043,0.058653624432771334,0.003222944537412583,0.02831771530137642,0.00012873079708202568,0.15077094952754871,0.0459781301989299,0.05038635591799881,0.043838253974022585,0.0009618544014555249,0.003923444111562408,GRC,2000,0
0.014363789065015124,0.016786740518411634,0.024231722145929908,0.003013914379900972,0.03446397945191054,0.0017876255186275248,0.021054589962096172,3.7231444839292846e-05,0.07139468265382425,0.03437659819155795,0.02795649601938511,0.02720219192218329,0.014881918378762985,0.0004911738481145932,GRC,2001,0
0.005728580487860342,7.875828079352796e-05,0.011629217811343334,0.0041093441127460295,0.016500795748037384,0.0008793301090713935,0.011828219360760776,0.00013637012237109115,0.0224751526627599,0.022586663940407488,0.01323341526072507,0.012614953797191701,4.586766590308728e-06,0.0008759705787556152,GRC,2002,0
0.01706623986377368,0.0002982776756080407,0.035060237240030837,0.027253116328622793,0.051697420243163136,0.002599231251460753,0.020448759477525776,0.0006159380810991117,0.03173610947757515,0.10427054934198544,0.039311149195391804,0.04037519302361992,5.977516851525796e-06,0.0025266242140847446,GRC,2003,0
0.018905040998247143,0.00010143632065480624,0.03937211528357163,0.036792254382164324,0.058710570288392314,0.0029048538208346518,0.01798380141756812,0.0018703910314302752,0.026353724325999278,0.13103245615351058,0.04401734940296874,0.04603928232250497,0.0001361608216472173,0.0029742295770600904,GRC,2004,0
0.008479212001566991,0.0008377881301241755,0.016036485607201507,0.0003731922321256478,0.02246241138225468,0.0012066484906382109,0.007985775713818779,0.0004192730197875125,0.06045207645112604,0.016747223087730977,0.019229795454687844,0.0170572466130273,0.0002924696706507597,0.0010613201715596171,GRC,2005,0
0.003288294733828789,0.00025062681060506874,0.00683269708585088,0.0003055288536502654,0.009708779213754843,0.0005149027487657393,0.001129129982603053,0.0013341187594220585,0.022147992332215826,0.008678169542435941,0.008320937676841974,0.007276525826115384,0.0006935994243955196,0.0007630542174989728,GRC,2006,0
0.0006102144441676139,0.0003567656030988609,0.000988093197143201,0.0005087971026970929,0.0013726777336001829,7.263663575924049e-05,1.6911734509983324e-05,0.0008361810274106961,0.008797375930950745,0.00011372919469394099,0.001321044074219085,0.0010401276336594835,0.0002751057509350593,4.319873991239497e-05,GRC,2007,0
7.094863057195386e-06,0.0016808295556107592,0.00010667424204220361,0.0028022486607739553,0.00019400792765795704,8.234672230809381e-06,0.00013618917315027853,8.675934528367698e-07,0.0025050174740860742,0.0034893301755415185,8.186073495592214e-05,0.00014845101224353018,0.002042744636611885,9.224258111003623e-05,GRC,2008,0
0.0010686997504117239,0.0034925743661618175,0.0027735381929031647,1.2587892386579979e-05,0.0038091335918285624,0.0002176556501676224,0.0005040477299864943,0.0004674171786989546,0.010986589544429937,0.0025341474004474916,0.0034677969903245476,0.0026778119344535406,0.004794947399122741,0.0007117663305212337,GRC,2009,0
6.366233960197153e-05,0.003280373428599358,0.00033909362787664656,0.0004054097655605827,0.00048614913075024213,2.7692133307895577e-05,4.013383221425376e-05,8.793999648081837e-05,0.00010065170703755639,0.0012600706907009431,0.0004007360535108968,0.0003221318911864321,0.004034867989104048,0.00024550568320363676,GRC,2010,0
4.8319739140982194e-05,0.010198200049494201,2.053668713734675e-05,0.0060108691027255055,5.858620885710514e-05,2.120674938878292e-06,1.1972455853618833e-05,6.058256154649196e-06,0.00954397998368128,0.005995514322177875,4.255500173785061e-06,3.273139943690844e-05,0.011873856802267577,0.00033739171761908463,GRC,2011,1
0.013935745385570157,0.004940521056886729,0.026682954105698743,0.02216224030111858,0.03913460296021526,0.001971175873391378,0.02703462013073991,0.0002264074294957535,0.024576658258187566,0.07852437467229961,0.029317496964652367,0.030997461542204445,0.003301528857310247,0.001122632548922987,GRC,2012,1
0.01493813726102696,0.0009415006847716563,0.02909695261953028,0.004066902497906708,0.041049068549532074,0.002192506730322079,0.02128879121156479,2.370236313403567e-05,0.08069796099492428,0.04254053012186477,0.033983409666680335,0.031322918411435176,0.0002041702630323719,0.001988114658269181,GRC,2013,1
0.005015363555884213,7.89094388648688e-06,0.010411721238438554,0.002789874124199452,0.014570045523803251,0.0007951841429613383,0.012366846131640914,0.00036987550152800855,0.02371347040478817,0.017572204408086958,0.011906186694824518,0.011000573339871856,0.00019344357117348542,0.0009094351995249514,GRC,2014,1
0.0029016116170349033,0.0001892965194351162,0.006260013930277245,0.0019933811769938985,0.008758396825985336,0.00048029162494381223,0.007575146946748448,0.00024428369855154824,0.013077197800782732,0.011224748953380093,0.007141307247604344,0.006571291616020814,0.000538018064363835,0.0006464521136345066,GRC,2015,0
0.0011761620207696184,5.826686673864548e-05,0.002374401338450778,0.0010105284478410916,0.003319865101594351,0.00018123161972392895,0.004252255719436059,0.00041040676904780356,0.0044740064820355625,0.004575518768709443,0.0026413012082326204,0.0025345718610416007,9.521661804097957e-06,0.00015846244794611816,GRC,2016,0
0.000958203560675854,7.493490657721363e-05,0.0017732059451243155,8.775866277516205e-05,0.00272380487674901,0.0001254325886893984,0.0008421837603707288,0.003864065060523728,0.00446863084650752,0.0032945719244536257,0.002256064864978529,0.0021469953475698814,1.5774179020046673e-05,0.00012587144654793955,GRC,2017,0
0.0030037357015536724,2.763660089088374e-05,0.005839825258842396,0.0005244412312478269,0.008680694755610587,0.00042497837335979583,6.751921513777304e-05,0.0050589754334326624,0.014718943636649495,0.010198715042226508,0.00719887326261333,0.00672146087779362,1.2302174732019706e-05,0.0004822225362267767,GRC,2018,0
0.004781598232922649,0.0002666142291579476,0.009073778302104214,0.0007070597053825342,0.013478662644213608,0.0006587186365996006,6.726870256955786e-05,0.007525094126712794,0.023840429954930603,0.01533282749124423,0.011176662365374944,0.010479441964516672,3.758644411773619e-05,0.0006561583654377371,GRC,2019,0
3.7102840413029666e-05,0.01246353307440505,7.455080841103708e-06,0.0004895430059077838,1.0975737895900562e-05,1.0468911184069846e-06,0.004675605578973795,0.00420597165520953,0.0004766675540094368,7.578583684981062e-05,4.75088690389853e-05,9.762089754558044e-09,0.014547845637164627,0.0004805342299306684,GRC,2020,0
0.013529671160126266,0.002703847186628351,0.024723498460520986,0.0013336505121619839,0.03661449049013751,0.001789893143010081,3.980617124053214e-05,0.01858427253414177,0.07108331545287415,0.03857572336694064,0.030438625608836166,0.028618583016764298,0.001373520518257311,0.0014300116053984236,GRC,2021,0
0.022226532396674003,0.003042300522556372,0.0415991676566127,0.005026588947580747,0.06160215571521835,0.0030242312200082252,0.0003012796849195764,0.023581335273189542,0.10123057027898719,0.07430725911570836,0.05044337496675058,0.04811596971899413,0.0012324978653535862,0.002575296398097187,GRC,2022,0
0.010686692100925356,6.627419234049605e-05,0.021625899800136135,0.0026119726002271615,0.031490687313783496,0.0016028026579833399,0.0012311922136615252,0.00793871912175079,0.05429586355322754,0.03640757725978218,0.02616878463685203,0.024061515769687646,0.00066342895380947,0.002045925001827159,GRC,2023,0
0.0035916618286507412,0.00017667116747221073,0.007317726303682882,0.000169649608573446,0.010552888863852411,0.0005447700860013273,9.046390158216359e-05,0.0037706874803836565,0.024435561230709297,0.009302564022254123,0.00907795917932991,0.00796349971409061,0.0005861641464205902,0.0007969082011349024,GRC,2024,0
0.013786085686908164,0.007275644207224286,0.026514483326475286,0.05487900969374457,0.04168795429043218,0.0018836734157004194,0.008715461508294815,0.0029824298133409636,0.0006623344950781406,0.1429420778561606,0.02827739190685018,0.03434965116642118,0.00525243790907173,0.0008617594530094206,HUN,1990,0
0.04262241928689282,0.017837504939228394,0.08029449476309199,0.07608238366535615,0.12208482885774276,0.005786899777380007,0.021561285401981323,0.010985789086133336,0.049459293162179556,0.28176049221129923,0.08978698341635905,0.09832666038213621,0.012208831125797492,0.0031695041100981464,HUN,1991,1
2.7865455533185664e-06,0.011020931710987562,0.0001286657540178546,0.0062360549224666035,8.816163225971381e-05,1.4620790778574088e-05,0.0006390221044361177,0.0008608516395196011,0.015665521721423936,0.004130333425876715,0.00033058457962210127,1.0552118557196897e-05,0.012947979527646654,0.00058493591199168,HUN,1992,0
0.003528485147588927,0.0001508925291063546,0.007791641285875158,0.011547755695310087,0.011948861121151247,0.0005695105732496605,0.0017199299021222682,0.0013702138258419364,0.001468470339952283,0.0345650762937444,0.00862320243667358,0.009434112924023215,0.0005493998927168987,0.0007286993193132237,HUN,1993,0
0.0018295898199944716,0.0001683985008020191,0.0038471479565412798,0.009890533602038938,0.006012125198837487,0.0002776561729550807,0.0022805665092516018,9.112196648216833e-05,4.751661915505353e-06,0.022847271624118582,0.004020189969399429,0.004889119624301157,4.625539867325158e-05,0.0002102612432118528,HUN,1994,0
0.0002979128654244577,7.00566440207358e-05,0.0006878346112722478,0.0017278726992321237,0.001152185605278411,4.774034441950167e-05,0.0002524052300526321,0.0014324557874955599,5.040237399662422e-05,0.004916684123698266,0.0007777966865906489,0.0009390730993272093,0.00015319324505136273,7.798822579563646e-05,HUN,1995,0
0.010408931928311143,0.000654775732209343,0.020371856389127172,0.00996358837700842,0.030923622830782788,0.0014706775561951334,0.00018855799244332194,0.011598038205935624,0.023711792655932463,0.05736634832092001,0.02395565980946068,0.024443206848585357,0.0001094345733317371,0.0013657163567247802,HUN,1996,0
0.004529204113219401,1.4829373936310481e-05,0.009230185693658391,0.007555352306818163,0.014415385768768834,0.0006582468702349372,0.00023662818579317735,0.009267307302998691,0.005168314129377677,0.03426113804216286,0.010809067395659224,0.011489919727378502,5.834169333588e-05,0.0007324144164531729,HUN,1997,0
0.003097599704009729,5.361350598567919e-05,0.00615132307622061,0.0032517938856244056,0.00951732548781477,0.00043924857163466,0.00027384889258019144,0.006702431380214754,0.00594406671252226,0.01912250154036335,0.007331778416600805,0.007552840199335461,3.071459788705465e-06,0.00046678160237468034,HUN,1998,0
0.0013184766784552883,0.0004361437227360058,0.0028579406571686773,1.6077833681995205e-05,0.003793003800408419,0.00022474751865101018,0.0030354368886372006,7.064584737835973e-05,0.015197753666397236,0.0014710398947162496,0.0034780813827778694,0.0027160490894491303,0.0007840803765950073,0.00039761007637212283,HUN,1999,0
0.004483219558180409,0.0001325015369269588,0.008668306699752356,0.00035827370926688247,0.012338160870051386,0.000647590572401323,0.0020042634871924427,0.001213714743379789,0.029002469904651624,0.010738202562321926,0.010475101800975621,0.009393402905492827,3.430491407730041e-06,0.0006626267728593327,HUN,2000,0
0.0051505870192490024,0.00043636931306093274,0.010656125015336419,5.1378733437095354e-05,0.014842123963915054,0.0008113478718037823,0.0030657038330872107,0.001053747896595557,0.043435467298871454,0.009850897211658119,0.013064507554255334,0.010992988823627347,0.0011479613627911607,0.0012187779579921605,HUN,2001,0
0.008101167128382504,0.0007953672665716935,0.016758178328245228,5.808201665777918e-06,0.023251814343065818,0.0012781634215713277,0.004646286364646105,0.0017346062087246533,0.07296205470822915,0.013967554192860892,0.020652943097041417,0.017162958415344636,0.001991655505568468,0.0019600953835594934,HUN,2002,0
0.020513433947951312,0.0008025855749054172,0.042075249081715574,0.0016583394074054327,0.059711850517187616,0.0031684985972756795,0.007730125870251096,0.00745867265729602,0.13980969265614504,0.05197040605785245,0.05120256507776913,0.044833435131520945,0.002868241436205187,0.004432521050378726,HUN,2003,0
0.014115323346205634,0.00027904996470290655,0.028022816575149986,0.0007137699139107665,0.038548138237706295,0.0021349175022181014,0.006383022314379611,0.0036835059726275177,0.1512374412684352,0.015779377216655004,0.035098697223676804,0.028413149192012512,0.0013336231084366892,0.002940920861137519,HUN,2004,0
0.005239923546942236,0.0003428219371544336,0.01104958732456656,0.001778563600243949,0.015737137017686153,0.0008347142869192211,0.0041736778557137965,0.00070820915688887,0.027550859708806365,0.017918997298752362,0.013096542652799251,0.011857921801739496,0.0009976220261599556,0.001181126827662322,HUN,2005,0
0.007640864855005435,0.00013668947938484996,0.015226812962621615,5.7554399818748264e-05,0.021220890886409254,0.0011525642575268044,0.0024389621820983813,0.002929755204566332,0.07199764945362265,0.011319147844323576,0.018973996897139918,0.015764327035141735,0.000697260296065467,0.0015746074990699405,HUN,2006,0
2.3107549348578306e-05,0.0013207084423228397,1.830214152619195e-05,0.0024200730124588543,6.029181428951179e-05,6.33972740372773e-07,2.9280665984361657e-05,2.4313606708430367e-07,0.0032888771062654235,0.0027721336055331796,3.7274414540999494e-06,8.287317677770695e-05,0.0014676191068921413,3.9160809513965136e-05,HUN,2007,1
5.607525105453232e-06,0.0003478933477758873,2.393482691704057e-06,6.492933798147309e-05,4.593642315304907e-06,1.1726383467023104e-07,8.437450728255689e-05,4.8048224442622736e-05,3.596990698555829e-05,6.717547544204902e-05,8.862355389416655e-07,6.315970614502285e-06,0.00039500372016713366,9.745411348781732e-06,HUN,2008,1
4.670790160806858e-08,0.004169142436926706,5.649429351022109e-05,0.00015337984811779768,7.536648953442708e-05,5.482699105850205e-06,2.740865751102139e-06,2.045470550057233e-05,5.222657298423996e-06,0.00031144006655771964,6.967364329442872e-05,3.5402626974860495e-05,0.004911406606847995,0.00019154987704327595,HUN,2009,0
0.017227389190237346,7.559421592214321e-05,0.03510055934149332,0.005954217515935984,0.05077872509092303,0.002616458309310844,0.006394703961394444,0.006527297150093483,0.08230352113540344,0.06155264824458495,0.04184940314259254,0.038758179795736224,0.0009401902955285858,0.003242065520431652,HUN,2010,0
0.007885328497300826,7.890964678593929e-05,0.016094785277412062,0.0025192292645086077,0.023404486393832642,0.0011957200751035416,0.0016052005362206638,0.004604802880740418,0.03780934608003697,0.028441855080101455,0.019325982555017496,0.01787669804922,0.0005819967604078323,0.0015369745495220234,HUN,2011,0
0.0013772093584921558,7.753241177710024e-05,0.002652598935575467,0.0004731109399017398,0.003929912616278588,0.00019357091045622138,4.9535890534327825e-05,0.001323390594477286,0.005700067410323236,0.005178708845342734,0.003192376206793541,0.0030602243640419765,1.1510904546482465e-05,0.00018678115963182882,HUN,2012,0
0.0015440661008118432,0.0006381018218379456,0.003362855735119761,0.00010233645334291126,0.004848225006039939,0.0002521664077128614,6.613456061277586e-06,0.0020420701984207087,0.010669213225471525,0.004484267354432351,0.004194794753072768,0.0036109766891327904,0.001147188452390567,0.000488239840972605,HUN,2013,0
0.001615398523195247,8.464245656389371e-05,0.003041814479096564,8.810273726508039e-07,0.004279458412369232,0.0002276456316201198,0.0004900296116245155,0.0005923413926280615,0.01363145027020638,0.0025348361752239763,0.003760011181890739,0.003235421637247243,1.3276733166761974e-05,0.0002267317384430849,HUN,2014,0
0.0037108169485725235,3.593902461789762e-05,0.007239448799081001,4.2269709261262045e-05,0.010035033980220362,0.0005495658020131184,0.0037151928036743107,0.00015768760164642183,0.03030432024180486,0.006404456587026215,0.008757840883552259,0.007517915144323408,8.33432532915087e-06,0.0005982448516228764,HUN,2015,0
0.00938645066668357,0.00015798736493907915,0.01898873124124093,0.00934230077072002,0.027828595094817842,0.0014078455805270553,0.0076359320364311435,0.001166582699432553,0.026191744958129978,0.04695159561963282,0.021785527099134318,0.02160789630230373,4.245515677805967e-06,0.0014104183814462568,HUN,2016,1
0.011277041215433218,0.00031727087156745534,0.02322423662493169,0.0018742541805108317,0.03293123371357682,0.0017524788004373714,0.007212092943564478,0.0021365747747638247,0.06948115825442551,0.031846365339986075,0.027867888940598058,0.02478279234468958,0.0013067464131886653,0.0023565836298672345,HUN,2017,0
0.014209172450031197,0.0009526766621634176,0.02959030132119829,0.0013700710959092465,0.04153324958987135,0.002247777049380882,0.010931552723179515,0.0018903196413875448,0.09938671714079449,0.03525832025177785,0.035676768056611,0.030986400069724196,0.0027235728846166348,0.0032419834412612467,HUN,2018,1
0.03710035844805191,0.00017147322680146734,0.07694059183596678,0.028564408304926993,0.11196336220968546,0.005738539268789256,0.026057302209021724,0.006582078737826759,0.12791089394696767,0.17040571259584403,0.08944361174552455,0.08597960047270786,0.002056669326104143,0.006912183561147506,HUN,2019,1
0.15725148960762977,0.009561609711441555,0.30695361889384193,0.07427562192632717,0.445193476651119,0.022764427196719138,0.09836618646235533,0.028541933965395443,0.645392634888985,0.5861427832823949,0.3596484066737375,0.34426915386253243,0.0017923485617470025,0.02093211712169597,HUN,2020,1
0.003412157046948583,0.00017577679218312413,0.006848079484032416,0.004971169126227501,0.010233661158523477,0.000501856326671962,0.0019627607027188736,0.0008236935129116524,0.006188671141446648,0.02077846296891152,0.007777132661760752,0.008055323073890492,2.2471379084222748e-05,0.0004544787471208387,HUN,2021,0
0.0019369466324028544,0.0004050152658884869,0.004418388116899339,0.004099423805573237,0.006441739036257334,0.000333786012173885,0.0036389152457974965,3.847321710745973e-08,0.003278806280631008,0.013778444244762232,0.004913802120191519,0.00492389856748124,0.0008356571610563741,0.0005059332712296306,HUN,2022,1
0.0004277138286620564,0.0017521838988263669,0.001171502841328806,2.574073742442499e-06,0.0014948318820454491,9.644890682658498e-05,0.0025718174311886504,0.0003993009954767032,0.005733873883616852,0.0006181833515859659,0.0013987633295946056,0.0010082213161618438,0.002331679935052256,0.0003175309069850016,HUN,2023,1
0.0008741830483984939,0.0028076186402762105,0.002292316495862725,4.729939857510003e-05,0.0031049133044146527,0.00018174695841947347,0.0012601925173939947,3.135907092218261e-05,0.008664947438205107,0.002155518425452397,0.0028046682365130155,0.002173562935844482,0.0038442253501046403,0.0005752435102104434,HUN,2024,1
0.0036921228706290753,0.008787273702505479,0.007559581583040788,0.17044110681041866,0.016543218162670622,0.0004367556283528262,0.007693069843827087,0.02870499875348291,0.1644181395602826,0.26354614051724995,0.006208691114763343,0.016173814411475862,0.007690814201272964,4.82971842834051e-06,IDN,1990,0
0.00042001098908402184,0.0001651771786622267,0.0013700458470463296,0.10978122548033421,0.004194526882653732,6.28276722350673e-05,0.013231712878529417,0.022697051820389884,0.16042804502936223,0.14911672949809346,0.0007922020358802635,0.00453609410238833,4.746655696307336e-05,1.126737006600066e-05,IDN,1991,0
0.00010966746698394921,0.0007053541737338436,0.00036386030731967636,0.06765860096024112,0.0016000023159900814,1.075359495690444e-05,0.013091507446343333,0.01766827671175488,0.11481218323881806,0.08898399594533123,0.00012926873471599145,0.001958658533878141,0.0005735411393030239,1.0931696051617508e-05,IDN,1992,0
0.0034720100994114125,0.0007330708046378404,0.006121711306701372,2.1378155518064146e-06,0.009298485871321087,0.00043259723150917555,0.003537703588372488,0.014430915338160901,0.022251737359325337,0.008003717205211824,0.007961963290226004,0.007312136731772654,0.0003671615280645124,0.00036911967821130266,IDN,1993,0
0.007578189251142152,0.0005202222377202574,0.014329452631204127,0.0012289463532675388,0.021327672316195864,0.0010386895382546702,0.00012593280219679227,0.012089353784490327,0.036727335486296496,0.024795110015797272,0.01762997333979876,0.01661378705575579,0.0001028229992882778,0.0010078367641337496,IDN,1994,0
0.0037578086228881786,0.0011267197326826908,0.007015720659252478,0.004453662477585597,0.010883103004060597,0.0004971878726291712,2.299236794429174e-05,0.0057360981336972705,0.005933873239746216,0.022985163748579823,0.008208469225380124,0.008775680358617784,0.0006674784301642444,0.00033157529589837966,IDN,1995,0
0.0032352448544743753,0.0017286878104041856,0.006130247546588166,0.0147001525581104,0.010256606232672683,0.000416784113663522,0.0006696850239293166,0.00867665214802295,0.000156160672682755,0.041666911377858544,0.006767309887066398,0.008656077062229778,0.001198280776535667,0.000200841925624632,IDN,1996,0
0.008460980407777529,0.0022962090651993806,0.015757299374448544,0.0065471877909572705,0.023927060486070798,0.0011303584796266287,0.0001372820414305204,0.009026504671123361,0.021050546528112835,0.04187968756157129,0.018563902314668607,0.019070845556133545,0.0013284588303702908,0.0007835454843157484,IDN,1997,0
0.05015181520095792,0.004347870680118677,0.11484920638429272,0.3177851221444504,0.186415966190431,0.00815241298388508,0.0005818367740047552,0.07538208945011018,0.007266699258767767,0.7894329845798932,0.1244365797595644,0.15119439165430568,0.012589338199783294,0.011001695521874627,IDN,1998,1
0.04882068044764397,0.0015470492646525705,0.08950258501818023,0.21249818069624257,0.10751858639191478,0.007200544848790543,0.05073959440982148,0.0002485612072353053,1.6293812807569075,0.039467675800419016,0.12465891814618711,0.07213502113604721,0.005321019097148796,0.011212111527423832,IDN,1999,1
0.0020731487282440323,0.0005370813165099821,0.004407662775454649,0.0013484387942137716,0.0052460552252434805,0.000366161159022474,0.018604258730222884,0.005702881790542915,0.04376652943082697,9.979434255011387e-06,0.005331030980562268,0.0035374322404397142,0.0009564978203342373,0.0006021481797477855,IDN,2000,0
0.01545571569390808,2.8377487637122538e-05,0.03089041032558875,0.002332549171141248,0.04331524549360238,0.0023398975354176764,0.01844116925486941,0.0003185067238689446,0.09831562303808197,0.03900744351579737,0.03663493821340249,0.03267008251593442,0.00018334233764602938,0.0026138012241052025,IDN,2001,0
0.050055501752821106,1.0451832389400116e-05,0.09781231261384009,0.0001618777419450919,0.13568252152543953,0.007412070443847962,0.028118367311875878,0.009543505847383395,0.4616026000394706,0.07216156839554323,0.12069444535057443,0.10115181952834815,0.0009770981709897367,0.008885677332422407,IDN,2002,0
0.02120669170794096,0.0002514801473777389,0.03835602066351642,0.10190576904446719,0.0452757046808588,0.0031083709127755705,0.03183442267118928,0.0003748758417337602,0.7489052504624583,0.023416734142783575,0.05340813055723324,0.030131352968934336,0.0013498689533345942,0.004582606842370139,IDN,2003,0
0.02247816346797535,4.261524672476996e-06,0.042733283141964416,0.014902481249517355,0.05580574769216553,0.0033269564079871088,0.024700367323498073,0.0002828993970700441,0.37622465089796137,0.0031910997618207516,0.05478067941528518,0.040025378915401276,0.0005862766189902535,0.004219566968082035,IDN,2004,0
0.0026044848511138424,3.930215093456422e-05,0.005021238937381029,0.0034321229062016963,0.006190512566767935,0.00040367884724192303,0.00836147016373374,0.0009137819394363298,0.05763637293639945,2.1309982530970892e-05,0.006420316954952352,0.004282654296537585,0.00018959138571857928,0.0005485539633567251,IDN,2005,0
0.0010968077410615867,0.0002967946868024532,0.0019210000925975064,0.02259776781168373,0.0017985361135839947,0.00017101500906700914,0.005354266007665369,0.0014889373461445408,0.09471755658664642,0.014107525541728248,0.0030088374024632492,0.0009797970922228105,0.0004930845795140863,0.0003590818881332168,IDN,2006,0
0.0034065126471083513,0.0006442039999598416,0.006585536729598063,0.012766236976625763,0.007922668438325158,0.000533261924398453,0.004812987710737723,1.0155999010632592e-05,0.10961524961843681,0.0019398919626991012,0.00904262418111596,0.00528336287290184,0.0012601592256162102,0.0009702101859190386,IDN,2007,0
0.0009528580135994982,0.0001749708556069908,0.0018986135965251292,0.003741204527719234,0.0030632183416551225,0.00013294158846390952,8.595375650122196e-07,0.001377108178643496,1.942489465595826e-05,0.010840631388446806,0.0020957899282798963,0.0025217234811661313,7.822315855796164e-05,9.492550128793491e-05,IDN,2008,0
0.007352371976352535,0.0013454054403131445,0.015621645005467843,0.08193708108587985,0.026921213543161206,0.0010630304236695619,2.1125325019758033e-06,0.01245527463768786,0.019444093927511705,0.16640028124851258,0.015854104611964022,0.023003160695379485,0.0005565190830619275,0.0006834319637643423,IDN,2009,0
0.032266945024331105,0.0028351998745712926,0.0633858270396566,0.043376907274792924,0.09663545031106852,0.004572064954587034,0.0024893005302695764,0.027906696606012495,0.05398077628099019,0.2019395237964448,0.0732761573296109,0.07680059534198792,0.0007459830684583887,0.003968830341114599,IDN,2010,0
0.03734176034979267,0.002086615165865602,0.0731309390709132,0.031151304942166978,0.11015465562485892,0.0053038586065252405,0.0018529465991479288,0.03517292021260863,0.09745176756933072,0.19181145227194082,0.08611539980613316,0.08669489054405857,0.0002909832408457098,0.00499657324989598,IDN,2011,0
0.03957769136068981,0.0012539585203787994,0.07867660201739356,0.04082899512427392,0.11887613589788969,0.005708385283394729,0.0025245929053375918,0.03604498758722473,0.08919251630578724,0.2223505877226041,0.09205312743256595,0.09360490410277585,2.365980928069934e-05,0.005644049971005611,IDN,2012,0
0.03418699298274694,0.0004350018576741896,0.06801849871504038,0.022860059576586413,0.10159473366201843,0.004964290736647767,0.002009690460917185,0.031283730077255205,0.10723233236599768,0.1619029906951465,0.08069056769033098,0.07926356946263416,6.875056280361613e-05,0.005291064832437997,IDN,2013,0
0.03251409576703894,0.0004600591096577646,0.06557329356651428,0.04144289101208523,0.09971814307432983,0.004749111922035221,0.0015438731986125393,0.032444002797973215,0.06008252431115706,0.20275548688290188,0.07634894774801665,0.07867077778210213,5.417111828341735e-05,0.004934953549344595,IDN,2014,0
0.027672886439444187,0.00015773586532542074,0.056936555648814766,0.05661394652244335,0.08820039509254697,0.004091963534233854,0.0005121795984441083,0.033375809376685175,0.02547712633417526,0.22052720944101015,0.06529554693809855,0.07023740254167334,0.0002296254811318363,0.004354610928630275,IDN,2015,0
0.021005033835207177,0.0011967281245003926,0.04231463772379478,0.05238360951370457,0.06665478458033774,0.003004480563683359,1.2786677625686675e-06,0.03091979047420989,0.01039119557643469,0.18702544704029697,0.04813262030735008,0.0538004167135065,0.00014642599765184365,0.0027244509377622236,IDN,2016,0
0.0250964504829636,0.0007713240284874016,0.050339518322150646,0.039599265424131766,0.07766520929086365,0.0036128721676920725,0.0001143918016395002,0.03274874077442446,0.033202267581698044,0.17616650500934927,0.05838133758093175,0.06182772247692039,7.980712353284082e-06,0.0035567591601905306,IDN,2017,0
0.045364890968851906,0.0004110134118045701,0.09083141317048221,0.03457350568299331,0.13573064207518928,0.00663491028730982,0.0038908572356609935,0.03795650158150772,0.13318658708744888,0.22453177552185705,0.10723407576025983,0.10592552670669185,0.00018508967726509548,0.007140586853170525,IDN,2018,0
0.030852038556665136,0.0007888033187349188,0.0612184554624603,0.027623743400396444,0.09247243655291214,0.004438854572176562,0.0008490734932607325,0.03286621346657254,0.07677783094809154,0.1656367424451887,0.07216966336820464,0.07269995272887313,6.205450694307275e-07,0.004507017520557478,IDN,2019,0
0.04575500993333341,0.011333543334930649,0.08750755889744084,0.07936054701194396,0.1356305200789013,0.006234198909375372,0.001673593661418782,0.04607259145231524,0.04819792346753957,0.3238604988503055,0.10005823274142356,0.10943428368260687,0.0062060818864538595,0.004278318407907023,IDN,2020,0
0.03942112468543055,0.0038889025825405437,0.0749178002460383,0.012886500754564698,0.111058248538104,0.005456526876630734,0.0014228844311987693,0.03728066433526511,0.1634789651294763,0.1449804164536427,0.09013818806131632,0.08671704294648634,0.0012053438155016306,0.004875843516716308,IDN,2021,0
0.05757287139852178,0.00044875894089343207,0.10889949837320606,0.0057517759422524425,0.15210335249475454,0.008168916658646557,0.004798993977940252,0.040895403910440935,0.6126640224894171,0.05932135214531164,0.13859004526807617,0.11360864684877543,0.0002229840744624953,0.009575098271992656,IDN,2022,0
0.0471295535377522,0.0001730209255316369,0.0896133668746971,0.004224641854843901,0.1253067752301312,0.006722283898226299,0.00362745932574477,0.034594138129280076,0.4960070572697357,0.05063819852017532,0.11400077918342838,0.0935695097626907,0.00040341137426102945,0.008066536891522858,IDN,2023,0
0.04467761548891434,0.0003637018178836254,0.0859371713965506,8.912897213102774e-05,0.12282698170482795,0.006385753652514604,0.00276190321561265,0.03644114100384564,0.3462113542721982,0.08628255811550868,0.1070354231903804,0.09310733650023922,0.00017909179931686835,0.007311206153782241,IDN,2024,0
0.025838549526283807,0.0004768915698157822,0.054342490396940994,0.1123926269401315,0.0869952555141189,0.0038495202817533268,0.0007920547955972132,0.031195742480699014,0.0002652947908321754,0.3125360493768521,0.059706659133853104,0.07080926172880288,2.369694024819285e-05,0.0036969281858546333,IND,1990,0
0.03979479014936181,0.0005843335719708844,0.08071375603779969,0.06282184706233884,0.12359896651383176,0.005828583797276,0.00182802597450927,0.04061465922154257,0.05656281604390788,0.27472433327324647,0.09324333387666646,0.09793342604069571,6.18478229090974e-05,0.005993409272776533,IND,1991,0
0.031851969980070234,1.5648373978451722e-05,0.06670863386032895,0.08097337887666489,0.10366962326495231,0.0047992887640849104,0.0017253247093087104,0.03335122572434113,0.019262152117560334,0.2822773688186567,0.07557259558009136,0.0826727846649236,0.0007094365373249637,0.005272694895144954,IND,1992,0
0.009161619032365755,6.251102249812703e-05,0.017690147116565462,0.0001585062720344846,0.0255237910615239,0.0013081511674681793,0.00020125749820078113,0.009214436844330955,0.06440456501716928,0.020539884326672395,0.021988278889806562,0.019441672168006085,4.916424210093041e-05,0.001507073156209431,IND,1993,0
0.010573355669938412,0.0001801628946945021,0.021158216376069433,0.010905335500851708,0.03203105937125898,0.0015341790634515167,0.00037148532235794227,0.010979418718816207,0.023731308358453163,0.06020800338922208,0.024829883638518235,0.025200673365017696,8.10355755497956e-06,0.0015918632034627178,IND,1994,0
0.02597584429404867,0.00011500955153092797,0.054190408126879704,0.03679180240693989,0.0820808068656099,0.003950531866941175,0.002360299480596047,0.022996254200583016,0.046481232155574356,0.17027132061551545,0.06289307165869082,0.06430810456185149,0.0015169297948505662,0.004787956261655047,IND,1995,0
0.004481275827427146,5.6306599998312027e-05,0.007882817181161685,0.026363792502874416,0.009602543639275488,0.0006241939664555149,0.00032876026784028206,0.002461234124378752,0.16394164747594908,0.005546573557727871,0.011505715199413166,0.00646376403847478,0.00031116162107727935,0.000983017942665371,IND,1996,0
0.03252852095793273,0.0017712687912359178,0.062025181688201494,0.0025138728241244166,0.0892094882051008,0.004596070803273716,0.006749086822816507,0.01654750934118344,0.2019660367041024,0.08086884227848881,0.07544774801400601,0.0683542569984597,0.00027655598329525625,0.004485534723293126,IND,1997,0
0.013644778224950735,7.188949101673399e-05,0.027048795275430956,7.547070530495454e-05,0.038410773632451496,0.0020251793887854776,0.001911100903002635,0.008775619470723223,0.10749193850729996,0.02716710726928513,0.033553998387532036,0.028887363420143107,0.0007786623297554772,0.0026362559484617858,IND,1998,0
0.027991175062882453,9.803065424351998e-07,0.06057870584331025,0.13409834786447689,0.09629767231744424,0.004327792907476359,0.004385772164309958,0.023226965167746628,4.790575002527581e-05,0.35348675967428833,0.0658604276037664,0.07793892587219024,0.0008071771836033271,0.004601494711416847,IND,1999,0
0.021004565985149333,0.0013721791266052127,0.0402464900527248,0.004801498879046837,0.058783315042312684,0.0029597971639625143,0.002988790886059118,0.013345404526729374,0.10259529013912076,0.06752789520723584,0.048448650562682466,0.04547890428578372,0.00027300512602315685,0.0027979407900719506,IND,2000,0
0.03684352181108438,0.0009356407709923644,0.07637002874428712,0.1155040935491724,0.11911583944702081,0.005484102200247532,0.00669997389957151,0.026149895647105795,0.011499197485619905,0.35605913248518506,0.0847983587622139,0.09574319913111501,8.434469601775274e-10,0.005193263911798045,IND,2001,0
0.03017551708697572,0.0020314344938324627,0.06154715179939185,0.08962362910037243,0.0954396978030641,0.004428301446334717,0.009262324864527294,0.015300134482450737,0.01178059067351802,0.2767465247508906,0.06809877431941433,0.07675625470441753,0.0003676097779684489,0.003780160559962529,IND,2002,0
0.013735808499249222,2.1353073303917305e-05,0.028873970601864807,0.03597703384827166,0.04431016943098591,0.0020962138109488705,0.004390889220226448,0.006993403061085354,0.009055038149665316,0.11861406712847489,0.032296720133353406,0.03519377144535524,0.00022285297542125294,0.0022263279980997883,IND,2003,0
0.04801733872685382,0.0005350606461252084,0.09794962962695505,0.07019984101150108,0.14738303393075639,0.007157403259952069,0.014668623846208166,0.023088190951354354,0.08464260178288062,0.3045232417126558,0.11225517350218849,0.11585219281809511,0.0001329156166587579,0.007360759045591365,IND,2004,0
0.09295757914270777,0.0007505705550233924,0.18880045636807052,0.10626547525730298,0.2820198996426896,0.013839111007656474,0.027202679024101572,0.045123033429903994,0.2121901462393164,0.5262571206489105,0.21840929671147374,0.2205528146730524,0.0004385398282102386,0.01458298904651968,IND,2005,1
0.10610999741521585,0.0012553601729806468,0.214687625766669,0.11399636745724603,0.3195768344317045,0.015761891859136283,0.03664641728182398,0.04476196307708259,0.2578999390837242,0.578927636423204,0.24838961215892782,0.24963732502720928,0.00023892857893091112,0.01632072174057545,IND,2006,1
0.12060560238807813,0.003119157361385867,0.245595303754595,0.2149583629999218,0.3713060890840565,0.017907051160105138,0.04662263123849142,0.04824740154840744,0.16398742840690375,0.8335993677595466,0.27833313845720553,0.29340187213774466,5.985915516115844e-06,0.01727250502090049,IND,2007,1
0.1524687913521972,0.005125843691375873,0.30048353632189845,0.07946393257976443,0.43908292809670524,0.022205943735435562,0.06326458166193968,0.049594167245350936,0.5881230958704148,0.6089604771198441,0.3534215832722105,0.3399764987393504,0.00020245867056361357,0.02183749240201088,IND,2008,1
0.08925901000165594,9.33701054109686e-06,0.1840932943395565,0.10279365620780369,0.27283937695071436,0.013584770186768758,0.04282782458179594,0.028239320348242527,0.21574179183137163,0.49814401547251286,0.21215986326231392,0.21215005485633767,0.0021051274261690294,0.015239941118711754,IND,2009,1
0.10791237037675382,0.00032222135258815136,0.21817807642514558,0.07716114374847932,0.321350301404715,0.016100451076982724,0.035070522833222005,0.046757336943206974,0.3557581610816638,0.4985167997554898,0.2558338171497827,0.24891003216686905,0.0011867111044757221,0.0177442823148083,IND,2010,1
0.15272348965006108,0.0018777765304921312,0.3073504723682368,0.12568940424888939,0.45285716941140286,0.02267757824540404,0.06661605561952469,0.05018621048642662,0.46347180567131163,0.7328186821360267,0.3575924543839313,0.35176439526781417,0.0002881135124210613,0.02355148341357668,IND,2011,1
0.13746500650393068,9.18377193525062e-05,0.27575117501973584,0.04352720912735819,0.3984932873434539,0.02053200624490742,0.055424112364870326,0.046580490536162374,0.6676200985904029,0.4713854926286181,0.3285285872658801,0.3048750238783807,0.0024416118639249205,0.023558085691182184,IND,2012,1
0.08611032804247179,1.8133476780569832e-05,0.17117095758577996,0.011055579640097703,0.24521938728030723,0.012780730962906299,0.027774343951066052,0.03443674497628634,0.5204280520723286,0.23641553840525784,0.2070397109581712,0.18636294574501666,0.0018020877587245805,0.015056261364363277,IND,2013,0
0.07528133098370907,2.2304835825525723e-05,0.15323924328130334,0.040485281658888414,0.22367149410477016,0.011371045391256116,0.027788961263395393,0.029150262950606798,0.29672606084002034,0.31156710082933636,0.18093623464143202,0.17195355178239682,0.002481837378835353,0.013405559972350458,IND,2014,0
0.037569543925448166,0.00021774965243907362,0.07647437923409497,0.010913825311806666,0.11037740161100075,0.005705941452847896,0.013365486103385064,0.014683611035094163,0.19001472892150123,0.1276967565370254,0.09150640326769348,0.08408643442196324,0.0022384070568583956,0.007153848480959015,IND,2015,0
0.029207915888980782,0.0007395060192778852,0.05973835009939677,0.0037998152721382167,0.085261722150983,0.004484209460029184,0.010355479965186638,0.011291200015967711,0.1823970052617583,0.08140690281103853,0.07236127033114166,0.06431933856386386,0.003233848826153116,0.006069097304407743,IND,2016,0
0.0419191241087054,0.0001510166038107928,0.08292004893118883,0.006290445704587491,0.11871828375626046,0.006192281072297408,0.016851670825634473,0.01356229604444036,0.24638645280108018,0.11696521466307497,0.09982754364790974,0.09037691159762429,0.0003772244072797311,0.006976642469413691,IND,2017,0
0.0609029732643809,7.950630963325675e-05,0.12191498383257728,0.019558796826071225,0.17654883238951305,0.009063867428856155,0.02170431040536955,0.023175757614920026,0.2916784480370554,0.21114223217362993,0.14537188604584217,0.13524209808154092,0.0009143555104265037,0.010325103567750543,IND,2018,0
0.04426010086272862,0.0008288303888364751,0.08751849440429482,0.01905242960550187,0.12767975264508274,0.006472781795048421,0.014914812367472876,0.01753075420581667,0.18538979849704243,0.16782232636300431,0.1036644657172795,0.09855499693263797,8.848226279117813e-06,0.006702731421290549,IND,2019,0
0.061322931133134834,0.012561719531772942,0.1165147583641057,0.050143328327690986,0.1734216875852169,0.008489868142294067,0.01981923968938755,0.02429973273737054,0.16737243633914345,0.28999124740651055,0.13515871938739446,0.13685979352851624,0.006530219623818861,0.006222356028289908,IND,2020,0
0.01305879232194283,0.0005978763276068095,0.02835069164267243,0.027311832784771044,0.042837459124965706,0.00208280415723817,0.00480604652137728,0.00613997260285501,0.015802970345041294,0.10076027288080068,0.03216586301994953,0.03347382034184945,0.0020945873006683936,0.00275139569305085,IND,2021,0
0.06748879979464327,1.2890458825007903e-05,0.13601300276986425,0.022273140168573465,0.1977948208553393,0.010092272558857826,0.01645148566309773,0.03477189703665384,0.31712792055131533,0.2419066033746838,0.16278432655861458,0.1515374537252257,0.002133597986234574,0.012055094131346696,IND,2022,0
0.06667037275522127,9.890218450521027e-06,0.13435594082826066,0.029256623166587045,0.19647010471584497,0.009941530145488191,0.01591018842732125,0.035148043098535024,0.2792080703304494,0.2617767591552332,0.159888328044473,0.15116752283684032,0.0015067203130003195,0.011553535623995949,IND,2023,0
0.07391027242398492,0.00011349976316797057,0.14783404008816298,0.02579459074176918,0.2152416899723422,0.010954161675631648,0.01900124626677502,0.036414437115628945,0.3377554043857453,0.26758915967532176,0.17653013212699126,0.16531578935511831,0.0010696120359991296,0.012483438364151911,IND,2024,0
0.0015202343018859681,0.0009464923229259596,0.002139961628678463,0.10978809888676544,0.001619935560509932,0.00019588811092039995,0.000663463213095562,0.0024769094993943256,0.2940724863174931,0.07591665581581249,0.0047831457720912025,0.000647798165940793,0.0014019557817347122,0.0006728335831859536,IRL,1990,0
0.010798997348319721,0.00079535655548095,0.01653343005062578,0.1479217566290073,0.018452079594563266,0.0013341998746363264,0.00014783271262293273,0.006397973786014904,0.6226474830817237,0.06307605625997395,0.026477055206920036,0.011757638764418503,0.00027903808902651593,0.001688597757516693,IRL,1991,0
0.0003451286403866787,0.0003108794166996613,1.075013188663753e-05,0.33851553805190415,0.00044003581858154133,8.137651678520253e-06,0.004835994953654089,0.0022150506087541704,0.6262194391981817,0.308396790155098,0.0011510308284278655,0.0010635699035895115,0.00039520830942214717,7.760204632257117e-05,IRL,1992,0
0.00016691254197464546,2.7968917734315996e-07,2.8481746072990335e-05,0.41741696685369023,0.001086103790118249,3.7795036769674027e-07,0.012828543495068345,0.006188723455737067,0.7288540176075639,0.3833393072775934,0.00082327484974719,0.0019976408830516186,5.3382388818676776e-06,0.00011412258204760514,IRL,1993,0
0.0019631238529005646,0.00012670144924097713,0.00695883969200152,0.39912442455563973,0.015733780100063422,0.0004297471894080629,0.017270810157795465,0.0010427248126739198,0.45305068743100624,0.4626538982115803,0.0034940870129184995,0.015598991627601777,2.01143999845571e-06,0.00012454143517121806,IRL,1994,0
0.011910840627675737,0.0016677559318040843,0.028547314549645132,0.32241521111843313,0.049638643321808396,0.00198191758986409,0.040224701809176304,0.0008667479401504044,0.15979447318602816,0.4766057672136152,0.024414283806363346,0.04319157568255248,0.0005809048170959995,0.001070180722514686,IRL,1995,0
0.0024281161150607566,0.0004835237581897298,0.007004043779705141,0.2103879419845561,0.013485109520285067,0.0004714636007973078,0.029358929356188456,0.005752073212271394,0.18303351301380347,0.2525708733438482,0.0044613466657723476,0.012511171606254765,0.00019549804721560757,0.0001510872526907675,IRL,1996,0
0.014080282519781936,0.003676035831605122,0.03077142878629955,0.17875427955306916,0.04956021486986184,0.0022071580423477883,0.05474459017128374,0.0036856598371139433,0.03295804335513623,0.3004094432347217,0.028761543704781498,0.04155677761547909,0.002067244211957656,0.0011284071468132925,IRL,1997,0
0.01235198622030233,0.0015865406325470226,0.02689767553207744,0.1127362704021395,0.042295477835204515,0.0019512638270248628,0.04128637792281882,0.001973350899723436,0.008324362107663097,0.20832805142803307,0.026254837700955665,0.034792381421180615,0.0006001340782035565,0.001270794403520601,IRL,1998,0
0.017904971999572118,0.008117931154142102,0.03615730062984572,0.10807392740038517,0.055486668065148896,0.0026348585841400275,0.0630346317215536,0.004613147752642566,0.0003769114041388064,0.2188054850850541,0.036122258593860423,0.04545193594560049,0.005753797910324698,0.0011807287380762937,IRL,1999,0
0.019130524043881218,0.004816626359668531,0.0397391489167716,0.1184446655372888,0.06097705752222415,0.0029045226510799253,0.06454715076706094,0.003946230754707516,0.00047006561283350387,0.24109625029102333,0.03989137870004305,0.04966721558158547,0.0027645181612279677,0.0016521003153469529,IRL,2000,0
0.0283362767731345,3.015621667406472e-05,0.06276962682654533,0.14766806464674676,0.09429698007548389,0.0046713312477145545,0.09975801190045984,0.006101489749639968,0.0013885448588892059,0.3226778155565821,0.06461135797650057,0.07482923259099106,0.00045536753984619203,0.004476157220886197,IRL,2001,0
0.02263032059355229,2.7481189219392593e-05,0.050891337746723005,0.14348546188653058,0.07640373011625558,0.0038016304352739335,0.10768211984541652,0.012165886767108273,1.0757404112724521e-05,0.2864384075040467,0.05113417725323993,0.060778579193658325,0.00034302376887033244,0.0035268779702230936,IRL,2002,0
0.0032534409229745967,0.001682445144938235,0.009175060210978669,0.06348402726239788,0.013518031766260683,0.0007168667890893041,0.07174799367502697,0.027148909656654015,0.0106145752300353,0.08445543384645333,0.007846277798123,0.010639881487331306,0.002816516051073736,0.0009518818526894235,IRL,2003,0
0.01819245681760684,1.1170249469147232e-05,0.03972533320698072,0.058192361660218246,0.05702274701042714,0.00302743240051546,0.09905402518905453,0.015424666821544648,0.016829843723675277,0.14136779036190883,0.041513098191895595,0.04417390417284879,0.00029294010179950746,0.0029500315297876574,IRL,2004,0
0.00017333735425415625,0.00024510298956580064,0.0003749179666021922,0.0006221943041844858,0.000330367586264003,3.693294934163963e-05,0.029058781225846667,0.020587585516246662,0.0013391718168607354,0.0001222020146108004,0.00025473852719936024,0.00021376528301746822,0.0002671243376773513,3.322109178595171e-06,IRL,2005,0
0.0005625208503240254,0.00013334389710028621,0.0010663991809052884,0.0003359482405935973,0.0011105924403099954,9.39692440621607e-05,0.018389381708870653,0.01028692170657503,0.01350674170771896,0.0001320316556814677,0.001152742861616763,0.0007282236634658193,0.00010300738782198384,5.744940891718361e-05,IRL,2006,0
0.010314875938746986,0.0006940217501511651,0.020612526073329404,0.007646469149221832,0.02881091563953485,0.0015711077635006834,0.034738878329311676,0.0029678110529631012,0.04185393047632722,0.0377953104148935,0.02305726140251883,0.02200314021720317,0.00017366345353885194,0.0013341910843527292,IRL,2007,0
0.0171213753658588,0.003492663324401164,0.03838368176113054,0.017478231441960156,0.054124217739147364,0.0029457739587447226,0.04409278831454835,0.0010830426826700576,0.06358987870859092,0.08068794492497978,0.0434933430182591,0.040578238826744585,0.007122346608406865,0.004509451542871693,IRL,2008,0
0.022638215915232462,0.0026751555657855285,0.0480989332296275,0.0015006044305185785,0.06554602478590868,0.0037268624977327353,0.04790264368408421,0.0006485974766187509,0.1842113142656278,0.04579424919696498,0.05717879510743747,0.04810880084448295,0.006207246894369599,0.005568522760069719,IRL,2009,1
0.036793675734873306,0.00021174691472439165,0.07409271290237661,0.013603956272528993,0.10459294501278113,0.005604094795780624,0.05603985181640983,1.9071245092748405e-05,0.1876908630448336,0.11700866809019628,0.08622181973706639,0.07943118628170305,0.0001981225102706735,0.005950630327760593,IRL,2010,0
0.03709447996781384,2.0672535364947858e-07,0.07523683908819093,0.006508009102530742,0.10389033102220818,0.005763978460201302,0.07902399769722537,0.0013766401314614265,0.24479913017271107,0.0898021542308797,0.08805061351883275,0.07775903977549725,0.0008856327876138732,0.006557813800247306,IRL,2011,0
0.005977954838640737,9.387895130694295e-05,0.013248191832676138,0.01022841122280758,0.017793607767805357,0.0010489968701342673,0.061767922741542705,0.018502690031967375,0.019444489411012802,0.027612181584264574,0.01390229285932484,0.01325900604759389,0.0004593124246052106,0.0011484966395205116,IRL,2012,0
0.002325732745159728,2.5505797913843122e-06,0.005363092015046161,0.012289939659080984,0.007431719603280043,0.00042158592393809843,0.03352697223850796,0.011731119715366821,0.0008792198521590589,0.021534705274796517,0.005190663736016916,0.0056978717419523504,7.451271553437271e-05,0.00039045560395335044,IRL,2013,0
0.0008263893471332292,0.0033301322482135044,0.0014674668293725216,0.007882724427119047,0.002018222868093078,0.00011399809644664311,0.02553405834217095,0.013289979821170935,0.00020008280054066007,0.00924404600806524,0.0011564574782329225,0.0016840001718951287,0.003459048968025942,1.4452383445747384e-06,IRL,2014,1
0.028519770850237904,0.04478553131185531,0.04724201988428681,0.005320655575099748,0.06478406550276153,0.0035580502071381123,0.11052169808667282,0.017044332063142924,0.16205204690092082,0.05320320273608465,0.052905082595620205,0.05073286496911657,0.041914867460748184,0.0006162362576951198,IRL,2015,1
0.029925232562304303,0.007179585224427171,0.05487320397981461,0.01520639422472256,0.08529842117903043,0.003861715051356122,0.010908402635083284,0.08706617281342807,0.08137967910752465,0.14381765898260956,0.06704622622182917,0.0683870742937342,0.0038021274208487593,0.0029342839404421055,IRL,2016,1
0.0003207074671831428,9.742066223402517e-06,0.0006294093357078168,0.006313264476260061,0.0018857474409804125,2.5262216692993765e-05,0.0638005306251801,0.06812296506666363,0.0110328580996955,0.023328203814579604,0.0009510241280744225,0.00187816900754024,8.927728481182418e-05,6.227109902481118e-05,IRL,2017,1
0.0042073747142678366,0.00014445367992088422,0.009366839301974485,0.0007103863839150841,0.01072854746646087,0.0008059100497682416,0.1300318436940709,0.06716621501006242,0.05074454302945998,0.002753437038476078,0.00962669196871749,0.007320798666406876,0.000409257326648714,0.0008759765907071742,IRL,2018,0
0.04563830655123326,0.007256262938404309,0.08485504197775308,0.02406784659645966,0.13247603642739603,0.00596372800962162,0.024188090589876598,0.1528484280425101,0.1206181018959463,0.22831416215442013,0.10416374785490477,0.10606876937247003,0.002998332246610904,0.005059034641789601,IRL,2019,1
0.005710948325733837,0.0028885294550783816,0.010023607976702377,0.017267858400267816,0.019185951819267466,0.0006069580016403491,0.09031636682334275,0.13677722138577791,0.0010924926987429357,0.08416302413288562,0.012832433133343597,0.016864458737368134,0.0017586928177120886,0.0003862068330846791,IRL,2020,1
0.0472561846961674,0.006684416992300439,0.09190641280812455,0.010459948724003406,0.12195699805820275,0.007186737630355671,0.2933250867334445,0.06608794057910979,0.3278426865030137,0.09070632805349699,0.10279719479512824,0.09103527083337704,0.0033416520795719546,0.005360036191695916,IRL,2021,1
0.07493653565889265,0.0003249220442824658,0.1544953526946792,0.03797552161681387,0.20928626265945877,0.012026215673747146,0.39132186214374665,0.06742003866910495,0.4118862121059481,0.215646377593419,0.1725436802763926,0.15635064690768014,0.00041627271807287284,0.012138587232016582,IRL,2022,1
5.5581196680404116e-05,0.01338109871129524,0.0007736211943622897,2.8260935851152585e-05,0.0002934883394660749,0.00010873874956563912,0.1452052648932902,0.113457207888858,0.01754969497525455,0.0030301272034191314,0.0005114664750646696,3.70531283839387e-05,0.015089789573917425,0.0007828314658726563,IRL,2023,1
0.008708239860665011,0.0019231125714324314,0.019801479572598493,0.0010260319966858228,0.023881187908386323,0.00165897304512658,0.16208366362794355,0.06905697106007085,0.09853885392584412,0.008607054247895797,0.021424102786557386,0.016521187660597243,0.0034844799381196917,0.0023538925786501254,IRL,2024,1
0.0004921823158005744,0.0008139144158874615,0.0008496297980197375,0.0024991508773149437,0.0014726160614828242,5.580451394745615e-05,0.00027624226762297153,0.0017248928149027965,0.0001547263992306813,0.006805294645862656,0.0009275094452663778,0.0012843219519954928,0.0007166730450393943,8.044551241404063e-06,ITA,1990,0
0.0015568827081663687,0.0008281394919835333,0.0028488941637165037,0.0031792082600227227,0.004599106032224533,0.0001966223709217806,0.0003351460931693044,0.003990905068832673,0.0007487959035485403,0.012868199830730648,0.0032929759202837117,0.0038028498296250983,0.000583364307978565,0.00010137889909439443,ITA,1991,0
0.0018791191473215762,0.0017888198287161522,0.0032995550622422726,0.0039033972823330934,0.005361421299172751,0.00022570188735893216,0.00038845476221563625,0.004644488897276765,0.000735624485667679,0.015415771388556956,0.0037909214767953467,0.004483463502257779,0.0014530051575411054,7.632006075881668e-05,ITA,1992,0
0.0031611680826038953,0.0004336514230710395,0.005994943344145808,0.00233812173948905,0.009212099020802705,0.00042735842934027554,0.00016502731499024617,0.005984270147160104,0.007709611605170548,0.01648311571686972,0.007176197752755812,0.007335769216718802,0.00016652064816848023,0.0003601686319731575,ITA,1993,0
0.00028725722406887193,0.00046796137248009893,0.0004950424478275707,0.0018219919148413685,0.0009078949561305956,3.121710147218085e-05,0.0008516630828359445,0.002245243067749274,0.00035154703336030314,0.004991172148897031,0.0005500612029443559,0.0008083466190874792,0.00040303599385416145,4.761578992264442e-06,ITA,1994,0
0.003588592097575675,0.0003098311728605807,0.007068963750728475,0.005789922198611866,0.010929057276054038,0.0005057627134969931,3.118436114989225e-05,0.00441488722284001,0.004432390444233206,0.025175962181151618,0.008166051262976079,0.00874360725442647,7.706189023799245e-05,0.0004410221799216453,ITA,1995,0
0.006403279771689984,0.0017308028384516918,0.012025673818095429,0.00682420914152912,0.01838368742188873,0.0008607989806937726,0.0001736218760557307,0.006506773444093551,0.01231031756664312,0.036073772631975684,0.014010960860683465,0.01471705468877102,0.000995566862161746,0.0005889502376386484,ITA,1996,0
0.006053718292367318,0.00045231730277315164,0.011765253388603184,0.004443212630741816,0.017624736531602635,0.000855261680678746,0.0005158630501158907,0.004896188550488229,0.017403432491159082,0.029107706408520746,0.01386278420003399,0.013849111613597928,0.00010150767858176363,0.0007765281503291378,ITA,1997,0
0.007422542377252833,0.0011509173245615627,0.01414306773669151,0.005550667418838424,0.021264244973427895,0.0010236034706201007,0.0005489202716304226,0.006121725144836907,0.020320767625394184,0.03573324514598354,0.016632664332128618,0.016804759674826555,0.00050121321673122,0.0008178133072257812,ITA,1998,0
0.005088197247608092,0.024971507477785374,0.007084596160369718,0.006131707210616588,0.011270788197608399,0.0004770073475484071,0.00033201669537569596,0.0031185956908593273,0.004592314015479235,0.02634191979050878,0.007888611083096747,0.009797328742693439,0.025388246936710098,2.2044049612934398e-05,ITA,1999,0
0.0023093759496888547,1.642168750547617e-05,0.004873903338167408,0.004406871184962136,0.0074578782804101285,0.0003539128826078252,0.00019245716838752516,0.00215760613944967,0.002743229872331678,0.01757892056393156,0.005595099930242606,0.0058766329463200585,0.00015919170855319148,0.0004303218675581496,ITA,2000,0
0.004674795479434303,0.0008455020752275338,0.008962963339873287,0.005570150822780233,0.01364369591375644,0.0006451499111116315,0.0003873520470307823,0.0038305713341073963,0.008592558744693671,0.02736468294779846,0.010377535845336558,0.010876251915660367,0.00039980835456817216,0.0004884548168768154,ITA,2001,0
0.009292517848725552,0.0033702240686624275,0.017162577996134038,0.007884021283053728,0.02593585608593634,0.0012345367830483057,0.0009481026247949467,0.006709967372632224,0.022199167181410552,0.04598492340226322,0.020002656099039232,0.02070386878233332,0.0021949605811509916,0.0007607707536726545,ITA,2002,0
0.006462718296568785,0.004876729535630017,0.011401108420586403,0.005584703459272817,0.01737805429009767,0.0008114346145493521,0.00044563291939262546,0.005009987077058153,0.013861772739667334,0.0318616785950158,0.013239918640474345,0.014055731015436322,0.0038755503988371263,0.000336567554288778,ITA,2003,0
0.0032507317897867137,0.002239140485873369,0.005797375287292231,0.0035769241278169614,0.008933681439304699,0.00041053308677817534,7.743278720245963e-05,0.003200542463256421,0.005451868068031489,0.018186347017773406,0.006709970280031202,0.007255486992802876,0.001734112979341101,0.00018069731230561709,ITA,2004,0
0.0032320641332508563,0.0017357390558225257,0.0058617219517707805,0.0032356242729253545,0.008924676753772091,0.00041904354623348864,0.00031376970591845546,0.0023406850090017606,0.006444158418304098,0.017030711036820457,0.006781396706782348,0.00718549163277694,0.0012705382582779243,0.00021366113552291234,ITA,2005,0
0.0010318587419147743,0.000986713067403976,0.0018232321083518901,0.0017667634478165553,0.002838244144047052,0.00012841816185851418,0.00010497535013993932,0.0007332434639236154,0.0009491976385031095,0.006902479567305944,0.002055714710172677,0.002333475082459351,0.0008182306015350382,4.184073580984587e-05,ITA,2006,0
0.0002696786634971115,0.0018215282033148166,0.00035623642221679745,0.0007555433845444602,0.0006110246713894459,2.2701706862262294e-05,2.429480177330924e-05,0.0004589291081029813,1.0077361926165387e-10,0.002316405533802304,0.0003841378649535852,0.0005569393815366535,0.0018793154668822973,6.33642901660372e-06,ITA,2007,0
0.0001967067879715081,0.0035924401675643076,0.00017065424575174869,0.00031599013091111093,0.00032671531617141375,9.287877840029479e-06,0.00038943438315034405,0.0009230332727421514,8.702823152967282e-07,0.0013036865389412665,0.00019007020895571146,0.0003337800625628341,0.0038923381437512092,5.174407525488811e-05,ITA,2008,0
0.002574545018687974,0.007083289181870798,0.0038575750335272884,0.0007419884589334783,0.005857864011385874,0.0002690209491556929,0.00012168204033869283,0.0017729319523035645,0.00828528457623984,0.007971951556086217,0.004540567061499301,0.004859116985903699,0.00687309917267319,9.179000726388267e-06,ITA,2009,0
0.0033676410054878886,0.0001670938321310026,0.0070569966823180365,0.0013071867824599,0.010160611754272271,0.0005292936962381479,0.0016779165427721482,0.0009863588204427791,0.016215152426393962,0.012438888543216384,0.008389908923048802,0.007703383035522663,0.0005460722718393507,0.0007358608259275677,ITA,2010,0
0.0017302250545847468,0.0008981886543266608,0.0039210056386377225,0.0007120216677915261,0.005603282698672071,0.0002977808848428217,0.0009251770306856232,0.0005450580974456849,0.00902790795100651,0.006779852907434725,0.004687885175198266,0.004169011109496972,0.0015368950614417208,0.0005729625709404117,ITA,2011,0
1.7566898225771385e-05,0.002126196680888138,8.714578451558946e-08,4.98120267175793e-05,5.601333255675494e-07,2.2438979870864964e-08,8.856526202916983e-06,9.957334271989415e-06,0.00010558994727811478,2.3135246044136645e-05,1.2679229407638252e-07,3.502653103028403e-06,0.0024360487305731034,6.69397689743927e-05,ITA,2012,0
0.00042536647409100635,0.0025840377594180306,0.0005441826474685193,0.00010448124074770554,0.0008385392068170654,3.680222424279725e-05,2.879422736271846e-05,0.00021959679929122353,0.0012012590288147202,0.001143199288351439,0.0006305610020216864,0.0007246738403357011,0.002677590101897328,5.64297960259538e-06,ITA,2013,0
0.00048663504904551864,0.0010604504097422225,0.0007622772632203185,0.00021883865918056555,0.0011517795982163253,5.3701075151430136e-05,7.761286810560955e-05,0.00022805302278127476,0.0014023003387314051,0.001716921882209074,0.0008858221028360826,0.0009479155463935976,0.0010045080469954445,4.685209596869459e-06,ITA,2014,0
8.573384293964204e-05,9.547113328285623e-07,0.000177625445133878,1.3791546719637099e-05,0.0002409101577210322,1.3785833638249522e-05,0.00028069732293016725,2.2368829285401783e-05,0.0006192014761363348,0.00018840403636430985,0.00020609818903202996,0.00017824483044986787,5.9203557606628885e-06,1.68012091828837e-05,ITA,2015,0
0.00015221824097895044,0.0005848044847195785,0.00022496572146122262,0.00022990835879833376,0.00035500293497913734,1.5368197687751354e-05,2.899197417810139e-05,6.324362778428027e-05,0.00011591002105700315,0.0008752689390068326,0.000247958682568777,0.0003047399744597106,0.0005833651387049827,2.0390324129297422e-08,ITA,2016,0
0.0001201756484220628,0.0005450101146426688,0.0001799594401168705,0.00038633209931135615,0.00028464147556177147,1.2368788625145484e-05,0.0001584423528553481,1.4128449159528812e-09,7.484786149775044e-06,0.0009600781015945657,0.0001840890202573584,0.0002477590311101036,0.0005525678982086989,3.458651655354269e-07,ITA,2017,0
0.001544897572941213,0.0013753440074601752,0.0027354145881194262,0.0016706785811583717,0.004080619676884973,0.00019779662239165774,0.0012243014380860615,0.00013596596947536995,0.003182416271585089,0.0075497871179650775,0.0030788659372299925,0.003287059502561865,0.0011452955439586337,6.841481103472394e-05,ITA,2018,0
0.001245544845089224,0.0009302650919156167,0.0022320132442243948,0.0014163125570118345,0.003355894682182796,0.000160805524943227,0.0006478997866528383,0.0002664369640126578,0.00238223036157458,0.006449908206986854,0.0025273662476210483,0.002704166791933905,0.0007444201060058509,6.453709191734866e-05,ITA,2019,0
0.013131861867700035,0.016832663948251007,0.021854232199747175,0.004390675544883279,0.032286342231226436,0.001572379715235221,0.004722546171175574,0.0035708708983951012,0.04914946390471154,0.04148743528139982,0.025544394787107103,0.025955604738914388,0.014930492410732849,0.0003950157474345333,ITA,2020,0
0.0010144903692781817,0.00155075505531653,0.0015780323078010648,6.288931580664941e-05,0.002245494780241259,0.00011445854796330262,0.00012776250261875178,0.0004794078369861871,0.008755966964720547,0.0009563470406531103,0.001967715509471532,0.001767655524811744,0.001420326097394098,2.5226175315819125e-05,ITA,2021,0
0.0008754403045604779,0.0005458221504966436,0.002100058495521594,0.0019877255703883543,0.0030677751599484564,0.00015923422815315282,0.001395191545931776,1.4358139453883681e-05,0.0014418646175828717,0.006712659230521123,0.0023520114885547433,0.0023244301730970156,0.0009086668224746768,0.0002975465717126669,ITA,2022,0
0.005845917352164286,0.0015955666526557897,0.010926501948990341,0.004595152616029322,0.016442059191691717,0.0007889257535475855,0.0006575915868308121,0.004119777714046596,0.01517760111952364,0.02812545673417605,0.012774776308920145,0.013060837716131665,0.0009347942078808396,0.0005393074364072756,ITA,2023,0
0.0027460138956393464,0.0021908315465320955,0.004823723323718208,0.0024620620678753053,0.007381943110781756,0.00034228592739108716,0.00012034892551724973,0.0023702335697088264,0.005580674284754578,0.013848003165191518,0.005603198859470712,0.005986380045565811,0.0017589276787329624,0.0001362957586009705,ITA,2024,0
0.0019186332833877376,0.0001552200965586005,0.004850462236816209,0.04590706533185924,0.008810632550714492,0.00032646542775229676,3.803029946846751e-05,0.004967294157263632,0.023849085423493264,0.07933790468361696,0.004615319235147569,0.007611212126834764,0.0005009033270462392,0.00038391708799805476,JPN,1990,0
0.003260897107384269,3.958044724150981e-05,0.007290644731091023,0.038804517919366274,0.01262675497901418,0.0004970651524585392,0.00012539801953334798,0.007675821724940691,0.009942670286393864,0.07950298102918978,0.007469474981225223,0.010713093864549498,1.7077117379463472e-05,0.00045422420072617367,JPN,1991,0
0.0033427568012911624,0.0005266672763184991,0.006591711629337593,0.0102014448089807,0.010618282982569279,0.0004605723097602259,0.00017081088055586612,0.006819389355796212,0.0005394263444977329,0.03388851720190276,0.007454020853854392,0.008704462223942422,0.0002114447298759001,0.0003522780899989114,JPN,1992,0
0.003158381841066834,0.0019773151264075306,0.0055208177355767635,0.0013115386122500518,0.008443781334517654,0.0003905212933734134,0.00011658159374374898,0.0052740414118320495,0.009761816619244761,0.012892678032049696,0.006649188371462347,0.006795400419037314,0.001495184413717112,0.0001939012181268311,JPN,1993,0
0.00022039131751500743,0.00044605961313142416,0.00026219567002608264,0.0028341356321312143,0.0003251160513368439,1.923538466449215e-05,0.0005157846174127555,0.0010787422001046734,0.010338940260357258,0.0009691754309979217,0.0004495848689922298,0.00023058115311767527,0.00042714828387364114,4.691185451231432e-06,JPN,1994,0
1.3051772414804784e-07,8.699769849273465e-05,1.3976143444099778e-05,0.0032848390152609226,4.0589480125068426e-05,8.758519833760398e-07,0.0003676583330957037,0.00016816602443111566,0.004565946093416259,0.003154128269933179,9.302754975748062e-07,4.308554957721947e-05,0.00010870681221777188,2.8921778925942964e-06,JPN,1995,0
0.0002972581062358261,0.0006309294973725651,0.0007493956611608604,0.00016756429593968884,0.0010863734665775557,5.700294453974845e-05,1.976066732204774e-05,0.00034164488883787456,0.0014442051810919182,0.0014946331479636472,0.0009122417011627237,0.0007970180257354099,0.0009070332394348869,0.00016062133990798295,JPN,1996,0
5.362923893838914e-06,7.162545912079113e-05,1.5942534467190477e-05,3.7313984066115596e-05,1.9003941438925797e-05,1.3469085183419245e-06,4.864115502519715e-07,5.382683564871562e-06,0.00027070258015258813,5.632061569157116e-06,2.3412483081470943e-05,1.1334565752903706e-05,9.032933563816153e-05,8.24530933923805e-06,JPN,1997,0
0.0001619685188200472,0.00013280554595110767,0.00040583799937489895,0.0009372688620819326,0.0006388963848284062,2.9621612352957393e-05,2.88255372069172e-05,0.0001550672624273675,2.1466409625773606e-07,0.00239989170512005,0.00044418061009950723,0.0005024923071519873,0.00021788802407408337,5.865290957761864e-05,JPN,1998,0
0.010638627844682842,0.0002181280564974992,0.022288404178231146,0.009710542492134593,0.03301172192119994,0.0016462270111697608,0.0026567397147474045,0.005947822937424561,0.03079308951469504,0.05585777038408545,0.02610723209347611,0.02549499158603722,0.00109625974891709,0.002132205625607087,JPN,1999,0
0.01745063468057912,0.0007235200489772328,0.034341377280525186,0.011649196298860201,0.05084653883966506,0.002518000291432311,0.003951045521728778,0.009336723209865517,0.05658484825683459,0.07876988837083339,0.04036359268754707,0.03965395971555399,5.4734898292148715e-05,0.0024337015036670724,JPN,2000,0
0.009831605423072338,0.00426025716340936,0.017975010914421077,0.007501852951434546,0.026997620455583793,0.0012962758360889057,0.001724902654693057,0.00552002349108482,0.02567578817110259,0.04556832469256905,0.020920213222731847,0.021531572099640017,0.0029542112832572237,0.000739378823340137,JPN,2001,0
0.027818883094243674,0.00011912157168883317,0.05611590422796801,0.020988481446834937,0.08314418227967556,0.0041249699937714835,0.006099130546576949,0.015800704560027048,0.08638519641383047,0.1334920169163993,0.0659166959559823,0.064597688435312,0.00024766596244316525,0.004519624135105169,JPN,2002,0
0.07457244139558099,0.0004241319974998588,0.1498794048036677,0.050413488022263704,0.2214340388711292,0.01102927787597377,0.017155995924073554,0.040746754513516455,0.24776574719659478,0.34162536566640445,0.17646827350940505,0.17179988326840664,0.0005144670393418844,0.012007139683449249,JPN,2003,0
0.08788667669431849,0.0007906825367228467,0.17589552865921976,0.05668121033604758,0.25980229388225357,0.012938192619925331,0.01938165708650534,0.0488645771820721,0.29798419458731795,0.39537726688795777,0.20734789546125518,0.20163065156145984,0.00033709008759491284,0.013865986312267615,JPN,2004,0
0.06387012963458022,0.0010442348453949583,0.12703094230145884,0.04045669887260258,0.18795719886410836,0.009326656578966978,0.012049931072679942,0.0383816412350672,0.21533929635249996,0.2863245768564073,0.149905682079009,0.14612549908169276,4.457620831392692e-05,0.009720691669209547,JPN,2005,0
0.05349506589737418,0.0012240872576952102,0.10590650252228306,0.03363953855422376,0.15702968063048073,0.007761179534380424,0.008265587657725856,0.03522402413537852,0.1784107843424595,0.24040662963291154,0.12512298465500546,0.12227674944547805,1.0818863563294962e-07,0.007933348978960256,JPN,2006,0
0.0538216946418027,0.0006425535607059777,0.10716745645971187,0.03260044523473105,0.1588029817141988,0.007860258471448701,0.007428553241992859,0.03745208707981829,0.18421740306268966,0.24020088072465035,0.12690867385571583,0.12342821695260696,0.00011933380696882908,0.008370630738516599,JPN,2007,0
0.03257935772101837,0.0003890209222471702,0.06730826562176682,0.02227240325394388,0.09974836039238315,0.0049570065489495,0.0037895991333277306,0.025478205868479,0.10889559032951722,0.15578368264267722,0.0798299502359987,0.07701476098633464,0.0026427905124733657,0.0063505028142656714,JPN,2008,0
0.0692767003856862,0.0028210832597344625,0.14592476623610923,0.056907595897494646,0.2162419137473616,0.010775486149790969,0.011278823301428743,0.048787291183647614,0.21408579813888567,0.3551781408627639,0.1721417677157585,0.16661711681841312,0.010277158931880262,0.014717010221715248,JPN,2009,1
0.1254239771967918,0.002178855903110461,0.24869921957236366,0.06976612429107348,0.3669717613720566,0.01827832072362995,0.023792767182338873,0.07446794836506128,0.4531293976800032,0.5352201258832643,0.29437293073493587,0.28484273148576345,5.9327061515091784e-05,0.01904444287873619,JPN,2010,1
0.07939960227375234,1.7723243703629078e-05,0.16146395546267484,0.05032387030764129,0.23882995145783822,0.011883873246164746,0.01173398503817385,0.055214655741046795,0.27370108546996635,0.3633482211308074,0.19130104596735115,0.1847619918086214,0.002624824694056734,0.01408656493137099,JPN,2011,0
0.08753967515115463,0.0006656399232676468,0.17485507651226856,0.050894931983067986,0.25853935378985615,0.01284543191421323,0.013471272827598973,0.05824671936759927,0.3093199656769857,0.38406179097176185,0.2072010636186493,0.20058135991420237,0.0004374447298678514,0.01395519503306673,JPN,2012,0
0.09336070189428794,0.00304033957003005,0.18360368541066482,0.055322696651739035,0.2726095925028504,0.01343085942032621,0.01112402842166592,0.0677824806851399,0.31611150657903336,0.41271690086890583,0.21747676402177035,0.21254457225754075,8.369209266033787e-05,0.013409531874975915,JPN,2013,1
0.06973143854492249,0.0009405403874998826,0.13862081323405906,0.043234638459028495,0.20607087359214202,0.010145032555169535,0.006844927204401104,0.05503385445938556,0.23213430376422212,0.31695270713079376,0.1643616285500495,0.16042854364353082,0.00011315540375980616,0.010762057898687161,JPN,2014,0
0.08209304962752949,0.0017829168162256225,0.16240860239803637,0.05039694102681526,0.241239355298781,0.01188593788853022,0.009455344669238322,0.06088351019553363,0.27438837402278266,0.36912767647204947,0.19234782504590162,0.18793734776232998,3.068626431523908e-06,0.012236212845064959,JPN,2015,0
0.07333233469601222,2.5115424299002144e-06,0.1489937838147388,0.04791100050955626,0.22057192713477525,0.010960202305724804,0.010803459892359325,0.05106466673581608,0.2479189050535037,0.339269692442973,0.17637105768927253,0.17077389501760962,0.0021710194650714455,0.012882426936194255,JPN,2016,0
0.0737206232636146,0.0006522169385091117,0.14726912483434096,0.04686885244194111,0.21846351368671907,0.010799322762805905,0.009792015083069861,0.05242391645358637,0.24609670090870908,0.335912694267361,0.17427432527353545,0.16982611767946498,0.00030004793218358446,0.011649768236081348,JPN,2017,0
0.05554823421753249,0.0001587031081392326,0.11163578886279672,0.03552729661371455,0.16580062527510317,0.008185112567447868,0.005831303213751952,0.043464491122301156,0.18489296305301606,0.25630321588752375,0.13235221678807707,0.12877664215351528,0.0006511281151748969,0.009173070179047525,JPN,2018,0
0.056847586866594656,2.4580519678651713e-05,0.11494143363495568,0.03845381367067193,0.17095281376454075,0.008426530319670868,0.005338631346153374,0.04657655262847016,0.18384144124452587,0.2694851357337187,0.13623031791070908,0.13274665423580467,0.0011794683482876896,0.009710639673785394,JPN,2019,0
0.0751569455937667,0.0014528604314185385,0.15657806479859795,0.06106825779123023,0.23277013703333005,0.011525055815650113,0.009161060889997878,0.058750363471370734,0.22736640094322047,0.38515780396157034,0.18490128529596242,0.17994048021098596,0.0075806155115613035,0.01504139471208542,JPN,2020,1
0.09706774352543153,0.0027628275962012067,0.19130286945724767,0.05980527208367633,0.28460868440061193,0.013980742693875966,0.009588172036825797,0.07565157145245545,0.32029149828113074,0.4381897030395713,0.2266586247674371,0.2220298735746788,2.7298601543788717e-05,0.01412369664721479,JPN,2021,1
0.04288510441835322,0.0026769971211211513,0.0830474043336681,0.026666368544450616,0.12527294220410878,0.006003291342455788,8.009768155964416e-05,0.054620812662787344,0.12948533757202224,0.2021622637989504,0.09914103552494465,0.09854304036545064,0.0004465187137861751,0.00568367499947942,JPN,2022,0
0.047269796471286,0.0010851996214192184,0.09332249482028501,0.03220587167788178,0.140242476326115,0.006778789567661732,0.0008064598359239969,0.05290579632607268,0.14135877360244595,0.22904312586034442,0.11099864647716617,0.10983621236288751,7.664968767823771e-07,0.0070079724328292415,JPN,2023,0
0.031099984124674563,0.00080458448943259,0.0611365571394349,0.020349994140523284,0.09229755802057237,0.00442469640468208,3.6322992221115126e-06,0.04240234506661778,0.09241365610524684,0.15130059691582512,0.07307247169440968,0.07242591944870957,7.834355910559758e-07,0.004568248644954321,JPN,2024,0
0.0065812296665941905,0.0003278346372721649,0.012734570837787649,0.0021482357059767077,0.018692001777969654,0.0009352866766838359,0.0009104454228525607,0.004326054873881764,0.028876734212791258,0.023552589223141424,0.015249816103814099,0.014491346750016208,4.012988277693919e-05,0.0009071743121824501,KEN,1990,0
0.008609090971180126,9.347383174230611e-05,0.016863736476657617,0.0019791950283953442,0.024760148325956903,0.001238843746245184,0.000361197244175832,0.008111178621079428,0.041875463663757724,0.02912699774854726,0.020462318258856523,0.019096971749806166,2.3228937561451932e-05,0.0013639523977615829,KEN,1991,0
0.0006638229589944984,0.0034551883527894818,0.0008553648630859514,0.00016425170246877482,0.0014192438460223615,5.490990934590927e-05,0.0009690902393063542,0.0029324406422594545,0.0013242268982648232,0.002466551955494035,0.001056672897497383,0.0012470751927768568,0.0034977175898893978,3.628251643226359e-06,KEN,1992,0
0.09197682824054605,0.005690373478835194,0.16212815638464814,0.7315642530601794,0.19271112470769286,0.01297309274569794,0.003682389284511121,0.05788690170888802,3.979187487093479,0.20408519841242329,0.2432673306138428,0.12653896094765485,0.0154148926791812,0.023114189771559428,KEN,1993,1
0.045491844378249637,0.0006588014727115263,0.07193928518152802,0.5855014725808211,0.08142272954917293,0.005792201466660212,5.8951222989358415e-05,0.034065040491352935,2.532802388527824,0.23505379873852017,0.11447546966103686,0.05206946995472716,1.0391507036730369e-06,0.008311007539601336,KEN,1994,1
0.002851257869605915,0.006734206954885801,0.0013083221075247818,0.6707977791955488,7.428804584202152e-05,0.00015308936777080407,0.0072503950183824585,0.006486962435902321,1.3939769747698592,0.5640013081912633,0.0067836772492129785,0.00012495199447564118,0.0073535389367582115,0.00013270215792670945,KEN,1995,1
0.021413975029816436,0.0002673250708880031,0.04977758680611002,0.240428895435135,0.08319364459768726,0.003490985696737594,0.004250211940778881,0.019299089863011595,0.0441203685422311,0.4807656260143014,0.050563331514902464,0.06917122467688473,0.0020036275069001425,0.003806621954262493,KEN,1996,0
0.013759867851542896,0.0020278256129799273,0.037665456948113095,0.5184316644103156,0.06923840508151992,0.002553105104459734,0.008619401943220239,0.009465346900802977,0.33481577536905943,0.7816918448244984,0.0325828646749541,0.060516619009115945,0.005274329889373901,0.002886314174183665,KEN,1997,1
0.019324188461656344,0.0002181513701478784,0.050279731043476626,0.7904200471100008,0.09295735511920303,0.0033886083153611577,0.03237926593957906,0.002177009395757999,0.5367356571103467,1.1350207456879717,0.0413239058071556,0.08267160671801863,0.00013772099885899986,0.002352513963100588,KEN,1998,1
0.010196889693997837,0.00012555244801724228,0.030883811587922735,1.0155917236856382,0.06360853793959871,0.001985140347444809,0.03348127095146199,7.089866781034379e-05,0.9852981360767473,1.2833841616176014,0.020435065102229588,0.05990627020201159,0.00010558494569298975,0.0010346178743793608,KEN,1999,1
0.006732659596906659,2.897718970962222e-05,0.011844628931711076,0.012276563056096017,0.016611595695749642,0.000870370554409743,0.008610948048866064,0.029702259334709366,0.12553161425237566,0.0003410282526982786,0.016901023908300165,0.012231871938034463,5.8309210589693416e-05,0.0012015444826093083,KEN,2000,0
0.023496237229577756,0.0004411495762831686,0.04127767025562581,0.04968067739762419,0.05502712435853828,0.0031270299650086354,0.00093336879753493,0.0349746182273017,0.5040062166871413,8.007090181041634e-05,0.0574495498866879,0.03965945843301766,7.054456576746705e-07,0.0038893970208695706,KEN,2001,0
0.03134119999239301,0.0006578838370081732,0.059920939548192304,0.02307099911299773,0.08103590023433432,0.004568394465300897,0.001476177557050096,0.02508754495943573,0.5023696562172381,0.007733229274595791,0.07926643009037473,0.05872846590125589,0.0030448889086957093,0.006716331228085057,KEN,2002,0
0.03329379603891986,1.3456796034301848e-05,0.06013455059123195,0.06431270559368385,0.07940254214622226,0.004599704060477613,0.00011080187501719959,0.032950224999267766,0.712748542820007,3.0040810561197782e-05,0.08265644320935925,0.05679505076093291,0.0005646263899722082,0.0061990630101034574,KEN,2003,0
0.03209344271573397,0.000940267260220605,0.05902906958565387,0.009159838638693516,0.08220919852107078,0.0044134277106563456,0.0002910169126051987,0.03221608108809277,0.39040315003000997,0.021646156314417807,0.07661514795309125,0.061317808971600274,2.411403977622873e-05,0.0049252223728543315,KEN,2004,0
0.02796842826750653,0.0009546420546639539,0.052071457130194294,0.0010490725312760488,0.07454827167824646,0.003843016905388492,9.036884623555414e-05,0.03790956304739845,0.25335673658786373,0.03993502468796944,0.06645471339381759,0.05655256849110732,4.038857145805238e-05,0.004171518492466861,KEN,2005,0
0.02364895832571068,0.0003894364092595709,0.04516433026563734,0.0008786477929752128,0.06660517213091448,0.003290714575265985,0.0013615573030260936,0.04402372257028407,0.14555282888454416,0.06261238184455024,0.05661952702219843,0.051313120508017986,1.8557916238006657e-05,0.003699778081721985,KEN,2006,0
0.016779833905699107,2.3733038989218147e-06,0.03262287067078965,0.0002361109975715707,0.04799950662073348,0.0023834041736388776,0.001899349885724056,0.0358398256669023,0.11237939570858227,0.04197689579780856,0.04128567258554206,0.03673260594893113,0.0005466969464927347,0.0030551164084326936,KEN,2007,0
0.00349601630851325,5.1683341958467334e-05,0.0070819200792177385,0.003718607629417364,0.011531805246010397,0.0004891327594378101,0.008999603943457063,0.025680890929387516,0.004700760403141205,0.026521001539628566,0.008838624263023283,0.009257338877072464,0.0003562069317906475,0.000690516630812831,KEN,2008,0
0.0462575793259041,3.48827698185705e-05,0.08463938598239297,0.06590857590839029,0.11181033773754685,0.006493765438895494,0.004441630503841114,0.027564985951279757,0.9046662709851199,0.0006964280550052776,0.11390509546458034,0.0802615163773288,0.0006799129905077877,0.008476700273545907,KEN,2009,0
0.0593273670247228,0.0001366159693727121,0.10860230656715464,0.07304541701844516,0.144388527452342,0.00830688090857853,0.005048016322467715,0.03726228116638528,1.0993391776010353,0.0026127535461986273,0.14543772910226063,0.10416099804477873,0.000590925276810124,0.010613237484917387,KEN,2010,0
0.049191138931439664,0.000574165151418363,0.08934787495581031,0.045134329463476106,0.12179052201305617,0.006733947930661289,1.455814296904022e-05,0.05788759537600591,0.7987836956225881,0.008513449736269562,0.1196850228163599,0.08923755423250056,7.452604328927688e-05,0.008228161163162767,KEN,2011,0
0.04065612916696735,3.0194259724196434e-07,0.07422561908424183,0.06804956647879462,0.09778054756164127,0.00569764291744465,0.0021519745925985315,0.02882034550083266,0.8385194850591132,5.752421781620438e-05,0.1008177674746619,0.0699286515752343,0.0008916675651071931,0.007669700550629257,KEN,2012,0
0.044821072645013206,5.656827706408475e-05,0.08180723255635518,0.09449574638318783,0.10627336697157506,0.006322989825086897,0.004078451242673092,0.026463503588999595,1.0201171489741785,0.0007975276480542372,0.11200104803791731,0.07522225138579916,0.0015782600758610973,0.008830025907124246,KEN,2013,0
0.03320837259322818,0.0006628836502946701,0.06065251297236778,0.10596073822347786,0.07711455742035514,0.004733763046923274,0.00257936461744685,0.020066263254587016,0.9063444874112577,0.007038581466643163,0.08493105316763265,0.05353308470767053,0.0029891390678008574,0.007321748815305105,KEN,2014,0
0.04379424164299864,0.00036049068230347504,0.07876363099315326,0.07847223784084975,0.10290606616113901,0.006063147613419963,0.005614540616126248,0.02222388364552537,0.9296130429054874,6.768962504319913e-05,0.10678384700335881,0.07350275251730409,0.00011396651013760193,0.007558702278300073,KEN,2015,0
0.019204847918315268,0.0010154282397723926,0.03696466071338916,0.005328465822356662,0.05442409575696423,0.002706806366882037,0.0012111251984485332,0.016249075298775915,0.08681298571981955,0.0670137560160989,0.0445670721746841,0.042231355730801313,0.00013728222965162052,0.002633132988465797,KEN,2016,0
0.007106543253672329,0.0001505719335605466,0.013554359516698084,0.00022404420214300702,0.01985322500533712,0.000991715252314701,7.399760983449443e-05,0.010812991524868884,0.04533041171289419,0.01784791435558479,0.01692677275578091,0.01525867043108096,4.348092584941731e-07,0.0010907632469990595,KEN,2017,0
0.008838318304310033,0.0002859274172244837,0.01713445881591389,0.0033886572465612,0.02571885463225092,0.0012408719215463177,6.234677473476881e-05,0.013636522524920834,0.033501055198825444,0.0363587084782752,0.020785671950000188,0.020100642924800887,6.050028983795244e-06,0.0012812746260757034,KEN,2018,0
0.006344127168250817,0.0007691110691750061,0.011793025625077518,0.0007527652563920244,0.01751323194642258,0.0008540570611206965,8.605070515890176e-05,0.009760288736081263,0.032433600775765875,0.019200996929936934,0.014540702219899353,0.013661107217103933,0.0002811979217152888,0.000761282986668853,KEN,2019,0
0.0015449671553100718,0.001817049931520009,0.0028815622501902785,0.00746547199586376,0.004390606263049083,0.00020887425432443494,0.005645758783802937,0.0005418310978151638,1.841158871282048e-05,0.015721279584905403,0.002884710595783844,0.0036310286760947116,0.0015922673116001754,4.438006876151638e-05,KEN,2020,0
0.0014620414141045775,0.0027382286443724223,0.0022733140401652255,0.0006928329202130594,0.0036956276822791606,0.0001520923045271459,0.0018340346388278012,0.0065082950794689435,0.0027904213523440276,0.006984029784669914,0.0027982282963876556,0.0031105356265596355,0.002488435003481028,2.2067685327158864e-05,KEN,2021,0
0.0001265843266445597,0.0009882161652924192,0.00016165616601982385,0.0015916002669892496,0.00039804174218457196,7.609804512557875e-06,0.00390744831800295,0.005028331318620724,0.0016165991937596542,0.004240837581506908,0.00018668439090412076,0.0004098457312507451,0.0009814684358716791,5.353156528662e-06,KEN,2022,0
0.0030203051492896454,0.0007005410834895281,0.0057940846497850996,0.008806030311008019,0.009627538926983842,0.0003947693808418746,0.0026462563365270936,0.013063593678364975,0.0002482860474763997,0.03224004262386247,0.006717384372257017,0.008001014623521891,0.00034210636711595895,0.0002851009686991291,KEN,2023,0
0.0036458070933963957,0.00120341405123467,0.006514572009745595,0.0009850665875971156,0.010084487517912319,0.0004576058466490468,0.0018060698074295989,0.011542037582239588,0.012627357620237445,0.014680390595868675,0.008079198940130447,0.008077215215262864,0.0007344175757469958,0.00032024145098633695,KEN,2024,0
0.08091904984289594,0.00035017519015558565,0.16327838537815015,0.06398588077976712,0.24260862630102273,0.011982609325762752,0.014927585973640205,0.0506308527460652,0.24139246002386489,0.39833042029493326,0.19179419724074054,0.1887567470775204,0.000723015722578923,0.013133320151269721,KOR,1990,0
0.08912814329439343,0.00044118748479853823,0.18000753541733044,0.07534313127370243,0.26777681892915,0.01320508619503478,0.017433227414403295,0.05431977252793716,0.2544187021731478,0.4498819710171473,0.2109432823003764,0.2085458300434471,0.0007166566176819193,0.014376098103529503,KOR,1991,0
0.10380699977490028,0.0020311212759065037,0.20664283606234188,0.07551982132576507,0.30671536288858375,0.015149826369705596,0.0200031520178254,0.0621137345019625,0.3216333363138886,0.49039671416190245,0.24289803174354965,0.2390219889963183,1.9708831134425275e-05,0.015550785722686294,KOR,1992,1
0.09053901734212964,0.002305020910356758,0.180009650074846,0.07259607350503151,0.26796817614843166,0.013175362953731314,0.017011950724176817,0.05504262355274228,0.2614848537548341,0.4446420218953311,0.21099720910924055,0.2093216641345098,4.672505684735121e-06,0.013241753109259185,KOR,1993,0
0.061098079863245454,0.0009481001806065955,0.12235409993692221,0.053798068490108875,0.18270511268895784,0.008947219562989476,0.0098662969618143,0.04057286110665436,0.16525719838697583,0.31446540982299087,0.14327024101969524,0.14280161868162738,6.029782778101488e-05,0.009279784902326591,KOR,1994,0
0.051618305703741055,0.0008361959403627507,0.10341656072794941,0.047769205113871546,0.1547366496416155,0.007554384903628697,0.007715246517258377,0.035592234831911644,0.13381485665858311,0.27194980601230456,0.12097254451589771,0.12108448742105055,4.2851495181810846e-05,0.007809261837100861,KOR,1995,0
0.056354597733758637,0.001147181759149712,0.11251540587017342,0.04888731932251527,0.16789295989049363,0.008228617158002261,0.009802810946277902,0.035952472270518225,0.15396665690547343,0.2871233367313183,0.13169868102960686,0.13125611113206434,7.54299067143275e-06,0.008389141890998934,KOR,1996,0
0.06284884107013693,0.0006437724206604298,0.1258841087159191,0.04657697142939183,0.1870328591077425,0.009229500277479055,0.010592102897496906,0.040610034190554006,0.19300677058280227,0.30148370352222464,0.14813445662918187,0.1456353088412694,0.00019759399481995436,0.009826594622368536,KOR,1997,0
0.10145615946151143,0.011071229091175916,0.19541265566647123,0.06526801471767803,0.2897615352109661,0.014280620182224644,0.022932731763958034,0.05260146011694692,0.32596517881170334,0.44671534358603876,0.22939659575011578,0.2270642255037137,0.0038014105749449405,0.012147779069643105,KOR,1998,1
0.0018141843503519178,0.0008867911214227846,0.003415012678666751,0.005870243568779522,0.005545925857008735,0.00023625315041211748,5.984691056746722e-05,0.0033775020878211103,0.00013962645484484637,0.018603473244794624,0.0038182822862876703,0.004609597101842834,0.0006089545872688753,0.00012121597228288562,KOR,1999,0
0.0003670227190918859,0.001179566569460333,0.0006683126115181623,0.008150244369735044,0.001275591355585738,4.2009761715521716e-05,3.9847024060228925e-06,0.0005214421764192137,0.00501102530952133,0.013307453387854667,0.0005876012673110029,0.0011927641701672017,0.0011188395214388486,3.1230437826161906e-09,KOR,2000,0
2.1696851198742554e-05,0.03778787350110919,0.00082337211131585,7.122164840405129e-05,0.0009294749277021585,8.114056870777792e-05,0.0006063312041630797,2.4357710699024133e-06,0.005134312803664507,0.00010744686093248032,0.0011342668750535943,0.0004074618136067817,0.044649915947620085,0.0019599067566381215,KOR,2001,0
0.011862584620243272,8.546031680404503e-05,0.02333825166279465,0.0014974796102273384,0.033350333017375514,0.0017434761030162092,0.004922629435036357,0.003656221729753809,0.07195345046547849,0.03166070332827246,0.02813350580967909,0.02537964691060366,5.413261973836519e-05,0.0019247336894300427,KOR,2002,0
0.00012763291997202223,0.00013688279863742627,0.00024186825386819937,0.0022908841952727593,0.0002517409053704933,2.0692538868729418e-05,8.642357572346514e-05,4.588313825792334e-06,0.009711584912275101,0.001131949287683846,0.0003871027509400527,0.0001447463736531431,0.0001980752015215933,5.955900651927314e-05,KOR,2003,0
0.00047664361889141854,7.195830955349056e-06,0.000862159534323209,0.0018750147650947798,0.001071568962522841,6.79855934957946e-05,0.00010795631652383838,0.00016003681601274973,0.014512396560382857,0.000232918013064247,0.0012145822843059493,0.0007338706771461627,3.6454472687645e-05,0.00010392576818283525,KOR,2004,0
0.0007015915952096739,0.0004551521494326052,0.0015414868936149291,0.00011901419582715614,0.002052895470188338,0.00012082540758860827,0.0006886639859856418,4.71419219553939e-05,0.009751763705983161,0.0005265719543913375,0.0019469708185231578,0.0014548899480648183,0.0007355377523574953,0.0002543807469119091,KOR,2005,0
0.004116972102408899,0.0003580534032096952,0.008503590770336762,7.887084251048418e-05,0.01200396470908537,0.0006421471837776501,0.0010996673389970044,0.0019731306383065444,0.0323144790914628,0.008889489095791858,0.01048745167023575,0.008945814026608889,0.0009450206729495619,0.0009772877042040003,KOR,2006,0
0.004848711876309041,3.1051935230729717e-06,0.009474318128084967,2.8732533082558265e-05,0.0133233541751899,0.000711690836512829,0.0008234642353968478,0.002748905015079584,0.0436779087482954,0.007525164039348957,0.011842980348086084,0.009974105900110577,0.00016785029598790193,0.0008984380260614862,KOR,2007,0
0.0004695709527858966,2.847527501941639e-06,0.0008409547083427882,0.0010291643367139178,0.001168099433990692,6.222663097321638e-05,0.000610074383658863,0.0020957272706999676,0.009580183642332922,5.349781046660564e-06,0.0012105101887868867,0.0008504838293544532,2.8828917822098606e-05,9.708049247272976e-05,KOR,2008,0
0.008190703828243053,0.00018524831646458148,0.016996583601184643,0.004625908536315998,0.024970430430215657,0.001258545249786468,0.0015197174979263179,0.0052352137154372275,0.03127111284320065,0.03602073212603766,0.020205842855302473,0.019167146333400904,0.0008808336389975832,0.0016656785732423,KOR,2009,0
0.010915110682048028,0.0002217779063578442,0.021173029966021918,0.0013169582933274832,0.03062978069331281,0.0015669163009746345,0.0016009434202698975,0.006863743163342899,0.06319622669090551,0.030392280246747345,0.02573803632611022,0.023472052942058542,6.227892678540503e-07,0.0016652258460508446,KOR,2010,0
0.005836662947814294,8.54932573557851e-05,0.011683744974957066,0.00031860419579239944,0.016994887176656426,0.0008635436162508473,2.743648907142213e-06,0.007647545645149139,0.037554318919753825,0.015744110297407566,0.014526677786279717,0.012916874781001553,0.0005120225434065444,0.0011774215351986071,KOR,2011,0
0.007154623039317371,0.0001321787756665341,0.014274523424495533,0.00011133432026807264,0.0206600579063027,0.0010570181775107004,5.109737840736701e-07,0.00974391626841049,0.05120809829548451,0.016931256577555728,0.01788884903045545,0.01563941347790273,0.0006955754943655705,0.0014700397534742572,KOR,2012,0
0.01007225939094182,8.05733573457908e-05,0.019981436989407988,9.902859956557976e-05,0.0286581152565049,0.0014870426268569449,0.00032259340709403186,0.00980928392988161,0.07548103202447216,0.021875058445831597,0.024913345987207843,0.021637872850022253,0.0006772883597389109,0.0019785108697659504,KOR,2013,0
0.009196180657322136,0.00035876473570178456,0.0187006813196485,0.0004247347849470359,0.02682082632586543,0.0013967648490655455,0.0007626620805895507,0.007482045918766,0.0637596037648796,0.02298551254773018,0.023098210776712834,0.020208856864768927,0.0013024971480564947,0.001994068324038287,KOR,2014,0
0.005683325922740179,7.205408560202425e-05,0.011483001556052856,0.0005443116189144717,0.016457381995830418,0.0008582243684252169,0.0011659952197848901,0.0031729546558148846,0.03625780986523602,0.015276304321322919,0.014009414619729228,0.012447589561031125,0.00045617671384143754,0.0011319217496495104,KOR,2015,0
0.004313011474496534,7.544845573308232e-05,0.008863608425605773,0.001358233600837888,0.012813830915347432,0.0006614155161580376,0.0013886194032541482,0.0018698194944092791,0.021375991550137023,0.015186845805591211,0.010610541460763916,0.009752736878838602,0.00040237009322804994,0.0008672471013269896,KOR,2016,0
0.0017190853703550305,9.635991354642945e-05,0.0035471601357559644,0.00020071740517880562,0.0050883235853883815,0.0002656020155380978,0.00031842625772821975,0.0010482438472112587,0.010798191007669345,0.004894259770624118,0.004329497141268863,0.0038357574021068122,0.00030102712124856505,0.0003846519179218687,KOR,2017,0
0.003433962508242683,0.00020521371645371934,0.0070804660238263165,0.0003472952285455211,0.01016544010531966,0.0005297276606752348,0.0004917424741101026,0.0023565948465635034,0.021944949058137327,0.009616382926257019,0.008670088432589734,0.00766143550833536,0.0006265604155500369,0.0007745976104351543,KOR,2018,0
0.004753734250621195,0.00014346565974603163,0.009687051161594266,0.0006420755344073998,0.014069916830605315,0.000718828256302266,0.00019584947811581506,0.004649061928344948,0.02764539224549947,0.014557746068916366,0.011882390454046305,0.010687549738688263,0.0005908886037959693,0.001003008350343794,KOR,2019,0
0.0008795479260628522,0.0022795654119100693,0.002257911663012034,0.0005166181315438205,0.003308368565204999,0.00017087649145468834,2.2801227892134133e-06,0.0016596613221156798,0.004077067573423278,0.004768572920288297,0.0027761326849429484,0.0024286524094478384,0.003228818701533527,0.0005194682718904733,KOR,2020,0
0.005170362731010908,3.498823119202988e-05,0.010417300795378327,0.0010609898224695697,0.015255915334563013,0.0007686033446767829,0.00012836556823723759,0.005473465113361782,0.02666162473295602,0.017455273909583256,0.012714168753617137,0.01167644296911486,0.00033480073469847394,0.000995616078814175,KOR,2021,0
0.006517103769467127,0.000556433151384207,0.0122609447196224,0.0010346249549895985,0.018245968979370558,0.0008883300518277769,9.097186188001336e-05,0.010185742502944775,0.03161911699967877,0.021112640723401396,0.015077521954318756,0.01422644424785298,0.00014541299443446463,0.0008359212984027648,KOR,2022,0
0.00817508719601676,8.783533564687151e-08,0.016268915616018988,0.0021068730111044615,0.024075903909582454,0.0011912649402853431,3.471485394774325e-06,0.010871884955856174,0.0379261259696122,0.02986681624357118,0.019856530884973893,0.01856785951698759,0.00023788691330733764,0.0014513444391103512,KOR,2023,0
0.009294946031105542,1.6315612701821018e-06,0.018563879743401904,0.0023754063886506274,0.027310012805598038,0.001365055060163764,0.00020191754164980297,0.009973353210970455,0.04438587425485997,0.03308812651368563,0.02256915293731432,0.02100385850066274,0.00030154323953006634,0.0016663368584559505,KOR,2024,0
0.03913068461880622,0.00014245153432990314,0.07739475875351742,0.0013656561623662093,0.10461414492668354,0.005959909636781936,0.04968926018242689,0.0002712158718039408,0.4263477611667177,0.03955324215623609,0.09517719303852291,0.07677661383088086,0.0018266953098068325,0.007515875488777339,LKA,1990,0
0.05174783183648358,0.001083463812897963,0.09728357188586588,0.013236134811798785,0.1297586103892987,0.00749016089608262,0.05618248088587375,0.0007998224881831278,0.6907694903358804,0.023807241361880904,0.12210492905247441,0.09493267102976265,3.2694266913267797e-06,0.008129134617515075,LKA,1991,0
0.05941723162782742,0.000484830452751547,0.11579730254954423,9.194911244212992e-05,0.15944894267484597,0.008820545909366725,0.06631764263499161,0.0013451174058232735,0.5201825222836741,0.09069994950987784,0.14043445825054932,0.11897025365507154,0.0001802497732585595,0.009686416669445839,LKA,1992,0
0.04678779672747293,7.29931305479129e-05,0.0928310064185521,0.0016184361485010788,0.1279608860406978,0.007088977600101344,0.06837858230665572,2.318357404158258e-05,0.36964159144314607,0.08669713923736314,0.11107036505853037,0.09554098187125856,0.000564314574329386,0.007999154247109166,LKA,1993,0
0.04242938410090131,0.0009098383006133104,0.0825395666974512,0.0007377848499292922,0.1134577332218103,0.006298047733986286,0.06413004108237454,3.7837957386845344e-06,0.34757439433836046,0.0709361849074562,0.09886068628615195,0.08486937469116708,1.95894116402164e-06,0.006475207895573154,LKA,1994,0
0.010403539058067453,0.0036845654361137904,0.019457755053790455,0.004653067353374439,0.027138367109966925,0.001472540725103455,0.031361572972262844,0.0024500296472719273,0.04902016940071871,0.03032554037962828,0.02194960453969646,0.020911583195398337,0.0025430423643835118,0.0008648594663972594,LKA,1995,0
0.010506290410966367,0.00012849363768359815,0.021466878061792868,0.00022284865642674807,0.028887755278926758,0.0016680015598466314,0.028545336361141434,0.001491083131663219,0.09377417989367134,0.016478135608073388,0.025438745893403322,0.021221738503054647,0.0007541450905700482,0.0020898479923386563,LKA,1996,0
0.0069458627905301116,0.00012009739850184522,0.014907608079389009,0.007694669375771838,0.020935620659612863,0.0011427293061457072,0.023874700918148396,0.0017941041456613664,0.023882325250932344,0.031807938612973534,0.016607632831382682,0.015843609126950167,0.0006066182122710171,0.0013633730220156016,LKA,1997,0
0.01225131089863486,7.129696118845403e-08,0.02613939815127868,0.028331290668958523,0.038439474248214436,0.0019527612240396641,0.024889014561171353,0.00010012693535440085,0.01554058613732789,0.08825660356892451,0.02861816462618147,0.029950943307174124,0.00030651096529344274,0.0020653560544128574,LKA,1998,0
0.02525206694604905,0.0004195082159700474,0.05149782355040062,0.02956615312367814,0.07502273237349184,0.003838818498179927,0.032952441807308476,0.00045449959775243227,0.06552021206020137,0.13107570173004032,0.0583069670020381,0.05817176013647785,1.0540720610197052e-05,0.003780129657763239,LKA,1999,0
0.011285740153716427,1.1892042167994498e-06,0.023641259417703998,0.013705319063264559,0.03375963202909083,0.001789908418781502,0.02818034291302211,0.00077577557749455,0.03268892315740712,0.05604065891024418,0.02641481885930396,0.02586614825723,0.00023688772139506968,0.0019166203101809928,LKA,2000,0
0.02571730347627383,0.0016332104926046994,0.04948005075284818,0.0016856921253224865,0.06856601136465013,0.003756553607862963,0.039801712715135225,1.4963552352567683e-05,0.1847799570542419,0.05095007364726623,0.05867108697766966,0.05174811979329432,0.00037338503314225376,0.0034581323583136266,LKA,2001,0
0.0003963863784284149,6.218739268297158e-05,0.0009876602514199055,0.00880658169088854,0.001419248820094997,7.78788848491773e-05,0.01489082666776879,0.007327669168568078,0.0018101755934632913,0.01005018592053643,0.0007531236285423339,0.0011492197594138848,3.363037443671353e-05,3.4436797598250094e-05,LKA,2002,0
0.0010681975802322454,1.3292005679224373e-05,0.001903537060069607,0.001141422778527767,0.002970405544157602,0.00013090023269227464,0.01012582423143023,0.01666589953022059,0.0133776035110818,0.0009074244640960101,0.0028396600200258984,0.002284024300666057,0.00010076955192532146,0.00022632759471871608,LKA,2003,0
0.0007652212037751248,0.00041231133665623853,0.0016394065100903974,0.006055347713959256,0.002227908825670609,0.00013014444377491404,0.02009581262096739,0.00945418201098996,2.252866154787312e-06,0.00810848093577337,0.001427880479711804,0.0017518141435353901,0.0003358138433404727,4.319010529987107e-05,LKA,2004,0
0.002194428364120488,0.00019072417519966486,0.004721681989029209,0.00923433818795936,0.006622726739247273,0.0003654176863627642,0.023794600417368424,0.00727305958743405,0.0012688720790905827,0.017887653763295545,0.004666620239264797,0.005146014597300995,6.611539315124791e-05,0.0002550941113030445,LKA,2005,0
8.047903766944471e-05,1.9731930261062143e-05,0.00028608287760972887,0.005218141534333095,0.0003573184796042477,2.5580966323033746e-05,0.015930758839215062,0.010465692179669528,0.0017294652374307813,0.0040018572948581355,0.0001490278918353266,0.0002739391948403997,3.1114645112454254e-05,1.6576687345740016e-05,LKA,2006,0
0.0013150089243610039,0.00022805331838719593,0.003233818702185347,0.007798338422503951,0.004474299015386631,0.00025609426783963226,0.020002457839871656,0.006960083280017697,0.00038692664704068053,0.013434946725016089,0.0031332384760571117,0.003390589508008048,0.000465238869360578,0.0003181220345874542,LKA,2007,0
0.0008828016551286423,0.0011695906959091314,0.001230095003298365,0.0018646934117117974,0.0018969167164545166,8.223679461930161e-05,0.006579243855239832,0.01075390178217003,0.013304590731400607,9.024781729984405e-05,0.0018756608363845932,0.001510437919981681,0.001009015046378377,3.1512774385937474e-05,LKA,2008,0
0.0020252107386472223,0.0020158663224902206,0.0038023984306577246,0.00644188030105999,0.005457802505008751,0.0002856453148914986,0.014409606244981539,0.003503514444295866,0.0013797882355554144,0.014072199398381238,0.003818207491798173,0.0043783623550234735,0.0017583911196782434,7.384454155666013e-05,LKA,2009,0
1.2994175990940321e-05,3.989843703100264e-07,1.5114211940823317e-05,0.00011109004207681399,4.810006346097962e-05,4.5631586988385283e-07,0.005393034256866509,0.005166013783890442,7.56420340656777e-05,6.210538497176339e-05,4.613517928527472e-05,4.543127344279762e-05,3.7134134147152122e-06,3.3295647014900535e-06,LKA,2010,0
0.0006778384771776286,0.008022119732071769,0.00039710678970290885,0.03483267794196563,0.00023721308149622395,3.436747059390547e-05,0.00044439243886197557,9.214992668691735e-05,0.0905791171107876,0.027355545810613193,0.0009135821043434731,0.00011447673532080306,0.008939621991606623,4.797282172852158e-05,LKA,2011,0
0.0026016497054560804,0.0002101294962150701,0.004900620055799103,0.00941696113353079,0.005957418752187032,0.00039347747095432636,0.002747221016087506,1.8642589565187196e-05,0.08050536781787647,0.0012900839817642468,0.006746722625730744,0.004017731623603075,0.0005190218661980227,0.0006525434020515426,LKA,2012,0
0.03734858040442163,0.002496041331382887,0.07238900135327814,0.012286983964376622,0.10421760271127387,0.005384521254634792,0.024839840333582996,0.005821054385364405,0.17691428909599077,0.12226034520687783,0.08533992835874316,0.08026629613693691,0.0005452429750899547,0.004925283826722657,LKA,2013,0
0.0477575614323149,0.0011084598001111557,0.0954579537763134,0.03436203892114862,0.1392610740436118,0.0070801257186952965,0.03264669398147354,0.00806717084729912,0.1624565784684626,0.20985409465250915,0.1107730162759554,0.10781421311899392,6.399707063370864e-07,0.007042005593332158,LKA,2014,0
0.09900735756794571,0.0036344656417550392,0.19637345971193007,0.07109404744501752,0.28770016166537254,0.014513693865434536,0.05503499463650204,0.023120188665598215,0.3279483164220499,0.4394902130595204,0.22834778715488388,0.22341431661519662,0.0002043075430132085,0.013963959016720694,LKA,2015,1
0.14389985110239556,0.0026797444407907797,0.28746891308763933,0.09856420918160384,0.4212226292913479,0.021256025981147827,0.06979254012318206,0.04079479806589322,0.49118778934335344,0.6349685171736963,0.3355702165313609,0.32642062853259257,3.115807094506188e-05,0.021634432918127115,LKA,2016,1
0.19850253032582874,0.00183457756023002,0.3983284838735756,0.12800448787993574,0.5838219797397679,0.029454754120187457,0.08235342099099253,0.06747582045746006,0.6996982485815686,0.8660197687160854,0.4668336860544047,0.4517118926587474,0.0006861222965199432,0.03124724095202588,LKA,2017,1
0.20525643727045398,0.005307791234798005,0.4071193794583076,0.12426336288151475,0.5964853268132385,0.030069764749783734,0.08571913901730206,0.06760864311129387,0.7380666573374418,0.8687210845085432,0.4773119437269427,0.46231641989914,2.7485626746877025e-05,0.03009287770748684,LKA,2018,1
0.13315811998514027,0.005185056284762066,0.26276558982878534,0.08242542619115335,0.3850043444417503,0.019398683760499,0.05979754468142896,0.04014995238476825,0.4716120438367511,0.564265283156312,0.30745957444055644,0.2988181288457395,0.0003512343762751272,0.018712140800511156,LKA,2019,1
0.17787415814879223,0.01355133890654211,0.3462991626552711,0.10565605429220264,0.5074592927995604,0.02552447176070666,0.08168778707689157,0.050784102946224784,0.6335344489626142,0.7358305964751526,0.40494566986675645,0.39487748520744764,0.0033340889728064706,0.022782802845567388,LKA,2020,1
0.13828883700767958,0.0011574460415855053,0.2783231596390471,0.0987139606906434,0.4086137949501513,0.02057251593120776,0.05965291106036951,0.04561199130485053,0.46141173278789027,0.6270632127539191,0.32522995733584387,0.31648106040181406,0.0005669774776468705,0.021841334379308668,LKA,2021,1
0.07510201560967192,0.0010097917742296542,0.15526732792551604,0.03902313837445779,0.2258779695107504,0.011562971690808225,0.02987778638440592,0.027791724902940313,0.3088801983196524,0.30827080349450037,0.18362948190000813,0.17281414177880766,0.00624428259052017,0.014773665412616627,LKA,2022,0
0.026856341972600065,0.0024001898918023603,0.0525273326768224,0.021355823955661667,0.07700828537706288,0.0038765698325351405,0.018368419634388063,0.0043199486872045195,0.08279115275289683,0.12157840556601728,0.06062265110466343,0.06007402418969197,0.0007078358812516556,0.0033235259781352533,LKA,2023,0
0.0129261588758938,0.0004376658119365499,0.026039505928380426,0.01537432899717906,0.03838638984973141,0.0019240607161990421,0.010606902870372213,0.0015855291686141537,0.03059179089447639,0.06991802891096567,0.029667061011415592,0.029965812703068872,1.7623351352676785e-05,0.0018185944427971266,LKA,2024,0
0.001270210889373071,0.025902229892210877,0.00455202655881717,0.0018099442416478614,0.00545414430544731,0.0003932129240230604,0.005913184698325546,0.00039936989243507035,0.0427196352538568,4.0872283379771164e-05,0.005967045984527017,0.0032806334932848923,0.03214751306072174,0.0025385400086480074,MEX,1990,0
0.0044360182121602155,0.006157836298181793,0.010457246637490897,0.00019380424804312467,0.013852152142865356,0.0008292789925572231,0.00754153529905645,6.907994900539628e-07,0.057833534162116486,0.004870664806367273,0.012980685232940393,0.009708363485067532,0.009028895449126282,0.002058572009354573,MEX,1991,0
0.0076305704047049975,0.0011575869061655599,0.016112552597047115,0.00011739438382253222,0.022214610988804482,0.0012373602197550287,0.0077019286727031695,0.00045852407613918776,0.06607108013110943,0.014389504409018268,0.01960343325433372,0.016332936662776756,0.002537911997966656,0.0019646370202685923,MEX,1992,0
0.006146156138080406,0.0015472115864930583,0.013452669974822173,0.001428301566233539,0.018802050976136374,0.0010311769392762726,0.007714503256157438,0.00017758439416404973,0.039187136398985946,0.018318060418892314,0.015986338855972445,0.013923051456413213,0.003012168369167865,0.001718738778568677,MEX,1993,0
0.00034500926953482145,0.0013681112474533835,0.0005371661701826367,0.0033542440333663645,0.0010567299671878534,3.1846545507382606e-05,0.0014362496808011333,0.0032511255917589575,0.0015349744463035672,0.007867002425634196,0.0005682921354359392,0.0009916520354709846,0.0013149236677947056,3.3502576915386243e-07,MEX,1994,0
0.011882493439874613,6.107558322159231e-06,0.023253732539655392,0.00047715601187914324,0.033628403805067396,0.001720541777556666,0.00031331881969883847,0.011864074252452693,0.0789582926413291,0.02929175218901326,0.02878669742662659,0.025610322608614827,0.00022843070059094702,0.0020765684441386607,MEX,1995,0
0.010872164288088666,0.0019813924350518446,0.021032378711082843,0.012275003196555292,0.031060440915305222,0.0015455608201137042,0.009351631959150552,0.0010285753746894508,0.025329193990146305,0.0561211607121716,0.023870067326220344,0.024461672321914704,0.000983863998479494,0.0011307931375367144,MEX,1996,0
0.014252448341750944,0.005477029195313583,0.03243982804607489,0.015611725706217959,0.04725673410436836,0.002443030888943354,0.00954917943570016,0.0035260563860692344,0.04380046211848793,0.07986813801352821,0.0377129424884391,0.035744106847692664,0.009951874948050053,0.004315260531395843,MEX,1997,0
0.0041966971809471575,0.0003094296110756401,0.00852436184196753,0.010181917438812901,0.012908157181606374,0.000621979553454679,0.0034456202110372067,0.0005823438344866348,0.003485338628173679,0.032753957255889136,0.009415504863269102,0.01027140602285038,6.904748567866859e-05,0.0005208913851840284,MEX,1998,0
0.0004548923280001735,0.000990495263942592,0.0013114528155005094,0.005330180968210774,0.002034504158339553,9.852407894254821e-05,0.0013884914707220988,9.127787883031223e-06,0.0004198063839451277,0.010011847506794756,0.0013235144261662627,0.0015837955858831933,0.0014296896427675846,0.00023332893745635862,MEX,1999,0
0.005294609247092609,0.0010652098436372964,0.00994934743517155,0.001630868213835935,0.014297449781243568,0.0007384267082394413,0.0042845073544321285,0.0004736531411508991,0.025083805730570393,0.016368765134309952,0.011671061463879839,0.01107564092147531,0.0005693589922341213,0.0005486674075892829,MEX,2000,0
8.018545221421409e-05,0.007601158197259098,0.0006593825867379056,0.007700955809042189,0.0010871953196360913,5.1918012508975335e-05,0.000515162144434781,4.618509464542654e-06,0.0042669213004075035,0.011094680742665768,0.0006093984010322061,0.0007942077602421866,0.009308574986115451,0.00048503290394975163,MEX,2001,0
6.784785116211791e-05,0.0019571165757195116,0.00032550405525898397,0.001542504597469516,0.0004991181324406698,2.565833197127123e-05,0.00024198054530561434,1.441067924171129e-06,0.00022762430470644587,0.0027578465546068374,0.0003351546226658968,0.0003603978098327413,0.002448148589720067,0.00016338404323383422,MEX,2002,0
0.0006344583870967335,0.0009556316609090803,0.001373589413659305,0.0025346077061164534,0.00169177427997999,0.00011104261473257471,0.0001889911143040659,0.00023432934952286055,0.02129613184573954,0.00025265966001062056,0.0019359618001721995,0.0011102556686344788,0.0013778918674087423,0.00031715965905112153,MEX,2003,0
7.648800255723757e-05,0.0008347430871456921,0.00018938386966447314,0.0023266909949942317,0.00019844177636254513,1.6471255704538258e-05,4.896029210476539e-05,0.00025130853134805247,0.008505344569392798,0.0010948756226018235,0.00033321531144933603,0.0001037320470362175,0.0010540167413157578,0.00010793149215306579,MEX,2004,0
0.0005253317007021656,0.0018293681083072304,0.0011667915951743908,0.006659707812968117,0.0013042353444947955,9.848629716386535e-05,0.00011253950846757406,0.00021467068387242587,0.03319480779257479,0.0024296745525281653,0.001802840878537064,0.0007724818633484148,0.002440568269508985,0.0003871979062120158,MEX,2005,0
0.0006892121209266025,5.672755636534284e-05,0.0012851252252892421,0.0024329863473503462,0.0016185958000630284,0.00010100917483801129,7.434816179744018e-05,0.0003748710658716079,0.020000194715019307,0.00020932826059575063,0.0018077322495057776,0.0011109722237280135,0.00014378390300051074,0.00017361146235999182,MEX,2006,0
0.00042920288867795984,0.0018097229212093442,0.0007317411172183439,0.0072234119543848644,0.001335240834794833,4.705418441518456e-05,0.00020781352492054296,0.00014415269941236747,0.0034487922599466055,0.011913561905102283,0.0006478899192171295,0.0012379145620176415,0.0017850240329210644,1.309630882795227e-06,MEX,2007,0
0.0014772007886086071,0.002262736793213388,0.002929910427993726,0.028718026647358126,0.005298747818895581,0.00019305181208581121,0.0005475361709755837,0.0008308198546362483,0.013958847470521247,0.04746102431891544,0.002644951801761581,0.004769435438598814,0.001957879459741063,2.115546049200033e-05,MEX,2008,0
0.020311236944593067,0.01000904540382219,0.038112566137454236,0.0451556815990807,0.05889728515822282,0.002719827283889607,0.0064851162953145055,0.008557149487185675,0.01409310725457203,0.15372262978904486,0.04235495289348805,0.04790758893829021,0.007125083243279152,0.001369039260537328,MEX,2009,0
0.0018228587665395863,0.0005383519640027783,0.003140245984716723,0.03456219086134627,0.0032787498049917222,0.00026484531176470074,0.00043590274724061753,0.000370645797997506,0.13794786296705,0.01728656936434139,0.005143352760636364,0.0019184782061703774,0.000930191913284932,0.0006077694141471192,MEX,2010,0
0.00033055511641960714,0.0008044187593894576,0.0004665819262113735,0.04397406750442199,0.00022437612143571143,4.8946083246602274e-05,0.00020731738452058518,1.3944211333789855e-05,0.11107910815819941,0.03546877838849817,0.0011855791154624768,3.9546326838458835e-05,0.001022319983376216,0.00024212074699049986,MEX,2011,0
0.0023384850348216364,0.0002844931341667051,0.004068937549299781,0.030424159912194975,0.00442870114015695,0.0003385630385936153,0.0014362825528706185,0.00010102486810145204,0.14027617613114987,0.013352652350048348,0.006297833217255411,0.0027197740463416405,0.0005987878082975226,0.000653943037915325,MEX,2012,0
0.0049797344368135675,0.001808501195766447,0.00973333486113713,0.023442977588819903,0.011695104485723092,0.0007880386313209733,0.003860062088760927,0.0002674457942137448,0.17626445300709492,0.004227586749982546,0.013702449648286761,0.007715591722665054,0.0031194773491767407,0.001631120968400951,MEX,2013,0
0.010662397687418942,0.0007208673113526384,0.020619532416704563,0.014601940393283738,0.026730517934685265,0.0016101466995195768,0.004984186419461212,0.002157816819207176,0.2190427054443932,0.00011273908059166368,0.02741422155648957,0.01883533404521854,0.0019669418611933036,0.002560084586031399,MEX,2014,0
0.008412651363455766,0.0001899779240698251,0.016105797854726527,0.007904845861879261,0.021274124961264993,0.0012445454950398317,0.0027611216793211168,0.0026061114515529586,0.15009310329804784,0.0008520659170584361,0.021205806257252765,0.015226576455738253,0.0008248368407390418,0.0018162420236054687,MEX,2015,0
0.005286785884581906,0.0006563653884804479,0.010227616338143905,0.010429824334318171,0.013179182019204372,0.0007998602555099586,0.0012268995873046503,0.0021036142507876083,0.12260370799474529,4.336347417703084e-05,0.013897019307830471,0.009195892153153272,0.0014843618198000976,0.0013867376049840573,MEX,2016,0
0.005525510284491629,0.0012140877396569962,0.011267024991386064,0.002506731864961901,0.015230288205257991,0.0008666241574746875,0.0008364805603732363,0.0033098837801113046,0.08275815837844236,0.0025639076997818516,0.01468837031582802,0.01094448687165892,0.0024265733533686117,0.0015618443158446037,MEX,2017,0
0.004900709463160292,0.00034950300856442877,0.01007030077251335,0.00019369766007754186,0.014411067018100967,0.0007539140806290288,0.00042253388994213865,0.003984084766620692,0.03494806452720913,0.012073674856122669,0.012459183829685102,0.010820971106444236,0.0009994163059762085,0.0011333340746607777,MEX,2018,0
0.0019151619565454402,0.0019679571240725485,0.004368110679542771,3.814787880763792e-06,0.006110234807956512,0.00033449121008063997,0.0001393081586176152,0.0018096832678433628,0.018948191170785295,0.0037072471939633006,0.005532850602361502,0.004422224031063094,0.003039689374474616,0.0007971237702723966,MEX,2019,0
0.0022579865932400084,0.016723109141171692,0.0029168523128785878,0.003680147051199023,0.004579931460468725,0.0001967458855824017,0.0021583396877495127,1.3927665000109924e-05,0.0012939144053107767,0.011741140395767416,0.003061964029816403,0.004065367492518762,0.017558160636403836,7.150768428745342e-05,MEX,2020,0
0.024653623169920764,4.8073725409732864e-05,0.048775880591141255,0.0054228594589681624,0.07136415572466163,0.00359473014410425,0.001505028222940973,0.021588067198798,0.12381407733726713,0.08221734470362287,0.059191007656518274,0.05484330344787193,0.00033499352095372884,0.004167090653337965,MEX,2021,0
0.020517787999895842,5.648295502907943e-06,0.03984856999172676,0.00021520877088020412,0.05649030338168705,0.002975528465972919,0.0008678590125193771,0.01823872337319073,0.18338001775565624,0.03242594713673971,0.050227890345582615,0.042431969430848225,0.0006535479580258453,0.003775583301140356,MEX,2022,0
0.011295338474717509,0.0014967640016953741,0.022503260967500226,0.007653243583265373,0.03011627071283472,0.0017348852893851994,0.0021614449436798033,0.0056999744550351,0.18545726463381096,0.0029468634551912125,0.029537336730038763,0.02157151405423788,0.0033853231733322704,0.0029385449467324953,MEX,2023,0
0.008258732863408296,0.0021443929900162246,0.01602430408609448,0.030206328320167355,0.01985468025690486,0.0012767924409034699,0.0029711130620692756,0.0020784374729030768,0.25308944909587855,0.003132210605113237,0.02239939327601001,0.013405740275796853,0.0039926658799770125,0.0025009464029624906,MEX,2024,0
0.0063468211065104176,0.027178293273783505,0.008623219098587593,4.7692887004208646e-05,0.01261640059580752,0.0006060385448937686,0.0018794401503423096,0.0013520322532940689,0.03529965381945124,0.009218176187520136,0.010276897714960643,0.010456362723241897,0.02761934500201843,4.368069711889626e-06,MYS,1990,0
0.003326110874303198,3.2296156201300555e-05,0.00637461656214405,1.3225916753181805e-05,0.008979948973542958,0.0004774031374107936,0.0006174743411991657,0.0017521308746364836,0.029143913182506965,0.005161302990029271,0.007944585535321168,0.006757870190725499,8.8706374753237e-06,0.0005412942760211359,MYS,1991,0
0.008930752264236739,0.019439952600175413,0.022481846445596088,0.002343589723007249,0.03165865843686092,0.0017380755419814722,0.004097422983598381,0.003980845007395674,0.060656401372958586,0.03305182340338564,0.02739807594723509,0.02284743997318334,0.02769028925301025,0.004898575714163428,MYS,1992,0
0.002179312111132468,9.585707691058755e-05,0.004429506149391735,3.8318885104325554e-05,0.006296808708500485,0.000332452061259142,0.0003133356577687332,0.0014398395719451085,0.01662427745627047,0.004782701454023171,0.005483440099043089,0.004719604103561259,0.0003281536179446905,0.0004791278257706161,MYS,1993,0
0.0008385144461724539,0.0003721630366193258,0.0014136732474525344,0.00016367843102810421,0.0020315201613014234,0.00010266790382748654,6.680762769660643e-05,0.0014546236407634633,0.008483326055128124,0.0007435099169313941,0.0018395667974129293,0.0015655654294247394,0.0002628623997639795,6.752564039805471e-05,MYS,1994,0
0.002858741027976038,4.943991649537283e-07,0.005632786802064658,0.00010724108104352353,0.008109002497655107,0.0004182593812679581,0.00016717296819150602,0.0024612347195017044,0.019487021821436537,0.006883577391220745,0.0069608118432805,0.006155872893817184,8.921921113488554e-05,0.0005183145725871341,MYS,1995,1
0.005017720897147232,0.00022507489398332473,0.009664458844826019,0.0006890693927415073,0.013895189635077984,0.0007176765232277467,0.0016449267663919017,0.0018794324702961428,0.02890969528591434,0.013683198047973489,0.011644655769928828,0.010650149082698207,2.4082379927300396e-05,0.0007062537513815436,MYS,1996,0
0.0013412858223725516,6.91929944947088e-05,0.0025831492662574205,0.0001406286787654061,0.003657108381485294,0.0001936321751691408,0.0009838287939412695,0.00015809875408565957,0.008497282709866319,0.0032228786733191693,0.0030912330638405844,0.0027850194392888593,1.06510676530355e-05,0.00018554884633733507,MYS,1997,1
0.0003827481032704146,0.0005589441932058586,0.0010587335639210865,0.0026100325404508867,0.0014721889513944198,8.448224014705945e-05,0.005445700895210649,0.0016916589354926577,8.077675834157104e-05,0.004604728573753026,0.0010442844207546771,0.001093486186029121,0.0008119930774735,0.00016808661807578507,MYS,1998,1
0.0956391506418843,0.001042265814924602,0.1912032415698906,0.048730964175848435,0.2774550097458415,0.014213493963563056,0.0553312061731134,0.020955442414907318,0.38872902571519896,0.3733128725192848,0.22443437055927382,0.21361902984626888,0.00022019307645008068,0.014964843078120826,MYS,1999,1
0.09398628090195897,0.0026515200744910124,0.18559895599873288,0.041583129518732824,0.26862004857852334,0.013796695588049617,0.05735753054154944,0.018226289674257327,0.40264952007860544,0.3453149451421367,0.21813234383198707,0.20692087503335505,4.3660330401795874e-05,0.013723515547964143,MYS,2000,1
0.060466451312077875,0.0010424960270946676,0.1258299900317296,0.032910888805682825,0.18153057742596868,0.009428629008814509,0.042389573907245244,0.010583495102398551,0.25468950286524195,0.24345278144075141,0.14770026108149958,0.13836700062615553,0.005553618970709189,0.012056018237966057,MYS,2001,0
0.08341368086721283,0.0011376077957764865,0.1673801789574862,0.055031011183951616,0.2436242783419898,0.012433935264094467,0.05612492508633193,0.014560281106837025,0.30037667143285335,0.35530521463874304,0.19483869310139945,0.18811934978857162,0.00010047138641710794,0.012819140588560062,MYS,2002,0
0.08428570077920904,0.0007517546576296494,0.16826832369638559,0.03715697924030393,0.2438658655188216,0.01251131605172208,0.044029209972844964,0.021155653987976804,0.3629940649502986,0.3148535466955955,0.19841202122853774,0.18747725537697282,0.0002911333857191377,0.013362355838591747,MYS,2003,0
0.10849382169466387,0.0007043346375738769,0.2171591983597396,0.04977014397341861,0.3151374977074396,0.016138997205920137,0.05389264558788815,0.029310758773420258,0.45914604895332867,0.4129127522881498,0.2560605137962737,0.2423260173128746,0.0005956788643231848,0.017453804026510804,MYS,2004,1
0.05472348789464206,0.0005501851109639484,0.10997000638370386,0.03436819413282408,0.15995503820272378,0.008172481506801476,0.035424199652076306,0.010239509109235127,0.20251060072240096,0.22954556366004553,0.12827280977743213,0.12337793329132625,0.000151536692362516,0.008572228206636699,MYS,2005,0
0.03721022692839233,7.662400226424981e-05,0.07486698097225566,0.016831311079337375,0.10863067029132287,0.005567199599000484,0.017664082720283223,0.01073775088519817,0.15909686683579183,0.14178410717207443,0.08840269948225407,0.08342191808691093,0.0004700528301896657,0.006218271073130324,MYS,2006,0
0.030088167482318903,0.0005123050206146775,0.059592325011791125,0.012870119360979551,0.08675439812065694,0.004414089103195995,0.011675990511219628,0.01048207760352827,0.12762573096223043,0.11299060706100757,0.07050303070575045,0.06689094054322753,1.276161789196026e-05,0.004588375159029548,MYS,2007,0
0.013554674275394123,0.00014603847626630352,0.027249006905498613,0.007772381232592933,0.03927555664906535,0.0020363239517830313,0.012654887782659817,0.00105845635358617,0.05435323305720902,0.053253039561008776,0.031681407930668114,0.03017217105017349,2.982324762376118e-05,0.0021164198661234226,MYS,2008,0
0.03702290341856432,0.0006633249068093281,0.07701765152367769,0.02145829133665158,0.11181683263831307,0.005748661939954893,0.01924670831771795,0.010336118349775877,0.14779773490512055,0.15591856772574486,0.09062026713550009,0.08547118672779633,0.0034932357926331804,0.007397555197539825,MYS,2009,0
0.046975245006316405,0.001370148181809607,0.09280189368123544,0.022095878871780956,0.13452574495352182,0.00689310878464305,0.028068390636928713,0.00947457498278813,0.1956012759285232,0.17663534985229218,0.1089521153754176,0.10373090845380672,2.7902687553629195e-05,0.006831472832270594,MYS,2010,0
0.03471954559461295,2.5935018355639154e-05,0.07020669883577721,0.017319927047346362,0.1018928624945024,0.005224086754308142,0.017964793685174164,0.009124602427681292,0.14365272133309098,0.1364402531205181,0.08266831079933108,0.07824119901897636,0.0006042814259259339,0.005905299444689385,MYS,2011,0
0.04962665186364307,0.0006034571163407499,0.0990005063693236,0.024436605259853764,0.1438217505274329,0.007351650787615601,0.025892102562326505,0.01253027790612584,0.20300946725757324,0.19257848431315275,0.11643113917310839,0.11078781290478247,8.710582933697441e-05,0.007720363630326119,MYS,2012,0
0.05199463598838941,0.0006516631414615932,0.10366133266280483,0.026505149122766872,0.15108161286176092,0.007682052918369055,0.0230325355800567,0.016072025631920544,0.2068177308038995,0.20646289960965628,0.1220459501236839,0.11655876246116915,8.627703538636283e-05,0.00807200013187793,MYS,2013,0
0.057998613584075855,0.002181872670216826,0.11395242440859325,0.027210807688536495,0.16599564666989583,0.008432651025188736,0.02614534948768416,0.017016834322473907,0.23560583522361053,0.22164893715180406,0.13419329005488503,0.1283530798057875,0.00013641558051736126,0.008217889414639131,MYS,2014,0
0.0482998610161318,0.003952610481847066,0.09344711631614631,0.022608823038288997,0.13643740249584738,0.006893993289374695,0.020675949573044927,0.014595064722914367,0.19181870182197788,0.1835113171281744,0.1099408018909694,0.105933996806143,0.0010614650341811418,0.006135876601140248,MYS,2015,0
0.03558384320127978,0.0016097916220194043,0.06974234042690651,0.017552769215685327,0.1017904798198289,0.005154130045666442,0.015371373695971264,0.010935807007876872,0.14032618261126262,0.1385986795026593,0.08205317881944789,0.07883775288442992,0.00016720143626331658,0.004930064901141476,MYS,2016,0
0.046565417598337606,0.002371428556077638,0.09087170088172619,0.020929853176012717,0.13265710533889646,0.006709774614417714,0.017761404051408226,0.016107172699353408,0.1893082991628721,0.17656382708921556,0.10724675634681849,0.1027575642500007,0.000316707922680671,0.006364329367595944,MYS,2017,0
0.06328344503654873,0.0003305905993919111,0.12679293712786746,0.030401886029515074,0.18469295552600598,0.00940255789459884,0.025677184304282584,0.02163078093248767,0.259319107385475,0.24814098831018214,0.14971614273016792,0.14222688509037507,0.0004454189926324292,0.010269251238409275,MYS,2018,0
0.09181279735221264,0.0020367111535828913,0.1816402127694556,0.04466107391372976,0.2653157661608268,0.013429111714101473,0.03410912379906539,0.03348983319018206,0.3658503267200842,0.36101727074019113,0.21434245304437063,0.20508987461058162,1.0060752243514738e-07,0.013691248081973372,MYS,2019,0
0.04928845728381316,0.0031826002400892604,0.10429789803759304,0.031669643100285604,0.15303163534528075,0.007747758674141984,0.011475026135049513,0.028720409417490413,0.18211051847338544,0.22732912681196177,0.12360930833916364,0.11708207151643446,0.009555521989187115,0.011029377143888245,MYS,2020,0
0.07218366649688261,0.0006107596672061984,0.14391437997285653,0.03498339210071581,0.2108201616084617,0.010628253053851467,0.019612959042669333,0.03445926314815944,0.2864056364289328,0.28956361584272006,0.17049906028106193,0.162835443228044,0.00029289386690707056,0.011470827833839153,MYS,2021,0
0.09427103307839418,0.007674618295102499,0.1817603356883609,0.03929658441849623,0.2660201191502262,0.013378692336338831,0.028778925661927246,0.03886180598173787,0.385420206082956,0.35069945240601014,0.21510609432767588,0.20663997544858767,0.0020293010623235784,0.012014311509070128,MYS,2022,0
0.08447685066702487,0.0007396041457214321,0.16759887871673285,0.03032078277116894,0.24418058702225257,0.012403982846466618,0.023101742381788824,0.03940662223218508,0.37905901878244075,0.3061073997297059,0.19975045385323553,0.1879613534052185,0.0003165719522276607,0.013453692442937202,MYS,2023,0
0.10195708256761565,0.0022207015218377087,0.20087811312901796,0.040949853604320546,0.29337856203485263,0.014837719756144448,0.02888497601427337,0.04603143339040043,0.434062880029109,0.38073193207932254,0.23861325412577425,0.22657570731657653,7.998614408853329e-07,0.015273586920469321,MYS,2024,1
0.0023659514995985984,6.790483966453715e-07,0.0027197380342221127,0.18782559139007085,0.0020264561757082316,0.00024141071563121123,0.006893816486499581,0.011023051238908505,0.4675698061637923,0.12819321680971318,0.0067265974075835094,0.0008123639976200996,4.004440453401354e-05,0.0005957469227162359,NGA,1990,0
0.005270545485019674,0.008579529407046978,0.009376181588913556,0.027238029077837234,0.0151432593736645,0.0006504025371630442,0.003534172773211813,0.0009029882200117071,0.00035067814750911917,0.06276628371363283,0.00965667125430878,0.012890030667621231,0.007732847156394696,8.68288321917906e-05,NGA,1991,0
0.012706622772898687,8.396895174647118e-05,0.0288901875239409,0.09800414821166438,0.046044101866421806,0.0020801300860137516,0.012261555404089292,0.002135740301099784,0.004326738840847171,0.20868685055154348,0.029814666727742006,0.037437229186117,0.0008794403334458515,0.002231832650368263,NGA,1992,0
0.025017058390847224,0.004068802979044689,0.0467101590178601,0.004876207788814011,0.06816810678672854,0.003426390952304511,0.004109045906118886,0.014297889225436842,0.12455698834596851,0.07553718385178788,0.056179877243594384,0.05297342057575117,0.0018888052344439741,0.002776485292104326,NGA,1993,0
0.01094647987301039,0.0020292832007128194,0.019673536411051518,0.00027967372434804745,0.02798112264384845,0.001452882840333899,0.0004810296068361063,0.008812601670215685,0.09639668257696943,0.014700392945905909,0.024759696939812288,0.021366692784650823,0.0010319264660382894,0.0012083480361828826,NGA,1994,0
0.002047175148172602,0.002520330132743107,0.00493548368954549,0.0014272319618575562,0.007178454529005836,0.00037338032209216623,0.0003427772646770529,0.00168351381439426,0.00860553975984998,0.010547448528103832,0.005925827591588716,0.005332333632192622,0.0038378884933308335,0.0008884292519719418,NGA,1995,0
0.017497254690898245,0.00042818237142555734,0.033947715524799436,0.0023812027493741042,0.04899041828013783,0.002516812491738648,0.0038485615984830885,0.008897149821271499,0.10019871490389243,0.049006187532740095,0.04108414650959427,0.03753319310418797,1.1786874992418954e-06,0.002624814988772683,NGA,1996,0
0.0527686157487783,0.000742411677626546,0.10883606904103847,0.025902414374633784,0.158945233819405,0.008081591245046232,0.014052070775057532,0.02690608190023769,0.21767299956841843,0.21676211051242703,0.1293652907439498,0.12175637871054809,0.004506101661496414,0.010420286349991295,NGA,1997,0
0.05785554615610193,0.0016487436928699934,0.12130207065073614,0.04352187386931625,0.1783227576571368,0.00899678538942309,0.017703056235228463,0.027904360189541524,0.1943206431503806,0.27852121654370926,0.14266413318660062,0.13703358199743473,0.006989872977535158,0.011920203875664441,NGA,1998,0
0.026226239506817083,0.07156370705669562,0.06914759848436154,0.02725265486258998,0.09973347474143791,0.005308561249761851,0.011223085268319069,0.014240265612161802,0.1027787042301508,0.15870302348252327,0.08220406595618188,0.07287124720083005,0.10038400819724999,0.01574861812074945,NGA,1999,1
0.002833298894577802,0.008268710979549102,0.007029718765257776,0.28928094003692273,0.014777448828781008,0.0004398567585126369,0.024609800165078154,0.0034420079265943438,0.28928775596559614,0.34264694166483295,0.0039504145854430866,0.014638474969472084,0.007632527765263409,2.677748368868295e-06,NGA,2000,0
0.0002782921563521498,2.5183173043755797e-06,0.0008869930672113503,0.033266379907067524,0.001826078414394036,5.760356035245874e-05,0.0020944112761561526,0.00014480469130160367,0.032905253595001994,0.04020581460032502,0.000541770379108939,0.0017284804975932332,3.807602354814346e-06,2.7332888998636765e-05,NGA,2001,0
0.003717010424955064,0.009479364822454154,0.005253011704034733,0.0023450625328624228,0.007203185380936727,0.0003832340508564848,0.0008245183350481905,0.0009800624713413636,0.047990893892660584,0.0004888595090278536,0.006752157555163878,0.005632780585531305,0.009275918697562285,2.597548239785589e-05,NGA,2002,0
0.00645822673024835,0.0009050123253940322,0.015385962253750118,0.052813978375604656,0.02451911209801449,0.0011131433395916931,0.005541225380451598,0.0015664598218779941,0.002633628167798423,0.11243698770828772,0.01595432092124297,0.019774875585988824,0.0021886843357721356,0.0015015227339510511,NGA,2003,0
0.00013144300673789702,0.0013861241564389812,0.001773262165307251,0.34938446377410587,0.0052365614177200875,0.00010122240136422053,0.024163337172804517,0.008201404512225449,0.4855634324280219,0.35124994761020456,0.00021094805170840446,0.005749609168851953,0.0020482653164133674,6.484079959158706e-05,NGA,2004,0
0.008051363672591997,7.639073585272888e-05,0.026971474135932375,1.0432364831084402,0.054811161921472694,0.0017802052524485362,0.09368756151187944,0.013564304695907806,1.0241050010074904,1.232302349419708,0.01596230223127535,0.05157367333461007,0.000837901717112672,0.0009917676372202607,NGA,2005,1
0.0016219183109862398,0.0025462749254680905,0.005965008251762494,0.5198205933152135,0.014378831752853465,0.0003575873670238066,0.043095332193611946,0.01111929140994818,0.629300641857541,0.5594559108592606,0.0020671114868451735,0.015039660774054595,0.0019959665478368293,1.7812620833520247e-08,NGA,2006,0
0.002627539063900358,0.03605523415781198,0.004552239499378716,0.22601789109821205,0.010186374705923743,0.0002611362261923666,0.019408579037141334,0.003251336545793523,0.2375288114908355,0.26379307591625234,0.0022217073504654265,0.010923288051114784,0.038150769170524755,0.0005503081657558268,NGA,2007,0
0.005406938797035792,0.0035025555206839626,0.012599736720489798,0.19472256330601823,0.022899007468817352,0.000850563931269625,0.019039895510431244,0.00045926594338002946,0.12395768193148694,0.27210300858560144,0.010051512211127267,0.020615224240024967,0.00251648134155742,0.00021560049142034572,NGA,2008,0
0.0016172316530558347,0.004398896204890706,0.005299228212744392,0.060193923051704325,0.009088172762842676,0.0003822966909295422,0.0056252939711640484,6.770071909100424e-06,0.031087549028393106,0.08884920194250245,0.004666033068404622,0.007507745614605002,0.006344228401184334,0.0008671749595822313,NGA,2009,0
0.014696774146363402,0.0028254127590702587,0.0341803864122013,0.06735569244437419,0.05280894755020978,0.0025047323378960635,0.009613012745597725,0.004629729874538562,0.0012093176859355546,0.17671734640990017,0.037152208921793585,0.04167556707314358,0.006158508196175676,0.0037038739981301587,NGA,2010,0
0.029404819562986028,0.00045708928851477895,0.060500253355072156,0.0595086767000994,0.09173218923110223,0.004410756066105642,0.012283986561497127,0.011241242472108197,0.03335700328145992,0.21704178241290453,0.06818852873541244,0.07255539780694197,3.1220713767030455e-05,0.0043712891393234195,NGA,2011,0
0.023282858933742635,0.001738582708679302,0.04777667395352751,0.0776568310108397,0.07383784154711459,0.0034505656200169823,0.013533272293406357,0.006379367253555502,0.006570333032135631,0.22283114605391482,0.0521441798602119,0.05940428635750741,0.000373363591853926,0.002850651369432573,NGA,2012,0
0.00966927848811876,3.0852693225418965e-05,0.02161009910868229,0.06110177315760127,0.034156578678855756,0.0015588774302161548,0.0076038926683052325,0.0022270387467519187,0.0006837320426397359,0.1396054118212689,0.022709617721397006,0.02762900188438529,0.000534442001571782,0.0016726860131167627,NGA,2013,0
0.009369324701137584,0.001601666787523113,0.020439951228874823,0.00818558030374766,0.030166285468160057,0.0015188882783046375,0.0018892417254580225,0.006248881557540743,0.029576352662599444,0.04970441021760054,0.02411825885842802,0.023056343442237972,0.0035381126530259254,0.0024049518708639047,NGA,2014,0
0.01987487137042558,0.00025694077971904035,0.038861377819466005,0.001605965895087321,0.05447831227931955,0.002919640550910045,0.0007041454132101873,0.018152398815228073,0.20914144315308666,0.023337883419423836,0.04962409795353322,0.04048773576663578,0.0015870435403204433,0.004052540526042333,NGA,2015,0
0.040377828079837245,0.0048569367014969595,0.07809497930400049,0.03330493880006761,0.11599420710271913,0.005708950929141221,0.013412476177320122,0.016101054461462407,0.11283669475869854,0.1930229228330875,0.09072226736156387,0.09112847769783844,0.0018086117132398258,0.0047086988747517,NGA,2016,0
0.01999784065671112,0.0007401958494396021,0.04415953433850764,0.06565366248580906,0.06737063598948273,0.0032389748215369565,0.013862714489861944,0.004938233237904786,0.008876885417008923,0.19301714873075282,0.048638315912076534,0.053110006174391246,0.00285202432949162,0.004070449820805549,NGA,2017,0
0.02110953270881768,0.0013389732365592572,0.04217309236601195,0.03233675779810802,0.0635028457581423,0.0030746406937998175,0.008497194157733682,0.007768344152303411,0.0343470703237638,0.13400930655139925,0.04797770025311689,0.0501960055628384,0.0002401836280505839,0.0027270367150107667,NGA,2018,0
0.030050475551666244,0.00027239178047043825,0.05823618374153597,0.001028979206971474,0.08358727124071043,0.004324702910299271,0.0033734297442912418,0.020763790345873754,0.20594253191427891,0.06909215048246607,0.07168201369031249,0.06360487448573393,0.0001015309353377817,0.004861883652354522,NGA,2019,0
0.0809868890928163,0.008172338528428713,0.1514557442360299,0.0028881619337530235,0.2175943018065587,0.011198305019232212,0.012747922603817784,0.046168088424082696,0.537905641309217,0.17965109376653282,0.18543271644763884,0.16695167944023181,0.00273468062006966,0.010137118856139993,NGA,2020,0
0.0257867573571258,0.00032987556095691957,0.05073749148340021,0.006862746087689265,0.07382062472840326,0.0037523291280120745,0.005373299179136148,0.014039788381812548,0.12577711000744846,0.08629490050708331,0.06090297229972793,0.05676986143530966,4.136209371242977e-05,0.0040348244573942685,NGA,2021,0
0.014209499584142818,5.713897977281449e-07,0.028919015401690708,0.009524746967857331,0.04270705116213809,0.002131299137524743,0.0029089062378950753,0.008452666002177584,0.04808173631029926,0.06561930681539505,0.03413384254513101,0.033036229795886565,0.00042030636218546983,0.0024956792131882997,NGA,2022,0
0.018193877479740318,0.0009851667905846336,0.036253322154316835,0.02381182494728021,0.054469969337479246,0.0026439211904578696,0.0057227924601209,0.008186817559985366,0.034968897003332444,0.10826713991577182,0.04160407177729884,0.04294243244603763,0.00013417421691440487,0.0024160744532009614,NGA,2023,0
0.01844947595302126,0.008557128105840793,0.04687012860227874,0.19159724537100767,0.07470628698423308,0.0034188329355056618,0.02599652392746253,0.001651224319020668,0.018073614889190195,0.3770791520988068,0.047608168436076306,0.05994519662275465,0.015446750532836515,0.005493272569880787,NGA,2024,0
0.000287374985003999,4.075595608905135e-05,0.0005012999678615777,0.0005841811117048765,0.0006108071620429153,4.002341278595371e-05,0.0008162365455025208,8.810595159253122e-05,0.00699790924794805,4.539532718266677e-05,0.0006518619889554034,0.0004264170911987002,2.141912506566093e-05,3.575403630641007e-05,NLD,1990,0
6.32738425849018e-05,2.1385030565093533e-05,0.00014876923391968948,4.332608307053503e-05,0.0001873043410175271,1.2250362429710117e-05,0.0010059727832470605,0.0003863313256029748,0.000457753715171073,0.00015344678854676202,0.0001584953161571194,0.00013264823071228757,3.65877917925824e-05,1.8488064271579107e-05,NLD,1991,0
0.0008475354937232441,0.0004598382891122358,0.0019365617869745893,0.0001614450842522057,0.002624564510344666,0.0001518342977877359,0.0024934717490471448,0.00011408534689309429,0.006454303066781462,0.002145115807799399,0.002273188066380544,0.0019018963322474625,0.0007625006438061176,0.0002847614340384995,NLD,1992,0
0.001445029678791711,6.909950223968998e-05,0.003131194497900491,0.0018945645436779374,0.0045158173569795025,0.0002364322931146306,0.0025415226409148265,1.6037810403667716e-08,0.0039007390070013633,0.007905376338354623,0.003534953136604399,0.0034495196435554184,0.00022669751839191646,0.0003081107164090172,NLD,1993,0
0.0009320852093239392,5.321208614653379e-07,0.001935952740815505,0.0008514766323287116,0.00279427825154891,0.00014527163737350097,0.0012094896499708007,1.8818441661612388e-05,0.003046462747582687,0.004363419544003453,0.002215961012150804,0.002143928586049813,3.1974654839854165e-05,0.000165306262490209,NLD,1994,0
9.261938743613542e-06,0.00021004801052711762,3.17908114550402e-05,7.41969108387375e-05,3.6480607287441495e-05,2.771973052084062e-06,1.0001375001820125e-05,1.4584416016365107e-06,0.0005564395411085445,1.4705437225231097e-05,4.620906959942175e-05,2.0684206686652572e-05,0.00025984195255326757,2.0328894235154193e-05,NLD,1995,0
0.0005030599204768214,4.433552736488895e-05,0.0010000926547839534,0.00018041849544042727,0.0013653606868045056,7.63035950640619e-05,4.872231666889302e-05,0.0003520888071740212,0.00695817164391391,0.0002879466950018692,0.001299250695953411,0.000992315671405159,0.00011475319120097335,0.0001226542853002682,NLD,1996,0
0.0003120956196283304,0.000736786802922167,0.0008562994831771036,0.0016411594180228562,0.00130301692661311,6.435169262267819e-05,0.00023861359828558832,0.0001137521596544918,3.649760645927184e-05,0.004287851278660042,0.0009425002690024956,0.0009922969007645141,0.0010553352145754196,0.0001706110331568498,NLD,1997,0
0.0004205844526394532,0.0002678197614568266,0.0008144894865114181,0.0015687301906345528,0.0012053513244365233,6.025902894603947e-05,0.0018665896121831684,0.0002471177742792653,0.00013182411051918045,0.0035547527369114602,0.0008315179884874934,0.000972699188047705,0.00021108186368603134,2.2972852936105198e-05,NLD,1998,0
0.00011811560932460918,0.002085041311162616,0.00048331533047788546,0.0016696688871093034,0.0007250346936911012,3.806764780857723e-05,0.0004363059717937489,2.95561477491579e-07,6.954197802527667e-05,0.003243512808013425,0.0005076132841399403,0.0005245371323032089,0.0026430767544939745,0.00020138482129966053,NLD,1999,0
1.745447885995654e-05,0.0009606530277417703,6.43739207982734e-05,0.02411126840585011,0.00025360430055651137,2.5588168346588343e-06,0.001636362945390094,0.0006547267561680591,0.03563141836578431,0.02366373553755592,3.603395556106933e-09,0.0003404865260251046,0.0010333023569253758,3.9073925131184865e-05,NLD,2000,0
1.6695631538472473e-05,1.0738047675945945e-06,6.573388290981266e-05,0.003405685833079741,0.00011489763845265626,4.9856969559083976e-06,0.002282010791780278,0.0013084351364275372,0.003000302584654451,0.003165395620950361,2.4879334925017896e-05,0.00010592218739717445,2.3483301734976664e-07,9.88151930070254e-07,NLD,2001,0
0.0003553969483647202,0.0008852360850889948,0.00108299718121915,0.005311039724037759,0.0016019088408082945,8.451881989931856e-05,0.00451024775182144,0.0011451098237764737,0.0004590971697080769,0.008246377464884736,0.001016701676109674,0.0012257444132526705,0.0012419993548527452,0.00019103789819697694,NLD,2002,0
0.0003485749918202531,0.0022239392932019574,0.00044700890260716353,0.0002747201158236253,0.0007244206705149722,2.9314177294724353e-05,1.0384404141040512e-05,0.0004542014669205796,0.00039645846163732004,0.0015564797128850827,0.0005107455951070774,0.0006412930186493054,0.0022986020492338165,6.000776111193054e-06,NLD,2003,0
0.0029851718060870214,0.00017843938983200987,0.006114553773050828,0.008613855118852081,0.009390210335537894,0.0004429065135142931,0.0016410633096943846,0.0008615523199390248,0.0014597010736753532,0.02633274212624608,0.0067358194096879456,0.007518140572281012,2.7624832405434147e-05,0.00038090238391189025,NLD,2004,0
0.009372537818168221,3.4201834936973097e-06,0.019045649322935024,0.004455859333975197,0.027725871022119694,0.0014148932623604781,0.0035118402927564168,0.0035491907697985997,0.03914893698101171,0.03708119831998286,0.022546378842991797,0.021278632154877207,0.00031468690541372555,0.001675004320828277,NLD,2005,0
0.022642639845655867,0.00035254712679157527,0.0478067333947364,0.025970647766984954,0.0702631592133826,0.003555091381479123,0.0155640520421652,0.004521036067646237,0.059085628817830936,0.12471011502803055,0.05499463189549442,0.054205810410189556,0.0020193284755550063,0.0044322062191125226,NLD,2006,1
0.062300230907858516,0.0004133222778332936,0.1299515536825913,0.058029185161565085,0.1902151693654604,0.00966878067422571,0.04069646252416611,0.01294121806459586,0.18849041513045822,0.3123470661840633,0.15044250828815464,0.14651706852583038,0.003925879250362836,0.011728531174956758,NLD,2007,1
0.0023923086891008806,0.00011478294542004478,0.00483156651476253,0.006591920702276508,0.007730378613342049,0.00033972153160173385,0.00017243409588766704,0.005221866634369449,0.000710491933701066,0.023269322098388886,0.005521024103061458,0.006277936058771766,8.269992748870855e-06,0.0003170314854326653,NLD,2008,0
0.015097810966934837,0.0025386163772483034,0.02806288965800107,0.0026876074580098113,0.04118145830334236,0.0020497682010080184,0.0010475407895258822,0.011859146496496805,0.0747979706920078,0.04588061751219677,0.03395568372825574,0.03207289346659179,0.0011908298536489974,0.0016638126678718416,NLD,2009,0
0.002373098861903967,3.6824894015655985e-05,0.004622400000282279,0.00020348165673394545,0.006594279481998589,0.0003451304356016779,0.0008997961594650522,0.0007825171299606656,0.015185028592113963,0.005863100555983622,0.005596102892851835,0.005017497689279233,1.4013738288044481e-06,0.00036971857207359406,NLD,2010,0
0.013284179863675487,6.429439348767754e-08,0.026825214286279812,0.0035446422365552816,0.03812017462253261,0.002019379529418523,0.011865466025888002,0.0011354368101822345,0.07234186413023659,0.04067132637503598,0.031736527962396496,0.02892158406968782,0.00032107547613162456,0.0023342292732706042,NLD,2011,1
0.010735166205550508,9.043910071166095e-05,0.021260709256023615,0.0019888961026260114,0.03017224208312107,0.0015974430309480345,0.00860053907095519,0.0011391948849221126,0.06264915193970806,0.029703728965639022,0.025293809158736993,0.022923501978832278,3.627443279586941e-05,0.0017215394371574288,NLD,2012,1
0.01873630310433117,0.00016289807845916286,0.037217793569528555,0.004817823851705509,0.05312026779771046,0.002789064759867659,0.014050874792609875,0.002396570115587974,0.0999423680416456,0.057165061653330074,0.04410763398981438,0.04049710113872689,6.179649352152837e-05,0.0029910657884654117,NLD,2013,1
0.0027511217864716877,1.0168808045043495e-07,0.005494333021171786,0.00017394581260588468,0.007682320485264079,0.000416386951476124,0.002562243210825622,0.00018233909534228445,0.019829236403534636,0.005999994755943347,0.006604784700713047,0.005766868234712992,7.238264768480471e-05,0.0004924823764124812,NLD,2014,0
0.03308069284224802,0.0006987660565718095,0.06855318326241272,0.011914746781553034,0.09810511416339411,0.005154849166884805,0.023485471390044938,0.005447353942978721,0.16534313893509212,0.11526542103936287,0.0811537551691563,0.07436019021632446,0.0033278062703044646,0.006718989680589992,NLD,2015,1
0.010450081467837916,4.5951708540890945e-05,0.021196242074507366,0.0023161375388449576,0.030374777802380043,0.0015872192065129183,0.004768192922441219,0.0031193106581934218,0.057809895871193694,0.03232458236379532,0.025399916954074904,0.02305809938142122,0.0005630678062589473,0.0019747341907314295,NLD,2016,1
0.005187251965286452,1.395994904346117e-05,0.010518434068014601,0.00104327328386376,0.014930151836804852,0.0007922447083818804,0.003894269035843564,0.0006942632539046872,0.030320588998774045,0.014984259892349435,0.012540120191643644,0.011290942587587699,0.00023841081177299725,0.0009661002510777793,NLD,2017,0
0.0026065212367480405,0.0005743252976570897,0.005764674119108472,0.0024300482577007537,0.008429885250583384,0.00043160550551877257,0.001215759721314043,0.0009559300809939178,0.008421367637674213,0.013746686421725666,0.006745552543247478,0.006409836403209239,0.0011809144080679422,0.0007002640317136827,NLD,2018,1
3.0013318320452715e-07,7.574735116456458e-05,8.619758989652305e-07,0.00020389722042876387,9.678616499207953e-07,1.192890004388379e-07,0.00033682143727898175,0.0002577723297425972,0.00020757274919818122,0.0001245119018165819,3.563673796802887e-09,5.383998088641422e-07,8.607219226722116e-05,2.3288579117218954e-06,NLD,2019,0
0.0013963359016237436,0.0070490280846150334,0.001757000311375184,2.326623712038393e-05,0.0027476780652832787,0.00011645637244959663,0.0010484686915222749,0.0042581084146168765,0.007430069857507212,0.002111265687708047,0.0022480707028138067,0.0023458241796275206,0.007170723776942098,5.315202065000829e-06,NLD,2020,1
0.0012049826594117809,0.00026233510354146836,0.0026916511657846367,0.0008350021115250214,0.003735329360457132,0.00020824821900085577,0.0036770535924072825,0.00018704058913508343,0.005788091891580558,0.004651791744204685,0.003069294123510593,0.00277364535838548,0.0005223201643393287,0.0003230095610604867,NLD,2021,0
0.0006955710111910306,0.0017855591997545653,0.0018180426346107652,0.0002619988991445075,0.0024639750937537584,0.00014447304995940873,0.002084223947587492,6.105216002521768e-05,0.005150331142385616,0.0023656638663332044,0.002140199761476344,0.00174387284646171,0.002481090565598578,0.00040848450286290683,NLD,2022,0
9.625868787196021e-05,0.002719711536875517,5.906430989716793e-05,3.641078717485521e-05,8.153569588007318e-05,3.74432067087056e-06,0.00025353245980002927,7.20906220287735e-05,0.0007480108476717305,6.572127509092318e-09,6.498487754425361e-05,8.148577476614796e-05,0.0030438769342080885,5.089521899023277e-05,NLD,2023,1
0.0045473622140905145,0.0006075772566081421,0.008596253573388994,0.0011736723845717396,0.012490075215416889,0.0006336041816220081,0.0014797853902487204,0.001690233388947621,0.021756814643411903,0.014380498402295895,0.010243183730033087,0.009684040322847315,0.00025103175066837704,0.0005276940057137539,NLD,2024,0
0.012233901610656779,6.531308190700256e-06,0.02488059859554913,0.012922812590116892,0.03778282377665806,0.0018035167376217875,8.621502044198872e-05,0.015493477122907962,0.02694888702308131,0.07206970912228326,0.02932947296609904,0.029660329552039854,0.0002584304046400068,0.0020702269476183545,NOR,1990,0
0.003186501443356145,0.0004793924844314029,0.006798120342856238,0.0025572753195515423,0.010474944567606517,0.000489730912067447,0.0011655348145799592,0.010248687869469406,0.008180723416567098,0.019212730628727363,0.008311283739805385,0.008149343016887498,0.0011356945438729456,0.0008043477681257083,NOR,1991,0
0.0015498835442391027,1.4178852509666334e-05,0.0030197669214816632,5.391026954892915e-06,0.004526563240969992,0.00021786293501919421,0.0011448884692716822,0.005904784507846604,0.010276272250427177,0.004090268807871853,0.0039058834639796435,0.0034779524020622484,0.00011816628409732247,0.00030814428619094263,NOR,1992,0
0.00010107410939791541,0.0021122526003080006,0.0003213666502796564,0.0005410642327307445,0.00046418574555634625,2.4446312882635673e-05,0.002162533635977424,0.0032713146190048842,0.003467501579538258,8.646129807865596e-06,0.0005232728362658884,0.0003024593261098304,0.0026811354573831906,0.0002099983657380979,NOR,1993,0
5.493287441954771e-05,0.0009057151640374876,0.00015936645789859744,0.0003393759787081161,0.00024161128508532338,1.1632814736374367e-05,0.0019652556324548146,0.002613044121950862,0.0017766784691894523,5.710019994201172e-06,0.0002719109727540785,0.0001623542988904222,0.0011666288399752856,9.761975722942573e-05,NOR,1994,0
0.004049047263496962,0.0001240304134946409,0.008180865243038668,0.00034766874003950725,0.012002078520146559,0.0006021974594776565,5.629244816885464e-05,0.006666011199804884,0.024145598183589616,0.012164603419339665,0.010187108476244294,0.009145318282182268,0.0005149022439087138,0.0008587709345929546,NOR,1995,0
0.0030158783356508895,0.0006767906682384817,0.00634046384523238,7.606822559090452e-05,0.009224465099978584,0.00047060880679113874,0.00013003343300889701,0.0057730512666527775,0.021391426006870762,0.008103838874606754,0.00801003934156067,0.006924514499421264,0.0013964487863431633,0.0008363910993188369,NOR,1996,0
0.01397201013173726,0.0022172361123094756,0.029615435560198397,0.0026967616413390355,0.04298290890351824,0.0022088078989313644,0.0007211676753453593,0.013698929301835194,0.0786211526475298,0.04721501748956302,0.0362470154082208,0.03243249739361874,0.00497204500994099,0.003599447356852138,NOR,1997,0
0.017117133852832776,0.0005751346105698058,0.0331540355539335,0.0038323853505630905,0.048463643541041775,0.0024395659142336535,0.0018147845504158451,0.012396569519625176,0.08447788386956288,0.05569408800085204,0.040036272175596355,0.037410578243284094,2.110703539782595e-05,0.0024818160669732867,NOR,1998,0
0.011102177849785263,0.00013852881904202234,0.022305225751883796,0.0009636348206185714,0.03236357056174596,0.001652774664849278,0.00027649995256544773,0.011573561806100106,0.0684757342297958,0.03128310700648795,0.027501959632572837,0.02459987529271842,0.0009029090652805711,0.0022132778073768815,NOR,1999,0
0.03349546267616549,0.00046007951532064657,0.06780400424638257,0.0062919741464923995,0.09913021870658467,0.0050096671047925,0.0008352616684494828,0.03555589192083735,0.17781096757588724,0.11100375113604938,0.08289249684160505,0.07571138207015178,0.00286004801087125,0.006679805648506514,NOR,2000,0
0.03710386627384975,0.0005949993046051356,0.07251957899691146,0.008895572296063333,0.10630089990954514,0.005332440451020589,0.0025664329190396035,0.031078955925128323,0.1794926273211602,0.12521691873543883,0.08773945951056997,0.08200634811131095,2.7263071627689287e-05,0.0057312540229577,NOR,2001,0
0.009376045333385145,0.00035392265071525724,0.017884345488776873,0.0007350675316715803,0.026149204644673983,0.0013112918539951494,6.494258556597562e-05,0.010602501445045195,0.05491780655646534,0.0255488073033254,0.02203816119620576,0.020144272022062423,1.9921943968768835e-05,0.0013551786107620762,NOR,2002,0
0.004439516306557492,1.6341068106864197e-06,0.008642290148577873,0.00010728812097166176,0.012590860234126403,0.0006357754692536961,1.563458764230806e-05,0.006426242092045375,0.02980068347688871,0.010879408666020465,0.01080846676304042,0.009611222813107606,9.244608415955276e-05,0.0007808078800388697,NOR,2003,0
0.009616711431298091,0.00023682881820469168,0.019600452776297992,0.0021521183489418556,0.02881055045414337,0.0014446466340573931,4.712437446960721e-05,0.012022465948495775,0.048372153925510926,0.034006653801739735,0.02398516805234926,0.022035354829312178,0.0010888526642387798,0.0019906435658845465,NOR,2004,0
0.05115249554163168,0.0001128394825596816,0.10195629766699808,0.01820044000929865,0.14953668709091794,0.0075166493612044,0.006354222170476433,0.036574310508606135,0.2248004154062953,0.19179849467255985,0.12231328560465615,0.11523372683531996,0.0006583732861692824,0.008573075029785588,NOR,2005,0
0.06812561600424398,9.048519135601911e-06,0.13696062560769695,0.03130591482490726,0.20222030351047532,0.010069843012272942,0.0057041354687153885,0.05673609074463556,0.26842914506204957,0.2818411982076773,0.1639069714866209,0.15623005222190547,0.0015979301016927512,0.011817743144214594,NOR,2006,0
0.07230631242304529,0.0018689371385166265,0.14236784289112492,0.04028374934153327,0.2115401795938967,0.010408381515911566,0.006150211579407052,0.058843065794190026,0.2511394839786955,0.3159342970155625,0.16923810048294402,0.16482016878795216,4.897803283583634e-06,0.010634614050547274,NOR,2007,0
0.11677817275000524,0.0002106252892382508,0.2338594156327056,0.05627218808577698,0.3454922779326834,0.017183341985307084,0.011124600073621928,0.09313077937318966,0.44909853919125814,0.48803985132985533,0.27927464702381777,0.267314793659336,0.0016681682777580583,0.019594226296718465,NOR,2008,1
0.04936815153716199,2.4952283453429234e-05,0.100177924124197,0.03953417135075882,0.1494214667820405,0.007337883859735938,0.005422409183610447,0.03879062291180268,0.14416559896121456,0.24909987158495722,0.1181002657118413,0.11627226391002073,0.0010027508267842935,0.008393311231872152,NOR,2009,0
0.05101177449102482,0.0001623778879816652,0.10278935400474158,0.037365554732014576,0.15296173664509638,0.0075326460422649715,0.006250727159499353,0.03805032754427406,0.15732045310461365,0.24692838942218415,0.1213292637334473,0.11899383933626728,0.0005647640373279385,0.008377473134367094,NOR,2010,0
0.0740903725622171,0.0004283917164270858,0.14882378422283485,0.05480303914666048,0.22170834757225186,0.010895271616981062,0.008488950428834702,0.05646910521185475,0.22534500966267626,0.3601708908772483,0.17563091580380397,0.1726723990955088,0.0005238511397475734,0.011911531953587087,NOR,2011,0
0.07496958190016771,9.66284474166053e-05,0.15235774595776405,0.04166065794683156,0.22562415943168948,0.011199236014838564,0.006157207602307139,0.06394694329594725,0.27258407660282225,0.33296579926598374,0.1817221670639739,0.17439453117153653,0.003155021794670853,0.013622017807446993,NOR,2012,0
0.07401616426867914,0.00021792098757680614,0.14859232731905306,0.04624471304096638,0.22087300087303147,0.010886677929010923,0.0063918990468843,0.06155806815436061,0.24789252750453547,0.3402476051206667,0.1764422233499231,0.1715933808985095,0.0008572444342361175,0.012218491547332828,NOR,2013,0
0.06225363011122523,3.10300420790063e-05,0.12726358014349165,0.04669692953442748,0.1885547153424961,0.009367390918710163,0.011527731980711765,0.039474063834250395,0.19651861325622152,0.30203709853516025,0.14992248079627182,0.14605878822925666,0.002245253661747399,0.011097000483019304,NOR,2014,0
0.031326668454852324,0.004756953954256759,0.0684380845032269,0.03217157665675849,0.1010611300750825,0.005087916492388093,0.009233477593966167,0.01679849814664221,0.0893249148517051,0.17507716218735667,0.0801045620406938,0.07739461329830963,0.010845326008455485,0.007855071974071665,NOR,2015,0
0.012143997610671255,3.165878926553842e-05,0.024925614964239482,0.01593529557399506,0.0372907153989102,0.001828338426502603,0.004126230774650151,0.005384454526510803,0.02478767940409896,0.07305753903594851,0.028679591516626843,0.02917059744029415,0.0001494620085482456,0.0019806767428033087,NOR,2016,0
0.012500092714727027,0.00018903834470809913,0.02658859802609548,0.022225254525494828,0.04011907741048644,0.001949407951510585,0.003662122784725111,0.006690151126773305,0.018403946297228736,0.08891118221783027,0.030383948414475358,0.031381467259613056,0.0011368741520067633,0.0024223027547563124,NOR,2017,0
0.03522746154676663,6.994525466032902e-06,0.07220271316031088,0.036016828086922116,0.10744132029281983,0.00530779074695452,0.009719663884270315,0.01796230069620365,0.09014794516947207,0.19120212255481941,0.08398475272564078,0.0836240173146431,0.0007987410210597416,0.006009512482260918,NOR,2018,0
0.019596975225910016,0.0003239124387138829,0.0415849920371391,0.03155611144426329,0.06257154836469521,0.003052103587652258,0.005409200380940587,0.010810108343017003,0.03287580315487879,0.13296028542514463,0.04773697466235155,0.048842625009080286,0.0018506295759804516,0.003827790925817654,NOR,2019,0
0.013042750052512098,0.0009431661301594208,0.026633051365129463,0.038359660623918906,0.04095202393000133,0.001927244796432822,0.007212050076374718,0.0037215351891464205,0.005911228067759174,0.11614226539356567,0.029291018780059637,0.03283644839932643,0.00019599262515732156,0.0016139196107155082,NOR,2020,0
0.03402487093434593,0.00013649119204126123,0.0712735996720389,0.05649099973361613,0.1085275990445354,0.005184330439397754,0.0030610251690609755,0.03060026383635147,0.04969781630078532,0.2408341929976531,0.08222280609825094,0.0853159831446517,0.0019428001890418422,0.006228219019281776,NOR,2021,0
0.17536985630844187,0.0013830145871197032,0.3628456781336561,0.1466867507176253,0.5396153712658888,0.026685771834367756,0.02495040485035377,0.12806845718996554,0.517039582603884,0.9017785857973962,0.4273907699462557,0.4179649413522026,0.012123291335113234,0.03338483853047984,NOR,2022,1
0.09175671817320893,0.0003590939076718917,0.19117572293067764,0.11364868339166394,0.2860993362738447,0.01403692613950266,0.02185611770826177,0.053251881127079924,0.19994820939731967,0.5493930205485983,0.22155800132718592,0.22289841118930315,0.005061927957823126,0.016879386883260593,NOR,2023,1
0.09133872454100886,2.8245068305337608e-05,0.1845994558890729,0.03317749238899314,0.2682182143875536,0.013712502719763233,0.02735406260546817,0.04101206958025695,0.4194488877026849,0.33407048015969676,0.2201722819331016,0.20546708402245598,0.0030112040284027888,0.016356898159277482,NOR,2024,0
0.009291508257989481,3.491212447283806e-06,0.020170267671432235,0.03749497306979012,0.031136041772390984,0.0014680685006606782,0.007042523893444703,0.0019609221399294447,0.0013418472993640604,0.10027833013633737,0.021841494174528398,0.02485035308033607,0.00033940613623527496,0.0015766916821981197,NZL,1990,0
0.016668006276000878,0.00012792069573860882,0.03693491568660601,0.12567020751820793,0.058762308735023694,0.0026558009535952334,0.019365214617367985,0.0015460246616410532,0.005221249678275818,0.26512963605797846,0.03789242260231407,0.0479853938819771,0.00010318745137927607,0.0024392718645549634,NZL,1991,0
0.02202777632145552,0.0006873309587995341,0.046648775723392155,0.09772961559116884,0.072403740473122,0.0033779642127169805,0.020002283173749698,0.003052530198327883,0.001139165736190611,0.2475336912047782,0.04984136957558379,0.058341821829164954,1.0256233966195782e-05,0.0029906724877644957,NZL,1992,0
0.03555300743216999,0.0036280205736282695,0.07033348485995264,0.04672257949047363,0.10394442027124026,0.005181651152441166,0.03359593588913394,0.0027985812072982225,0.07474941443833323,0.1977665153063089,0.07945608349110148,0.0816605333749917,0.0012045388281301317,0.004235105905638302,NZL,1993,0
0.03241933361654945,0.0007741819314970097,0.06486073350135316,0.022658035677870274,0.0940785790586241,0.0048285983287930725,0.0287716296321769,0.0029701123494853708,0.11504895399422578,0.1378887887134411,0.07503236097697907,0.07265835017422417,1.7163712202500242e-06,0.004768183078790907,NZL,1994,0
0.03066791450831276,0.0006226721935429682,0.060682971103474224,0.010066436897588652,0.08677943346413328,0.004542835799202777,0.02613152375385181,0.0028433961377687302,0.15182589094365553,0.09924870091626489,0.07142581530301902,0.06638095527774866,4.778166462525645e-07,0.0046230831364980724,NZL,1995,0
0.022202011208340443,3.080340452151919e-05,0.04506679480034263,0.012127379594611347,0.06485054495011962,0.0033741199627633665,0.02032509082276927,0.0019028080634848953,0.09227785623088738,0.08626541626873027,0.05253539591070091,0.04966076684219413,0.0003146544551652535,0.0037278646449633406,NZL,1996,0
0.01554367091541511,0.0003144220610868418,0.03120507658653027,0.011101593519408155,0.04515053091862097,0.00232776195170623,0.015681331251906107,0.0009425320341507258,0.05538442719172764,0.06603944650423309,0.03601150491076704,0.03482473503725749,4.73440480523763e-07,0.00231652720075848,NZL,1997,0
0.014617386876339726,0.0025683755911208917,0.029124672100489798,0.03991209925451236,0.04445670407812188,0.0021116259368408334,0.01197640129001696,0.0019673089723766255,0.008342653875505758,0.12103247647887655,0.03187107641259482,0.03570359489832243,0.0012096613038336972,0.001491739685752804,NZL,1998,0
0.02688150036326263,0.0019124930576958309,0.05228338075553102,0.012555593174209954,0.07586453876987966,0.0038747410200071354,0.016494532380592012,0.004996445664283521,0.11022082427419032,0.09975534954488742,0.0612677276818635,0.05871568873211536,0.0004443324937516794,0.0034936370861058793,NZL,1999,0
0.031681292393358984,0.003477531631468538,0.06225816556326486,0.03453601205667992,0.09145287493566419,0.004597509770598595,0.030782885106102754,0.0021463737694524657,0.07943090894559814,0.1604988873536866,0.07073903983817266,0.07161384643357485,0.0012402678282769672,0.003735327095083997,NZL,2000,0
0.016093267618123422,0.0010199137677465195,0.031464492031410024,0.007115781291241425,0.04514174330951369,0.0023497120304081655,0.01626318917127836,0.000811352371329073,0.07086633282381698,0.05615659653970271,0.0366491067711793,0.034750497143515816,0.00021162198257710952,0.002128726551225453,NZL,2001,0
0.029692899850300932,0.0025667240021086976,0.05797396082217841,0.019256558959805346,0.0841945345038479,0.004300581119833221,0.025518390625777623,0.0027221625816460987,0.10608786930282442,0.12135901647233792,0.06705480667109388,0.06534897741363739,0.0007474092768745122,0.0037095634836299975,NZL,2002,0
0.02515410314636441,2.530001861762236e-05,0.05089147044379019,0.010756754488913445,0.07289932354977365,0.003817124420633679,0.022700772919514212,0.0021757720304966402,0.11620171939977869,0.0894912256155637,0.059658647904204394,0.055647838465532166,0.00038965676963420397,0.00426268552866094,NZL,2003,0
0.021765455488497037,0.000652833624649467,0.04285741798132193,0.006583962119910441,0.06103334140793193,0.0032146146102959416,0.02162749064361403,0.0011687046398023747,0.11151410367876732,0.06737057856747526,0.05036633354067781,0.046642625111695736,1.993479581143798e-05,0.003171150747989881,NZL,2004,0
0.03376233574140875,0.00017987387877894468,0.0676846496389703,0.012244371515048707,0.09674296581148158,0.005076713969132556,0.030325787545137105,0.002826612465918655,0.16447799301466076,0.11310636121440037,0.07955011861288212,0.07383722593349923,0.00021238535479093819,0.005486197587859623,NZL,2005,0
0.047395116197019645,0.0007808593858211837,0.09543260581975166,0.036768345598057105,0.1386924753141958,0.007103068131367482,0.04229658428334991,0.004419140437104378,0.15903073234769816,0.21096026738319898,0.11013439203090028,0.10716337903982821,2.1776419906136598e-05,0.007165753293142952,NZL,2006,0
0.033100983949631235,5.897423288827973e-06,0.06800124488392734,0.02505671454644706,0.09800856580891874,0.0050980669915157316,0.0384235374545743,0.0012061425227377711,0.11930805290127716,0.14381940242265195,0.07835262540740229,0.07516603069834156,0.0006937951732469197,0.005667537522446087,NZL,2007,0
0.024679548829639495,0.00011306057921837097,0.05201445080433874,0.03069341695985474,0.07563831765394,0.003895469708503783,0.03274882529821578,0.0005127486918899086,0.064175573157474,0.1336928363933422,0.05898473513370589,0.05824259939354054,0.001349217552557403,0.004549514477580952,NZL,2008,0
0.021645048604524472,0.0017158376202843562,0.043235724023324706,0.032284397538519596,0.06413266642245306,0.003182887543166992,0.020230327350296385,0.001865371465229901,0.040012884542052804,0.1287709474132552,0.048661222459334144,0.05043672018322035,0.0004384940489733775,0.002693758243070872,NZL,2009,0
0.025558415684418277,2.325483619054402e-06,0.05227403842107959,0.016930497938609974,0.07559129311462075,0.003907024976738712,0.02211607909154758,0.002694172256617092,0.09637072986755033,0.10790003812430479,0.060738666356980865,0.05800327816239014,0.0005746527706300476,0.004406255077821301,NZL,2010,0
0.025470511422891876,0.0003028505666340418,0.05122656123765368,0.016717805930083672,0.07431258797232984,0.003814387153928662,0.02017169697656385,0.003182199610845751,0.09355687950551292,0.10699826024703067,0.059508289795039165,0.057287422419346694,4.576604926930483e-05,0.003946988215439344,NZL,2011,0
0.01870811093085189,0.0004061662427666312,0.03773496435660036,0.01798262330532271,0.05515946534753652,0.0028011243130273045,0.016724361054928992,0.0017905603772788508,0.053945179665867676,0.09132488676436523,0.04326193209185621,0.04280144876259119,4.777832640529816e-08,0.002757248270548761,NZL,2012,0
0.010779549609208943,0.00043449854650541206,0.021860949368762494,0.01545179552577912,0.03204976364184185,0.0016237195064225532,0.014750391280309682,0.0001301229139062284,0.0226895632176487,0.06128124865895749,0.02451582434150057,0.025011324439363252,3.4925006772512254e-05,0.0014783534381011272,NZL,2013,0
0.0129106651171388,0.0010706728926476608,0.025229365678760426,0.007705095193131806,0.036421251690575356,0.0018783755852829287,0.013341000128448903,0.0006127663342941509,0.04923506684615981,0.0502237119548261,0.02915685597189355,0.028182820290469063,0.00030323273135465036,0.0016265568429439429,NZL,2014,0
0.010754249079830415,0.0020297171723516346,0.02074963596045706,0.010800417063225737,0.030413552292072654,0.0015309952996689863,0.011226955572344243,0.0004982145687302731,0.028327649861373577,0.051693122783250056,0.02356045960227594,0.023869773718587912,0.0010361907972675486,0.0011099191799589893,NZL,2015,0
0.01151080458719653,0.0010585361260994975,0.022396925893590786,0.006693870347298088,0.0324401821166286,0.001663043755215236,0.010080376219496995,0.0009753510741237742,0.04357390059482795,0.044932472555514455,0.025963122499416173,0.025146511261040186,0.0003291211587599257,0.0014244789298901114,NZL,2016,0
0.010797959328544576,0.000746681655959586,0.021333184880503078,0.008618286468221537,0.030909593123912067,0.001588083307371065,0.012549318110203846,0.000313758063192305,0.035521940807779824,0.046998835543297146,0.02442783965646228,0.02396887070987257,0.0001709114724699559,0.001394346323932946,NZL,2017,0
0.010734623651615266,0.0011510906826709964,0.021088782007720148,0.010557868986719449,0.030749727710116418,0.001564003100801212,0.012611651234124789,0.00029513507059048726,0.030040002892394318,0.05100256309048588,0.02396309497077536,0.023989374613458063,0.0004084829742761533,0.0012742267239986573,NZL,2018,0
0.005099339793213039,0.0010071403666440898,0.009997576582354586,0.009042553922938157,0.014864515330816713,0.0007342359907387555,0.006361217374888149,0.00011008377319424995,0.00748626571100458,0.03211684215112491,0.011078002815024452,0.011783140774727644,0.000520995512324988,0.0005103163322722689,NZL,2019,0
0.0006450812436721774,0.00021729561433906226,0.001353670591651835,0.0002881585533089713,0.0017742285440128173,0.00010639539899329267,0.0007207717608072571,1.688376713905193e-05,0.010459968642420627,0.00021197657980033579,0.001728648923133474,0.00125256474004289,0.0003896015238303588,0.0001988657122086772,NZL,2020,0
0.011262852814719298,0.0011633584739990529,0.02152733672012525,0.0030336807378834848,0.0310047269460256,0.001597745107524637,0.0065133795066460234,0.002152717129216498,0.05562225163355506,0.03482202075365816,0.025487281368818428,0.023919347110539706,0.00040186922457343283,0.001379478076762266,NZL,2021,0
0.006436896911503927,0.00396350235984459,0.01178611487039996,0.00802270566367731,0.01748129011146166,0.0008591798311730519,0.007002521733894129,0.00019231108608048602,0.012655438332478008,0.03329411895652297,0.013174598160446494,0.013979821568368501,0.00306160677417255,0.0003838390271172163,NZL,2022,0
0.0035883164698482226,0.0010139942570311822,0.007041246814526929,0.008763110973110945,0.010509249337600899,0.0005169609105741095,0.0065603373547332144,1.5041104423373217e-05,0.0031756400467539666,0.02604374867448261,0.007611117364227916,0.008391701588389157,0.0006172951102322064,0.00031293399363232496,NZL,2023,0
0.0011733178541768873,2.7370971461050046e-06,0.002637546474848183,0.006341015596146573,0.003960810586297448,0.0001966626721926364,0.004245397297602997,0.00026867552338473807,4.229913000354406e-05,0.013719677986778511,0.0027119302604880027,0.003135841927545998,5.4038796486955295e-05,0.00020175698247868395,NZL,2024,0
0.011008071300225662,3.444822171738226e-06,0.023304368674171988,0.02858823233378851,0.035861967626205755,0.001689777692233842,0.00238504877000026,0.007240751431049006,0.007267787098954874,0.0961223453308612,0.02619435292071162,0.028459039293069966,0.0003985480405476027,0.0018973327442076166,PAK,1990,0
0.003628851572905744,3.054922647927729e-06,0.008606735534350202,0.053470909421455964,0.014323874564870548,0.0006089787438268884,0.004905935372431756,0.00033906767091105525,0.013646805423544257,0.09423189490519311,0.008281194318783132,0.01197836742603374,0.00016425449846504267,0.0005777684972534648,PAK,1991,0
0.007158244589140389,0.00020316200152584347,0.016502185020962682,0.0577147800035777,0.026476674400108594,0.0011848061097599204,0.005093970003393446,0.0021704146949554463,0.0032564584152097622,0.12323483986637258,0.01708353143977529,0.021537280260048034,0.0009251768621693881,0.0013712524812451838,PAK,1992,0
0.007029180054422564,0.0009456124163854478,0.01516619004823231,0.004471528253371796,0.022085600016650116,0.0011342182417207155,0.002614938654448433,0.0030069769861956765,0.027516296870641183,0.031888160040839275,0.017937344486021176,0.016782951992202855,0.0022139253347412133,0.0017393544762832496,PAK,1993,0
0.012187056482692037,3.557884078220103e-05,0.02612947115827839,0.03301086366790402,0.039673156470088705,0.0019145585876180129,0.00792980379368699,0.0030298400088814596,0.008740826289261936,0.10464354415424854,0.029006382359868178,0.0312947767462299,0.000625490249478035,0.0021749591819737973,PAK,1994,0
0.01931898840367045,0.00014170865629700244,0.04079812550117957,0.0583780007875755,0.06200287849636338,0.0029856741916004983,0.017806204662024178,0.002363292633872323,0.01023518001710779,0.17202682203914085,0.04467115992641768,0.04920373728431279,0.00010641964142637672,0.002956522943654394,PAK,1995,0
0.01893319058037908,3.069525984550026e-06,0.04010571372385335,0.04735375270928444,0.06054445029242812,0.00294478648142052,0.015087219300588173,0.0031618805164177347,0.016515172299776747,0.15303916111553367,0.044506483456992665,0.04771851400392737,0.00044189399058216903,0.003157480923680737,PAK,1996,0
0.006903460206938462,0.0009923142905450507,0.014819162824972183,0.0035916422701090097,0.0216932673873314,0.0011032591952205711,0.0010394869513858376,0.0050684376532147395,0.028570360534552565,0.030274949276880046,0.017735999960125926,0.0164977612801494,0.0022923589116881924,0.001732472512711061,PAK,1997,0
0.009235310354269017,2.580439825625611e-06,0.020014634918230655,0.03239566152319937,0.03027323971480104,0.001474627228571409,0.013089063638407224,0.00021486997305755323,0.003584475037164274,0.08804445061946818,0.021623849989831145,0.023936517502558787,0.000312615208774395,0.0015686961600267346,PAK,1998,0
0.022624116571459785,0.00046196298769756627,0.04597252085729852,0.03329007561826255,0.06887689833954375,0.0033677077215240295,0.010217477158892894,0.0075940602749926455,0.04058056343815273,0.1410699791073488,0.05242800366387973,0.05411997768989402,2.714064152727749e-06,0.003323313907372909,PAK,1999,0
0.0022751885714245457,9.244338092580255e-06,0.004433415886289603,4.576028785747023e-06,0.00618574252832024,0.0003349510505399661,0.001341140126545128,0.0004050819837358949,0.019099525567872016,0.0038250002945759494,0.005428851666441413,0.004637445020909239,1.716111056390428e-05,0.0003820442277968046,PAK,2000,0
0.0041522868742297865,4.3776663846052616e-07,0.007939310956997628,0.0006357292772919642,0.0110804607734354,0.000596128071747361,0.00013357972033418078,0.0037335154708135663,0.04684428135195904,0.0038845137316547893,0.010199275094086708,0.008236086536825414,0.00011950806355138514,0.0007675650825805903,PAK,2001,0
0.010144881581599638,0.0013125267250065037,0.02137012838904259,0.0017766380764440912,0.030928775305247805,0.0015954506126715855,0.0007957225217310605,0.008893531136443387,0.05852458239052109,0.03301300213722746,0.026130790495007758,0.023332263126979752,0.0031125519853940626,0.002528854277631544,PAK,2002,0
0.027933834966332918,5.445312444150933e-05,0.05661395712966038,0.010019954811406535,0.08249385166920987,0.004198732362425882,0.006120283692109811,0.015538770996978198,0.1275886809929326,0.10356737424958617,0.0677434619706159,0.06320840799728743,0.0012453950803982374,0.005142391778407949,PAK,2003,0
0.03513462116496035,0.0006448880006317178,0.07121663989458772,0.047527323844192615,0.10676941738038662,0.005211018823925969,0.01232130515346823,0.014896404761088961,0.06781824131513887,0.21288590613905242,0.08169754550260999,0.08384434522127737,1.323633347989227e-05,0.005217496703262875,PAK,2004,0
0.04383165103192307,0.0009364074703904335,0.08719136400279866,0.03298502277472279,0.12967223729751992,0.006384457857301775,0.00754668188073243,0.027794366997858932,0.13192773404426117,0.21064379669299652,0.10246671060009488,0.10117283334987272,2.345751238764274e-06,0.006516767340151237,PAK,2005,0
0.03043943453949205,0.0036017976801362033,0.06516012627459064,0.020306837031665376,0.09638320954497655,0.004821130363362171,0.002347154154269749,0.028213757380475376,0.1075147534127055,0.14848688728046178,0.07777172971838375,0.07378685393529343,0.008874901115561041,0.00738797134772023,PAK,2006,0
0.03831499563917503,3.589208162417567e-05,0.07793096024626056,0.021802113083509,0.1150796024639135,0.005739980877444561,0.0050863883027104624,0.02776462731109817,0.13981847262047561,0.1692452853166776,0.09265507813766644,0.088873516819121,0.0015126119746043066,0.006919524672866472,PAK,2007,0
0.03385921361765165,0.001862726944229149,0.06554185414304173,0.013971943516140495,0.09692916791389047,0.0047934658510987264,0.0030050193032445265,0.026417274441552323,0.13331920419989093,0.1323069878016827,0.07831579457930643,0.07547163896236071,0.00026893768552391315,0.00459290008645104,PAK,2008,0
0.03046183424414163,0.00020279633919713074,0.058148069953589225,0.00018565173873029013,0.08319680755859635,0.004309486353064762,0.0001377900148094252,0.03454405762991448,0.25753284279147903,0.05138829921898772,0.07343939032428062,0.06296965181402267,0.00016476097420046735,0.005060102700078249,PAK,2009,0
0.027227101809396352,0.0001241133610634418,0.0542489430520878,0.0023862506276774898,0.07904277310597085,0.004005477597585967,0.0001821520753127671,0.032237130622735824,0.1642532736443978,0.07778249703894759,0.06701135872989161,0.06027577341176352,0.0015425224335018418,0.005198371611307086,PAK,2010,0
0.035027401007369875,5.564686640377592e-08,0.07102795341311031,0.024446787004624684,0.10592409620482653,0.005200119746876139,0.0022463940930553027,0.032094220583083935,0.11031114330907263,0.16983695878634328,0.084290019582029,0.08229958782066146,0.0009636045031256361,0.006105355296469293,PAK,2011,0
0.019055374650088018,6.50394113445941e-05,0.03757912052620676,0.0006680890268213311,0.05495903951062656,0.002762235818390265,0.00034396051485321473,0.03130081516104618,0.1239866031887466,0.04991020561505914,0.04706383305104212,0.041926980094837606,0.0010034733644558452,0.0036233636648061117,PAK,2012,0
0.01766957401898007,0.00010963402034538205,0.034948435053737216,0.007260671543760674,0.052072572673546626,0.0025491246045559646,7.609557837533128e-05,0.021882064066242983,0.0686933097389701,0.0729406719419804,0.04218925501725421,0.04045018856913724,0.00011928889590919252,0.0028611150404969873,PAK,2013,0
0.03015653593885516,6.946498731928857e-06,0.06011892340868271,0.00999717068280405,0.08897691041955641,0.004405369256064811,0.00036647102975016766,0.034689732209113505,0.130450453316747,0.1161612506193828,0.07283090073863917,0.06872630654233117,0.0006802850051873593,0.005236340514294969,PAK,2014,0
0.016643457177647095,3.364400704388051e-05,0.033125269927470787,0.002511888545581828,0.04878260993041052,0.0024306733315349553,1.9284867579575808e-05,0.023966707136848002,0.08856225124009573,0.054147689884053114,0.040827177580569356,0.03743727074960621,0.0007723922701409442,0.0030977018731812066,PAK,2015,0
0.033018666479522014,0.0003509428717085499,0.06512986452211993,0.012488057409249272,0.096292357476855,0.004772327042254252,0.0015644305180142087,0.030906712657125784,0.13632927919687024,0.12880917856696625,0.07832673614323846,0.07460395090823171,9.648989557193724e-05,0.005208537544418284,PAK,2016,0
0.01911935073666072,1.729858953882224e-05,0.03847525698458285,0.012738485359896575,0.05767252192239825,0.002804723963421636,0.00029973224653362824,0.02200276800675293,0.059671319490219824,0.09283234012401975,0.04588583709403144,0.044933845456810145,0.00035225017903448946,0.0032376928685357827,PAK,2017,0
0.018512173049236524,0.0015823732262774514,0.03479567154305439,0.002212348175448256,0.051386783310437376,0.0025322114591800897,4.7300231663827505e-06,0.024551669609551473,0.09729700669081566,0.0552348765570648,0.04278518126437175,0.03991709175393116,0.00042199477295825656,0.002378310943080294,PAK,2018,0
0.016215318180307477,0.0005677194664208306,0.030042176599455857,0.0005630421787953141,0.043606760104071274,0.0021965301719645077,0.001921773686921134,0.03325935002372439,0.14014480012265731,0.02554407936987308,0.038694977380817536,0.03327584145179585,2.2964508498587203e-05,0.002414868160461053,PAK,2019,0
0.0001398716285553882,0.0020438844880854247,0.0003763334498790188,0.0008097780312209796,0.0006496308991498346,2.4899409509338067e-05,0.012147806583192988,0.013960237111652774,0.003272042598392279,0.00013906864701089582,0.0006984963803409142,0.0004656922876183835,0.0026887280167517827,0.00023059459693750974,PAK,2020,0
0.021531537243061376,0.0014702537035106485,0.04236703594420742,0.030647915039615316,0.06565571386118801,0.003023908397209786,0.00010131025607534344,0.034058041630937494,0.030245791031321898,0.1458616968912325,0.04947813356201703,0.05246835522245141,0.0002616746720995803,0.002765912412050128,PAK,2021,0
0.024680023887054446,0.0062330017505369505,0.04319685380317256,0.0014825626674184256,0.06286000052705308,0.003131276359854497,0.003110704913068701,0.049168965939192455,0.21408235327902128,0.033766912799618354,0.05570490553268349,0.048524702230016196,0.003566192990339853,0.0024931714055926664,PAK,2022,0
0.004584200804598542,0.0016330595911342102,0.007749206300095446,0.0006251944898684395,0.011583241355442378,0.0005489475185042977,0.004894737805850681,0.018837425026628357,0.03976124995764388,0.00616686540573903,0.010309048235896673,0.009054726464013086,0.0010412882518140664,0.00040983043524828796,PAK,2023,0
0.013478264932594106,1.226436110076471e-05,0.026463003003223295,0.0028281383078731224,0.03968345248406508,0.0019173201409207865,0.0014195058785848357,0.029068850983325165,0.06168347486929774,0.04976420059523089,0.03275602153781843,0.03078338254021748,0.00025437090643871745,0.0023192025310420855,PAK,2024,0
0.06404169279413992,1.0719729088528072,0.23434908076205768,0.11405690225909816,0.3329714781464653,0.01867055509003142,0.025667953832955528,0.06214887765964394,0.2817975212525294,0.5755756993715868,0.2827769728853671,0.22889462510785122,1.3581277323242071,0.108659351119554,PER,1990,1
0.01535131869962567,0.39585452583486264,0.010898329114404127,0.006379842383110108,0.018024875901506122,0.0006377900050015429,0.007402816544391247,0.00015489189305479945,0.015540890234313742,0.03375823201718107,0.0111536412018031,0.01864711628790552,0.4388651206545926,0.00719839847451074,PER,1991,1
0.013503276582942543,0.0014845019103522249,0.029055117549788338,0.007295299753352319,0.041544684738892966,0.002196647812915786,0.012680419725157217,0.0013193938206786243,0.0610941044704044,0.05385142387073183,0.03407984306369359,0.03134052663234252,0.003636510846804773,0.003241369138453906,PER,1992,0
0.03732570660341898,5.615026092816653e-05,0.07602349796861835,0.02718369773877315,0.11064185345517528,0.0056583622760066335,0.026654706732785298,0.006093037837095891,0.13000223407056039,0.16586851019836904,0.0883199609123162,0.08524847332191944,0.0005319349808294339,0.006232241577109877,PER,1993,0
0.06589843299932412,0.0032563733212685507,0.1287138227897225,0.026458768262990137,0.18641590642763026,0.009550404494743508,0.03670168911309525,0.014323756608267155,0.2883211873515408,0.23449499059268988,0.15161274336206315,0.14385147328430475,0.00042576645838333043,0.009050779055394533,PER,1994,0
0.019785896452794646,0.00019863559901327788,0.04073767095573761,0.006744840527323234,0.05805035963901111,0.0030691593950928193,0.01727015309772004,0.001969621187055853,0.10160409903232745,0.06620577212800734,0.04809410242171985,0.043978936973412014,0.0014122308336628792,0.003846359134622301,PER,1995,0
0.02129358018844977,0.003960663179197818,0.046281460386872614,0.010251237414159606,0.06656849695976329,0.0034880409042806876,0.011813561166456092,0.005919592388958483,0.09895784508685232,0.08560572802086219,0.05489857275518468,0.05015405382752852,0.008425440015586335,0.005585545155906529,PER,1996,0
0.024705451303293314,0.0003753712482538322,0.05099321496355357,0.009793735761848886,0.07349674393446975,0.0038165454191565356,0.013004373255531908,0.0065479163894066736,0.11613081739582835,0.09072275333743897,0.06046618429900779,0.055935742488615894,0.002144506383286722,0.004908921517026273,PER,1997,0
0.003877147202305702,0.00272075482909426,0.009062366562964826,0.0034340294428328493,0.01313837764776282,0.0006856592322405919,0.002018359503706957,0.0013938252250029254,0.014258970821366044,0.020451373409750437,0.01066991708777746,0.009838545672920277,0.004455665420067959,0.001388923686412202,PER,1998,0
0.01377237599032668,0.0004042075529527942,0.028847346039241065,0.008801361386186708,0.04204213040421768,0.002150072150270719,0.006126478342397315,0.004702934127966773,0.05211938622495828,0.0609793930203167,0.03394407647757368,0.03216288792895847,0.0016740319690240497,0.0028498412210464417,PER,1999,0
0.025002309359624726,0.0002844322522916669,0.0500472502282604,0.014788212278802858,0.07305837536132208,0.003708387208114093,0.012128751969506229,0.00705401058410226,0.09315814530046283,0.10441495813691169,0.05866587656639085,0.05643018369964402,5.427384372787499e-05,0.0038948731989207736,PER,2000,0
0.02814914423221516,0.00010500239435132527,0.057981025005717925,0.01930338968182226,0.08493393371693837,0.004301226522991746,0.011088775193240415,0.010591603834763843,0.09903817995641394,0.1278334329674639,0.06806694221689003,0.06537357391801625,0.0014849080065244533,0.0052226450950900935,PER,2001,0
0.05677318023550597,0.0006586104386581482,0.11371537835764146,0.035933895924142464,0.16646002649023278,0.008413538983122713,0.025312341274999522,0.01777690384435541,0.20270484095823296,0.2446266244429165,0.13320302186961847,0.12876549213288316,0.00011985744314521513,0.008825662969686477,PER,2002,0
0.050821945112725864,0.0009839145027350437,0.1013523797441081,0.03135442668048256,0.14787074325811841,0.007510966931596391,0.027961298468580514,0.01206841004935343,0.18565121044447722,0.21339142070210756,0.11843896177252511,0.11434027827440484,6.186611064780822e-06,0.0076294670866914,PER,2003,0
0.05226974363652964,0.0006887229944276225,0.10494582445423324,0.0331492040871295,0.15218925330333705,0.007813783927740714,0.04069943810564748,0.0067398134896176996,0.19504007378073798,0.21676561249075987,0.12203500870453693,0.1173086179734178,6.821419398174089e-05,0.008053426856575332,PER,2004,0
0.035966197861369495,4.407934363896972e-05,0.07423633021688034,0.023857902759759173,0.10668908321510417,0.005575534803749478,0.040054570413719355,0.0016168742845093487,0.14055272590342824,0.14910731563003463,0.08596896845973637,0.08153552133691859,0.0013960937932636643,0.006489224835851297,PER,2005,0
0.014971080106175622,0.0007181960225450515,0.029728616105849856,0.007008968520890807,0.041602965272083646,0.0022592248764942524,0.03687851918338703,0.001319568498539573,0.07232699745590825,0.04778743702926749,0.03395585465753587,0.03167038045439134,0.00010734310198208447,0.0020506684230846436,PER,2006,0
0.019644658815889643,0.0006610231035236826,0.041693635937292806,0.01261450710197981,0.05892402692749979,0.0031730659555762666,0.03695634608636867,9.813050556031406e-05,0.0859907411611794,0.07681914398824113,0.04795555698544539,0.04448877565191803,0.002472317740290658,0.004099573708354858,PER,2007,0
0.012036593529365073,1.0082098578357033e-05,0.025026563290374487,0.009391079146660776,0.03561408899628752,0.0018939358130092582,0.02255132997947293,6.952710336333104e-05,0.0458242044473472,0.05048396429970888,0.02856071194852579,0.02713624369344016,0.00042467622845810104,0.0021494981902972746,PER,2008,0
0.018544179948023667,0.0001436216187473744,0.03948779595080703,0.028115204000285547,0.057502119036347284,0.0029606163156891863,0.029330147595667953,5.5896779158866205e-05,0.04105119078231519,0.10932515104392251,0.04432892569971498,0.04433647898204727,0.0012124140707006565,0.003472518087930369,PER,2009,0
0.03138964372204433,3.057735157872627e-05,0.06523304192138792,0.026803169501989882,0.09374971695479033,0.004907387309288039,0.044824240712485114,0.00024674021313089137,0.10887717274992081,0.1413026839164108,0.07468704290514647,0.0717562109085805,0.00116135667203934,0.005614445011798729,PER,2010,0
0.011818524792324259,2.0360857416406787e-05,0.024846833139906994,0.018334709048659695,0.035604329300236465,0.0018800718850109708,0.033882854083525996,0.0015391879564899292,0.02772901300815553,0.06532438920142501,0.027397755096896303,0.027396425792883695,0.00014553174461480898,0.001929403060348811,PER,2011,0
0.022369362489861218,1.1080924784801362e-05,0.04658217861440893,0.023101213226882023,0.06745959700229638,0.003490767052043982,0.02904136093479758,0.0004740009708377829,0.06686341039205003,0.1107432967686392,0.05311997819688709,0.051871939233403754,0.0007565332200567464,0.003951372034585479,PER,2012,0
0.021463574298399027,2.4144267689205273e-05,0.045156071094037,0.03190823590289316,0.06630349868320777,0.003363308012419384,0.02464198957174875,0.001065716797476709,0.04530579437473378,0.12834097560873625,0.050982107236565696,0.05137987014970971,0.000844732368781257,0.0038073388335616793,PER,2013,0
0.017567395122311043,1.7382688633329637e-05,0.03653510994598165,0.018800709578558252,0.053479405378537084,0.002719152782806132,0.01465283511487051,0.0022529320440916184,0.048409625061585464,0.09180891062550875,0.04193331942647751,0.041298564528926246,0.0006768194485313193,0.0031338210786832836,PER,2014,0
0.030198819926900374,1.4706205882965588e-06,0.062305809538228826,0.030460389017602896,0.09175336894757294,0.00461422511493538,0.01685093442036387,0.007822346758689239,0.08314999446483695,0.15750952620785955,0.07200393691541988,0.07105929543830805,0.0008847212136704502,0.005262471193025205,PER,2015,0
0.042554348315200476,0.0010564748183365341,0.08502700477109418,0.03361954434825178,0.12483355501528166,0.00628266358012803,0.02308993091852693,0.010517437056407172,0.1335584526410098,0.19738948859080763,0.09870553848493144,0.0969592549744743,2.794139984192794e-06,0.00623000080977592,PER,2016,0
0.03005922866215503,0.00012082515657131499,0.06271445223576076,0.030547434477537796,0.09177463774807515,0.004668775471819715,0.02298809753774611,0.004696196544944294,0.08618893223324779,0.15476804746264497,0.07223207862907847,0.07076461962369025,0.0016056132419305336,0.005546418637631583,PER,2017,0
0.02872005348609674,0.0001675853738403064,0.05803948936799249,0.01831170524013517,0.08407481151802881,0.00432730914758027,0.02304416080013168,0.003519722774046328,0.10809944772603543,0.11946283021029118,0.06749820450277308,0.06469315655033275,0.00017321684285099485,0.004614498694819454,PER,2018,0
0.031107952277365413,3.876424311779977e-05,0.0641713050037456,0.02507724191503716,0.09381345902164319,0.004770295963376063,0.018461366424020943,0.007250116212830519,0.10180108986750983,0.1469620357038273,0.07462806293787042,0.07227505424158105,0.0012546540733194575,0.005603949885316954,PER,2019,0
0.006415790964826772,0.03973152346768587,0.019741033602696842,0.02571508378853261,0.029318729040384746,0.0015173056997560498,0.0038341706848608495,0.0037127631011010576,0.005287196753894556,0.07913044572471856,0.022499676542201332,0.021495954182905824,0.05285823171378959,0.005774704778026749,PER,2020,1
0.08042675809549649,0.018383145703941135,0.151321408538439,0.038706706612527994,0.2197408156413991,0.011171384611141224,0.059089557151923225,0.00957208960045216,0.31552851755741473,0.2918147982927146,0.17609038003066727,0.17142985747496317,0.010335832138480083,0.007950710560498626,PER,2021,0
0.018637990138758793,8.610288326378051e-06,0.038005518129265524,0.010447589760393656,0.054468682868592314,0.002854342671615511,0.02073409721351534,0.0007719266502697576,0.0783257437842518,0.07191508347765561,0.04414686104063798,0.04162395531372064,0.0003408422521656773,0.0031792982119282754,PER,2022,0
0.008483688394808087,0.0010327130402159133,0.018513500440482538,0.007005339377419647,0.026469582003797076,0.001403735374243664,0.011908664088078868,0.00013110355992511884,0.032247787795097384,0.03869537296326805,0.021348502340580087,0.020001176914635845,0.00244576372596625,0.002054435503255801,PER,2023,0
0.008081936654688673,5.121037174680173e-06,0.01690504710369819,0.008266845047743708,0.02419268418999893,0.001276949146534113,0.015928207199946823,8.207292003200648e-05,0.025921615665716845,0.03811431374851829,0.01911786684544609,0.0185091900794375,0.00027476185862817734,0.0014304323115381802,PER,2024,0
0.0021358612588663964,0.0035100908567461298,0.0059617612453567795,0.02714976781355673,0.009637462631837438,0.00043504708153816406,0.0016737152175068672,0.0009123559432875204,0.003994633262170808,0.052928212491877055,0.0060917781234261885,0.007674492259278997,0.005281355539491376,0.0009696910100063584,PHL,1990,0
0.008395101260893422,0.0016057192006975625,0.01902617067452671,0.02377961779262027,0.029138733030179192,0.0013937228523633472,0.0018601009786996024,0.006016830588660155,0.005538019895328483,0.07878855783482158,0.021469947943269774,0.02279614424156841,0.0035031041922482784,0.002147633262779153,PHL,1991,0
0.009690040225661408,0.004455850124134281,0.0218532221449514,0.006718957547846773,0.03217911894953539,0.0016300219150430766,0.0007144406014057444,0.009652116119115433,0.03610717963999339,0.049282242386783554,0.02619244774059282,0.024338707917923395,0.007893894312634587,0.003094976421658086,PHL,1992,0
0.010796927877005142,0.0063121669936573865,0.02486726960495917,0.010832223366063012,0.03685021795455077,0.0018535286819078376,0.000932069333593874,0.010700522445437937,0.03246129513386989,0.06379122905472186,0.029529849971684913,0.027931966793196292,0.010742454616372597,0.003664345478420517,PHL,1993,0
0.011869074694031194,0.003294606900230362,0.026903727273052135,0.02359332901937221,0.04069389936685466,0.0019824958057522925,0.0018951592780606821,0.009676599098839115,0.01631781216900847,0.09346931692611632,0.030971721930016762,0.03148884509359278,0.006528960486730711,0.0033027554992107015,PHL,1994,0
0.02132666307611184,0.0023423697645411218,0.04582532999727191,0.02133640919411377,0.06897384796167366,0.0033587179875870904,0.00021690132956192344,0.027625574717793464,0.05466320941241244,0.1256154223934828,0.054390657064751116,0.053322212689721905,0.005979440105513143,0.00509171041398393,PHL,1995,0
0.03113277624079997,0.0007312365093977676,0.06571980992633855,0.0430514222139501,0.09963062727620284,0.004793190929794508,0.001581748651241247,0.03227676907583011,0.05751991096006201,0.2052136587868233,0.07664561658363961,0.0778523341052346,0.003522491897178146,0.006258632353755075,PHL,1996,0
0.018425899589290574,0.0006344155761472547,0.039893854497604096,0.05335407686617294,0.06277690177765556,0.0028576470118664133,2.7822408227105954e-05,0.03117922287346376,0.007240596159700172,0.1833303671256911,0.045483045065042554,0.05003376398810639,0.0026341193624975037,0.0037546599256612968,PHL,1997,0
0.0003157396289402275,2.981399384728402e-06,0.0011028634711922906,0.08452998818676193,0.00348507362998279,4.886167288482452e-05,0.01976609802409258,0.0288982225554407,0.12779474875283925,0.12039894864598273,0.0007106489259289605,0.003742486071565495,7.092533797815934e-05,3.271101509141662e-05,PHL,1998,0
0.012424785348936034,0.0018199329393500808,0.03864099826213225,1.1259805504273273,0.08108096322411232,0.0024400874760659576,0.0010338908942578355,0.028512537231669372,1.1072557746508855,1.523601337153621,0.028257354576180276,0.07562652702307454,0.005232458283358376,0.0023082390433569375,PHL,1999,1
0.0256469880633094,0.00011202665220631493,0.0654349012176622,0.9435294591230728,0.12277975799630714,0.004341965072560587,0.00653580463952246,0.02845028089947225,0.6401619915130164,1.4336421720600325,0.056307265552431,0.10930627062899764,0.00045594214015257534,0.0033435625578730815,PHL,2000,1
0.006930517545360727,8.116591969992283e-05,0.02070291274568587,0.6435549433253297,0.044964126342971124,0.0012678610812122668,0.0010266723102349534,0.03132449108201199,0.6645441720525762,0.8837759593844045,0.015138216806549958,0.04266888263142157,0.0008923434952013469,0.000954312924139792,PHL,2001,1
0.0018689846649667748,0.0008270360053780347,0.007109066825505966,0.415236504163308,0.01826323558131726,0.0003923316478969164,0.008964845339206802,0.032860337009995556,0.5342000052649094,0.5426791595802125,0.004316941923798601,0.018389161594703125,0.0019508133845923296,0.00038096218614121257,PHL,2002,0
0.005086339654968852,2.3063243044097884e-05,0.014709391759278961,0.4733825072212212,0.03289960393101853,0.0008763101712779909,0.006011465423127244,0.03890538969456595,0.5077187830563755,0.6630599075115936,0.010884865198770018,0.03161393686161279,0.0001566715479367059,0.000565769863385993,PHL,2003,0
0.0010622265917389854,6.801112644001945e-06,0.003969291954453484,0.3220992871349168,0.01151222799176301,0.00019653238193242917,0.014506145881116622,0.03441913377444633,0.45285870172810283,0.4167048388331672,0.0021110334288208187,0.012224711530340712,6.516914159301491e-05,7.789191391668139e-05,PHL,2004,0
0.000295726408201617,1.9519183760067012e-05,0.002282511766133229,0.5194641070495949,0.009134116694360126,8.779817689849642e-05,0.010541742005023318,0.026202362343580886,0.8288691027706878,0.6043184819310512,0.0004376435359476888,0.010832434633029393,0.0002011428081526916,6.5708196143601026e-06,PHL,2005,1
0.002098650231320182,0.002144196100576204,0.008296054946951452,0.4552999351742942,0.02074307374744917,0.00047010688008512904,0.006847769136307216,0.031170197108751133,0.5728457180881319,0.5937332950067322,0.005134012210292839,0.020586166671912876,0.0040624678554107875,0.0005842556569375011,PHL,2006,0
0.009270123913310708,1.6433838644092614e-05,0.024956843780348133,0.48903916785063284,0.050216230941169816,0.001588232465292701,0.0009936752871185215,0.03397476990391732,0.41677469396664923,0.7275672393095907,0.020696205958584842,0.045960999268177524,0.0006670405256180128,0.0013088346217783845,PHL,2007,0
0.0016984165723209837,0.0002446184709126995,0.00699013197586974,0.5363844428315271,0.018675358516986346,0.0003796415948800352,0.0017295765686892797,0.01797121325151929,0.7105380620537592,0.6602241073584892,0.003492039088621386,0.019315845087469363,0.0008854395456280367,0.00022648312154787393,PHL,2008,1
8.696745888348435e-06,0.0008640868890987114,0.00040583854481397025,0.43054361938046504,0.0035703526010441894,4.5894841247046055e-06,0.015012295074086794,0.024145742575737535,0.7772712527060651,0.4751103752881212,3.842471237618327e-05,0.004994940784372718,0.0014202253832398077,6.609477632617703e-10,PHL,2009,0
0.0028811757122034778,3.4640481683268196e-06,0.009477741204856217,0.4821628856340203,0.023296948826721998,0.0005349296181035222,0.004842577800459749,0.029036596181375482,0.5899573069211846,0.6318451714593744,0.00592445802028531,0.023334732925576335,0.0001637214414611248,0.0002846994875711297,PHL,2010,0
0.0037161425226070605,0.000103626917047775,0.011221864111098465,0.3752850252585538,0.02540514497386086,0.0006651215216723685,0.0069770430529602885,0.035141448234039974,0.41143570502874044,0.5262082756030445,0.008297123576342675,0.024412709920805426,0.0007051610254272697,0.0005408118469854372,PHL,2011,0
0.018560529484316912,0.00036365276525777545,0.043338143750915895,0.3878016235159722,0.07932822741356417,0.002873663539694357,0.002430004418047139,0.05736551608120164,0.19569102424625762,0.692372348486243,0.0417188972425273,0.06934460837873746,4.7034864909659894e-05,0.002377202139681087,PHL,2012,0
0.006682249793019772,0.0016729167681002579,0.01836588950760406,0.28539361747395064,0.03664098857958159,0.0011714342310197132,0.010304346112217982,0.05084212250956185,0.22850317132205736,0.46324466998827235,0.016613789149657655,0.032877773136800924,0.003949980017646357,0.0015530576458643616,PHL,2013,0
0.0012707191844144173,1.967056726218872e-05,0.00441701790411286,0.3000315328498571,0.012154535950039184,0.00022730333995353563,0.012799789396807145,0.032679833282183574,0.4063816675048203,0.3945610952522525,0.0025599895782728354,0.012667638854767002,4.050262877159363e-05,9.758217578380505e-05,PHL,2014,0
0.003931969060434069,4.1763342319976164e-05,0.010657744398646187,0.2783418277893807,0.023537775798179734,0.0006329203605241878,0.012689052347535585,0.043967309905384465,0.286795981273181,0.4162241475445689,0.008621079448474584,0.02238945476481564,7.096389605939188e-05,0.00044488713378709846,PHL,2015,0
0.0007566225003355029,9.339674659040933e-07,0.002671181708115778,0.20081192520889365,0.00795396598425583,0.00012698873374298507,0.023104580909200343,0.040639654430226976,0.28942193578708475,0.27326733518372576,0.0015950828977840269,0.008452602373346057,7.086221730622006e-05,6.423148471085151e-05,PHL,2016,0
2.1587319886254338e-05,5.228211927523078e-05,2.1879000555258945e-05,0.17081685742982858,0.0010410355562041895,2.456806359796416e-06,0.03240457995491005,0.03544507346998308,0.34832517576423816,0.19976514388246466,0.00010935730911033965,0.0017657410235661776,1.307822645844577e-05,4.48379219301749e-05,PHL,2017,0
0.00029161128662015735,8.439982766274714e-05,0.00024232832565248026,0.1167303267590484,2.994689539487755e-05,4.788199039636703e-05,0.041448777146250726,0.03659304589162276,0.28856667823243304,0.13016226240700804,0.0008452315832085568,0.0002935672481067683,6.536616700055199e-05,0.00013927310702676048,PHL,2018,0
0.0004064153521968288,1.307159234233133e-05,0.0011588540852042095,0.054391996120456705,0.003570098782191457,5.020033579235107e-05,0.04255151071699017,0.05306594156732539,0.0836061543990856,0.09241899470772605,0.0010329094808879573,0.0037307979248308015,0.00012264463580285954,5.886268566772676e-05,PHL,2019,0
0.007641226755120454,0.016517275984280825,0.020464007639529817,0.06107431208034799,0.0351904760151183,0.0014166130158575077,0.023968208853077256,0.07324270956482964,0.006447133785228937,0.17108328856933175,0.023593538927747747,0.028326504269824925,0.02469127842782886,0.003997029239342097,PHL,2020,1
0.06854609111909932,0.0007667994441619115,0.13425607235604603,0.02700679215137641,0.20257634395888455,0.009700149580169426,0.003405602426566373,0.13023033127133607,0.25350614685361217,0.2934121803533255,0.16370671660384437,0.15827320997165975,0.0002123868517647771,0.01079900402423413,PHL,2021,0
0.03292679025249645,0.0026513448496498383,0.06313159326297305,0.02959810041309177,0.09931126088125634,0.004437805760384794,0.015679658576084728,0.10892328227502182,0.06178291825064383,0.20019046562855228,0.07643193569710566,0.07964735291842516,0.0005587695860430145,0.00417554599345977,PHL,2022,0
0.009466016241818457,0.00037311041748657305,0.020207674798001042,0.10195915175566021,0.03712261735080113,0.0013102817906708421,0.030305856407970056,0.08517240047669132,0.03341614943080253,0.2416463021799261,0.021982292163881697,0.032167530059483355,7.397546858492897e-07,0.00120588268872295,PHL,2023,0
0.004180999164210956,0.00020307670801126876,0.01011399724759968,0.17537625351707892,0.021834373548755948,0.0005975060143075267,0.03320964447323182,0.0723969405117594,0.16368639640746244,0.30163009413403646,0.009396966684309378,0.020430605038506126,2.3405257150213358e-08,0.00044832360182765746,PHL,2024,0
0.0426421548987619,0.4440723215509472,0.1419318387424271,0.10269445005695718,0.20389562232878514,0.011170733829845342,0.03282963864787979,0.020757192508990215,0.11990523167401254,0.40946622927784593,0.1667362181050739,0.1439621582654121,0.5733730023355877,0.05280065846881908,POL,1990,1
0.0636434891283371,0.0014662076503358641,0.12060447055945683,0.0003604127448083798,0.17079350422782857,0.0089902205737898,0.006432359690081864,0.043386121202766845,0.5504171198603319,0.09935057205693196,0.15089798073979924,0.1290360422007258,1.639078941260246e-06,0.009782104944865734,POL,1991,0
0.01662565591620326,0.0011983431532348366,0.029368569562652797,0.015688871139313956,0.04005248093275712,0.0022054371745638367,2.2135498036972426e-07,0.018596174236544458,0.2680227077198896,0.0024734593373312735,0.03931830401514263,0.02951994628813408,0.0003045354703092076,0.002328175223104633,POL,1992,0
0.013292968438700562,0.00022295203271994904,0.023459235817481085,0.06515159909394301,0.029884564603969613,0.0018142173186550226,0.001522747903118537,0.023288625701231205,0.42432065679507963,0.008155392565168193,0.03447002517824367,0.020622796768671132,0.001118868857165258,0.0029493616545770464,POL,1993,0
0.013920841649095543,8.442488397195269e-05,0.028119602339856633,0.0027017107336256064,0.0407243999193197,0.0020900025754724805,0.002172653129227054,0.009055797150662057,0.07593397938882905,0.04413656409865914,0.03407741744292082,0.0310261288972054,0.0008509399068442814,0.0026673950475603557,POL,1994,0
0.0006582662601736809,0.00015774526173154186,0.0013507269058962354,0.00011399414678495766,0.0019010903145051377,0.00010162079052539442,2.2760938417590612e-05,0.001160521092615293,0.007698272261400194,0.0007271696228389694,0.0017659515425703395,0.0013950678460612218,0.0003160996369176424,0.00018817497017798235,POL,1995,0
0.0026904199468065115,6.283785012151781e-05,0.00522598230627251,0.0003186490346563716,0.007493873069277055,0.0003889856697417833,0.000895073375037421,0.0010057373136537569,0.01612923375183839,0.007137756112074648,0.006311979558806939,0.005723699468746479,8.331213030395196e-08,0.0004054298056622094,POL,1996,0
0.001767017141312092,6.179835365137924e-07,0.0036724517104309326,0.00190100741468375,0.005359590642042265,0.00027384263818673674,0.0017326679496209821,0.00014407059808626502,0.004926369521066841,0.009133755170282259,0.004202727938069338,0.0041357283926527965,5.8337360934838224e-05,0.0003109478175037687,POL,1997,0
0.0031608872472742226,0.0010789390931067947,0.005971435790282651,0.003481224373162533,0.008766818000846197,0.0004393732023667253,0.003844158981289821,5.341282809375545e-05,0.007550625760609654,0.01547443235547804,0.006719766959118236,0.006926156118400769,0.0007082167561942346,0.0002626159124940941,POL,1998,0
0.005448129249928848,0.00025058721093192116,0.010229697879128792,0.00015211914731169378,0.014192499478807193,0.0007710540022835854,0.002387888272211347,0.0013291498852051583,0.05297855075511595,0.006437843864785552,0.01271622734626208,0.01064025845100866,3.248310212955957e-05,0.0007818677437353965,POL,1999,0
0.008914243556940527,0.000102395956981924,0.018942813618633,0.012779152106377778,0.0277877483012188,0.0014128471541294228,0.009596305055052153,0.0005994139853679235,0.019802886038210434,0.05288137824307748,0.02147070896376883,0.021466809233307352,0.0006910559778928921,0.0017053533901991778,POL,2000,0
0.022913891142081966,0.0027897234585277353,0.04464677010649218,0.0217333925360269,0.06574549277142783,0.003286708345648416,0.016559614062817002,0.0033185801538882127,0.061832030566092544,0.11117950849810847,0.05117092772502875,0.05152118227455324,0.0010705616810278548,0.0026525716972577783,POL,2001,0
0.014063435015188938,1.6840744688072396e-07,0.029350044740749478,0.02008038719642738,0.04319080603459543,0.0021807420647648283,0.0141904894925194,0.0011063619330172944,0.030081921746107885,0.08301583680197418,0.03323448590570893,0.03353057806999658,0.0003543456466018043,0.0024033414109727274,POL,2002,0
0.0090708211205507,0.00018373351951811917,0.018545779444141184,0.013183040957766264,0.02729507971022261,0.0013752286028378409,0.010369677505889465,0.00039642602602174597,0.01859700585386107,0.05296340620820402,0.02088263812273919,0.021293439478781914,5.164555050055794e-07,0.0013310324559968828,POL,2003,0
0.0007948434717578045,0.0001691841464799565,0.0018442925164925583,0.003375907715058371,0.002853741226588051,0.00013489407550027323,0.00035074764826502987,0.0003813143820497497,0.0001063628858320269,0.009268607603831741,0.0020242050499560435,0.002249814873595965,0.00036000649443621296,0.00020493976175215163,POL,2004,0
0.004927311172355263,0.0021022797113852726,0.00917837701796071,0.006478335850060639,0.013841321210722603,0.0006631579200829311,0.0021684598980263575,0.0014344146598669221,0.0084878329458836,0.02806206780563694,0.010406051185769151,0.011090505715210178,0.001452759655609041,0.00036696390416848074,POL,2005,0
7.790401598673624e-06,0.0001780961226337248,1.3794425981453564e-05,0.0013873362603488632,3.7637370400553435e-05,6.818408543350062e-07,5.429364172889417e-05,5.903208479842229e-06,0.001766465125226171,0.0015455839689887834,4.133147451073706e-06,4.420835825366279e-05,0.00019061553250842228,4.088021688623943e-06,POL,2006,0
0.0004659165550361662,0.00014754782381205884,0.0009668774835723087,0.00032000645379886715,0.0012580895279815604,7.613050421015935e-05,0.0004727892782272872,1.7944572422265803e-05,0.008302737016026693,8.120806774881905e-05,0.0012485178878148266,0.0008835370139900428,0.00026718452398472134,0.0001423448969459691,POL,2007,0
0.0026153782996237275,0.0020190696239596588,0.0059171275332531486,9.442500199019431e-05,0.008355804055657338,0.0004509689257449962,0.0003929300843427193,0.001960526723115786,0.021020624800541038,0.006668396134520916,0.0073561605470485,0.0061176786281426886,0.0032454705774122372,0.0009853233482700911,POL,2008,0
0.011050372515383546,0.0007436115807084472,0.021366268338719102,0.0034456412771331517,0.030862891317513803,0.0015852944966007593,0.005787286994932867,0.002538233475913815,0.052364464793968925,0.03622869581597024,0.025290935595906495,0.023798212538149368,0.00016176517146027604,0.0014573918991636421,POL,2009,0
0.013988442819231409,7.04253275336312e-05,0.02843984782288092,0.004086153266685921,0.04110465112438749,0.0021198603305457187,0.004528636672288388,0.00591747180500856,0.0701967991532194,0.04786245546277107,0.034054896963490594,0.03133781064377974,0.0007974448982408715,0.002650088135636843,POL,2010,0
0.010355706800560539,1.9727443853951974e-05,0.020617955633454976,0.0024415105274173637,0.029749606454893694,0.0015344485235309782,0.0034688113967433908,0.004083878436673052,0.054241750801062805,0.03288503770208398,0.024721600885444363,0.022737041903128825,0.00013442709702400502,0.0017474426295872737,POL,2011,0
0.008968067471893925,1.4742441702330602e-05,0.017944407264989436,0.002721652296708957,0.025891021235334287,0.0013369768135416665,0.003914698156094114,0.0027737676065045427,0.044250517825068135,0.03015590578166497,0.021371424897893475,0.019802481571013237,0.00012272671478773028,0.0015137933879608852,POL,2012,0
0.006344557945639191,0.0006960355157429166,0.013500883179569562,0.00219174753134413,0.01937173521495007,0.0010160460444241723,0.003130023034812493,0.0019293015333591602,0.03249707733195216,0.022809463250090815,0.016114047946303653,0.014607049477399362,0.001716236366394099,0.0015314934052957736,POL,2013,0
0.012417748076522532,3.0997198758960846e-06,0.025081015813448158,0.003777182268346272,0.0361307282277296,0.0018723931319873555,0.005691644721423037,0.003699165574956253,0.06209589907198959,0.04187235050198355,0.029880357920353484,0.027563473068142438,0.00039318059201570076,0.0022226862779022734,POL,2014,0
0.01645989418886117,0.00047030119178672063,0.03228681475169724,0.005013190383888074,0.04656414311431343,0.002401397242737027,0.008480649651072031,0.003985176325871705,0.07994563370905788,0.05410319875060425,0.03829801269253631,0.03576607432401272,8.672070499577295e-06,0.002412738785500895,POL,2015,0
0.030995940249351497,5.582000633829524e-05,0.0631504474182379,0.012192684947809148,0.09112054641550235,0.004716825844576508,0.016337489708949354,0.007977065427488661,0.14377314851377998,0.112681659010672,0.07479431730049942,0.06956681278297136,0.0013272117927531437,0.005683477332219613,POL,2016,0
0.0426151862943044,0.000485192772317475,0.08468656756814306,0.016039892315650915,0.12247291064294247,0.006299506008003959,0.021568743969353765,0.010965614130949848,0.19441582167368315,0.15100139079230657,0.10019001293864492,0.09405039138790892,8.705003976644783e-05,0.006679996786712012,POL,2017,0
0.03631535733182752,0.0002616412214454953,0.07235553177720873,0.012559767808035067,0.10436952055029283,0.005391381533955718,0.019323851686660416,0.008744329550351376,0.17219250407895162,0.12497390624465185,0.08571701658428114,0.07997696561219605,0.00017035320299952424,0.005835130125671616,POL,2018,0
0.029791709454314908,0.0002556331941086387,0.05937706645708962,0.0109281122161245,0.0855715805442266,0.004427731246133906,0.017869625054248953,0.006012530947976588,0.13929706572963468,0.10351207418544427,0.07015073248867938,0.06558049167791347,0.00010642090208811544,0.004742358417678887,POL,2019,0
0.009909352293705586,0.005073466943832091,0.02259235954420228,0.005343884776136505,0.032216791244169915,0.0017204006017870754,0.008048760122980605,0.0016535077221275089,0.04785957679188225,0.04133394338061588,0.026721256022985418,0.02398152137609268,0.008683547117189331,0.0032587962565447585,POL,2020,0
0.04120394677339888,0.001056988848225395,0.08106575892915184,0.013669607843004548,0.1169350818394297,0.006031892852444954,0.022614136803248787,0.009214713300357294,0.19567637924437167,0.13860418749293418,0.09595305249927205,0.08982544361264773,7.373131417422625e-06,0.006093907581886376,POL,2021,0
0.03869445489467633,0.0039854605686999115,0.07366609035028092,0.00883363675162119,0.10643082270503557,0.005452082186872626,0.01583955009163866,0.011575643950197556,0.19604589840108858,0.11696850394331489,0.08780596054996301,0.08216834485211873,0.0013604886672355305,0.00475417262783391,POL,2022,0
0.03211169363219862,0.00042187935279262357,0.0661721224598939,0.011761443562399915,0.09502291274486625,0.004962397341924817,0.019620106960625647,0.006801572865782285,0.15679194404768693,0.11353536821381781,0.078427754972209,0.07220580636422318,0.0025991087125558578,0.006330909525140624,POL,2023,0
0.04722765915480742,0.00010165672085006824,0.09631856290892653,0.019006195264058525,0.13901029869655884,0.007194382899443925,0.025070002885206912,0.012077897734078469,0.21744626634097597,0.17298847591931737,0.11402509063440888,0.10613420376714432,0.002107612830340481,0.008692138447241619,POL,2024,0
0.005276506194571566,0.0007160286958411437,0.009850855654448362,0.0040771535969475635,0.015851806859868214,0.0006792188046389116,0.008072981671011434,0.028312485244691574,0.00929700219267335,0.03268027700035438,0.012188213834844799,0.012848449850698008,0.00024872059786794956,0.0006056923850477838,PRT,1990,0
0.033497755666084456,0.0014325520144637283,0.06494841606917416,0.01839107357426799,0.09856371003831747,0.0046746365982771034,0.000955094512868418,0.05895890462914015,0.1043324206501729,0.15708781458898352,0.07837628708249675,0.07755703434727763,9.621110700692022e-05,0.004685418385405972,PRT,1991,0
0.011724262021241204,0.0001339612005455089,0.02385200300425914,0.008928389941069828,0.037113957323718805,0.0016984521078749098,0.006183828481276172,0.04148323002939117,0.028015618928526206,0.06921277944144971,0.029208001674358882,0.029235472627683768,0.0010082795501016443,0.002286925460474372,PRT,1992,0
0.011792827753304612,0.0001235754251738019,0.02396892119998599,0.00912774293240698,0.0373686418589387,0.0017044592947448281,0.0068222121225875515,0.04316010482598404,0.027548314322908045,0.0703748593145435,0.029369419928767942,0.029465357559513895,0.000983214510215833,0.0022898165424665787,PRT,1993,0
0.01716855978195662,2.5280451404659236e-05,0.03498964936405987,0.01676736322344768,0.05380007621518041,0.0025148214597304898,0.001336447348177887,0.036902000423816916,0.03727599569123072,0.10381945419089784,0.04188396136807502,0.04233578507886803,0.0007962177451509173,0.0031068727396912866,PRT,1994,0
0.007096651935701626,1.913537353863989e-05,0.013968130295134348,0.0045558416235825525,0.021959759064590464,0.0009836314724113193,0.006669382266872055,0.030979133989173367,0.01712648669092001,0.04046353492093119,0.017282739172532677,0.017441801382208157,0.00010713277960858447,0.001181044320539113,PRT,1995,0
0.015028648970159608,6.912386498113156e-05,0.03018361963325653,0.014943208528406969,0.046283007768737526,0.0021703773038081486,0.0003634242212975803,0.027089156725166527,0.032229348328205246,0.08919124846618458,0.035904920625664354,0.03651224310970144,0.00014729258461284897,0.002430210419747046,PRT,1996,0
0.011568144164615697,0.0006249165878829503,0.022510938737490337,0.009248375779976453,0.03443090325793485,0.0016146295949905297,0.00025032347329571175,0.019975651727573866,0.02830941750598014,0.06201128132976456,0.02687320909943014,0.02725110971114288,7.482401864845282e-05,0.0015595651222204052,PRT,1997,0
0.009648959551838036,0.00018004187331882416,0.018995053266578462,0.0066752584931605565,0.028980382250327057,0.0013655932836233182,0.000425592894755614,0.018291478800796568,0.026377198577115655,0.04979484798399774,0.02284706323304017,0.022823245530742987,5.4034711223645554e-06,0.0014568029790184478,PRT,1998,0
0.009889378521999084,0.01496375637657391,0.023890926196776217,0.0036372382164747952,0.03482084864001002,0.0018019619353369695,7.04229599631942e-06,0.015667539236456064,0.052062286557606155,0.04436603257912265,0.029438648477556287,0.025721656433857765,0.022310591381865308,0.00466988075993644,PRT,1999,0
0.01300589313191135,0.0004045830715203358,0.025306954558776018,0.004766594363452644,0.03756766705328625,0.0018466375318194773,0.00027195371675038893,0.01376206327819864,0.05271470884464421,0.05059727323873039,0.030493726733636553,0.02922307703858261,7.979989350883607e-06,0.00189185349391325,PRT,2000,0
0.008713432951185474,8.721795083163028e-05,0.017942642740973742,0.00623356157602512,0.026818863911119633,0.0013138047227839456,0.00025666813315778584,0.00947056245380516,0.027182101622743354,0.04358130265391076,0.02137053783980981,0.02078946823199723,0.0006668690123041903,0.0016831594686182204,PRT,2001,0
0.015385309294497922,0.0006911057366013161,0.032027085787551354,0.006429402558085649,0.04694613360968291,0.0023735154068754466,0.0016547477829952043,0.012288689449208003,0.06674027635296186,0.06242917523572725,0.038483802274856316,0.03588118719750093,0.0023995141195360765,0.003330704403099896,PRT,2002,0
0.00574806810508122,0.002540427557944036,0.012878818779270097,0.0034248550988053164,0.01899837344428736,0.0009584128568722183,0.00014386002705748423,0.006936732484231423,0.02260289127600628,0.028149543161906113,0.015543134627752654,0.014374822408836464,0.004540773726777136,0.0018210498388132636,PRT,2003,0
0.013331877555391291,0.00033813444388108865,0.02740057569409987,0.004403108572880941,0.04015248973766722,0.0020271449562264,0.000940647051033231,0.01184666332028111,0.061724214415295804,0.050599309309925816,0.033110950581268214,0.030709603557463366,0.0015216583276596077,0.002753584039723234,PRT,2004,0
0.012639012283704485,0.00020170430580762296,0.026013224340760244,0.006344684635408379,0.038387059140146756,0.0019183429971793696,0.0010270624894169443,0.010939270456066897,0.049266809384949074,0.054576748054420435,0.031142444079356325,0.02952617318266582,0.00116007353454686,0.0025165321712048686,PRT,2005,0
0.02084180697628023,2.939069649246156e-06,0.04222167615949191,0.01277374315432643,0.06224733326486878,0.0031126536717883493,0.004285335485384445,0.012244759501629763,0.07385190331710557,0.09284823099590775,0.049929386123340774,0.04812650931268442,0.00048115344280315347,0.003596684455914535,PRT,2006,0
0.026523226292941144,3.463860932319e-06,0.0536443945209957,0.014925427730709569,0.07897241997843589,0.003956703860521255,0.00526994513964219,0.01579089861474057,0.09813180796517229,0.11461732882507247,0.06358271860523966,0.060995203358421964,0.0006148144455902409,0.004585244445296273,PRT,2007,0
0.03128029466365917,0.0001777976446890141,0.06404279740823056,0.01623523301488505,0.09405939436455596,0.004735430276657469,0.005735642388196603,0.019692338952628976,0.12232161704606061,0.1326562582579231,0.07619673833795702,0.07234092396029021,0.001898669327120078,0.005916561583273228,PRT,2008,0
0.021517034182725513,0.0009684397164485168,0.04584515960676654,0.02440301730408584,0.06805411927378587,0.0033900327439872037,0.006637093328204192,0.010810202501315164,0.05407722693321827,0.12380975564728856,0.05331099891850275,0.05255984308421408,0.003375855606965024,0.0045874322357044245,PRT,2009,0
0.041217089614713695,0.00047092700426641567,0.08205352456370514,0.02260351266981863,0.12092441319265995,0.006037645392189006,0.008241886321621828,0.023901004811866987,0.15122515269305878,0.17497749771531326,0.09715701826741706,0.09372832464816785,9.741040876649875e-05,0.0064345672619447805,PRT,2010,0
0.013167664460368463,0.00027440498452360355,0.027831211429182864,0.01966400430708444,0.04224391428255803,0.0020292508478970068,0.0008680352441378542,0.012937243492303904,0.02238474496126682,0.08954801796006205,0.03232939898130875,0.03305392353542307,0.001405926089177948,0.0026195946393434443,PRT,2011,0
0.0031120575382041675,0.0004067021143554494,0.0067065954705648155,0.003793368835837702,0.010323604908403016,0.0004848353379465256,0.00031294464488127154,0.0073480714456200845,0.0059727301103506035,0.021236506225087434,0.008020618797396038,0.008055614172706616,0.0010009396633669728,0.0007617037846872784,PRT,2012,0
0.002469251874909256,0.00015347705142785824,0.005051758608995327,0.0006827856166489441,0.007710547948382517,0.00036349917153942886,0.0014533406130294755,0.008999016355317137,0.01007457452970464,0.010852627041488155,0.0063387495738227275,0.005974234036112156,0.0004900132501728197,0.0005581550310165736,PRT,2013,0
0.010109648094430773,2.3418655251355843e-06,0.020096223704286587,0.0031660624106485363,0.02988580723067566,0.0014673194134635743,3.268751684170984e-06,0.014337857848648045,0.04349350098776723,0.039226241703142394,0.024473447576421416,0.023124033024935906,0.00023144561395958032,0.0017574953934881715,PRT,2014,0
0.01394972053178342,0.0008057073131926367,0.026825761277986186,0.004391487882263505,0.039673329166247225,0.001959066838031565,0.0005518006492093283,0.013119803449608024,0.05967302600611435,0.050979631239618295,0.03232428900961649,0.030865271278106954,0.00012596717936470922,0.0018870509700925028,PRT,2015,0
0.01485711695058442,5.14265971861904e-05,0.029321463747415254,0.0034787806502532895,0.04304109048954294,0.0021561057320555583,0.0005822365742562473,0.014303911701624223,0.07244545396795592,0.05079873993679425,0.0355998419622772,0.03314414336913109,0.00015232415801167762,0.00247154586843724,PRT,2016,0
0.012972087550587865,0.0001454843763599524,0.025360332014717865,0.0027194090033097734,0.03725543119858807,0.0018616124477685376,0.00035964139561857204,0.013097133307640058,0.06423489496270439,0.0431703026341412,0.030852460630260977,0.02873426350301643,3.283941747780014e-05,0.0020535512417890803,PRT,2017,0
0.011434991153826216,1.012198719217023e-06,0.02283259782383574,0.0026269043371394954,0.033393283435629,0.0016849235879669905,0.0007051301663416925,0.010100533801024077,0.05735409979056009,0.03876089123560911,0.0277102999945755,0.025615555468197448,0.0003491501851435397,0.0020430062162826333,PRT,2018,0
0.00826840989276393,3.374099812321932e-05,0.01623857782337658,0.0013398442211315573,0.023739121176267503,0.001195764517389007,0.00029874436936904483,0.007987901729788196,0.04417289650392098,0.025823953884778355,0.019820109516100012,0.018233798108153024,7.498872629238461e-05,0.0013725570798293158,PRT,2019,0
0.0009958918062534143,0.012535716237973836,0.001052722648529497,0.0002229990143396721,0.0014898176160217335,7.340495408724307e-05,0.004523688544914979,0.0012447003036851903,0.0034554862042653974,0.0013806265720032829,0.0010879021112636578,0.001325392035841714,0.013653827058593289,0.00012355692923399225,PRT,2020,0
0.01342996525425632,0.0005166474637875254,0.025745879529642822,0.0025286618748263726,0.0382052684753146,0.0018731909284751107,3.537183051919157e-05,0.01928822628772874,0.06449184158153969,0.04507901900593621,0.03155867499006894,0.02966970251140752,2.788896839863311e-05,0.0019257296271156942,PRT,2021,0
0.02058907396704381,0.0044951070101386026,0.037937015572647906,0.00447119604880149,0.05607219255838257,0.0027565672494578243,0.0007054042834812305,0.01886244024514474,0.09425524264709198,0.0665285732765423,0.045856015951674024,0.04390988638270389,0.00240487862151402,0.002098546576400598,PRT,2022,0
0.001541356171283734,3.666117511508422e-06,0.00303770463402483,2.643500838845867e-05,0.004385531104932368,0.00022502833703900472,1.1673981958516976e-05,0.0017681461623123495,0.010972357767549774,0.003558678912162745,0.0037896065182224984,0.0033263322515518744,7.215473292905766e-05,0.0002905920323587943,PRT,2023,0
2.1955490994279442e-06,0.0001755432195038023,2.544401365974684e-06,0.0005091241361951139,5.089100477345948e-06,1.6802424157439157e-07,0.000580994077128481,0.0004178597587592073,0.0005330016595293739,0.00037854662586783006,3.3088377502388567e-09,6.97077857001021e-06,0.00020154363701731115,6.0284559590190675e-06,PRT,2024,0
0.040014782770526884,0.04319762130133442,0.09806776620090787,0.0700763853472198,0.14418128516152448,0.007408221198788011,0.024241132869549258,0.013853878587333113,0.08716357458665502,0.2902231688191726,0.11314649612486279,0.1084849764583624,0.06687296503343815,0.016346365256727932,ROU,1990,1
0.07293189141738443,0.09113080771916272,0.17683217905186796,0.053012888362828914,0.2548038291886543,0.01346637067802598,0.03164330256318034,0.03336024240811626,0.3158684588603581,0.3667802244658738,0.21054134498315885,0.18851738290399267,0.1380494344391168,0.0317866146920179,ROU,1991,1
0.052644975685349725,0.16050230159751921,0.14382288821912137,0.11405062722897308,0.20966010212126596,0.011038411003867698,0.043656199937474945,0.015075614814926527,0.11291107397166976,0.43720414850946054,0.1658711471737777,0.154395536646125,0.22330076481772987,0.032980059069427865,ROU,1992,1
0.014929154483786247,0.04388318040809187,0.04039972981016812,0.028904001529654298,0.05898479138612046,0.003093284509505519,0.009113184481156066,0.006263247132157953,0.03519476046681223,0.11880032241999874,0.046944471873609145,0.04345889849223503,0.06127475837760412,0.009209090014066865,ROU,1993,0
0.0005802241288827196,0.006450019012341879,0.0004942795041681662,0.0035581846508596126,0.0006390698671949315,3.386925319404738e-05,9.761729707895089e-05,0.0006738673886538623,0.015811774168008514,0.0010418956090248097,0.000753782042570188,0.000524566817600666,0.006979137287012202,4.5346992192967e-05,ROU,1994,0
0.0056045496866755536,0.006061181508732673,0.012787378220440413,0.00010878860120214849,0.017758127191144737,0.0009828783014056018,0.0005448892699371175,0.004837215277516186,0.06041430299473623,0.00931796916357477,0.016269369712038528,0.012783495324945484,0.00928540230462291,0.002379414701481934,ROU,1995,0
0.019315639447127907,0.0025138630871046263,0.04023764704051788,0.0006529563555611351,0.05753206128317075,0.0030178444880156123,0.0013289765769433752,0.016989749171984387,0.14121143900990477,0.047510241957063416,0.04993563979174669,0.04304258922970371,0.005916095785240822,0.004856199286704334,ROU,1996,0
0.003983846853350299,0.00946123636920125,0.005827279519230645,7.366253923250965e-05,0.008658393889082832,0.00040818297655884864,0.00021795961204859498,0.0059001814887886354,0.02696365150021888,0.005432938248074428,0.0073400375770762165,0.007030791081038542,0.009047332940210298,3.308425046536434e-05,ROU,1997,0
0.025957145060762906,0.0015461280073702868,0.05358218095815639,0.0035020041580956845,0.07737685002258865,0.0039960929083659,0.002468263020937413,0.020874930659360295,0.1556949086591331,0.07827154844229132,0.0655625713011193,0.05849840364517246,0.004750485890885164,0.005844904987285754,ROU,1998,0
0.02191295724219417,0.0004043406659695192,0.04227869157389979,0.0012770571548047236,0.06100301456431906,0.003129267522177333,0.0020350846723603687,0.016192161847637828,0.14018525795454434,0.054409435378610024,0.0518797180949772,0.046621250572704095,4.794212801692068e-06,0.0033840414303343636,ROU,1999,0
0.003561961335052965,0.0005421363823040863,0.006380305853460596,0.000242615615237462,0.009141345835442067,0.0004683395154312944,2.7210417140241564e-05,0.004882869831984796,0.03305220907716158,0.004420852876621794,0.008169645824594495,0.006981600787437903,0.0002426243172980534,0.0004169515835111268,ROU,2000,0
0.009456046519443912,0.005121335806634286,0.016202497254714822,1.1231384851577993e-06,0.02364949203525642,0.0011722758913542196,1.0754021105997935e-06,0.011178811088315194,0.06553981077999388,0.017147554059602794,0.020242790797172453,0.01850122137113294,0.0038099171240703663,0.0006626342520530328,ROU,2001,0
0.006343248853332887,0.002231064964095067,0.013455480059953027,4.7902339557068216e-05,0.019191021291795514,0.0010102099849964505,6.691613127202138e-05,0.010396764000752892,0.05827774916626725,0.012081408078292501,0.017214896472364006,0.014182949342489518,0.004130764579568526,0.0019498953577745562,ROU,2002,0
0.006273698903324201,0.0017878050329006882,0.01286467205939092,0.0023556384128431166,0.017814616530657034,0.0009759932334428944,4.722222642768308e-05,0.009438507664650106,0.08616899705212103,0.004388736930429183,0.016973527037461227,0.012924192960438001,0.003421617511930623,0.0018687571170763093,ROU,2003,0
0.03668373797545919,0.001706934961412859,0.07549468484683837,0.005696396954493356,0.10916959616509932,0.005624967224566907,0.0037813769958396993,0.028682955202166547,0.21319281164361426,0.11349319956592015,0.09215039122939872,0.08268797281964947,0.005785474198297719,0.008039341167671648,ROU,2004,0
0.04286040147295483,0.001123604820970728,0.08755354989199238,0.008501918883071771,0.12752132855183135,0.00649140164980672,0.0025042022425818262,0.03924067758016405,0.2298281833765932,0.14214301037566401,0.10673070305039858,0.09711476779963538,0.004953595992134232,0.008916490568029439,ROU,2005,0
0.02579998219402734,0.00012597498795549912,0.05054918189671243,0.004024256545868244,0.0740807871577545,0.0037151415683607057,0.00042081327548412566,0.027903769402408032,0.13730932145411662,0.08087203644475961,0.06185054235330515,0.05696424968600708,0.0002057132257578021,0.004258002005106927,ROU,2006,0
0.011677123006597205,0.005254042317891093,0.025609844038753354,0.0010461694917616733,0.036915195889480334,0.0019226009468980897,0.0001473902546572826,0.01442388504161248,0.07833137044903873,0.03537891827983437,0.03182965017982184,0.027484142988741755,0.009293110329745611,0.003767406460742136,ROU,2007,0
0.002361541692856925,9.983346774473913e-05,0.004323036829424367,0.00017423750428611058,0.006325132715121295,0.0003137680447820259,0.000895508248023389,0.00664923790250615,0.0211167922673127,0.0034955211589221755,0.005649459873053794,0.00483996641512122,7.309907502818225e-06,0.0003461217021670716,ROU,2008,0
0.004428853989270106,0.007193942138010783,0.007400940620779108,0.003646946266578543,0.010825659536780427,0.0005379994175304343,0.007137095105609124,3.853952309089636e-05,0.011542916197285744,0.017309977118780875,0.008226823257197943,0.008753994345139625,0.0066441054972989225,8.58219378509762e-05,ROU,2009,0
1.2312225893599106e-05,0.006751980515448153,0.0001755018456285165,0.00011544577115858246,0.00027083229091569267,1.4025226394355469e-05,0.003299337743199769,0.004072950067068833,0.0008899504276685119,0.0001372793338545506,0.0003098836752148852,0.00015319156222687408,0.008135113957172667,0.0003799183012912843,ROU,2010,0
0.01135121051888858,0.0001627371320196923,0.022931903636929395,0.00195152163152591,0.03362917927828058,0.0016903258283155894,4.711486170752033e-05,0.014146842588153482,0.06054778453238211,0.03754805807293205,0.02815438798012948,0.025708273607574716,0.000992871562354105,0.0022717571483140135,ROU,2011,0
0.0018055991002608788,5.45246763827076e-05,0.0036228726869271285,0.0001177310657506945,0.00537583600903236,0.00026442643030552337,0.00032085056422000787,0.004412871111416633,0.010640297527476868,0.005534187616471579,0.004566741681845976,0.0041135617410036265,0.00023141107440404849,0.00038349937949355505,ROU,2012,0
0.00023691120609379516,0.0033651572351672356,0.0002664418944303664,0.0012635838106469074,0.0004436261629546096,1.713268510719458e-05,0.0006953400851922018,9.390155959014246e-05,0.00010420263398329012,0.0022844516986831073,0.00023699705077943206,0.00042692281531679855,0.0036480697493538796,4.072947266444165e-05,ROU,2013,0
0.0005100472862267831,0.0005054087645860945,0.0010938815757726755,0.0006161700923653856,0.001486007334986984,8.401443505854564e-05,8.545817883545532e-05,0.0012020429119210003,0.009753260649126504,9.909086501866161e-05,0.001504684109501924,0.0010455087983850294,0.0007826051278590837,0.00021571503921735268,ROU,2014,0
0.00039207092389926716,0.00026179200949915494,0.0007774209142225462,0.002666047982229601,0.0012135463123576602,5.598629680746369e-05,0.0011819200633092497,5.654255658964713e-05,6.337127236375839e-05,0.005259540144712482,0.000769377081349899,0.0010070346995156526,0.00020341453266170463,1.9754472277520437e-05,ROU,2015,0
0.004231935731966118,0.0014147437405332515,0.00914708649924839,0.00014731218726394922,0.01294460138198199,0.0006930884497108546,0.0007822961144144714,0.0027117315754006553,0.032769516314738546,0.010288660523656313,0.01131902014624083,0.009575052113459442,0.0026252694189982935,0.0012731012264776218,ROU,2016,0
0.02462364792274905,0.00024269396684381252,0.0482779067632399,0.0038845287510435303,0.06976357148227713,0.003580992050264561,0.005086314501405862,0.013240306175195877,0.1378027423378556,0.07200400488495387,0.05840005642542918,0.05339164781224405,7.220662129529895e-05,0.003930403814435352,ROU,2017,0
0.023755187731401704,5.612076652815211e-07,0.0473455892223567,0.004005476309828803,0.06828748772489032,0.003522488421059298,0.005462637403491236,0.012276712757900935,0.13388085547661738,0.07087940158864504,0.057255509294372016,0.052061943078726254,0.0005812196613803107,0.004188648224873145,ROU,2018,0
0.004938365123022874,0.0001476870189178278,0.009992851866867212,0.0001439106914929769,0.01425789866689449,0.0007481633985814402,0.0006294433162066266,0.0034247939222592314,0.03599166062289703,0.011426019464464475,0.012344731240984763,0.010722005670451189,0.0006002879056090745,0.0010477000215255235,ROU,2019,0
0.0015940739500199042,0.011989987774221974,0.0019982869574198627,0.001365717847808967,0.003106136499002036,0.0001346470908105348,0.0009034592645685863,0.00011075469761081072,0.002154559983301178,0.006138420669198961,0.002176079452897815,0.0027412281947815473,0.012604155454341797,5.1363128823804545e-05,ROU,2020,0
0.0013223624824069235,0.0003761864332485917,0.0027753609773797784,9.700086177006709e-05,0.003842104944824596,0.00021173627460688646,0.00017251947281771678,0.0009138567260070064,0.014876522920813574,0.0016062022054136934,0.0035359036478866354,0.0028009244720063197,0.0007166413208425269,0.00038916322046294156,ROU,2021,0
0.00017523472185953024,0.0007445135871859989,0.00020780671590714059,0.0007880059271151228,0.0002611342787368808,1.5380056303247622e-05,1.8522762612460543e-05,4.820713692733899e-05,0.0047167558604959735,0.00017587822096546207,0.0002964499971845467,0.00019748832582429236,0.0007669715627275301,7.383972870169279e-09,ROU,2022,0
0.0004916969435379963,0.0007654002262648519,0.0008254831518679266,0.0008178258003501937,0.0013029235116348054,5.725768776286272e-05,9.246482608388353e-06,0.00048001470627312333,0.00038672825509423466,0.003265586881311798,0.0009324416840290486,0.0010874131912128394,0.0006863140500677658,1.006361104605954e-05,ROU,2023,0
3.093664351593453e-06,0.002093996724365958,5.301613451521559e-05,0.00025059321266836487,4.764636377126178e-05,5.5698301256020205e-06,0.00015026800676748106,4.2501524503207e-05,0.00145138615274884,0.00014215630340393143,8.157889716851103e-05,1.638257948794581e-05,0.0024679768283904606,0.00011681174777165966,ROU,2024,0
0.08733965783018334,2.842723472866235,0.38807424614626207,0.2241719869407684,0.5460266958284334,0.03155726353373167,0.050847223347681526,0.09071716675843326,0.39581378709523685,1.0022248011564439,0.46916223649437616,0.363351838826296,3.5287814968370155,0.2380789980967342,RUS,1990,1
0.18876995841953978,2.7289552253737455,0.6815105920617092,0.7038184498108883,0.9963939144896097,0.05349592485940781,0.07346710810678277,0.1915415117662011,0.29787441989832775,2.4217310397499054,0.7974071565759394,0.7035359281751672,3.4841557650457946,0.28789124893489415,RUS,1991,1
0.20626548940366468,2.4475171306118653,0.7005506049995902,0.5188732531679365,1.0278307028646905,0.054505372200118155,0.01057659072101864,0.36197544521310293,0.4919391642561878,2.208898240177313,0.837714329612035,0.7294116326291431,3.1529711360922574,0.27774851735403705,RUS,1992,1
0.09161863436309299,2.6788739510289186,0.385099038518153,0.0946489068979653,0.536366016860397,0.031288100287469554,0.01729106949363585,0.14594032809911103,0.6968437504649225,0.7314166288003695,0.4794549806292337,0.3544030829919911,3.333719086851476,0.23201607749857697,RUS,1993,1
0.2369292922071262,0.1454349322737639,0.5391786275151227,0.08819645139669453,0.7768773061738075,0.04074011029170913,0.05311573169658925,0.15341357916901888,1.2372493146352115,0.9482098747835236,0.6515777672245873,0.5786894259008128,0.2431891189207159,0.08237628064010184,RUS,1994,1
0.12734956757442062,0.05462141148982295,0.285665006892003,0.06652933176703243,0.4148099230871779,0.02146913170250655,0.0289182626853843,0.08111591927247441,0.567541832110921,0.5634687132732691,0.34229318396550246,0.31169375436658603,0.09739279725924194,0.04005032146465162,RUS,1995,1
0.12940649316721858,0.0064786534257609595,0.25156049672020725,0.05512549908250166,0.37018344110662565,0.018467980620392316,0.022504390822191526,0.0775154625245945,0.5166185213921711,0.5003080843943011,0.29924450127007707,0.2875896774233252,0.0007978364763755019,0.01775897558268573,RUS,1996,1
0.04848560943207982,0.00569296969601829,0.09295045965652673,0.03085376792086156,0.13874198418855221,0.006759719127624732,0.005236582883502225,0.035478927347457834,0.15101921014740285,0.21788488838818873,0.10966658439798949,0.10904740713980057,0.0020475318191993937,0.005721807430215479,RUS,1997,0
0.03849693137714507,0.0011371185661485682,0.0717807602017433,0.0023959514376871312,0.10181293237784612,0.00532732376716665,0.0001812553315471658,0.0420327049490329,0.37266889281436555,0.047957001033575274,0.09156005185549815,0.07684104969039116,2.5445682859858032e-05,0.005835222112808363,RUS,1998,0
0.032689318969457516,0.09478083326935662,0.0840652960117645,0.00711397559261391,0.12079586538929993,0.006427217324051649,4.031320632343178e-05,0.053744033392183956,0.21786908195450316,0.13276221878337294,0.10491530411023603,0.08735170630753139,0.13253706837126217,0.02045452255053036,RUS,1999,0
0.05180113143932368,0.0007221474308092818,0.10696893877247775,0.03718191423577192,0.15989892522852123,0.007834427634015236,0.0013933522586118455,0.05724900324625443,0.16169105851963395,0.26011319300759833,0.12746162442755077,0.1238835265600948,0.0045473044871708985,0.010185315111399217,RUS,2000,1
0.056566784638634765,0.0014126172287545061,0.11153894198212834,0.034718482570203824,0.1664177038496376,0.008136381646108469,0.003354371577799176,0.05100272546831636,0.18451100109483315,0.2583548978474897,0.13250142813264854,0.129925270349056,1.138693716634853e-06,0.008334680010387138,RUS,2001,0
0.01398150080844981,0.0016200744236200576,0.026334937447411017,0.0045500690327084856,0.03953361945836556,0.0019003443302794186,8.505821960970981e-05,0.02080011076165346,0.05462119943059362,0.05390241677148806,0.031964551262305387,0.031051551014561207,0.0005633698845379116,0.0016761556086275949,RUS,2002,0
0.005373583962337634,0.0015840108606403845,0.00994422903074591,0.0065420354108460905,0.015867016023158514,0.0006905979045456174,0.0025503237759642522,0.017518118518656662,0.006636334790936777,0.03635399685289789,0.011871670335508015,0.012930860984343222,0.0009042018773210115,0.00047889505150208137,RUS,2003,0
0.0023068990213787463,0.0013051115654036552,0.004182586691611789,0.005170367126792004,0.006938694614580475,0.0002830259098682298,0.0022064771336854604,0.010001486141099636,0.0005603554232054195,0.021276622068131,0.004898112191563864,0.00580299328838635,0.0009191739073357875,0.00014437787611992975,RUS,2004,0
0.0002718083284911671,0.0014698723519686924,0.0003723930782964904,0.002076247692864991,0.0008171485131276987,1.9638175712225153e-05,0.005232906726152325,0.007362505315642197,0.0013273678090512196,0.006307978703908645,0.0004397879313615756,0.0007983363391790872,0.0014302758827319404,2.6447147582535676e-06,RUS,2005,0
0.002063778722717089,0.0013154289425280684,0.004897795405073379,0.0014014738326672096,0.006565251838361251,0.0003891262294919416,0.012577604768318502,0.0022253237772308456,0.01213972083643415,0.007081302020522086,0.0054977153728184135,0.004750064841480251,0.0021093224374672996,0.0007164981287487406,RUS,2006,0
0.006111885161894131,0.0015692672835099619,0.014174357477054039,0.016171540286703003,0.02075529514876319,0.0010709561518708667,0.013058510844385106,3.3463084742611957e-05,0.0074913659536967134,0.048938078798506764,0.015577302865335074,0.01590184836557336,0.0030885720477245686,0.0016548894817353603,RUS,2007,0
0.005123223511006836,3.522304848879714e-05,0.010883809858904622,0.016949747326402382,0.017654268336851606,0.0007628458779487895,0.001678081942370053,0.016532532867381457,0.0005947343325581625,0.05794160780221103,0.012511093940745515,0.014298083322053482,0.00038183911279884175,0.0009414699042654973,RUS,2008,0
0.0010794341390786503,0.005024092417490651,0.002909809024028313,0.0006987113458204571,0.0035148758604095095,0.0002451343238139908,0.00725241689376681,0.00140718955702074,0.025580860311823887,9.058670478026318e-05,0.003632867346079841,0.002266000542007555,0.006592621415305695,0.0008696361576857067,RUS,2009,1
0.0019023051948456428,0.0009538002042355822,0.004338367070776265,0.00011994162862649046,0.005646642255099311,0.00034785709739639854,0.011132850242772824,0.0020447582442299876,0.018770928332651947,0.0030684467234214333,0.005033893416310145,0.004010909417300875,0.0015722919441223304,0.0006273262244528101,RUS,2010,0
0.005992637310864027,0.0005964185263775803,0.011334580224978963,0.0032000443755644224,0.017526073098581042,0.0008033792787349495,0.0018083125262273912,0.016734134154012086,0.01681639917180793,0.029419348961031686,0.013841529623613506,0.013941575123986902,0.0001686316725132743,0.0007375773467130459,RUS,2011,0
0.0017932317733090623,3.425740912398797e-05,0.003492079863692099,0.0019493298725787853,0.0056939281090023774,0.000240000387044944,0.0038954089694618168,0.011818627969186727,0.0022307819268203672,0.013257500595880664,0.004322895474784751,0.004611726720941198,2.3464802649941925e-06,0.000269604096645348,RUS,2012,0
0.0008655650779583377,0.0008822232617653849,0.001416346992093196,0.0006696160399074721,0.0024518536569042852,9.121624955990605e-05,0.005171750277210237,0.009924548038117759,0.0007571260043247336,0.006103736569823902,0.0018140435579730213,0.0020860534621843906,0.0007019529756707301,3.483835761262638e-05,RUS,2013,0
0.0026440325587503634,0.00016162653035613453,0.0050795997918905355,0.0027175030261020285,0.008167028778822855,0.0003519802140346711,0.0033515553930535654,0.013172022823418174,0.0038170313887912343,0.018095343405121044,0.006217808933399883,0.00660137860805988,1.9459479425687607e-05,0.0003502111951001666,RUS,2014,0
0.0017004252573441167,0.00018200802519308278,0.003548044404622055,0.0012261352210199182,0.005615801456493321,0.0002502989892995884,0.002717172138624964,0.009787990980029753,0.003890072387608318,0.010832942989893408,0.004439313052869902,0.004421218326369929,0.0004910498820111709,0.00040867452995369414,RUS,2015,0
0.00017974674302717518,0.00019631494189019283,0.00036172699885591935,0.0009594240513626887,0.0004645379730532917,2.940283640422145e-05,0.006000699004294059,0.003143924192251156,0.00010847406990636126,0.0012111059153223221,0.00031340569369066323,0.0003592474289495141,0.00018344636205034517,5.403586881477135e-06,RUS,2016,0
0.00044892997932426327,0.0009074082078451175,0.0012260364778807523,0.0009881419294759473,0.001587850246820982,0.00010109443172923619,0.007419375173381916,0.0026502180380339646,0.0018595886493606507,0.0023431025121952932,0.001281523255845861,0.0011194120779731455,0.0012613875045603012,0.00023132543862485993,RUS,2017,0
0.00026175046873394,9.706244281416645e-05,0.0006609220398778866,0.0008869995207486128,0.0008256080222686793,5.542998175962023e-05,0.008072863063828187,0.0039042719818142466,0.0007587372380592577,0.001388750728084236,0.0006329426254453663,0.0005900458036962683,0.00016027265517574866,7.544216975949494e-05,RUS,2018,0
0.006350725886259809,2.8265218120292096e-05,0.013100615263461651,0.005814052938132074,0.01854998115216093,0.000994420069684812,0.016401153286822966,0.0005766490649243186,0.02254588072391022,0.027228774921475036,0.014738427215141866,0.014164506250221818,4.297577834627735e-05,0.0010210724841086475,RUS,2019,0
0.008368840341798842,0.0036495093627452384,0.019345719847996653,0.010716053393757028,0.027861945864655825,0.0014707068487711764,0.011748752655159575,0.00022830779837947987,0.02497554073225861,0.047798712982479966,0.022140586115157967,0.02097016314786876,0.006429284332948635,0.002605760403531764,RUS,2020,0
0.0065374078869247345,0.00018199828150728005,0.013171036621958256,0.004819661983560005,0.018722853705384308,0.0009941138801099157,0.013311471383766302,0.00014413637029847085,0.02492586161222483,0.02602002896013213,0.014967211057293438,0.014351466185843873,4.189014547256838e-06,0.0009448774272055101,RUS,2021,0
0.002771477730698772,0.0036225296952635553,0.0043711098053560915,0.00010528793722300473,0.006867660109768827,0.0002985282804746594,0.0035062770890506184,0.012243769812602855,0.011900467177565653,0.008043296879278362,0.005586605024792835,0.005626713072918782,0.003137791495832859,8.564471364368743e-05,RUS,2022,0
0.0014665611269474607,0.00011338891055660267,0.0030679271099896873,0.0047776028412185,0.0044747817263148726,0.00023055076039136204,0.006314629382942604,0.0007201619116105706,0.0010135781356611416,0.011743515039465033,0.003208350797903186,0.0035197336609243,3.088815089603858e-05,0.00017736110604887244,RUS,2023,0
0.006290078205627331,6.184222726031263e-05,0.013300911450279037,0.018711195149400003,0.019984219141521195,0.0009807697119194173,0.00931021549169555,7.445949672782426e-05,0.003985923645184844,0.053697312657313805,0.014448455846449052,0.015792858573426088,2.0361830431642438e-05,0.000947534666144172,RUS,2024,0
0.00877911391849307,0.004174218358508231,0.01875798562946881,0.10496342625558511,0.029377372449533493,0.0013674900512624414,0.05995224274706033,0.011229476265159842,0.014797690545406812,0.16827470104127942,0.017148172326251414,0.024508426344795657,0.0029952816107348453,0.0005248214239005782,SAU,1990,0
0.025017927672723303,0.000597678614115556,0.060075455962274794,0.45601798096895657,0.09699934476789765,0.0043614980526710525,0.1614958299604497,0.023327619388004556,0.12701646683239765,0.693450136067766,0.0535401433387046,0.08102766243237315,2.506198970084893e-07,0.003140644696175177,SAU,1991,1
0.008018848590233697,1.0333168012074287e-05,0.012104889505791675,0.12965073228487686,0.01482157107457999,0.0009224280274690724,0.032963084457690306,0.06136757242638595,0.4649617061221045,0.0434298829690302,0.02128974975143383,0.009752163918266369,0.00010360814993914182,0.0016330375756374762,SAU,1992,0
0.016461685543001738,0.002087173358369097,0.02823153024081773,0.012907981566943796,0.04082458343103581,0.0020371085237441493,0.019224447441846013,0.06976388974895974,0.2204977684327406,0.007254728076168601,0.03898280726484825,0.030986665228531576,0.0007890202486018378,0.0020807922893473496,SAU,1993,0
0.0023880700997424373,0.0008201416561897586,0.003336202845290905,0.016293538338829364,0.005247833534996133,0.00021709539408924398,0.05452565196628795,0.06890724672047621,0.06180991131697599,0.0004495412599455344,0.005918562856663266,0.00404986247395545,0.00047224800089217114,0.0002492224350992418,SAU,1994,0
0.012852013632025695,0.0009242046195116996,0.02228555702850385,0.009020187447093358,0.03286480481498732,0.0015902947788371884,0.02754994148216142,0.0756591200254909,0.1607892963099995,0.008036393381735837,0.031090514507352125,0.025086171268703557,0.00018312931423270694,0.0018037178930804204,SAU,1995,0
0.006862510963568774,0.0002744876713500394,0.011229087118390043,0.025222787156043477,0.016068422798003388,0.0008027389641788508,0.033867115907683196,0.06460073873065544,0.1580785444225783,0.00018266569124645636,0.01726974449774937,0.011887226867555977,1.463081868010409e-05,0.0010917912393174306,SAU,1996,0
0.010652024955833733,0.0004375753331331506,0.01774379965171365,0.03317386902246116,0.02492225749590488,0.001288700432925555,0.02898874509779574,0.06900323446910181,0.23726584101499112,0.00013711166207776174,0.026487476682018764,0.018335315299991422,3.063589481119994e-05,0.0016746308541588347,SAU,1997,0
0.00017490296854834732,0.0002492428881470097,7.930264794265406e-05,0.026406302981229125,0.00010653545298296265,3.673139883766354e-06,0.035954145143002485,0.0323535650229849,0.04234897923811371,0.012878212685587635,0.000518197181524581,5.8325462002855306e-05,0.00020508930758943042,1.3531988426833648e-05,SAU,1998,0
0.02961275675351508,0.004374816053999404,0.0518612296976133,0.008077380454819877,0.07521249671634286,0.003757719837728751,0.013483109235133689,0.08573616479361308,0.31573780272382024,0.027097958833274823,0.06893455682747567,0.05751049044502886,0.0018637390131818188,0.0035464371334990785,SAU,1999,0
0.02439950047312424,1.4082490140181764e-05,0.04586976149381914,0.001626785373882712,0.06777614072352688,0.0033180529609189544,0.0190462099949284,0.09217836948844431,0.2133099714336216,0.04094697447828081,0.0605176752073376,0.051756312827066685,0.0005067086413714124,0.004354579087825299,SAU,2000,0
0.028638225573891073,0.00219367719106849,0.05257882471714923,9.078152865362226e-05,0.07881818764079562,0.0037686282404478036,0.014261582084329283,0.09039872782930991,0.18318331583781866,0.06977876093465073,0.06743594483407298,0.06132790015061676,0.00047949364891620484,0.0038116111724099547,SAU,2001,0
0.041350429106391036,0.006655749173759296,0.07447065117522886,5.0710119880974126e-05,0.11089234323969666,0.0053489100878222106,0.01186073292569117,0.10668650699093198,0.27207051549842154,0.09267656158581342,0.09497203599189201,0.0864080699542338,0.002930875625735022,0.004718008628384391,SAU,2002,0
0.0269966805448937,0.0008418479161800503,0.05420512330809899,0.003158884145604762,0.08167126633390363,0.003919951391954239,0.011862518028615274,0.0868760178766027,0.1384995742390453,0.09579487140887262,0.06850068365066202,0.06294983280668047,0.0035795553690803204,0.005737645662701979,SAU,2003,0
0.09452228010252435,1.5622578160750894e-06,0.1871863619913365,0.01919641752951751,0.2768956414174973,0.013696085354589011,0.00013405147288683282,0.13683392897906416,0.4634830292023157,0.32821029639697064,0.22969665083039276,0.21340688324610868,0.00250404416534373,0.016694837899319904,SAU,2004,1
0.03302807829166768,2.364228549398295e-06,0.06469047403192166,0.002373747743464252,0.0957991295016302,0.004716482391968,0.002848124255780085,0.0676267026533005,0.19047691708785053,0.09835915760001615,0.08098744699626445,0.07366001909850921,0.0010406170969871574,0.005957470121646888,SAU,2005,1
0.035523678085826585,0.0015708875299899922,0.06880192883937805,0.015927246691780375,0.10317998609173615,0.004987392834117915,4.112504624930186e-06,0.04735095033444604,0.12748254501947529,0.15066992869297963,0.0828965525719848,0.08074720354760104,0.0001267087733459656,0.004959259800756531,SAU,2006,1
0.04369638778989952,0.002619995489794268,0.08529548656501709,0.03267542145404678,0.12799628477762007,0.006196633316158943,0.002753445595609174,0.03863939729688221,0.12373829789359535,0.2136032905097773,0.10063817143819756,0.10055661577514069,0.00042076173027711256,0.005799681771233507,SAU,2007,1
0.01709142651686425,0.00012884316649910797,0.03531611024110453,0.017426870579732436,0.05358075983784513,0.0025651652277179594,1.9769333327066097e-05,0.02380217473676955,0.039552155803808886,0.10072359841485189,0.04182072940225685,0.04188637517496136,0.0011997286549078213,0.003240814598378889,SAU,2008,1
0.0006925754771625452,0.00251975168340217,0.002014046735267287,0.0022202205120782285,0.0027577247487549964,0.00016186340392730623,0.00590722980378918,0.0011747264098350408,0.0015655087907965992,0.005626668219308192,0.002163791459519906,0.0019748459768579156,0.0034037289892477536,0.0004680051766982868,SAU,2009,1
0.0007301537966419955,0.0003964535460503334,0.0013697104432342214,0.004161253753449185,0.0018824443672792281,0.00010171651495694017,0.0037712485244392685,0.007317044275414755,0.02294270335048414,0.0002214397300992947,0.0021612991606673017,0.0013147134948608213,0.0006826573513718136,0.00026841868881290296,SAU,2010,1
0.00047793350151483687,0.005319696089662302,0.0006853748390490866,0.00724207853990348,0.0010634506130020483,4.860813662652521e-05,0.01029546042398422,0.004948687525872535,0.0019505950950613696,0.00849670911839778,0.0004818231683429496,0.0009905730443389702,0.005761137532212173,5.402258674390458e-05,SAU,2011,1
0.0016028710273460853,3.078919732208953e-05,0.0036244254452783716,0.013644658995268075,0.005515480223134539,0.00026939872883010636,0.009148274746112444,0.001326761624824847,0.0004359044589074299,0.024597882742089676,0.0035198983827755726,0.004444609823246684,2.1510329514853808e-07,0.00021802164279803137,SAU,2012,1
0.013145598439739102,4.662228430032352e-05,0.027693634939269164,0.031178723363099483,0.041323684890614866,0.0020472086262215486,0.016871556761791244,0.0004178787704547401,0.013883467501742148,0.09960000226604637,0.03053684869642323,0.03245492902186466,0.00012953206935426153,0.0020854340569671503,SAU,2013,1
0.023874318568204766,1.153943665373989e-06,0.049780005488842836,0.036385856559331194,0.07385917441822597,0.0036799689988467623,0.01788934552988406,0.004053683206862306,0.04555182839430939,0.14864204984877996,0.056484667119625506,0.05756338441772252,0.0005857799960112848,0.004061371057861506,SAU,2014,1
0.1108896732415045,0.0008306007093121724,0.22373132429099832,0.0872282010223398,0.32949963728900494,0.01651394488213959,0.044861874763302854,0.039487218175311714,0.34688317170497374,0.5252936227010165,0.26095680845985897,0.2556210418610222,0.0005421224561024317,0.017580559241832033,SAU,2015,1
0.14402884475278874,0.0004098084793756164,0.29257848620941745,0.11778857161557753,0.43030318888564595,0.02163308471066491,0.06578069945992343,0.04576083609782592,0.446918156768779,0.6906504099566376,0.340642453409508,0.3333367793753385,0.0016083850992739991,0.023648828121172413,SAU,2016,1
0.08804075145481922,4.179776343820398e-05,0.1803698304521734,0.07965478911342995,0.2649366413127034,0.013364400443912345,0.049635478947819445,0.021964938217592597,0.2613826931688195,0.4364282743871596,0.20899301383392094,0.20503148004959407,0.0017135503875036055,0.01491664069753467,SAU,2017,1
0.06328804624071366,0.0013347542613513432,0.1274533243476013,0.05928188279829905,0.18683793821417466,0.009441055276731088,0.047306747696737914,0.00933742010601207,0.18249199013009976,0.30957896534159834,0.14663637633016582,0.14511171080182664,1.3456039236107358e-06,0.00935872967377573,SAU,2018,1
0.03429131023089928,1.0863846268090066e-05,0.0711050945952852,0.04373755510078647,0.10460031738192094,0.005277985593080536,0.030077972446598114,0.003925234392808349,0.08033604068932515,0.19327642450121416,0.08099846250260476,0.08116702636899333,0.0007047022939817236,0.0057888430434377925,SAU,2019,1
0.10704222716953242,0.0007205797612378373,0.22389508233711536,0.11888560224194372,0.33065252546284934,0.01658013593732464,0.05448854503627321,0.0323523869001799,0.2754853937915575,0.5896307344067317,0.25859743125405765,0.25589066356784806,0.0068682765235544,0.02010584449595122,SAU,2020,1
0.04385827424014682,0.003437086889487591,0.08546569724237625,0.024786206306520623,0.12426764069480076,0.006330733949053171,0.030098252765770318,0.006753250295851352,0.16548140434658243,0.1730759099724626,0.09954488009354706,0.09638564369504911,0.000894622241895136,0.005590956003164884,SAU,2021,1
0.006098051226300968,0.009497069674610207,0.010390287746571301,0.006506920290301939,0.014968671208315024,0.0007653892174120824,0.01827361905214081,0.0016039396884214633,0.014705100810330864,0.024935784063017434,0.011265488246148115,0.012038727686662684,0.008776567816486495,0.00012559409412726135,SAU,2022,1
0.0009711785170841406,0.0006728827920673717,0.0015849871397687334,4.058149153670707e-06,0.002551170821919135,0.00010671295720618478,0.0036682830097316504,0.008069244035576757,0.004444250237556624,0.0029701679578654485,0.002111195672243086,0.0020812006195202798,0.0005029327651620286,5.839280275765908e-05,SAU,2023,0
0.00018110791531338041,0.00012349877342881407,0.00027999896286602573,1.1029837727210068e-07,0.0005159877295292974,1.6891430812652772e-05,0.004258167538831135,0.005651603126492412,0.0004565316874548483,0.0009116653785623375,0.0004148234015568035,0.00044130412004525477,8.466261995886851e-05,1.1300337241958336e-05,SAU,2024,0
0.0019127656156671601,0.0001077792045479007,0.0033234804167221856,0.00022946709424414533,0.005436107372939729,0.00022192595997548982,0.01840693100085391,0.030389293436293673,0.012564510604232254,0.004869296609705199,0.00474740432882793,0.0043472208579691755,8.28349521815696e-06,0.0002746905411784742,SGP,1990,1
0.0003390380612988135,5.111046406254597e-05,0.0006524032297544175,0.00010721198065171652,0.001240991892788196,3.9636994658263825e-05,0.01217857885342358,0.015632405659982366,0.0002835595195567357,0.0032750009053190716,0.0009667655421088837,0.0010398838516636787,0.00014269015960889934,8.833447530862152e-05,SGP,1991,1
0.0027603984927253595,6.774010267479015e-05,0.00572772050234248,0.0021461026098996538,0.007567848184030956,0.0004535454480877038,0.026260322517710256,0.007880442025491164,0.014222663970019742,0.008112380949162676,0.006150936654169613,0.00562404335662408,2.592514338915767e-06,0.00039984626882172604,SGP,1992,1
0.001700947048544968,0.0022677975026474282,0.0026491809665746295,0.00021347625930552913,0.004419179408519719,0.00017335113381669107,0.007965391758600861,0.01612447661149553,0.004607461958225748,0.007191676925503215,0.0034779912459467206,0.003708797501076513,0.0019284370218583073,5.093324119860828e-05,SGP,1993,1
1.5608619562918715e-06,0.0010610567428190716,6.646075074204291e-05,0.0011351396106708631,3.4546802985452054e-05,9.186021932284026e-06,0.017951628444337123,0.014019943054925479,2.8526562649646764e-05,0.0002027054496858306,1.8548087793135252e-05,1.0381163835745588e-05,0.001187266503046841,5.1962667502885744e-05,SGP,1994,1
0.00676463323971286,1.49739932285406e-05,0.014249296177666428,0.0033662616579029658,0.019062665399810115,0.0011198779504220887,0.0432974727714936,0.009216258516559186,0.0398942161013261,0.018519860602616546,0.015830479028035277,0.014106869549056713,0.00025589073776053576,0.0012323705806433045,SGP,1995,1
0.005527237012686641,0.00013072676851030878,0.01208968132774427,0.008410921791531033,0.016811117895235882,0.000935534601120037,0.029442455955615336,0.004652851502396151,0.016313074644418463,0.027800721903263662,0.013133361404363705,0.012689203821830215,0.0005539066053086521,0.0010993959710411912,SGP,1996,1
0.034895230578542186,0.0003642081628440914,0.07417916948675211,0.04196778016101503,0.10652008976425492,0.0056040031449540876,0.06904293705434976,0.00029076739833731625,0.10052152360930254,0.17897611239796535,0.08357547667774042,0.08148724032755943,0.0025161266344460973,0.006656194567456581,SGP,1997,1
0.03971508022533195,0.014103139570330046,0.07476637463911567,0.03899061024706123,0.10902162556475513,0.0055205908263549,0.05557389557814711,0.00010173064336256798,0.10629826405668959,0.18139212486432585,0.08420000663649291,0.08587550647699498,0.00942896299687898,0.0032507951813464846,SGP,1998,1
0.00978928882842929,8.192383895593143e-05,0.02109965185497247,0.012347742167938668,0.029176684693365502,0.0016345927579326975,0.05233050502491052,0.008534710575746533,0.033469206428292125,0.04416296701898843,0.023038498391377116,0.021986531212059617,0.0006025014226665547,0.0018381906168715852,SGP,1999,1
0.0024167235587534007,0.004320390181440342,0.003591906445266187,0.0005149022224351231,0.006367037482644865,0.0002234198616002863,0.0243782379542942,0.0389138581037266,0.0038097826002280563,0.01318692435103619,0.00485195011013233,0.005500942704403964,0.003786155229903693,4.30885086247928e-05,SGP,2000,1
0.005526056552345416,0.0006122080848602273,0.010956741528471401,0.00011842187697043325,0.016663929501603676,0.0007828309296915513,0.0131304428506138,0.03718585101599789,0.04185491993984552,0.013476765789902269,0.014701489660891695,0.012745831589355458,0.001603321685246274,0.0013801819637524967,SGP,2001,1
0.04600395477742485,0.001021204709806668,0.08883839110334772,0.00813739478056976,0.1315502332709842,0.00647685171348009,7.262925570482824e-05,0.06523370901376958,0.2270209914784378,0.15246726353957935,0.10901533038528587,0.10188994644694498,1.3172882598738364e-06,0.006961801055897994,SGP,2002,1
0.08859609095224288,0.0014341408301697263,0.1722506078410963,0.017086557787214435,0.2536471901795095,0.01261520186076641,0.0008605466331213867,0.10050038369744942,0.44089613374604475,0.2921332281960267,0.2102136674362035,0.19591684683970462,6.805448645833548e-05,0.013715449621417644,SGP,2003,1
0.09853639918432562,0.00690500779682254,0.18799846809298185,0.02228111740190896,0.2765711832177582,0.01375452205518542,0.004724562615721102,0.08771987217309993,0.4676428006952142,0.32593197692206743,0.2275307977669751,0.21465901004011032,0.001474851209572775,0.01299592691559284,SGP,2004,1
0.06582528644348445,0.0027582180986031536,0.12692753134206727,0.01788331759151506,0.18779121981281677,0.009266207296874943,0.0010512677892932768,0.07089726361687165,0.2938468204338628,0.23452768737013452,0.1537869026502367,0.14586789822310722,0.0002061497598552896,0.00930277839868586,SGP,2005,1
0.026813816016076075,0.0007947101806105393,0.05121807949942808,0.004169938504994703,0.07696643212820768,0.003692797880895421,0.00405368156944539,0.061318768287732375,0.12717739348298354,0.0923706433108934,0.06367633875609875,0.05999288410926116,7.290294386081966e-06,0.003964743903908041,SGP,2006,1
0.00534197782647823,0.001823800260298436,0.009505253144194856,0.00197006644676557,0.015066854942468918,0.0006571004487846593,0.006568959918047683,0.024953574526732802,0.014732484900788491,0.02514271227705754,0.01188501899484288,0.012194090063015282,0.001104467387010974,0.00046155442151535607,SGP,2007,1
0.0029717774297217487,0.0006088042470894978,0.006155790011927021,0.0008223995749459404,0.009866929300112988,0.0004288879584320788,0.012004961882441444,0.02825952594634057,0.009685032922616403,0.016317260721494857,0.008053148027490938,0.00774545202097527,0.001367806102634734,0.0008061474136416731,SGP,2008,1
0.0011000309035353755,0.0015475481051189204,0.0017652628827455868,0.0003242513238694707,0.002212594608049413,0.00013849869995663747,0.006452677393690643,0.0017247796809307652,0.015567635536126681,9.595794687519036e-05,0.002082752615067308,0.0016415333882547547,0.0014589391463436783,3.140606616224553e-05,SGP,2009,1
0.0031450963065884283,0.011021455785258793,0.004391268449921053,0.0012519379536323916,0.007408036998112295,0.00028189486404937565,0.008334844173326313,0.02022958267985463,0.004840824356054159,0.014900312882560673,0.005494290644753869,0.0064404392962776535,0.010718492880923252,6.516687109073513e-07,SGP,2010,1
7.579669266821624e-06,0.0007079997827578033,5.377586758031216e-05,0.00033401429958970015,1.6175649870485388e-05,7.618813972925057e-06,0.008767860103625192,0.006883188276841737,0.003230478162197916,0.000880949409169528,4.809871014257261e-05,8.546953247364181e-07,0.0007971807177932262,4.911543880350546e-05,SGP,2011,1
0.0007131585670551774,0.0004937823261040835,0.001583055193116642,0.0008636971525158054,0.0018132257675054775,0.00013452739384597076,0.008329540953497538,0.002975933353262582,0.018811035468285192,5.5714277631549466e-05,0.0019311898847282646,0.0011796740310997175,0.0007466935641099393,0.0002663374876200145,SGP,2012,1
0.0001645999979960319,0.0012836306319474503,0.0004856948690117708,0.0005284025445379186,0.00048620003306273273,4.5100964631787376e-05,0.0055237705815864655,0.002810086847199335,0.007970057439374253,0.00025700922523993027,0.0005884857426789285,0.0002715433492471138,0.0016029903164973003,0.00017818567414308904,SGP,2013,1
0.0028527087405116,0.0008118904317683882,0.006266398792107218,1.1896188477801648e-05,0.008132586189628697,0.0005007497485864817,0.014654716465445134,0.0024225127790200906,0.03133341484574479,0.003407516993404619,0.007365434806977899,0.005786997509380763,0.0014781158103716549,0.0008255719462780659,SGP,2014,1
8.643249823873714e-07,0.0013175869210485594,1.7244644051167456e-05,0.0018867300653440482,3.2635316950437413e-06,2.5577872826814746e-06,0.00026372719947734887,0.00018913939856449557,0.004966105097730741,0.0018282421243439415,4.476900452549178e-05,8.328826726316752e-07,0.0015231620299286203,7.42648866286596e-05,SGP,2015,1
0.002467407305786052,0.00018358833374568237,0.004832194686629924,0.0020686690010493485,0.006397408406560129,0.00037398543082089926,0.0008013280151045253,0.0008109800522840047,0.04311366967814932,0.00036423066639440293,0.006347377631950098,0.00456772363586906,0.0004917835279485896,0.0005944534590102708,SGP,2016,1
0.006247123826984997,0.000992683704660623,0.012907812924301057,0.00057743501368414,0.017506923292598647,0.000995372652449016,0.004147550641546644,0.0009758622315522634,0.07488874084258147,0.005914570877144943,0.016218174938501924,0.012697817008441655,0.002139530779371234,0.001644239161725956,SGP,2017,1
0.006170078249513918,0.00039820700257808464,0.01287956666795478,0.021942745328289895,0.0193653121637653,0.000949442389513377,0.013220151409743067,9.526700402361878e-05,0.0022507022174764837,0.056527454534048914,0.013687298316645842,0.015416573713180675,7.787133623234368e-05,0.0007685107161837692,SGP,2018,1
0.002520618795632186,3.607662644832332e-05,0.005427272106266543,0.009467083343388596,0.007999850266565202,0.000406654333324747,0.009441885831330312,0.0007587863219415294,0.0011099608947056146,0.022759051563246955,0.005679885980610146,0.006294491209838545,2.139837077207105e-06,0.00036638638217834676,SGP,2019,1
0.0005930815506114686,0.0036151096809386336,0.002199841487637396,0.023930129994175927,0.0036063532921832985,0.0001652270326527483,0.005483891161692112,0.0006834819486070135,0.010903012722773482,0.03356649993234506,0.0019062954408423398,0.0028806726276496618,0.00485078097232042,0.0004881535579951394,SGP,2020,1
0.015924049350411147,0.005909212389621402,0.030545238010446736,0.027775592034335068,0.0448204964210293,0.0022574640083342216,0.03403491315669811,0.0005700044224469443,0.025351790667847887,0.09330049483705433,0.03334194241973955,0.03555075118065443,0.00401106660954006,0.0012510407826575119,SGP,2021,1
0.006443459538319052,0.0010003905691970277,0.01361907034541968,0.02875426777321666,0.019468478342013727,0.0010404288929030164,0.056694810641720314,0.014904766626408753,0.002251875794063188,0.05679027821280923,0.013514838347206307,0.01530754897901623,0.0004960402921649965,0.0006565640352631913,SGP,2022,1
0.010672568697736418,1.0531392916537278e-05,0.023120326923592675,0.02738600439023471,0.032703178780642835,0.0017742185397468012,0.06359982699401898,0.011403511470874012,0.016035347365264276,0.0708822359898962,0.02434526170163365,0.025131798019671164,0.00014655524888377775,0.0017302458328725357,SGP,2023,1
0.010178685345785267,0.0012462402937035652,0.02126500507038436,0.03895165826494104,0.031060894116679186,0.0015985020151381283,0.05191393548532154,0.007667476173811971,0.004391418955585491,0.088209583794639,0.021851658533748635,0.02454946774785389,0.0005094966039314238,0.001113484569456073,SGP,2024,1
0.011026567508866526,0.0004547376594365839,0.02280362330965156,0.045594986339095304,0.03683004889303399,0.0016021110140281237,3.812690401477204e-05,0.01885076249179242,0.00012351211089973993,0.13215619282378804,0.02529237909635043,0.030124233786866003,1.826047819595901e-05,0.0014633387150262034,SWE,1990,0
0.0032492027585497136,0.0013617135326966893,0.006337851088837309,0.02055040528903309,0.010880934305818709,0.0004256782568236257,0.001458012233485138,0.011356597926795295,0.001804384068656139,0.05266502923910167,0.006891104448768346,0.009276200719018126,0.0008544258051424244,0.00022723295493722712,SWE,1991,0
0.00017588874488416533,0.0025063418615852077,0.00021900156666533068,0.0074865674603398534,0.0006502838793233939,8.655095614071894e-06,0.006023956573978065,0.007862777722762017,0.010501357693907849,0.013590484824883852,0.0001943773760002878,0.0007347146790350903,0.0025699497476238268,3.443860307999621e-05,SWE,1992,0
4.7763848235130766e-05,2.3187633470114082e-05,9.490995907439356e-05,0.0018563377735223638,0.0002700969313108014,4.1503173346827444e-06,0.0047932260611376135,0.005580936824080043,0.002718689921216962,0.004338624789301625,0.00011181038445483745,0.0002746218220542767,9.425347288769596e-06,2.5905722799297107e-06,SWE,1993,0
0.0004992126160759762,0.0001490016405343097,0.0008391445573914244,0.0018347306775202525,0.0009352001884948169,6.97505066294602e-05,0.003672612996252267,0.0012089558242451746,0.01651166056597166,0.0006059939777174974,0.0010859862164295706,0.0006240357233162241,0.00011082911327841965,5.073382565639012e-05,SWE,1994,0
0.00019622973748316375,4.420038573237747e-05,0.00036671540798546116,0.0009073464063522467,0.0007054720344108804,2.2365604682209103e-05,0.002942902624393844,0.004603506082861374,0.00015884386856850928,0.0035601923284546257,0.0004566728679851863,0.000619054115730369,1.7213820483134555e-05,1.8621784741202812e-05,SWE,1995,0
0.003948134259083376,0.002462602901351526,0.0070406081543848585,0.004798733062642978,0.011155751246541399,0.0004893717087436359,0.0006497004312105687,0.009129295265069545,0.004930963382034907,0.025199352768524468,0.008288265067621356,0.009147014921566339,0.0018298522572336242,0.0002362417917761586,SWE,1996,0
0.00559519450044341,8.959686656393587e-05,0.01167759962501341,0.007423934543026835,0.017979387920605595,0.0008417945034420966,0.0001318911516897219,0.010459857639815563,0.009540895542171851,0.038125009925343865,0.013801508329570207,0.014143390888020491,0.0005411613880941998,0.0010986502657293123,SWE,1997,0
0.004858287121855371,0.00012794356796426873,0.010510998781817334,0.014361100033664989,0.016471703002187636,0.0007551118198018027,4.218949907867436e-05,0.006730299454446654,0.0019056099089617682,0.048082012981530274,0.01191470210895838,0.013119440708185385,0.0006008244636567031,0.0009667410769177636,SWE,1998,0
0.011696403367078789,5.8356688002882165e-05,0.02371492155481966,0.011513109971535597,0.035372554648198544,0.0017384603466133151,0.0025966211157479446,0.006727474319412092,0.029973805282091537,0.06270490914152207,0.027638792221924224,0.027602927233147306,9.398359069863078e-05,0.001880268374276682,SWE,1999,0
0.002410774650321935,0.00030913532841698224,0.005492703231069914,0.01033454699785292,0.008591423242127059,0.00039821083243472014,0.0005110467685191821,0.001842722459091761,0.00020043492023484195,0.02874541468179192,0.006050503675176426,0.006823919744678909,0.0007644095305948848,0.0005681368458166486,SWE,2000,0
0.0010793539546116073,0.0020078575919859976,0.0020503814972313403,0.015436984620471503,0.003539653244210795,0.00013849299607655047,0.0013108106729351704,6.19522711668612e-05,0.005139473647941438,0.02620646894461511,0.0018843692093455176,0.0031358485750720487,0.0018184397797112392,1.0113867234670967e-05,SWE,2001,0
0.00010358140755562897,0.0003322026785714371,0.0002390165678513852,0.0006814494916941223,0.00028105730362908084,1.986791885499412e-05,6.0589456178989676e-05,1.7885089596907834e-05,0.004648974042840042,0.00014886062135812043,0.0003458864242190475,0.00017508302338585893,0.0004474650687620398,7.20223615621841e-05,SWE,2002,0
0.0003114578934016874,0.0007571860616435605,0.0005175945960307761,0.0010259791445716173,0.0008098857556330572,3.6272274541953795e-05,0.0003801128568612398,2.7560993419847544e-06,3.5250688366802764e-05,0.002631524380066917,0.0005394877062306699,0.0006859844903644942,0.0007243331420348045,1.534154546657433e-06,SWE,2003,0
0.0002724822493028037,4.24480199486328e-05,0.0006199633887043674,0.001099163383117211,0.000976769286170463,4.469613781442634e-05,9.834647592868534e-06,0.0003450303470999759,2.8033591602362097e-05,0.0032299063612904987,0.0006918362141196593,0.0007765795913708264,9.974369936744198e-05,6.654154859447307e-05,SWE,2004,0
0.003431317850329395,0.0007141544613467855,0.006438710113989086,0.001358410315506326,0.009391480122480813,0.00047355875687527655,0.0015479184599088455,0.0009116945574287728,0.014152361152157225,0.012065171574064889,0.007574882327044203,0.007327968328241565,0.00038140181880485434,0.00035108117571905557,SWE,2005,0
0.006210437963122971,7.005199415154021e-05,0.012618673764033733,0.0061334397205832225,0.018442759422319672,0.0009375874499890542,0.0056033456976471805,0.000595565380226822,0.01775000937850918,0.030768382630351563,0.014464203222316457,0.01429225235679046,1.33025362826676e-05,0.000957896157436862,SWE,2006,0
0.015717047301689987,0.0015250931115340684,0.030894490763379162,0.015699808176909857,0.04535149868133386,0.002281551620228119,0.013810628432429122,0.001453634733260712,0.04205514437177023,0.07717831357436732,0.03527363606827519,0.03545973921950825,0.0004881579152753058,0.0019042873203063157,SWE,2007,0
0.030659549147522034,0.0006307647927856094,0.061614476785955816,0.02525280241730369,0.08989674561918623,0.004574593433711829,0.024576971605976838,0.003793405188854219,0.09750925872757872,0.14103827109280398,0.07108460696211548,0.0696304291021978,1.0248080088890642e-06,0.004553719453221936,SWE,2008,0
0.0122447640269002,0.0006225870619125287,0.023851956482322925,0.0036352182398077973,0.03417185790957787,0.001780195361738328,0.009387969792720642,0.001413919173250273,0.06108436857206554,0.03844272634584868,0.028129215208688295,0.026225562525663004,9.018740817988396e-05,0.00168079195540094,SWE,2009,0
0.0001682915817909361,0.001433847324151047,0.000552686231977758,0.0002843137999031198,0.0007144232464195169,4.620656457159126e-05,0.0022007484159162305,0.0006045755245916935,0.0010586023639261293,0.0008986736315353118,0.0006090942226319878,0.0004818695974687452,0.0018363781630532515,0.00018382947919553573,SWE,2010,0
0.0029061366169814413,1.7292763729345312e-06,0.006076322656347619,0.0033593401826070794,0.008805195719347153,0.0004555784212146308,0.004171924395139295,2.613782573664945e-05,0.008055251063722449,0.01503306181442521,0.006891139111602912,0.006776875469167316,0.00010063465964875302,0.0005131824203710184,SWE,2011,0
0.004458522353817019,5.5594762062162496e-05,0.009114264042471428,0.005245674900794128,0.013293614414297272,0.000679061841763699,0.0055141444331825535,0.00011985971673797402,0.011482766518457683,0.023341447399823197,0.010331637065025028,0.010306951349077439,6.934275946071358e-06,0.0006804289657135928,SWE,2012,0
0.0010468779318430264,6.507388717016224e-06,0.002141752641752673,0.0007318479407395644,0.0030176761667542605,0.00016277279378781902,0.002575910672396387,7.879145516460558e-05,0.0043169605515323214,0.0039959028756509675,0.0024300565772687444,0.002296938666429429,4.920941437381811e-06,0.00016695438847588072,SWE,2013,0
0.0008984803800154666,0.0002591302135970891,0.0019879777525828113,0.00021218874280207049,0.0027381266452256984,0.00015393248886086684,0.0019017028353358245,1.7176122680340167e-05,0.00606127529267979,0.0025113389793432073,0.0023382864751358475,0.002012580167399527,0.00048543918976971475,0.0002582550708165764,SWE,2014,0
2.3067836181471772e-05,0.0024936410331331447,0.00017247126023873662,0.00025721390824327866,0.0002316859311378532,1.4938530069790676e-05,0.0002790530146013508,2.2928907091545897e-05,4.8987396444639145e-05,0.0005921908972147233,0.00019479910405236528,0.0001432749751189698,0.0030147698357534934,0.0001625032346511621,SWE,2015,0
0.0008851223970717442,3.585083343408517e-06,0.0018429014464969814,0.0015606505620858388,0.0027274754386285975,0.0001365533118247416,0.0009983625251376222,4.694254272132319e-05,0.0014690775245546478,0.005751609340485771,0.002063373461884668,0.0021300103027569856,7.804789865246648e-06,0.000141043900000368,SWE,2016,0
0.002956703671335585,6.771863651969323e-05,0.005963486241966201,0.00254692712725175,0.008619302998184414,0.00044569605413214157,0.0038167456787601465,4.852111411158844e-05,0.009633114441918333,0.013297478565856785,0.006815305026836569,0.006654255890873793,7.519948642399038e-08,0.00043433136624944655,SWE,2017,0
0.0018787099927516976,5.997976952470135e-05,0.004010804434183547,0.0016943279043671027,0.0057201435571252604,0.0003040572685494304,0.0034358861984444705,3.5792865915390144e-06,0.0067397274234739495,0.008536934488941453,0.0045743022170453215,0.0043442740338958605,0.00023136743382025927,0.0003882783932249231,SWE,2018,0
0.00724337776743795,0.00026313391253541787,0.015349113796701053,0.00516491339670433,0.02202481470111985,0.0011572188766411872,0.008359654907531077,0.00031809066568239575,0.02827552382733997,0.03123934650408669,0.017781094583086816,0.01674049947576551,0.0009693863834789361,0.0015215315864772398,SWE,2019,0
0.03291413765919814,0.005406781816405721,0.06233273671503826,0.012013518110255682,0.09022302984487138,0.004610688971136271,0.020480078253087466,0.005508296173080066,0.14501307361989466,0.11052975355098357,0.07322154065082628,0.07003152674404452,0.0025719912672583353,0.0036065817617997654,SWE,2020,0
0.017613058688472547,0.0002641867771136421,0.03689964325529283,0.012394258431685273,0.053048575959416824,0.0027754077739538968,0.019329932477951603,0.0009175054103176901,0.06783946775941478,0.07547260585505287,0.04274562708809894,0.040441078584812,0.0015033780801789077,0.0034656910593959924,SWE,2021,0
0.02433694317330661,0.0013297434454052244,0.051750081480386755,0.014285674673497952,0.0738212898937635,0.00391485285820702,0.029239583287220743,0.000859309313258582,0.10647160562240492,0.09703377652714895,0.06023812336931639,0.05583580008197078,0.004127325363542573,0.005337402012568227,SWE,2022,0
0.02868035949498591,0.00025360357089823513,0.05961252170704887,0.016237812979254918,0.08517565332201564,0.004494424971992781,0.03400238788170751,0.0009485651092549434,0.12377960920031325,0.11152421620442245,0.0692944757046713,0.06475691938567418,0.0019422522628065452,0.005503673994231416,SWE,2023,0
0.03354233158994395,2.3093843983174134e-05,0.06932724151975891,0.025223163414293905,0.09986894207746827,0.005202143123989132,0.038493164813410766,0.001339079695719447,0.12231817575796287,0.14596913420444685,0.07996938298910838,0.07647152526636322,0.0011824305763201782,0.005985243114407512,SWE,2024,0
0.00013412701053713315,1.7713413018513997e-05,0.00022786223124907724,0.001913096652381048,0.0002580685416532528,1.847580000415493e-05,6.542264802155496e-06,0.00017239564427577796,0.008076870332356424,0.0007573039276596127,0.0003686971859696248,0.00016132881962700315,3.7763059348809075e-05,3.829496853773957e-05,THA,1990,0
0.0022991276166758738,0.0003871937605565537,0.004698895020081684,0.01166344774295613,0.007491670431225964,0.0003333988230989358,0.00087046460610822,0.0010508666511042258,1.622221993943429e-05,0.028854790590749003,0.005001921019860591,0.00615482408442321,0.00016836061445718348,0.00023077791880629856,THA,1991,0
1.3402216503771343e-05,0.0001057606881489846,2.164699592062869e-05,0.0027179790592152604,6.04660728901614e-06,2.6143253214815543e-06,0.0001716123515474292,0.00011019534736043375,0.006911169207754765,0.0024495808355273897,5.6789249121586825e-05,5.539269669911077e-08,0.0001258916413556669,1.7613819315249247e-05,THA,1992,0
0.0010473629679192515,0.00038241576049373183,0.0018800867761776358,6.484265481198495e-05,0.0026906137346907736,0.00013881791276642574,0.00044956643555784694,0.00025532934685644205,0.006495458664038485,0.0022874859935210793,0.0022629544401372823,0.002084465829698054,0.00025844274766556174,8.855291539832617e-05,THA,1993,0
0.0022029964311520243,1.1798820969573765e-06,0.004590422020756411,0.0030867001624650878,0.006844631626529626,0.00033807443388243844,0.0010073999020147717,0.0007610208375353046,0.004408465475057861,0.013559486140112731,0.005260583696188686,0.00533638645552642,8.018734653477365e-05,0.0003878389062202626,THA,1994,0
0.0031181701197008304,0.00037653292853956767,0.005965826280538824,0.0013350736099817142,0.008694933587001819,0.0004399993605776428,0.0014389862075502252,0.0008405999506937114,0.012767294458421471,0.011361637119061022,0.007018712639436759,0.006758229154123514,0.00014461781872272142,0.00036746482193059543,THA,1995,0
0.006371781381789068,0.00041843690349090975,0.012579622925347124,0.0071962051283038075,0.01890217661400722,0.0009158319294031224,0.0014036087709472468,0.0035724675726532024,0.01373145826200406,0.035832168222444914,0.014548288397470965,0.014899645739727595,7.871607732777456e-05,0.0008259382083325803,THA,1996,0
0.004444056172596745,0.0071575249363743584,0.007237756531903497,0.003062734577230489,0.0112000732475506,0.0005047967678575184,5.657951176058171e-07,0.005125262718528052,0.009398002474701284,0.020169850973306102,0.008473452545332194,0.009239587885809947,0.006474005466831991,8.98963998510445e-05,THA,1997,0
0.0018742834220890794,0.0033916494650789598,0.004610464133568625,3.174107034427358e-05,0.0061590336016807265,0.00036620359843230225,0.004291975089026863,4.0210288506580045e-05,0.019787884847143868,0.003514263184063058,0.00559040714988913,0.004333111559769324,0.004848277469963703,0.0009570598524218294,THA,1998,1
0.0797637298520641,0.0003138043443705039,0.16007063059387844,0.03933713291530772,0.2334813257262511,0.011862917511277786,0.0301198105664485,0.029387292028652687,0.3221845843611615,0.31729206813236316,0.18907339736024173,0.1798586948239433,0.0007131270131618168,0.013074012924851972,THA,1999,0
0.06730337888397808,0.0007550223944516446,0.13433021176555393,0.04176468330205644,0.19840225911699497,0.009876898637374235,0.013981780779414182,0.03852635008970318,0.2318454750115018,0.2987841013256263,0.15854509524644245,0.15400441879135512,0.0001679137602545383,0.01049761482038827,THA,2000,0
0.07067549760124944,4.018527483886609e-05,0.14398711756294724,0.04163393976449272,0.211592033599094,0.010641991364472192,0.017254541974071662,0.037734574911996964,0.2601748936608815,0.30891313406629983,0.17030592355686583,0.16315010914635758,0.002555723366188595,0.012661660395375012,THA,2001,0
0.12273934448783087,0.0018254686253929974,0.24555326906271513,0.09039670426010492,0.3626424095308488,0.018071791142041504,0.03735374325951365,0.055172724196842035,0.38921958084556113,0.5724791477393393,0.2875491267649436,0.28188390090632875,0.00012676155980568832,0.01874437864508198,THA,2002,1
0.13044621295630449,0.001559418064213289,0.2600124308853676,0.07002052629062724,0.38093093610160517,0.01920688090080041,0.04255131713800553,0.05432572017627626,0.49653674956855465,0.5372008616571641,0.30674489532387955,0.2945504280904562,0.00026018048885738084,0.02030382879522901,THA,2003,1
0.1097294881609942,0.0009397403637883769,0.21867379423462627,0.05163600525588224,0.320036418700219,0.016156884087826378,0.030793883547249056,0.0510856122476862,0.4419145277122584,0.434928395965447,0.25915768656168153,0.24707207801471937,0.00043456032802363507,0.017433131881701834,THA,2004,1
0.06053430037963067,2.5574740886397933e-05,0.12313788643439007,0.049459214500658356,0.18290043979279,0.00904744533390782,0.011573352335225771,0.03764617545875615,0.17899439107633616,0.3026951406474319,0.14458619086351082,0.14209218318457684,0.001248641294410303,0.010303862953487838,THA,2005,0
0.07792709326163748,4.365590178633152e-05,0.1589163157455176,0.07232849033800975,0.23670646351429564,0.011663954762872334,0.015637784366907867,0.047676390227024634,0.2105267182561089,0.4102696675428254,0.18583546803627124,0.18425573501495096,0.0015403649587726381,0.013189497483621172,THA,2006,0
0.08003642131571391,0.00010044977934576128,0.16117356702307828,0.041570281213953245,0.23639627841957647,0.01190800630464509,0.020174624756845727,0.04094060178489091,0.3100912081221019,0.33187953425443867,0.19095268953799877,0.18238897447289837,0.0012591645832187967,0.013503439882095361,THA,2007,0
0.061260850710538564,0.0006781098802992252,0.127550627885554,0.05925041319641431,0.19010906087107524,0.009378857225389331,0.010028827189530404,0.04269773422697646,0.16409869015769937,0.33377093287295617,0.14951490251625543,0.14742912941815614,0.00483644360242033,0.011822204062609906,THA,2008,0
0.12468888288160307,0.0007037186357776695,0.2564620151744452,0.07761409082896248,0.37665437515496647,0.01898393401939653,0.032975741272953406,0.06422251306535512,0.4530408734616472,0.5568491735203598,0.3029928656023179,0.28993663289122446,0.0075302597684224395,0.023509330539996577,THA,2009,1
0.19672869004355845,0.0011109153620836,0.3939271949645092,0.10582105205780659,0.578368736121032,0.0290720124560492,0.05123499668456635,0.09776182414876214,0.7440891438991313,0.8221576059841088,0.4659102575094983,0.4470913900105438,0.0013344660356223827,0.03179336557189287,THA,2010,1
0.08960759670345174,0.001556589208531936,0.18699180949514274,0.0862523819416886,0.27992908268818456,0.013712767948064855,0.00748995702160924,0.07994252192352198,0.23559996472224792,0.49711836324035313,0.22014735474344613,0.21727206543064867,0.008664471983199846,0.01776103807090897,THA,2011,1
0.15926467293071572,0.002066143668329594,0.3188016924666006,0.1260050988132239,0.4744494417224673,0.023352824967299006,0.027222186061900595,0.10241091431085936,0.46734499123617507,0.783287528457598,0.3743650237445709,0.3699719980055611,0.0002876317969278288,0.024526162644345543,THA,2012,1
0.12946615324594332,3.3838396745900805e-05,0.2641583883469223,0.10999446936484758,0.39113513633192476,0.019457652158045746,0.03623203615470589,0.06428688665559326,0.38141823682903564,0.6483366132547469,0.30891574121801096,0.3035069111742915,0.0028205165031774298,0.02211417312274255,THA,2013,1
0.13884267570930078,0.00013143486472898635,0.2808424455488544,0.08685618412911864,0.41309455884046253,0.020733530772566074,0.03798729181162869,0.06814140668586469,0.491919312539996,0.6148658548173285,0.33108010595972975,0.31932224112674873,0.0023759139486749905,0.02347371047512779,THA,2014,1
0.1662685329611092,0.0011008846450653801,0.3305283814921266,0.05525164960220344,0.47940013883627447,0.024533339720046624,0.05799221576233195,0.06382896161592473,0.7789889680184884,0.5808744722954622,0.3936844692700093,0.3680870644371139,0.0009005983627965047,0.02684829573401757,THA,2015,1
0.15756636537629132,0.001360567194378035,0.31221705544024336,0.04636485084115113,0.4517181541837097,0.0231963898573528,0.058170878502801934,0.05683088047177431,0.7694351421847393,0.5278697679050278,0.37238676545067595,0.3464645948067536,0.0005792590928553553,0.025158483534676705,THA,2016,1
0.12835651527726818,0.0008884940257478793,0.2557975162448941,0.051474795839417546,0.37215746423409257,0.018963299831029058,0.04518085945615722,0.04942895653768716,0.5610591634188826,0.47629226400701447,0.3035587731220936,0.28633374739036976,0.0006658473823026487,0.02063808590394779,THA,2017,1
0.10217859143956484,0.0006104323939907965,0.20560811714782656,0.06842283141854338,0.3023305549005209,0.01517836296778609,0.03471588252487849,0.04219756833931432,0.34930182652909103,0.45802469723451805,0.24130731944779996,0.23411864461419785,0.0006533049328048849,0.01641298806213609,THA,2018,1
0.09263573150032564,0.00010154927346935153,0.18800089561588335,0.06717284056679781,0.27686096754789613,0.013880904051841189,0.03035492342516704,0.04014165526568169,0.30453799411586857,0.43093803905696926,0.22043134427357644,0.21429708992400212,0.0015236174106102748,0.015582147182509293,THA,2019,1
0.10436037443688571,0.005606824402020483,0.2206896285758216,0.07784355016864342,0.3250544838265983,0.016361005073121316,0.02398380500529847,0.06160699855756806,0.3517274900882136,0.5094552309764332,0.2605020467156545,0.24946274284824616,0.018112747396692722,0.02282792077600833,THA,2020,1
0.13404880862515628,0.0001323595130370138,0.27158252573574787,0.09774243233879666,0.40226806718213093,0.019973571473069503,0.026332221527945322,0.0813280031223637,0.4264056866610249,0.6389164915398069,0.3197543746089138,0.3120836908480835,0.002314023988119729,0.02260026916958293,THA,2021,1
0.15213471519092486,0.0017889895334026074,0.30508681225378576,0.12864125340412008,0.45535077134358865,0.022316058641342014,0.022302090707121143,0.1054983388892761,0.4236192191571494,0.7732131282817086,0.35798522367271246,0.35555540244798406,0.000364617638667924,0.023544637333584466,THA,2022,1
0.19109952389855972,0.001131251541269746,0.3844511480968616,0.14503806898942306,0.5712961222519268,0.02819902572072418,0.0320513170864478,0.12460619069009418,0.5812885267678213,0.9274531774104255,0.45231402694194256,0.44456953506937663,0.0013001995590235015,0.030668832254251488,THA,2023,1
0.21175483877397117,0.0015360506942962923,0.42330356238211037,0.12022400539695466,0.624034447266403,0.031157695259366052,0.042390526783833336,0.12358523914277644,0.7671697518071322,0.9121290477940356,0.500990247149296,0.483473529559158,0.0011060368761878637,0.03383486217977023,THA,2024,1
0.00195851035258119,0.0011273833794044135,0.002991020601002631,0.008026259172031773,0.003846025224894083,0.0002263546256219178,3.4062311627243995e-05,0.002231951340075364,0.054026680164669084,0.0009759870835949919,0.00431264241853233,0.0027685685107930237,0.0008895140742408908,0.00014948003991496569,TUR,1990,0
0.0011049535296428583,0.0018009948489422821,0.002593178363157819,0.06913858996751915,0.005252382810845178,0.0001635360971124966,0.002144285350283534,6.422490254976983e-05,0.06177681237552642,0.0912227825524488,0.0018221273039868429,0.00502113653873177,0.0015241326201085488,7.474165042109994e-06,TUR,1991,0
0.000260198749731226,0.0007842709503861609,0.0001197709766276573,0.05793875074277825,6.123239390215413e-06,1.4261640566475098e-05,0.0001480759612594989,0.00014077141306121247,0.12253314114645905,0.04964357179681746,0.0005852134636891018,1.1541561058475167e-05,0.0008688232138423701,7.365978714433053e-06,TUR,1992,0
0.00010222038049810266,0.004881175632687954,0.0010041114274856456,0.07473723471165103,0.0024066365335964554,6.397125607470193e-05,0.0008151452381363826,7.149072176795566e-05,0.09382193359427933,0.0860897671025276,0.00048436748038309765,0.0022722419489669995,0.00628146826607357,0.00029758035303026635,TUR,1993,0
0.010222134303867229,0.0017535535480091183,0.021785794102728514,0.10324873825946075,0.03644637680561863,0.0015129013284459595,0.0030757661330089274,0.00649937634935715,0.017382675392318303,0.20676872240202782,0.021943987212605653,0.030761185789456313,0.000728337171109067,0.0009735527778648002,TUR,1994,0
0.003386418691195027,1.0739601385527812e-05,0.006534163353160306,4.0369784494146937e-05,0.00951350748661289,0.00048023087490711263,2.7009634882133555e-05,0.005080803399961315,0.02354412986115602,0.007829955089971459,0.008200390357859385,0.00726493872321258,3.6607809181897774e-05,0.0005740115570636528,TUR,1995,0
0.010369506930958172,0.0013928750359650027,0.019848220461960702,0.007400581928390802,0.029711783230080783,0.0014410964248528957,0.0011481476887423641,0.007537428314944983,0.02993993125646582,0.04860304723658455,0.02333466950281992,0.02341231461961716,0.0005535151499942153,0.0011843842728338915,TUR,1996,0
0.0022446497566425087,0.001787181071873011,0.005096897761044791,0.00026172153108826535,0.007360198185846911,0.00038362454342951726,4.222182132007649e-06,0.0032176213876286474,0.014815819813923669,0.007399269480539857,0.006348672075956745,0.005450077399495744,0.0028834434384108418,0.0008514114452625738,TUR,1997,0
0.014595548949612005,2.1575164095576238e-05,0.02921341558390165,0.005837652221006193,0.04280051836269395,0.0021568661451032605,0.002552078531768022,0.009049823783767204,0.06224609365337,0.05616259261329395,0.03489653772888422,0.03297357914009229,0.00021834956323976164,0.0024641316377097397,TUR,1998,0
0.006050975500158616,0.016574161817440987,0.009031441943784187,0.0010088765491859466,0.013509414941383344,0.0006351060778401618,0.0007602660225485469,0.002916579589945796,0.023976496551525527,0.015565457932552356,0.010673924275986617,0.011125273065432767,0.016121715420594773,2.2819669231475063e-05,TUR,1999,0
0.0011498924419462713,0.009179636250094618,0.0014388654883350051,0.0013276815887352125,0.002227362324271763,9.73829360958967e-05,0.0012604928406050786,7.110317675013585e-08,0.0011773147729186955,0.004844753713749736,0.0015249079502606675,0.0019739990454000107,0.009694650325065687,4.553667712830345e-05,TUR,2000,0
0.026667316000542916,0.00966326019486521,0.04746388726994956,0.0012407845189274943,0.06914200469030904,0.003460224807481042,0.0014944237811486145,0.020721163383839187,0.15965397292351863,0.061723041397036556,0.058097570501203157,0.05392217817045766,0.006411577421899375,0.0022728791830785326,TUR,2001,0
7.673910528736388e-05,0.0062247399423076355,0.0003798017884736685,0.001512911669400623,0.0004751462144089229,3.221015510095516e-05,0.0012306855301507478,0.0021990537118513082,0.007255308998578759,0.0001964805352232096,0.0006444719031157853,0.00025758102844489564,0.007579666240968079,0.00045008733390985344,TUR,2002,0
0.00019751365188958015,0.0007825484401261818,0.0005082439010731106,6.436274495134681e-06,0.0007741943548066752,3.733420840197848e-05,0.0007355488156655733,0.0019205625306004353,0.0013430645899344283,0.0008801160878221255,0.00068297115392609,0.0005677373406463452,0.0010843541349707165,0.00014532495998544873,TUR,2003,0
0.001251602583545998,0.00014025414276693242,0.0026322074425517623,0.0005578446750653461,0.003962060778009216,0.00019194430366585772,0.00011997550005751586,0.0028135184062098324,0.004755698864467483,0.005861392680982933,0.003229858420709846,0.003049923379780747,0.0003577983752006353,0.0003034883281363681,TUR,2004,0
0.010408609579453752,0.0019668506587779927,0.01938114014087542,0.0031298479461321577,0.028691733620658712,0.0014094807231854272,0.0005966531218008885,0.008707277579597304,0.04377702525933958,0.03656481288223534,0.023270676717011978,0.0224800113676909,0.0009769408511251297,0.0011035847805860668,TUR,2005,0
0.02939691820939295,0.00027571321608932153,0.05822666330837928,0.011165775382722435,0.08536892835776719,0.004291728622486311,0.004808530819107733,0.018540973894997367,0.1260242422534784,0.11093674892250807,0.06959210806667984,0.0659045178700245,0.00010226124958336542,0.004664489542873256,TUR,2006,0
0.0335937545842858,0.0013012217009018058,0.06552249578638654,0.01317151737085475,0.09617654424294732,0.0048186455620754754,0.006201006291394698,0.019547168179385586,0.13995179609375394,0.12634062653981615,0.07807392598870556,0.0745474173698054,8.273722044282956e-05,0.004762180507418182,TUR,2007,0
0.0847407043165584,0.008553337041341565,0.16157487644809618,0.026820493332657718,0.2366071249617586,0.011865666994655884,0.017099460403904553,0.04517940105842351,0.37425082684139777,0.29328480316507505,0.19280166289013095,0.18384746069177096,0.0027898994758517523,0.010423814864926306,TUR,2008,0
0.07982544710708643,0.007395720262864328,0.1520287638888198,0.019384136480002544,0.22164167728719492,0.011188238620484047,0.016487667776969125,0.04160246034055758,0.3850964073273241,0.25561655424636404,0.1822263484116258,0.17167626021556312,0.002241952723139174,0.010013428971829521,TUR,2009,0
0.015348993217083046,2.1171499861393625e-05,0.03092261083592982,0.00424772969376531,0.04504972137017775,0.002290734406200768,0.0022612474025166386,0.010296069490659737,0.07516645927426906,0.05345666796950088,0.037268044954407074,0.034490839805734676,0.0006376599740924256,0.0028143672569717793,TUR,2010,0
0.00950164991937802,0.0018914867229091535,0.020403645305276243,0.0023984179549882147,0.02948270682782024,0.001528887630380416,0.0014551908006580467,0.006791487375393741,0.05178881394729072,0.03345692493247874,0.02476390668452737,0.02218937298303805,0.00398046756982377,0.002542485279344314,TUR,2011,0
0.01873619176895292,5.507613478265887e-06,0.0379004304057469,0.007982255538720347,0.055437040247243365,0.002804742481993533,0.0039495566550501,0.010689164588458852,0.0794611759945725,0.07342286580920583,0.045194714758741546,0.04261146194300771,0.0006230679020256429,0.003348732345646972,TUR,2012,0
0.013872391564683275,2.1585516128535863e-05,0.028579243534751927,0.012397743516451955,0.04236911608604803,0.002105888761260625,0.00357345895486517,0.007411522800843758,0.03977768563361379,0.07152543067418698,0.033428584085895656,0.03284209261244516,0.00060202485384396,0.002508175839069898,TUR,2013,0
0.02500826781287853,7.377552716540569e-05,0.05143915860257412,0.018245265840578537,0.0757882475859979,0.0038019805053518974,0.00703565098039387,0.012431449754922339,0.08284580809309403,0.11829039223628308,0.06047589959937421,0.058503863309605775,0.001249398267514507,0.004605831766011009,TUR,2014,0
0.02788451777687912,0.0002560911829159579,0.0575246915847205,0.01770143492305233,0.08464679631861292,0.0042543547127233145,0.0062073603488769485,0.01608388343172422,0.09978391807135265,0.12660743662628257,0.06804640744929709,0.06517119491490485,0.0020131786640389822,0.005366484754691256,TUR,2015,0
0.038038695233459784,0.0006926958319841717,0.07559614564462469,0.023311774210792734,0.11148434019747033,0.005561188972235691,0.009335373249347339,0.01955029994322977,0.13220825078731377,0.1665000355240548,0.08908975514183838,0.08656408951427108,1.2360944156279508e-05,0.005745044418178248,TUR,2016,0
0.034525084621648314,0.0011186990409208224,0.07248350937518086,0.025967729876982894,0.10665851105864127,0.005373337984535841,0.009570076060810239,0.017911533486435934,0.11557746924750129,0.16709007151996919,0.08533824161300387,0.08196466694998553,0.004474325152941354,0.0071906336602820175,TUR,2017,0
0.06454145025785478,5.791160482413625e-05,0.1304086987067764,0.02263081332434439,0.19022783648114008,0.009661333545861024,0.012523875750039687,0.03825362051302188,0.29478715770004554,0.23853421454792859,0.1562182276256283,0.1458776613814345,0.0024787357828893603,0.011715753637657096,TUR,2018,0
0.06753267620026739,0.0022794264200056,0.13283783750151348,0.03662896026183292,0.19562722058138426,0.00976663143024417,0.016107070023555835,0.034650629484710406,0.2470272366588893,0.28158429355570164,0.15691296885405515,0.15197796460691904,8.351386898197883e-05,0.009670151718157235,TUR,2019,0
0.10041657054587835,0.005307680387509992,0.1962135080896085,0.0545417224019152,0.2885180759421576,0.014430788887768217,0.029415428162453808,0.04416211368914472,0.3674066454609721,0.4132855959888763,0.23117606975286834,0.22436395009486054,0.0007390307753905663,0.013622018296531285,TUR,2020,1
0.03546737024403801,5.3484694503762833e-05,0.0722074844994963,0.03247928046205485,0.10723611219182898,0.005308878315814733,0.00935828922925197,0.01834961872265142,0.09802018157175563,0.18348695447273072,0.08426748310312687,0.08341102090069055,0.0005404225174455954,0.005906864857196463,TUR,2021,0
0.11819662174652838,0.005873415619150066,0.24905295614213138,0.07322852526308347,0.36400082133109546,0.018537531993742747,0.03796108091956925,0.054868473221546754,0.4502473055979987,0.5285404430267362,0.29447700543221395,0.2782761502139188,0.019436946723335798,0.025700262317468397,TUR,2022,1
0.08315313108555222,0.001249433636217894,0.16485919668079804,0.04042750452668721,0.24209970873140926,0.012148704733773105,0.019075291241415573,0.044043189869733296,0.32434650540961224,0.3356488100377739,0.19547650692917565,0.18738074750039097,7.96268211711655e-05,0.01277896217342105,TUR,2023,0
0.07156923852470728,0.0023465663501541782,0.14977436300391364,0.048341776043426245,0.22059390966837725,0.011088450394975746,0.01438853123047127,0.04468841010573479,0.2510016346744527,0.33644161302704706,0.1772762803659371,0.16948160932551773,0.009357086892070552,0.014949924678441705,TUR,2024,0
0.005538383640041072,0.00037061396299046634,0.010272106065051932,0.0004763798440561066,0.014096768793042634,0.0007775759545231618,0.003065714216332428,0.0009116520861597073,0.059949856736311286,0.004889265187390689,0.01283003399943804,0.010517597603166026,8.928965161280197e-05,0.0007588362769562271,USA,1990,0
0.00461734385027675,1.6535538314303232e-05,0.008860839024742608,0.00027067226726145045,0.012218110495840005,0.0006715448014912923,0.001971948055104243,0.001202201997484298,0.048711297518709624,0.004857873531938354,0.011091308067871296,0.009076132383557776,3.740840970058869e-05,0.0007877510751304872,USA,1991,0
0.014789022973183637,0.0018388714597027517,0.02738798505492739,1.5753819190138428e-06,0.03842738152799123,0.002050149659335392,0.007050916221681708,0.003225731598924635,0.1212334485270705,0.02312374891976011,0.03356542652220156,0.029162900291139122,0.0007552888869831776,0.0017842940556498353,USA,1992,0
0.01705011991279601,0.0011702278625268273,0.031895492044937794,0.0001430902073530853,0.04442369416583259,0.0023989667326193434,0.00811151475033096,0.0037490127702984257,0.15503833244652987,0.02273235339234458,0.03939600796613671,0.03345219346744322,0.0002813294375824917,0.00230732563446667,USA,1993,0
0.01702665123015081,0.0019014714418800214,0.03162255348879293,5.449853640980488e-09,0.04428882562308112,0.002370319037751909,0.008569678321994744,0.003451705732018914,0.1417442578095702,0.02607312655996638,0.03876714446860455,0.03355830863244347,0.0007243759666280744,0.002102767294149585,USA,1994,0
0.01426451170487924,0.00026673878227808897,0.027723632295799543,0.0009822490224972418,0.03935069301802198,0.0020755918056353144,0.006842134646180506,0.0035619665019697108,0.09513558201304828,0.03320223869254033,0.033535730218517974,0.029879031042716886,1.4524505851000736e-06,0.002194551255662068,USA,1995,0
0.015520698042317552,0.0006722270871437777,0.03009608940420242,0.0032902023162176175,0.04328477169240226,0.0022378853948920026,0.007125908925101337,0.0042014221885629905,0.08253484757222206,0.0461218675252222,0.03593178734485737,0.03321530539085912,6.688617027030854e-05,0.002184264051648499,USA,1996,0
0.014430233763564206,0.0009996101744861206,0.028020663164832444,0.006513530277879053,0.04081177649434565,0.002071021078595604,0.006757290252734956,0.003945594846951109,0.05888890872438517,0.05392546147378224,0.032971726663966555,0.031625928021375344,0.000221273939488046,0.0018853962431696273,USA,1997,0
0.015887521256319766,0.000858565944886737,0.031440731824891086,0.014814944050877167,0.04656685694694129,0.0023092878499112505,0.007010670395358999,0.005036573903380385,0.04273991107706615,0.07962690813528213,0.036361235048528756,0.036424391981147726,0.0001231260323911832,0.002125870904978113,USA,1998,0
0.0219155212335431,0.0015407264464436666,0.04284456638824195,0.015832589303467308,0.06330400405212545,0.0031446084937480803,0.007579698447208208,0.008526985892589049,0.06848767157765959,0.09962219723574414,0.050010384313129055,0.049453253205918535,0.0003348712008517693,0.002835514118562834,USA,1999,0
0.014981070307030912,0.0011733788546111578,0.029524850565828258,0.0172898981803477,0.04422922577323025,0.0021536709416560907,0.0047356466251872375,0.006545546265486552,0.03224622392801666,0.08372363113547536,0.03399900540348525,0.03485510599460728,0.0002836023561976902,0.0018850187988456962,USA,2000,0
0.011448131995198367,8.930802727996502e-05,0.023529716465348804,0.01967267140408215,0.03558946576919039,0.0017163041886113968,0.0034645563953375875,0.005671258639792918,0.016442019119111802,0.07882163649230195,0.02680822940195182,0.028051122682038784,5.9544418884471764e-05,0.0017812887442929751,USA,2001,0
0.012880992766398551,0.0005097702709382559,0.02573964637537566,0.015503098669856203,0.03858890035628719,0.0018796103869559403,0.0037327455429780956,0.006161975603750537,0.027088788643319667,0.0741138612433243,0.029667019372729017,0.030343869163953298,3.1422618433028764e-05,0.0017839560653891133,USA,2002,0
0.02685093880260404,0.0017984314977846126,0.05241914217381023,0.018442148388406406,0.07764910284695124,0.0038395965540487446,0.006770586536730884,0.01326952195026214,0.0849683464559813,0.12146025885931196,0.06145278053340114,0.0606921756232378,0.0003615172361971528,0.003505702197511875,USA,2003,0
0.03127309882246028,0.002643732621785822,0.060724343366617896,0.02153490994587335,0.09005916171874725,0.004442036993127205,0.007501985190836605,0.015846832364464908,0.09774799891307127,0.14154040095083392,0.07117422922818754,0.07050462163621994,0.0007088969629289067,0.003927714645525989,USA,2004,0
0.027994636263643274,0.0018023029610991846,0.05489095472221969,0.02299446902754023,0.08170409738817691,0.004012594585091559,0.006666867124997745,0.014575956584420938,0.07864454340651775,0.13659033331544357,0.06407256591690769,0.06403484912660201,0.0003374819775440238,0.0036649712106316657,USA,2005,0
0.02630109068161378,0.0012577587204299794,0.05269542205611567,0.0405243594832135,0.07988507747908477,0.0038257917252440036,0.0058253137305785355,0.015282226210244316,0.04070285771381197,0.1718704567069027,0.060303869826746265,0.06324383088327867,0.00012529424542640963,0.003537897471789793,USA,2006,0
0.039728160987369206,0.0007367977698590128,0.07902517912959137,0.026165324810383493,0.11681676904438763,0.00580654299456456,0.009091086669086047,0.0214334263736134,0.1320466068188219,0.17929945371335232,0.09301456667507944,0.0908272883365996,1.158315800203346e-05,0.005985285555764862,USA,2007,0
0.029719099122200353,0.0002842677510550823,0.058574380033023475,0.007514537494094396,0.08517515597113012,0.004333727055451489,0.005937057318856316,0.016592863061960037,0.14737410001901902,0.09834960665964688,0.07040628850452926,0.06544130601412929,9.535129100459956e-05,0.004731342809603824,USA,2008,0
0.02278865655895896,8.147580943640496e-06,0.045859645680224256,0.006884275982823249,0.0667923465880574,0.0033982077506360155,0.004142760756726295,0.013841839663914363,0.10901238932287736,0.08061166000233673,0.05509725299105967,0.05117862693214615,0.0007698952752536865,0.004097053077783294,USA,2009,0
0.03446449322410994,0.005164378125497878,0.06527890103749184,0.016172750150345583,0.09668363560140705,0.004760646668378082,0.004958628686977639,0.02190294520830531,0.1260480977082833,0.13674020784578167,0.07738331530732677,0.0757685679431875,0.0022424274852268877,0.0038614437895148,USA,2010,0
0.022881977771232565,0.0011526007212777766,0.04490453020269203,0.017658536628158254,0.06716772515668462,0.003271442992805728,0.002516351447782917,0.017236958306487776,0.06505593151136953,0.11194950108926335,0.05281129969775499,0.05267318847277941,0.00013450307854339462,0.00310834119862916,USA,2011,0
0.017721926855937715,0.0016366522416736192,0.034786785334666975,0.023627375698998566,0.05293063811017082,0.002512184642233047,0.0018100769084792405,0.014039962122188705,0.030261403205414067,0.10974055893333093,0.04016457055381678,0.0420427139316809,0.0004571385651186211,0.002159631289675207,USA,2012,0
0.017324279870328554,0.0016355859149667711,0.03360173866291846,0.014292192107059348,0.05037064529291051,0.0024422087168799755,0.00217776177711509,0.01226511964516057,0.04625694138511635,0.08621320145725848,0.03935674611200917,0.03966232372192007,0.0004803250984322579,0.0021259185038358134,USA,2013,0
0.01694647236400398,0.0016915883019969374,0.03319419682581362,0.021750360635291427,0.050337671496897676,0.0024015670647580365,0.002375295479427512,0.011861431581617555,0.030603477406215576,0.1021494841515715,0.038298899440656405,0.03993689982696235,0.0005153875822631209,0.0020356978958149933,USA,2014,0
0.017142028228575534,0.002132251547715484,0.03319539724573581,0.017271248631062906,0.04990458240706454,0.002409836805320376,0.0031267009261360746,0.010325560806743687,0.03934034628584307,0.09152790094709097,0.03851964690572384,0.039447773485727734,0.0007980794990674471,0.001976878359878943,USA,2015,0
0.020715893113916754,0.0015122063431354897,0.04025696478889599,0.012745404266179854,0.059589682258237464,0.0029475470980005317,0.004537561383928593,0.01106842281060152,0.06915358174138184,0.09022484585994518,0.04737234600900834,0.04655554793236008,0.00034141070801103354,0.0026736130882837324,USA,2016,0
0.02727280252837646,0.0021973461371003747,0.052787762521647685,0.01556607399114373,0.07810366353019431,0.003863520466341509,0.0054623762897709795,0.015218714179821352,0.09409340616199832,0.11574554625046757,0.06226018850941316,0.06101605870271929,0.0005594112395040175,0.0034667991030963015,USA,2017,0
0.0239752930890416,0.002375389759748811,0.046184009811248004,0.01352486367738195,0.06825778813913592,0.0033808150034126275,0.005497792378529136,0.012253520062121624,0.0832080107543965,0.1004750508916518,0.05440022391979788,0.05335545214674654,0.0007519898187767875,0.002933923733075545,USA,2018,0
0.02651052387531027,0.0013457645637850383,0.05195305307249245,0.01687308537067559,0.07680936352887888,0.0038107080616175716,0.0064616113175968316,0.013429228672993884,0.08827317800956483,0.11688885024401395,0.06107834166060449,0.059896688643013084,0.00016905994610474375,0.0036071597807494854,USA,2019,0
0.007760213247422496,0.0009657591607156373,0.01688126247701931,0.009222379569908507,0.025186823594858482,0.0012469132315073813,0.0012995962310494039,0.005720085046137311,0.018711200918421537,0.047099696199081754,0.01974026383219945,0.01941106498021885,0.0023499111885048798,0.0018802882394023087,USA,2020,0
0.06749818914453226,0.005678544802449968,0.1308717324859252,0.042300565125063354,0.19353226239010907,0.009586718372679503,0.01732598492407842,0.03248615986697458,0.22390591608432536,0.2935687157414031,0.1536790710478919,0.15126021043020513,0.0015239690716160063,0.008498607419779454,USA,2021,0
0.028145964047553765,0.005137872311391831,0.05354733968989625,0.02041753261525094,0.07949565081890897,0.003906947163906658,0.008511165923410627,0.011731281934077823,0.08347586019873342,0.12730317867523372,0.06239404679848799,0.06257551644025149,0.0025171483703599526,0.0029636197270913834,USA,2022,0
0.040062704581928975,0.0040937871124438075,0.07661938297182135,0.01344944848048156,0.11153980704432444,0.005651012958673233,0.014454655350932382,0.013947301719175116,0.1784881795910091,0.13703174620790662,0.0908584912768721,0.08648685124497765,0.0013705098211265968,0.004908148395506041,USA,2023,0
0.04573741041836464,0.0028429925260657716,0.08881552431699533,0.01923103391024118,0.12954732226178836,0.006556818428836071,0.017442417016450964,0.015639435097539654,0.1902936580888109,0.16909558285665874,0.10492419285702043,0.10036942283324778,0.000536345842720675,0.006084470158755767,USA,2024,0
0.0002561151691310806,0.000812895114422054,0.0007238596997124581,0.0027292443393625507,0.0012796354058684219,4.949011306117714e-05,0.0013207680160359843,0.0033490699807591194,0.0005947683857218509,0.007184272367230291,0.0008311908362161093,0.0010373664383086794,0.0011769022024350948,0.00015898328307092997,VNM,1990,0
2.7248137857244843e-06,0.0019962561206326177,2.9454627409054743e-05,0.0021142388665996484,2.5760799196814647e-05,2.876069163269921e-06,0.0012852850539064882,0.0013055113302428163,0.004461284807583004,0.001157248061406043,9.35082600478478e-05,5.429855294789795e-06,0.0023753454057655193,0.0001169997240292253,VNM,1991,0
0.0025015721714889516,0.00039544435413598,0.005037352300482288,0.006180431871836668,0.0074289748423736705,0.0003737163124981512,0.006233491749289475,0.00017379208767814047,0.0025282330486276084,0.01787797892196874,0.005418206453740461,0.005877297101029979,0.00018455284612284558,0.00026283229604301346,VNM,1992,0
0.0014212780501340048,9.201849128971233e-06,0.0030088911893968702,0.0037819995919022953,0.00476385202057051,0.00021403386134745322,6.531828558764525e-05,0.002991460477370382,0.0006172573867281826,0.013709102439118895,0.003457853625048083,0.0038152471799284622,0.00010004814881278145,0.0002619478544830498,VNM,1993,0
0.0023123389487613114,3.606459546529734e-05,0.004660832473634259,0.004555432239377643,0.007439841637006637,0.0003274042446975389,0.0007441522413111786,0.007059542889582235,0.001620269982370586,0.01972814902646438,0.0054749503750235445,0.006000564535777959,4.547947259694349e-06,0.00034605338178792156,VNM,1994,0
0.004247986135924911,3.365868706549384e-06,0.00876251784764312,0.006278340520971653,0.013531415477439511,0.0006300226149735248,4.180769214771611e-05,0.0073164126511211895,0.006245817024418161,0.02998360993521352,0.010280775876309555,0.010698901727078687,0.00017716023735182793,0.0007535231567232212,VNM,1995,0
0.004027073685856922,0.0002544273402435937,0.008237794780400801,0.0011487236319214368,0.012607025011623007,0.0005917250859079077,0.0027058916951609936,0.015449212085320284,0.01608711376800074,0.018008790146749658,0.010349034609763974,0.009778921959603908,0.000809260187191243,0.0009119331060089721,VNM,1996,0
0.00025365011120183535,0.0006468202166127774,0.00045868026147193584,0.0075722741907718405,0.0005543565302894963,3.558823749661581e-05,0.003824568163749224,0.005231025828116103,0.022715504256761884,0.002783067188137475,0.0009088636085155494,0.0003318948595872392,0.0009081588406631015,0.0001703717724642292,VNM,1997,0
0.001747500946302681,0.0009552966289982668,0.0037799692978674835,0.027365134689975035,0.006124600153764399,0.00027071032484691425,0.010195049891132272,0.0014755926850929457,0.006994358404795767,0.04228096445547162,0.003365975950499816,0.005205307901686816,0.0006987089122676005,9.231830608994822e-05,VNM,1998,0
0.006693450713414256,0.027536243410417986,0.011595220267375226,0.10204783070967625,0.019791028836359147,0.0007837692199737887,0.025126858469151206,0.0023091913889451087,0.03581290541869835,0.1568396357808492,0.00993200040887592,0.01792741899904349,0.027475251976196616,1.6330738565849193e-05,VNM,1999,0
0.015263949020884902,0.007295570424642147,0.02969037945051694,0.05125828558703845,0.044598521605964885,0.002174184813320023,0.03946437850500935,0.0013673037813208236,0.0056402689740166646,0.1290586321180987,0.031136254605283308,0.03601548220096347,0.005287063680196426,0.0010173608703686475,VNM,2000,0
0.022077266799088554,0.004401863083253701,0.04381702133437482,0.056848932810029534,0.0662412483195128,0.0031947201323948627,0.025674023383265677,0.0008843678004348531,0.015864713487890116,0.17242035199515532,0.04778035042926641,0.053023428027884976,0.002252792782355552,0.002172954440500529,VNM,2001,0
0.024469110613481226,0.0005100985242464719,0.04919376219356637,0.014142930742855695,0.06971370062074742,0.0037162140591483206,0.045504915916653885,0.00021611291135715318,0.1050956935496241,0.08912167197545177,0.056390498474210835,0.05325976212542289,2.7911537018858888e-08,0.003644151524709803,VNM,2002,0
0.01788005319777636,0.005478393490833381,0.03383516084909685,0.011049355935617382,0.047628730302608696,0.002551672907427107,0.05016468440505351,0.0031116715217715998,0.0725433438755203,0.06064846540891853,0.03799437550056643,0.03683753821738883,0.0035851367291728927,0.0015716463297434195,VNM,2003,0
0.019703704896817945,0.0024302385704026083,0.03955837030432026,0.024296557133806764,0.05501356929549232,0.00303280593564239,0.10379523641320795,0.018030798898169643,0.061403749076536555,0.0848815776052254,0.0427997478928293,0.04219849516084382,0.0010606571675877807,0.002240902787820107,VNM,2004,0
0.011705611243640975,0.001980389314191072,0.022716746593713175,0.010734980604604065,0.03282318649979409,0.0016920192646396443,0.019001044088272957,4.980770666796788e-06,0.03537932189861957,0.05175319516378732,0.025657918874324892,0.02557871779279501,0.0009722213137582621,0.0012470527685505136,VNM,2005,0
0.01032812278714683,0.002234182070157219,0.02042604658509845,0.022872307463281238,0.030273114863854676,0.0015067092494803272,0.019964809840028987,0.00010213307815645554,0.011611747153210167,0.07072660867308488,0.022191334662553342,0.024029737431117523,0.0012194037485075222,0.000994609158601641,VNM,2006,0
0.004738500378360148,0.008698054468093238,0.007827072415196862,0.0006958666890886126,0.010188824035755023,0.0006080119105595858,0.04159379604985482,0.0138676761917611,0.03282375123180506,0.005989531764302507,0.008453968676543806,0.007839684849991676,0.008419208992138178,7.32249744655869e-05,VNM,2007,0
6.615194792595629e-06,6.716328910273048e-05,1.5750366881736576e-05,0.004462311412342885,1.7569929397835965e-05,5.193099136898659e-06,0.022270093247855265,0.019497689684181828,0.01614354496168436,0.008317337656589001,1.553829633960844e-05,6.024304778189544e-05,5.3324590212261544e-05,1.0666128295438283e-05,VNM,2008,0
0.0012414546304560029,0.0012623247442556753,0.0028527948264228608,0.04084345223514788,0.004789391712278559,0.00020339635417448109,0.017485930039565098,0.0053368454407419046,0.02083230931131384,0.051816296414267,0.0021439804205196176,0.0042214873506142,0.0010594169059428046,3.0120187166772362e-05,VNM,2009,0
0.03207544712220408,0.0013873375954243394,0.0643263086680357,0.035812699658777335,0.09443083609640048,0.004762439427720491,0.03003775077888373,0.0026677878363379533,0.08111344485199565,0.16640199379885215,0.07325665313821243,0.07362249644484424,0.00013055281987581004,0.004393328989462428,VNM,2010,0
0.01600507806079808,0.0011970948195615032,0.03295280215583756,0.00024596588180935796,0.04425012218203246,0.0025597043545758217,0.027184432904488107,5.528975670195305e-05,0.17453702044535171,0.017832219729441684,0.040248563015600265,0.032171654157662245,0.0031834449110260915,0.0037478476069718134,VNM,2011,0
0.008269546734199766,0.0012519332907423176,0.016282517416537187,0.013707331893375476,0.024295866621639517,0.0011930297497210803,0.007608160847633197,0.000723061427761832,0.012888206309122909,0.051622887116775595,0.01821232090933977,0.019238862902083497,0.00055212791283172,0.0008944489383834238,VNM,2012,0
0.002501795496936985,0.0009208873185486883,0.004935046021069341,0.008992179557790926,0.0074841817688775835,0.0003598112238829068,0.00514195070708667,3.95120694977778e-05,0.0006446168507327026,0.022693179075493876,0.005197762396288551,0.006051854056557161,0.0006117503844730932,0.00019088747717691052,VNM,2013,0
0.0006231323221163752,0.00039102587453816647,0.0013400990770387783,0.010924531430912194,0.0022459844529469104,9.386705301192559e-05,0.0022309828733592684,0.00011065432303554554,0.0036503784749659755,0.017140302537259906,0.00119513325255735,0.0019387741473295501,0.00029032966837281156,2.935103668209585e-05,VNM,2014,0
0.002734954908720662,6.132345513817598e-06,0.004725281326240195,0.017543630884249727,0.005734750546616532,0.0003737792022256689,0.00010920154265740751,0.0017278570627980892,0.10374828701274058,0.0040326361839539,0.0069628271977545736,0.003855013580776764,0.00010205026633898656,0.0005667551483841752,VNM,2015,0
0.005158933771143541,4.480920587058669e-05,0.009389656914314119,0.01616557537470494,0.011824045931741446,0.0007367878127655979,0.001309853617307331,0.001644251880384785,0.14163348041136745,0.001236859007055714,0.013034773535291068,0.00818750815917845,0.00031151667308739687,0.0010857143760747649,VNM,2016,0
0.011896769276998216,9.319642255927967e-05,0.022172315893634664,0.005300236796298782,0.030092646430259377,0.0016849537177290076,0.0023853355754679395,0.0053738812521954655,0.16753847037413636,0.004690096037045536,0.028703155470585315,0.022087343411231235,3.960097901436759e-05,0.002004139156359226,VNM,2017,0
0.012040292247186009,0.00030540587811170777,0.022063261333540904,0.006561155516714204,0.029963680592314693,0.0016717651879868895,0.0015591806370046392,0.006653703552029103,0.17487050376926544,0.003855206095935993,0.02875941731491008,0.02203215324799642,4.2195137299692625e-06,0.0018854087906784076,VNM,2018,0
0.012536099646953546,0.0002391170863893698,0.0223819460044739,0.021664389588143585,0.029336911876752976,0.0017185476179700523,0.0013871805666347034,0.006745008226704075,0.26071345890159026,2.5750890372084625e-06,0.03031593804851108,0.02103017433691998,3.994921007920078e-11,0.002056032052003122,VNM,2019,0
0.001935817646908679,0.0008225612629959744,0.003625246737544186,0.015301775523224577,0.004412061177612096,0.0002883215693239978,0.00015309524778826214,0.003154587271100077,0.08315012538585162,0.003563906581026129,0.00551360188656238,0.0028904472061213877,0.001403679689061318,0.0006722948814711449,VNM,2020,0
0.008735635464801916,0.0005409359216925255,0.018526284468608295,0.010028614050648615,0.028297312956051406,0.001343807088466873,0.00012767334558330698,0.015736299874143548,0.01821626496793566,0.05605299779704487,0.02202271318986768,0.022081948896061625,0.0017121086002654501,0.0019323037291285785,VNM,2021,0
0.027470803346038734,0.0026072844546912227,0.052626446239673746,0.012013549219761851,0.07784623397874164,0.003844826384704983,0.0032861972169913336,0.019087636643637017,0.10484303385939527,0.10778102293882383,0.06263207355737999,0.060788385165252375,0.0007865438031025491,0.003406137812981269,VNM,2022,0
0.002734251810236778,0.0002839881673750932,0.004623994209024829,0.008388482050775388,0.00589236520182573,0.0003572824669653746,0.00032596561020543214,0.0012567673680871055,0.07088533131816359,0.0006241384974197776,0.006438286744951085,0.004169389815520376,0.00011290340410497753,0.00037120559421454394,VNM,2023,0
0.005051884392330998,0.0014294824719782036,0.009103773574199885,0.0009664762605969987,0.01381379400239406,0.000648289390554011,0.0007732812044245375,0.011163278788835072,0.021080313904953903,0.017644889658569363,0.011235468079056779,0.010951287988564274,0.000834330119900599,0.00047300706137886613,VNM,2024,0
0.006009209470181363,0.0004883686520113257,0.013418160752215634,0.09350429186140254,0.02368688388529121,0.0009059158508771042,1.559746655738145e-07,0.011331603012085375,0.03429733319130847,0.1746697860687982,0.013191322566392097,0.020431459118502315,8.009431183616225e-05,0.0006585241414317412,ZAF,1990,1
0.006105812538848328,0.0007867686643056371,0.013130714684760073,0.06626264326196052,0.022344554032656918,0.0009024130943607367,0.0003248265595070103,0.007463377712502954,0.013910798362828478,0.13368451762518951,0.01329435067730867,0.018959927618600506,0.000251522976228655,0.000625173153833451,ZAF,1991,0
0.0034204757012057867,3.795533959942954e-11,0.007635314994726307,0.027513148778076275,0.012508982957314316,0.0005387402364309733,0.0005953830270971829,0.002978174662534895,0.0021654169846780204,0.0606124145635664,0.007979369470535265,0.010306981187653727,0.0001122107765981113,0.0005514691159942704,ZAF,1992,1
0.0001159986438480034,0.0011673834101989294,0.00041900642955822176,0.0019941493907651426,0.000680275487726687,3.11673593321623e-05,1.6421335904752724e-05,0.00020406532969150293,0.00038297719007048914,0.0039406929680332525,0.0004401520605873098,0.0005218685953126216,0.0015306548131532767,0.00013541892690180194,ZAF,1993,1
4.760314675774368e-06,0.0001301941877276427,7.534932581294282e-07,0.005730305508891053,1.9408386680169307e-05,7.932786460969253e-11,6.649843616632019e-06,8.984630093324812e-07,0.010333490432530002,0.005560560613833384,7.364868826039685e-06,3.0468781249742755e-05,0.00015820631059066499,8.862193924647564e-07,ZAF,1994,0
0.00010016638342055598,3.731480232210374e-05,0.00023328097051417246,0.00017201582154150252,0.00033295905693765795,1.787438609272646e-05,0.0002711741303768837,6.5894403304759744e-06,0.000249932403995871,0.0006175049899381524,0.0002602035760339547,0.000250606698233006,6.719029133967488e-05,2.97783665949014e-05,ZAF,1995,0
0.0002358627171584998,0.0018512384222954539,0.00025970633746486493,0.0001342797814288481,0.0003704655052025676,1.784170458994537e-05,8.921339453102922e-06,0.0001060800366469261,0.002446735211854098,2.8698549510214525e-05,0.0003317521714747882,0.0003124207136252038,0.0019608241528406146,7.495165738118335e-06,ZAF,1996,0
0.00023377056439783517,6.12996651777903e-05,0.0003959157595473993,0.00022568858913080746,0.0005400539778310253,2.9578688728886656e-05,3.9368187502728355e-07,0.00023118914563336382,0.0037136584987898474,2.7800768915188768e-05,0.0005288004788698475,0.0004016722782628939,3.742367972323485e-05,2.413523421048562e-05,ZAF,1997,0
0.00037629593539249666,8.746328536742285e-05,0.0008748342637206488,0.0014473577646935513,0.0013346939948727771,6.45480021675732e-05,0.0002924445284188785,8.875230823868721e-05,0.0001119171407426325,0.004036238042361305,0.0009596445283533015,0.0010445551057158518,0.00018049091690208453,9.89820623245364e-05,ZAF,1998,0
0.001873347990804216,0.0009343506299956024,0.003199317605953555,0.0002183401699801807,0.004445913125390099,0.00023797552479183263,0.0005594141092016112,0.0005633235810263634,0.01934913473393708,0.0014766889264308143,0.004014197065010778,0.0033890469109095047,0.000698947756732715,0.00014009509813124195,ZAF,1999,0
0.00564586831803512,0.003910344919557615,0.009885447479121016,0.0019506584477828532,0.014614643050209755,0.00071503062708526,0.0012837393969812876,0.0024750382244809518,0.021735631441618174,0.01903169383684096,0.011663049246152161,0.011618311405493303,0.0030886079464850637,0.0003216082879326333,ZAF,2000,0
0.003813401673306776,0.0009422343987423643,0.00705949154422887,0.0010924019991863528,0.010305043812041153,0.0005177472912450189,0.0011642589517887483,0.0014510291059402947,0.017130792236395038,0.012325281949833584,0.008384174420142023,0.008045581512659373,0.0005427328096304537,0.00037088000268035136,ZAF,2001,0
2.7911457086730893e-05,0.0014180536561810635,3.198824006846199e-05,0.006212934746873893,0.00012809759844916493,9.341227801335737e-07,4.807885869060046e-05,0.00020513078331522313,0.009494810722115974,0.007335882077861191,5.429025823343069e-06,0.00017453812613427193,0.0015450310634562419,4.313851179625734e-05,ZAF,2002,0
0.00045647059805840895,0.0007105756395680323,0.0005143474331177779,0.015315153557005372,0.00044473665662367014,4.410089005563097e-05,0.00022809466539174466,3.28825557547086e-09,0.047729515457709294,0.010258516194671247,0.0009563277393445904,0.00024248259103588384,0.0007038325090781958,1.8168916142797983e-05,ZAF,2003,0
0.0008441248667123166,1.0361563361840152e-05,0.0020074225095778244,0.013657155052374238,0.00351755275607917,0.00013709450518740237,8.635249806288456e-08,0.0016941636790286686,0.004881462489758167,0.02559063537259637,0.001989054408950361,0.002993103779439732,8.354601656252909e-05,0.0001464004457085518,ZAF,2004,0
0.00188287459941759,0.00011356708531332619,0.00428010716647429,0.03297189488992027,0.00760695637109685,0.00028856746967658657,6.454372896332668e-06,0.003344290184293245,0.013520053176501096,0.059630026245957354,0.004144128658880897,0.006582926448943344,9.600236931977452e-06,0.00021463060828239458,ZAF,2005,0
0.0014835191288590376,0.0006147635871791417,0.003252148574852036,0.03449166368966873,0.006077331848869982,0.00021158911486466513,7.539961009564215e-05,0.003817325760862703,0.019820865514164614,0.05876873023344708,0.003015556340589966,0.005440905519475563,0.00036426327426184216,8.995372516588761e-05,ZAF,2006,0
0.0023390332408420905,0.0005774692412862825,0.004884546569155837,0.022520416813509136,0.008242074915903157,0.00033626106933391965,0.0002206485168757327,0.002387442614918002,0.003799011229629129,0.046487972229627084,0.004970861823636391,0.006990874956239501,0.0002944329782406013,0.00019872174763981625,ZAF,2007,0
0.0006536753107602544,0.0016863059813302982,0.0016661086598871,4.770119584770841e-05,0.002288025187848576,0.00013070986817560138,0.0005937980687040551,0.00010799544048778176,0.005911843914232369,0.0017534618925395303,0.0020444601383479075,0.0016211947986589821,0.002354969076605738,0.0003882840072322876,ZAF,2008,0
0.008869482764789913,7.505746609228751e-05,0.017733196054894363,5.8451975099266434e-05,0.024835820662391185,0.0013406264672231928,0.0041510644333604945,0.002356855607606999,0.07288666521543798,0.01646812556824614,0.021771069028544594,0.018558214384145507,0.0005853187265432151,0.0017438771806417856,ZAF,2009,0
0.001531752979558783,0.0003314582718661005,0.0031925719920157906,0.000239666599595065,0.00427425540751543,0.0002481648566433077,0.0014377147616666495,9.697715333052078e-05,0.020162562146216673,0.001125668893819761,0.004016774238769423,0.003071193782293258,0.0006574908883710223,0.000427158976311605,ZAF,2010,0
0.0043366440000937485,0.0008841798573155357,0.00962738258018959,0.005302976903078353,0.01418227068644403,0.0007185185082353877,0.0020667836400302107,0.0015935635212144328,0.011275912716883552,0.025743355993236742,0.011166137968776487,0.01084172385198806,0.0018589579680655833,0.0011426193796782477,ZAF,2011,0
0.0004028731947716104,0.00295292779930798,0.0012359383928504874,0.00046585671085466485,0.001733919658974142,9.777847657585532e-05,0.0004974532906856166,6.608039061815928e-05,0.0020078442719293297,0.0025685423464749642,0.0014673022826684333,0.0012184961366526054,0.003864480338656038,0.00040562416991823464,ZAF,2012,0
0.0006946346084969859,0.003424473947766998,0.001939701713114278,5.587666890381455e-05,0.0026140310352548296,0.00015515213261501265,0.001160232102244619,1.436776676439151e-05,0.007088835421565199,0.001874548940745814,0.0023724381232347828,0.0018057744153489503,0.004555847397622725,0.0005673660133713501,ZAF,2013,0
0.0006900577853306944,0.0016682734940386345,0.001743499186792386,1.3503406277416787e-05,0.002351813104400709,0.00013802398401106133,0.0010612771010546133,1.1025493377765382e-05,0.007179093682307146,0.0014465214555072876,0.002135566221897466,0.0016521084233172216,0.0023325862358492887,0.0003989290613909001,ZAF,2014,0
0.0018235449765272803,0.0010802418381607082,0.004133118608274935,0.000277264273085002,0.0057583957883707805,0.0003182482937551223,0.0018079987005500432,0.000167423011582859,0.013073644703023444,0.0051400439886478706,0.004977194053030077,0.0042169291009819644,0.0017916869354705196,0.0006302844676451793,ZAF,2015,0
0.0020338705412991888,0.001824557297618115,0.004724871872255662,0.00026258824631305655,0.006571025405753933,0.0003649722579008886,0.001822432182912885,0.000266461515633517,0.015335907576819107,0.00568770517580838,0.005722437695077975,0.004779934079013804,0.002851167533696337,0.0007990032068010696,ZAF,2016,1
0.0014236492432900302,0.00023867488625803004,0.0030196701994674425,7.798894221634488e-05,0.0042323193731025515,0.000229858500053585,0.0008346345839255895,0.0003231944185381451,0.01079719651692475,0.0033371065983500495,0.0036785906775772224,0.003136706675543697,0.0005152516313615939,0.000371889300122945,ZAF,2017,1
0.0009923262110262615,0.0008303194837592529,0.00227761343114975,4.797985437147169e-05,0.003153286849109224,0.00017602154485537563,0.0007748041796726012,0.00016589555837843694,0.008387436005365786,0.002350441453846717,0.0027850216786110714,0.0022870754417482035,0.0013086868588482957,0.00038257779965740143,ZAF,2018,1
0.003975179944050588,0.000687272406707565,0.008534233856222689,0.0007593986963950884,0.012041502679639313,0.0006488314378666231,0.0030092879300050884,0.0006134265477339548,0.025098858475301442,0.011748362011707767,0.010236891645828096,0.008972717473624643,0.0014743662156652378,0.0010369626656387514,ZAF,2019,1
0.019150773756568353,0.0014589823782689222,0.0367282804510572,0.003975923659689992,0.05280985479141915,0.002728230486264182,0.009412281796897282,0.004641753521375057,0.10151020354467155,0.055915228829453,0.043780889366777015,0.040614820608001964,0.0003730487693865613,0.002487479069262562,ZAF,2020,1
0.026680730103583846,0.0023548975510361905,0.056842982478923124,0.013617820348903421,0.0820268343746594,0.004267586253006228,0.014713002531379365,0.007192583352103288,0.11757255181299095,0.10829796853858592,0.06720539108696955,0.06217049699483573,0.006241218919319423,0.0062200731194664545,ZAF,2021,1
0.03505289225142535,0.0011529676423046903,0.07331148015652991,0.017212324178593506,0.10580178201629711,0.005493007520826391,0.02049206222290942,0.008346243340178713,0.15404197760897234,0.13834036499614563,0.08652435051559963,0.08048426208034717,0.004487513121342633,0.007345515304384491,ZAF,2022,1
0.023864039093176546,0.0006240321961733088,0.04952077352905651,0.007538936017854143,0.07059217435767444,0.0037321928960028323,0.018377563429660536,0.0033056346328059517,0.12581261747431124,0.07929523279708257,0.05870844535159852,0.05336327051776455,0.002666694333740778,0.00492974341951466,ZAF,2023,1
0.015305035859937033,7.574011496360248e-05,0.031332871994872426,0.005476425138934551,0.044903459453025034,0.0023510494231676095,0.010640157574363613,0.0025408707594483265,0.07543001155780439,0.052933004087609474,0.037062112440734804,0.0341402911026351,0.0008517075664171539,0.002888142719630451,ZAF,2024,1
