economy,year,GDP_Growth,Inflation_CPI,Unemployment,Current_Account_GDP,Reserves_Months_Imports,Exchange_Rate,FDI_Inflows_GDP,Exports_GDP,Imports_GDP,Gross_Savings_GDP,Investment_GDP,Manufacturing_Value,Domestic_Credit_GDP,Broad_Money_Growth
ARE,1990,18.327722868088,,,,,3.671,-0.228435623011063,,,,,7.4941091787092,,-8.1977590681775
ARE,1991,0.860104327799661,,1.629,,,3.671,0.0503180685318389,,,,,7.42286899715591,,14.5428216797683
ARE,1992,3.34528166209122,,1.715,,,3.671,0.239162869136316,,,,,7.58371616742685,,4.61591716332551
ARE,1993,1.26109792945728,,1.901,,,3.671,0.721470662010679,,,,,7.8439768730339,,-1.57672886305765
ARE,1994,6.89607573397633,,1.834,,,3.671,0.105319758629899,,,,,9.47198136804241,,7.89739092304319
ARE,1995,6.68766930139498,,1.8,,,3.671,0.608196037026374,,,,,9.73766102208178,,10.2183749221057
ARE,1996,5.79855087420329,,1.836,,,3.671,0.40847495897905,,,,,9.54330252860431,,6.85955187374786
ARE,1997,8.19026264308846,,1.906,,,3.671125,0.294816440529383,,,,,11.3524074031512,,9.04396034137701
ARE,1998,0.292226494694063,,2.068,,,3.6725,0.340485096387173,,,,,12.4100308546522,,4.19703602130689
ARE,1999,2.90205341564509,,2.195,,,3.6725,-1.16683680551302,,,,,12.3042283487585,,11.4542840945902
ARE,2000,10.852837927302,,2.25,,,3.6725,-0.485281107953177,,,,,13.0439853219271,,15.3225733203753
ARE,2001,1.39892161061073,,2.443,,,3.6725,1.14589226731254,49.1592295028153,40.7053580585274,,22.5025990615233,13.3137217010827,,21.9470894470304
ARE,2002,2.43337487237925,,2.659,,,3.6725,0.0867814534864356,49.5033971592168,43.5683552382112,,22.5457042216584,13.0635553226399,,10.5228146091
ARE,2003,8.80057809996346,,2.903,,,3.6725,3.42265945986557,55.9231460950632,46.3769262232323,,22.12974081645,12.2624356395788,,15.1746061427703
ARE,2004,9.56652626277928,,2.965,,,3.6725,6.76715762322028,63.5677815721966,53.0549259084921,,19.9785353271834,11.5123692954383,,23.7397004505419
ARE,2005,4.85513657996815,,3.12,,,3.6725,6.03481604158141,67.5853113937653,51.9675602553546,,20.1668488070303,10.6080875571046,,30.6458755320109
ARE,2006,9.83727922860218,,2.964,,,3.6725,5.76543776330766,68.6278004220408,50.842873943999,,19.2704004545817,9.65704567230623,,23.3012268263518
ARE,2007,3.18441281459761,,2.934,,,3.6725,5.50043939000967,72.3840931942051,64.4140515334937,,25.199181321379,9.0255457901411,,41.4079939725762
ARE,2008,3.19181235452885,12.2504202448139,2.818,,,3.6725,1.60487460713893,78.8678887008838,69.6456553236032,,25.0980915436418,8.60026102418284,,21.2711344233023
ARE,2009,-5.2429219073683,1.5618131744907,2.932,,,3.6725,0.447367365846913,79.6533178623883,73.8086264963738,,31.6335487626395,9.1953292125088,,8.07943323888304
ARE,2010,1.60285004336325,0.877983288285867,2.798,,,3.6725,2.85854098227163,77.4455521760851,58.040188125584,,28.9193120278212,8.09883006159578,,6.27708897543933
ARE,2011,6.73651167897515,0.87734659568512,2.587,,,3.6725,1.93886244385384,85.6286738245297,58.5481559098621,,24.7738344997906,7.85632364319134,,5.07919360403586
ARE,2012,4.68325642918792,0.662268900269009,2.323,,,3.6725,2.43554180804761,95.6008433485867,61.036813624374,,23.4214180776536,7.83235383214612,,4.48701315470708
ARE,2013,4.9184505919085,1.1011183637571,2.125,,,3.6725,2.3838227555723,95.755207057533,61.6429155817142,,21.1407306481068,7.69050880047885,,22.7442635607822
ARE,2014,4.63291785879667,2.34626865671643,1.999,,,3.6725,2.60546090290076,94.7738651442525,64.7417651694601,,22.1222043524869,7.87819425408936,,7.91290473523929
ARE,2015,7.08766622657654,4.06996608361593,1.793,,,3.6725,2.23861341413826,93.8625203312699,70.4236225679817,,21.6431987527735,8.8850255543667,,5.45472478026138
ARE,2016,5.65790147196586,1.61748808904198,1.64,,,3.6725,2.51620120421066,94.4747232332881,70.9202430070485,,20.9292470909093,9.0412591716862,81.9398449176157,3.2555987991409
ARE,2017,-1.06137114472548,1.96682557818842,2.462,,,3.6725,2.5669608321193,94.737385589121,70.7391380638734,,20.6035924667325,9.13505350559625,78.1488923243763,4.13593318400104
ARE,2018,1.53720634021511,3.06863379251997,2.236,,,3.6725,2.35729206588897,90.8429799324319,63.9040622338676,,21.1611360615772,8.72303484298905,73.9843078244922,2.53052371254229
ARE,2019,1.27129120536284,-1.93108114782173,2.331,,,3.6725,4.11928554446951,93.3023068879995,70.5198421376147,,23.1853277033332,8.84288272527487,75.2884970259968,8.00454284211942
ARE,2020,-8.69343363776639,-2.07940317940944,4.294,,,3.6725,5.56735667729859,98.0724956970145,83.2194445309836,,22.8266628121979,8.99207371569774,88.835691606539,4.63080770411969
ARE,2021,4.55280140106356,0.179935336174431,3.105,,,3.6725,4.89230595097426,100.642599583908,82.2668014928681,,25.3830113301618,8.7723443499182,76.167662138751,5.70929259769499
ARE,2022,7.51452414254605,5.29122604376849,2.872,,,3.6725,4.44591398367961,102.051988781325,83.689671850569,,26.0584868811112,8.54436252357344,65.4574311816346,8.99537755314214
ARE,2023,4.30113648499413,1.62670837213248,2.151,13.1295797567307,4.61577821903282,3.6725,5.87183983564899,106.846123390953,92.1988267361531,33.8347166421627,26.6386668902392,9.45859478112557,,18.7400983197593
ARE,2024,3.99181200361831,1.66336510224894,2.16,14.4792979326645,5.19940206842546,3.6725,8.26261604873876,,,,,9.37365289381873,,14.4512416418918
ARG,1990,-2.46721377810472,,,3.22031448392387,5.69957895846503,0.487589083333333,1.29887904052817,10.3595365925264,4.63132240741775,16.0433752309533,13.9969815756662,26.7897045521809,15.6016948142115,1113.27240588928
ARG,1991,9.13311056738961,,5.44,-0.341028912950146,5.09620553340786,0.953554416666667,1.28557885422783,7.67504334832217,6.07801081056698,13.5618560304189,14.6369773950796,24.3864490932335,12.5872034907184,141.337040313408
ARG,1992,7.93729155643076,,6.36,-2.42494134682425,5.70506107278321,0.990641666666667,1.9367945155154,6.5981874720374,8.13279311431564,13.6516427929257,16.7024057741857,21.8591315586603,15.4453354474077,62.4862543855056
ARG,1993,8.20697907221228,,10.1,-3.46617829462144,6.74386056512176,0.998945833333333,1.17980281165114,6.90935153370832,9.31379991407563,16.2505279122602,19.6881104233422,18.2399115325496,18.2846049267413,46.4808250080567
ARG,1994,5.83620070368526,,11.76,-4.26485898465453,5.59678188654751,0.999008333333333,1.411953029158,7.52994872591672,10.6043971410814,15.6483624533872,19.9656232520199,17.8190917106899,20.280577998757,17.6402701691858
ARG,1995,-2.84520961057079,,18.8,-1.9834602735093,5.47248285450445,0.99975,2.17392758974997,9.68041025959015,10.0910128307854,16.5116322700598,18.5004105114971,17.2467521148076,19.9606075608912,-2.80555086350306
ARG,1996,5.52668982715234,,17.11,-2.4875930110115,5.89789511152116,0.9996625,2.55320340608332,10.4285967560139,11.0778716497076,17.1300773563084,19.6238724452255,17.5357232920479,20.1870018252819,18.820560554349
ARG,1997,8.1110467707457,,14.82,-4.14468006629108,5.47566058156948,0.9995,3.12787793868196,10.5608501019262,12.7753287418177,16.6642824266429,20.8260515469902,18.227905749866,21.9334587634322,25.5347378149256
ARG,1998,3.85017885156228,,12.65,-4.84431604541959,5.69914835773996,0.9995,2.43876896154487,10.4155819610919,12.934446011977,16.1297343275958,20.9707691548621,17.8379584760908,24.1532987732827,10.4880929410016
ARG,1999,-3.38545704063269,,14.05,-4.21229506178186,6.80464213303423,0.9995,8.46058217133802,9.82717451494235,11.5555704475475,13.6619163753345,17.8629278753399,16.9615250614589,24.8933437498898,4.0855896589592
ARG,2000,-0.78899893905691,,15.0,-3.15992237703676,6.28322204626375,0.9995,3.66579059535379,10.9863752325576,11.6360695451767,14.3684376958258,17.5334874363903,16.4942719439838,23.8947336198062,1.53103363312449
ARG,2001,-4.40883968258557,,17.32,-1.40694788500181,4.29371406025342,0.9995,0.806164134759348,11.5790080825317,10.2732473690136,14.2140728227831,15.6259653308051,16.0932258763829,20.833574652466,-19.4362184816831
ARG,2002,-10.8944848285903,,19.59,8.97078467784247,5.27543170673442,3.06325666666667,2.19895819502207,28.3825969991682,13.370127359396,21.3431768782392,10.8539052402585,20.347773913878,15.3318584042485,19.7088538926378
ARG,2003,8.83704079576924,,15.36,6.37990680177011,5.70013745215418,2.90062916666667,1.29481086883944,25.9309429264224,14.7138051046861,21.7345330075457,14.1469621012504,22.4867505875749,10.7627059172487,29.6348527788152
ARG,2004,9.02957330068152,,13.522,1.95058324319273,5.77837779911896,2.92330081890332,2.5050175164097,23.8476194239892,16.8450266849578,13.7828348747865,17.5512703642799,18.9370136214371,9.68251819633223,21.4273104900815
ARG,2005,8.85165992013437,,11.506,2.65363142179073,7.26029776298213,2.9036575,2.64935441452167,23.2458767338576,17.3053942367662,13.7086097328953,18.8882641376513,18.340415936715,10.6534929189359,21.513918560906
ARG,2006,8.04715150043027,,10.078,2.79449564264943,7.02897239370493,3.05431333333333,2.38106854489628,23.0266946038115,17.4067852681036,21.4172295393985,18.6804872364334,17.8777938558849,11.9102616607561,20.2627350951633
ARG,2007,9.00765087504757,,8.47,2.1036160391819,8.17153428618646,3.09564884920635,2.25129423568361,22.6627503115066,18.2824203070644,22.2314441717013,20.099113202908,17.0474154518997,13.0985413493544,24.4656256111237
ARG,2008,4.05723310346406,,7.837,1.49940141614234,6.71425831138327,3.14416455988456,2.68990096507093,22.0609003826242,18.341772996414,21.1268023980529,19.5727758777106,16.5383660984547,12.313946714342,8.06469999443141
ARG,2009,-5.91852507634947,,8.645,2.1785669619099,9.06749992875243,3.71010683052328,1.20643922647566,19.5609850560818,14.4961418494061,18.3213663046327,16.0531123592112,15.5837772738051,12.4162075416805,16.9999162699207
ARG,2010,10.1253981561002,,7.714,-0.383118699737133,7.27697103967374,3.8962951544705,2.67516171886535,18.9338234053709,16.0371898581987,17.3318557921569,17.7055338062046,15.8448608064195,12.6901062454749,33.7780442392202
ARG,2011,6.00395169280579,,7.18,-1.00728084144866,5.20195157798821,4.11013957621326,2.04465997872008,18.4492091453155,16.7569458546489,17.3332165460366,18.39845891735,15.8506983942663,14.0087151168124,25.7005383846759
ARG,2012,-1.0264204544321,,7.217,-0.39159512386959,5.21829041219894,4.53693436018746,2.80667189982932,16.2378594620246,14.2886829096862,16.2099451316674,16.5019865298875,15.2168009115954,15.2128150156924,34.9018334185138
ARG,2013,2.40532378079436,,7.1,-2.37749566620574,3.46015205462158,5.45935266465704,1.77920553648531,14.6171733884386,14.7167556136651,15.1944663729121,17.3057789012596,15.0110542553443,15.7290920133564,27.0263720438839
ARG,2014,-2.51261532081394,,7.268,-1.74400211981355,3.96299919336678,8.07527599281334,0.962406650325519,14.4054785893756,14.0013150558519,15.909027608976,17.2628810064651,14.7727785491821,13.8237692455151,29.8462271877007
ARG,2015,2.73115982828944,,7.577,-2.96292666513534,3.36214425707702,9.23318552472429,1.97713461784426,10.7056520504538,11.7805740385254,14.3058273001867,17.0707048841583,14.1815854549835,14.4142330417064,39.4502278963513
ARG,2016,-2.08032784377811,,8.088,-2.70922168361454,5.09719624487539,14.7581750873396,0.584748941173009,12.5270951690009,13.5667926798789,14.6222549674317,17.6632278606203,13.4880259708051,13.6676334273514,41.5840608913242
ARG,2017,2.81850297775918,,8.347,-4.83995921807391,6.05038766582561,16.5627069251411,1.78936504083806,11.3202833596733,13.9693177780045,13.0688485783361,18.2125671747754,12.8351683415363,15.9584973420583,30.1194291866375
ARG,2018,-2.61739646282038,34.2772237131003,9.22,-5.16055257152295,7.11111211150086,28.0949916666667,2.23253157689253,14.4366857499034,16.3258502050892,11.3939154141372,16.6138850156371,14.0601434041581,,47.6138064217584
ARG,2019,-2.00086100285785,53.5483043492339,9.843,-0.779998447561848,5.94220121846315,48.1478916666667,1.48500687570697,17.9248783778462,14.7057366680037,13.6907954449568,14.2100303992191,13.5408390702829,14.4776292447323,25.8841473655566
ARG,2020,-9.9004848136464,42.0150947376509,11.461,0.696935361136031,7.09405401009515,70.5391666666667,1.26616924308721,16.6054144372484,13.5982843701675,15.0121353189386,14.4151557410245,14.5905295089183,15.746489768328,66.3310972790224
ARG,2021,10.4418119882506,48.4093786255199,8.736,1.36154422203441,5.6049034262494,94.9907416666667,1.36838083162438,18.0667091690365,15.0119803984295,19.4128951075758,18.0762892471421,15.558416982668,13.2644289814535,51.2817217703227
ARG,2022,6.02074537534855,72.430757531824,6.805,-0.62525456692328,4.75930856415363,130.61655,2.3984601182853,16.2816677253254,15.2985115353002,16.8387414427395,17.3855861358427,16.4165686180445,12.8891009335255,87.6857878752439
ARG,2023,-1.85578803046339,133.488935594175,6.139,-3.1951463789585,2.45755251575411,296.258041666667,3.81190879856952,12.8223120961047,13.8546391521167,16.2338769646531,19.3822632919135,16.5255500222842,15.3570823376105,158.54905478138
ARG,2024,-1.34293072157739,219.883929014578,7.15,0.893118418089375,3.55326074207238,914.694883333333,1.82409522925391,15.2497485928824,12.6800122564846,16.6971165360377,15.8378002382311,15.1850458096465,15.1176778381075,123.094878599647
AUS,1990,3.57297569098456,7.33302368375269,,-4.98086922325911,3.2911342342281,1.28105666666667,2.7122110003886,15.0947214126902,17.0153069408081,24.4154383916175,28.9035413494686,13.6970346040998,60.4753714456336,12.7576788291074
AUS,1991,-0.384631357046658,3.17666872277308,9.586,-3.24314665991037,3.38935828462702,1.28375583333333,0.800225253247321,16.0067228668844,16.1389681024492,20.8078722173929,24.1869322471591,12.4863546961485,60.0333741289848,1.18217235311593
AUS,1992,0.433065864126704,1.01222824105977,10.733,-3.1637556587871,2.410046612253,1.36164833333333,1.51600150077427,16.6348569743439,16.3633146564435,18.3164839064147,22.3143615452669,12.4935417281038,61.7733091123562,7.37903595879862
AUS,1993,4.04583374101011,1.75365751770527,10.879,-2.97199182738191,2.46473700610061,1.47056,1.69960473993569,17.5151962018487,17.835080746682,20.3034156711219,23.5691741898356,12.7839172031795,63.192071898716,5.7265822621442
AUS,1994,3.97884434177331,1.96963507094102,9.724,-4.90706698315176,2.06752690755426,1.36775083333333,1.37918511879287,17.946396853319,18.4602149433109,21.8463364095375,24.2365489229294,13.1028962990545,66.6734239844549,9.95925575062761
AUS,1995,3.89017188961647,4.62776445368168,8.473,-5.06318585541186,1.88653543285781,1.3490325,3.59858176504927,17.8435719765847,19.8033020606163,20.6053570826636,25.9545428001265,13.0237878046472,69.6679496736804,8.51837171513711
AUS,1996,3.86567479160071,2.61537902431631,8.509,-3.58360337747536,2.04645702693278,1.27786333333333,1.13541742026476,18.8609762036441,19.3130446764454,20.8678175180598,24.7503241868902,12.6558409322992,71.3863767702869,10.6489522221685
AUS,1997,3.91795814771731,0.224895027032537,8.367,-2.72974894003096,2.01592657347321,1.34738,1.85369309475488,19.0977036336863,18.82399786201,21.7802042626413,24.8171857091867,12.1885161954539,75.201469832279,7.31058037661402
AUS,1998,4.67681373479508,0.860129922016289,7.684,-4.44111787888726,1.88090639363923,1.59182833333333,1.89768756641747,19.5240007251128,20.400065734524,21.5910821015266,25.6000393051793,12.3477559622738,78.974896120816,8.43035778989644
AUS,1999,5.02822035850596,1.48313946657267,6.876,-5.58366414929507,2.5041341473426,1.54995,0.566396956795571,18.2621440737691,20.6981026364668,20.5938348860108,26.0993037595699,11.8476458340357,83.9046994061809,11.7042580988803
AUS,2000,3.9160574881715,4.45743705920869,6.288,-3.7148479251727,2.06379898799533,1.72482666666667,3.57229745403377,19.356082688226,21.5070430809694,21.1585828443316,26.2042380502619,11.4248399094364,87.3810328646984,3.73990957467648
AUS,2001,2.03145880248898,4.40712998561533,6.747,-2.09983536268172,2.26211190061693,1.9334425,2.81762721403267,22.1097572675813,22.0239741296115,20.707708507732,23.3481102313323,10.8051481170037,88.1892830335626,10.9305763560607
AUS,2002,3.94980535772942,2.98157117047457,6.375,-4.03651427027564,2.337860991248,1.8405625,3.69701188608667,20.6927681028396,20.6885447118526,21.7443643675091,24.3675142044517,10.4098668971934,91.0685401335001,7.03591711741804
AUS,2003,3.0912800997751,2.73259754838937,5.933,-6.25542304141099,2.93863794104373,1.54191416666667,1.9178050221833,19.0255629975486,21.1092381818995,21.0479265435955,25.8939093336516,10.7213180780763,98.9700701383552,12.7634349487304
AUS,2004,4.21894147547516,2.34325687131265,5.399,-6.70631316237641,2.56446102441055,1.3597525,6.96956991636737,17.1350628732794,19.8154530885495,21.4867186852419,27.0204316493562,10.760614740413,102.447693760099,11.418295397068
AUS,2005,3.15548121323168,2.69182949622197,5.036,-6.22018206583351,2.59298920284395,1.30947333333333,-3.60113772652235,18.1951172148922,20.9027650415889,20.9463328004775,27.4127496143182,10.1686211472279,108.259010705054,8.50085420965673
AUS,2006,2.7709261737475,3.55528696972984,4.785,-6.17432428646521,2.85248884994684,1.3279734405,4.0750646338694,19.8193564623907,21.6685358865245,21.6197924820935,27.4574581872329,9.67044139221759,113.405916759874,15.0631947019509
AUS,2007,3.78947119882653,2.32761442623159,4.381,-7.5509404049246,1.11922244758873,1.1950725,5.18803286061474,20.1458953527592,21.783849774897,21.3208215222712,27.4507449663445,9.10310744819698,120.28724964726,18.2329858002763
AUS,2008,3.62398503565633,4.35029726664093,4.242,-4.87128797048566,1.18557465037047,1.19217833333333,4.26757732505596,20.1044121403643,22.6478086476665,21.845024795339,28.5401924147253,9.00690047181701,121.444819283971,17.004743830431
AUS,2009,1.95484826298522,1.77112025681656,5.565,-5.21460357172589,1.80269721013609,1.28218881008452,3.10519028312049,22.9369071089635,22.6567049778154,23.9195578923009,27.2762472195114,8.33320821957859,122.113074120131,3.20752158177851
AUS,2010,2.21004795300735,2.9183370211222,5.214,-3.99211276270473,1.4494932951904,1.09015948638677,3.08482804330762,19.7322237124156,20.658283373645,21.7091351421171,26.697693257066,7.8761687510269,124.791339290254,10.1307768042715
AUS,2011,2.39473494330615,3.30384784681081,5.083,-3.25393708127954,1.3329222997953,0.969463201496735,4.67434620832808,21.3710952598475,20.3508907551214,23.1621677041742,26.3824449207632,7.25000878456727,121.790806241677,7.96777768795711
AUS,2012,3.95247138119184,1.76278299052228,5.225,-4.42917293903347,1.36947135285815,0.965801030658708,3.70774989384992,21.4212330245448,21.598616528211,24.200411352821,27.6233466177263,6.9087255284149,120.774756172135,7.34791675210082
AUS,2013,2.65445302592404,2.44988248109259,5.663,-3.24439256531685,1.55435208477367,1.03584309652054,3.43950309398958,19.8931411047873,21.2073707762687,23.7827985137743,27.7570773936691,6.47475769538219,124.183275636084,6.74713199161139
AUS,2014,2.60118978187332,2.48792932080492,6.078,-3.07921525285017,1.66103068226082,1.10936329281692,4.28599049307814,20.9959179912807,21.3033915472475,23.4563274824008,26.6111234581966,6.23700054223419,127.883848731619,7.03289769991059
AUS,2015,2.16434780647852,1.50836803138463,6.055,-4.2950643949091,1.60125212905097,1.33109026245502,3.456117831131,19.9846454503255,21.5101052436646,22.521231196962,26.1669365772477,6.16187153809786,135.800292705604,5.984082434644
AUS,2016,2.75564065529868,1.27699365720306,5.711,-3.60213104879027,1.88832548352904,1.34521397601947,3.54660341826144,19.2031438783351,21.6102583389859,20.529640955705,25.3483902403269,5.93628731808457,142.104255731186,6.66618812734301
AUS,2017,2.29331030192918,1.94864309065653,5.592,-3.00525814878872,2.08176490163879,1.30475807671592,3.62158795648508,21.1718412211076,20.8635723040778,21.5782074482669,24.0798824498086,5.6370711506194,140.108067004121,4.52198765643149
AUS,2018,2.87417039499501,1.91140002818579,5.345,-2.58947975974169,1.57003412299637,1.33841214646451,4.23450805251819,21.8125736575066,21.7606517070152,21.4012664353392,24.5546475824653,5.58025754369151,139.498062822532,2.37382234106626
AUS,2019,2.19401703622717,1.610770929127,5.143,-0.0757460083721145,1.78228736371468,1.43850654421382,2.77077560426989,24.0624800210722,21.939202684145,21.9808894845608,23.2971815966264,5.45170917330074,135.666714386567,14.0595331869537
AUS,2020,-0.133531904304775,0.846900734607273,6.394,1.64272242623869,1.5961397996989,1.45308511847016,1.34826011276187,23.9380373915413,20.5615267123377,23.2325990455773,22.3449300806534,5.50480994024151,141.704749324425,13.6682325160868
AUS,2021,2.00694844335034,2.86391284709318,5.022,2.44729769999574,1.73481181496435,1.33122425957081,2.01542405903096,22.0018144228925,18.200421516167,25.1958520075371,22.8801883097412,5.43021286709902,138.339567139855,6.69981105259195
AUS,2022,4.25304559238732,6.59409658717841,3.728,0.254202501603949,1.30088944606724,1.44166445896522,4.05215286724898,25.4615298373659,20.2331120432093,24.9259369836481,23.6997957124432,5.28875408553718,133.643883130746,7.84101706545875
AUS,2023,3.58382100798981,5.59701792296707,3.668,-0.433071259302467,1.42689960362476,1.50519106560509,2.03614704389564,26.701068252275,22.3432710661529,23.7753856393832,23.873104248989,5.26935642156248,126.962120898014,3.93320686972139
AUS,2024,1.37340773365975,3.16656665428797,3.942,-2.3075014713626,1.35214316804638,1.51535803855596,3.05761029844929,24.6215240529473,22.5238570535723,22.9191602790214,24.323541758006,5.37633044467869,129.317349651589,6.57405461426854
AUT,1990,4.34564183768971,3.26187231878573,,,,11.3698333333333,0.393820997085781,35.8377852549483,35.9316966914597,,27.0291365800716,20.2329565336564,,
AUT,1991,3.44162748808654,3.33742703474792,3.42,,,11.6759166666667,0.207956112477992,34.7265065316097,35.5973501546722,,27.2400245299165,19.8099526491026,,
AUT,1992,2.0935244262602,4.02084780038554,3.59,,,10.9893333333333,0.764493296897433,33.2856424443417,34.610466380459,,26.5363693813937,19.0948095319948,,
AUT,1993,0.526809769496765,3.6317852494318,4.25,,,11.6321825,0.593303914874108,31.5876218892673,31.926205154168,,25.5676488572243,18.0414453375157,,
AUT,1994,2.40211843259056,2.95340936761081,3.535,,,11.4218249166667,1.02389456006068,32.2849892247045,33.9615846861405,,26.4142187207699,17.9343068043783,,
AUT,1995,2.66798388882503,2.24336631500898,4.345,,,10.0814958333333,0.760156006172297,33.6650009227647,34.8600048302325,,27.1040016269491,18.5019539726343,,
AUT,1996,2.21576713087359,1.86097115760437,5.282,,,10.5865575,1.83236524365315,34.4377355805807,36.0315807177005,,26.4922454602716,18.2116167596248,,
AUT,1997,2.1458350552646,1.30597857227691,5.15,,,12.2042441666667,1.26058669809025,37.2144335874111,38.0300424431444,,26.3834218161954,18.3089191738941,,
AUT,1998,3.49288002962309,0.922467196680849,5.483,,,12.379065,2.1061851136777,38.5615906228388,38.787931037573,,26.2499845729946,18.2424459523507,,
AUT,1999,3.76192435190464,0.568993765885531,4.699,,,0.938283072395283,1.37439937408037,39.5093125883092,39.0536203889869,,26.2733169274141,18.4112420796266,,
AUT,2000,3.18952292988787,2.34486285357281,4.687,,,1.08270508132602,4.33323688730786,43.591091462861,42.2515162707939,,25.9400787116929,18.726691043317,,
AUT,2001,1.31698749571339,2.65000077279529,4.007,,,1.11653308564462,2.89572243102078,44.8518101806208,43.1444465379839,,25.4261245518381,18.8665063718647,90.1843849056655,
AUT,2002,1.48436877605324,1.81035787764129,4.852,,,1.05755899623965,0.0650010498093938,45.6510533943756,41.9334403110863,,23.7779667439374,18.2889236424197,89.1693676249095,
AUT,2003,1.14156504542775,1.35555370896445,4.779,,,0.88404792718493,2.37557550248335,44.8257225915126,42.0565037313482,,24.4562050749722,17.9613432652269,88.3093375766464,
AUT,2004,2.56525534067859,2.0612061803287,5.969,,,0.803921647747618,1.0640170021225,47.2191991038628,44.2550210841381,,24.2036725711211,17.8020784726469,88.4249908125088,
AUT,2005,2.32036514266782,2.29913785639286,5.682,1.98531598038444,0.802664363889095,0.803800192161442,25.8307026071969,48.9511516701756,45.7236031126049,26.2027327311514,23.9653234755669,17.8503433495394,94.9670359723065,
AUT,2006,3.26933601506059,1.44154851119017,5.32,3.29250867823429,0.790999882228491,0.796432730949102,3.14473468828869,51.2031559330564,47.5825693830677,26.8986570432199,23.8292704822076,18.278172325021,95.1090616207875,
AUT,2007,3.77522468729185,2.16855528800757,4.909,3.81348828635748,0.910963841395556,0.729672399984083,17.8058113461032,52.8904832388178,48.4744751966427,28.3529254330842,24.7335259294195,18.5487211186086,93.5025894904191,
AUT,2008,1.45330562142114,3.2159503323988,4.198,4.49615698142083,0.773581370802696,0.679922680042729,1.46799597032563,53.5983913417575,49.1453130195427,28.8079332137102,24.7047623915806,17.8916492533569,96.4418920331131,
AUT,2009,-3.58626472551299,0.506308827696504,5.371,2.58051083948133,1.02865105410154,0.716957702016136,3.58137196898673,45.4869106822459,42.1135824199495,25.1006778097902,23.0148012049122,16.8205431880351,98.3438510262014,
AUT,2010,1.80898243043663,1.81353438995062,4.883,2.94294851772084,1.20129993780002,0.754308990105961,-5.64539670207833,51.5839821122491,48.0609004424225,25.9019377063544,22.8592812354211,17.0146236665127,99.1468795000545,
AUT,2011,2.92746800169145,3.2865791487538,4.637,1.58501011759763,1.10999349158399,0.718413898653317,5.35812778038962,54.2920768831722,51.4830214892056,26.2928147431321,24.3521600435893,17.1446473129533,96.672569255418,
AUT,2012,0.628246239479637,2.48567562177015,4.909,1.51000017550336,1.30138137098723,0.778338120416812,1.2830027920872,54.325492441456,51.5152989482497,25.9001846964115,24.2558827220405,17.2564830895639,94.8379795773965,
AUT,2013,-0.250726423318454,2.00015616900597,5.367,1.75299233450364,1.14393112619935,0.752945122701996,-0.302633479129545,53.8898209853854,51.0955530299819,25.5917612890381,23.9413047862951,17.1063898788247,93.3411391388064,
AUT,2014,0.755798850316665,1.60581182954474,5.674,2.31393875506261,1.19166753701729,0.752728196932603,0.389557041234778,53.8561570961341,50.6405828931259,26.2094723176004,23.848669034824,17.1867790689422,88.3599171258328,
AUT,2015,1.30352331826198,0.89656333526032,5.802,1.58832680063968,1.2707499301248,0.901296423367096,-1.80409511056007,53.3960122723239,49.7215694739361,25.6755417948535,24.012126686949,17.242928730216,86.4399964991008,
AUT,2016,2.11721964494312,0.891591752655362,6.064,2.571487769682,1.24674622591386,0.903421436257263,-7.23989904197038,52.6634020833052,48.910092513867,27.1433439783754,24.4571707244108,17.6682251530651,83.5897539711459,
AUT,2017,2.27224992038207,2.08126911385587,5.561,1.24444591726667,1.0589445360781,0.885205508269372,3.38180275607348,54.3260296753968,51.2300370800408,26.3960360513964,24.9780618382281,17.4427051605451,84.7370865911526,
AUT,2018,2.48422114080024,1.99837981429549,4.933,0.908176708238318,1.01838757837563,0.846772667108111,-6.15119207172195,55.7022394735073,52.6757304983207,26.8813622258114,25.8982762235252,17.3211161045372,84.8629638770058,
AUT,2019,1.75497619649288,1.53089564152644,4.56,2.38423045289808,1.06619940901405,0.893276257067409,-2.85255617561831,55.8958073929339,52.3114775114917,28.1223106975115,25.5090080970816,17.1022858668807,86.3027943646251,
AUT,2020,-6.31825509209936,1.38191063351854,5.201,3.3513779974929,1.54690820888035,0.875506396987998,-2.76332070661681,51.6630899700616,48.2851241395359,29.2121199273019,25.6530737541266,16.5973264696294,93.0516337886918,
AUT,2021,4.92309171717903,2.7666666666667,6.459,1.71590187553909,1.34277745733303,0.84549413889045,3.95409878611296,55.9539450675875,55.0789870565772,29.471826371692,27.6569430631097,16.9794494072387,93.0624546800894,
AUT,2022,5.33096379400371,8.54686993188458,4.992,-0.826550284589038,1.18671535076925,0.949623753156941,3.0221599256451,61.4273121186873,62.1522665342146,28.0222537943887,29.2367940014427,16.6515788411782,89.1835529946886,
AUT,2023,-0.786244288594673,7.81413417002831,5.264,1.31277352992302,1.11070322736237,0.924839558470698,0.566112370322707,58.4867595713944,56.6661552513376,27.7139027575862,26.0041363951547,15.9413915270403,84.1024713084051,
AUT,2024,-0.659089573171372,2.93791574279376,5.2,1.53088550116276,1.25562529994616,0.923889546117607,2.55351579610657,55.6782850851641,53.1474927492406,25.4397148337891,23.5771489456415,15.1337527310645,81.7652651021229,
BEL,1990,3.13740221731629,3.44831217961808,,,,33.4179166666667,3.91889227088431,61.6136909555393,59.8541601189252,,24.3463734360231,,,
BEL,1991,1.83307441343001,3.2153106926081,6.984,,,34.14825,4.44753957098212,60.2296548828746,58.3604828351158,,22.8402761359904,,,
BEL,1992,1.53065475142162,2.42795567164615,6.702,,,32.1495,4.80693439303708,58.8089303317393,56.2603571698966,,22.5925252624135,,,
BEL,1993,-0.961873076923027,2.75442643473462,8.078,,,34.5965208333333,4.78369263919673,56.1077411574797,52.9049958392791,,21.9318894363435,,,
BEL,1994,3.22697145426247,2.377540844764,9.645,,,33.4564975,3.47657482650626,58.4249593454229,54.8073406881894,,22.0127684782659,,,
BEL,1995,2.38475724870135,1.46796699090272,9.337,,,29.4800166666667,3.71102444734668,60.1143717180605,56.2641961032662,,21.7907720637316,18.3362938983539,,
BEL,1996,1.32143214432601,2.07702107350675,9.483,,,30.9615133333333,5.03718760952012,61.1923909558718,58.0203848015116,,21.6307467878374,18.1680558465722,,
BEL,1997,3.79367165541437,1.62816049512954,8.95,,,35.7738908333333,4.74788988025515,64.7865810804479,60.902358975732,,22.3003415862901,18.3994306151454,,
BEL,1998,1.96183240455609,0.94925028835061,9.322,,,36.2986408333333,8.77679407696031,64.1743450154283,60.5347776108893,,22.3486590795955,18.1592339218945,,
BEL,1999,3.54271798823922,1.12084823417847,8.649,,,0.938283072395283,46.3484571485071,64.5630595160862,60.6069310248626,,22.6890118180362,17.3070923074637,,
BEL,2000,3.71670510672588,2.544517761909,6.586,,,1.08270508132602,37.4753122979087,72.5473951580567,69.6827399089776,,23.7829613022103,17.5359744500664,,
BEL,2001,1.09960362419645,2.46925823086083,6.178,,,1.11653308564462,37.2564694834172,71.6119589202939,67.964880914325,,22.6338254993949,17.0405421304565,66.2992287435371,
BEL,2002,1.70689430349601,1.64521436175361,6.91,4.49803373016796,0.815644835994669,1.05755899623965,7.01242443993657,70.8312976956765,65.2538517924041,26.37176774741,20.7474019774138,16.7945870519173,64.1329244858025,
BEL,2003,1.03795518162204,1.58896399970372,7.68,3.39723910068488,0.71769826932892,0.88404792718493,10.8648744877518,69.0365085088844,63.679044325004,26.2242285590273,20.9647077064668,16.2002374109264,62.5308943592501,
BEL,2004,3.57120671942319,2.09728311239316,7.363,3.09695508992498,0.573976383195632,0.803921647747618,12.0521106747569,70.906277447218,66.0121279012141,27.1943475754274,22.6670601715452,16.0899360790406,61.8425933319116,
BEL,2005,2.32173792911834,2.78143263670029,8.44,1.99655304871952,0.43607430900532,0.803800192161442,8.72717720186463,74.2828289213953,70.2462217485879,27.3168221709726,23.6810632000764,15.8709459755849,63.5977700769197,
BEL,2006,2.55234087322462,1.79120770070454,8.246,1.8502893230147,0.438443569078883,0.796432730949102,14.4078713936675,76.8049970552189,72.7625122442923,27.8480009657266,23.9705491132595,15.0185375125134,65.8336190975591,
BEL,2007,3.67692462515802,1.8230563002681,7.459,1.49569237465597,0.441199611895207,0.729672399984083,20.5026740062328,78.3018047028263,74.1666421724765,28.7795848698255,24.6032741505197,15.0603182770214,68.4438486940037,
BEL,2008,0.446905130727231,4.48944420508404,6.976,-0.831236474764239,0.363632268420815,0.679922680042729,36.8029204549975,80.8806199752035,80.2078278152436,27.4273411880211,25.9367703303917,13.9927407246937,62.7583028636525,
BEL,2009,-1.90644105515335,-0.0531456741254177,7.908,1.80970941708578,0.693634373905831,0.716957702016136,15.948905674901,68.5960770690546,66.5423286532355,24.7516941780935,22.0264057475968,12.8420817122469,58.4658025409586,
BEL,2010,2.71031150254662,2.18929920422458,8.293,1.52379368667185,0.71560959942996,0.754308990105961,26.0596407490286,75.8282898692443,74.3342737521831,24.3994114105114,22.3942744569467,13.1286435724464,56.7854964068071,
BEL,2011,1.93115502411325,3.5320821072274,7.14,-1.9288774755617,0.680513278773322,0.718413898653317,31.0366884311298,80.2713643518839,80.494152536242,23.3553351053783,24.4795580355563,12.9499394580106,55.0145295494018,
BEL,2012,0.215803612089744,2.83966343445899,7.542,-0.0829864949097402,0.767489599128285,0.778338120416812,2.36956900950954,80.0489721342421,80.3343292908166,24.2248481831757,23.5882360674433,12.6215764552248,54.4903281452635,
BEL,2013,0.305494549070232,1.1130959402754,8.425,0.969084734716925,0.653961115854934,0.752945122701996,-5.65561784857252,78.9114134413606,78.6622093410738,23.8063857487615,22.7089453730117,12.6643780300003,56.159869726618,
BEL,2014,1.76554038149924,0.340002833356922,8.523,0.751219410488652,0.601962590674506,0.752728196932603,-2.82643623555084,79.3965205800202,79.1750903735027,24.0395907881902,23.2582959776352,12.5837894914118,57.6106231184791,
BEL,2015,1.47416433731927,0.561429152790158,8.482,1.38017908454948,0.699058114514636,0.901296423367096,-4.23261410354123,77.8777392199991,77.1909428259269,23.9600258575182,23.3223676294346,12.5677314710087,60.8026221428606,
BEL,2016,1.19350273007754,1.97385264653163,7.83,0.558076934849913,0.645305051279208,0.903421436257263,12.1319420227113,79.6181317071952,79.43956490475,23.6620791213036,24.1815766017974,12.2484083375363,63.6160862759358,
BEL,2017,1.47446761556785,2.12597086002616,7.09,0.702363722625536,0.663471762498995,0.885205508269372,-7.4442379017663,83.4444050525116,83.4596731852798,23.9464629161253,24.3318331321638,12.4458285747277,65.3372340367951,
BEL,2018,1.87796847383565,2.05316499865178,5.941,-0.874098516086553,0.614522495946487,0.846772667108111,-7.66649538713467,83.4830567161373,84.7946361610806,23.78136708186,25.5515767637203,12.343919956787,68.168572322727,
BEL,2019,2.4428900448156,1.43681956996438,5.364,0.123098549898877,0.681038751016845,0.893276257067409,-1.97252997818915,82.9674275396401,82.4980513923498,24.802045985219,24.6756822316808,12.413251241175,69.360003620854,
BEL,2020,-4.7929839083518,0.740791812220344,5.545,0.903941469932537,0.857180124074753,0.875506396987998,-5.69020542304612,79.1968705613294,77.7532507214541,24.9892159086887,24.068567845367,12.0120090332978,76.125350915761,
BEL,2021,6.25445686466593,2.44024851144084,6.248,1.86830945601438,0.859383874533773,0.84549413889045,5.6774240968721,89.625374866218,87.7565373348573,26.3064911714015,24.4470278661753,10.744807994195,74.7536988644538,
BEL,2022,4.02460852835887,9.597511728725,5.57,-1.82031814963394,0.78956158455147,0.949623753156941,2.22097062697703,94.3593146395926,96.6941034919995,25.2587146778602,27.3616458676872,12.5247695210532,72.554533895031,
BEL,2023,1.56125539542029,4.04901077613941,5.547,0.182447803689908,0.780384671368432,0.924839558470698,-0.652733821591808,82.8132982978783,83.174142438564,25.4429643361539,25.2961910988566,11.9731867449011,69.3369709063389,
BEL,2024,1.09775383828703,3.14349136500041,5.7,-0.379006590173966,0.791428506111311,0.923889546117607,-6.1637514992582,79.3187864838737,79.7046946650529,24.2332217718462,24.5534745689848,11.4440979987072,68.1376441872691,
BGD,1990,5.62225816160344,6.12671846981458,,-1.2592736415871,1.91198264759593,34.5688083333333,0.0102498457488283,5.90831648660892,13.0581855259296,23.0244118634705,16.4586755151535,13.2392185487661,16.0740991530445,10.3997729100629
BGD,1991,3.48522781598027,6.35736412278234,2.2,0.208651431216537,3.98697845284493,36.5961833333333,0.00449146424413688,6.66261196863293,12.2272149164418,22.5604059246532,16.8959474633294,13.9871226949763,15.9199092838791,13.7080462134458
BGD,1992,5.44268554966725,3.63407691798491,2.233,0.570158867838373,5.16226710857486,38.9507583333333,0.0117375764038404,7.58667691037111,12.3473285920799,21.9940038300746,17.3050292766937,14.3974636880063,14.5455434030437,12.0351247456094
BGD,1993,4.71156172453999,3.01481859989799,2.31,1.08321175697211,6.16106193397944,39.5672575,0.0423616549795556,9.01726903574974,14.1043140341485,20.901202135505,17.9468320109013,15.4125383554188,15.2943169244381,10.5142057495778
BGD,1994,3.89012644116818,5.31374007936498,2.37,0.590988260289113,6.84678620368459,40.2117391666667,0.033012230974896,9.00154364628231,13.864320908288,22.4171600592845,18.402556188374,15.8694546558521,16.2711918310691,19.3340029829848
BGD,1995,5.12127789724337,10.2978117947206,2.441,-2.17154889891301,3.66017664054907,40.2783183333333,0.00499837818821925,10.864634213863,17.3448618625588,22.1461544905179,19.1197958221399,15.9000068464472,20.8817607372616,12.1487674978574
BGD,1996,4.52291921684423,2.37712902953223,2.51,-2.13490813503246,2.93493311214598,41.7941683333333,0.0291349551912919,9.70650764952346,16.3695800738575,23.1387940832004,20.7299506037379,14.0026451377167,18.9119975738864,10.7342435469674
BGD,1997,4.4898964976265,5.30560105668802,2.698,-0.593464718148691,2.40641918586197,43.8921158333333,0.288896567530213,10.5203705573506,15.8051428327327,24.397478698652,21.8162145054057,14.1197806636013,19.9866312756307,9.74278713340029
BGD,1998,5.1770268731498,8.40223795613228,2.893,-0.0703537046583937,2.84708895657642,46.9056516666666,0.380236166897954,11.7573312287186,16.1227321741207,25.8340547261519,22.1214128239602,14.8598311637206,20.4966379485471,11.4140158859684
BGD,1999,4.67015636882111,6.10669589841958,3.088,-0.710651968609124,2.1339501450385,49.0854,0.350304290993083,11.7586423857313,16.6292981713845,26.6599568153793,22.7213703034657,14.3890950793257,20.9872341323173,15.4713469310962
BGD,2000,5.29329471892532,2.20825620937535,3.27,-0.57304266329964,1.81568793543262,52.1416666666667,0.525362089236087,12.3442012279919,16.9775131339119,27.7974576904575,23.8085625731369,14.035315753916,21.7793890133235,19.3471284299834
BGD,2001,5.07728777526728,2.0071737421384,3.609,-0.991687231894649,1.56412229383146,55.8066666666667,0.145443904569924,13.3865592080649,18.7114578649468,28.4222904329444,24.1743067306933,14.1783570229665,24.179592705355,42.997616972519
BGD,2002,3.83312393993225,3.33256493271913,3.966,1.35086830489484,2.1882157411816,57.888,0.0955793676464671,12.4099689322019,16.557411788963,30.7491764310818,24.3414161366729,14.3174375493986,26.2081249737496,14.5004266360705
BGD,2003,4.73956739963045,5.66870773441476,4.32,0.218816448007947,2.7552144985094,58.15004,0.44596078329809,11.4311486959413,16.2267362042167,30.164596698861,24.6791888612834,14.1454615609431,26.0386276764885,14.0682975492094
BGD,2004,5.23953291029852,7.5875363850469,4.316,-0.428022753319865,2.87524327591524,59.5126583333333,0.689472335587339,11.1465089461353,15.7117252031078,31.5774006681766,24.9918339447004,14.44207318664,27.9134032883374,14.1293203090175
BGD,2005,6.53594493875502,7.04661816222039,4.25,-0.250074173604547,2.17086234945188,64.327475,1.17065167448603,14.3928418979283,20.0040929665367,32.3594072568242,25.8304355145863,14.743998758061,29.3438304968623,15.8133861572755
BGD,2006,6.67190498576788,6.76526117054757,3.591,1.66592495150091,2.61353230400139,68.9332333333333,0.635863899506714,16.3534635652888,21.7584608673034,35.341190936004,26.1441457474299,15.3075621798679,31.1657016961389,20.21561984781
BGD,2007,7.05859935449848,9.10698496905383,4.015,1.07621521358966,3.04979272256787,68.874875,0.817756922700044,16.9953348464905,22.9470478066831,36.3174625843949,26.1784970672047,15.9340729924007,32.0428330535648,13.5483462879994
BGD,2008,6.01378975738535,8.90194489465154,4.49,1.01071124669571,2.63271435761636,68.598275,1.4496579161576,17.6588584820757,24.9620555504832,37.3818777967604,26.2022714003991,16.124366972693,34.0421917464818,16.4072102783218
BGD,2009,5.04512479919337,5.42347236174679,5.0,3.47023264645131,5.06373130169223,69.0390666666667,0.879517142536145,16.9401329056133,23.1526633174097,38.97639391672,26.2060570157536,16.4801860604835,36.1910375652522,20.2444007675396
BGD,2010,5.57178818533122,8.12667639169917,3.379,1.82909794723498,4.32087922221628,69.6492916666667,1.06896766308322,16.0241126856916,21.7787299851405,38.7817739319855,26.2466561760577,16.1212283592006,40.9613226292342,21.0788579048495
BGD,2011,6.46437912497728,11.3951651552399,3.737,-0.125842241657654,2.78355229779506,74.1524,0.983399364184761,19.9220749554939,27.4987748801959,38.059489785547,27.4209733686034,15.9967342498947,42.4702411629772,16.9153675617309
BGD,2012,6.52145877906443,6.21750422069284,4.07,1.93195276968292,3.85125480802239,81.8626583333333,1.18850391920183,20.1615888640625,27.9493338849842,40.5995794494189,28.2623350097187,15.9142206710142,43.0006693750914,17.0113225651337
BGD,2013,6.01360565834344,7.53040640913172,4.426,1.3723251518825,4.90974781514545,78.103235,1.73532012481503,19.5378741098798,26.7585286129376,39.7453877105331,28.3896207536466,16.4420194729911,41.7947548053392,14.8498128345291
BGD,2014,6.0610593588495,6.99163889220849,4.417,0.437159797644511,5.58168526462513,77.6414083333333,1.46870305074204,18.9896599950107,25.5244202017989,37.7792321968568,28.5778757115563,16.6127076619157,43.7361238704853,15.6102159133793
BGD,2015,6.55263987816197,6.19428022984984,4.397,1.32188871858147,6.8309139901541,77.9469083333333,1.4507824552936,17.3366737865485,24.7493225204896,36.7309559824005,28.886689247008,16.7886735625088,44.4069718062837,14.8923360012126
BGD,2016,7.11347821270093,5.51352572692995,4.35,0.351171861174517,7.60387702099135,78.4680916666667,0.879528340271998,13.9212044814459,17.4129456531683,37.280299201621,30.2397639179985,20.3479480962979,37.7986426672318,16.6977571298921
BGD,2017,6.59024999794057,5.70207015717239,4.372,-2.03756600416726,6.76886499116675,80.4375416666667,0.616341784631384,12.8197468906003,17.179983781834,35.2852031466044,30.9468731155675,20.0750615064997,40.4489561448676,13.7393957256101
BGD,2018,7.31941263014136,5.54362139486476,4.439,-2.20783912081882,5.67626909607111,83.4662019166666,0.75354913412869,12.6747879443391,19.8398437797492,35.4590395013776,31.8225747704431,20.8022959266315,40.0247365906979,11.5061687301015
BGD,2019,7.88191515117722,5.59199639930629,4.504,-0.839485005371136,5.85933450460047,84.4535225,0.543244141585063,13.0947573353039,18.4832971559365,36.3536024154867,32.2137331126266,21.2079438820896,39.0344709350066,11.9052656804273
BGD,2020,3.44801755122445,5.69107474746211,5.539,0.318940441964321,8.65813724626272,84.8713916666667,0.407859894856915,10.4427880616037,15.8286593146113,37.1888662137067,31.3079413414304,20.5983315908994,39.161059242521,13.0848853408394
BGD,2021,6.93867912442445,5.54565430773473,5.457,-3.78969259910935,6.29023985723134,85.08376325,0.414118154040593,10.6627789004134,17.0612258032497,36.051174233546,31.0187387357172,21.2356729879977,39.0820163295701,9.17570944395813
BGD,2022,7.09982877575158,7.69695437176898,4.593,-3.81010813041237,4.18907976493715,91.7454544396961,0.347960024540439,12.8822264348985,20.897740835675,33.9494644131122,32.047275580905,21.7648193612213,38.9555684288032,7.50229843884212
BGD,2023,5.77511237007889,9.8835030377921,3.352,-1.64602823544154,3.3558121828929,106.309484297483,0.335721505298968,13.1571638341204,17.8258075763392,34.8812458251048,30.9512000834944,22.3420188692022,37.6413802339103,7.01325429366015
BGD,2024,4.22325911250161,10.4657482763412,3.635,-0.669466607987832,3.07374348965567,115.603653796648,0.283870773350074,10.4611878291715,16.3168879748762,34.3815638598099,30.7004900245244,21.8929603584194,35.8111715787963,6.13100150312289
BRA,1990,-4.35000000000022,2947.732772483,,-0.993090660229478,2.9297685435826,2.95572678942699e-05,0.256909930150916,8.1972364845005,6.95836259652132,18.9558571795845,20.1677066020429,22.8281314523658,42.082789592995,640.868514747835
BRA,1991,1.03218958549303,432.786661926461,6.887,-0.423315529310288,2.90417921149638,0.000175961443086024,0.32201174402017,8.67763659887868,7.91444116378595,18.7329794645523,19.768768868394,21.839067113426,45.1593163496425,501.616587503433
BRA,1992,-0.54407204977727,951.962053052818,7.086,1.8553169096048,7.68235720772798,0.00195302352248811,0.62798622938011,10.8683116605935,8.38506312730241,20.1983835778524,18.9345399423489,23.3085964339674,84.4659027013337,1749.38273093026
BRA,1993,4.9246900037071,1927.38079016026,6.03,0.00543047313896343,8.32447041844802,0.038276610926673,0.350808564777038,10.5032716554144,9.09604889204913,20.2543612152904,20.8463552065145,26.0497364772714,134.113589135724,3280.65272709834
BRA,1994,5.85287036219013,2075.88839757325,6.579,-0.219464600014709,8.50057189488636,0.664683514070577,0.584731354072149,9.51307642702004,9.16168336908223,19.1150403606133,22.1455629464805,23.7212337008806,69.523199422634,1102.38325242776
BRA,1995,4.22379363350413,66.0070335542481,7.092,-2.35736654973227,7.99060658364422,0.917666666666667,0.631586020354494,7.52887503847073,9.45558496072482,14.4393627074231,17.2923463458623,14.5422791502638,43.4945248168898,44.302154919907
BRA,1996,2.20886405039022,15.7576656002606,8.035,-2.73368737119507,8.64001092885266,1.0051,1.47596541135756,6.73020968312685,8.90538179274132,14.0413210161005,17.2669463759545,13.0671912422053,40.7784936784467,31.0349042272703
BRA,1997,3.39484598630671,6.92671251629154,9.003,-3.63826290528202,6.36862290275464,1.07799166666667,2.15045305915354,6.98364957530895,9.59255968601575,13.711158574772,17.7639856110956,13.0186253775094,40.8522371713945,17.2433206742621
BRA,1998,0.338097901207306,3.19507629280052,10.15,-4.05145818781602,5.35795221353622,1.16051666666667,3.34088809328503,7.03050033871807,9.40808459248784,13.8904529394102,18.1647519194741,12.1551371990664,29.5322605655103,12.019348129374
BRA,1999,0.467937566477133,4.85844749902667,11.125,-4.46660530392099,4.99722590078224,1.81393284657213,4.73377022686194,9.5648982609794,11.4172682172491,12.7369014512502,17.3895597435179,12.3085333278888,29.8269102028347,18.115344500041
BRA,2000,4.38794944745618,7.04414105947266,10.889,-4.0477413019387,4.14153415965172,1.82942312207561,5.03391680528314,10.1880480043795,12.4517133524146,13.9917031283152,18.9031192683871,13.1346595913847,31.1409857776162,19.7046372390105
BRA,2001,1.38989640095637,6.84035902487523,10.649,-4.44478653179819,4.44144456291018,2.34963170932244,4.14759377398385,12.37171066993,14.564574352134,13.59459737532,18.7418602950836,13.0895379357967,29.0040380210043,38.4078080654788
BRA,2002,3.05346185909312,8.45016437708331,10.641,-1.84525901678299,5.36911462837761,2.92036301775519,3.25358061271527,14.2305902713775,13.3877671308534,15.4058722696436,17.4490794834956,12.3569626659174,29.6451419418143,6.14361610731487
BRA,2003,1.14082899824888,14.7149197228147,11.168,0.392877183707379,6.80818213950274,3.07747511847802,1.81340052439304,15.1807837086861,12.9596010144732,16.4179418086704,16.8566884007152,14.4507645634139,27.6856699444345,18.5842465790452
BRA,2004,5.75996463670954,6.59718509985963,10.072,1.33863064799445,6.01897746167502,2.92511944951586,2.71353166307823,16.5457615119353,13.1324909668183,18.8550188616847,17.9125683422575,15.0995301566951,29.372770255415,13.5668304135261
BRA,2005,3.20213206130431,6.86953720898964,10.551,1.30988466560485,5.01765489488027,2.43439003623188,1.73389354602718,15.2438292665623,11.8429659377691,18.1140955331319,17.2048834494962,14.7382811396728,31.8397841549909,18.3523037555262
BRA,2006,3.96198871122617,4.18356812896909,9.692,0.9727105230346,6.6063279497004,2.17532666666667,1.753125703626,14.3743163038801,11.6673835879099,18.4098163065848,17.8164738793472,14.1089458704485,35.4251666765934,16.7581028383866
BRA,2007,6.06987060678338,3.64127299102652,9.28,-0.19709696108555,10.7535621523233,1.94705833333333,3.19082601308524,13.3276751040789,11.9649362714605,19.3463603055608,19.8193259830854,14.1542648057288,40.6909379433524,22.0199737935591
BRA,2008,5.09419544658736,5.67859390284168,8.268,-2.09933784786717,8.33142232895231,1.83376666666667,2.99060946922903,13.5340005128387,13.7235689045173,19.2268466605026,21.6193828541669,13.9551769000753,45.782255995169,17.8824581798215
BRA,2009,-0.125812002161169,4.88803479876799,9.419,-1.7593578735281,12.9658318881251,1.99942817314426,1.88848224095724,10.8513711347491,11.2546044712842,16.3803650200302,18.796135029807,13.0594621488915,47.4942898466145,15.69467992336
BRA,2010,7.52822581815364,5.03872690108075,8.42,-3.92594604454763,10.2280608885101,1.75922671058718,3.73001288350945,10.8655847752557,11.9065933379213,17.8023993523835,21.8013215585586,12.7218596106703,52.764657630443,13.7188868720295
BRA,2011,3.97442307944702,6.6364496221309,7.578,-3.19461831905473,10.5265784637235,1.67282875525659,3.91518011405433,11.5825126785455,12.3518924973266,18.6012664292854,21.8262711166856,11.7837976692113,58.0784911062018,16.5779267982988
BRA,2012,1.92117598576537,5.40349914036997,7.251,-3.75941611687375,11.6309530113885,1.95306861112487,3.75496285641218,11.8775390704316,13.2367345403083,17.6781085215019,21.4172253691912,10.6759423074609,62.5192932018235,13.2068989805399
BRA,2013,3.00482266944432,6.20431066640101,7.071,-3.57422079622864,11.204987102341,2.15608915126311,3.04150901624338,11.7422306460189,14.0437266814484,18.1516908265514,21.6937669568432,10.4796122911618,64.2305738283777,10.1376898272109
BRA,2014,0.503955740242247,6.32904015516139,6.755,-4.4988303801852,11.3474043536962,2.35295196276669,3.57135266957477,11.0119428190539,13.6734629940752,16.1344049935616,20.5484107553739,10.3370973963623,66.028510394056,12.9118870591697
BRA,2015,-3.54576339269425,9.02990102416136,8.538,-3.51839166799859,14.6482488458148,3.32690438276879,3.59214931791344,12.900191418386,14.0534345189741,14.5293471758892,17.4116258675005,10.5209374571105,66.8297006475728,11.5589675466884
BRA,2016,-3.27591690782192,8.73914352329393,11.58,-1.700113396765,16.6034201407585,3.49131342157271,4.13737803865892,12.4666790429968,12.0670030347037,13.4217530165129,14.9695469721031,10.7864511144495,62.1940069633522,11.3908022394486
BRA,2017,1.32286905404399,3.44637335032669,12.792,-1.22429925769002,14.8647023427237,3.19138944630048,3.33825981739039,12.5189678698768,11.8007665044289,13.5777696912267,14.6255875978858,10.7214980093214,59.4843092973742,4.19019691967834
BRA,2018,1.783666761634,3.66485028376729,12.329,-2.80752008594698,13.202166862988,3.65382536145755,4.07858821454947,14.6349994955075,14.2412038808791,12.707419952098,15.0950416291605,10.5284573770078,60.2183479381776,7.10415817034185
BRA,2019,1.22077782360842,3.73297621216894,11.936,-3.41429103072781,12.2312070465136,3.9444710972507,3.692673213156,14.1229191913178,14.7673386785785,12.306400609957,15.5167908009424,10.3325005328998,62.790505078946,8.13626147855922
BRA,2020,-3.2767587964736,3.21176803803376,13.697,-1.64103541830151,14.9438769882272,5.15517878751281,2.59263795310275,16.4535520094071,15.8485265343869,14.8400818260311,16.1158206039466,10.692931568332,68.6961548470609,17.0242715916522
BRA,2021,4.76260437908608,8.30165975585673,13.158,-2.35822097223117,11.1402301211994,5.39440078962503,2.77979084938159,19.1094303688709,18.5469003909373,17.2170244671916,19.5218850206383,11.9043730112478,68.8052246830253,12.2592082545636
BRA,2022,3.01669435393015,9.28010608956873,9.231,-2.14967698505073,8.33579218529621,5.16397029102111,3.8680317970139,19.6307650034371,19.1853009729027,15.8875091585199,18.0882204442366,13.0740816282273,70.6060973782971,12.749851574354
BRA,2023,3.24165532906981,4.59356282283204,7.947,-1.23139445763703,9.42965093795292,4.99437976287199,2.86383344298207,17.9693243032741,15.6969055268697,15.0395043181229,15.7606472065087,13.2531636224002,71.0755405509113,14.6913349187946
BRA,2024,3.41931516501906,4.36746407652337,6.801,-2.9880142706208,7.95225602897552,5.3889349057096,3.38960808548439,17.9385794398559,17.6459444987685,14.141150821899,16.9814356044398,12.1108065153855,75.6308730941359,13.7069600898316
CAN,1990,0.202947848289654,4.78047693336304,,-3.39880313128256,1.53735331891058,1.16677362666667,1.40950377153528,25.0742989585924,24.9201654634573,17.7598907649728,21.3042109213358,,73.0680473500398,8.09337217122333
CAN,1991,-2.09105516498515,5.62586408593005,10.316,-3.73448630876752,1.36273737213214,1.14572584416667,0.573724262982077,24.3533165282791,24.8701503192628,15.1422078826112,19.3412969720978,,74.9889209188726,3.88294636022846
CAN,1992,0.890466243956382,1.49013290374545,11.197,-3.65401317228271,0.944194189324303,1.20872292,1.18075190608283,26.1991325601724,26.5388983848248,14.0569176510518,18.377419839763,,76.528598232828,6.40097941786606
CAN,1993,2.65770683842972,1.86507936507939,11.377,-3.86026630874173,0.888017879732009,1.29008788166667,0.721601695039315,29.1425993625483,29.1081967827564,14.8838279479694,18.4749885213182,,75.5320017616263,1.90509505055276
CAN,1994,4.49404933882288,0.165562913907291,10.395,-2.39799048706512,0.757311657106887,1.3656734475,1.64516287712473,32.781588237968,31.6099559075321,16.9829901791132,19.5160940033233,,74.7515063663867,4.63057345927796
CAN,1995,2.68232826962129,2.14876033057849,9.489,-0.835225571288648,0.811781644246909,1.37244541833333,2.25387303530621,36.0980542819385,32.9636937980162,18.9495948122556,19.380342728238,,73.950513515171,4.82998544492887
CAN,1996,1.68896122145787,1.57053112507138,9.62,0.385035905172817,1.03282424599181,1.36352163583333,1.39828193256897,37.0984399314286,33.1616335246106,19.4615675805776,18.9277232582103,,78.6330849908238,4.0452372668913
CAN,1997,4.28016680422402,1.62121638084531,9.1,-1.37185519267148,0.794660875560186,1.38459802833333,2.31796717858196,38.1329281417053,36.2035999717718,20.1967117448251,21.2179786877437,16.2316296466188,81.5311788782837,4.37212285001031
CAN,1998,3.89288658501088,0.99594245665802,8.278,-1.41951458841967,1.01444025546778,1.48350530166667,3.93994240640224,40.0292173202997,38.0520510601379,19.7742353004359,21.0452953522346,16.4467570688266,79.8626247247143,2.42054087792694
CAN,1999,5.14100348449622,1.73484295105918,7.583,0.124606928737743,1.12648674765852,1.48570481916667,4.04709159373983,41.8610604016192,38.253730454798,21.0958239916016,20.6841812842289,17.3642749424558,77.249880942932,5.36227033311612
CAN,2000,5.13853918994158,2.71943995691976,6.829,2.48322832733607,1.16129866637947,1.485394095,9.1710242867151,44.209235821106,38.5561220292153,23.7746280731218,20.6144677111521,17.3359926152489,73.987738492292,6.62329581424731
CAN,2001,1.87509813099847,2.52512013979906,7.219,2.13236979231819,1.31951370457923,1.548839955,3.84192129292476,42.0399550909321,36.3042633034376,22.635489053482,19.6713949333135,16.3735490832522,121.35283176137,125.031003767194
CAN,2002,2.99925533832644,2.25839440940855,7.665,1.64502756776047,1.4362408296048,1.57034283416667,3.21914228445942,40.0585914756691,35.6483137567658,21.7247007986965,19.739312333447,16.0168184510371,117.839258969464,2.65552561640498
CAN,2003,1.8063851195103,2.75856321360112,7.574,1.16498628134968,1.28132010174152,1.4010145475,0.782966307441581,36.8659264359901,32.9740568594072,21.9437421731044,20.466644988938,15.0118271137379,113.240799876309,0.510667128492431
CAN,2004,3.09236381038156,1.85725871857256,7.185,2.26314907015468,1.06751407941516,1.301281595,0.141465790138583,37.3277433603474,32.8646240805555,23.6604863582273,21.3828445226375,14.6551872578562,115.443226712085,5.46310787984703
CAN,2005,3.21045441502793,2.21355203439767,6.758,1.86964040462905,0.883794061681325,1.21140513416667,2.17814542268079,36.8563962056437,32.9021479545718,24.4515477349026,22.6318510676463,13.7300266955546,121.660065982688,9.64519114148486
CAN,2006,2.63794375302722,2.00202539534161,6.484,1.36362891052774,0.834629965214521,1.13434472583333,4.87400358632515,35.4017495610061,32.649050784309,24.6167836170461,23.5954200309501,12.9302741406544,134.118118620557,12.4794920805704
CAN,2007,2.04990459443619,2.13838399266837,6.156,0.752359497275173,0.878669443792734,1.07404562166667,8.20055904886214,34.229555163977,32.0538645842577,24.4043195574877,23.9078762217461,12.216320373211,123.533648061052,-25.5506861418317
CAN,2008,0.995406371264522,2.37027067444299,6.284,0.2046335073484,0.881536944156732,1.06708691833333,4.51512624244061,34.3949225246885,32.6285240464345,24.2473507737597,24.0724446665267,10.9155822054212,124.097472125061,14.9217682589394
CAN,2009,-2.91508627059555,0.299466803009299,8.46,-2.96627675991292,1.36080788737442,1.1415354059127,1.52412827089472,28.5157798740818,29.9585003089726,18.5199781161218,21.9594523644514,10.366522267343,,
CAN,2010,3.09080633744851,1.77687154092627,8.178,-3.59617272045212,1.17295270117455,1.03011273517598,1.83724977084563,29.1672768917177,31.0406277835266,19.3124605468573,23.4819201321447,10.3262683277593,,
CAN,2011,3.1371944343876,2.91213508872351,7.637,-2.77399195325843,1.19116603863505,0.989258158636364,2.13782226222103,30.678236283533,31.8201854265216,20.8570036017058,24.1513309493639,10.272976519555,,
CAN,2012,1.75566133205234,1.51567823124517,7.392,-3.53226120893674,1.19486014225825,0.999364743593074,2.70017935331081,30.3531418051027,32.2426469380987,20.9180313649159,24.8676388656292,10.3539408427549,,
CAN,2013,2.32581356612762,0.938291897815317,7.143,-3.14689861117208,1.2551770449071,1.03013736373016,3.62983069806946,30.3321619042863,31.8993710030569,21.597457353518,24.9078583876335,9.92464127723441,,
CAN,2014,2.87346675579731,1.90663590717861,7.023,-2.31891905245784,1.29918684137955,1.10474713237886,3.55389980711924,31.7365440556138,32.6420535575987,22.1484716896255,24.8706826761656,9.75583225015402,,
CAN,2015,0.64997101491096,1.12524136094277,6.945,-3.51398363580264,1.54392945017431,1.27878620362554,3.85389066466467,31.8499289605736,34.3149066238487,19.5693439682533,23.8215694588745,10.3125232360217,,
CAN,2016,1.03855091989323,1.42875954701085,7.038,-3.09310839278901,1.65079590323093,1.3256151637482,2.23834791127678,31.5025413039024,33.8610786779789,19.1464356668973,22.7610976853029,10.2468730483551,,
CAN,2017,3.03383491841392,1.59688412852977,6.426,-2.80342092867237,1.59591357331042,1.29793584646039,1.5375171282853,31.4543366815438,33.6465721095408,19.8452346358057,23.5504142207539,10.0022142848467,,
CAN,2018,2.74296341402246,2.26822567248103,5.837,-2.38506947723022,1.43503478148262,1.29581792813534,2.46930986353956,32.3253748086707,34.2744514629593,19.5829137118093,23.3772902489361,10.1847138715215,,
CAN,2019,1.90843193887251,1.94926902411593,5.69,-1.95169853023597,1.44775879309168,1.32679336266012,2.80676080429286,32.3526259007732,33.8187163722873,20.2615901974042,23.0423743758558,9.60892439729457,,
CAN,2020,-5.03823342794087,0.716999632307827,9.657,-2.01049081035402,1.76069410604191,1.34115267222386,1.75896848026439,29.47360741517,31.6830809235097,19.4618627087878,22.6746869777427,9.30201767236546,,
CAN,2021,5.95052804984759,3.39519318527528,7.527,-0.0219632369341121,1.72003903449133,1.2538769021268,2.97618405526996,31.1750905922479,31.0717706707868,23.3033943883775,24.3050650816917,9.52909382513616,,
CAN,2022,4.69541985045903,6.80280115341613,5.279,-0.442142105058685,1.46541502582442,1.30155477474355,2.30686661821278,33.7212083293036,33.2319537399015,23.9113346243855,25.0269800530907,9.32446695410476,,
CAN,2023,1.95308552199025,3.87900159788426,5.415,-0.693744929649431,1.55714979575801,1.3499086407939,1.99841597173847,33.3416520498948,33.2328904516085,21.915171696638,23.6376218677924,,,
CAN,2024,2.04626605401701,2.38158383281173,6.351,-0.487852623579789,1.5422071135267,1.36935976604092,2.77756440541293,32.4691150314085,32.6523836990289,21.3282777316351,23.168254276671,,,
CHE,1990,0.754674850871268,5.40395909218937,,2.26996181886497,6.27504373800145,1.38915833333333,2.05539256186174,40.5102531770047,40.8167335262936,36.9885772805176,37.461082537557,19.4941826511632,142.164879950207,0.834714025550794
CHE,1991,-1.14597481735849,5.85959663468677,1.818,3.49306005397493,6.40089124287991,1.43399166666667,1.04002610151336,39.0002956142302,38.0956495931352,35.0444206491097,34.1862083713756,19.3704816432321,141.032473295234,2.33105107780219
CHE,1992,-1.15859267203984,4.0370302077874,2.344,4.70565182734784,6.59880317929945,1.40621833333333,0.397159817297002,39.8971086128056,37.8408813920414,33.0789382506421,29.8171506321563,19.0634645185322,141.137107332988,2.5969648553821
CHE,1993,-2.06561631523785,3.29262180313607,3.551,6.10678947948753,7.64485841385571,1.47761666666667,0.617695431219082,39.9773272214609,36.5579665552479,33.514573402364,28.0504020176783,18.8673697926717,140.651095749735,8.89797734439469
CHE,1994,4.01576592867781,0.852116995120664,3.58,5.46855373796557,7.14480083364375,1.3676925,1.20382560914079,39.2431748501674,35.7979334250756,33.3760512046425,29.6053919389877,19.2164740547092,142.05628342865,4.15613538321203
CHE,1995,4.09438994746239,1.7998277686715,3.094,5.78036617537037,6.34478621234093,1.18246916666667,1.16102713977051,39.1992056580806,35.9384825610396,33.6998894022878,29.4917831255492,18.9564125721014,144.433488131735,4.6060794044665
CHE,1996,0.560166924751584,0.811634064628187,3.684,5.76649068336731,6.34892776704211,1.23601,1.41302599505497,40.31388424433,37.4974521051761,33.0195716628664,29.0179878540063,18.7482911547127,142.467999363983,9.56671608598962
CHE,1997,2.09761680316545,0.52022542273664,4.127,8.47084633785544,6.01082429732153,1.4513125,2.80789983241821,45.8616805097285,41.8662162546867,34.2100618908672,27.4415597082,18.801285656771,144.241756215158,6.62420625516005
CHE,1998,2.77611373648112,0.0179384378439321,3.568,8.20907228694801,5.71608776779031,1.44981330833333,3.69672322229526,45.3746246784868,42.1988774712584,34.8958065465178,28.6612623744383,18.5415788361247,142.862587069313,5.09823674734555
CHE,1999,1.68007571116809,0.806444380959459,3.053,9.36807372652254,5.29221636992954,1.502155,4.8164248381677,46.1684854176937,42.9262892875835,34.7851291489025,28.038319761824,18.2717993806762,149.160661652256,13.2799202208374
CHE,2000,3.63321673470911,1.55852919679008,2.658,11.1830809846991,3.71646131613972,1.6888425,8.17521915675575,50.8536330810172,46.4996696941293,38.857015332636,27.9176282410949,17.7416316807995,140.300296124263,-16.930526803309
CHE,2001,1.59219781357001,0.989020329832545,2.49,7.10867997766228,3.56768315967572,1.687615,3.36538740800036,49.4335424078329,45.7790870672196,35.5501803671281,28.5122550939251,18.4648980198787,134.976056409222,3.91325899092265
CHE,2002,0.380410134195273,0.642711506543278,2.924,7.33454803627006,4.38047244829935,1.5586075,2.63053078099282,47.8008974246151,43.0987566735016,34.0066338906662,27.2487659367689,18.8612715261369,135.480432997259,5.7321146989266
CHE,2003,-0.284222357857615,0.63827293088719,4.117,11.145732111859,4.27684182116484,1.34665083333333,5.37997633214374,47.1639744765375,42.5852376577067,37.453265413512,26.7513983417559,18.7019407966153,139.161484664263,8.35913016889283
CHE,2004,2.58692895529093,0.802908730955226,4.316,12.370559423016,3.92301370716735,1.24349583333333,1.73644742922473,50.8466167037044,44.1861434566624,36.9493533217277,25.0557566926262,18.666972883118,140.924568613317,2.85023318029875
CHE,2005,2.95208487460334,1.17195420333703,4.437,11.2370098937934,2.51617493578477,1.24517666666667,0.627760062642509,53.3710182552627,48.2978742326135,38.778128212266,27.458181859409,18.958652222549,144.228510209127,6.88769804723943
CHE,2006,4.13432251467916,1.05950928324805,3.995,12.5827051327396,2.56436167235939,1.25384333333333,11.9904120847301,56.1815905395898,49.5803263271633,40.8816385961656,28.2033629386961,19.2890205326338,147.92858367262,4.60606762087496
CHE,2007,3.98319384807056,0.732350603122236,3.641,8.62602411965998,2.3636319329158,1.20036583333333,9.75729400131519,61.0846070566273,51.6253647050757,36.3960369170054,27.1952335500482,19.488349708293,151.063646993445,3.32901707682785
CHE,2008,2.53159615417233,2.42604117060157,3.35,1.71685956202742,2.04763355976139,1.08309,0.5204308601517,62.7755226114318,53.5671191334374,29.0816593224405,27.637426604477,19.6435012643819,143.978771187878,4.01897023809639
CHE,2009,-1.93490944903913,-0.480481936423305,4.109,6.20993663529341,4.26935140341523,1.08814169630268,8.45520486310627,57.6099783739418,51.4527528962893,35.2022740592926,28.7707915094253,18.3208023264083,152.589138144841,7.6057570610455
CHE,2010,3.26063082122047,0.688238707219975,4.808,13.5122041081735,7.56172322193645,1.04290564573352,2.8968438323572,64.3662982851714,54.836162238006,40.0247978926619,26.3569227706682,18.3166240162527,151.124117500095,5.501184989208
CHE,2011,1.40766067483813,0.2313492076509,4.409,6.78869248151288,7.44644961446411,0.888042028223281,2.85527784754459,66.2018319881441,58.8455355704939,35.899139925548,28.7441224133593,18.708948073265,153.882471661955,11.2288814640572
CHE,2012,1.12413575027705,-0.692552018105163,4.491,9.26545401355282,12.2950040469463,0.937684480709349,5.72352684333341,67.4290703358076,58.4368702528801,36.4841396511099,27.1030209487493,18.3426070483841,159.565695854112,13.0049811619879
CHE,2013,1.83612392927999,-0.217323155115673,4.747,10.0987695815989,11.7256836953022,0.926903547758285,-3.46803774147053,71.5387969810933,61.2617383404455,35.9487257790326,25.7348146586546,18.4192868942775,161.204723861096,4.07568743554397
CHE,2014,2.54342347675991,-0.0132025387515946,4.826,7.31047606764298,11.7247018785997,0.916151047283613,2.83378237216102,64.7317061911352,54.4988246027965,33.9653977172511,26.3311648855109,18.2576883092773,161.86455636843,4.5699547970414
CHE,2015,1.45450336491099,-1.14390867228178,4.801,9.03526946600204,14.0381093116377,0.962381328004354,17.0946761521558,63.254588058839,53.1154318728083,35.2371146450826,25.9410074917815,17.8568423587127,163.923941772786,0.0794145151533264
CHE,2016,1.91159094214852,-0.434618664285815,4.918,7.11825025698579,14.7781437779488,0.985394394244835,24.4555901017489,66.2372910110226,56.7044441677562,33.9368664565703,26.6210457356761,18.2447554804173,167.772890998961,3.30738697507558
CHE,2017,1.42034612231261,0.533787839825876,4.797,5.23116441578826,16.5202615600178,0.984691666666667,20.7708262545671,65.6423588005133,57.3060367886332,32.4328073824832,27.1836865705199,18.432255769318,,
CHE,2018,3.32743256101493,0.936335464113572,4.713,5.9935622611881,15.1105604842755,0.977891666666667,-21.8417322340093,66.7444127590223,56.755416947834,33.3887858370377,27.2924547005501,18.5519498038638,,
CHE,2019,1.11532187197474,0.362886179940674,4.394,4.02412129092586,16.5474933642214,0.993709166666667,3.03579308743079,66.1484505764437,56.8740592564204,31.8152468431882,27.8910708551059,19.2121227464848,,
CHE,2020,-2.2552579425106,-0.725874933313403,4.817,0.439023949410653,21.3472405398935,0.938965,-31.5520454460584,63.5682266863333,57.8828739234285,31.9985940374384,31.3016462281195,19.0466157972256,,
CHE,2021,6.17622836050151,0.581814168489856,5.013,7.43974843118479,19.2467144477569,0.913845833333333,-14.366241892487,69.9421328454497,58.0619868071113,35.7819679881188,28.1537223975792,20.6927435425858,,
CHE,2022,3.53430286842426,2.83502798644451,4.122,8.95592029075919,15.0105362573548,0.9548325,-1.44605128264693,74.9648944789973,61.2709765693661,35.7550516865487,26.6594304095158,19.9238153481674,,
CHE,2023,0.825560934124624,2.13540088016387,4.043,5.86347462172406,12.943374645767,0.89849,-12.43582733744,70.3187381654557,59.4184563829442,34.2918279087593,28.5542320055981,19.3565839417811,,
CHE,2024,1.39033363875791,1.06234041976595,4.343,8.88762829753527,13.1903467469865,0.880440833333333,-11.1757250603926,71.202289539209,59.1522265023689,34.4900895678252,26.7253398015124,19.0664242883381,,
CHL,1990,3.59872304691744,26.0364811362364,,-1.44968764303319,7.14900044892737,304.903333333333,1.97794818425857,32.2119449244153,28.9966928543665,24.3290776390403,25.7232653777983,18.3510106606134,,24.2444285445799
CHL,1991,7.75620189312957,21.7844124277757,5.23,-0.25554288126347,7.66578870983008,349.215833333333,2.1518436890016,30.9848794845346,26.5226676793206,23.4480570467047,23.341676276014,18.883713815397,,26.9741137081853
CHL,1992,11.5019314370192,15.4258064688928,4.35,-2.0561295791378,8.23840818452574,362.575833333333,2.01143578120064,28.5950704800945,26.9466772202601,22.8071945542299,24.8635574680026,18.7466721498403,,26.0801784390471
CHL,1993,6.6855844008042,12.7277669490964,4.49,-5.11105015900292,8.24707920583704,404.165833333333,2.07129503152446,25.5450555023598,27.3687975536673,22.2682123147593,27.7812912604082,19.0213910522911,,24.5375002735213
CHL,1994,5.07680374667352,11.4431196444973,5.87,-2.76296605169419,9.78937723178402,420.176666666667,4.49543455707598,27.2530179794726,25.5546659744932,22.1204981483329,25.5343368834102,19.0914315209027,,11.6694985587633
CHL,1995,9.25542757753573,8.23263034116114,4.7,-1.82822028885922,8.1486305612366,396.773333333333,4.00566641535027,28.4806033041148,26.2068802957705,24.6205748249686,27.5292622461532,19.2514284613681,,24.3475256018565
CHL,1996,7.1148626270751,7.35911781788767,7.414,-3.92274308347759,7.62414656344975,412.266666666667,6.1267050997206,25.9504471585508,27.9703051278948,25.3183250176561,29.8812134444565,15.2270915521376,,20.094079349474
CHL,1997,7.3917392684331,6.13386464357927,7.136,-4.26887262850027,8.01659166260048,419.295,6.14802074641292,25.8780061517668,28.2212958576073,25.0763604901302,29.8592663281389,14.8805358615268,,24.4673526760198
CHL,1998,4.18088662700669,5.11024954517559,7.307,-4.77915592737757,7.52956169593099,460.2875,5.64436806174344,25.1435824160666,28.6925981884673,23.394979013313,28.6186850894279,14.4175533248013,,13.2940124003087
CHL,1999,-0.2736313981937,3.33687917526023,11.158,0.131436581248041,7.9890586585589,508.776666666667,11.5919139537542,28.3091122404956,26.3864973847019,22.4833163552083,22.5504742140038,14.6831041266895,,12.9848172513259
CHL,2000,4.9716214882971,3.84327295706565,10.491,-1.14568457860136,6.85717827919584,539.5875,6.20376708218785,30.1237545610247,28.5881687725565,22.5017238796311,23.7507565901543,15.1925274307283,,9.09259869123507
CHL,2001,3.15403492459967,3.56910053001467,10.39,-1.53703377110132,6.80413071957789,634.938333333334,5.8676609577396,31.8473112100134,30.2974551227546,22.9540058130082,24.0912149524836,15.9367774372627,73.0816959622537,82.588308363306
CHL,2002,3.20279913520113,2.48939816650705,10.168,-0.825565731667288,7.41200312328544,688.936666666667,3.62905823074114,32.2572216653296,30.2266330761295,23.1216893179353,24.1083893516193,15.7836746848203,74.3460982791172,6.07916276465261
CHL,2003,4.72324526861041,2.8101787574361,9.765,0.214600395822681,6.63634219064207,691.3975,4.556949756395,35.0609735492762,30.6324426463729,23.5378279968254,23.3991373808031,15.193758641042,75.8320621380067,-0.512352386177694
CHL,2004,6.67425416822923,1.05473871403517,10.162,3.26056295397732,4.9897200987192,609.529166666667,5.01507138064187,39.6857497510041,30.2036106315913,24.4277327681936,21.2432280953364,14.2216397565536,76.7499857822204,9.55333017615042
CHL,2005,5.83704571917758,3.05257621387849,9.34,1.91109059952903,4.02468955854158,559.7675,4.89870698303569,40.1755713149739,31.8869620579791,25.1302098186106,23.2677016954958,12.8191983284035,77.634565408211,11.1916460143186
CHL,2006,6.04999082563968,3.39201733699405,9.024,5.49643732024025,3.58847634911942,530.275,3.0910197191962,43.8656741327676,29.8459599875652,27.6498812574935,22.1863204596536,11.6836788192905,78.1133233692663,19.1863915854218
CHL,2007,5.16823098528431,4.40779938398044,8.427,5.05557874807609,2.63014804778968,522.464166666667,6.11348994449279,45.1298514125536,31.8471726465886,27.4342310839715,22.3480228340307,10.6421644007916,84.0752473162029,18.7545814121829
CHL,2008,3.78939280635238,8.71626873039607,9.285,-4.18826982519764,3.07151116745676,522.461035833334,10.4571112913238,41.1625609327669,39.5140657210171,24.1492079294954,28.8969424277685,9.97400566946906,100.172568090545,0.236514470150661
CHL,2009,-1.11803723642878,0.353045178360937,11.313,1.43974883336493,4.57044718649424,560.85989484127,7.42256247898025,37.1156346662754,29.5703965832241,24.2769384382053,22.9200072895058,10.2611589858403,102.687075908392,-4.69795098726649
CHL,2010,5.85165102224047,1.41071107954321,8.547,0.896881680744076,3.77838926811689,510.249166666667,6.84144686828522,37.903993986295,31.8136862469673,25.6276932578206,24.7754671336591,9.88717359213424,99.4755906592451,7.71445579506161
CHL,2011,6.22389678509138,3.34121694259302,7.492,-4.91713901662886,4.49169430998687,483.6675,10.4897738058645,37.6897797617714,34.7918624475716,21.6861213065377,26.6462973582796,9.90905317308925,101.863485350982,22.8766979282293
CHL,2012,6.15534001855494,3.00744840213047,6.79,-5.32849119001729,4.42879460913549,486.471303391053,11.9097449981544,33.845591494963,34.3105520389641,23.4686626230969,28.791349395371,9.82773289412941,104.266686517932,10.3007746397346
CHL,2013,3.30850824710085,1.7895555398459,6.361,-4.77606541666959,4.42389600639615,495.272877645503,7.61396398974862,32.0874628670083,33.0558248393655,22.6663184541001,27.4969595601166,9.98503290205937,104.149344550832,11.7428680339608
CHL,2014,1.79264947139259,4.71867527854672,6.761,-3.46029991877659,4.73426591501765,570.34821612744,9.83500371419039,33.0039028305543,32.6307246042164,21.6794787310798,25.1580935799669,9.92046571303201,107.29402770779,8.74251950539312
CHL,2015,2.15194249981184,4.34877353217044,6.605,-2.73506821605392,5.45339619283524,654.124084254196,7.32780348711267,29.1910790733686,30.1580314947545,22.7338612948598,25.5994382084201,10.3988646679795,108.683157928885,9.15150410432211
CHL,2016,1.753038749071,3.78619355893118,6.926,-2.62065852365988,5.78588755052345,676.957736044657,4.55707488153847,27.9231577302995,28.1347025767999,21.0878070381514,23.7087897319925,9.70592438632348,109.658986217723,4.90181744939997
CHL,2017,1.35769537343957,2.18271846868519,7.257,-2.75779980852367,4.90281936187665,648.833792598261,1.89647029836548,28.3313768888156,27.6947817505058,19.8421253926699,22.6366697426235,9.16084501298879,111.859731058874,0.556021107539523
CHL,2018,3.99002947789977,2.43488981353057,7.623,-4.48367554777816,4.38194459144938,641.276813066395,2.68461345207245,28.5290452274717,29.6480060761165,19.603708780321,24.2030786765181,9.6042139700833,116.098274611163,4.1787397649643
CHL,2019,0.644223402631923,2.55754475703327,7.493,-5.21201190646601,4.69728067944713,702.897422561529,4.87915172452024,27.8723266080413,29.7345891776124,19.6831488302629,24.94531502311,8.97674256400038,123.238729784071,12.1600547005451
CHL,2020,-6.1396969411886,3.04549084804326,10.934,-1.96248572878056,5.28711808990111,792.727206103169,4.50500989019161,31.3228006627665,26.8459687305709,19.0916016250211,21.0773285826388,9.01832546015944,123.532570614359,14.065633467554
CHL,2021,11.3374032409913,4.52456838259144,9.281,-7.29452522459608,4.69423974456816,758.955378658977,4.81031437211446,31.974345622206,32.8656468569676,16.6899038524225,24.1498841986761,8.55784652499058,109.258846092778,19.2852459032946
CHL,2022,2.06391864254198,11.643866711056,8.249,-8.87430060140152,3.18145571608366,873.314189543014,6.2344860828365,35.6216861605322,39.6117335928437,16.8318722707056,25.7670400608281,9.50169647954698,112.669584808771,3.79180342377034
CHL,2023,0.677024831595858,7.58168251407962,9.013,-3.10428872521174,4.39461209765128,840.066526651499,5.72340675956374,30.7750617433637,29.901582730252,20.1458143576453,23.3331278198537,9.58046626138871,109.505087480448,2.612362094973
CHL,2024,2.80512637106611,4.29763891572524,8.718,-1.16817210444884,4.18812833070743,943.572167421488,3.97989457086765,33.7320704435058,30.2256760867506,21.9478492548433,23.1192669583529,9.37258927958029,104.567816282613,-2.12013466218369
CHN,1990,3.9225195692421,3.05229012075233,,3.31811936794009,8.50061506335466,4.78320833333333,0.964431294157465,13.5882641172526,10.6377183627152,36.6228275584888,34.0914985430681,,86.033020264839,28.8665946932793
CHN,1991,9.37563237902144,3.55668565220452,2.37,3.45166169027996,10.1087909129257,5.32339166666667,1.13546978147697,14.4450323111337,11.4279491835766,38.4279725792786,35.5377442696039,,88.101074265209,26.679108289799
CHN,1992,14.2976226152779,6.35398134024869,2.37,1.49380742683803,3.76716826644375,5.51459166666667,2.60348627617638,15.6002410213269,14.4338530320539,40.5262148478143,39.3081668840399,,86.0530634974135,30.7996709482819
CHN,1993,13.9261028311995,14.6100786356602,2.69,-2.59966643215884,3.15485276716324,5.76195833333334,6.16158341638819,16.6339975209836,19.274644137231,41.5944567821618,43.4763551900211,,96.5063917341575,46.6697907289342
CHN,1994,13.0827122987906,24.2569897243361,2.9,1.21849357261851,5.8589383126685,8.61874266666666,5.95964712479176,18.4515778259707,17.1538856989073,41.5641800595348,40.2783746945492,,85.4875547969596,31.5001345261317
CHN,1995,11.0154136659719,16.7912268492666,3.0,0.219237328483813,6.32825586255357,8.35141666666667,4.85635899646063,17.8624291729756,16.2425229859567,39.3812636762869,39.092189056179,,83.7832971610429,29.4610222014778
CHN,1996,9.97328781228394,8.3131587270211,3.12,0.833943624966418,7.71067045739524,8.314175,4.62623979720429,17.8247104643429,15.8040407669576,38.5813284832836,37.7768637845413,,88.9638086375131,25.2731567986698
CHN,1997,9.29759460595947,2.78646505531882,3.23,3.81946407941415,15.3584570935983,8.28981666666667,4.69530688267996,19.3692945938508,14.9442817281513,39.5469344798754,35.7413524462449,,96.1109753817389,20.7273116736513
CHN,1998,7.92354535108497,-0.773186011549318,3.24,3.0345158579566,15.3155648378232,8.27895833333333,4.40097362165008,18.1992267514817,13.9725131842671,38.1766453804451,34.9859486932226,,104.374364546684,14.9043500655997
CHN,1999,7.74123827728161,-1.40147268276465,3.25,1.91286225540032,13.6364945397097,8.27825,3.71556393762674,18.0006905864312,15.2248474895742,36.3928397912428,34.2336141056633,,109.399598813293,14.6664777063988
CHN,2000,8.57357328926101,0.347811226864587,3.26,1.67667411710879,10.9413586396921,8.27850416666666,3.43984725315719,20.681599363293,18.3293431142068,35.5826474435708,33.6326827140045,,109.994877039067,12.3247819807429
CHN,2001,8.32404695347056,0.719125609120114,3.8,1.28417196444636,12.6317565159013,8.27706833333333,3.47245235578959,20.0776873829946,18.0049595688389,37.0775585847377,35.523858010134,,108.774792189184,15.042413505773
CHN,2002,9.23604870383861,-0.731970902350244,4.24,2.37759984341841,15.2992330754394,8.2769575,3.56241418263928,22.3518233715808,19.8426189671605,38.6609215616113,36.0687816828708,,115.979390472452,13.1404362825777
CHN,2003,10.1138119025242,1.12760348729637,4.58,2.55665409110255,11.442740318432,8.27703666666667,3.43849537731211,26.6023738514511,24.4751062787292,42.1609224814857,39.4280130265115,,123.908441331551,19.2397666568681
CHN,2004,10.1404291872206,3.82463743108159,4.49,3.47450259619584,12.904400622439,8.27680083333333,3.43299015092913,30.6097162464404,28.0306177944035,45.3715794530289,41.6343741627493,31.5101594673259,116.911160094503,14.8869201406815
CHN,2005,11.4535130030645,1.77641407667571,4.52,5.71199843031159,14.1697653869492,8.19431666666667,4.49218509012467,33.3687977498922,27.9912771909315,45.5417056569754,40.178086700104,31.6564574964127,110.318412911549,16.741652395309
CHN,2006,12.6752842281595,1.6494309945586,4.43,8.30532573537484,15.3932049867437,7.97343833333333,4.44499743873593,35.5268468681701,28.0427329939926,47.7875413024031,39.6897003482818,31.9945213596647,107.618484093695,22.1161188523734
CHN,2007,14.1507710506103,4.81676767378834,4.35,9.79958953536148,18.0957914112379,7.6075325,4.33537500236917,34.9066956194649,26.3597683811527,49.7906549255041,40.2220879226288,31.9005932714931,104.210464888538,16.7355345835518
CHN,2008,9.66877608164454,5.92525137041092,4.59,9.01086996317632,19.1459316518489,6.948655,3.67520717506325,32.092513602143,24.6186193981779,51.2655667529843,41.9607249432501,31.6169791482305,100.407960956815,17.778107551017
CHN,2009,9.40610014336416,-0.728165250932898,4.72,4.68740638141982,25.389762462257,6.83141605176666,2.52538984334254,24.3307718125403,20.0889926205716,49.8735875934712,44.9282638913962,31.0611528606438,122.30114770831,28.4232778726154
CHN,2010,10.5916903885704,3.17532475269199,4.53,3.8402567341525,21.8294857327459,6.77026902870939,3.93541996731512,26.7227451502469,23.1313270836509,50.7951259924622,46.1023443345586,31.0748956423241,124.425608463989,18.9483146133247
CHN,2011,9.46205248298186,5.55389892257493,4.55,1.77399724587567,19.1307572380525,6.46146132655007,3.65069190228423,26.1518828948759,23.7939443304884,48.6410622284448,46.2703012824496,31.5623565182378,121.167093127879,17.3229697862854
CHN,2012,7.8578201481217,2.61952432645541,4.58,2.48328422404794,19.0830480218235,6.31233282683186,2.78099138181613,25.07670432956,22.4035087488717,48.1956233738576,45.8169211701107,31.0143036500115,126.819734509975,14.3916520166902
CHN,2013,7.77842954757257,2.62105001748115,4.6,1.52111320885029,19.5432820448992,6.19575834608231,2.98598708261986,24.1633430905854,21.7526982889717,47.0363460228068,45.9224093546636,30.1275021518721,131.939045697462,13.5889022146314
CHN,2014,7.46100735778161,1.92164162788521,4.63,2.21130586371267,18.9654201864734,6.14343409448867,2.51155883670463,23.0719766947263,20.9964797865269,47.2736238197056,45.3115352657107,29.8300397890826,137.623726308462,11.0119361361336
CHN,2015,6.98162255562367,1.43702380935655,4.65,2.59752794949746,17.935784855181,6.22748867298455,2.14957284731563,20.9390642234326,17.7581206128298,45.1016053776732,42.7349872564364,28.3889960582852,149.628832038708,13.343101694296
CHN,2016,6.7736886867727,2.00000182191943,4.56,1.67018709565352,16.7160982737837,6.6444778294468,1.52539470315394,19.2036507365412,16.9735199564368,43.8678663976574,42.1386166189127,27.5237594259275,153.192761827313,11.3331189514331
CHN,2017,6.89123916636191,1.59313600071436,4.47,1.50488723669316,15.4175323187252,6.75875508633597,1.32468971748482,19.3356301657728,17.6152224500872,44.3202552812278,42.5497375507577,27.5998559245177,152.089747458443,8.10977796183974
CHN,2018,6.757806142324,2.07479039965576,4.31,0.170563391928727,13.1417391678264,6.61595717735439,1.66361992284408,18.770519802938,18.1238645885338,43.7715764233009,43.313827489682,27.34341880328,154.991560224764,6.99106169351358
CHN,2019,6.06737806333672,2.89923416358227,4.56,0.619961080716059,13.6333355975394,6.90838500992901,1.28549226847992,18.1398222864053,17.3146127417354,43.2925997301417,42.6695374085222,26.2594662949297,162.207566232758,8.8822790596896
CHN,2020,2.33950385203023,2.41942189457782,5.0,1.49179592498582,14.4970336212148,6.90076726944925,1.68770756292082,18.2696013805051,16.0681770933789,43.4998633494291,42.5723735094229,25.5809804288007,179.104100221958,10.0135623141248
CHN,2021,8.57038414981781,0.981015135544882,4.55,1.6339546037037,11.4763094263764,6.44897518024316,1.8903454142588,19.4350556514909,17.2078233128845,44.679938707538,42.6822612949312,26.621932558827,173.554518720488,9.0757457335677
CHN,2022,3.13385438394069,1.97357555739051,4.98,2.20640460953834,11.0459629699848,6.73715811237119,1.03841365474349,20.227756033041,17.28479964513,44.8335710565362,42.3554333470499,25.9806695043084,181.785162429715,11.6633002240566
CHN,2023,5.41600334492955,0.234836828893051,4.67,1.40681103517507,11.4423012102454,7.08399842343631,0.280991103634816,19.4023091648376,17.3368405290018,42.5717088559186,41.1297102455381,25.0144267929987,189.606708989308,9.84883453512065
CHN,2024,4.95830378788091,0.218128938439177,4.59,2.46818591485776,11.0155252612111,7.19749110789917,0.227695125306895,20.4428283665891,17.5132317706653,42.7150109198495,40.4815134449629,24.8415841892631,194.312528264561,6.8107070839647
COL,1990,4.28199833053058,29.1520245976215,,1.13284627622115,6.14324307436319,502.26,1.04506114042541,18.8626690286416,15.9151413516665,20.8809990215218,20.606730546634,18.0333075421471,25.9105916549165,
COL,1991,2.00160759559029,30.3878204854436,10.12,4.77635581102987,9.28346805592216,627.1525,0.929119963410911,19.0945389024404,14.4353791922749,22.969138967868,19.1054638472664,17.908127156721,23.4043091760028,32.8410928222499
COL,1992,4.04492943933556,27.0106266231361,9.44,1.54179329402071,9.01324448135516,680.385833333333,1.24736846158865,16.5185546953654,17.093036648287,19.0840914161403,20.5545014602291,16.8422107892647,25.2421600275776,39.0322790153926
COL,1993,5.38540993901029,22.4424828533275,7.8,-3.1640347587015,7.02412147667847,786.346666666667,1.44341026306631,15.1844952854784,20.9929761594843,17.9033564529234,24.9421331103752,15.832146074946,28.6713526450495,39.0100341947419
COL,1994,5.81466190724336,22.8462417553045,8.25,-4.48814605215356,6.0621858658826,826.54,1.77042262125538,14.9983618345688,20.9191756155692,19.1014471430903,25.5384467490805,14.9969758426646,31.0736127250167,45.7348710917547
COL,1995,5.20243759278655,20.8917930194849,8.72,-4.8816442586875,5.55385498998115,912.895,1.04680224097574,14.5337428892103,20.9634874285564,18.5069819560282,25.7987433287578,14.7615046482786,33.6634295845069,28.2328580125072
COL,1996,2.05585471287195,20.7975755127402,11.81,-4.77689886981533,6.21006550947989,1036.6225,3.20262771722448,15.199461701397,20.8446454849312,15.1092759008573,22.1509386589832,14.4092035112335,35.3234826301522,21.0279620938304
COL,1997,3.43029367788374,18.4700217119089,12.14,-5.39146862906034,5.50497562649279,1141.11666666667,5.21492781259777,14.8415437434707,20.7555243452086,13.4982471432482,20.9237506240474,13.7888033704677,36.4758451431847,23.8811471536528
COL,1998,0.569784088434517,18.6769799276672,15.0,-4.93441634428213,5.26353880321724,1426.42416666667,2.87354611202614,15.0073508369912,20.9015722165226,12.8738114704469,19.7280791808155,14.0513156430057,35.2185505194702,11.3581980959744
COL,1999,-4.20401524244947,10.8736870857471,20.06,0.778526882820605,6.21433789847812,1756.68583333333,1.74959315214541,18.3465787501541,17.8027005640253,13.5414493229445,12.8801341708134,13.8493757183593,31.654183439449,11.8974582029556
COL,2000,2.92486148176778,9.22534818585366,20.52,0.846461525527854,6.11807066146249,2087.91833333333,2.43950747934181,15.915139715438,16.7519457538687,13.5749686725974,14.8956270290748,13.9327006536198,20.9474743929536,3.64844934326372
COL,2001,1.67789830787579,7.96556090304834,15.04,-1.05937674050926,6.35050313316505,2299.89333333333,2.58851936306874,15.3871357665009,18.5139760284435,12.8346353937112,16.0322513515548,14.1371966473471,21.9066125992657,19.5857328904759
COL,2002,2.50398046659659,6.35150728778872,14.481,-1.3162316381602,6.88344697376663,2504.68083333333,2.17844751407948,14.8155696775272,18.1670695368963,13.9254606168321,17.2515418448331,14.0329280173486,21.5233089569655,4.60750532418349
COL,2003,3.91827190322513,7.1297886294186,13.221,-0.963598625978888,6.38908287123236,2877.54333333333,1.81783931129221,16.5752997117627,19.9408838054673,15.3964953055729,18.6818190163212,14.2374561677284,21.0762350135313,10.5253958714064
COL,2004,5.33302206759905,5.90402005546502,13.717,-0.66148309595793,6.53943297009272,2628.36833333333,2.66083488771203,16.7707514248023,19.0926755089972,16.8283644027065,19.4409966142669,14.4134103625529,22.1991386566001,19.2887753120297
COL,2005,4.82876110773741,5.05101962689696,11.062,-1.33773107053946,5.66028976102222,2321.13166666667,7.02979401438219,16.9710437391629,20.4516537557921,18.4240690966926,21.6562413080915,15.9910403067837,22.7527186089507,17.6334785783414
COL,2006,6.71686869844402,4.29342363628927,11.088,-1.8486662357596,4.86472956969639,2358.59460526316,4.17238510059526,17.7285877506525,21.9127682099768,19.0107722890368,22.9389629039528,15.9786060942757,27.3293271996088,17.9495885478403
COL,2007,6.73819469090975,5.54438485815156,11.204,-2.9819266093631,5.20777056364354,2077.81095833333,4.30867680626701,16.4331421263646,20.6657549719257,18.638649868679,23.4542806868515,16.1542662179759,30.566568223407,17.3922512072947
COL,2008,3.28344618616541,6.99688495554511,11.273,-2.67924104556952,4.91891189527839,1965.1375,4.35627834630067,18.1095951350739,21.0580542813616,19.5682086075973,23.7209214485662,15.3737037145843,31.3428821283831,18.4819792755539
COL,2009,1.13964864548062,4.20251661216482,12.066,-1.90692601755576,5.98237462562041,2157.59833333333,3.45627065154005,16.4244956875755,18.731632819883,18.6699966386017,21.9875830884376,14.7800723322979,30.0588498093341,8.05588580513637
COL,2010,4.49465897070922,2.27200227892008,11.153,-2.99583091222973,5.43925016289306,1898.9975,2.24433595561184,16.3408447597691,17.923758408999,18.4559135277445,21.8887622688674,13.9670256956953,32.352958637797,11.4576625933083
COL,2011,6.94789198173555,3.4150334477625,10.288,-2.90611447190462,4.63778352646321,1848.01666666667,4.37269536127322,19.2765050733171,20.1939184812196,19.3455564254972,22.9955914400596,13.217602576964,34.9599738877776,18.9238170418615
COL,2012,3.91263576716115,3.16930188840055,9.959,-3.14008013112593,4.96194403534215,1798.01166666667,4.05728041313345,18.8112052836654,20.0239457350035,18.3713284261771,22.1046440622529,13.0892848837297,37.7448515262877,16.0716080723658
COL,2013,5.13399351995672,2.01699224310383,9.246,-3.23615067105022,5.77599378124281,1868.895,4.24252457969381,18.0864397214368,19.9002090764088,18.1897993478304,22.1825448506007,12.6623563037307,39.4836916913459,13.734793833431
COL,2014,4.49903000110972,2.89883787761738,8.799,-5.19843119341791,5.95800832936949,2001.105,4.24107256687862,16.6347491096509,20.8527165314594,18.1560951133674,24.0033136584861,12.2693186420816,42.3846056970013,9.19089669585043
COL,2015,2.95590137527523,4.9898311584953,8.572,-6.3723044223088,7.29304800301966,2741.78166666667,3.95939854860993,15.6502115094968,22.7105526089485,17.3698672741382,23.7736922946916,12.4008937581087,46.9053935998568,11.4209959856794
COL,2016,2.08738250162794,7.51346024627675,8.922,-4.4519506775159,8.32883468161759,3055.255,4.90164572903473,14.7171392781975,21.4855137060045,17.4778572831634,23.1674195572494,12.297778837716,47.0541978052353,7.18656806506316
COL,2017,1.35936086788746,4.31431325695011,9.086,-3.18224191114871,7.88739431363663,2951.48691120161,4.3931823276543,15.1452897484005,20.1376251940583,17.1021276324029,21.5993768407696,11.4095935667718,49.8054213986162,6.78977108858741
COL,2018,2.56432428277704,3.24056932930569,9.36,-4.20138344687969,7.01653628399101,2955.70396997842,3.38083573220188,15.8997196775431,20.6350331193542,16.3655824640151,21.1954755611258,11.1518529729467,45.8707074728715,-19.2039180024237
COL,2019,3.18685539245533,3.52301932741447,10.28,-4.5842751726606,7.68978168444085,3281.62219381788,4.33058240931506,15.8680386541241,21.6904953267149,16.1789059058448,21.3806095458027,10.926657535177,46.0415781067709,7.18880497771489
COL,2020,-7.18591413760859,2.52663500084706,15.983,-3.42772945914236,11.5419853283327,3693.27583333333,2.7588942895314,13.5222755593302,20.5332954086799,14.4374602199092,19.1281469366662,10.7275023510948,51.9987790610817,19.9310694741128
COL,2021,10.8011981904878,3.49505757399448,13.898,-5.6351694946032,8.13634445223537,3744.24416666667,3.00175693787234,16.1970059548864,23.8621404387264,13.7305736864592,18.9169518896828,11.1991608490115,47.9124060650503,16.6176002260878
COL,2022,7.32827729427979,10.1772313546166,10.541,-6.04054199360168,5.98792041600812,4256.19416666667,4.97124137726565,20.3883679938331,27.8942871185028,12.3843401788305,19.7872446007318,11.1476678003017,44.1883129591759,12.3881694594361
COL,2023,0.841819555752039,11.7359044948689,9.591,-2.26762349420469,7.1661637402161,4325.955,4.57716748279263,17.8077746975806,22.3255418346774,13.2096894380325,16.380607358871,10.8850806451613,41.5886837999716,4.28916670582807
COL,2024,1.49330728771066,6.60908593728228,9.619,-1.66760721722233,7.34464091398545,4074.43416666667,3.25416050189283,16.0804545104347,20.2375393681026,14.4853536789058,16.4725596445723,10.2261345834627,39.3740826684054,11.3412408986204
CZE,1990,,,,,,,,32.6915126475747,30.3597659369378,,24.3277286034708,,,
CZE,1991,-11.6149423646776,,2.27,,,,,38.1579113682169,32.6133162989802,,22.2724066655312,,,
CZE,1992,-0.506542343116848,11.086500072223,2.6,,,,,39.5789086824477,38.3822224024411,,25.3890238994575,,,
CZE,1993,0.0619042423607254,20.8130295438428,4.349,1.1330967168381,3.06353294754999,29.1528333333333,1.58976558645161,39.6576592858123,38.5400788972073,29.1720913777124,26.4647230849772,20.8312655420028,61.1618107629241,
CZE,1994,2.90930948412982,10.039429835143,4.284,-1.70139298961709,4.06820370960562,28.7850833333333,1.82249319752219,36.8371357206842,37.9658823592353,29.6526844303864,29.7817050664405,21.0046792199343,65.2863894334243,20.4062668052917
CZE,1995,6.22140598863832,8.99052361478449,4.082,-2.26757320329168,6.45100702835204,26.5406666666667,4.23883721598216,39.9284395098007,42.9725595627246,30.9821820463892,33.8561860572745,21.3717295008494,64.5758778196693,29.3035088367041
CZE,1996,4.16858426915319,8.75877472878111,3.852,-6.08746771318312,5.05090461032753,27.1449166666667,2.11680269383607,37.8990370301148,42.7005209295452,30.1164986260973,35.8320529231384,22.2109514733591,62.97091748363,6.44123124876803
CZE,1997,-0.595838414214853,8.59615666715564,4.674,-5.79107713467814,4.01381054291564,31.6984166666667,2.05707979520759,40.0180990636206,44.1351316041027,27.669189083556,32.6953430221502,23.0670245452156,64.1908462522882,1.66441096857714
CZE,1998,-0.393150193750415,10.6983655274888,6.455,-1.94722596154938,4.81549143488794,32.2811666666667,5.50725202620316,41.8138083917812,42.1248439289515,29.734944805799,30.7431840522591,22.7033810936869,56.4694884558141,3.36261767489274
CZE,1999,1.37836060943835,2.1354484441733,8.702,-2.2348345525307,4.90433405365224,34.56925,9.62483232120859,42.4907873989701,42.9663362406413,28.3220803717539,29.7451345778523,22.4469462239914,51.1442282034601,2.62410396113678
CZE,2000,4.010669619984,3.77538829151729,8.764,-4.32605955808122,4.58071732730926,38.5984166666667,8.02095314137193,47.8222277784723,49.6761678543151,28.6468857160146,31.8350210442972,23.2363628786932,44.6857940575905,16.0008377494391
CZE,2001,2.9172195289956,4.66267556988258,8.128,-4.80305110479948,4.46576349284033,38.0353283333333,8.27868500809023,48.6218413983162,49.9150323317027,28.5998956588128,32.0060318555442,23.5170981033148,36.9324742415227,11.1836501134686
CZE,2002,1.51345949139996,1.90298097019027,7.28,-5.16274750389645,6.40560317960464,32.7385183333333,10.2854716819753,44.7797457982463,46.0995257474119,26.6874344690493,30.4816181826653,22.2337422618735,23.5469774809519,-11.0921984156473
CZE,2003,3.300836832613,0.118739205526815,7.777,-5.76037419921864,5.80061149516572,28.209,2.01250274928445,46.5673230629568,48.0795370036041,25.232962909717,29.5495865624593,21.5573078751672,24.2503786358661,6.56493026178685
CZE,2004,4.73633969683438,2.76010781671153,8.298,-3.70977039606133,4.45464422861042,25.69975,5.34629831368761,56.8994781682745,56.2744978021405,25.7260617623272,29.8242716361965,22.6375803693078,25.6084231471379,7.35915245544553
CZE,2005,6.37502886086791,1.85709789109228,7.927,-2.0469317715426,3.88346125750415,23.9574166666667,10.0027291342114,61.7588664473362,59.4324208687688,26.518585282233,29.2856028582089,22.5500860120426,29.198511293775,10.997177074229
CZE,2006,6.62317299177447,2.53399258343633,7.141,-2.55771892805224,3.40314344039935,22.5955833333333,4.56488300562003,64.8869825723489,62.164032482667,26.062610266279,30.0796940275085,23.1974657899776,33.8468188673217,12.9505971665106
CZE,2007,5.48882595164517,2.8531243721117,5.316,-4.70721210136984,2.93549317382147,20.2936666666667,7.26984053281639,66.150542351883,63.7261971530059,27.5389662955201,32.1072107272958,23.158566717203,38.7111386653992,16.1173743136305
CZE,2008,2.61226807205139,6.3586638015237,4.392,-1.86377838067906,2.69520146778591,17.0716666666667,3.72734017480649,63.0342206340259,60.870589295922,26.7702042393299,30.9994095449633,21.9248536989135,43.2837473288349,13.5862283105176
CZE,2009,-4.79832416684926,1.0193773532923,6.662,-2.35286468331655,3.78584623174097,19.063,2.54701925348654,58.4757844686548,54.5734703162206,22.8724452369988,26.3978882297703,20.3438089674199,45.0769166431167,0.213326566463229
CZE,2010,2.71466509907701,1.47272727272728,7.281,-3.48120039690542,3.4011152471983,19.09825,4.81502985527419,64.8915980155479,61.8648821012499,21.7383274778634,26.7312876523202,20.6982379160476,45.8702955056247,1.87646679713886
CZE,2011,1.77238085338473,1.9172191363555,6.712,-2.16915378247341,2.778860195725,17.6959166666667,1.80994155301699,70.2506376126123,66.5002179298254,21.946415902096,26.6053370220652,21.8643072456478,47.9331340018142,2.75445022953148
CZE,2012,-0.770668190622743,3.28762306610411,6.979,-1.50144944031701,3.20715800025192,19.5775,4.48424380759869,75.1048104767256,70.375384920209,23.5273474803117,25.6688421143623,21.7136033387837,49.0549453111,4.79031675688789
CZE,2013,-0.0418124160447491,1.4382978723404,6.953,-0.519137991701547,4.00464304760228,19.5705833333333,3.45386726376292,75.5803954463061,69.9218351786551,23.6649875905534,24.3768606031502,21.7617319791193,50.2898649104068,5.81022899915709
CZE,2014,2.24521219862635,0.343988589646794,6.108,0.217020094001343,3.66748464275924,20.7575,3.83510153423089,81.3510352122697,75.0640876146159,24.8236480456352,25.3494353917128,23.4691665652122,49.0926941934326,5.91995715715869
CZE,2015,4.95875848915604,0.309364548494975,5.048,0.446971205922034,4.89799814039569,24.59875,0.898913491904098,80.0125671431762,74.0058338544563,25.6592754503764,26.9686249210792,23.7339506123741,49.2604496354432,7.95092278730706
CZE,2016,2.58087013921376,0.683504209385703,3.952,1.74734921729713,6.46822553951745,24.4399166666667,5.47566421423918,78.108333006403,70.4386716580323,24.7618902189718,25.0750046974725,23.7610958428917,50.5721831167678,6.52779079563308
CZE,2017,5.17356529967881,2.4505339846014,2.893,1.35301705500194,9.82284804756295,23.3763333333333,5.07066240955503,77.6844326231276,70.066402231634,25.7276740516417,25.0897410946251,23.1824532218752,50.2324425641548,10.3570967013429
CZE,2018,2.83030588267866,2.14949494949493,2.246,0.451859774047593,8.47511678583177,21.7299166666667,3.30353998283407,75.6097814865591,69.5319364042301,25.5813409567388,25.6426079021172,22.3060378872535,50.7185195587911,6.31137488253781
CZE,2019,3.56577658128261,2.84787595918041,2.015,0.356195094422181,9.06849990975418,22.93225,4.18705737619001,72.1248511386482,66.0297588552233,25.7516327873979,26.171850655873,22.1266766165116,49.4401047128065,6.3584150761505
CZE,2020,-5.30487955463876,3.1612952849781,2.55,1.78520080795831,11.3938793048782,23.21025,3.39114066226469,67.7609732344735,61.0194570714913,25.8568703711389,24.7302051809802,20.7968233716829,51.9829906329751,9.95628524375376
CZE,2021,4.02901832055149,3.83984491500146,2.803,-2.04624111898244,9.363554473226,21.6781666666667,4.43029524586196,70.550045142844,66.8280711600245,28.5256527217567,28.1285338444502,19.640981617073,52.0361206166061,6.76941104340941
CZE,2022,2.8471706583814,15.1001651468371,2.224,-4.52048439437013,6.83372087751841,23.357,3.02937517288668,72.4094281428088,71.6020659665878,27.2838351757755,31.0333010301464,19.3950613571424,48.6347695390782,6.10585436585901
CZE,2023,0.0475803308973752,10.6612601372427,2.579,-0.125406557037842,7.09632126966092,22.1980833333333,3.4462419046487,68.4031069284452,63.489491367431,28.8108668607292,28.2189210871769,20.4330612801752,47.7195252266584,9.73024515792234
CZE,2024,1.25131096245923,2.43531202435314,2.6,1.69610102238123,6.9620214293683,23.2168333333333,3.8933976290188,68.8585282145125,62.6080799110665,28.8850866928658,26.3223927850509,19.8828069640729,48.0206642758804,7.34760573038885
DEU,1990,5.25500610110028,2.69646824292392,,2.61258287267844,2.72304168886645,1.61573333333333,0.143783444028002,22.7404117768503,22.9485429079431,24.7636429702671,25.2643366002088,,,
DEU,1991,5.10826150190911,4.04703259753466,5.316,,,1.65954166666667,0.252013457280364,23.5660117742412,24.0694014237156,,26.2249546057137,24.6243740614849,,
DEU,1992,2.01361340926105,5.05697796731731,6.323,,,1.56165,-0.0975726582093,22.089549620151,22.5944943826796,,25.6374386656452,23.1660516173555,,
DEU,1993,-0.973033082340891,4.47457650752808,7.675,,,1.65332083333333,0.0177125026088293,19.8790217032561,19.8703722671765,,24.1533795395313,21.0481750827956,,
DEU,1994,2.59685569693275,2.69305639854954,8.727,,,1.62279416666667,0.322058638751102,20.6057061403032,20.4900381932732,,24.5513106495033,20.5015723441529,,
DEU,1995,1.50499384201356,1.70616041317076,8.158,,,1.4331325,0.463719193036007,21.4815282668309,21.1246203807509,,24.4770596811461,20.2170606285495,,
DEU,1996,1.0378755674358,1.44972701963239,8.822,,,1.50477416666667,0.262216034922948,22.2821690795205,21.6214170158045,,23.460405691293,19.733013232671,,
DEU,1997,1.85432238398302,1.93936968221574,9.861,,,1.73405583333333,0.551860657726695,24.7013999735662,23.6789210951718,,23.4050264846125,19.8946207261156,,
DEU,1998,2.09561231172233,0.911184687196224,9.787,,,1.7596676,1.09412180309305,25.6601609051036,24.4953048741291,,24.0608017564073,20.0870291893923,,
DEU,1999,2.12957016297766,0.585434192138622,8.854,-1.42714302469412,1.65147623505502,0.938283072395283,3.88620516447701,26.0298761818567,25.4893512545493,22.2903599628706,23.7583524291849,19.7435058057807,,
DEU,2000,2.8765231247659,1.44026838719741,7.917,-1.76650413580914,1.49405907360723,1.08270508132602,12.6085323042305,29.6806532498145,29.5149460477259,22.1428746033825,23.9639660790924,20.2840359494004,,
DEU,2001,1.63614170690956,1.98385731334471,7.773,-0.447670510485843,1.44678990836892,1.11653308564462,2.89610853662771,30.5604113813066,28.9988749869052,22.286545185655,22.7645716524028,20.0863572804744,111.240170458005,
DEU,2002,-0.228255715793637,1.42080615551526,8.482,1.71466761160357,1.53474790667413,1.05755899623965,2.43861371432105,31.1904504893495,27.1421182354634,21.8319485569337,20.151752302821,19.4763331174439,110.165745012493,
DEU,2003,-0.529801394291297,1.03422218628562,9.779,1.25843057921389,1.35954327048374,0.88404792718493,2.5802310174772,31.2678451095809,27.6466991846698,20.7987256539142,19.5766263092364,19.5529741477412,108.505942047742,
DEU,2004,1.16208684507278,1.66573696655992,10.727,4.26675296375958,1.17945114546741,0.803921647747618,-0.715503012520614,33.9352126434777,28.9712783030388,23.2744527694923,19.0213864564072,19.7896242542651,105.024726999965,
DEU,2005,0.885485292551564,1.54691114751328,11.193,4.39898942956011,1.1273958866672,0.803800192161442,2.06799391408494,35.9531497908166,30.9999527026155,23.129737762896,18.7355259254163,19.7693607543503,103.75352043032,
DEU,2006,3.86668241523209,1.57742642840563,10.277,5.52590473247801,1.07560897197929,0.796432730949102,2.87049561649648,38.9694499171537,33.7897435474697,25.4124028806579,19.897946566207,20.3388454277918,100.341277234171,
DEU,2007,2.8891174138025,2.29834400700951,8.732,6.5154572948782,1.09840249102652,0.729672399984083,1.4594247021417,40.6368056265783,34.2470360551014,27.2815886848229,20.7873433455798,20.5298911974573,95.4983439670839,
DEU,2008,0.887902330743628,2.62837981637219,7.508,5.40768664904885,1.03764539699617,0.679922680042729,0.81284475683707,40.9488738182043,35.1642927763703,26.2930562800493,20.8867329914107,19.7585042946302,95.4017333003769,
DEU,2009,-5.54455451920674,0.312739007368447,7.88,5.66039528537592,1.72034649907669,0.716957702016136,1.63004671127687,35.4545162932994,30.6846112824132,23.5760803801349,18.0064315128089,17.3389014302498,96.8593447395117,
DEU,2010,4.13463778522758,1.1038103778926,7.043,5.58814592773644,1.8614384405798,0.754308990105961,2.48154528887853,39.4953465429823,34.389888577044,25.061745174062,19.5310600093299,19.4277050847717,86.7703784709742,
DEU,2011,3.75796884489337,2.07517283735874,5.967,6.09171549435117,1.73238224101184,0.718413898653317,2.55089499875415,41.6436286591115,36.7893742423305,27.3804200252678,21.2669872693317,20.1229017332202,83.2493965947192,
DEU,2012,0.463512036709204,2.00848884782956,5.372,7.01984446991475,1.99204911526836,0.778338120416812,1.8196411156431,42.6855834357406,36.6460661312909,26.4802539661911,19.4724714926695,20.0472978765968,82.1912777571376,
DEU,2013,0.396995583779145,1.50472330251876,5.316,6.55719316810853,1.54982493519138,0.752945122701996,1.76515036525359,41.6802838324356,35.9057450252575,26.339387294457,19.7883815690324,19.7600541430605,80.6847771482794,
DEU,2014,2.18018602168017,0.906794000434246,4.979,7.19411093057004,1.48007833557917,0.752728196932603,0.437762571704246,41.6936675523627,35.1546840812607,27.389383046964,20.139488753447,20.1102373285709,77.7920367770492,
DEU,2015,1.66300602334775,0.514426137125456,4.612,8.09671429040112,1.53866263784816,0.901296423367096,1.82239938063641,42.5853976151835,35.1711839535087,27.624739160072,19.4978020945699,20.1379643216943,76.5815039050479,
DEU,2016,2.22222216259371,0.491747008445174,4.104,8.90236036837271,1.62420238995537,0.903421436257263,1.64365840117303,41.6355419518592,34.3704482647463,28.6547979791762,19.7122567843741,20.4130244960425,75.9886830599554,
DEU,2017,2.797906720551,1.50949485109628,3.781,8.07873526112888,1.62554687781984,0.885205508269372,2.88914588414184,42.2029575981591,35.2518818760857,28.6566319463924,20.6909762954118,20.092676209306,76.0590859587592,
DEU,2018,1.13569604599849,1.73216879766942,3.384,8.43761219902204,1.45449826289867,0.846772667108111,4.00082875273687,42.4968914074717,36.6283346388937,30.0075324734044,21.6503641494105,19.8054472442,76.6188414195566,
DEU,2019,0.977734697038784,1.44565976888253,3.163,7.87471222403173,1.68680367954395,0.893276257067409,1.9056930139782,42.3402444816356,36.7329982359327,29.2651262058024,21.381259046499,19.3094694228334,77.9656968065859,
DEU,2020,-4.13191443239947,0.144877925813982,3.881,6.34782686016016,2.2194147879826,0.875506396987998,4.48523547812751,39.1198068808828,33.8137258311309,28.0207954478952,21.7290304632077,18.52749571104,83.809378912227,
DEU,2021,3.90999994204108,3.06666666666673,3.594,6.92006966375342,1.99690469909918,0.84549413889045,2.93002168676674,42.5198379291429,37.3996969318423,29.5132406376345,22.6730557200041,18.5726195842861,82.7038241987432,
DEU,2022,1.8092581243061,6.87257438551097,3.137,4.11376375249819,1.76085539632078,0.949623753156941,1.82269397984058,45.6284043425185,43.1573498705316,27.027321336362,23.2760146288029,18.3217735042199,81.079187544963,
DEU,2023,-0.869647578573321,5.94643667725823,3.071,5.50327392607703,1.84235967804865,0.924839558470698,1.99210813981277,42.9672624196847,38.9952859590786,27.6337088938208,21.994283425489,18.9402532641593,77.253484574492,
DEU,2024,-0.495851897260366,2.2564981433876,3.4,5.89380863529108,2.17619726140455,0.923889546117607,1.33680512940413,41.4340593720908,37.6566712174028,27.123558800475,21.4994328905028,18.0067082931968,,
EGY,1990,5.66702915715818,16.7563747077691,,5.41428288100209,2.7202192317211,1.55,1.70781419624217,20.3549060542798,32.5678496868476,31.6841203549061,28.9144058455115,16.9749473903967,25.5256784968685,28.7303704743851
EGY,1991,1.12540459520747,19.7485448195578,9.38,9.010952,4.8391854224694,3.13800833333333,0.676690666666667,27.4666666666667,35.3777777777778,34.9279011555556,23.7333333333333,16.0177775111111,22.0586311111111,19.3388988677434
EGY,1992,4.47285918408184,13.6374241717218,8.92,7.81250251617541,8.41790817833103,3.32174833333333,1.09661732566499,28.3968368080518,30.9130122214234,35.4756305535586,19.4823867721064,15.6218547807333,22.2704529115744,19.4282371508746
EGY,1993,2.90079079959442,12.0897922868977,10.92,5.44885051546392,9.63384813500966,3.3525175,1.05842525773196,25.8376288659794,30.090206185567,31.6250278350515,19.8453608247423,15.7345360824742,23.7657860824742,13.2490090880719
EGY,1994,3.97317218034541,8.15423128587096,10.93,0.0597325714285714,9.74068552709609,3.38513333333333,2.42013257142857,22.5714285714286,28.0571428571429,23.9266281142857,20.6285714285714,16.0171428571429,27.9036571428571,11.214676771765
EGY,1995,4.64245877240639,15.7422305021596,11.04,-0.422212745098039,10.7442129418701,3.39220833333333,0.994028431372549,22.5490196078431,27.6960784313726,22.2434419607843,20.1470588235294,16.3382352941176,32.7338235294118,9.89651519458344
EGY,1996,4.98873056512208,7.18710369719992,9.0,-0.283898866608544,11.0837353085716,3.39148333333334,0.940414995640802,20.7497820401046,26.1987794245859,18.7518298169137,18.1342632955536,16.5370531822145,36.5343940714908,10.8359039924112
EGY,1997,5.49235474302942,4.62560578826438,8.37,-0.905827378713802,10.5123535115083,3.38875,1.13537589319293,18.8416698006769,24.8965776607747,17.7369398270026,17.562993606619,16.3155321549455,39.6936066190297,10.7719639585706
EGY,1998,5.575497460986,3.8725754642749,8.03,-3.02491579679889,10.1824240884763,3.388,1.26843702157272,16.214335421016,25.7132915796799,18.9593597773138,21.5031315240083,16.9791231732777,46.5550104384134,10.776409714942
EGY,1999,6.05343878467555,3.07949912638332,7.95,-1.80221287386216,8.04371613685888,3.39525,1.1743928153446,15.0520156046814,23.3094928478544,18.895144213264,21.6189856957087,17.953511053316,52.0018205461638,5.66364173921057
EGY,2000,6.37000382991766,2.68380535348546,8.98,-0.972570273448986,6.92773642731755,3.47205,1.23699720670391,16.2011173184358,22.8168185827698,17.5838734195825,19.5530726256983,17.9979711849456,51.9532784475154,11.5813216570176
EGY,2001,3.53525197391507,2.26975720475956,9.26,-0.401718427655422,7.45748900818796,3.973,0.527384722609423,17.4797881237803,22.330638416504,18.6106710342905,18.2603847226094,17.6980763869529,54.9311402286033,13.2152512344865
EGY,2002,2.39020402675627,2.73723855000334,10.01,0.730979150171549,8.25026634670873,4.49966666666667,0.759753233043019,18.3161784111903,22.6708894167326,18.4079875956717,17.9994721562418,18.4967537608868,54.6553972024281,12.6303720351456
EGY,2003,3.19345473756772,4.50777636319304,10.91,4.66231377245509,8.55089573372287,5.850875,0.295683832335329,21.7964071856287,24.3832335329341,18.6480958083832,16.8862275449102,17.3038323353293,53.897628742515,21.2797596244131
EGY,2004,4.09207161019908,11.270619332052,10.32,4.97788419534309,6.63684137548043,6.19624166666666,1.59083618380383,28.2299608489594,29.5899443643107,21.1122192458273,16.9379765093756,17.2369668246446,54.0429142798269,16.239251112765
EGY,2005,4.4717444710621,4.86939696871988,11.049,2.34529559888579,7.32906037591457,5.77883333333333,5.99551598885794,30.3435468895079,32.6090993500464,21.8382109192201,17.9758588672238,16.709452181987,51.1654340531105,11.4893543447633
EGY,2006,6.84383819369884,7.64452644526434,10.49,2.45322162862231,7.36480504492886,5.73316666666666,9.34856726566294,29.9498138254816,31.5687226809131,22.9767362797474,18.7307754573418,15.9775619232637,49.2909797353084,15.0021125763594
EGY,2007,7.08782742675582,9.3189690579923,8.8,0.315552631578947,6.95056522562452,5.63543333333334,8.87633606337272,30.249731471536,34.828141783029,23.5552982008593,20.8512352309345,15.3699248120301,45.5152215665951,19.1142488177078
EGY,2008,7.15628356711522,18.3168316831684,8.517,-0.868821887213847,5.97060049450951,5.4325,5.8314126186488,33.0429927414852,38.6376326074819,23.6235008375209,22.3897264098269,15.5223673925181,42.7975137803462,10.482895270236
EGY,2009,4.67359980000663,11.7634954386443,9.087,-1.7707391095759,7.35827452765158,5.54455330862977,3.54835118019574,24.9568221070812,31.596622529265,16.8398420648628,19.1901746305891,15.786154289004,36.0927133507004,9.47259209811699
EGY,2010,5.14723485746742,11.2651882653185,8.757,-2.05668307641306,6.70121378987163,5.6219429176105,2.91601657550141,21.3492458146859,26.5871042599039,17.9503889441406,19.5010774075916,16.102270843693,33.0722952214189,12.4185133406482
EGY,2011,1.76457194806041,10.0649259874818,11.849,-2.32378812632193,3.28531568230903,5.93282765151515,-0.204542848807527,20.5674276128656,24.6882065494858,16.8687182554154,17.1030559404857,15.7671942236161,31.1549232899382,6.66488573646993
EGY,2012,2.22619979818487,7.11172943343083,12.597,-2.49788021735236,2.48779534146603,6.05605833333333,1.00234071774049,16.3969666208873,24.3148026512211,12.8782110228698,16.0267510598913,16.1654744133278,27.388449729504,12.3473047869843
EGY,2013,2.18546605363386,9.46971981064921,13.154,-1.22513249838744,2.73003963526374,6.870325,1.45343420769727,17.0178456245969,23.3551924317351,13.6832216190067,14.2119974199097,16.608374543109,26.2224394958043,18.8907165816396
EGY,2014,2.91591188052836,10.0702154687481,13.105,-1.94849131455399,2.21204888604566,7.07760856060606,1.50925042253521,14.2441314553991,22.6760563380282,11.8849607981221,13.6431924882629,16.7744460093897,25.6066805392918,15.7663852078814
EGY,2015,4.37201907781687,10.370490343517,13.052,-5.23529137853431,2.59707505474829,7.69125833333333,2.10258128401326,13.1838454928598,21.6620974671631,9.59346470804861,14.2886370146078,16.6974467040386,26.316393760305,18.6049644446138
EGY,2016,4.34664345601914,13.813606214829,12.45,-6.16465951871263,3.8854106958735,10.0254007885465,2.43856278142762,10.3454639403558,19.9010851110947,9.71004152210822,15.0402303092936,16.8413264929505,34.1348626252639,39.5091419937945
EGY,2017,4.18122099961562,29.5066083940039,11.767,-3.19681566782461,5.72306111855628,17.7825335150636,2.98301550917695,15.0140868185672,27.8180475395935,14.0657396537104,18.734101042151,16.59352061052,27.0698246737254,20.4504936953442
EGY,2018,5.33110861887155,14.4014657807422,9.855,-2.93164483711978,5.85734270401284,17.7672904218107,3.10040077579187,17.984655608418,27.9263640649779,17.998683982684,20.6249196348206,16.3508895889589,24.2952790707642,13.3021398230359
EGY,2019,5.55209307084222,9.15279959324804,7.851,-3.20758543154938,5.83923947440236,16.7705818428763,2.82732944960686,16.6440314510365,24.4799857040743,17.7728536097212,20.6540385989993,15.9882989635454,22.8487308972762,13.2785108458676
EGY,2020,3.55016483883115,5.04493288977539,7.974,-3.70903990583375,5.56473451430895,15.7591729166667,1.52462948997172,12.4727757370868,19.6534798296655,16.2765885316777,18.8180606572831,16.3804560673536,25.7894742547866,19.7057863957347
EGY,2021,3.29064601193245,5.21404940513043,7.441,-4.38240299812001,4.38225643427728,15.6445272777113,1.20617861055665,10.5611502153652,19.295823265447,13.8946524740736,18.2122435502994,15.4852838768741,28.2307543894278,18.3339089698408
EGY,2022,6.58784560870467,13.8956609775178,6.546,-2.2100904275198,3.32738146369502,19.1604397412204,2.39118080969079,15.0870258208479,21.8960790564233,15.591182658591,19.8559132929551,15.9705322282435,30.847002116672,27.1369749604278
EGY,2023,3.76028052279247,33.8847763115546,6.753,-3.17338763053558,3.87390992001782,30.6264136980311,2.48546400695984,19.1060913405676,21.3443094314355,14.7904449864092,16.4907339937373,15.0639098410698,29.2578215393463,19.9230710751383
EGY,2024,2.3991692678251,28.2705899322083,6.817,-5.68596234093524,4.53950764706678,45.29926,11.9719351009449,16.3762422101126,23.2245098772607,9.26037363894771,12.9967401874752,13.8934615296088,27.5692279729149,31.0763084593873
ESP,1990,3.7813935513235,6.72181952228664,,-3.35886586768217,6.12066251714525,101.933916666667,2.60802970996431,15.7529433364548,19.8999616408042,21.8061338388602,26.8366821808878,,,
ESP,1991,2.54600049647455,5.9342134433593,15.929,-3.43260470559267,6.96294319561187,103.911583333333,2.16605085432865,15.7889291507891,19.7317294529868,21.19905030066,26.0175021899712,,,
ESP,1992,0.929215482921151,5.92453126228488,17.697,-3.4160822661675,4.44084152432615,102.379083333333,2.10570224260596,16.2165223074424,19.8042521750036,19.3453144149465,24.0663837338676,,,
ESP,1993,-1.03149183695307,4.56907173681805,22.156,-1.1061129789544,5.07951807329894,127.260416666667,2.05987295164996,17.7405839827945,19.2545779765874,19.1904815489902,21.4639090625489,,,
ESP,1994,2.38319537908909,4.71841373967333,24.209,-1.20512004003852,4.59467587523739,133.957955,1.65463950244582,20.3474893800026,21.3483907299537,18.7066557970737,21.6518714365569,,,
ESP,1995,2.75749400293542,4.67380337624701,22.675,-0.320247040380478,3.14582802352004,124.689,1.34842263683776,21.866166658338,22.9644613141731,21.3156894595402,22.5192771895824,16.2866994453123,,
ESP,1996,2.60741117110229,3.55884559338561,22.142,-0.347834725925521,4.56426819604476,126.661583333333,1.52609695036777,23.0731000969432,23.2246505749101,20.9972796246353,22.2359933407779,16.3719510948039,,
ESP,1997,3.58729972356299,1.97107395582926,20.698,-0.140683569181923,5.16346291742274,146.413628333333,1.59963097299184,25.7160804746315,25.5110593848211,22.0716022148279,22.6184122041501,16.6833984943282,,
ESP,1998,4.30197745333581,1.83432999908414,18.673,-1.17199231308045,3.92565631883411,149.395331666667,2.53981875835882,26.1498778707572,26.5804352013017,22.7198531896072,23.934271607516,16.5789772103413,,
ESP,1999,4.40886545305924,2.31034813987063,15.475,-3.21736413464958,2.2136854894345,0.938283072395283,3.12218385015752,26.389770883103,28.3071423051465,22.3348042852047,25.5474244088959,16.3204209380386,,
ESP,2000,5.20064125553942,3.43351563418764,13.785,-4.25952269013291,1.97583438262459,1.08270508132602,6.808785945464,28.5889225704133,31.5327015345083,22.4347223023915,26.6723700485971,16.2671468214198,,
ESP,2001,3.91908880808811,3.58983413338117,10.348,-4.3292603031356,1.84023329053743,1.11653308564462,4.62197940241983,27.8768485415674,30.1370410210027,22.1646453825053,26.4824711323646,15.8297644081386,94.9394409772958,
ESP,2002,2.75545611564098,3.06565685902211,11.146,-3.63459196311061,2.03468848563713,1.05755899623965,5.54556177892168,26.5642672698948,28.5378742610811,23.0546318191967,26.705648861478,15.1898514693015,99.2929603794007,
ESP,2003,2.9392895953076,3.03888839396661,11.283,-3.80656644846325,1.09354677995678,0.88404792718493,3.41488423629312,25.6155917093049,27.8201980109209,23.7164052148217,27.5285511216757,14.6017792827305,106.544052882645,
ESP,2004,3.1145314799161,3.03924881090924,11.09,-5.42400165587704,0.65255888634524,0.803921647747618,2.39691740423512,25.3882582473993,29.0912600182081,22.8906436379926,28.3028257363739,14.0176429756563,115.928325847413,
ESP,2005,3.5512255846125,3.36881409750383,9.146,-7.21356556640438,0.507387329619946,0.803800192161442,2.44941913037175,24.940578932511,29.7585877718662,22.1997086257513,29.4041085115965,13.5021042492259,135.871253994626,
ESP,2006,4.04343515605099,3.51557576832123,8.452,-8.79382150381904,0.483523014461681,0.796432730949102,2.80982337619077,25.183486968843,30.9004394134785,21.7898971213521,30.5843124611931,13.0718544522456,156.580256642945,
ESP,2007,3.53350013165972,2.7867974580495,8.232,-9.36792330694923,0.384824097332385,0.729672399984083,4.7599135539395,25.9230971257706,31.703851639984,21.1121197784425,30.458980215138,12.6067592787653,167.635941463016,
ESP,2008,0.767165748290694,4.0753433595734,11.254,-8.81669487692334,0.386195444062733,0.679922680042729,4.36076294618522,25.5478087649402,30.280322752312,19.6967254130741,28.4790441123592,12.3951846045421,170.743020696995,
ESP,2009,-3.76813306940053,-0.287813083535241,17.857,-3.94046083652283,0.734847601486861,0.716957702016136,0.505306851587762,22.9853959496361,23.8512940474748,19.3841967932986,23.3519417701936,11.3278781722104,173.382324159591,
ESP,2010,0.0941223116369514,1.79986457728769,19.86,-3.57734356702049,0.804003797725605,0.754308990105961,2.51885825626411,25.8278133398939,26.865556633508,18.8360772554486,22.3988413816153,11.114195396163,171.325123358508,
ESP,2011,-0.639920636520344,3.19610188833792,21.39,-2.5892900858806,1.05009354866929,0.718413898653317,1.73938048405349,29.3884101095734,29.1234127763898,18.1071083357155,20.7135839205008,11.2014709597732,167.027107954599,
ESP,2012,-2.86511368637748,2.44612782366809,24.789,0.125923054524353,1.30781668208357,0.778338120416812,1.44631700014204,31.2997362842724,29.2542984119139,18.7454846382291,18.5944685336556,10.8118621882614,157.434331694924,
ESP,2013,-1.42732224757626,1.40858109183009,26.094,2.07791536141213,1.17195937387584,0.752945122701996,3.4608559063245,32.7554570166099,28.9133156275228,19.498635402446,17.412338687976,10.8662587310316,145.759575372544,
ESP,2014,1.52048593647231,-0.151114837527235,24.441,1.73595007328569,1.23281778498774,0.752728196932603,2.31642230011085,33.2193399291014,30.1799222098486,19.9138851450232,18.1481477916625,10.9975561841823,129.358996447371,
ESP,2015,4.06086672473866,-0.500365709903243,22.057,2.03697429462383,1.51753270703603,0.901296423367096,1.97131692755332,33.2986849561039,30.2833562687193,21.4157589741659,19.3734408230247,11.0137685905408,118.216890256018,
ESP,2016,2.91515598595787,-0.202598000426358,19.635,3.15808866042231,1.76235386629208,0.903421436257263,3.61722479660389,33.5770329849408,29.6116448657886,22.2096745788576,19.0611122143393,10.9527706513192,110.901834158974,
ESP,2017,2.89604207865007,1.95607633363954,17.224,2.82857699785743,1.72868709897248,0.885205508269372,2.54039212306223,34.9003952055684,31.2670509322886,22.3642572421609,19.5656670290524,11.1145583338461,105.15698823272,
ESP,2018,2.39541124478878,1.67498136863799,15.255,1.86142647160726,1.5808003454262,0.846772667108111,4.46748509754483,34.874813986254,32.1345964120382,22.5830072433622,20.7061758213476,10.7886322916564,98.8298869234399,
ESP,2019,1.96117850841711,0.699518994458648,14.104,2.11978917805627,1.72806068309746,0.893276257067409,2.16052375036307,34.6755629292261,31.6906621148431,23.0359300693753,20.9088226144802,10.6967320991298,94.4116262931619,
ESP,2020,-10.9400706350371,-0.322753017299649,15.532,0.819280213926571,2.26605414616915,0.875506396987998,2.92165980781023,30.4810248544563,28.9651031602513,21.4222997293511,20.6266482703898,10.853212942808,107.572523897153,
ESP,2021,6.68314420473001,3.09313511976402,14.914,0.765004613238447,2.03235175101755,0.84549413889045,4.42272902452136,33.7570843255301,32.7675046176609,22.6413419908449,21.8740337716536,11.2560847091885,98.4256244971566,
ESP,2022,6.37031712129601,8.39057634118637,13.033,0.379418337465124,1.74987384242179,0.949623753156941,4.65609043363165,39.6716824276836,38.7940514426218,23.1081867469823,22.6896137188078,11.0279875249207,88.1124065404768,
ESP,2023,2.46085796805582,3.53236133492433,12.179,2.73246084042227,1.83601786815125,0.924839558470698,2.89981565316893,37.8166476493913,33.9809889561819,23.850490935783,21.1209265029601,10.9510128785567,78.3496832939301,
ESP,2024,3.45525405630191,2.747147886618,11.4,3.18327391138733,1.8246595612095,0.923889546117607,2.47896679493344,37.0558792721708,32.8943819660923,24.3518457211748,21.1732200987249,10.8444299486305,74.2192017963659,
FRA,1990,2.82962715326478,3.19428338029482,,-0.790699531946191,2.39047333010139,5.445275,1.0482480186712,21.9887012598388,22.59758568885,23.5746331296661,24.4166717434176,16.0260477551757,,
FRA,1991,1.23666248297356,3.21340732409677,9.134,-0.517748489885409,2.01834068141603,5.64211666666667,1.20359034786282,22.4142688669444,22.5394312881118,23.2037793973606,23.5809030570734,15.7401649192442,,
FRA,1992,1.5160611169627,2.36376046269356,10.203,0.280170781675052,1.65428105069499,5.29381583333333,1.57156807831079,22.445403889811,21.517950603772,22.546309235783,21.8057009887396,15.4114451534123,,
FRA,1993,-0.35899781051468,2.10446277124642,11.32,0.683954592617435,1.77533505746057,5.66323,1.5789947240431,21.816309385317,19.9093069269938,21.2961089475221,19.2950345538123,14.8693038816269,,
FRA,1994,2.38366086110145,1.65551532926999,12.593,0.535080974263654,2.09838780408461,5.552045,1.1399094845552,22.7505122935097,21.0008368568964,21.3981033981652,20.0277093753549,14.4886732749034,,
FRA,1995,2.30479278392259,1.79648142095589,11.834,0.679551477433415,1.81008227998558,4.9914825,1.48796470785062,23.6896549224157,21.7420067714481,21.9729668295532,20.1870996465323,14.7047163525134,,
FRA,1996,1.39707987198881,1.98288365089739,12.367,1.2859310187773,1.77983601663556,5.1155225,1.37419707227678,24.123002754589,21.9894774043751,21.7903989739422,19.2219851950366,14.2826669078907,,
FRA,1997,2.5270616339357,1.20394294026964,12.566,2.60806895660173,1.75780312836567,5.83669166666667,1.59017858585611,26.6303250476944,23.1731284270416,22.7576436116306,18.8941086598021,14.5272369069526,,
FRA,1998,3.45259434279616,0.651126867833073,12.074,2.51843043289977,2.19227568797316,5.89951566666667,1.97196226741527,27.2527671033937,24.1686656996833,23.7057060992741,20.1267071009099,14.5072158307965,,
FRA,1999,3.39930808809441,0.537141639134596,11.981,3.4092327167425,1.94486233903106,0.938283072395283,3.09171602103703,27.2069773242695,24.4636841396038,24.2896514574492,20.7309977149378,14.3120658166732,,
FRA,2000,4.14099996402915,1.67595988720928,10.218,1.1848394944316,1.74747387511078,1.08270508132602,3.04117027418415,29.7580489893129,28.0279980425069,23.7110536739959,21.8578770673408,14.3878392198042,,
FRA,2001,1.89946701186636,1.63478079549599,8.61,1.5298994522382,1.61505896061532,1.11653308564462,3.65899790543177,29.4306035099419,27.4626293461303,23.7864406085702,21.5146500727515,13.9296551551957,77.3883861486517,
FRA,2002,1.06775027069419,1.92341228727064,8.702,1.18270439802011,1.62262317645235,1.05755899623965,3.45413596292302,28.7307017592768,26.4018230910334,22.5727520688813,20.7001905304491,13.4598053740839,76.5284393068992,
FRA,2003,0.967827182558352,2.09847219146919,8.306,0.871063406872808,1.55732088735449,0.88404792718493,2.30782482603352,27.1369676673944,25.4619146196714,22.0506952001078,20.6506168230936,12.9922663496214,75.9612449584322,
FRA,2004,2.86825052501032,2.14208964640239,8.914,0.434470120439983,1.42672975364213,0.803921647747618,1.68777447237363,27.5381038597962,26.2116609694066,22.4333906736965,21.3643685480586,12.5672208197628,76.9744161883116,
FRA,2005,1.88856584109286,1.74586936380487,8.882,-0.00650919177703098,1.22407209995772,0.803800192161442,3.8837306583925,28.1635565257399,27.65927959839,22.4390250328785,21.9113534781153,12.1452500973725,80.324329471898,
FRA,2006,2.71406448755236,1.67512449608726,8.832,0.0221896585541475,1.41916447455224,0.796432730949102,3.40646118259263,28.9278484836141,28.9414290456532,23.0722888675806,22.6851885959248,11.6390346197616,84.3572835148986,
FRA,2007,2.53048188351066,1.4879980595386,8.008,-0.328279950461903,1.4126915622981,0.729672399984083,3.15449449926763,28.8585344688926,29.2940266620733,23.5376685505618,23.5691050042771,11.579923857885,88.974306564356,
FRA,2008,0.380171435849121,2.81286194914785,7.386,-0.962244945077225,1.13689655145287,0.679922680042729,2.32326700027606,29.1990596782502,29.9807331629246,23.2559008511574,23.4671040402669,11.067976542911,92.6357426084034,
FRA,2009,-2.82455153714783,0.0876204781574653,9.122,-0.818480147786109,1.86200746224824,0.716957702016136,0.682311492843145,25.8809482311608,26.3181640716005,20.8056292864457,20.7177586249113,10.5216742580302,95.0966407247871,
FRA,2010,2.00032476039051,1.53112270420919,9.279,-0.832545468638349,2.20263034447716,0.754308990105961,1.46961673029144,27.8264880915553,28.7610671562408,20.9610611911773,21.3378695020042,10.2775341468866,95.8471452301569,
FRA,2011,2.43757653729007,2.11159795175,9.228,-1.02802797917579,1.94576614808198,0.718413898653317,1.54005293306163,29.538847336075,31.0667881455656,21.9422669989976,22.4996452716579,10.3132840454103,96.6491919516285,
FRA,2012,0.183835264973013,1.9541953161351,9.841,-1.22530807843013,2.24469971191405,0.778338120416812,1.22790071519382,30.3556786527444,31.3032784243658,21.1445636776072,21.8295648772748,10.2470795796382,96.5785492959372,
FRA,2013,0.781756446231,0.863715497861804,9.913,-0.59799045690811,1.70354807584636,0.752945122701996,1.18823404938295,30.5912853427773,31.2279485306189,21.1527297625311,21.520441960601,10.2533499274342,95.8769626871841,
FRA,2014,0.997832947295251,0.50775882293799,10.273,-0.96273369938115,1.64889771434924,0.752728196932603,0.176974174772525,30.741812901515,31.4574540364356,21.0922067480042,21.8364708236132,10.1814983481472,93.9159081503646,
FRA,2015,1.06675474783462,0.0375143805125182,10.354,-0.334528437032909,1.82304349468037,0.901296423367096,1.76596182973896,31.6934947262689,31.8111924693795,21.5310981790445,21.7165418613305,10.3199116417468,94.9454202268228,
FRA,2016,0.860031075424033,0.183334861123765,10.057,-0.538632351885894,1.92813809141289,0.903421436257263,1.44200321416196,31.498210070063,31.8445463682721,21.1607249969519,21.5978606152326,10.1652320223789,97.4904687619857,
FRA,2017,2.08361485997399,1.03228275064681,9.409,-0.47461518521567,1.90966013668591,0.885205508269372,1.68928072199317,32.311834044929,33.0840141110421,21.6185171335885,22.1813991959176,10.0100515756887,101.617830234188,
FRA,2018,1.64590872395887,1.85081508315493,9.018,-0.735670615255372,1.83376419046355,0.846772667108111,2.78594184568695,32.9179818922164,33.8842788890102,21.8900056739386,22.6115738942638,9.88620521645328,104.624051971951,
FRA,2019,2.02744646419237,1.10825492288294,8.415,0.587362764575748,2.15547480521791,0.893276257067409,1.96486943301562,32.8895429451147,33.5394177830602,23.4899898451564,23.0250733613606,9.91095000638926,106.913030586051,
FRA,2020,-7.44064589948231,0.476498852725065,8.009,-2.00313613657686,2.93207471945523,0.875506396987998,0.731471704018579,28.5572228192655,30.2816679047993,20.7835856396957,22.8044182138435,9.24566710385932,125.397439701102,
FRA,2021,6.88233783360239,1.64233141038394,7.871,0.244238511780543,2.65318657576471,0.84549413889045,3.30405312221271,31.2880499332105,32.5004326976615,23.4519466335002,23.4474845782806,9.09582515832787,120.721909947613,
FRA,2022,2.71676264185913,5.22236748369725,7.303,-1.43234855251881,2.27470946365429,0.949623753156941,4.0180319137717,36.6160484268785,39.3469593713211,22.4903116689235,24.0233523984125,9.3013624882498,119.290366998126,
FRA,2023,1.43921494437743,4.8783572650844,7.335,-1.04301703799496,2.05933713350207,0.924839558470698,0.590645170561014,34.4562568778842,36.1698881831383,21.7409677470466,22.9278749312543,9.7687049703675,112.567354839828,
FRA,2024,1.19046798275883,1.99904942291463,7.4,0.0851279883251641,2.38967906896664,0.923889546117607,1.64700185498585,33.8897542343832,34.2184333099912,21.4347338631091,21.5139121721262,9.56647520690692,107.58266062477,
GBR,1990,0.779266119883417,8.06346090938833,,-3.55031184555805,1.26564143976707,0.563177166666667,3.78380567982468,23.3296356994703,24.9201907506095,16.6298493148781,23.5558879470108,16.5736049818654,104.805960306851,10.5212114553268
GBR,1991,-1.29243974751705,7.46178295746934,8.55,-1.66449946529553,1.49335400907614,0.567015333333333,2.03397301702108,22.5955537790563,22.7201063018739,15.9431947601745,20.0945518746354,16.1718404978039,102.333764425911,1.66151446154199
GBR,1992,1.29472849604493,4.59154929577461,9.772,-1.96702595518054,1.33812693071793,0.569774166666667,1.95066544669245,22.923527381466,23.3824193284437,14.932794771946,19.3151113557582,15.9551719059167,101.677998125474,-28.6297783996028
GBR,1993,3.49048744653493,2.55857796929705,10.346,-1.66961487109581,1.44625371820276,0.666756553333333,1.85476418901581,24.831931347088,24.9162654330582,14.7793932839736,18.8481723359341,15.5930589741343,99.876224683285,4.69509174650351
GBR,1994,4.95341092800692,2.21901260504205,9.648,-0.879081535567202,1.46821849351434,0.653426604166667,1.71516994974045,26.0778732038283,25.8082338069448,16.9391682217919,19.8743554715806,16.3109214220151,100.030864363201,7.65484732334532
GBR,1995,3.53339096338078,2.69749518304432,8.694,-0.995954431591392,1.27485538720077,0.63366812,2.15917152818541,25.6967602854533,25.1333164116918,15.7324599373762,18.9204616566911,15.3638757265291,96.9838148788017,20.291332268871
GBR,1996,2.61491606949487,2.85178236397749,8.189,-0.724668922297666,1.12325191665556,0.640958255,2.27411515466645,26.2671449164796,25.7904639731001,15.9150616407393,19.1254683349223,15.1616282238901,99.8119545669975,14.5064589540129
GBR,1997,4.8799853038024,2.20114313510882,7.072,-0.0893797602849274,0.848240799085382,0.610836114166667,3.26969165190333,25.6189888987303,25.0855729396509,16.5626870565254,18.297638385084,14.9795678631751,101.512510184771,25.5052180834724
GBR,1998,3.24631482881618,1.82056163731557,6.198,-0.317493408980745,0.849729315522174,0.603823594166667,6.6122467239177,24.3214027865864,24.8195061048819,17.9072294257975,18.7986884775091,14.4475889605546,102.081363855748,20.8452448889622
GBR,1999,2.94445869854798,1.7529508005142,6.042,-2.10815347133567,0.90959988381713,0.618056845,7.67019369648798,24.2105152537386,25.2578752626043,16.4009026873643,18.5387402828054,13.8429600077193,105.111743558731,4.3967037590754
GBR,2000,4.52438074810904,1.18295624210408,5.558,-1.80322397590519,0.935057175777233,0.660930833333333,9.81876940536536,25.5563430576261,26.7816781759642,17.0959853807884,18.9469377484139,13.2927633990762,114.294248790913,11.063613580673
GBR,2001,2.39102229602824,1.53234960272418,4.696,-1.75946787442188,0.876404449269559,0.694655,3.38678339988188,25.4493099773846,27.1849267562592,17.0148152466029,18.7962716702215,12.5032376045377,119.336886441347,8.8246818925847
GBR,2002,1.70902736258567,1.52040245947455,5.037,-1.96774674220137,1.00793032280885,0.667223333333333,5.01305498138785,24.4315052325124,26.8046768666199,16.7124245110268,18.6991795058955,12.0650803669037,124.533460121241,4.99404467865654
GBR,2003,3.21851612669614,1.37650038542013,4.807,-1.82204886055783,0.924570246675464,0.6124725,1.74707721568844,23.9686749011091,26.0994438028613,16.4970008953534,18.3223472121232,11.5481005178606,129.216112132892,9.79774874691057
GBR,2004,2.32601853325993,1.39039756680422,4.594,-2.28435751976608,0.837146297763697,0.54618,3.58303251413023,23.9845291728171,26.3040230027962,15.7863531789456,18.1006116145736,10.9147243364129,136.667035880836,9.82162021191399
GBR,2005,2.7906547174688,2.0891364902507,4.884,-1.97517731781616,0.686589142942834,0.549998333333333,9.90268786448172,25.2070017509366,27.3372722873845,16.41881504271,18.4132680657531,10.5616323261232,142.664487913407,13.8495378397027
GBR,2006,2.18982132415704,2.4556616643929,5.472,-3.10941980167091,0.597484134087491,0.543486666666667,7.4878491502754,27.412859926391,29.2919192465902,15.8075660062432,18.909666594501,10.151074366746,153.471395323663,14.0974697921909
GBR,2007,2.93091133582351,2.38656150773327,5.399,-3.71636602944723,0.614730670256313,0.499771666666667,6.74831602886359,25.4079803883281,27.3413721081452,15.4620465991055,19.1749332518758,9.71451845006441,169.583348638841,15.8115468409586
GBR,2008,-0.0494116727402769,3.52140856342539,5.748,-3.86567706212856,0.530752979118063,0.54396625,8.60551599075423,27.3794373670982,29.0571127381622,14.4242378566369,18.2886587771819,9.62129349520071,190.146653043876,17.8034358014177
GBR,2009,-4.58740819226323,1.96173173560109,7.683,-3.01852853421921,0.965325264591292,0.641919263495996,0.598804602454409,26.7073659504747,27.9463641581244,12.9379759647567,15.9866102776379,9.29245449386144,191.129828943179,-0.0651350828031801
GBR,2010,2.26054460931586,2.49265472467065,7.973,-2.75934253189814,1.13583836210976,0.647179345560165,2.67286674184503,28.7463664387355,30.3048137840466,13.8581873866829,16.6181160375508,9.44927062659089,183.762819228277,3.99003584410402
GBR,2011,0.851437739020326,3.8561124468282,8.195,-1.6237867474026,1.11662614701046,0.624140835740495,1.00957357920277,31.2649218986254,32.0591396722646,14.8642962389978,16.491680863741,9.32683411729129,169.61587364494,-4.41804958924313
GBR,2012,1.52826034721852,2.5732347965453,8.279,-3.13257837481106,1.21181144741228,0.633046988857327,1.71895853790766,30.4995388300455,31.469331617208,13.3983595552922,16.5145890011547,9.37476041233473,160.010705514872,0.769940279705385
GBR,2013,1.71846961308464,2.29166666666659,7.752,-4.63114682704939,1.19820109358142,0.639660577613477,1.94762104828418,30.2076160154538,31.5119235000045,12.652992730579,17.1697393956196,9.5981044921613,148.906248602627,2.10230580720378
GBR,2014,3.16017351468152,1.45112016293279,6.398,-4.97786981840052,1.20982422016014,0.607729626878255,1.90870445734316,28.5320090066163,30.2890138267133,13.6216050281886,18.4324178455585,9.44084101572958,134.605055432715,-2.53440176509608
GBR,2015,2.14040560033371,0.36804684232536,5.552,-4.91700489264857,1.56885775056848,0.654545478931426,1.53903424150931,27.8790736176463,29.2459709877926,13.6955558156759,18.4755209500336,9.38451755587091,130.08273790259,1.97421475965121
GBR,2016,2.20652020635357,1.0084173681141,4.909,-5.46283821927875,1.49593733402752,0.740634463697084,11.9998637298189,29.0615561502528,30.7779753635731,13.3480290259192,18.5956388685899,9.13168940843145,131.480106047871,8.71683817906946
GBR,2017,3.02322219840339,2.55775577557747,4.501,-3.47326460218152,1.58905823431859,0.776976682344123,4.64443540147576,30.9738310965649,32.216093479851,15.7531873531931,19.1317371265417,9.04234267998333,132.333248459152,8.29633161273095
GBR,2018,1.55133095078786,2.29283990345938,4.145,-3.88728858372976,1.62160065704144,0.749531540259847,-0.864867036878713,31.854534000688,33.0552381952321,15.1527876787517,18.8761161911788,9.01545847936897,132.783359788981,5.29982604936391
GBR,2019,1.25629899760824,1.73810460086513,3.657,-2.66245642145608,1.68473544806755,0.783445110011929,0.688204352262878,31.9028602803155,33.1007061373899,16.5464399806794,19.0285140310906,8.98151366135499,131.443065370417,-1.36415811942606
GBR,2020,-10.047896637362,0.989486703772491,4.472,-2.92883387550299,2.1161105409397,0.779999576697153,5.77039185007421,29.9486520576829,29.2112372453782,15.5605971990805,18.2807146353402,9.08180842652208,145.572075379344,9.7064401774406
GBR,2021,8.5431118453255,2.51837109614213,4.864,-0.752836357784013,1.91277921919496,0.727064944688323,3.20643815254935,29.2894071087705,29.2489791841395,18.1443057036608,18.8987416108827,8.73281920838765,136.161594591011,9.73272949147508
GBR,2022,5.14970388522993,7.92204883147902,3.768,-2.06737101121871,1.41227364359352,0.811301715827773,2.91635435189931,34.0619283837069,35.1369980576912,16.4281012912124,18.3468561370256,7.9613351523025,126.126397693252,8.60749957375268
GBR,2023,0.271650048355255,6.79396706793963,4.025,-3.57676183842871,1.25355978527131,0.804538906734353,0.403116734836793,31.9122697629938,33.0801144117865,14.889141661081,18.4594014019513,8.22392851588786,117.978361754605,-2.63048241290666
GBR,2024,1.08027716858781,3.2715729463592,4.361,-2.95960422411904,1.18272554676037,0.782414580986262,-0.350561573947678,31.0561435739375,31.7829084706465,16.7550572595951,19.1682079957281,7.9734900624048,112.372018963535,2.56374043540393
GRC,1990,0.0,20.433499109463,,-3.66416152795676,2.62427529393431,158.513916666667,1.0411315622269,14.7217614280493,24.3139691998969,21.6884049784441,25.4339840826852,,,
GRC,1991,3.09999970633838,19.4558456445745,7.572,-1.51783071981205,3.44224332091619,182.266416666667,1.09470538665989,14.1450368627979,23.3964817257264,24.2227981476098,26.2169148198303,,,
GRC,1992,0.700000337119789,15.8770737923919,8.927,-1.86723149235441,2.9758897895568,190.62425,0.998183564137125,14.8216253119647,22.9654502840077,23.0518708932622,23.4523761337906,,,
GRC,1993,-1.60000002186294,14.4112644439348,10.177,-0.696206808420449,5.0990220884964,229.249843333333,0.910567673128218,13.993749701303,22.0392804676088,22.1593082921966,22.3191586477357,,,
GRC,1994,1.99999984724822,10.8740756809132,9.808,-0.126978535177172,8.34559547205247,242.6028175,0.853191390471272,14.3900606608583,20.8301695683564,22.8564974769756,21.0336354720997,,,
GRC,1995,2.09971953235275,8.93451415961517,10.116,-2.12188049067422,6.9810046257139,231.662735833333,0.780146702751379,14.3698138940673,21.7558214495402,21.4567853860481,20.7405368073224,11.3602226628443,,
GRC,1996,1.38247057325857,8.19455217632728,10.402,-3.19572255088179,7.78003468926726,240.7115425,0.742440592629103,14.3133826805479,22.5075465825416,21.1994017345964,21.7600388412521,10.8034732697378,,
GRC,1997,3.60288326516122,5.5360026677348,10.472,-3.50229712684898,5.76026456908859,273.057853333333,0.709107072596583,16.3703291341876,23.0682195187208,22.0674068886951,21.1326433933714,9.89858467128176,,
GRC,1998,3.43693579661333,4.76622572397641,12.227,,,295.529105,0.050998184830191,16.4859160819922,26.0039798757566,,23.7367131010281,9.74296557282105,,
GRC,1999,2.65878562321184,2.6366330602198,12.138,-5.31917093747904,5.96424506943985,305.646604166667,0.0603079297166702,19.4159179149726,28.7601191111593,17.7719513285249,23.2372482227425,10.0373756358854,,
GRC,2000,4.13782699405849,3.1511816249383,11.345,-7.80647954386926,3.85891245914069,365.398560833333,-0.00651674495547754,24.0112579525333,35.1013997962753,20.2069887458438,26.1132103512829,9.92055216681413,,
GRC,2001,4.65041459442163,3.37396832213867,10.764,-7.1208377005018,1.66789173892202,1.11653308564462,0.00151553151660002,23.1597595757815,33.6978743793252,19.4169778703405,25.1433571820657,10.4041018423355,51.6965910004471,
GRC,2002,4.68313727063017,3.62935871878874,10.346,-6.38625728965696,2.53504698999448,1.05755899623965,0.0227485404811931,20.3831024226226,29.6702347678407,17.6743455176164,23.6770908566951,10.2779206573641,54.8718327415203,
GRC,2003,5.79682274294369,3.53065027765552,9.839,-6.50626060536124,1.22406996338363,0.88404792718493,0.71501703822218,18.8734923843085,29.0208197707737,18.7394769977514,26.1381770101347,9.99578112097906,58.7319609377145,
GRC,2004,5.37786634595851,2.8988481075817,10.628,-5.74201400267069,0.46196039556585,0.803921647747618,0.914091172780157,20.6093109136223,29.2160067589458,17.9644403146548,25.179542966525,9.6510376633359,63.8775428098327,
GRC,2005,1.18350635493289,3.54507273335078,10.074,-7.51860335220304,0.353275593210376,0.803800192161442,0.284127006962334,20.9925302883149,29.3630031508258,15.9677670872138,22.1679676033349,9.5336846876422,73.6573957197981,
GRC,2006,6.44339762487436,3.19594684144545,8.906,-10.9919390863757,0.361966375722178,0.796432730949102,2.01112523714783,20.7749728037536,30.329773779727,16.2617719957715,26.2902425409373,9.12922804657747,77.5454374177186,
GRC,2007,3.50686976639459,2.89500321516578,8.351,-14.1869570945958,0.364544288639561,0.729672399984083,0.622837777539062,21.7481874684459,32.7774943504585,13.5533568659361,26.6707144196319,9.02303050102322,85.7984237428537,
GRC,2008,0.0574740238200775,4.15279708110293,7.664,-14.6094922064777,0.291765014595587,0.679922680042729,1.6328960526629,22.7847919983615,34.3204916281311,11.3371033489679,24.8460183343649,8.8877488354754,90.5073136555285,
GRC,2009,-4.11927606715011,1.21007269197809,9.546,-10.9982860428605,0.638122957216378,0.716957702016136,0.846404808815716,18.7298820095072,27.6480773891011,7.17364118194018,18.9186670370279,8.17174627895914,89.22442515662,
GRC,2010,-5.6937412158003,4.71298907760388,12.719,-10.2094499511211,0.792574625878538,0.754308990105961,0.179789223267027,21.7288294018439,29.1936887978789,7.72895350427988,18.2157587611931,8.02411215210249,112.814277336853,
GRC,2011,-9.87677875300243,3.3298532335065,17.973,-10.0976272377955,0.792222436462401,0.718413898653317,0.38562256563474,25.3075993531569,30.9853964410338,4.88276794454801,14.0714513074627,8.14872583676611,119.201382534538,
GRC,2012,-8.33113421099992,1.50152696177758,24.731,-2.58418506053025,1.13518534780231,0.778338120416812,0.695897838082299,28.9658220302701,33.4283897048617,7.53381418831255,12.2606554594296,8.13642389483796,120.147931380692,
GRC,2013,-2.27211699888024,-0.921269454256994,27.686,-2.13029886404193,0.78620987502589,0.752945122701996,1.24506178790059,30.3271984442629,32.6275287772745,10.0691427056612,12.1129082926078,7.78048722385766,119.790203680738,
GRC,2014,0.792225060962835,-1.31226096405506,26.708,-1.43786972023485,0.829044857785272,0.752728196932603,1.15314480305525,32.5150455771625,33.9184908742053,10.367028790816,12.136918450953,7.79323131183445,117.895057189809,
GRC,2015,-0.228301892172851,-1.73588804765284,24.981,-1.50311562368341,0.985856620131411,0.901296423367096,0.652184629866422,32.1863593046186,33.0852861573132,10.0508397143158,12.0084097844243,8.2939794133625,113.433357315224,
GRC,2016,-0.0317947678412054,-0.825653978390973,23.514,-2.30350655253684,1.15823824410032,0.903421436257263,1.3975055397238,31.179360220916,32.4781888673706,9.70313790378905,12.4680861540635,8.1077472947053,108.627097496027,
GRC,2017,1.47312472702352,1.12125452031419,21.413,-2.38344142611836,1.15456685638088,0.885205508269372,1.7162955046024,34.7793593671863,36.103137372539,9.05464153853426,11.8883016329317,8.01771265830777,100.647509860794,
GRC,2018,2.06467207892409,0.62562141345364,19.179,-3.55679128954824,0.944036562450447,0.846772667108111,1.88723349665643,38.6308100555801,40.6071808082905,8.95839478080537,12.9530537485632,8.18182062799694,91.2069328032117,
GRC,2019,2.27718065334808,0.253007522038157,17.045,-2.11808020939794,1.0954805739583,0.893276257067409,2.41172201156202,39.5602885530263,41.0298063980194,9.47896697695461,12.0996603246177,7.83958999296986,80.2122396702063,
GRC,2020,-9.19623149726978,-1.24798355581405,15.899,-7.12181074881185,1.77867962182531,0.875506396987998,1.72637818314203,31.4504324884115,38.843313969663,5.48826596338402,13.5410023084822,8.42728042228222,81.2709751259998,
GRC,2021,8.65449786002131,1.22382501019854,14.656,-7.1523233874729,1.53865073919356,0.84549413889045,3.0165221032062,40.260408549747,47.7522568992909,9.93495498666255,17.48296657419,8.66558957724326,56.1973361608804,
GRC,2022,5.52198580589408,9.64525981280632,12.426,-10.8779875356728,1.04178674996623,0.949623753156941,3.69648293387112,49.2316205589503,58.8902226709721,7.68524836524895,18.8094114631783,9.72102945141494,52.4567421241532,
GRC,2023,2.13591131996631,3.46480128513405,11.023,-6.77841375377557,1.20048027287353,0.924839558470698,1.94366777616511,43.8388384656123,48.6322498290894,9.12496070988206,16.1682825755533,8.94790333070901,49.2157408211615,
GRC,2024,2.0865743380603,2.74101875679486,10.02,-7.10950344070576,1.29467737992629,0.923889546117607,2.6312519942121,42.1116783220502,47.6648496225666,10.7754390550526,18.2925535607175,9.0658743329958,48.5410004453358,
HUN,1990,-3.49665976104178,28.3695996532777,,1.09803288439459,1.11712147167346,63.2058666666667,1.60625096175536,,,,,,44.672166927177,29.1909062262874
HUN,1991,-11.8920408609388,34.8175429072704,8.5,1.15628180527935,3.71623913990037,74.7353833333333,4.19344457967971,28.710600330961,29.4946638273608,19.4920252506379,21.1958705871222,,37.5541835491527,29.3872193814771
HUN,1992,-3.06418034558638,23.6557207806552,9.942,0.905662683648787,3.70728427219895,78.9883916666667,3.80665641868209,27.5595708401719,27.7339527616677,16.2554399261462,16.6599937556592,,32.040691978884,41.2910043070108
HUN,1993,-0.576108518425613,22.4642346133809,12.098,-10.5883858606661,4.9306423184536,91.9331833333333,5.83689757941666,23.1454729965833,30.2680630747212,12.1731121393254,20.679039803699,,27.2416249049833,17.686634450335
HUN,1994,2.94715455541068,18.8680749869283,10.847,-9.35987499538881,4.95806751101158,105.160458333333,2.64174100369922,25.350032297858,30.9559622936573,15.974305934592,22.9964145435708,,25.4192252496153,14.1837038166775
HUN,1995,1.48952547593046,28.3054683706654,10.168,-3.67533531615297,6.84080807818872,125.681425,10.3142923372639,39.1102749102395,39.0656166831524,19.5898389365327,23.420550366966,18.1262705820632,21.6358948996377,20.8895743235396
HUN,1996,0.101234227633242,23.4690301919185,10.022,-3.95886426279274,5.14113372068766,152.646666666667,7.02257505750731,41.7711238743212,41.2508567607868,20.9819076938807,25.1079029013767,17.9992362589558,21.2806370663392,22.2415531997985
HUN,1997,2.97787906543104,18.3050744143799,8.991,-4.51433363272402,3.8176815851978,186.789166666667,8.78533630127407,47.8429419192775,46.8449682273983,21.7349437855666,26.4418752273102,19.690338553844,23.466037313888,19.722036464114
HUN,1998,3.84810814449837,14.153789654534,8.925,-7.62873647734146,3.60723968742156,214.401666666667,6.68585430137196,52.884895311527,54.4344397861419,21.5601883628291,28.8224890364809,19.9464006797291,23.339682608884,15.5987416668332
HUN,1999,3.08605811588221,9.99774409303368,6.929,-8.35837228319572,3.99244526266877,237.145833333333,6.88558157302498,55.5729749592902,58.2965578716872,18.9179804966281,27.2873039051869,19.3021937640803,25.4651515473829,15.6730008086139
HUN,2000,4.40937501806403,9.80361016908125,6.563,-8.82808863842537,3.57866017979502,282.179166666667,5.81207210516034,66.7818415655251,70.4804715279449,19.4325607832874,28.1973908964954,19.0826422002339,31.845911288806,12.6071364747875
HUN,2001,4.06202617226026,9.11680911680911,5.671,-6.11450861059176,3.20054987455938,286.49,7.54426473166249,64.7946703854209,66.109043850966,19.9380541645293,26.3575592807833,19.1558164975426,32.6125638339276,16.351253642184
HUN,2002,4.73006530805553,5.26544821583985,5.608,-6.44836058797406,2.70225469127688,257.886666666667,5.38678090915431,58.0673383688733,60.2019968736818,18.6625905122125,25.7468753302212,18.5495376602771,34.3443107470108,13.8213670591371
HUN,2003,3.93877761242727,4.66101694915254,5.79,-8.26371787576549,2.62591549233693,224.306666666667,4.88025299452782,56.3436633595853,60.4434251812765,15.8184683566673,24.7088343047099,18.5991129842686,36.5100138543135,10.9522648352945
HUN,2004,4.96312536156307,6.74434679569469,5.832,-9.08123363089425,2.5248971815901,202.745833333333,4.36291277823616,59.5641177697341,64.0515683344399,16.7087890275417,27.5022265501896,18.9741244093157,38.9490966515471,11.5374961722861
HUN,2005,4.30028318461673,3.56151711378352,7.189,-9.8868101970247,2.48843705883252,199.5825,24.3060288068427,62.5215212771297,65.4832893704085,16.6403609769784,26.164171343722,19.0344202655372,43.2545318007203,14.7001207705754
HUN,2006,3.93393162712054,3.93032603841001,7.494,-7.28544270320023,2.54957160225846,210.39,16.1574876503265,73.8064864785301,75.4250450899309,18.0590478252046,26.3418856770072,19.7082355529978,47.2791787368685,13.802586238336
HUN,2007,0.332354337878925,7.9587451654491,7.406,-7.2863644008897,2.19349799926091,183.625833333333,50.4065230275136,77.8221656386034,77.7792667294669,16.7724408516539,24.8978381794695,19.062447799785,53.1980228492073,11.0115510911465
HUN,2008,0.993437085479655,6.0425125388106,7.817,-7.26832036226062,2.64547882706978,172.113333333333,47.2364211896638,79.2039448630126,79.2492792526061,17.8557665829275,25.1420059545726,18.2736513156796,59.3602856793598,8.70968343367451
HUN,2009,-6.7401660845502,4.21171171171171,10.03,-1.21974951373382,4.4997421146486,202.341666666667,-2.28280495631194,74.3529496218046,70.9529277083853,19.7543802379389,20.9966487581136,17.1623330990864,59.902839903581,3.64840284210126
HUN,2010,1.06795068152046,4.85555795691956,11.172,-0.188218208390541,4.28656145330656,207.944166666667,-15.8854380283338,81.2535035455015,76.5854565403946,20.8186576815899,21.1892791243323,18.1353669170801,60.3209175671504,4.26720050740063
HUN,2011,1.91670916599742,3.9299209893507,11.029,0.428842717780173,4.28237217503758,201.055,7.45442145492381,86.1931503181868,80.5611968917104,21.3448932392933,21.0337908782192,18.4594533468052,58.4470053209195,6.66657429838231
HUN,2012,-1.33948446518181,5.65214517088646,11.003,1.0790451227521,4.31681177187639,225.104166666667,8.30549850772091,86.0876097061215,80.088088903449,21.3591675417891,20.2865308170944,18.4937179955194,50.4166616959194,-4.6368980672588
HUN,2013,2.03216990678146,1.73319984983101,10.177,2.99109062228033,4.38117231683848,223.695,-2.74986395257086,85.3937852070622,79.0822395844044,24.8178962581336,21.8946534040546,18.7073217770592,46.096882400305,7.80915596675156
HUN,2014,4.33435364113967,-0.227566270988219,7.725,0.747477578049872,3.74202411287158,232.601666666667,9.1265022330579,87.0271641102673,81.3311909761454,25.0132077594259,24.4405160787979,19.4234614005581,42.5320276713183,2.49536992372764
HUN,2015,3.65981615406955,-0.0616446800641672,6.813,2.11856059497338,3.41856896913722,279.3325,-4.3672559097876,87.4348841373907,79.8558543571336,25.6784936924636,23.8567656111926,20.2076761720927,35.0976712570947,5.68164520375055
HUN,2016,2.43864141309342,0.394769306686392,5.115,4.40234047330024,2.62688532938793,281.523333333333,53.8467636785015,86.1114634598119,77.8604810403383,26.2465061730783,22.0321821931455,19.5575596990539,33.3191543197899,7.23837066916986
HUN,2017,4.12418389451805,2.34824281150154,4.156,1.71954655139942,2.49519454988071,274.433333333333,-8.6313549623639,85.7461533449483,79.2867024953192,24.8802688240543,23.2730768860194,19.1033927278036,32.3908602743309,7.78736534613451
HUN,2018,5.60613813768876,2.85024792594646,3.667,0.340906702488933,2.54669192869431,270.211666666667,-40.1082460169744,83.3967795001256,79.3040792777992,27.1040455571144,27.0910945827596,18.4028423209229,32.2649787904592,11.8157497769553
HUN,2019,5.07718495088933,3.33858635382008,3.411,-0.606737568975121,2.50973962518307,290.66,59.5775493833952,81.065700696964,78.8598557678669,27.9282572253374,28.6983472177676,17.3261619988245,33.1721052698328,8.14996704366379
HUN,2020,-4.33872540024058,3.32674385766738,4.248,-1.03428088875148,3.58085415747642,307.996666666667,105.635755544096,78.0879317443048,76.4390711920722,26.4807109542369,27.4644940725212,17.2739907825324,37.6296063212563,21.0901442114129
HUN,2021,7.22291580811137,5.11096534382855,4.021,-4.28505680487642,3.02321484022311,303.140833333333,18.2639108972104,79.4114343821378,79.7760929506963,26.5954419486506,30.9364017933183,16.5270428077403,38.4125853084098,18.4989667582386
HUN,2022,4.15238057779229,14.6081439492433,3.583,-8.78389100676721,2.52394936455044,372.595833333333,-1.05246677407293,89.810135261602,95.1598173197492,25.3485660119534,34.253984477795,16.7771082108585,36.0420465985177,8.45817898973613
HUN,2023,-0.817107370513455,17.1249659678737,4.096,-0.00798002024458191,2.72357277615273,353.088333333333,-33.2799471781632,81.3874893501556,77.2313362577572,26.2442047084873,26.1919852280501,17.171898542953,32.9059997220089,3.4455394818152
HUN,2024,0.709070599066038,3.70370370370369,4.5,1.84213300452467,2.8245674279119,365.690833333333,-27.5090725956422,76.1979120113902,71.7287545266774,25.5547849157366,23.6636684415802,15.8584652615689,32.3662527124233,9.50241825681963
IDN,1990,7.24213163856464,7.81919756505635,,-2.81513051122,3.13746645310853,1842.81333333333,1.02976494269192,27.3057589781449,25.5861024595444,22.4536417723066,32.7076900896332,19.8930250535284,,44.5574285244908
IDN,1991,6.91198283591309,9.41906784347004,2.617,-3.6528272008554,3.27992052287353,1950.3175,1.2707722797342,28.3512610672578,26.4883038133183,22.0730005134311,31.8694254830288,20.956437936744,,17.5259362533464
IDN,1992,6.49750651682714,7.52351006242677,2.734,-2.17141753355818,3.33166241980596,2029.92083333333,1.38798883350104,30.3074635078275,27.1199706023253,23.3004216565436,30.1758273386831,21.7564418039552,,19.6221806853583
IDN,1993,6.49640812045304,9.6719108926401,2.782,-1.33285487006627,3.38379068304971,2087.10386666667,1.26830064559013,26.7548134217247,23.768572466506,28.9981474546343,28.2806731118536,22.3049508181013,,20.0565018833961
IDN,1994,7.53997109551439,8.53199829189143,4.366,-1.57836291535994,3.23073711587063,2160.753675,1.1922519299764,26.5114278515733,25.3656731979016,29.8716953233965,29.5706877484337,23.3480377908308,,20.2022726168412
IDN,1995,8.22000739903493,9.42030300572996,4.611,-3.1815838591366,2.90213829092754,2248.607975,2.15007984011937,26.3121650131426,27.6464250504,28.1384618646814,30.4298110883689,24.1331787066672,,27.5237198773438
IDN,1996,7.81818707670867,7.97328096513346,4.861,-3.37028227381292,3.49495904632741,2342.29629166667,2.72419788646708,25.8245519820943,26.4401916750537,27.8080799259437,31.6023606375148,25.6166348710399,,27.0806823379176
IDN,1997,4.69987885390397,6.22615154887214,4.684,-2.2660591852136,2.95480794337669,2909.38,2.16779685196237,27.8592432831317,28.134615525546,29.0309412324569,30.3076757881764,26.7929465196358,,25.2548720561877
IDN,1998,-13.1267254923818,58.4510413515526,5.459,4.29246398762731,5.23322602998225,10013.6225,-0.252290447660406,52.968134566078,43.2180577941907,22.4224923294215,27.4295066667294,24.9956709549063,,62.7628704083026
IDN,1999,0.79112608199847,20.4778324428892,6.358,4.13060184583257,6.09229450072994,7855.15,-1.33257354110795,35.5141290838601,27.4297837763323,13.2018044083338,22.1387593118175,25.9948791141402,,12.2333155048434
IDN,2000,4.9200677470169,3.68862037056682,6.077,4.84306452849134,5.26483607241346,8421.775,-2.75743993350903,40.9773084738704,30.4595674435027,26.2868992080315,22.2456969315568,22.6597512078726,,16.6231305374338
IDN,2001,3.64346644721492,11.5001160550887,6.082,4.30104853135351,5.66905378340598,10260.85,-1.85568619300523,39.0321390955111,30.7610684301127,27.1997939280408,22.539266316067,30.7545972173123,,11.8708383967112
IDN,2002,4.49947539085764,11.9001200338414,6.604,3.99852690784087,6.2952679657633,9311.19166666667,0.0741516383181159,32.6876208878375,26.3918408785348,23.0174077823404,21.4040702075173,31.9532784940709,,4.75790231642729
IDN,2003,4.78036912167654,6.75731256333564,6.657,3.45304287667862,6.7749044109302,8577.13333333334,-0.254256320381005,30.4776547809661,23.1388389663355,20.6840503559517,25.5984983869787,28.2528418444569,,7.93771986383966
IDN,2004,5.03087394501685,6.06406189133648,7.303,0.608561329917371,5.420563210953,8938.85,0.738243979887563,32.2166946182599,27.5446002184312,20.7642899473513,24.0563663747717,28.0658265856536,,9.14397251295485
IDN,2005,5.69257130383384,10.4532001873347,7.945,0.0970882462390686,4.10478485517762,9704.74166666666,2.91611483313067,34.0672676279992,29.9206682408643,24.3384866318462,25.0814099389568,27.4075074800459,,16.3351639133099
IDN,2006,5.50095178520348,13.108670985346,7.551,2.97870868013903,4.91547534687069,9159.31666666667,1.34794264068931,31.0347163143166,25.6224105005701,25.7771435873662,25.4002172943548,27.5375740802454,,14.943188750138
IDN,2007,6.34502222667214,6.40656087966005,8.06,2.42726412696792,5.67712529732221,9141.0,1.6030105718879,29.4357184851264,25.3935314930811,25.1791234447947,24.9202838487256,27.0484127487931,,19.3251210206586
IDN,2008,6.01370360009123,10.2266663272483,7.208,0.0246933252771075,4.00096264531685,9698.9625,1.82632902403998,29.8082841673732,28.7531154639229,28.45241261442,27.8162445798583,27.8142729854303,,14.9228673286607
IDN,2009,4.62887118256153,4.38641311792074,6.106,1.9697705622352,6.54684575689915,10389.9375,0.90391941965406,24.1591196686279,21.3530017000775,29.0563767984661,30.9851924139981,26.3554745271064,27.6587104878441,12.9517964413527
IDN,2010,6.22385418062366,5.13420639015885,5.614,0.681277286848337,6.86991432991074,9090.43333333333,2.02517914569356,24.2990309366408,22.4022429392329,32.7274229888351,32.8801214533558,22.0386285924438,27.2530411349395,15.4022877708819
IDN,2011,6.16978420771008,5.35604849112582,5.153,0.188703954012605,6.05969044940623,8770.43333333333,2.30298429381592,26.3273530888836,23.8526600952268,33.2200730493007,32.9843332593045,21.7608545038476,30.0821993577662,16.4297838459004
IDN,2012,6.03005065305615,4.2795142691943,4.468,-2.66027359471414,5.58937942738163,9386.62916666667,2.30978031853073,24.5943787881769,24.9885195110858,31.9853697689232,35.0715936108893,21.4509550553875,33.4341714348422,14.9549924820176
IDN,2013,5.5572636889101,6.41249457900391,4.336,-3.18996482895809,4.95031846769598,10461.24,2.55135633401058,23.9235763793605,24.7137962959288,31.1217666400168,33.8313567879018,21.0286886817218,36.0581396070456,12.7796979445433
IDN,2014,5.006668425755,6.39492882396559,4.049,-3.08816907525921,5.74432339947261,11865.2112962963,2.81997260412102,23.6659845969367,24.414190988586,30.6689094593309,34.6003439149803,21.0751760505565,36.4235451552096,11.8795193618472
IDN,2015,4.87632230022123,6.36312061196646,4.514,-2.03504192745969,6.44616105766404,13389.4129365079,2.29761639380441,21.1601792598059,20.7774609817235,30.1233564897489,34.0627921803386,20.9857874310206,39.1187982955119,8.99699007638042
IDN,2016,5.03306918280177,3.52580452815451,4.301,-1.81915089251384,7.22588805609531,13308.3268020542,0.487372471368879,19.0889938536664,18.3323479486654,29.9227683259243,33.8587393039462,20.5229746805052,39.4024246939414,10.028498820515
IDN,2017,5.06978590134916,3.80879857691949,3.783,-1.59465689989364,7.08716242011101,13380.8338788891,2.01948919812582,20.1773044351106,19.17819263535,30.8783634343379,33.7105947957751,20.1600223614347,38.7323495613041,8.27552807924628
IDN,2018,5.17429153955024,3.19834755924996,4.387,-2.93907291477017,5.59560758848402,14236.9387734818,1.81428979349441,21.0027464972455,22.0715624579547,31.6805227940956,34.5705858319707,19.8631933835963,38.8054496665639,6.29028912373828
IDN,2019,5.01928768046282,3.03058460941661,3.59,-2.7056619813955,6.31777434419502,14147.6713605454,2.23336204282241,18.5915277970883,19.0362497386225,30.9027135119119,33.7801423773995,19.7035390875513,38.3726939516609,6.5404048812978
IDN,2020,-2.06551182934165,1.91983527270793,4.255,-0.418606247736126,8.40697484639797,14582.2034678177,1.81058402027127,17.3311682848923,15.6410071153504,29.2246087288697,32.3434120537481,19.8664218856304,38.6795390891453,12.533660872002
IDN,2021,3.70288562827751,1.56007882983334,3.827,0.295885914526078,6.78517585393017,14308.1439011897,1.7878556314554,21.4165556390653,18.7882026359018,32.9372955843682,31.4488724858485,19.2434077817738,36.9908270556254,13.9664354665972
IDN,2022,5.30719722664799,4.20946463714784,3.462,1.00182875104005,5.21322077470096,14849.8539362105,1.87264100861425,24.5029116862832,20.9617585096621,37.0041185901717,29.7453138212259,18.3361771080329,35.2884329632689,8.35491255424404
IDN,2023,5.04883117855516,3.66938654859761,3.308,-0.148899596516736,5.72806559441344,15236.8846620506,1.57116966408747,21.8085632197562,19.6519133249671,35.8619339722029,30.3426390629498,18.6674487916783,36.0129512588691,3.5003275285658
IDN,2024,5.03257477088519,2.18151273615189,3.301,-0.614730078804115,5.72012468838059,15855.4482866711,1.73855290316368,22.3096487702606,20.5002891005614,34.6828714970206,31.396316156558,18.984004004374,36.3924067095141,4.75950395133225
IND,1990,5.53345456306495,8.97123250273255,,-2.19193586906134,2.0364027734552,17.5035,0.0737400205365026,7.05335023414457,8.45291127605198,21.2135632354218,27.3361977013687,16.597596442222,24.9164565697186,15.0666135109567
IND,1991,1.05683143296179,13.8702461773683,7.641,-1.58891131223691,2.92296631274637,22.7424333333333,0.0272255401825464,8.49424077053547,8.49348578059959,21.7599660966497,25.1405052782292,15.6762601605127,23.8217444526828,18.3169522756133
IND,1992,5.48239602167003,11.7878170418134,7.649,-1.55624498023457,3.37116986123404,25.9180833333333,0.0959419487133591,8.84292692502088,9.59017211680717,23.2468016207748,27.44020415513,15.8007998170807,24.6982402507395,16.8624949702528
IND,1993,4.7507762195799,6.32689048779867,7.662,-0.671618869530872,5.07094897356213,30.4932916666667,0.197056426383431,9.83421745486326,9.81732233160511,24.0830792774423,22.716410511618,15.9157121078439,23.8320553867162,17.0076625114277
IND,1994,6.65892406747307,10.2479355556119,7.593,-0.512193818555588,6.88055422641741,31.3737425,0.297386581392873,9.8880849164454,10.1900594604801,25.9510065459184,26.3101665553988,16.764138131312,23.6473414046455,20.2777282522801
IND,1995,7.57449184027195,10.2248861637545,7.57,-1.54413181166043,5.13385971679427,32.4270766666667,0.594986329567616,10.8439680350622,12.0234806711877,26.9673910930445,29.1523371515588,17.8658505968554,22.5107747023582,11.0111211014187
IND,1996,7.54952224888829,8.97715233826453,7.537,-1.51595497295368,5.00904589274726,35.4331733333333,0.617479351603705,10.3851692716063,11.5443185997804,27.047935038253,22.7592531809279,17.5963408006414,23.4024420368578,18.7362743385538
IND,1997,4.04982084902483,7.16425211462721,7.574,-0.713014326393888,5.39180134948693,36.3132858333333,0.860208959660141,10.690717318379,11.9286695486689,27.550434015696,25.6927329065132,16.5185785304333,23.5553253462263,17.6567542931141
IND,1998,6.18441582080355,13.2308389767977,7.596,-1.63832533358649,5.6743768531153,41.259365,0.625286204187864,11.0184691793102,12.6810008997545,25.8895046456057,24.9753699423901,15.7193160164939,23.6777468578745,18.1730148042763
IND,1999,8.84575556114116,4.6698203803759,7.583,-0.703547232193242,6.31148133710289,43.0554283333334,0.472644191458928,11.4520646128009,13.363533431492,25.6375329054903,30.9580879683861,15.1805367132738,25.4228622073471,17.1491804784346
IND,2000,3.84099115686554,4.0094359104519,7.589,-0.982342580017138,6.1214797944893,44.941605,0.765211694280817,12.9972363113479,13.9036865990995,26.1190237335753,25.677316683955,15.9270230184323,28.3395511575183,15.1717076348441
IND,2001,4.82396626397303,3.77929312235637,7.611,0.290495460210208,7.45295243694093,47.1864141666667,1.05638020993358,12.5583796339108,13.4348751195257,26.25988449921,29.9078889827325,15.3070212831531,28.6194154254102,14.3205506885788
IND,2002,3.80397532120038,4.29715203929562,7.681,1.37093793900847,10.3730834871592,48.6103191666667,1.01156946489919,14.2643839243147,15.2442790107467,28.1114783442437,30.2513001207186,15.5587017262956,32.3064890735537,16.7611647429304
IND,2003,7.86038147545045,3.80585899528853,7.633,1.44355773291234,12.2832820147208,46.5832841666667,0.605887857091792,14.9479138581734,15.6445222747346,30.4709582553129,30.8396999424416,15.587386648646,31.6262656186491,13.0336110878156
IND,2004,7.92293661307978,3.76725173477517,7.598,0.110018010197154,11.3051095119993,45.3164666666666,0.765596855110284,17.8591249630479,19.6446890963991,33.3325546576999,35.0964917017773,15.8272457405027,36.1918038545968,16.7323329477412
IND,2005,7.92343062131789,4.24634362031924,7.551,-1.25350400207393,8.51847317184615,44.099975,0.886098378458823,19.6052466948335,22.3964229200356,34.4180152872324,37.4282640165983,15.9730170446131,40.0679804780573,15.5999038993872
IND,2006,8.06073257305057,5.79652337561634,7.553,-0.988988302952292,8.91992866511892,45.3070083333333,2.13016842534495,21.2679414221966,24.4565390770687,36.3605321112763,38.9985063717532,17.3036533311925,43.6277524334268,21.6331411155837
IND,2007,7.66081506510766,6.37288135593231,7.562,-0.663717648772609,11.1391919314526,41.3485333333333,2.07339404668754,20.7996997489032,24.8865689304448,37.0113890041504,41.9507982267334,16.8645677754068,45.6277647457138,22.2715028743619
IND,2008,3.08669805950082,8.34926704907575,7.629,-2.58337749259838,7.71425265694142,43.5051833333333,3.6205232354017,24.0973572601391,29.2708631790835,36.2540826332604,38.4224196528192,17.0986741489578,49.559366687116,20.4952098768781
IND,2009,7.8618888330338,10.8823529411764,7.636,-1.95146209111802,9.77371114314451,48.4052666666666,2.65159033235479,20.4005193743564,25.8723502685274,35.6174348132095,39.2567917551336,17.1435776672846,48.1244479112046,17.9958392170653
IND,2010,8.49758470165625,11.9893899204245,7.631,-3.25348368945179,7.76063411026838,45.7258121212121,1.6350340943491,22.4009332487945,26.8542732486216,36.3058750410672,39.7856241847736,17.0299342498624,50.5553749785224,17.8021770638972
IND,2011,5.24131620024293,8.9117933648336,7.609,-3.42928468606061,6.18879010347658,46.6704666666667,2.0020634629993,24.5404113195713,31.0834686939585,35.1317930938104,39.590421855219,16.1393374446289,51.2892331325447,16.1375893445465
IND,2012,5.45638755164772,9.47899691419793,7.645,-5.00488971805303,5.90371509588661,53.4372333333333,1.31293453035323,24.534430661418,31.2592910673332,35.261292320436,38.3474156730403,15.8169230071066,51.8885076473464,11.0456966601662
IND,2013,6.38610640091713,10.0178784746104,7.678,-2.64566711733892,6.02774649537524,58.5978454166667,1.5162764665975,25.430861300519,28.4132706461587,34.3046574869553,34.0231978997548,15.253022692586,52.385709516972,14.8315300046496
IND,2014,7.41022760516977,6.66565671867899,7.656,-1.33950896483453,6.5991330802017,61.0295144607843,1.69565958990806,22.9679630081172,25.9542227389497,33.4660257489805,34.2678056268836,15.0655701107589,51.8821873589628,10.5873816012219
IND,2015,7.99625378567987,4.90697344127249,7.629,-1.06754907167965,8.00309182929653,64.1519444632786,2.09211521443253,19.8131891564045,22.1097247094602,32.4539241111902,32.1167301358276,15.5838545863713,51.8675240772049,10.6177245568846
IND,2016,8.25630550176662,4.94821634062134,7.611,-0.52788060603752,8.43013905768235,67.1953128073894,1.9373641224439,19.1582349105946,20.9242508026814,31.7264147403683,30.172690580036,15.1622371332529,38.2036507912231,6.80095412358039
IND,2017,6.79538341902422,3.32817337461305,7.626,-1.43948820320989,8.16271866943629,65.1215686450659,1.50731583255894,18.7917648392982,21.9507321152243,31.7067531706123,30.9821728344733,15.0182387501718,38.1707138624147,10.4310437100352
IND,2018,6.45385134495295,3.93882646691643,7.652,-2.42697545810527,6.90105548512364,68.3894670935422,1.55821483801456,19.9278285988562,23.6891407335327,31.4104922311412,32.3432182154485,14.8815306673017,38.8975254010362,10.5196199752058
IND,2019,3.87143694070524,3.72950573539123,6.51,-1.04961203910072,8.27365940048396,70.4203405359551,1.78482633957161,18.664264897257,21.2411386333872,29.7022005792949,30.0961975685688,13.4558075633394,38.73794497616,10.5102484286107
IND,2020,-5.77772470687303,6.6234367762853,7.859,1.22362111042791,12.9323281065786,74.0995668836052,2.40620322673636,18.6824769296756,19.0756283996012,28.6796821131572,28.9223840080659,14.1204853576923,40.7867848551821,12.4791379043168
IND,2021,9.68959249191741,5.13140747176364,6.38,-1.05524166809383,9.84238574452328,73.9180128154351,1.41217101040888,21.3991583305515,24.0239304534931,29.8661330649563,32.1158221755014,14.3770288531286,36.8920885102897,11.2971056705459
IND,2022,7.6093649776932,6.69903414079858,4.822,-2.43238270956779,7.00951210544359,78.6044905829916,1.53665241748393,24.0401716365956,26.6577666392086,33.3708439169242,34.4117962357355,13.3327202623974,38.1859763563586,
IND,2023,7.210224629335,5.64914318907925,4.172,-0.912777939495827,7.97237314389747,82.5992764460784,0.802254995836756,22.354801966733,23.9681500915008,34.3807561586625,34.504684353812,13.312843875072,40.8940758962907,
IND,2024,7.09927893176518,4.95303550973661,4.173,-0.851289719084462,7.52136088188696,83.669281580941,0.721648483526777,22.0639816354399,23.8527091324349,34.7497448494797,34.3459060404746,13.1392199491326,41.6079694330613,
IRL,1990,8.46652776398362,3.31732886680118,,,,0.604588333333333,1.26133865366034,54.7062192383618,50.3232067349584,,21.5271166857683,,,
IRL,1991,1.9296401741083,3.21081037142378,15.771,,,0.6212975,2.73495949116743,55.5818364574401,50.8583774469567,,19.6727224029314,,,
IRL,1992,3.34327412603812,3.06999853835904,15.021,,,0.587720833333333,2.60767725514267,58.4054636243813,51.139984767087,,16.6369288990548,,,
IRL,1993,2.69260841466448,1.46941522411422,15.571,,,0.677249306666667,2.05635610310019,63.366966997161,53.23571311034,,15.4691943027022,,,
IRL,1994,5.75582797061618,2.30920192610951,14.544,,,0.668628101666667,1.50090049057357,67.9600321066691,58.5288692878587,,16.5139818932744,,,
IRL,1995,9.63442136559036,2.52486446780802,11.97,,,0.623733075,2.08696657373782,73.5199805547023,62.5831438049889,,18.8729999996348,20.6871067522737,,
IRL,1996,7.37962465765875,1.75574469607419,11.692,,,0.625028368333333,3.45356359013551,74.9070020586701,63.9611164328373,,20.5306172977767,20.4395379710116,,
IRL,1997,11.0217650823433,1.5418020226137,10.191,,,0.659643126666667,2.44856369452834,77.1247806345089,65.1446615207745,,22.2290100151542,21.7901025218337,,
IRL,1998,8.7661226571214,2.40768094534715,7.699,,,0.702270998333333,9.82513843344542,84.3240502327877,73.4483179543601,,24.0979632507511,23.244542819124,,
IRL,1999,10.5298856427062,1.62988605221407,5.804,,,0.938283072395283,18.4143116828593,86.4600758221796,73.4108989379918,,24.6355061654085,23.5315335583771,,
IRL,2000,9.40352476399653,5.57763269940387,4.318,,,1.08270508132602,25.7260262363322,94.3894347338897,80.5650833373973,,24.5079507553549,23.1191411453819,,
IRL,2001,5.30582133514299,4.85280279607477,3.684,,,1.11653308564462,8.82598474922644,95.2243726376591,79.6163384642114,,24.2562415894467,25.2498702300992,71.776397881,
IRL,2002,5.89936506079005,4.62820512820515,4.216,,,1.05755899623965,22.8030331294708,90.449466813067,73.269862546548,,24.0825971908065,26.7451104794314,75.4068879464266,
IRL,2003,3.01383869396012,3.49221909079765,4.478,,,0.88404792718493,13.8344483636902,80.8405847264703,65.6908892948051,,25.7442230479854,23.3585848750379,85.7189838708838,
IRL,2004,6.78813990621356,2.17854605730523,4.491,,,0.803921647747618,-5.4573737070047,80.4755660009134,66.1119303691577,,27.2182633667919,21.1273623143527,104.899559324705,
IRL,2005,5.73978202625278,2.45654692931639,4.237,-3.37203846174545,0.0465643756770582,0.803800192161442,22.1832694953892,79.5276864075247,68.6478778456041,27.0471704412532,30.3097495862833,19.5920796217343,124.640380550943,
IRL,2006,4.98785364537615,3.93576114001354,4.355,-3.3862109692366,0.037423861932945,0.796432730949102,9.50555829114517,79.0346632772547,70.9871225320103,27.3925010636406,31.8932052929498,18.5730585062774,144.570858494026,
IRL,2007,5.31011830898613,4.88574537540802,4.98,-5.12758716999565,0.0328965659398232,0.729672399984083,22.1915415030247,80.8367880723601,72.5600589956647,23.9509103481875,29.2481055759668,17.97273941003,158.099129709618,
IRL,2008,-4.48407081043062,4.03568834941391,6.774,-5.55568075659423,0.0350097518713047,0.679922680042729,8.45449268903961,84.3332733545791,75.7061467778949,18.8473835720136,24.6670937529866,17.5590688877483,166.322639147626,
IRL,2009,-5.09578277913846,-4.44754686876746,12.609,-2.11779729016476,0.0915023602932232,0.716957702016136,22.827608853053,93.5561576841509,80.0353171905146,15.4466127449814,20.3036687538517,20.3886883645208,169.252292209815,
IRL,2010,1.68297175486512,-0.918388645376774,14.534,1.04615152452603,0.0908103379142397,0.754308990105961,17.0242973051905,103.327078355769,86.7531944309513,17.2397475680397,17.2913563758605,19.5087690708651,133.426753126152,
IRL,2011,1.60886648916944,2.5489783020855,15.354,1.173984139213,0.0662966810348536,0.718413898653317,9.83474085171317,102.41088550995,83.8939936690886,16.4835128435227,17.1044449032773,20.5975459335631,114.741522540828,
IRL,2012,-0.40502941658977,1.69474116680366,15.451,-3.39701735632397,0.065428748075856,0.778338120416812,25.5993064499855,103.821695189581,86.5339871284032,16.7120290255243,19.8882110372842,19.6054663863926,110.636331079402,
IRL,2013,2.1929375750029,0.515099484900573,13.735,2.39991550786299,0.0589515812660451,0.752945122701996,29.8612971089447,109.746480737327,89.996105487119,21.9063712262393,18.3655706866444,19.0761287551304,102.404683746299,
IRL,2014,9.38579335130922,0.190916398713745,11.858,2.07694324359567,0.0548274421112753,0.752728196932603,39.3649751606697,115.097265448513,96.0843365535719,25.5445661555089,21.9360604785157,19.58634485518,78.3674079003117,
IRL,2015,24.6239856364006,-0.330959783371788,9.908,6.1720383024774,0.0591543232482175,0.901296423367096,74.8169261487244,126.687521960845,97.0154163297974,32.6372406813254,26.0839383373545,34.8913217286457,51.2657972598874,
IRL,2016,1.22271661130947,0.0201247735963237,8.374,-1.19161269456651,0.0900983466009516,0.903421436257263,26.1253590357369,129.178433843871,110.530093954898,34.7454515904185,35.6293704495612,32.6267738894039,47.386841437796,
IRL,2017,10.1088576065965,0.362173038229378,6.713,1.64860491292148,0.0984148401171072,0.885205508269372,20.4170966260237,128.496270792904,104.807812553807,34.8779583640404,34.0348773847935,32.1593567756814,42.6227340344542,
IRL,2018,7.68865937437435,0.471130713712916,5.741,4.53318492198398,0.106993521866996,0.846772667108111,20.3601504375203,125.968715436882,96.4850005635176,32.7375980383076,28.1743871487953,32.7799541366431,39.7179106627463,
IRL,2019,4.97288003766816,0.937842961189274,4.95,-20.557569947865,0.0930155058216941,0.893276257067409,7.67467578422042,131.224509342169,126.428263568252,33.5681408530077,53.7020817171995,31.9303074064122,36.0552722551197,
IRL,2020,7.15369505735335,-0.326183651280033,5.623,-6.72117635432937,0.119225876816759,0.875506396987998,8.0934578228257,139.811889906845,118.968547119407,34.5952821429576,42.5912041670915,33.6151990544761,32.3402464273232,
IRL,2021,16.2581881158197,2.34034113447044,6.357,12.2773633997729,0.198183800796114,0.84549413889045,14.6537815105934,136.397670222851,94.6346806407347,34.9476573003206,23.031901720559,34.3142984743754,26.4830620089049,
IRL,2022,7.51113888415304,7.82945736434105,4.465,8.83145214804832,0.179938644225764,0.949623753156941,-6.48790793588936,139.505980538698,98.24943902068,32.1543838012125,22.8840856405086,37.0980377487837,25.4419666716094,
IRL,2023,-2.53637409313261,6.29942487419125,4.243,7.88616983666686,0.157776650228187,0.924839558470698,-24.6702589530642,136.52636667411,103.123260911001,34.1130399976588,26.6582803909323,29.804552619598,25.2225553670442,
IRL,2024,2.59946721553708,2.11344999577317,4.3,17.3995604849009,0.1406788790813,0.923889546117607,0.791076186083952,143.984601661031,102.18527319637,34.8617497487066,18.2483791335529,29.5649973541217,23.7845375555383,
ITA,1990,1.98577491758405,6.456609061464,,-1.38838935215218,4.27123889030245,1198.10166666667,0.544008814945352,18.2174499918647,18.020777681444,21.6461272601053,23.1619903483889,20.2220782871819,,
ITA,1991,1.53844759206665,6.24999929790291,10.097,-1.94553731555977,3.43948602564288,1240.61333333333,0.192407628781535,16.9968351087223,16.8036988468653,20.8015849004095,22.7927997758163,19.2849530810774,,
ITA,1992,0.834275417393798,5.2705899859293,9.321,-2.21274668808672,2.11330369139293,1232.40583333333,0.235681738352231,17.4389965997097,17.3944310239602,19.8063528197885,22.1446366084139,18.7600199301472,,
ITA,1993,-0.852805731913904,4.62673468331298,10.212,0.724434293633528,2.7425408738937,1573.66586666667,0.350277871082829,20.352188422684,17.3202135397634,20.5261623135548,19.5826008577128,18.5802801407068,,
ITA,1994,2.15102367074849,4.05184218065716,11.086,1.1980637161955,2.77639354953628,1612.44498333333,0.200458861133579,21.8207959673733,18.5412066407533,20.6185728774588,19.5160307409463,18.8606504667096,,
ITA,1995,2.88683671925843,5.23542258044301,11.661,2.13154267228955,2.47167606458503,1628.93315833333,0.41141570812074,24.6157552051653,20.9637474585342,22.6323328336006,20.5784047565276,19.1851378401001,,
ITA,1996,1.34558477192847,4.0069766898104,11.864,3.04033411855202,2.77599493986737,1542.94696666667,0.269927027891048,23.662303838318,19.1397452090937,22.83884317832,19.8311918143473,18.8433564108227,,
ITA,1997,1.92572122608527,2.04310779750136,11.985,2.59252960256439,2.89945290629088,1703.09690833333,0.296168797044085,24.0894916918366,20.3876735060337,22.926029068314,20.0130655736926,18.6273641401322,,
ITA,1998,1.8043732818638,1.95508557719381,12.117,1.57984290749103,1.96328392334969,1736.20738333333,0.207433276751061,24.0123257096913,20.9855485636537,22.1243591489048,20.2331937912659,18.5398588643678,,
ITA,1999,1.67799157943422,1.66345995007714,11.681,0.79555262294696,1.66029825355276,0.938283072395283,0.553126854699131,23.1534516122759,21.3763886144254,21.5009932369211,20.7048925408414,17.9766594989579,,
ITA,2000,3.88209885062652,2.53768532095002,10.834,-0.270230356072508,1.6849004371093,1.08270508132602,1.14581409094162,25.5611956255751,24.7135355199888,21.0495051872142,21.3236101039876,17.6729403519213,,
ITA,2001,2.00643329837733,2.78516542713554,9.599,0.15478537448926,1.65176855457487,1.11653308564462,1.26941636801649,25.5610801918444,24.3021921285051,21.4583867993019,21.3054469235642,17.1970447411482,60.1430295695027,
ITA,2002,0.26992966378873,2.46532319171165,9.211,-0.489738960441859,1.8493382529832,1.05755899623965,1.34499006490549,24.3126948188163,23.5586238603378,21.5493681800537,22.0519500121835,16.8295128748527,61.8212741982326,
ITA,2003,0.0665538088732092,2.6725555277285,8.869,-0.766212290849885,1.76095372690988,0.88404792718493,1.23649728851371,23.2240496903642,22.7700362873432,20.8027724624173,21.5802501954429,16.1342045725768,65.1142715448061,
ITA,2004,1.4740217064723,2.20673661423657,7.866,-0.4953081424742,1.50381363654988,0.803921647747618,1.10881762156492,23.9268409466402,23.3395514425368,21.1572675169173,21.6420048852847,15.8737994184263,67.4938632024209,
ITA,2005,0.762410677306491,1.9852929852798,7.73,-0.896244191801554,1.46362644621098,0.803800192161442,1.9711754818286,24.5118533579183,24.6103208709435,20.6393820536421,21.5260216463093,15.5229654911425,70.5936221522486,
ITA,2006,1.79947992234244,2.09084391012754,6.777,-1.44603855867144,1.46176849722104,0.796432730949102,2.91006549515942,26.0530628243151,26.8704801353861,20.8965123619071,22.3603695757618,15.572836404605,75.4232323557397,
ITA,2007,1.46229205289291,1.82974112202403,6.076,-1.35566295251184,1.53863215341428,0.729672399984083,2.9684958153757,27.2450545395013,27.5829870177519,21.2549511191841,22.6200727686655,15.9581664960139,81.4531164394226,
ITA,2008,-1.02313851177097,3.34783258401022,6.723,-2.68669173430211,1.58528483973065,0.679922680042729,-0.393031898243063,26.7427615964483,27.4714932992188,19.3258482926466,22.0387757321995,15.4805310981416,83.3822670885069,
ITA,2009,-5.30515401233991,0.774768131387381,7.749,-1.77411764067094,2.63330930516297,0.716957702016136,0.751632233908177,22.2771595955525,22.8643169766079,17.8866725727368,19.7023773902113,13.6576018738131,87.1861669932861,
ITA,2010,1.52910573247101,1.52551602118248,8.363,-3.24412215335914,2.88465099035513,0.754308990105961,0.462974196548407,24.9186514223879,26.743460391446,17.5631647113545,20.7969716146664,14.1630798629891,92.6676294931465,
ITA,2011,0.695463154440176,2.78063272879323,8.359,-2.74163808728921,2.74225090481278,0.718413898653317,1.49396922230512,26.5629866543354,27.9092282905933,17.9410944726436,20.6773631014391,14.1319079197052,93.5718818734975,
ITA,2012,-3.12523877282996,3.04136333226775,10.655,-0.215238993496647,3.3850908144645,0.778338120416812,0.00166359418160293,27.9851870768453,26.8993081933752,17.765776868457,17.9698064515339,13.7582342074538,93.2686875516145,
ITA,2013,-1.81802510749792,1.21999342274306,12.149,1.03825599780866,2.74018638415512,0.752945122701996,0.907076904789878,28.177442406394,25.8567422253559,18.0406950985891,17.0062223799047,13.7593478951288,90.3656642019387,
ITA,2014,-0.00138761730454462,0.241047429826756,12.683,1.70979552518119,2.6549060080315,0.752728196932603,0.783743281747353,28.6224027363532,25.83212719685,18.826407973646,17.0766736026264,13.8362218969996,88.187471051349,
ITA,2015,0.885667635240807,0.0387903996579733,11.896,1.23326652485505,2.81186210930515,0.901296423367096,0.720886367724088,29.144111052532,26.2915747622901,18.5209663730829,17.2813174853484,14.2623447666015,86.9158529570859,
ITA,2016,1.23622108511661,-0.09401665691575,11.688,2.46140246001819,2.95161465733509,0.903421436257263,1.35957350873308,28.7987488919157,25.6333978099156,20.1787269725474,17.7118639941996,14.6638600182643,84.4917347012215,
ITA,2017,1.60369995294101,1.22653316645812,11.211,2.47968309636806,2.96040647794608,0.885205508269372,0.44334154868577,30.1398859152774,27.4431081122137,20.6110559036563,18.1694222906025,14.8167748451842,80.4167170633531,
ITA,2018,0.826646712344115,1.13748763600391,10.538,2.57144669559437,2.70264013178548,0.846772667108111,2.10769610409512,30.8135072735991,28.4614762392164,21.1865535291719,18.6608716078644,14.9480712750382,76.4482228153834,
ITA,2019,0.429162533780342,0.611246943765304,9.884,3.23388196417885,3.26808302594308,0.893276257067409,1.77066894209208,30.9498739181942,27.7443163412796,21.501623631916,18.3641315277239,14.8032822287955,73.4404069738438,
ITA,2020,-8.86822122185345,-0.13770757391651,9.192,3.9369545603398,4.64748456144849,0.875506396987998,-0.893869914296462,28.7258551870199,25.2136287172564,21.7029376275104,17.8986868297166,14.477256120151,82.6528242104143,
ITA,2021,8.93106210800055,1.87378325762481,9.497,2.03966459401319,3.87214393939667,0.84549413889045,1.20474315612308,31.1716088630092,29.1303687572707,24.0053926143084,22.0011382315208,15.365300568128,76.0051221503914,
ITA,2022,4.82117669913565,8.20128991161718,8.069,-1.83039811478156,3.12711285915883,0.949623753156941,2.94181405797187,35.0991400412578,36.9173622620119,22.7835551869584,24.5977298322393,15.3822538780623,69.5868608578087,
ITA,2023,0.922796543670316,5.62219442195901,7.627,0.251900586596722,3.37671973284633,0.924839558470698,1.81363348239025,33.3293695692309,31.7734723749599,23.2978817401027,23.0712585224817,15.4675191310732,63.1228344360625,
ITA,2024,0.783039135276795,0.982373023061417,6.5,1.09768567168063,4.01757094227997,0.923889546117607,1.19623307999136,32.3350686402627,30.2575458513031,23.3176124640431,22.2691077219978,15.0837463156744,60.3040047752275,
JPN,1990,4.89271306574565,3.0785162869516,,,,144.7925,0.0555192809094436,9.84282326180712,9.09411172156038,,37.5337823369797,,183.131254703793,6.8522407852742
JPN,1991,3.41749676183089,3.25143848753308,2.059,,,134.706666666667,0.0344780552077122,9.41785122890222,7.97533003082628,,37.0380221923801,,182.807241098565,5.54868699680879
JPN,1992,0.848069581218368,1.7602830605927,2.158,,,126.651333333333,0.067796381702575,9.32198041178664,7.34510865017067,,35.0490173492627,,186.447378576269,3.29045898544087
JPN,1993,-0.517919847117952,1.24304589707924,2.539,,,111.197785833333,0.00454260820557084,8.73007389886112,6.66898790711991,,33.7182431303004,,189.810312869705,4.41934542095333
JPN,1994,0.99306636322622,0.695458057869004,2.89,,,102.207805833333,0.0174054353433518,8.65751499352758,6.82672030924995,,32.2754526715958,23.3942735622229,191.553133358291,4.18713198933369
JPN,1995,2.34205546196849,-0.127899045020446,3.15,,,94.0595791666667,0.000735206472187326,8.66938554832833,7.44728380781174,,32.3064823346841,23.5351858526661,190.332712994983,4.07282908116519
JPN,1996,3.07546731409349,0.136600358575909,3.383,1.37399041718279,5.41194184014078,108.779056666667,-0.000760809329974611,9.13384321818787,8.76359482919126,34.9028066172581,33.5297409744175,23.4553928863758,189.725204443054,3.8039488483568
JPN,1997,1.36297109407448,1.74780458692133,3.374,2.08428927046609,5.67928011600088,120.9908625,0.0543024907216003,10.18568815896,9.22057606425274,34.711887285779,32.6522192813797,23.2960749076269,202.643347425556,5.81007844267697
JPN,1998,-1.77264091037956,0.661974191385911,4.078,2.76325572295153,6.60815287311937,130.905300666667,0.0605254118559516,10.2438413853018,8.5212698599679,33.437724649378,30.708682431935,22.6971824245726,211.895476565606,3.13639065679036
JPN,1999,-0.347600398675738,-0.341296928327554,4.677,2.43392694084621,8.24784981843094,113.906805,0.315217790582754,9.69470355290166,8.22604679847918,31.674563296157,29.2508562421282,22.0358239012363,215.299459602765,2.8022420246442
JPN,2000,2.97832688768516,-0.676578683595175,4.748,2.59184009101983,8.79520531144648,107.765498333333,0.211966659175493,10.3098888690138,8.96530478392506,32.226897643242,29.6518295721637,22.1763071711397,205.749576550972,1.3355646309312
JPN,2001,0.284608556379041,-0.740055504162738,5.02,1.94241825757612,10.694240054348,121.5289475,0.110976878146313,9.9313252815504,9.34590509890227,30.9468310340449,29.0072549095213,21.1341691111698,177.60004048631,-17.2393876963163
JPN,2002,0.0849888050363319,-0.923494026942321,5.386,2.56388731159672,13.0738264108092,125.388019166667,0.272197790665394,10.6941179299116,9.44913022539082,29.7659095325359,27.1990800742612,20.5834886703527,175.273915326861,0.923447004818944
JPN,2003,1.38010935830795,-0.256541816316025,5.251,3.047625783072,17.0649282535659,115.933464166667,0.191794076237143,11.3307927134025,9.74421919693225,29.8104602122409,26.7915010567475,20.7289803810477,175.44585013008,0.540504186193794
JPN,2004,2.11294823723127,-0.00857338820310272,4.734,3.68297677752484,17.9567856611529,108.192569166667,0.152341816004989,12.6608085791759,10.7716099665173,30.3046804780382,26.6630018549135,20.9682846642218,169.100287467634,0.621880971246173
JPN,2005,1.8482813374834,-0.282946068764391,4.446,3.48923328988267,15.8351701910594,110.218211666667,0.111977275601545,13.6893610021266,12.3015669207116,30.435900399459,27.0047258465622,21.0747523378016,169.163944224739,0.213876313762708
JPN,2006,1.54630843078741,0.249355116079085,4.192,3.7579723483952,15.0181261034339,116.299311666667,-0.0515679721801721,15.4991989877277,14.2156739417573,30.7861914859199,27.0851292904104,21.1496838498907,167.236285670945,-0.71340541685522
JPN,2007,1.72837912865577,0.060039454498669,3.888,4.57839452711194,15.0050233221166,117.753529166667,0.467735072888992,17.1190869291448,15.3766330971291,31.3337221106681,26.8035156474517,21.7466002143705,161.085063089099,0.672846842102966
JPN,2008,-1.16662209355141,1.3800788616492,4.002,2.75407955979761,13.3310524110076,103.359493968254,0.477207449449493,17.0550818459886,16.7187207629284,29.7016885393561,26.957915866231,21.2913565701219,159.059175176627,0.859827138738371
JPN,2009,-5.9359411383964,-1.35283672951719,5.068,2.72970030740046,18.3847316266499,93.5700890870456,0.229098901311457,12.3084729966275,11.8645663053454,26.3633389932188,23.6595838247106,19.0562872563114,166.282155800094,2.10540872769038
JPN,2010,4.13645589222239,-0.728243207517779,5.102,3.80082624691884,15.8070134520484,87.779875,0.128037155210339,14.7827379015469,13.4572771845197,27.3250376618032,23.5722339532159,20.8748350451523,158.187641186844,1.80296678517956
JPN,2011,-0.20035785332982,-0.27245561610124,4.55,2.06383124200042,15.2333155611711,79.8070198321892,-0.0135476953217396,14.6645262221087,15.3068591337385,26.4765417956248,24.451572608163,19.681527391438,157.598125880489,2.91871687410843
JPN,2012,1.64893452981225,-0.0440645104432602,4.358,0.949145258884222,14.2347343263613,79.7904554170065,0.00863561136941304,14.2739154583775,15.9003840894255,25.8689648374274,24.9867673070268,19.7322355919965,157.756791908458,2.18022060742254
JPN,2013,1.99727653399265,0.335037912184741,4.038,0.879664701194644,14.971877035387,97.5956582776385,0.201969683435447,15.6037090812555,17.9876603648252,26.1985175657253,25.3731148940256,19.1807146120723,160.852179939377,3.55325057477692
JPN,2014,0.905915486065865,2.75922671353253,3.589,0.72910539728354,14.2124232003685,105.944781034025,0.396173028620197,17.1078627742157,19.6564622476125,27.0705807856305,26.3479533735846,19.4077759157435,160.379549562716,2.86309798968837
JPN,2015,1.79997735783475,0.795279630579839,3.385,3.00967361767901,16.8028215906603,121.044025684011,0.115829519336403,17.0921099786159,17.6355206100133,29.5062296371995,26.5521482720668,20.0740179719411,159.181728459752,2.99485194460402
JPN,2016,0.704986495111257,-0.127258844489754,3.132,3.85588282294837,16.968973864069,108.792900046834,0.801395644123668,15.7223961123124,14.933883194543,30.0504260277434,26.2400385919687,20.02776765534,160.034919112629,3.85264245657811
JPN,2017,1.62345062245441,0.484199796126385,2.822,4.03254042163651,16.273309373505,112.166141081871,0.37319148031924,17.2158253394418,16.4730083398364,30.6225132962492,26.6345672327421,20.1439342864069,165.066755851422,3.48679482913745
JPN,2018,0.834143845965585,0.989094598021848,2.467,3.43924007536728,14.689130719455,110.42317934106,0.490646618599307,17.9111434788682,17.8924314793812,30.5434682630387,27.1363524954164,20.3304380979824,164.337775310176,2.32259329464308
JPN,2019,-0.308496921143259,0.46877615938395,2.351,3.36672218972423,15.4233523008405,109.009665900863,0.761769170240795,17.0377974181499,17.320499861849,30.6240011045675,27.3243645927693,20.0537040210689,172.484602282465,2.06668456825313
JPN,2020,-4.28327942675573,-0.024995834027731,2.809,2.8911777788158,18.5186166099083,106.774582262437,1.20605775501323,15.1286902986314,15.3905323905959,29.732609381488,26.8864795052794,19.7836247262101,190.118294582821,7.35689680384515
JPN,2021,3.56419531474475,-0.233352779398264,2.808,3.76057343034324,16.0722158274857,109.754323839417,0.67025659122188,17.4619853799579,17.963407354096,31.013077665037,27.3251613407145,19.6763666364,188.29266863888,2.94448247498499
JPN,2022,1.33164750653741,2.49770278172255,2.614,2.0281112293848,12.3368757899621,131.498140443764,1.08260095152642,20.647867347033,24.212763673007,30.2224047860993,28.3107762241995,18.8237454364041,186.792764445788,2.27007776448937
JPN,2023,0.720785304749811,3.26813365933163,2.6,3.61127531871255,13.5201465788884,140.49110006234,0.456297698647986,21.0593101343597,22.5357732459138,31.3839931639213,27.7841122147677,19.4882904000273,186.110890163352,2.13454290639148
JPN,2024,-0.240084236041696,2.73853681635241,2.5,4.62202410018024,12.9546613262798,151.366291302752,0.450454817292247,21.9799093698461,22.8730294879112,32.0592419328935,27.6791711471936,18.817440470747,187.06798522924,0.0729489283133112
KEN,1990,4.19205097155167,17.78181442992,,-6.148642371178,0.905754364014743,22.9147666666667,0.665873838508099,25.6926059649364,31.3283077167904,18.9917298890955,24.1640928963226,10.0532693972279,18.6565323520756,20.0572811300831
KEN,1991,1.43834679171559,20.0844955754632,2.78,-2.61695502722967,0.62996198854689,27.5078666666667,0.231012730760901,27.0416323240194,28.5560669003459,19.3721867235862,20.9705148585975,10.4125465745463,19.9580725902224,19.5727307777043
KEN,1992,-0.799493958641349,27.3323644475784,2.894,-2.19456227261349,0.377010781285893,32.2168333333333,0.0775129679334538,26.2603741906351,26.6704959131936,15.1245832024251,16.9208390832406,9.30707668407567,22.1524502405053,39.0214305866637
KEN,1993,0.353197256227247,45.9788813036218,2.979,-4.55283291776749,1.01264024619,58.0013333333333,2.53235257436033,38.9036301698042,33.9548511937601,37.1564743790985,17.6104350597216,8.51098288542226,18.496196443499,28.0334398779034
KEN,1994,2.632784517837,28.8143894306731,2.955,-6.28016452471493,1.19428117069984,56.050575,0.10397675056386,37.0402808384151,34.2258443908956,33.7985047656519,19.2932429676681,9.0239592597691,19.8341558860689,23.177872414758
KEN,1995,4.40621652482287,1.55432816055009,2.848,-17.4462157792244,0.744332521017326,51.4298333333333,0.467474589272783,32.5917012190029,39.1540404213006,23.8178773567093,21.8197611034428,8.36344720268473,25.8141177808766,29.0004780909347
KEN,1996,4.14683926876013,8.86408741577522,2.773,-7.97941568440555,1.58899816171393,57.1148666666667,0.902159604566332,25.2006019494243,32.1115087543859,16.4807501599884,15.0038226855311,11.8594821496574,21.6816261093782,25.3250564596369
KEN,1997,0.474901921293579,11.3618450505783,2.818,-13.65280225011,1.32211980128449,58.7318416666667,0.473451703489222,22.686387351635,31.3707295086543,16.2707433147666,15.1409881437805,11.5682845804238,24.3551778303105,20.1946630476641
KEN,1998,3.29021372249065,6.72243650753928,2.843,-18.6798241248733,1.08477468835102,60.3667,0.188365603434476,20.1692608275285,28.7279811125469,16.2585841321228,16.6927164077638,10.9299604775788,23.9634167841824,2.93125162562463
KEN,1999,2.30538859522412,5.74200109520484,2.884,-18.3407041847877,1.10704304398421,70.3262166666667,0.402864561234926,20.8327351985075,27.359539790402,18.4864668538879,15.5214148674685,10.144580113851,26.5694419300027,6.48769519649102
KEN,2000,0.599695390807426,9.98002515350979,2.884,-1.5693516563302,2.73411154985088,76.1755416666667,0.872896453431273,21.5875711417625,31.7214732444648,12.8805281481043,17.4140906154511,10.3155807456118,25.7583827680558,4.90789773108046
KEN,2001,3.77990649795343,5.73859814341467,2.876,-2.46632258412886,3.03115422003869,78.563195,0.0408333582871574,22.9315763643367,33.0152596643276,9.77664612450452,18.790340524259,9.77993983656482,25.2226866951229,5.64036301414031
KEN,2002,0.546859530175595,1.96130821739162,2.916,-0.894975876340372,3.16809045543055,78.7491416666667,0.210062364887451,24.8979726147002,30.2746996493051,8.53309722445123,15.1382158893462,9.82360946248357,25.8546018348267,9.88881025957129
KEN,2003,2.93247554570904,9.81569062979654,2.869,0.888450320310784,4.03534915529281,75.9355694444445,0.548412532071825,24.086815305421,30.045450590308,9.47474195198718,16.4821493891933,9.70902523630876,25.1556752227903,11.7872992352311
KEN,2004,5.10429977629738,11.6240355442426,2.844,-0.818703017571569,3.33882804802791,79.1738760642135,0.286194263505208,26.6102585752973,32.8667447731316,11.9613434661777,16.962495556485,10.0007925739742,27.2875160327278,13.4716639858768
KEN,2005,5.90666607980057,10.3127783574683,2.739,-1.34655849731384,3.11957154190373,75.5541094514311,0.113202068934601,28.5090302142012,35.9698359497784,13.8726962817281,17.6496847904784,10.5360857511169,26.2768754700489,9.90837157352701
KEN,2006,6.47249430015484,14.4537342081708,2.673,-1.97646990538246,3.47614201270206,72.1008350178622,0.196219632064752,22.9849396441861,32.2515454815442,16.0612413995244,18.633585404403,12.6893553901337,22.8883109960388,16.9719063758045
KEN,2007,6.85072976998784,9.75888023027529,2.642,-3.2293696026957,3.88514278671834,67.3176381242857,2.28124317373484,21.9189912933699,31.975797511236,16.6618972383954,20.4569783889085,12.7904398588978,23.0449642815856,20.4230451768644
KEN,2008,0.232282744812977,26.2398166445063,2.751,-5.52329630288282,2.7031114252704,69.175319816226,0.266291327300955,22.6740575532267,34.9045410940864,15.4048565842415,19.6127114227698,12.0957706183263,25.380611749054,15.5488382042457
KEN,2009,3.30693981631089,9.23412592394652,2.816,-3.98728888063669,4.01198426826367,77.352012297579,0.274534230856511,18.7749454916013,27.1702463211792,6.62268197274373,19.0191724248254,11.4929531371255,21.8748215770177,16.457322945514
KEN,2010,8.05847360290906,3.96138889115385,2.793,-5.21669389712653,3.75096597496823,79.2331517045454,0.392164287395035,20.1243596478793,30.2699277024041,7.11665680427359,21.2639987992095,11.160375024669,23.9866365463318,22.3616746976769
KEN,2011,5.1211061197056,14.0224913014704,2.699,-8.14880935200664,3.05887618096077,88.8107699710456,3.09471103381268,21.5494770708279,36.8527289037346,6.53205851265225,21.8858122759467,12.0477672867887,27.3659528452877,19.1520541858486
KEN,2012,4.56867961444982,9.37777003547598,2.678,-7.47587166159349,3.68947261189703,84.5296017573529,2.44725940988928,19.8649477228834,31.7587443003647,6.49889129010676,22.1933629258823,11.0833402731294,26.4022341140294,14.3923227362879
KEN,2013,3.7978483925754,5.71749357037733,2.762,-7.85152228564967,4.11793739565398,86.1228788982654,1.81417037253291,17.7921805531655,29.6724619595649,5.01426839331008,22.4049681039862,10.9090166252394,28.3321722043471,15.2783251317678
KEN,2014,5.02011100232484,6.87815499275949,2.767,-9.34004850596924,4.36592170439432,87.9221638089727,1.20220842439576,16.4728044658123,29.6976848964037,6.06795791645729,24.9507189987733,10.0650334327975,34.5220651778387,26.5212626467094
KEN,2015,4.96772112759767,6.58215429284779,2.762,-6.30459656347733,4.85820155529876,98.1784533265271,0.883799936312692,15.1287339034504,25.1986507884515,6.80449872514188,22.1033982020293,9.97517981812866,36.6993293508397,16.0698098990173
KEN,2016,4.21351706814744,6.29724953814625,2.757,-5.3970086381703,5.24445206958815,101.504369498594,0.627591266355583,13.2497448006759,21.6152747725065,13.9553980025319,19.3484358309332,9.32149110147083,35.5710732134397,3.89041034386153
KEN,2017,3.83795817364721,8.00564967709945,3.542,-6.99683322084959,4.22919808384001,103.410004519014,1.64083690398642,12.7366599413725,23.2583979340349,13.2768660562061,20.6634949022773,8.7391417305051,33.1505993031106,9.00832756301999
KEN,2018,5.64794640709219,4.6898064677633,4.284,-5.41106679141752,4.50003970094331,101.301574049018,0.832686217791619,12.541975333359,21.8727778433835,14.4681608692238,19.3759862497025,8.40838529183248,31.1986897673001,10.1229810507049
KEN,2019,5.11415885767801,5.23963795764792,5.014,-5.23852935907811,4.9206748709835,101.99129838935,0.468168547481475,11.4279956869332,20.3314661545478,14.0714799860866,19.3418324204191,7.90461593672111,30.8320287701597,6.01749758930089
KEN,2020,-0.272766327438816,5.40516207933392,5.613,-3.2691100706529,5.00168160921731,106.450780158517,-0.00536845439351621,11.4410451821593,18.9580936008817,15.3309031638024,19.6515841707054,7.59983835849882,32.1498074208935,13.2732844936515
KEN,2021,7.59048947333467,6.10793603659176,5.693,-4.59900811539261,4.42483155112942,109.637746592367,0.382593996518954,13.1097382018218,21.8923095777051,16.5405562091603,20.3912447822361,7.36330136314107,31.1231240199267,6.21881571634949
KEN,2022,4.85998104287999,7.65986268272224,5.565,-4.19995258299621,3.2163509377815,117.865989201682,0.691645983068062,15.9570283629469,24.3182954744092,16.2601617681051,19.0540638513609,7.74068726212304,31.2584163915549,7.52712261006402
KEN,2023,5.71999241214208,7.67139634029402,5.409,-2.54552534327702,3.13876976697341,139.846383759617,0.472521238226254,16.7133442998721,24.2204234378835,15.9602299061607,16.5707504717762,7.48743648398488,31.7980848696513,19.8736767831777
KEN,2024,4.66019594571891,4.48978854243448,5.487,-1.28724447407872,4.02886150176484,134.822483279332,0.384924569449646,16.8549548908518,23.151298075842,15.5666826065985,16.4818345156985,7.29301063096746,,1.00930817517245
KOR,1990,10.0248996213899,8.57327225728677,,-0.960131298063108,2.32180625211208,707.765833333333,0.358003453838808,24.1685799511012,25.021793543306,39.5635527605284,40.1529466515345,25.2385195677477,49.2618253555903,17.1741698553492
KOR,1991,10.8749739277708,9.33279048161495,2.407,-2.35688840135155,1.83932275079553,733.329166666667,0.426930229868274,22.9875474516622,25.3023124446672,39.5133002441543,41.6650097673713,25.4982599556978,48.8550592503187,21.8874213149947
KOR,1992,6.35159199606441,6.21328146355184,2.513,-0.79068728488668,2.25508362112236,780.670833333333,0.272974074363194,23.2612780314303,23.9455462170792,38.5936448396194,39.1134328128938,24.788208523049,47.3970228748062,14.9415254257527
KOR,1993,6.99471791742556,4.80099660215354,2.878,0.416090198515083,2.53421136398603,802.538333333333,0.205148908372788,22.8587756465728,22.5628424328369,38.5750825592434,38.0802818259482,25.0187472477935,47.1889261957243,16.5807350400535
KOR,1994,9.3718357757101,6.26585950039679,2.476,-1.00035102707401,2.61642803792074,803.771666666667,0.237195989855495,23.5069868149485,24.234837398564,38.1292006889204,38.9077981467888,25.7348766196896,47.7351228556304,18.6773909254307
KOR,1995,9.7358937505409,4.48074108557248,2.063,-1.74482962406712,2.49162519314958,771.254166666667,0.424212416592601,25.0908528792617,26.305880906377,37.8646842551745,39.3437583690468,26.3109230670225,46.9730560646246,15.5931841953706
KOR,1996,7.99042982526839,4.92454354292754,2.048,-3.87535195507046,2.30980927061515,804.4575,0.440845029462251,24.1509711908027,27.4624809263436,36.0579363575205,39.7079062029067,25.2213607621112,50.146287165566,15.8277442341608
KOR,1997,6.2821926537929,4.4389318457463,2.608,-1.83493782106041,1.39905230868822,949.89,0.560265757859919,27.4728903732725,28.4220573700005,35.9818858635509,37.3821324455577,25.1340048742021,54.8017848286001,14.1437236837087
KOR,1998,-4.9389297463141,7.51358008079307,6.963,10.0964211010999,5.14613795652844,1403.18333333333,1.50748602088878,38.2368909900718,28.0920941207489,37.881733500966,28.1282300284005,25.772427476293,59.6086940982268,27.0261851359618
KOR,1999,11.6172629559591,0.81295725444637,6.342,4.22430160551507,6.02012281185595,1189.43916666667,2.07996136312975,31.5122613381554,26.3825965514828,35.6258526449506,31.2530573623569,25.7907711248957,64.4881255675337,27.3766401341697
KOR,2000,9.2018583880479,2.25916580080157,4.063,1.7039361599544,5.81220374170108,1130.3625,1.92630076608706,32.8643016483147,31.1945139245909,34.1523016364387,33.0175871343191,26.591050957139,69.1866723612269,25.4257746478018
KOR,2001,4.72593560322356,4.06657587897792,3.699,0.381489475071825,6.81867907289459,1290.79,1.14917273381718,30.8628730280238,29.5648656361455,32.3069789406776,31.8665946248999,25.1376270244517,99.6082410940777,85.2030807974552
KOR,2002,7.74399895319569,2.76226210296599,3.046,0.625539996245813,7.55038951610631,1251.6025,0.842304427693724,28.869081069037,27.7997957269903,31.7224565569361,31.3062897445161,24.7767716060025,108.70538205029,13.9998911970542
KOR,2003,3.07472661826947,3.51487451459939,3.348,1.55223664563709,8.33289295687719,1191.64583333333,0.962229414316563,30.4447497818826,28.9795447722905,33.0859200866618,32.3968627960539,24.4315182881075,107.180625832699,2.98069024193587
KOR,2004,5.1836368597334,3.59066298882578,3.42,3.55783305096389,8.54332338799098,1146.24916666667,1.61486572889407,35.6099304973786,32.317133377729,35.5253578218517,32.6846860376336,26.4144323811178,101.992541192444,6.30831998688382
KOR,2005,4.35823667337156,2.75379162735039,3.482,1.25636444462509,7.61490774363077,1024.32833333333,1.403996477148,34.1271966602876,32.0423181639821,33.8405960110945,32.7143604319037,26.0918099370413,106.121988835135,6.98905937684345
KOR,2006,5.24500550580342,2.24234028518921,3.254,0.191275272898578,7.27710997239579,955.340833333333,0.836569086676283,34.4457182771661,33.9292326630601,32.8912214742854,33.0040207975187,25.7222784544775,117.535674488688,12.5129608596578
KOR,2007,5.8419633918717,2.53457382137932,3.013,0.857760495298849,6.85652160718251,929.375833333333,0.722975995794071,36.0414909532161,35.2824705455852,33.4309889399337,33.2491377792946,25.9241510203287,124.027715958864,10.8199645314506
KOR,2008,3.00440451679569,4.67389655533408,2.959,0.160592800145373,4.46436257694186,1100.12583333333,1.02488987542862,45.8471508377288,46.2362036584532,33.2480829152876,33.7038348910437,26.0793572324032,136.196660706156,11.9562036963622
KOR,2009,0.81986175641795,2.7564965449393,3.363,3.36575830090763,7.80292095600634,1277.24583333333,0.917731561520283,43.5106195264818,39.6139903792344,33.13093501319,29.5580079908835,26.3042343079035,132.599106034348,9.88594854042114
KOR,2010,6.98166138853071,2.93928652655686,3.324,2.34320897623578,6.5467233974824,1156.46,0.796207328344812,45.2718606886955,42.7560070236169,34.9926210564103,32.7792421992313,28.0990056835275,124.679568065827,5.97887647571808
KOR,2011,3.6880320602952,4.0259650043609,2.992,1.27290610804572,5.39203401880799,1108.23333333333,0.747683727442323,51.2813207677942,50.3992956943359,34.3761288710455,33.2613430738444,29.0005575131874,127.08181388669,5.4758619616047
KOR,2012,2.54766550568242,2.18707104433314,2.812,3.65378622367594,5.76906053221769,1126.80666666667,0.711120351080011,52.0235312085188,49.4937408705314,34.336867195596,31.2149587741292,28.7408682052811,125.135860183943,4.8064654842376
KOR,2013,3.2913959543442,1.30134754547413,3.067,5.38513504027402,6.19845985710316,1094.9825,0.889863368558993,49.2338591040691,44.9336644815181,34.5161248108137,29.8990183063853,28.8654766941182,122.756788077341,4.63889133228525
KOR,2014,3.21468019683108,1.27477446401322,3.082,5.33522703805369,6.54230372996404,1052.84,0.595893048504325,45.7876203673052,41.1466374298986,34.5717402109559,29.7893883422049,28.2760755546832,125.488630227146,8.14449306578048
KOR,2015,2.92029267301234,0.70633177245575,3.546,6.82937629347486,7.9205453756485,1130.9525,0.266636382581676,40.9681314540182,34.4200460024725,35.8343334005639,29.3122032932439,27.8215922094514,125.858810840683,8.19074818640474
KOR,2016,3.17152748983935,0.971685739912168,3.65,6.20103649558332,8.38848501351327,1160.7675,0.766507046338007,38.1129875583911,31.7867345733008,36.2906518682135,29.9823963274728,27.5129940831191,128.040688171137,7.1231560157317
KOR,2017,3.433191763972,1.94433230786366,3.653,4.39896168114518,7.55831770286656,1131.00083333333,1.04741749331971,38.8488899920532,34.3432508343484,36.4505350479154,31.9652912711332,28.0322405682167,129.53913562367,5.10474089994852
KOR,2018,3.17611568177327,1.47583935002645,3.824,4.24648147146115,7.12215104071275,1100.16333333333,0.66781363782051,39.4523497931837,35.2551664208987,35.3783014506542,31.2486531343572,27.7672237489814,133.504139589217,6.71877383152575
KOR,2019,2.31380210595475,0.383000303608136,3.746,3.40802631398853,7.71289239419086,1165.3575,0.550202642546341,37.0413266370488,34.4057366033023,34.2941170155552,31.1955884616555,26.370175590513,142.652478447088,7.89698535417928
KOR,2020,-0.700242317542106,0.537288023411737,3.931,4.38648608581777,9.35214589379262,1180.26583333333,0.502554290313687,34.6152001987888,30.9297576618322,35.7761638265864,31.5248657192138,25.7002433607737,154.747902042613,9.82376218361547
KOR,2021,4.61296795454287,2.49833333333339,3.639,4.31851487245382,7.50434101810614,1143.95166666667,1.13577953855347,39.3388192669479,35.9674854941434,36.6043931161577,32.4929253527445,26.2480856022754,159.926120236306,12.9335375506965
KOR,2022,2.72756456708991,5.08951365062842,2.857,1.29147917850335,5.90124848137764,1291.44666666667,1.39186469730544,45.294860984133,45.2902865437219,34.3078343934928,33.3254869272348,26.4977408590265,162.769501736717,4.00000977288601
KOR,2023,1.58301467403629,3.5974562502901,2.675,1.76334472698699,6.31772211606366,1305.6625,1.03221435142435,41.3214807367697,40.9365283348931,33.3597970548711,31.8912200894147,25.4551420827792,163.515631501207,3.8932411347225
KOR,2024,2.00361101838986,2.32174328643542,2.784,5.33081628105267,6.19834331246318,1363.375,0.685857996519477,44.3582383593234,40.2842567598803,35.0305415292226,29.9738499299961,26.6179725157922,160.347182678236,6.55140863593743
LKA,1990,6.39999531084838,21.495252052759,,-3.71364846145228,1.66363036058192,40.0629166666667,0.539742838707762,30.1808045148298,38.0631106580812,23.7004914622853,22.205889665117,13.4027796596475,19.6162954031276,19.8699034108183
LKA,1991,4.59998724404535,12.1856307214389,14.661,-6.60834436461149,2.28521703544917,41.3715,0.537191399720341,28.7410868952181,38.8548254978582,23.6126895634343,22.8701875948381,13.3789895124146,8.82120076810485,21.8717139282149
LKA,1992,4.39999125181939,11.3834370512206,14.22,-4.6445676126182,2.87788046048087,43.829625,1.26379157039996,31.7703740803183,41.03338247708,24.4536902107428,24.2753648746834,13.9544731155489,9.05662817465076,16.8034061463075
LKA,1993,6.90006325149474,11.7467370174946,13.82,-3.69702621240226,4.28036798249495,48.3221675,1.8810822763682,33.8010068759821,43.3465114649745,25.6181385780873,25.557234794271,13.7881954100067,9.83335501886641,23.3064272567731
LKA,1994,5.59991872510166,8.44871248698348,13.03,-6.46387915946705,4.38991323935104,49.4151416666667,1.42019594735505,33.8128837957878,45.617906901244,24.3792730381113,27.0271670431233,13.8981565541441,10.9574085970256,19.6672925694495
LKA,1995,5.5000852341585,7.67484873449805,12.27,-5.90910994846491,3.99592216340848,51.2515891666667,0.42975354803099,35.597629130901,46.0374199577101,20.8315705549209,25.7310878563342,14.0913362345232,31.0668461690517,35.8322124762185
LKA,1996,3.79996720568178,15.9358310447214,11.35,-4.91199982756748,3.67675975169882,55.2714441666667,0.862545735590984,34.9733377770372,43.9006259373438,21.6005400889675,24.2490834860857,14.6751583069488,29.8959938968505,11.2604103349616
LKA,1997,6.40539969571286,9.57369626405162,10.6,-2.61516855545627,3.51430020129963,58.994605,2.84957994822129,36.5381180807663,43.599435228784,22.2026475945407,24.3861426620179,14.8130009704899,29.4419121347184,15.5937224910352
LKA,1998,4.69842304772052,9.36424300683229,9.17,-1.44447657761179,3.39109491163954,64.4501183333333,1.22725240374875,36.2438186772706,42.2511704483166,22.6596648965655,25.1367897004477,14.8338975192193,28.7226150457865,13.2086345683031
LKA,1999,4.30054049813373,4.69170563048438,8.88,-3.57275187551122,2.75679270811809,70.63545,1.12277824473328,35.4837047170656,43.2677736325718,23.3659720189889,27.2905151438158,14.7476000553364,29.2577509374183,13.3895676165501
LKA,2000,6.00003315828934,6.17627591012045,7.74,-6.28823142949348,1.58714434823302,77.0051166666667,1.04207418020439,39.015700886425,49.620740818488,22.0035148311854,28.0392736849136,15.0545149788969,28.8345435404203,12.864804036244
LKA,2001,-1.54540813366026,14.15845579912,7.9,-1.36821186331088,2.17164791078699,89.3830133333334,1.09074720867871,37.3311884768914,43.5674130558662,22.954101782154,22.0040128023487,14.1197766232437,30.7326783184288,13.5921372119646
LKA,2002,3.96467568513113,9.55103167007251,8.76,-1.42925945944237,2.76244828857589,95.662065,1.1882779089504,34.9133301978336,41.4218015848181,21.3112687900827,23.2890507211333,19.114221324559,31.0344654381181,13.3575243836281
LKA,2003,5.9402690780223,6.31463787051174,8.22,-0.374541248460878,3.48962758206167,96.5209508333333,1.21132740876657,34.6535028324228,40.6827444981201,21.6561549503201,22.0204689465055,18.5919313809625,30.7454902363169,15.318795004552
LKA,2004,5.44506127885352,7.57592582995856,8.38,-3.1340311530145,2.79452832970533,101.1944575,1.12667735136244,35.3309027324412,44.1520421686776,22.1188973193084,25.2537615246688,18.7207444277207,32.3863508511647,19.6148133698525
LKA,2005,6.24174804376447,11.6396860971118,7.67,-2.66382240513017,3.14335216125469,100.498051666667,1.11612854301768,32.3368729874893,41.267099970564,24.1626061753552,26.8274555178569,19.5129856628106,33.0761025922139,19.0568024360981
LKA,2006,7.66829190107919,10.0201836057035,6.5,-5.29942775531871,2.75826396952475,103.914445833333,1.6970072277349,30.1285270937972,41.1326513945037,22.6899912886058,27.9799093470538,19.2258769243334,34.6704920581445,17.830628514143
LKA,2007,6.79682611892866,15.8421114924843,5.97,-4.33041626176129,3.11009398828274,110.623233333333,1.8639738781084,29.1149996870361,39.491511973103,23.6266059239629,27.9521433553302,18.4979243789903,34.2395036816845,16.5601342075629
LKA,2008,5.95008814473897,22.5644955300126,5.22,-9.54319542329735,1.85908918664799,108.333762719298,1.84752962305149,24.8414870988205,38.5275565094015,18.0331253116412,27.5523830555003,17.9540941740982,29.5420065164895,8.45751130560778
LKA,2009,3.53891205317842,3.46496322106074,5.85,-0.510385718302903,5.21548674233438,114.944783333333,0.960390452698523,21.328366243783,27.8207752870405,23.9298756150558,24.4338657450541,18.1077341124933,25.7400301594433,18.6100619614446
LKA,2010,8.01596737040464,6.2176488930462,4.784,-1.83339431574737,5.34354431776972,113.064480448821,0.814446067583227,,,,,18.4566842207205,24.6842616568486,15.7935506395363
LKA,2011,8.66948301160571,6.7167684358854,4.118,-6.81209765681019,3.46079601554795,110.565207851396,1.41088360151362,,,,,18.6156868794475,33.7387969525402,49.9832185268453
LKA,2012,8.6321813769906,7.54291373239437,3.88,-5.69099820826854,3.68897815263594,127.60335350681,1.33591734742632,,,,,19.7379423600008,34.0180437825091,17.6277361444479
LKA,2013,4.0517463303875,6.90845034828452,4.186,-3.30046822137757,3.84760389405601,129.069030932888,1.21148000059153,,,,,18.0646306474511,33.539360763445,16.2285338754895
LKA,2014,6.37797889684965,3.1790022823606,4.157,-2.40840557196081,3.92468380375978,130.564685218829,1.08277813405104,,,,,17.1564291875524,34.4936288810274,14.506698090753
LKA,2015,4.20595547501601,3.76836783062096,4.519,-2.21267766608825,3.48457714580902,135.856912797089,0.798746316666859,19.893383820467,27.0245869884029,32.0478996968868,34.2757988099064,16.1769598771991,39.3818504426548,17.0348928652722
LKA,2016,5.05362488993089,3.9588884659307,4.242,-1.97999493165089,2.79773151721733,145.581667492026,1.01937184801285,19.824036042668,26.6475009824081,34.4678183602702,36.4530444585617,16.018659247464,42.4756652877165,16.1861322324137
LKA,2017,6.46068127080994,7.70413767850602,4.046,-2.4467643490753,3.42413053355997,152.446413948767,1.45462805110061,20.2242000359935,26.9162097641559,37.2861370432124,39.7266305229837,14.891296047659,43.8827525642367,17.4045049056201
LKA,2018,2.31008425504933,2.135037737132,4.318,-2.96352841915887,2.81773247932961,162.464858736778,1.70888696252064,21.4462486145463,28.3631481374973,35.1267562183152,38.0567747749453,15.0327786139962,46.6984073264081,11.4104489361823
LKA,2019,-0.220483886824823,3.52839358231811,4.67,-2.07126631647205,3.36492073802705,178.744925045848,0.835367460265196,21.8235309246323,27.6019929606444,32.0348028628545,34.1087160600384,16.160801717524,47.0084929449139,8.32354431836197
LKA,2020,-4.62451503712715,6.15394508391738,5.364,-1.40761495020573,3.28744685628801,185.592557772213,0.514700553944402,15.4576399170356,21.6314789397836,31.3529726731107,32.871123147531,16.2859641029035,,
LKA,2021,4.2074764950026,7.01478071238195,4.981,-3.70866603299245,1.59499450325141,198.764316844656,0.668825708548416,16.9214215897796,24.3074247397182,33.0042961264559,36.7330983743583,17.9651186199509,,
LKA,2022,-7.34919311146656,49.7211021114327,4.528,-1.95359411068218,1.06429793828172,322.632674256475,1.19249322162632,21.5595624612904,25.1230455566456,25.8596702472779,27.2717494237454,19.6510544330762,,
LKA,2023,-2.0289296690344,16.5411742279832,4.528,1.71159541534782,2.38312008892393,327.506533333333,0.848017076796717,20.5995283672112,22.7481397523022,26.036419289993,24.2731934318829,17.9723933987226,,
LKA,2024,4.99241614398109,-0.42936004906973,4.239,1.21048332599166,2.86493580597895,,0.764077754153862,19.7559774138192,22.3636324192921,27.595518090224,26.3467005241507,17.4915508731994,,
MEX,1990,5.25004329944582,26.6516725646771,,-2.85201728941809,2.30528819968242,2.81259916666667,1.00821547984529,18.7044710491717,19.8152253641579,19.8222343593874,23.270603544648,19.1355636082271,,83.7854952672977
MEX,1991,3.97590497138043,22.662359455061,3.145,-4.75442816258017,3.55524780127227,3.01843,1.52072722395263,16.4333900336044,19.3531451238152,18.2158319682238,23.4262767281749,18.90927536083,,49.2084217398401
MEX,1992,3.56861354412243,15.5078962533573,3.235,-6.73040694268406,3.18858335706006,3.09489833333333,1.20966687256407,15.256744442975,20.296751461137,16.4462619037251,23.3205990261669,18.5388231560325,,23.5725224239772
MEX,1993,2.86699945461075,9.75146045357553,3.365,-4.41375552546445,4.06437524271201,3.11561666666667,0.827862094071089,11.59598468968,14.5671388839902,18.8495783931937,22.6240306711262,20.542329720302,,16.8996029755523
MEX,1994,4.39412788764169,6.96581237191123,4.436,-5.35786349392844,0.883109318233717,3.37511666666667,1.98196140419983,12.7545957125272,16.403876421631,19.1881563541485,24.3372579448117,19.7074661553075,,20.1081987626414
MEX,1995,-5.91029962358286,34.9992712889592,7.095,-0.414680790187327,2.82554644014576,6.419425,2.50587999844817,22.8659269211958,20.7999048051439,20.6941261524377,19.311543363515,21.1685474105437,,31.8557435232858
MEX,1996,6.21829715869302,34.3783832235168,5.465,-0.580284830782933,2.71075061116895,7.59944841666667,2.12551917782763,24.7231319521416,23.0446915817651,21.3048889067367,19.7376269610509,22.21303098142,,27.0111848582944
MEX,1997,7.19887615284711,20.6256287259247,4.235,-1.46431251799993,3.40567406946924,7.91846,2.4510099356897,23.2555721469271,23.2363034246464,21.8274702525933,21.1460171251619,22.3626601711665,20.3129090763085,56.8495331731946
MEX,1998,6.18507893082885,15.9283950119353,3.733,-2.8688383681894,2.4492236787245,9.13604175,2.28836855124077,23.221749395164,24.8101347448538,22.5673874506878,22.8039516150861,22.2247240432214,17.9317776437342,17.4488953641526
MEX,1999,2.75503039300564,16.5856169707538,2.598,-2.21778204046026,2.20924037805729,9.5603975,2.20848433629662,23.4168592490374,24.5953903270731,22.5053913556409,22.2434377526015,21.2588453236455,15.5385350011939,18.7479247860382
MEX,2000,5.02928399378261,9.49156149435403,2.646,-2.52707170138346,2.01762486355417,9.45555833333333,2.47719212470142,24.2311734681303,25.6792357191195,20.8600148446395,22.2649246086997,21.0445774194384,14.3477809518427,-4.48743089482922
MEX,2001,-0.450845253215945,6.36773806235037,2.627,-2.23003398954777,2.63689971681986,9.34234166666667,3.77607805696573,21.5412102050357,23.1988988072816,20.8045452155785,20.2738215598554,20.0260585605165,12.240977233378,18.8441357070664
MEX,2002,-0.236588001922641,5.03072733151295,3.003,-1.52936520808688,2.98006982310122,9.65595833333333,2.48685750053046,21.8517619236376,23.3580673360145,20.5603787774467,20.4084256272915,19.2312267750835,14.1782625366026,5.07161043787901
MEX,2003,1.18554486709559,4.54690012118718,3.455,-0.526761129534337,3.44046588174088,10.7890191666667,2.37188032037657,23.6555935033272,25.0448233657183,19.782320864365,20.8808458648635,18.8280656054789,14.6412754593329,9.34288539528672
MEX,2004,3.56544102622887,4.68840884843143,3.937,-0.464775659455355,3.28782723404344,11.2859666666667,3.06821035154364,25.1033560080055,26.9372640255577,21.4684386553467,22.0461782270566,18.8456680143057,14.1054932641584,13.0461064261901
MEX,2005,2.11324711473297,3.98805714597437,3.558,-0.62353440164571,3.31288171093641,10.8978916666667,2.74220134246066,25.4870738310602,27.0755708259848,19.66514053036,21.5221459719898,18.0770795013886,15.3135908147147,9.96849552544639
MEX,2006,4.80501351664901,3.62946762439132,3.566,-0.316555541136009,2.96677953801298,10.8992416666667,2.16893035275929,26.5547481705759,27.927367918041,21.8950677333074,22.5641029454858,18.9990298994882,18.3518916727969,6.69259611037929
MEX,2007,2.0778639395329,3.96684905458235,3.628,-0.844640815368309,3.06932316704467,10.9281916666667,2.81398718042151,26.7810613301488,28.477463068888,21.5882388048939,23.0719146894422,18.2623757830072,20.4394698066311,10.1477843745367
MEX,2008,0.943331872912935,5.12498274575896,3.874,-1.40680860932702,3.10571376172191,11.1297166666667,2.56307995857491,27.02006122825,29.3452206449273,20.405125308709,24.1213158802068,18.1749137479626,19.7553753175775,8.8989406727473
MEX,2009,-6.29525056697287,5.29735584228856,5.356,-0.750921220817888,4.18740932590072,13.513475,2.08311648643152,26.5132697253683,28.0784724102639,20.3574258395666,23.2592508075838,17.4331987026258,21.6119225665134,11.5244357450916
MEX,2010,4.9713345832195,4.15672722680174,5.303,-0.339592498675246,4.05364499570365,12.6360083333333,2.76223720236461,29.0174601175767,30.2559244160519,19.1230801275762,23.3314894119207,17.8382139158606,22.3237750273616,12.7638038623407
MEX,2011,3.44404505297089,3.40737824605742,5.175,-0.857892612318961,4.27630853093349,12.423325,1.9442261568419,30.4429662274867,31.7194210489631,19.2529097567633,24.2517581318792,17.7203860225437,23.5848328387345,9.97857565555475
MEX,2012,3.55321076010608,4.11150981070289,4.892,-1.40984864759126,4.48471717639987,13.1694583333333,1.45258915061197,31.5394503933211,32.7184815005778,19.1609504944166,24.3777390631793,18.8000354494769,24.9270563825252,10.0839506428319
MEX,2013,0.852101550164704,3.80639069747204,4.921,-2.39396960169622,4.5658776197185,12.7719916666667,3.83670268116194,30.7558005807208,31.9358741854644,16.36445681263,22.6807316048179,18.1028096283966,27.8590593255176,8.27958230523868
MEX,2014,2.50376350783593,4.01861608078679,4.819,-1.82131927652883,4.80529226012456,13.29245,2.08415748539387,31.4629921982533,32.6354168333342,16.8470848769093,22.2932759787798,18.2289217370442,28.1836821060935,12.1926385335167
MEX,2015,2.70232343024026,2.72064064964023,4.311,-2.59917628224106,4.46007738307296,15.8482666666667,2.98783786611186,34.1627726891004,36.2502019908254,18.515549158143,23.7361297452632,19.8234213947421,30.8304978690131,12.188904831945
MEX,2016,1.7724932254128,2.8217078474766,3.853,-2.27311198277187,4.54794007085504,18.6640583333333,3.49768027047347,36.8156772514808,38.8746261573743,19.384966743581,24.3433923355958,19.8687757882998,32.9508423866166,12.3347318971308
MEX,2017,1.87172854648381,6.04145724018986,3.419,-1.79746290782777,4.12120736692421,18.9265166666667,2.78307493364523,37.514088621552,39.4380374225879,20.6161724297524,23.8923507105876,20.1618224119644,34.3431256738601,11.2247047973686
MEX,2018,1.97208211101069,4.89935015356551,3.275,-2.06414074440499,3.74611361421752,19.2443416666667,3.0141785043816,39.0439304387032,41.1687312115588,21.49505806165,23.4774930613878,20.1893656987831,33.6152178109833,4.528957051035
MEX,2019,-0.392690513290532,3.63596142127046,3.477,-0.296844402020911,3.91541539352767,19.2636333333333,2.29651449559824,38.5296507889335,38.9323214620124,21.8054202744074,22.1485426356359,19.8877542722301,35.5851864842603,4.7000535891428
MEX,2020,-8.35403459379062,3.39683415570006,4.44,2.39710320563074,5.07902828726659,21.4856083333333,2.81400875229273,39.2353720952982,37.6191836198755,22.1927981725641,20.2366593532112,20.1842735695707,36.9325897654775,13.4400145872099
MEX,2021,6.04848347173572,5.68920847683753,4.019,-0.340708629738092,4.12398114778684,20.2724083333333,2.70530313479407,40.5691931964594,42.500104429993,21.6797240995638,21.7074939319357,20.8358358617373,35.0570605465604,9.50769005668138
MEX,2022,3.70975708309098,7.8962761916855,3.256,-1.27426718190487,3.32190681281323,20.12735,2.67267286267437,42.9322902148243,45.8661953749018,20.0126087965779,22.7701948917166,21.48647019504,34.2487696122269,7.32427833539717
MEX,2023,3.1067964131456,5.52796087314389,2.765,-0.699077082003633,3.44254741981939,17.7587166666667,1.7099038174861,36.1479343675069,37.5911414580596,19.9269884427126,23.3050041337289,20.4651290537164,33.2256099210698,11.0177388297609
MEX,2024,1.35057631384696,4.72225588452932,2.678,-0.912091864173097,3.54735732153754,18.3048583333333,2.48429388161511,37.2836162309013,38.1422853106055,18.4225686840893,23.9034064485777,20.130560879445,35.0748199517549,13.8172872591046
MYS,1990,9.00852713774628,2.61780104712051,,-1.97596593915066,3.6044141151064,2.704875,5.29807441993264,74.4661197000361,72.4221328339534,30.3826806963327,32.3603261645435,24.2246873976537,69.4126686877,-43.7382575357264
MYS,1991,9.54546741443052,4.358333333333,3.7,-8.51147688277302,3.21126841488093,2.75006666666667,8.13632963600556,77.8255528255528,81.4858944377017,29.2782620146207,37.7904739350522,25.5498653089015,73.7605458689796,16.8771825011186
MYS,1992,8.88511797832156,4.76722829992821,3.71,-3.66302477841909,4.43574333299294,2.54738333333333,8.76047440214555,75.983860049641,74.6273609322945,31.6964750314478,35.3625515987311,25.8225932759055,108.529220477562,71.9121062599959
MYS,1993,9.89494333377064,3.53658536585389,4.11,-4.47111978350001,5.83748784402235,2.574095,7.4828391233144,78.9202875826103,79.0201749189867,34.7131723521145,39.1837113952867,25.925990452629,106.459806961915,26.3624955122874
MYS,1994,9.21204179334867,3.72497055359284,3.64,-6.06906128911756,4.31341404796642,2.62425666666667,5.82961425798393,89.1507768813216,90.7541657926645,35.0914161292647,41.2020812335965,26.6406086124598,109.217183990668,11.5083208186672
MYS,1995,9.82908519730812,3.45057509584895,3.15,-9.74414011928346,3.16588836476111,2.50440416666667,4.71024540158831,94.0891703712361,98.0240298822779,33.8932551687612,43.6399023701753,26.3780323904474,124.414153627631,18.5254741222616
MYS,1996,10.0027006861844,3.48855945858916,2.52,-4.4241026644928,3.4121025652272,2.5159425,5.03534293107291,91.5761512146674,90.1908312707896,37.0407234800784,41.4791985244273,27.8427632304952,141.633739142087,18.4846986454946
MYS,1997,7.32274185035924,2.66251459711946,2.45,-5.93493554436093,2.5718898112105,2.81319166666667,5.13624115805327,93.2894480029809,92.3756631593889,37.0205449212701,42.9730832697528,28.3802054685143,158.385047580688,16.0355965133424
MYS,1998,-7.35941518817556,5.27034200348766,3.2,13.2035212438437,4.31564595525574,3.924375,2.99775085201455,115.743725352436,93.7484774557535,39.8491589952669,26.6749751979749,28.7827060156826,158.505378770173,0.229557897177802
MYS,1999,6.13761201057692,2.74456130240604,3.43,15.9240800095756,4.43774392672584,3.8,4.9214666648934,121.311393650836,96.2595257411126,38.305980768975,22.3820005053796,30.9362157705045,149.152981074863,12.0988672196889
MYS,2000,8.85886816969386,1.53474023697699,3.0,9.04991849068886,3.31032261008636,3.8,4.03842862393763,119.809708726968,100.597080255106,35.9173795808654,26.8674891484592,30.8635497655731,134.999853925775,10.0477651051237
MYS,2001,0.517675319192861,1.41678473206098,3.53,7.85355934414699,3.77910372568465,3.8,0.597029318252079,110.402491356547,92.9621446541059,32.2517790339186,24.398219973396,29.3364040399457,129.101375578239,11.6359105759612
MYS,2002,5.39098830692797,1.80787246281536,3.48,7.1294554203537,4.03512981463616,3.8,3.16612432250471,108.305302795051,91.0509299006036,32.7350846657081,24.7773431485884,29.2463982171795,121.827344934405,4.48402432914587
MYS,2003,5.7884992858875,1.08967632577286,3.61,12.1423505560345,5.007262129418,3.8,2.92094209456765,106.943446148115,87.2516829087158,34.8526514617844,22.7633850643195,29.9286718930962,118.974148880103,8.6271799396196
MYS,2004,6.78343772370305,1.42127115937402,3.54,12.0877738119347,6.16483766943988,3.8,3.50787262049412,115.373337721075,95.0009281760497,35.1374966248144,23.0495646010531,30.3781473606048,111.937605148211,12.6871027279104
MYS,2005,5.33213916141486,2.97507092684449,3.53,13.9199700905602,5.94300135813711,3.78709166666667,2.73438734940078,112.898976779781,90.9556678158424,36.8157549507862,22.3964178094036,27.5496800827112,106.524431907379,8.79316995043841
MYS,2006,5.5848470671515,3.60923564224389,3.32,16.1037222225662,6.20407077455397,3.66817695833333,4.72716484834358,112.18548084399,90.3916659964074,38.7964745148433,22.7035242231695,27.5660875626692,103.663830374316,13.6310078113537
MYS,2007,6.29878592740947,2.02735317779569,3.31,15.3811208611024,6.70420376771245,3.43756938226247,4.68684578287436,106.168274866985,86.2972314906664,38.7668425775513,23.4095349745995,26.1225839420447,101.580075160148,7.92253576816132
MYS,2008,4.83176988913097,5.44078221100769,3.34,16.8597967039906,5.58926321544649,3.33583333333333,3.28081949125174,99.4995772447266,77.1687475404215,38.5177080119428,21.4583043811993,24.5607176579228,96.7482535065206,10.535425110552
MYS,2009,-1.51352871598714,0.583308405623702,3.62,15.7230105263055,7.24461462096015,3.52450291070644,0.056692316075743,91.4167918670926,71.1421785856069,33.3634416267683,17.8356949570531,23.8001450501293,111.606889987937,7.73992812591865
MYS,2010,7.42484738326097,1.62285235577035,3.32,10.0556778509323,6.34115209858422,3.22108691472175,4.26864663854031,86.9302950693543,71.0144698174169,33.4664682988521,23.3865410976414,23.4337755680919,107.122752573885,7.34773605081976
MYS,2011,5.29391283414003,3.1744709215131,3.05,10.905001967915,6.91559543869623,3.06000301052058,5.07446032143377,85.2554421085998,69.6822424986263,34.0818029856008,23.1882579658738,23.3202044896916,108.425936705379,14.6279382858505
MYS,2012,5.47345419253853,1.66357102479206,3.04,5.18877994987763,6.96382782004854,3.08880086662188,2.82905738174529,79.2999139255312,68.5418408404822,30.9153494882722,25.7486213670602,23.1381762920437,114.124529817132,8.84601972895075
MYS,2013,4.69372252557893,2.10501231233612,3.14,3.46614353655813,6.66725243910911,3.15090855009724,3.49431175959971,75.6290410302627,67.0919504346102,29.4198401146816,25.9371066959614,22.8407424205833,119.899693910412,7.39740068231736
MYS,2014,6.00672194558203,3.14299050879095,2.88,4.39159166153878,5.67002202010292,3.27285974643047,3.14122940365348,73.7934986257765,64.5187325510668,29.3665669513565,24.9776084262813,22.8739302431305,120.578651022847,6.30404808616764
MYS,2015,5.09153242155011,2.10438980238359,3.1,3.00891850128321,5.50777041074817,3.90550026302768,3.27094402931735,69.4486908970754,61.9213815481844,28.3991476426936,25.424263277142,22.2933324025137,123.10362963114,3.04353513238196
MYS,2016,4.44978139761541,2.09056659525742,3.44,2.36768591329055,5.64270997827513,4.14830066287879,4.47130958598651,66.7754454542508,60.1235645714491,28.3850019206649,25.9955119994004,21.7969397965457,121.979820601963,2.80113360263019
MYS,2017,5.81272240983328,3.87120115774237,3.41,2.807870911226,5.50760741130421,4.30044087761124,2.9358203805856,70.011742508597,63.1434308633591,28.3359876066459,25.5473434515187,21.8461950799461,117.167568374282,4.64463909345224
MYS,2018,4.84308697634881,0.884709160571235,3.3,2.23708206947011,4.91023691554348,4.03513013706806,2.31458721219734,68.554971419686,61.8476540824403,26.1283247399226,23.8974199608763,21.5281381981616,120.276311883907,7.68802391999255
MYS,2019,4.41318742129586,0.662891865764326,3.33,3.50388669683419,5.26575125943776,4.14246973569731,2.50697705748044,65.2777668428576,57.7507951850853,24.546150625052,21.0482403944815,21.4089748962529,120.706946299114,2.6747203213164
MYS,2020,-5.45684658426701,-1.1387021539305,4.54,4.18956779359845,6.26880997379088,4.20348194851884,1.20275464255821,61.5779359054349,55.2102465322035,23.8210614819294,19.6580082281542,22.2320858423886,133.816995520751,4.59324770584526
MYS,2021,3.31534954399166,2.47710241465447,4.64,3.87747951420626,5.18620609619313,4.14329759817721,5.41626377085161,70.6330555493337,63.4029391413929,26.0099609240741,22.1257083996672,23.363165635524,127.260894609567,5.55903409397077
MYS,2022,9.03173723044451,3.37869862549928,3.93,3.1234711057235,4.32861908087948,4.40107634540072,3.68486215546291,76.8077974825844,69.6168072713231,26.7807789507514,23.5862921622175,23.3383196840342,113.070470558095,3.99701491521236
MYS,2023,3.5370638041057,2.48886560125754,3.858,1.56447203150546,4.77774044018093,4.56062343240897,1.97990062716743,68.6789535653168,63.9145080762826,23.8583516969162,22.8017590224926,23.020233887779,117.099430029325,5.83120097060203
MYS,2024,5.10545921024041,1.834100204499,3.846,1.69342393177115,4.45057833503037,4.5764279106858,3.6930953933026,71.3410849829908,66.0214861785682,23.3780820262118,21.9538831069426,22.5003191935602,116.107410807392,3.27622539832493
NGA,1990,11.7768859342067,7.36440030557697,,9.23137171937244,5.02594064345019,8.038285,1.08795098954185,,,,,17.7825953409513,4.95752244265377,32.7010276475701
NGA,1991,0.358352601622002,13.0069731037427,3.831,2.02019931723547,4.35412322906827,9.90949166666666,1.19672645365892,,,,,19.4945871482088,5.24109646917474,37.3802138978897
NGA,1992,4.63119294610988,44.588842715023,3.79,4.35622764868939,1.24972831717879,17.298425,1.7223830155852,,,,,17.6544930326059,8.23451385667547,63.2602537657287
NGA,1993,-2.03511877399539,57.1652528349217,4.023,-1.37583994197616,1.54721729106344,22.0654,2.37190347099572,,,,,18.3762499983637,7.00771816483841,53.7579683240045
NGA,1994,-1.81492448517923,57.031708911966,4.064,-2.64669476661828,1.58264715889747,21.996,2.43685234729338,,,,,20.9270802317182,8.03728816845843,34.4951421517432
NGA,1995,-0.0726647640626794,72.8355022972636,4.152,-0.569349975254788,4.1662245850559,21.8952583333333,0.238321527429399,,,,,19.9937155656229,6.5087114958491,19.4117147450513
NGA,1996,4.19592404666709,29.2682926829272,4.043,0.591612746659758,11.5124950759925,21.884425,0.26881827016538,,,,,19.1010802100397,6.17444394221661,16.1781585908082
NGA,1997,2.93709941923106,8.52987421383633,3.964,0.0837634925250449,17.3761818449381,21.88605,0.233794418819082,,,,,19.1985314411312,7.03059014697708,16.0390029485685
NGA,1998,2.58125410190809,9.99637812386806,3.922,-0.553602928004356,19.209601786639,21.886,0.137154046877584,,,,,17.4505658778831,7.61945239355999,22.3177575904719
NGA,1999,0.584126892882125,6.61837339479756,3.986,0.855100862970631,4.55577238555614,92.3381,1.69906893526275,,,,,16.2573691313088,8.16880785547431,33.1210582009053
NGA,2000,5.01593475936546,6.9332921556516,3.953,10.7371768862311,7.8784117256721,101.697333333333,1.64832098964767,,,,,13.93340041394,8.24898869751761,48.0675226932787
NGA,2001,5.91768464924425,18.8736462093863,3.9,3.36845503733352,6.82011838685131,111.23125,1.61861555824339,,,,,13.9253596044022,9.88080739655231,26.3768004240801
NGA,2002,15.3291557409618,12.8765792031099,3.669,1.13946817426015,4.86841650909391,120.578158333333,1.97158413526786,,,,,11.8118130815755,8.084342998,18.8210982703839
NGA,2003,7.34719496793299,14.0317836131437,3.637,3.23719691054246,3.53225471979061,129.22235,1.91462056992191,,,,,12.0606068369615,8.90948472570348,13.5113689675845
NGA,2004,9.25055822923169,14.9980338183251,3.59,12.4042052774237,8.74799100376589,132.888025,1.38037387490881,,,,,10.8615699226756,8.46166405532793,20.6770255396204
NGA,2005,6.43851652535925,17.8634933661605,3.727,20.7940448372853,9.60467541549227,131.274333333333,2.83629405374322,,,,,10.0610833215667,8.43509526303227,22.6036325203928
NGA,2006,6.05942803202491,8.22743678120907,3.749,15.3142425877273,12.0982199034067,128.651666666667,2.03575267319875,,,,,8.85287260810424,8.12036045279147,36.3507212028386
NGA,2007,6.59113036066867,5.38610421570143,3.794,9.93609280353567,10.2180371505246,125.808108333333,2.16919536982392,,,,,8.40137965701994,13.7970169332616,87.7613486371324
NGA,2008,6.76447277784263,11.583054796681,3.792,8.58534493307948,7.88144773894107,118.566666666667,2.41373918254011,,,,,8.16891297221069,18.6330147009187,42.2234295522794
NGA,2009,8.03692510100366,12.5379242951095,3.763,4.70138235015375,7.98411055165794,148.88,2.90024873175983,,,,,7.83841193667148,19.6256016608172,14.8643529361757
NGA,2010,8.00565591623166,13.7400521363694,3.744,3.57264829109626,4.37788525667586,150.2975,1.64207369186652,,,,,6.55281697605782,13.490742840586,6.72486734324051
NGA,2011,5.30792420293915,10.8261371880018,3.77,2.57400123356655,3.53184194734956,153.8625,2.133117701613,,,,,7.17108429622259,11.0436296114106,21.685616238181
NGA,2012,4.23006117492493,12.2242413020582,3.761,3.74468964478931,5.19347277530649,157.5,1.52378233769127,,,,,7.72454667174331,10.6047037712344,27.0844679750277
NGA,2013,6.67133539308232,8.49551838265678,3.711,3.66244030371785,5.08562033779415,157.311666666667,1.06953936497778,,,,,8.92892932163337,11.5332149415284,14.3020860661396
NGA,2014,6.30971865521856,8.04741087967907,3.9,0.157882534299197,3.92421294227136,158.552641666667,0.817478467870197,,,,,9.63581160269249,13.2970053767392,-0.794167076060823
NGA,2015,2.65269329541779,9.00943498007706,4.134,-3.13140101186134,4.06769256756332,192.440333333333,0.621501637000126,,,,,9.42843732193195,13.0786844773698,4.09015662855131
NGA,2016,-1.61686894903467,15.6968126387972,4.499,1.25472098152786,6.16907128225614,253.492,0.853395742751916,,,,,8.67969778226601,14.6080388563102,31.9221686077306
NGA,2017,0.805886619091581,16.5022662139641,4.83,3.60982550121524,7.99776517285898,305.790109160005,0.642182922336257,,,,,8.74199349233524,12.8520298076198,1.38782910951685
NGA,2018,1.92275734199798,12.0951065173432,5.069,1.72693303668361,6.17649818075879,306.083688245234,0.183821495682229,,,,,9.64894748123428,10.2465813012399,14.9821100195079
NGA,2019,2.20842927835211,11.3964223378115,5.206,-2.04801100744941,4.20823395263946,306.920951495222,0.344961215906745,,,,,9.10054556616305,7.9232226593751,6.44863105130051
NGA,2020,-6.36889840468527,13.2460234276598,5.714,-2.67061135743947,5.80242492927345,358.810797258297,0.398484830423335,,,,,8.08452488335187,8.75958559535191,11.6325456444643
NGA,2021,1.109252540249,16.9528457221608,5.404,-0.534215770600622,6.4228056688618,401.152029220779,0.543909122159359,,,,,8.81727551851363,9.7332213692771,14.2374143355273
NGA,2022,4.31882949157136,18.8471877843274,3.827,0.15744623858689,4.82273022445492,425.979158066857,-0.0288727652155146,,,,,9.13653170096745,9.5616917667191,17.4226051694979
NGA,2023,3.31590368111438,24.659550203114,3.074,1.31788745938512,5.11997312993286,645.194067883201,0.384195197916836,,,,,9.27310124869983,,50.9219774754511
NGA,2024,4.07106650147703,33.2416590552749,3.045,7.5441345734549,7.20884197072518,1478.96519740023,0.639824358730627,,,,,8.65727818023026,,
NLD,1990,4.18322289611109,2.45408985919675,,2.53727950744813,2.44725465239953,1.82094166666667,3.348708621698,54.8626549304423,49.2530257831818,25.646498772003,23.9012711605125,15.9091012709009,,
NLD,1991,2.4391343395225,3.15819751859096,7.285,2.27649103804339,2.31285964777323,1.86966666666667,1.71467155334591,55.5626380153824,49.6319788057938,25.177162700861,23.0045923528186,15.2459548499493,,
NLD,1992,1.70607100505794,3.18358569499581,5.555,1.88350974641952,2.37447304610621,1.75846633333333,1.70194435164588,53.8154295005776,48.2653411955376,24.5157073676027,22.9958118547438,14.8631837087025,,
NLD,1993,1.25755214528137,2.58418115634715,6.287,3.72901695535227,3.16311452516562,1.85730516666667,1.80198693110724,53.0451530789049,45.987680585651,24.8077497528237,20.9693925297175,14.6377323562626,,
NLD,1994,2.96109252246121,2.80152693672192,7.159,4.55484743526397,3.10736217450825,1.81999508333333,1.87693869608483,55.1862017827787,47.8598271711194,25.7746229624893,21.2124676655347,14.480781227106,,
NLD,1995,3.11603593857495,1.92322457166359,7.157,5.68975460228793,2.37125036919775,1.60567525,2.69471320466118,57.6919813836234,50.2248266834731,26.7854185991792,21.422165123382,14.6204004460174,,
NLD,1996,3.42063535269868,2.11378787066774,6.421,4.7637693691811,1.95050116020071,1.68589675,3.67863987970945,57.7981465392412,50.8664929047205,27.5638440731065,22.2339994207935,13.9771213437591,,
NLD,1997,4.24847396941847,2.10924562739483,5.511,6.00630455392247,1.64537108526876,1.95126991666667,2.64268189930439,60.7658388789699,53.5291889844722,27.8928206195761,22.5539685116053,13.5394687009685,,
NLD,1998,4.64770326997895,1.95913632274257,4.394,2.97096972527192,1.46526639769799,1.983733,8.57679525462927,59.6772355314445,52.7308599201193,26.1670862409122,22.7426875258017,13.4938544571332,,
NLD,1999,5.04334216651563,2.1571791805505,3.622,3.50211167072709,0.867576087498777,0.938283072395283,9.19246841685971,60.2958992533494,54.0318415396663,27.1828111671317,22.9712264633708,12.9727259528303,,
NLD,2000,4.21970034558892,2.36052233801958,2.725,1.73766088925111,0.760340534819699,1.08270508132602,15.1107005401962,66.4429411465509,59.22408893587,27.3965355530084,22.4588724676077,12.7112215855689,,
NLD,2001,2.32358454925847,4.15584127195612,2.119,2.26893537254394,0.738332922904015,1.11653308564462,12.0218639579935,63.3725444723061,56.1029194042336,25.8098428940335,22.6044175168395,12.5154004319368,110.22236670732,
NLD,2002,0.24582951723049,3.28753104712766,2.554,2.32001964022281,0.80315966324196,1.05755899623965,5.359292335364,60.1048715353519,52.6451528233191,24.1844211042401,20.9657566797441,11.908705689589,108.80306461908,
NLD,2003,0.0978549395212411,2.09199838997655,3.593,5.13225020681317,0.752863589496135,0.88404792718493,3.5122237802764,59.2393489233853,52.0651542723747,25.1382374829369,20.4311120001709,11.4542407181186,108.372289041971,
NLD,2004,2.01628331561487,1.26364739183177,4.646,6.70186382151751,0.502098256556813,0.803921647747618,21.160832133529,62.5959181523516,54.3622418745873,25.4364389483227,20.2354145150337,11.5382082987661,112.327939906654,
NLD,2005,2.03401576512488,1.6881301786962,5.872,6.04101636574987,0.418176263639989,0.803800192161442,30.5011693880359,65.5858924432585,56.6699570799932,26.0990406846772,20.3913422355285,11.5918368822791,115.890888447757,
NLD,2006,3.53729585853395,1.10150106517709,5.007,7.75425232709906,0.431290048871291,0.796432730949102,50.9095810861305,68.1457296355057,59.0498839038274,27.180298197133,20.9352721280667,11.2448165271924,112.9576606451,
NLD,2007,3.88542348324803,1.61385859802102,4.153,5.86450821149172,0.375124043316783,0.729672399984083,85.9785548363802,68.7100477700614,61.0881939705351,27.3418892544166,23.2286138653607,11.33989000843,112.717594636907,
NLD,2008,2.11674514240192,2.48650198289457,3.658,4.06750194753688,0.371368812489831,0.679922680042729,20.4123384575226,69.6056649864348,60.5463849936819,24.7698826040611,22.2059299952863,10.8008764023897,110.218655333418,
NLD,2009,-3.66528147002826,1.18977687021548,4.352,3.34540739416214,0.634547846683256,0.716957702016136,23.1185529746283,61.6018141050156,53.507846258091,23.8671575209385,20.5767305168581,9.83729864656213,116.241095699118,
NLD,2010,1.31935287897116,1.27530569556679,4.991,6.40659475745776,0.666331933561447,0.754308990105961,6.47724170250418,69.2873649735157,60.7943429618271,26.4445804947731,20.0371060399178,9.77213843383275,112.995200786287,
NLD,2011,1.77330320575034,2.34107017751373,4.977,7.01569973680719,0.624233329524329,0.718413898653317,39.0408469194559,75.1751870770854,66.5819122486902,26.9690241216893,19.9116480923396,10.1013242115629,113.516935353618,
NLD,2012,-0.977826121310997,2.45554765291614,5.821,7.50199225228895,0.721919450906467,0.778338120416812,30.9042384931276,79.5755903693531,69.8176326887784,26.0647009049162,18.5826577863124,10.0607384630343,116.013958604261,
NLD,2013,-0.0302410184270769,2.50689852657875,7.241,7.90135338752685,0.58607666438213,0.752945122701996,36.6955717929323,80.3711722486241,70.2806779783252,26.2632433828137,18.3607360340882,9.64816464758619,112.969994005111,
NLD,2014,1.61255885112396,0.976035079699679,7.419,8.54625757819213,0.528229325843244,0.752728196932603,15.9879956344505,81.3822615368973,70.3336295196036,26.2558229193908,17.7066341303839,9.66230344504418,115.205849457802,
NLD,2015,2.12064007193544,0.600248147278776,6.872,4.84837059519836,0.511722126879094,0.901296423367096,48.4706196279081,83.9918475345943,76.3339650302142,26.976300925752,22.1699860549934,10.1488182500805,110.135230807738,
NLD,2016,2.42428065449427,0.316666666666652,6.007,7.14588669256922,0.494873270134095,0.903421436257263,34.7918547450687,80.9095011629118,70.0560280487382,26.9531332435549,19.7764432256049,10.2669490054501,112.688166070747,
NLD,2017,2.78150834679987,1.38145871407216,4.837,8.04969631853888,0.472997771571007,0.885205508269372,23.7131758376085,85.1795472131327,74.4665124437146,28.2746496971791,20.2151929584837,10.5500219081827,109.26176749092,
NLD,2018,2.25873158164956,1.70349794744479,3.832,8.83776760941587,0.429356147085047,0.846772667108111,-30.6576768564655,87.0564594492635,76.5026871237804,29.3296743858075,20.4804432515785,10.6594535821754,103.705449062777,
NLD,2019,2.3001616053659,2.63369910249591,3.379,6.79648399842588,0.501349623047987,0.893276257067409,-13.7565327156949,85.3209394926528,75.3557323923463,28.552937034731,21.7580356895369,10.420756670246,98.6368462471995,
NLD,2020,-3.86799714191608,1.27246037789161,3.82,5.72296366531146,0.689789384684911,0.875506396987998,-23.6860117625863,81.2415259478997,70.9917044618066,27.0570012685206,21.3519779830807,10.4840023369093,100.352006153371,
NLD,2021,6.27683593745216,2.67572008805385,4.209,10.2781370842496,0.687991606395572,0.84549413889045,-10.9725941589172,86.4500028041052,76.7048398855925,32.4370513358733,22.1938197521171,10.7549772867478,93.8807694464696,
NLD,2022,5.00723453395074,10.0012078753473,3.526,6.82147679536227,0.581471403000702,0.949623753156941,1.47701805979237,96.4436215813729,87.6638626713087,29.6426237382189,22.8632951641142,10.3475478456863,88.8195045380451,
NLD,2023,-0.598061017580278,3.83839354342808,3.535,9.41409249872006,0.634224247828485,0.924839558470698,-30.2430732965592,87.4860612893795,77.5443681895531,29.5031090136918,20.0805040885297,10.4715307489623,85.4757445009347,
NLD,2024,1.07383137319854,3.34754304219953,3.7,9.13742493692445,0.729998349874489,0.923889546117607,-1.40518243891316,82.4976839942829,71.4586065803986,28.8273545067908,19.673967025785,10.0764749991752,82.3320940898509,
NOR,1990,1.95899042256056,4.1310334831135,,3.33929333961475,4.16358507710611,6.25974166666667,0.839576268585927,38.8731828768774,32.9720504377158,26.9599286758084,24.748480711054,10.350841967178,,5.54735838334963
NOR,1991,2.85865596855008,3.43819599109134,5.407,4.14923524067272,3.68296611640622,6.4829425,-0.291933715229675,38.8200137764372,31.3592199633562,25.7507358374018,22.1445405456335,10.0155462382814,,2.9338299686445
NOR,1992,3.56422602983729,2.32808504911848,5.91,3.4392564563178,3.29540414448996,6.21450083333333,-0.513938916920335,36.8322939849829,30.4630154553039,25.1623047304927,21.3768663090219,10.0517652417816,,8.50079465560434
NOR,1993,2.87306009185421,2.28826933193061,5.965,2.93905062039749,5.74529613726864,7.09412916666667,0.82736151054052,36.9193654438118,30.8728029368279,25.1248914257719,21.8614181415695,10.2598424548531,,-0.669501081008389
NOR,1994,5.03933284247313,1.37567498071478,5.349,2.976630670136,5.17450316037911,7.05758416666667,2.16616440055592,36.9787571490903,31.2591484240315,26.0581823391726,22.7593161100873,10.4280537088903,,5.02406745134959
NOR,1995,4.15289526465317,2.46036778693729,6.307,3.46333244641902,5.16724323204805,6.33515666666667,1.58373677689258,36.8480219820403,31.044303632156,27.5780498118728,23.7325588077042,10.8644980645566,,3.78101263312377
NOR,1996,4.96949434701779,1.26253249164501,5.036,6.75311594441525,5.61645299659769,6.44980833333333,2.35643292384557,39.6976971721752,31.1387185300084,29.4914071203149,22.330032215726,10.1315833432765,,6.90967809744026
NOR,1997,5.09208924000464,2.56692335900252,4.687,6.27193624684654,4.80940747824939,7.07340083333334,2.82139153819221,40.3720490528697,32.4820646027707,31.2318528421385,24.4367578456319,10.1127367825841,,1.44212293079133
NOR,1998,2.72590814782492,2.25241329996429,3.737,0.00399360306610798,3.77096624851353,7.5450975,3.69117384399436,37.0608144407435,35.272704901271,27.9770787548235,27.5067846955292,10.6262369288465,,15.4709693562
NOR,1999,2.18261230296261,2.36596736596733,3.247,5.49186336382396,5.01953047779497,7.79917166666667,3.60939042539353,38.6433893169333,31.4382531018316,29.9439304743653,23.8264548144863,10.1869802956487,,1.70008026588456
NOR,2000,3.443416131481,3.08550609131279,3.458,14.6986242485617,5.64774617045517,8.80184166666667,4.88339361449756,45.8365018251845,28.9475191208218,36.3971905522046,21.1263938589634,9.01871529918776,,8.66334665240231
NOR,2001,2.1634350595868,3.00419703998233,3.738,15.8681791390773,4.85481006981423,8.99165416666667,1.8377775731117,45.1531766095749,28.4004899806391,36.0837244499711,19.8231380030983,9.07207353809843,96.5185619888294,16.4669753286726
NOR,2002,1.45747886087304,1.28672528415184,4.022,12.4227278954932,6.18317748451325,7.98377883333333,1.54164273891433,40.5838246089831,27.2644681880985,32.1266552218823,19.3942483081845,9.04479343982715,102.616991579013,7.42563373974343
NOR,2003,1.09635781210122,2.48782553461781,4.221,12.0849035834544,6.13335910719972,7.08021666666667,1.82352266071092,39.7056811669224,26.802856913966,30.7811056895469,18.5016607815225,9.02238819766689,106.679367023868,2.14717370157529
NOR,2004,4.33015597691212,0.454498502220863,4.256,12.4217515088215,5.9136491092739,6.74083333333333,1.85140399656979,41.0491288437838,27.6536885303116,32.9965180030428,20.5503073798527,8.67710792106908,104.86321849848,6.84975140197038
NOR,2005,2.96973597025936,1.53213367609249,4.381,16.0451865986675,5.2821495320429,6.4425,3.22999383954281,43.2413599919454,27.0056013389782,37.3651948531145,21.3471923026697,8.26778168434925,106.084835761946,10.5243752240654
NOR,2006,2.84726376691944,2.3293498075755,3.397,15.9855181283499,5.42599732631983,6.41333333333333,3.39589223808001,44.1733932893218,26.9953517317441,38.3860858006865,22.801746254571,8.35083436571221,96.360780866271,6.77671782098905
NOR,2007,3.42030119916608,0.712589073634201,2.493,12.1948719512316,4.48190446729242,5.86166666666666,6.08270065269797,42.4957811855517,28.6756394735455,37.3223438743806,25.9515026676628,8.35082631870895,105.706589717053,18.1030597468918
NOR,2008,0.822805797014865,3.75393081761005,2.521,15.4461334508798,3.36472918620156,5.64,4.3592355460088,45.6676256939176,28.1992322774018,39.8275842213549,25.0626873295723,7.79689154979305,117.443378580389,3.08676413935601
NOR,2009,-1.61327151945869,2.19738586853568,3.1,11.415985949347,4.51883746092856,6.28833333333333,2.18259741615123,39.2490204203521,27.137883095122,32.9757473959661,23.4094315363354,7.4509145087914,125.05621856734,0.898645662375538
NOR,2010,1.00493269017117,2.41890639481003,3.527,11.4188723949275,4.25008438350318,6.04416666666666,4.91540239256035,39.5703457442809,27.5341022888229,33.8881416917021,24.0082068030157,7.24621010498332,125.004285340527,6.46892448480663
NOR,2011,1.38505117083945,1.2849515880916,3.196,12.9572292725078,3.43016101727525,5.60460730676328,2.00759481951861,41.0021893059034,27.3060335155494,35.7299336818933,24.4632060581118,6.77714201821789,122.173845430759,6.42132716294043
NOR,2012,2.82395673492459,0.696864111498263,3.129,12.0935398520706,3.48527271543998,5.8175,5.31305937295199,40.6221948688402,26.6685108375045,36.030759375604,24.8841937099589,6.64241963943732,119.808653635254,4.49556341054119
NOR,2013,1.27290177696287,2.12048620353112,3.425,9.89568626406436,3.79443439347997,5.875,-0.253383714333266,39.1524912574603,27.5050365915109,34.778597609521,26.1789626307442,6.61997045955963,120.963533911474,6.749028261994
NOR,2014,2.09521388080101,2.04170286707211,3.486,10.6555857645762,4.31661097346496,6.30166666666667,0.628548707490107,39.0079819454092,28.7661978486341,35.0543378811681,25.9804539858352,6.77145597747606,124.741169746009,6.1130650201955
NOR,2015,2.04428845501438,2.17113665389527,4.296,7.76340686563235,4.60791812644752,8.06416666666667,1.81548452900569,37.7795790425628,31.0555999681838,31.4677225633762,25.5765362668571,6.86959678594939,133.532555694519,-5.32642884781008
NOR,2016,1.29158732771135,3.55000000000007,4.68,3.85247124141966,4.89290817591653,8.4,-4.87068870473279,35.0792306836966,32.2548923992091,28.1607421311508,26.1648857958756,6.53860465289637,140.308909282125,11.2385196367154
NOR,2017,2.66964474273466,1.87510059552545,4.164,5.20839830097389,4.99674051840652,8.27166666666666,1.41952980990481,35.7799907512702,31.4157245856249,28.9050831344349,26.004345157941,6.36964089916267,140.397520875081,6.08194862556396
NOR,2018,1.1103912365576,2.76483134528797,3.801,7.69077594619518,4.3770537696345,8.1325,-1.24603124120942,37.3017822287814,30.8743383724503,31.5744284782636,25.9594681444999,6.01150571931844,137.85248031888,5.18291689438368
NOR,2019,1.46970781954143,2.16773003305411,3.684,2.80945670092243,4.68841396030322,8.8,3.84915053606091,35.6950517697888,33.1851913359431,28.1373951007245,27.9153469198616,6.14479469538793,143.92944148092,3.97349820975716
NOR,2020,-1.36055723261586,1.28658490707996,4.424,1.10176093732255,6.46279679729791,9.41583333333334,-0.858417094148667,31.3463505764851,32.0209678414192,26.463697878705,29.022434267812,6.43763409132964,157.281621104093,12.158774076833
NOR,2021,4.14314688769197,3.48388055266669,4.359,14.2830281134545,5.59363126814602,8.59,3.51903435020736,41.7846805150434,27.3213767194877,34.420433163085,23.4124848760523,5.51381024832847,132.758587980699,10.5019184861607
NOR,2022,4.08039770659241,5.76412317852272,3.231,27.8649748049066,4.14849931629286,9.61416666666667,2.31291587479113,53.5795492360197,26.3420519002837,46.1346704216437,20.9971803030648,4.77970222585039,106.520483872462,5.54670209272964
NOR,2023,0.352695581319765,5.51784987104659,3.574,17.1705757999469,4.64099738201527,10.5633333333333,2.74499093797298,46.4049617701132,30.9962278135928,37.1587063302137,23.6088047969408,5.64095594227279,122.547913892885,0.433080320796381
NOR,2024,1.42372134524737,3.14530134431081,4.0,15.0417961615846,4.3382923846671,10.7458333333333,2.42254685844836,46.3794958458439,33.2001409769285,38.6515761148103,23.6657865827048,5.76760618462887,124.389621734823,3.44876298069181
NZL,1990,0.136887537634095,6.09844414810204,,,,1.67620333333333,3.70317256544327,26.7618584733406,25.8462831846782,,20.4710549476533,17.7900088010824,,10.2256398822475
NZL,1991,-1.07586748814022,2.60239285999773,10.614,,,1.73351416666667,3.95684412916661,29.1613463740835,25.4742190688062,,17.5444600945147,17.8643358300315,,1.61885386213396
NZL,1992,1.10092234546755,1.01456027171236,10.667,,,1.86179166666667,2.61273593113678,31.1916767728346,28.0423820769771,,18.6659858300887,17.9128103657369,,3.93963461302992
NZL,1993,6.3836309435096,1.28820776574386,9.804,,,1.85051333333333,4.72858008369968,30.6024238841265,26.9512267218445,,21.2249482707656,17.9379249187112,,6.17933140434982
NZL,1994,5.11167356780264,1.74537790773743,8.354,,,1.68652166666667,4.7304408648234,30.7781456953642,28.0364238410596,,22.5816777041943,18.4547461368653,,9.1191411127256
NZL,1995,4.73676080285628,3.75494413677554,6.461,,,1.52387666666667,4.4587292664533,29.3933663078266,27.5208861548693,,23.6533106114136,17.7002369175776,,9.39223549396321
NZL,1996,3.59083953715972,2.28571305402195,6.29,,,1.4548475,5.58678410842227,28.3488788439284,26.7672921138268,,23.1451716600231,16.6595780457167,,14.1264989617308
NZL,1997,2.07551582422867,1.18714833105632,6.857,,,1.51242083333333,2.90193360299289,28.3203739922721,26.9264895291704,,22.9289700901589,16.321137241807,,6.62538844423011
NZL,1998,0.855188594957326,1.26524409915406,7.718,,,1.86824916666667,3.24713618849531,29.6173216258214,28.2786961975549,,20.8114129519031,15.784546833168,,0.287361560285815
NZL,1999,5.38315295474565,-0.114267129777524,7.023,,,1.88961389919167,1.60215774541769,30.9505515371504,30.4506795962165,,23.2325640957705,15.5560854551396,,7.14095063573137
NZL,2000,2.86879087314065,2.6152344624632,6.13,-3.30284871216652,2.10917121369746,2.20114916666667,-2.86529455631185,35.7454584901409,32.7714683867522,19.7746053146032,22.0345630387436,15.5041347140747,,1.50683848882122
NZL,2001,3.41557461751114,2.62581630392903,5.433,-0.776440240634347,2.02711420418651,2.37875083333333,0.481362352602511,35.4310398408851,31.8027845111567,21.7888599913365,22.9520169059606,15.189725899683,,9.07853417128159
NZL,2002,4.71514593471419,2.67709257711605,5.282,-2.09521936295548,2.42416144990214,2.16219083333333,4.27533253207986,32.8470717038637,29.8089228515842,20.8536371420551,22.7465398243836,15.5517417388538,,0.235590306551123
NZL,2003,4.72587484712128,1.75357444759557,4.745,-2.40599179153862,2.4284681544279,1.72209914639778,-3.81179323818466,29.8397254017245,28.0750439440285,21.3357225941397,24.128385766287,14.7181353891296,,9.4998843810179
NZL,2004,4.09053577279863,2.29024902847571,4.005,-4.50791009901216,2.17416482069195,1.50868127077323,2.2326303912504,29.5434106069527,29.2561416675833,20.0302441455003,25.2816076708571,14.5562535989493,,3.52750167482724
NZL,2005,3.35295444152619,3.03702332617012,3.807,-6.9953679486939,2.41181801463321,1.42027345661433,1.66201517661775,28.2851654320382,29.7335780086782,17.6910746297353,25.4208681883182,14.5252459539577,,9.48787540879395
NZL,2006,2.7744428588158,3.36540196171993,3.857,-7.06517341361543,3.80189466206866,1.54205575669681,2.61132933725814,29.6086137531685,29.9946512871794,17.0080900749185,23.7593311783447,13.3101555777773,,11.2672832294732
NZL,2007,3.06312221869514,2.37614310290659,3.661,-6.79701754359097,3.84800618611694,1.36067522852426,3.16024444752482,29.2731139479196,29.1520466269894,18.0473595021003,24.7759451018626,12.3263674982456,,11.1419098695745
NZL,2008,-1.02561134479848,3.9589493731206,4.167,-7.69181610885177,2.27322344137947,1.4227268095265,1.94246279372292,32.0052043552236,32.2559404975743,15.9099268780347,22.9039037931743,12.3829941898747,,10.3508364089726
NZL,2009,-0.040259885205117,2.1156511055456,6.121,-2.47419947301186,4.45627606089587,1.60087729521946,-0.0430577448192459,28.6654584101329,26.3488917754697,18.3789054944526,19.926477761063,10.7438992457809,,-0.632903820525483
NZL,2010,1.47182504276788,2.30202385958572,6.557,-2.33469330577729,3.93935711731829,1.38783382768108,0.194915236759354,30.197296130602,27.9074444706067,17.7333268313253,20.3756573267404,10.8169492190566,,8.35918273887503
NZL,2011,2.1445004445998,4.0279066739204,6.491,-2.86292030978892,3.35466684777766,1.26581069673447,0.818247908477246,30.3648053574192,28.8167625693477,17.5804229030309,20.6685518929642,10.9338435637342,,
NZL,2012,2.30256429520961,1.05991318445632,6.931,-3.90197677437136,3.36299390273748,1.23428365501329,2.17943829633958,28.8101128701328,28.1156333625569,17.6459958412175,21.3145078742868,10.5897797219328,,
NZL,2013,2.5648360739867,1.13442266445817,5.839,-3.05687316237006,3.03824657155074,1.21940797394829,-0.0364086461829919,28.8080124378323,27.1983095542824,19.7131637239142,22.2334842250835,10.2341542188131,,
NZL,2014,3.81933619307242,1.227507505974,5.428,-3.08979706201678,2.78090421394715,1.20543333333333,1.61419635020494,27.9659167191753,27.1554298092802,19.7687759617059,23.1338827182611,11.0659467829682,148.887536239515,6.70927552597721
NZL,2015,3.72968312125018,0.292704628136101,5.415,-2.61733984538523,2.95843612781614,1.433975,-0.0411865527337287,27.9457760345104,26.9291745446432,20.8829128204934,23.28475410927,11.2800879984655,152.203582210633,9.85032809850328
NZL,2016,3.7435247472109,0.646240284454524,5.147,-2.15490580463573,3.59312295581662,1.436525,1.06260320456022,26.6311815084262,25.8484206648863,20.7129497285824,23.2879639009117,10.0904318998066,154.878394126531,7.6616105305133
NZL,2017,3.31568621648204,1.85078767452536,4.736,-2.9209984129863,3.67195664946257,1.40740833333333,1.15705531240243,27.5921256754851,26.6854019544781,20.768621578362,23.8520623148973,10.1999539070643,153.218887969056,7.30184765325521
NZL,2018,3.32219666491432,1.59829703801696,4.335,-4.16442592967999,2.92388714011526,1.44525833333333,1.16024911473989,27.9040127582116,28.0023790927421,20.0928258867102,24.1621704646094,9.95918287314664,153.340048561597,6.4247723836915
NZL,2019,2.32371708441623,1.61963190184048,4.109,-2.82057766065118,3.06126592955326,1.517875,1.44301683692321,27.320284070356,27.1409623393447,21.4827262717104,23.9174996367189,9.67100645867407,155.331008762031,4.71178824795162
NZL,2020,-0.240916114758988,1.71456170007245,4.595,-1.08263837857087,2.84275697597291,1.54205833333333,2.25037509596065,21.6681005262214,22.1581460955954,20.6816204705713,23.2586206372416,9.3832174592414,159.302765545419,12.1779427157231
NZL,2021,4.29916005216614,3.94112060778728,3.776,-5.64905496688557,2.52902101596809,1.4138,2.09061969632742,22.3336966551166,26.0978404190373,18.6886565090577,25.2306071190627,8.69296149997073,155.696811699705,7.05943403469145
NZL,2022,3.34521847792682,7.17222476016441,3.299,-8.7516189444306,2.01441364729261,1.57718333333333,3.9270483682543,24.0471843984776,29.1619589751662,17.9987943013408,26.4295090374982,8.91308818638142,145.993959609911,1.8325450583825
NZL,2023,1.81389453412019,5.73316283034957,3.734,-6.14986296247429,2.20826681754074,1.62843333333333,1.71426378534541,23.6303100710205,26.2351940788292,18.5522226526172,24.0870929494473,8.26688384013797,140.574368180893,3.56339694999693
NZL,2024,-0.868722371893952,2.92279782301957,4.724,-4.62952800849341,3.15568037399391,1.65230833333333,0.672983751329456,24.7052588214056,25.9555076213797,18.9451802917386,23.0928035475405,,141.898489610576,4.1348258816056
PAK,1990,4.45858681510218,9.05213155279776,,-4.15244201309876,1.10286735080632,21.707375,0.612997661913938,14.788718407651,20.2458574928471,18.0297496461203,18.9353730330174,15.4600247913705,24.1573329065136,11.6436708059216
PAK,1991,5.06156775897861,11.7912703351416,0.596,-2.77569478723708,1.19402913630524,23.8007666666667,0.566383737278731,16.9323927101705,18.4872623946698,21.3639551720402,18.8964334705075,15.5633940819126,22.2370174407211,18.9443128821554
PAK,1992,7.70589781716029,9.5090414619015,0.587,-3.83779241680643,1.3169743394782,25.0827916666667,0.688313624140135,17.2707273079987,20.4238124130644,21.4664805173269,20.1334835745861,15.4230075492102,23.4968238834062,29.3005626007176
PAK,1993,1.7577476978468,9.97366476029209,0.596,-5.59847609574865,1.75704550801138,28.1071833333333,0.672760011900901,16.2020946178116,22.2972222574199,16.1269814379235,20.6850030820741,15.4493529880466,24.395045127975,18.1334470492259
PAK,1994,3.73741555767747,12.3681943936948,0.601,-3.46530848690822,3.25134981439942,30.5665916666667,0.805118941060125,16.1583805703018,18.8993431428577,19.1127768372814,19.3974052458304,15.7060880543285,23.8230064643185,17.3706019788836
PAK,1995,4.96260914623281,12.3435785170513,0.611,-5.52270880088959,1.85955022228971,31.6426833333333,1.19175194004056,16.709969655752,19.4227840177671,17.1129912437058,18.5455233391321,14.6178136063565,24.2071211979922,13.8097957858075
PAK,1996,4.84658128681654,10.3738085885002,0.6,-7.00574971079086,0.880431971513535,36.0786833333333,1.45605449462756,16.9031017751853,21.4270250588042,15.6069988452591,18.9966573482447,14.6080060447897,24.6939754444567,20.0685610542707
PAK,1997,1.01439601077892,11.3754928865122,0.611,-2.74152798261064,1.36509761343142,41.111525,1.14722858022912,16.081953225121,20.7703128757754,16.0408407539967,17.9191965447603,14.5603612715335,24.64621514863,19.9117967945664
PAK,1998,2.55023429817393,6.22800415424543,0.62,-3.61461538001894,1.36812639185578,45.0466666666667,0.813610045502484,16.4847911755655,17.5269340049655,17.3672619559794,17.7111996462578,14.6825805854075,25.1139429411396,7.85937933833109
PAK,1999,3.66013273943236,4.14263718082171,0.625,-1.46092369568391,1.87885426335533,49.5006915833333,0.84479500663461,15.3534993273502,16.9664634820763,16.702325876274,15.5649424393518,14.4135252804352,25.4743176424825,4.31422526833217
PAK,2000,4.2600880111325,4.36666451291681,0.614,-0.0854401858342493,1.74390829203355,53.6481865,0.309595026317044,9.62962571560589,11.8303381728595,16.2630581423852,16.3106779166157,9.09419786344442,16.603618282266,12.1251582207596
PAK,2001,3.65135017083765,3.14826144590618,0.611,1.93318034244488,3.57949112885884,61.9271616666666,0.38910658649849,10.6261723730627,12.9510350567841,17.0432737580462,15.9969087412847,9.50507970295682,16.2084602957166,14.4302473934702
PAK,2002,2.59481668445784,3.29034472613153,0.615,3.93573326208505,7.04603670076939,59.7237816666667,0.843517300073237,11.2629668954049,11.8660490591242,18.6780142977017,14.9624104299322,9.37396407430594,16.004100784123,17.6164482140701
PAK,2003,5.40131087314342,2.91413470059479,0.612,3.17962013910419,8.04969107732453,57.7519966666667,0.475207711805665,12.1646439105383,12.4855146143016,18.5722911623139,15.3148655927028,9.55790085767696,18.2215997820452,17.8579443187328
PAK,2004,7.83125556961251,7.44462469342739,0.598,-0.617928012719509,5.23027871845457,58.2578633333333,0.845585701616171,11.422970350187,13.3853645017194,17.7113375171376,15.6507707143799,10.4529515062226,21.2947003364719,18.8953995216099
PAK,2005,7.2765744364722,9.06332737030417,0.583,-2.48346235681318,4.10846536969125,59.514475,1.51575083116461,12.2518417522088,17.6266523028659,15.5008586600029,16.2664437881869,11.7625563843915,21.6016814942981,16.3728736632634
PAK,2006,6.05163767569996,7.92108440058789,0.582,-4.16812395772995,3.95263736700649,60.271335,2.63975006245443,12.5489466265472,20.5007727406812,15.4418535342028,18.2822141634905,12.614233382602,22.7683134071852,42.9088740241616
PAK,2007,4.4448143398844,7.59868441050774,0.398,-4.50796175781862,4.44077791912762,60.7385158333334,3.03571933817685,11.6250765592664,19.1628048720082,14.0722627354751,17.535936222635,12.4814845583431,23.0416390892532,17.4383547032998
PAK,2008,2.1204410433083,20.2861210929554,0.423,-7.74194351471585,2.02131984108012,70.4080333333333,2.68936656124595,11.87581528062,22.4731455329041,10.9662863629243,17.996422608907,13.2562890060339,24.1685851810671,6.52470214178465
PAK,2009,3.47255059567348,13.6477650639761,0.535,-2.13167355660601,4.14689927959042,81.7128916666666,1.24801305527951,12.3909882054304,20.9358990809684,13.3309450843892,17.5777374307953,12.5394663712103,20.3957768107606,17.6100569348726
PAK,2010,1.50171752152883,12.9388705634889,0.653,-0.688324235118166,4.71850424926723,85.1938163257576,1.02791108080423,12.6372245592948,19.3517774869368,14.5904094989142,15.9615524272363,13.0355003666411,19.2854383363833,14.5658158158495
PAK,2011,2.68011685421705,11.9160927116277,0.796,-0.957124213324854,4.15696352930241,86.3433833333333,0.575055145839944,13.4825548617217,18.8800834134221,15.1260283494857,14.6316275197265,13.3811359313224,16.7900431014259,12.6026218346081
PAK,2012,3.02758391088629,9.68235186055684,3.667,-0.936399348037174,3.10654658664889,93.3951972222222,0.343453048660945,11.8739641473238,19.4450091286838,13.7257205492079,15.1689869381562,13.7390762104055,15.1977662090047,17.3950199206229
PAK,2013,4.36686504978387,7.69215611899565,2.954,-1.70727876868057,1.71197854264599,101.628899206349,0.515353849332245,12.1774992040696,18.7127751361147,14.2470589534513,14.9823804459246,13.3207628541452,14.4059591371388,13.315647619693
PAK,2014,4.11642817161422,7.18938402847028,1.827,-1.34787339235798,3.06826560863817,101.100088423521,0.695308116834202,11.1949717426146,18.2748539477852,14.1812481603614,14.9075542099107,13.4140262892618,14.0363434269816,11.5437148414194
PAK,2015,4.21794209572506,2.52932817254229,3.566,-0.934446742353906,4.42784130835912,102.769271604675,0.557734356032139,9.97457095124036,16.7136150659843,14.9442659490359,15.8109305453177,12.3014420948153,13.8776720604833,12.1809800448258
PAK,2016,6.57383828511043,3.7651191635658,2.285,-2.29279660651385,4.59066972648983,104.769117033301,0.821349998064174,8.73671639116568,15.9648616568916,14.2861487812379,15.9357468463989,11.2109167506518,14.6822491291274,13.6160489814194
PAK,2017,4.43262590683975,4.08537368032608,3.204,-4.76985760466006,3.14740277594098,105.455162087938,0.735837049658425,8.22161134395559,17.2504236583884,12.8974430426319,16.3328910849517,11.2993459112201,15.3138129313571,9.9313214967248
PAK,2018,6.15170261099519,5.07805725868917,4.083,-5.29556175645778,1.90523052542491,121.824068875756,0.487745750658143,8.58179960556073,19.044257474073,11.8825851779378,17.0682908414203,11.6027431620618,16.6323511145142,9.83439165904124
PAK,2019,2.49763692943365,10.5780305672025,4.83,-2.66677325730292,3.08190201214363,150.036253839864,0.696146480411465,9.3908635386027,19.5147134481005,11.374994809363,15.4996449690024,12.5872745902299,15.6879858068791,11.6730296321604
PAK,2020,-1.27408744338709,9.74011619320125,5.994,-0.216650637871501,3.8689080390316,161.838479684718,0.684695289874347,9.29855944234725,17.4177212905341,14.541581494261,14.8155399944077,11.4160734292379,15.0331201291201,15.6327085508701
PAK,2021,6.51388575852702,9.49641577285205,6.338,-3.52439577565177,3.35726367831547,162.906253747418,0.616039439073827,9.05159988878188,17.9788205237729,13.8156872166591,14.5346921503021,11.9347162169362,15.3401397751102,10.4193580639993
PAK,2022,4.7781068690358,19.8738599646655,5.291,-3.25858181478804,1.44062158684771,204.867187469982,0.389980753542853,10.5405902721041,22.4907632059279,10.4328983274338,15.5605425943116,13.7586338644974,14.8383242381905,7.41151860135503
PAK,2023,-0.414935997088406,30.7681280657005,5.237,-0.308630136387276,2.50011507119078,280.356111655149,0.608281270820624,10.4939587511564,17.9737337958273,13.0805608678599,13.9681470393061,13.6467934627786,12.0203955111754,16.2530631753901
PAK,2024,3.08176295579301,12.6325318530452,5.492,0.124893414067427,2.84569889190225,278.580716167563,0.716885239403099,10.3855031331012,17.1798277774783,13.8330735417926,13.1992532780615,13.1475520639224,11.46061956354,12.5141461807046
PER,1990,-4.98256353646605,7481.66361124526,,-5.37288606183094,3.78951060631368,0.187885579166667,0.15524195104656,15.697191461944,13.772485437739,13.0540458697492,16.1644055092045,,8.01727273669053,6384.91591214941
PER,1991,2.2192591027909,409.530166622023,4.926,-4.3795451250649,5.80092275926795,0.7725,-0.0203835211937861,12.2023866654061,14.4568674464779,13.9572812035463,17.3980924261389,16.1453419440961,6.97792993174603,230.59502238985
PER,1992,-0.540509124723926,73.5282942442641,5.068,-5.24379733033856,5.98218779766876,1.24583333333333,-0.219650047241117,12.51350576868,15.4637863865267,13.090892305614,17.784731115296,16.148615145116,9.07959617883951,88.1788916992412
PER,1993,5.24357700773291,48.5799864468885,4.795,-7.07477935578994,6.49342825191949,1.98831891666667,2.18358771544823,12.4506751041035,16.3159114665164,13.3494755950289,19.0714045693532,16.1900489444067,11.1164859235556,71.7970649690245
PER,1994,12.3083661848445,23.7369050565046,4.491,-6.01858298886919,9.75230367994457,2.195,7.32850781495285,12.771482770164,16.1515129997261,16.7654806087236,22.2471317420546,16.0003651893405,13.2835593787724,37.2170103202771
PER,1995,7.41139504735119,11.1287029707089,4.708,-8.67435304434384,8.40551254099253,2.25333333333333,4.79618741233796,12.5998852514905,18.3273325960603,16.3892760696641,24.7391134430373,15.3347247283038,15.8738764208443,29.2640068835753
PER,1996,2.79897307912609,11.5379424115177,4.929,-6.59496815056512,10.7348879977428,2.45333333333333,6.282348119331,13.3165199179977,18.3376841732667,16.2584704238878,22.5867586979927,15.3090571213663,21.025323363273,37.2447670222151
PER,1997,6.47682442079709,8.56218948953653,4.762,-5.79223945664171,10.3063679191364,2.66416666666667,3.67902174881379,14.4772602562861,18.9922855943966,18.2567579801323,23.7894193215196,15.3558632710371,24.4097995545657,30.7820639804126
PER,1998,-0.391537555833821,7.24782175213469,5.099,-6.01059688640089,9.62509806985463,2.93,2.96199214687156,13.7029018488677,19.2501199365259,17.7514260858085,23.2049499956946,14.8647485023311,28.1910496598723,17.3271286102373
PER,1999,1.49491064308833,3.46965996293019,5.011,-2.74952502384787,10.4082838704774,3.38333333333333,3.86553540501237,15.3968880071118,17.8088885487375,18.3962325335462,20.6612543344774,14.6733467169829,28.9773282546112,14.4902175465321
PER,2000,2.69437139806912,3.75733833344474,4.959,-2.9874113727773,9.06191564384195,3.49,1.56479019339424,16.7683737208169,18.7696584415009,17.3193794611689,19.6279847605546,15.2145262038719,26.3416775572587,-0.399441851801342
PER,2001,0.617892325624297,1.97709878502053,5.068,-2.31175794610238,9.73495551425895,3.50683333333333,2.19922450158059,16.6013795219337,18.4630219090874,16.6647975093251,18.1595051690983,15.5812564716453,23.4478078840921,0.563891323477896
PER,2002,5.45352893818767,0.193135003853722,4.84,-2.02693936398421,10.229262297093,3.5165,3.93562084538866,17.2748078529874,17.9743734787821,16.951753375854,17.9681458916088,15.4989075774167,22.2020482940237,4.32965353437533
PER,2003,4.16502313666112,2.25937753363072,4.15,-1.61504289543387,9.38296559343825,3.478467,2.27308642513175,19.0146669472489,18.6099433778513,16.8011088028699,17.5102893749052,15.3985817546504,19.9857411626907,-2.13689889028637
PER,2004,4.95820320611745,3.66247320092233,4.71,0.0288861085400799,9.30448932988442,3.413175,2.39489207548148,22.91223375085,19.0238445170772,17.8372556948338,16.8556825410753,16.3726500976155,17.9102399219746,3.25992194167152
PER,2005,6.28506032509601,1.61630193862544,4.87,1.50881026119421,8.24288413578902,3.29584166666667,3.39034816926813,26.8487611117093,20.5085563651301,19.7420734267914,17.2838176822241,16.5516113723285,19.066421608863,17.0952678011346
PER,2006,7.5288990440594,2.00225801248819,4.17,3.24050716695869,7.9018575908709,3.27403250265816,3.91065680458787,30.536636453521,21.2484195803232,23.3266563655985,19.6506023681318,16.4721932263299,20.8131640208248,8.04516103950723
PER,2007,8.5183877690955,1.77998644680372,4.08,1.42931463476859,9.93602025327817,3.12804457735247,5.37428655925625,31.5221165305465,24.165996753135,24.1164184752208,22.0323873215866,16.5180344893382,24.6070736917389,29.403839604814
PER,2008,9.1265683014642,5.78587598206755,4.03,-4.41112077807089,8.44274791990058,2.92440833333333,5.74335697642786,29.7276302098838,28.7061371800215,22.7511768658313,26.178345935433,16.2965420065264,29.7639607500021,22.7640711546424
PER,2009,1.0958236592427,2.936231535967,3.96,-0.598288729210879,11.2592762683117,3.01150833333333,5.32237544034606,26.4420527390278,21.669876876324,20.9204419173752,19.9786779797935,15.2930541321031,30.0145290325562,4.57047933320316
PER,2010,8.33245910749577,1.52832059732901,3.6,-2.41611244249563,11.3343565365921,2.825125,5.73087732837535,27.8261641521747,23.8466447848286,22.4461433705974,23.7605090406542,15.5564992898,30.261687153432,21.0546552757542
PER,2011,6.32719240161117,3.36931095333853,3.477,-1.96422212136988,10.1893973684482,2.7541,4.47262658184166,30.5027597563889,25.4855205274718,23.7001028548684,24.200875596397,15.0914598699078,32.3092275000503,11.7360187654868
PER,2012,6.13972470560435,3.61121294940163,3.238,-2.85658799241122,12.2073819997094,2.63758641774892,7.36173683394684,27.4496143710972,25.1702808921321,22.9002750663299,24.6060563122502,15.164396582771,34.0437468209084,15.0150228720275
PER,2013,5.85251821084928,2.76789666082002,3.575,-4.85472915477104,12.3787709993876,2.70189902597403,4.75734900182415,24.8082994208508,24.9788430262935,22.4969888227911,25.5741818690255,14.831406515612,37.7199291764532,16.4789848315359
PER,2014,2.38215737180541,3.41194579807465,3.208,-4.40483758703291,12.4158044903277,2.83904413780664,2.12302965027806,22.6069703758151,24.2461507154749,21.1979959046743,24.6661205071214,13.9596976357841,40.8996268175973,6.26515057848418
PER,2015,3.25224477218451,3.39809194746308,3.272,-4.77973128045252,13.5145296502602,3.18443924152237,3.90315707606412,21.2873252858958,23.875443403219,20.6143765604293,24.3051143583227,13.7880201715375,43.8679314540478,13.3870674203525
PER,2016,3.95331871520767,3.55717663556279,3.741,-2.42132634833473,13.7589480936311,3.37506158720665,3.66247550178788,22.6003137409908,22.7885274554247,20.3904273609102,22.0213133889585,13.3440281131691,42.8090253456419,2.75613711158984
PER,2017,2.51883544233135,2.99490045809443,3.691,-1.11176847186392,12.5788871466609,3.2604884908321,3.65967264603654,24.7198719746973,22.7936783872998,20.6034486666787,20.7118137063238,12.9708469176106,42.4146143080756,9.33091398902329
PER,2018,3.969351341365,1.50915423024742,3.492,-1.28150267165616,11.0434886099462,3.28660269803296,2.78225210860643,25.1921846722472,23.4392854994888,20.3807607031026,21.3111751422932,13.1690240955292,43.9039424432995,5.43327443052405
PER,2019,2.24063176875049,2.25212191358027,3.379,-0.727870000015783,12.7403915926788,3.3372655465368,2.25881990677455,24.0390874349068,22.9044179405342,20.7009672893936,20.8336395514866,12.8493511674786,44.7242368945336,8.31837591438002
PER,2020,-10.9333065010382,2.00241205759292,7.179,0.657151815147808,17.6625455259195,3.4949411976912,0.464940476173709,23.0114431429931,21.2345240547509,19.8460263182175,18.1912588877919,12.2526157277512,55.3124099083207,38.2852960296511
PER,2021,13.4166456126513,4.27166381536798,5.097,-2.29896613499338,12.0403827833534,3.88055413137587,3.15463147592016,29.225876726221,26.1824464676564,20.2171352561774,22.3072203928835,12.061722254408,47.1153342938622,2.88013991595159
PER,2022,2.81819976419922,8.33370630096231,4.291,-4.08676202376085,9.65845989719161,3.83518137473542,4.6280339832618,28.8196452516984,28.4530550594954,18.3115670069229,22.3569175495124,12.389286796186,45.6488442298176,9.31212092014772
PER,2023,-0.350699814345759,6.45561348369586,4.899,0.480962420777884,10.2506314353337,3.74382620959376,1.64334960973353,27.1701618135233,23.736868907826,20.2439247198168,19.572988492574,12.6986294134472,42.9491111931795,
PER,2024,3.5152749274832,2.00770739412712,5.199,2.38859228781391,10.5197345775178,3.7525,2.29780708272736,28.8839339520309,22.7972140350108,22.6251319391328,19.72883590637,12.2411897692119,39.6187196270943,
PHL,1990,3.08267252855887,12.1773522064946,,-5.33575810861436,1.48657160302564,24.3105,1.04933276347518,19.3932131437876,23.5291431442704,22.4397324368827,23.3317105849887,,16.9025484779469,22.3981120550909
PHL,1991,-0.436390080533428,19.2614585266282,3.727,-1.99675016579611,3.26108818628497,27.4786333333333,1.05051459399718,20.9651411756089,23.2547826003992,20.9940259165043,19.7170925076743,,15.6454917166525,17.7164974414271
PHL,1992,0.417629066097945,8.65100357865265,3.849,-1.65501732404596,3.34578551557756,25.5124916666667,0.377343949882479,20.7796645414886,24.2114781886729,20.7100674276883,20.7483312409355,,18.1039652944438,13.109483215386
PHL,1993,2.181889985613,6.71631104109973,3.869,-4.86165174206389,3.15259517138627,27.1198416666667,1.99559842727954,22.3031303689154,28.1619125520064,20.3512734374584,23.1855368033691,,23.1490828035757,28.1457715382721
PHL,1994,4.37366591819077,10.3864734299517,3.767,-4.03229461116698,3.07161422055261,26.4171666666667,2.17470533097175,24.075665857016,28.4508379453015,22.4209070619903,23.3114526483211,,25.4845333915397,26.7347778496205
PHL,1995,4.62522511739661,6.83199610989534,3.68,-2.33919983744538,2.61380932662356,25.7144666666667,1.74612997966882,25.9460416626648,31.3845163136131,21.9351325155766,21.7942950820214,,32.8652175359862,23.8741403905504
PHL,1996,5.8603478716379,7.4761037778791,3.607,-4.17652404044575,3.20490190325441,26.2161,1.60277940029249,28.8867213731659,34.9685821777115,22.4067471448509,23.2823367017063,,42.8727859095023,23.7315080636429
PHL,1997,5.18641167406165,5.59025939650601,3.592,-4.62349405712408,1.96171452161296,29.4706583333333,1.29853131183765,35.0861457359116,42.1425001813547,23.9122337867866,24.0644880296074,,49.4011069654297,23.1076554163027
PHL,1998,-0.514090599541888,9.23493432267121,3.697,2.07537904684556,3.07431591479304,40.89305,3.0701111773194,37.8068683988215,42.2703331195996,29.6191580479745,19.9889156434332,,41.9926044672978,8.56631126777686
PHL,1999,3.34645118398267,5.93904901780808,3.751,-3.35706942771647,5.17227122020567,39.0889833333333,2.13567999418902,38.4111587355426,38.7503349766746,35.9678010817108,16.2006540383433,,37.3279299100996,16.8821846993211
PHL,2000,4.38250500083399,3.9771250324928,3.77,-2.66284885287764,4.67799840099901,44.19225,1.77722452613512,43.3442192240219,41.809149235982,33.3916737451306,15.684364157955,25.2795652500131,35.6071396041854,8.12076492690662
PHL,2001,3.04923134463486,5.34550195567142,3.698,-2.21740069327136,5.14417831781934,50.99265,0.96298544393499,41.1555015074547,43.7448871162984,34.6236833401699,18.9451758766766,25.3115458938417,36.2651173043754,9.98569242748058
PHL,2002,3.71625500158383,2.72277227722765,3.616,-0.334490425515421,5.11204168568063,51.6035666666667,2.09827504516588,40.0056799440289,43.83912414975,35.2688442852804,20.4591371369749,25.135408678046,33.6639599838555,9.96845059499668
PHL,2003,5.08691113513073,2.28915662650607,3.527,0.327439073939328,5.04449703973501,54.2033333333333,0.565263243432102,42.3050183712712,45.2696259923924,35.6099556982049,19.5287356084063,24.8368726452881,31.9483733559218,4.28727600967241
PHL,2004,6.56922851180626,4.82921083627795,3.554,1.71049031113279,4.4455495264385,56.0399166666666,0.623144777963454,41.8268409907999,45.2984438324049,36.2292309162938,20.731007446127,24.0119978825828,31.0092116533596,10.7233201286362
PHL,2005,4.94250511877678,6.51685393258433,3.795,1.8529075905422,4.60349149593322,55.0854916666666,1.54906009249231,41.2300392158954,42.6156353549097,37.7714550955846,18.5665300720434,24.2699011657558,27.8965736381251,6.84220070988929
PHL,2006,5.31641682136939,5.4852320675105,4.052,5.4545225788942,5.08825460250244,51.3142725,2.12091886479217,41.2454593705084,39.6050793023691,37.2282016275856,16.0153377703844,23.8291853953244,27.4706949162292,23.453614135034
PHL,2007,6.51929155018938,2.90000000000003,3.434,5.17497335468166,6.74013026531761,46.148391177755,1.87121245887706,38.0141863378076,35.6307936542553,36.7544223626749,16.1286471132386,23.1509115996374,27.6390233179632,9.60570645544364
PHL,2008,4.34448730509183,8.26044703595725,3.72,0.0792959465366613,6.39953482387135,44.32328760941,0.737800589215242,33.3568332437392,34.3242375293009,36.0222747408748,18.9671469154789,23.2686676777552,27.8760610609157,10.0409030903463
PHL,2009,1.44832306275669,4.21903052064628,3.858,4.80078349700448,9.18511809848311,47.6796884535091,1.17324821246427,30.2195255995892,30.6670651873867,37.9486917120278,17.4317211991991,21.7386143914197,27.8966684153138,8.63839150729624
PHL,2010,7.33449996034538,3.78983634797591,3.605,3.44540917722718,10.437269739216,45.1096641800896,0.513698049517659,32.8748297195678,33.2294487942119,39.7514910839799,20.4417711390659,21.9192017163827,28.3324788107778,10.8970827706007
PHL,2011,3.85823282795663,4.7184170471842,3.592,2.40919069913571,11.5996405959486,43.3131369237488,0.856963002985963,29.1054288781405,31.690407821767,36.8750710888523,20.7399365678349,21.704326952574,30.497639750655,5.30674976285661
PHL,2012,6.89695171050985,3.02696391124796,3.504,2.65327822085759,11.4738762540142,42.2287947349434,1.22763000703119,27.4670738577233,30.3749316555848,35.1328493512711,19.5607279687897,21.3285712092783,31.9053759841345,6.977796231859
PHL,2013,6.75053130142255,2.58268766141795,3.497,4.00964958369035,11.620931882498,42.4461848306739,1.31642638378197,26.1774198090007,29.6473614230291,36.3544017148818,20.642224107669,20.434498765772,34.3357279070115,29.329502551069
PHL,2014,6.34798748260867,3.59782343864211,3.6,3.6156391335833,9.94050359217836,44.3951543042097,1.92937522802216,27.3545041909285,30.113667896666,37.3474479713157,20.9239704373705,20.5750839907396,37.5782838049623,12.437500484563
PHL,2015,6.34830971672761,0.674192536845408,3.068,2.37094985955594,9.89835817167378,45.5028399421431,1.84018010717942,27.2080572390451,31.9335348662643,35.6348333700962,21.3409478711064,19.9280223742627,39.9037835751424,9.19582460552392
PHL,2016,7.14945675000752,1.25369880080982,2.695,-0.376262661565376,8.8465616501929,47.4924638585099,2.59850803494211,26.6730033435157,35.1030624218713,35.0547724231085,24.618503101685,19.5903031993868,42.8645179928199,13.3262730338008
PHL,2017,6.9309883258402,2.85318772590947,2.552,-0.652387929422697,7.78302270131783,50.4037197937177,3.12238778404896,29.5522908546692,38.6160788880035,35.4886316753905,25.5587738639602,19.5002020558133,45.6051977878358,11.4231249478661
PHL,2018,6.34148557153473,5.30934661627707,2.338,-2.55939306312468,6.88316024492647,52.6614299539683,2.86833826070497,30.2136053733275,41.9497929256998,33.8070507208738,27.1505820415621,19.0982471668147,47.5627907969006,8.9991457447848
PHL,2019,6.11852566221303,2.39206534422404,2.237,-0.808557862529767,7.72024557926384,51.7957826517332,2.30117498598294,28.3829200126393,40.4589222469285,31.7551872075089,26.4018084647284,18.516454400296,47.9736686643137,9.84392163909669
PHL,2020,-9.51829474045297,2.3931623931624,2.522,3.20065009232565,12.2854455443743,49.6240960026328,1.88586363211171,25.2028393102032,32.966720992025,24.8181733606399,17.4333790282876,17.6581790478661,52.0356914003601,8.65773205885667
PHL,2021,5.71473313185116,3.92718022100332,3.398,-1.50797765976295,9.66180966264431,49.2545977288412,3.04078855310045,25.7520349160187,37.7325748976525,20.2029188331693,21.1407371483135,17.6400846961045,49.9413249106511,7.98026843394554
PHL,2022,7.58098212785563,5.82115811213955,2.598,-4.51605763317134,7.17102711134574,54.477785837205,2.3475097233369,28.3874015457939,44.042282064966,22.4737175447068,24.6858616763102,17.2293794131524,48.8730299164324,7.82033923932235
PHL,2023,5.51894967856043,5.97802515541409,2.2,-2.834121138482,7.61565817073656,55.630363223193,2.04210354820336,26.6368493470585,40.7831199701022,27.3405418997346,23.4061516161597,16.2303262947388,48.3110407107995,
PHL,2024,5.71474526128652,3.21260487006347,2.202,-4.0212789718349,7.34350984657376,57.2906550699734,2.03571882251572,25.7369806583516,40.1268077299236,29.1320470859788,23.6782004674363,15.6722332808061,49.8449977717705,
POL,1990,,567.878800666191,,4.64853694341554,2.93891806818557,0.95,0.13489396412259,,,,,,18.8646536473107,164.871294962762
POL,1991,-7.01557879301123,76.7694992087347,13.621,-2.50991404542249,2.11428094680746,1.05760583333333,0.340347151546106,,,,,,21.4143370074283,37.8998143194013
POL,1992,2.51497861350261,46.0985621037431,13.645,-3.29032970311139,2.22090790522089,1.36264333333333,0.718699593656418,,,,,,19.3649105959837,55.6730590897289
POL,1993,3.73831029461471,36.9641666120718,14.393,-6.02645744303895,2.06024537248891,1.81149666666667,1.78565558307046,,,,,,19.1079809727352,35.9925085601138
POL,1994,5.292802066626,32.9912766093523,14.825,0.57218339303966,2.904196583504,2.27227666666667,1.6921827475542,,,,,,16.6512280436149,38.0774163705557
POL,1995,7.92965956313934,27.951388563304,13.695,0.59787790958511,4.86288677131572,2.42498333333333,2.56163380699288,22.8537362037756,20.7014818942148,22.2564556699126,19.862521327671,19.301578319827,16.4466295784122,35.619223096953
POL,1996,6.09387747385628,19.7949669196707,12.684,-2.02968632371393,4.93786631096595,2.6961,2.79828077717913,21.9840947671415,23.392639678205,21.2815967506827,21.8581629640564,18.2522695401875,18.7404974536866,31.2165282432749
POL,1997,6.35890635030509,14.91315861496,10.964,-3.59238073994115,5.07309948158291,3.27929166666667,3.07078506843855,23.2551841461345,27.1211944944015,20.9023374992133,23.7783189882881,17.5865232225717,20.4753120938935,29.0565165270319
POL,1998,4.62161133761769,11.5978554257236,9.935,-3.93707818430142,6.13247911899959,3.4754,3.64155485442631,25.8603424954365,30.685713160072,21.7177357282624,25.2181635520769,17.2753030322928,22.2526025335864,25.1769370060184
POL,1999,4.69918479192557,7.15407291179853,12.29,-7.31498200628172,5.96370261297084,3.96710833333333,4.33907837915662,23.996792689932,29.9012260725366,20.417832926316,25.5001823677686,16.7323535188119,25.0882824426354,19.5886267463975
POL,2000,4.65633252988236,9.90017538843065,14.928,-5.98021918224644,5.41144158988249,4.346075,5.39740366105294,27.0732197283645,33.5375012139652,18.5402256711398,24.6999676719407,15.9250946892848,26.3184060430855,11.5569243117687
POL,2001,1.23374464400356,5.4083354556615,18.435,-3.09972932809545,5.11591060513566,4.0939,2.95949603020482,27.0572580080351,30.8212732632544,17.2250248756852,20.6408974856903,14.4024296292523,23.447383588542,14.6129553731936
POL,2002,1.90119437968586,1.90528215048054,20.211,-2.77624121851834,5.32726712631836,4.08003333333333,2.04862965818155,28.6233983013403,32.1734007560509,15.2012059628602,18.5444793558839,14.1375374343365,12.8291653983995,-1.99707456599409
POL,2003,3.52337117234833,0.682701375787632,19.899,-2.50410381576022,4.88571321166886,3.889075,2.45743497066474,33.2386667780391,35.9747812061398,16.1801004057642,18.9111542221715,15.3918642448656,13.2892297773767,5.36949000194597
POL,2004,5.09079546409544,3.38264681884699,18.822,-5.96912639653316,4.04941784092039,3.65764166666667,5.41150845702569,34.0621696099277,36.9194069594885,14.4937678752298,20.4890653221513,16.5919693942106,26.1595858062025,3.78793913645125
POL,2005,3.26082274679216,2.18379872390251,17.592,-3.30488692842897,4.1206341219697,3.23548333333333,3.59641795552772,34.5254622754817,35.7860168147767,16.790698463394,20.1073600639489,16.3645570843648,27.0410644190586,15.0432299943437
POL,2006,6.20210710934373,1.28469394366416,13.794,-4.64906335604984,3.68238140186844,3.10315833333333,6.20790606582043,37.6580412251077,40.0427623151275,17.3368532475603,21.9561662978922,16.532432747176,31.0991032956795,15.9643286094573
POL,2007,6.7604478527626,2.4587431238539,9.551,-6.68396289819493,3.75973311545427,2.76795,5.82502177093229,38.4711164171074,42.2742826395837,18.7911756219366,25.4186459060222,16.6327568667345,37.0571618338196,13.3888408828446
POL,2008,4.38377069274605,4.16497193524779,7.069,-6.74648774312839,2.8989688550735,2.40924166666667,2.7209993736918,37.6687727009599,42.9059088559607,18.1095969946196,24.7561450970576,16.5077389592063,47.1055525375866,18.6256285343931
POL,2009,2.61512859291683,3.79539242483399,8.131,-3.94518857698649,4.96007648868968,3.12014166666667,3.18105494953636,37.0040504665451,37.9645460598818,16.9022364265755,20.7579141114998,16.6765529453841,46.9151175740235,8.10530897738018
POL,2010,3.16892748258036,2.58069370250548,9.578,-5.16657584018312,4.8772928245856,3.0153,3.94489462074706,39.8922068463219,42.3336454756702,15.698109013977,20.8586688863455,16.1698747962404,48.8721256893143,8.8052427696708
POL,2011,5.25546256612796,4.23940149625932,9.576,-5.11055687403888,4.38728143721107,2.96284777777778,3.57128957712437,42.31819097341,44.6054983103518,17.2750228642495,22.3450463094694,16.1389060287032,51.483789287918,12.4864735187227
POL,2012,1.51178167644575,3.56037151702793,10.031,-4.11182485634079,5.13891640789494,3.25654166666667,1.52886091421625,44.0229016385965,44.8070016680619,16.6821027877468,20.8019518666142,16.5564693800308,50.3251056254246,4.5279739715802
POL,2013,0.684240607051805,0.991982606332335,10.293,-1.98155143805472,4.83774182838336,3.16061666666667,0.258983446617592,45.7672881629144,44.6502190786485,17.1350208464813,19.1280449978263,15.5581865074907,51.6642772358478,6.23944554661758
POL,2014,3.92050862390032,0.0538213132399802,8.971,-2.97288032663133,4.25066485654916,3.15454166666667,3.85089176515991,46.2206720325579,45.8133476787599,17.9226914764192,20.8272789201168,16.9081122802504,52.623549823882,8.18416124988891
POL,2015,4.43176700264478,-0.874125874125862,7.475,-1.3254755565429,4.62368278059075,3.7695,3.29546177974363,47.1616367257527,45.0937905484415,19.5009217690007,20.8016958781231,17.6693391336256,53.314886900933,9.06207448787462
POL,2016,3.03117767594847,-0.664767331433962,6.141,-1.06875798055693,5.39230452387895,3.94278333333334,3.81608721408819,49.906428862355,46.9594739437073,19.0385310747283,20.0873009067718,18.2752041844413,54.3456987288045,9.5661682772187
POL,2017,5.15245773325907,2.07593553673859,4.867,-1.18631971999704,4.60236894876816,3.77933333333333,2.37812815599278,51.6925275786294,48.8733676676502,18.7418166967643,19.9081446848915,16.8858634359557,52.27429793934,4.65390466030542
POL,2018,6.2458584723942,1.81295156542689,3.835,-1.96597258830492,4.14894327063583,3.61171666666667,3.34803954559233,52.232575443975,50.2098867240303,19.4710628960317,21.443880969665,16.4851063076839,51.8969895049653,9.16474185064737
POL,2019,4.58045817256199,2.22747880938291,3.267,-0.272945793712772,4.60331314972597,3.839375,3.15455649244208,52.6128934811742,48.9681403361987,20.436103187479,20.7076794491101,16.6614878848919,50.2277295457207,8.26404951360684
POL,2020,-2.03556882399977,3.37446972618589,3.155,2.39835922164097,5.76793469149636,3.89974166666667,3.31499059495462,52.4338855199248,46.8252057104188,21.2255889283829,18.8394051569485,16.2083685829628,49.2665185159479,16.4293093435368
POL,2021,6.92718266052501,5.05502704719272,3.268,-1.30156521580162,4.78077058564326,3.86191666666667,5.44306737738578,57.0379760723016,53.836306949643,20.465253353536,21.8106734577786,17.3006156636927,45.7278891219221,8.91363801981589
POL,2022,5.25545697386036,14.4294507575758,2.811,-2.27455866454271,4.25614570821665,4.45775833333333,6.00626096603428,62.3525162455456,60.6688166147992,19.385598275476,22.059467565345,17.6513214118709,39.3159295032007,5.24723702348228
POL,2023,0.249610834017872,11.5289127961105,2.743,1.53683077845046,4.85461481369942,4.20366666666667,4.38918673390545,57.8812710195434,52.1436640222717,19.069188211544,17.6684506133329,17.4578672165103,34.7075227346327,8.53585796595824
POL,2024,3.02841630700273,3.79060897630197,2.807,0.30454349270969,5.36718824327154,3.98078333333333,2.24523191798779,52.1798133919011,48.1796294552629,18.1156905931218,17.8032326864165,16.0769928111431,33.5857900188097,9.24118159464556
PRT,1990,3.95052317228428,13.6305705693074,,-0.230455705701949,8.63372580713376,142.55475,3.31579014605628,29.1691775307804,35.8864150999083,28.0031886542397,27.721131452629,,,
PRT,1991,4.36820616663232,11.8494841773674,3.919,-0.802786937062783,10.5438646528095,144.482,2.74387019076576,26.547558876519,33.8190413392617,25.2397534526825,25.738680472155,,,
PRT,1992,1.08947689832507,9.55926033177516,3.985,-0.171236849197464,8.66006899222792,134.997833333333,1.74123247233614,24.4586706502227,31.8486069476756,25.2943307868232,24.9460022225038,,,
PRT,1993,-2.04327729359404,6.78377994665408,5.301,0.245135265861298,8.37726373022464,160.800185833333,1.6144453804152,23.6001482902129,30.5750843731262,22.7681495972426,22.1454534250659,,,
PRT,1994,0.964838285067799,5.42044019241626,6.709,-2.20261544389875,7.38281430225337,165.992776666667,1.27368069158282,25.1335659295225,32.043794086164,21.6553272728627,22.950768391851,,,
PRT,1995,4.28278017236022,4.22281614099488,7.064,-0.111582055664553,6.07420817364476,151.105528333333,0.579546715045669,26.7697318737852,33.1447402882201,24.6343062488345,24.1933776372451,15.9385285779708,,
PRT,1996,3.50424653058748,3.06897732509786,7.298,-4.0005138112894,5.61475619966322,154.243661666667,1.28145373512428,26.5484648796224,33.6613401675442,21.4901515838314,24.4083515242472,16.5759769753114,,
PRT,1997,4.40086766458026,2.33686298314114,6.571,-5.66728405930872,5.25332099955145,175.312445,2.31647209170026,27.1541447475915,35.1508067548668,21.6278562862898,26.5243441476558,16.5289263386174,,
PRT,1998,4.80796318953165,2.57275225909131,4.64,-6.76039275351895,5.07610743690578,180.10448,4.89835270210409,27.3316272273762,36.4992716296598,22.1568003510496,28.3167621107077,15.9980665517466,,
PRT,1999,3.90657779623113,2.34009490312169,4.579,-8.85368265057396,3.17822218869281,0.938283072395283,0.581077558591109,26.4819747246951,36.8323550925286,20.2944294637619,29.0278207613076,15.6299894890028,,
PRT,2000,3.81617714108242,2.85303039287156,3.806,-10.8233299998961,3.16521522724371,1.08270508132602,6.14861920837231,28.2046205938904,39.2483773924343,17.9458978033928,28.7766387963597,15.0493373233829,,
PRT,2001,1.94367213427915,4.36990330551792,3.829,-10.4344116184086,3.27809439731373,1.11653308564462,5.02761444190448,27.4373261135265,37.6546290635856,18.1218927983025,28.1574917811274,14.6778646135093,115.00275429921,
PRT,2002,0.770924781247714,3.60034658290915,4.497,-8.31755894208289,3.82474786975766,1.05755899623965,0.436137292252839,27.0733622325977,35.2348971843795,17.3637648070924,25.9043294973227,14.1946649466386,119.052209613682,
PRT,2003,-0.930521045062918,3.21899090682895,6.132,-6.66692325748196,2.34947009021531,0.88404792718493,6.26697257909762,27.3671918978917,33.7717555904736,16.4134260904073,23.1147053583821,13.4763371418783,120.671996162222,
PRT,2004,1.78873552917291,2.365362040973,6.319,-7.9833939998949,1.76788227606524,0.803921647747618,1.312247289237,27.6670515552519,35.5375421117759,15.5310957889987,23.8243238411168,13.0527122559748,121.19077411841,
PRT,2005,0.781847569123585,2.27716394887838,7.582,-9.60021052870913,1.46757398055297,0.803800192161442,1.70741232717781,27.0841675459537,35.8603370144983,13.6937354539519,23.3586139281485,12.5667765338143,124.773021846414,
PRT,2006,1.62503532956156,3.1076654587105,7.649,-10.2302140524554,1.17130925501,0.796432730949102,6.41633004151996,30.3574044411002,38.1896486771007,12.782191979587,22.9256733300806,12.3431980695303,133.41295217927,
PRT,2007,2.50657937751231,2.45396528138746,7.965,-9.65792414363098,1.15026541319741,0.729672399984083,2.50093088549298,31.1941845713373,38.7519330104618,13.4325392165546,23.0998862393828,12.2436332311567,142.235675042564,
PRT,2008,0.319247344434558,2.58850657657956,7.553,-11.8598002235991,1.04733966235964,0.679922680042729,2.96892594201258,31.2610790783868,40.8146638437736,11.4192273005276,23.5794931626439,11.9016527163808,151.481176609982,
PRT,2009,-3.12207827545093,-0.835530021504157,9.432,-10.3235445210729,1.75228086459155,0.716957702016136,2.35133912553896,27.2937427180784,34.1989508086976,10.9572396840908,20.8425074783613,11.1331653600968,159.861301937173,
PRT,2010,1.73762453640036,1.40257289895372,10.771,-10.2611634070617,2.17009469974558,0.754308990105961,3.77376819569615,30.0275851235273,37.6616550692709,10.6875203139721,21.1994526798182,11.5851680952185,155.388888349273,
PRT,2011,-1.71352745905065,3.6530110043073,12.715,-6.11854777822697,2.08440153916575,0.718413898653317,4.23648756430888,34.4115130933228,38.5960625767303,13.2527010798894,18.6613799007397,11.328789395701,156.062341019849,
PRT,2012,-4.05090267621935,2.77333854051576,15.509,-1.52721549957903,2.72898890165427,0.778338120416812,7.21535195239496,37.7235057219779,38.2176009968034,13.9507586840311,15.7536608050077,11.3753199190097,152.728675156307,
PRT,2013,-0.984106574148328,0.274416666666663,16.237,1.53973827822347,2.06520644406952,0.752945122701996,6.43654323197598,39.5639503324812,38.466555354947,15.5586765901727,14.6835299275763,11.5651993214334,142.933688214656,
PRT,2014,0.741391420706506,-0.278153367467428,13.88,0.315317528197345,2.17147420548109,0.752728196932603,5.43851031792652,40.1850905816292,40.0355784904498,15.0540114332393,15.3444039472278,11.8414875390346,129.651173714521,
PRT,2015,1.58979803702681,0.48793862390472,12.405,0.508297093307309,2.46750119385715,0.901296423367096,0.63522205292535,40.6876664090066,39.9470092176377,15.8880281765783,15.9379888733382,12.2513540948869,120.048513231382,
PRT,2016,2.00414129666575,0.607397074641719,11.058,1.42555528145605,3.16284475305928,0.903421436257263,3.56282992803299,40.3550889260564,39.1672575583436,16.7231540829586,16.0283624571119,12.2435166305722,111.328568595891,
PRT,2017,3.31472008175986,1.36861411643482,8.878,1.56389644169824,2.91110295630823,0.885205508269372,5.02041551787587,42.9426786480198,41.8651136589341,18.403716866774,17.44628649988,12.4309295704729,102.855290609028,
PRT,2018,2.94628343449202,0.993715683468233,6.966,0.7276825303456,2.4754661938403,0.846772667108111,3.46584287446499,43.677580570852,43.0581149209879,18.7573523031592,18.5247214985093,12.322133201471,97.0963051936704,
PRT,2019,2.74568432648596,0.338178410046124,6.422,0.765771121812591,2.53215922234251,0.893276257067409,4.5038935303436,43.6531259432991,43.1178629650595,18.9539022967354,18.76826598288,11.9377600515866,93.35554945374,
PRT,2020,-8.20463159324387,-0.0124383299576209,6.85,-0.629832722737583,3.45546829789917,0.875506396987998,1.8141455418251,37.2560151344529,39.2526255864686,18.3681830489435,19.4185791809348,12.0900462439681,104.074185342131,
PRT,2021,5.55875672070374,1.26565719069044,6.712,-0.67221074365241,3.08413204775749,0.84549413889045,3.60836004516304,41.5484271843512,44.3251180305463,19.824112544058,20.9347674224953,12.4429299331489,98.848509456936,
PRT,2022,6.98584137580278,7.83269124233323,6.138,-2.08477766426278,2.58310031204235,0.949623753156941,5.08368921917484,49.4816822004506,51.8824642789839,18.8786209302211,21.3735177177842,12.4622635474503,89.4563111808935,
PRT,2023,3.09998745904281,4.31128191898681,6.498,0.55352409256356,2.66838577859983,0.924839558470698,3.96325428743124,47.1554769314882,45.9803767757157,20.6573690998744,20.4972768619235,12.0809802413045,80.2271063662543,
PRT,2024,2.21459232301109,2.41613187791876,6.5,2.07520783148021,3.14206718624252,0.923889546117607,4.29974090969256,45.8196856112127,43.8418780958391,21.989711682193,20.3401770013662,11.7478766112798,77.118172685653,
ROU,1990,,,,-8.50766056649959,1.66300007573874,0.00224320833333333,2.61452383727707e-05,16.726891246066,26.1802074833897,20.7065602051521,30.2482806853946,,,30.091571564055
ROU,1991,-12.9182107298211,230.622494900178,8.23,-3.50772176596034,3.7632664702366,0.007638725,0.138645129089342,17.6006170878896,21.5345523844095,24.9194164889514,28.0457371024094,31.7255773855438,,104.024228731035
ROU,1992,-8.7672284522824,211.205587610082,8.26,-5.99482518410403,4.19608355728254,0.0307953333333333,0.306508326146089,27.7914151131162,36.1988323492337,22.8981125190738,31.405493266105,30.032176739866,,94.6955410689567
ROU,1993,1.52883449664077,255.166861826698,8.251,-4.45352169616387,3.22820184384345,0.0760050833333333,0.356585212469679,23.0163008215295,27.9874025494365,24.2183676219567,28.9277193823057,26.6443066910231,,172.166739794017
ROU,1994,3.93194272962506,136.759392815441,8.17,-1.42321276155065,4.62582328606926,0.165508583333333,1.13391484039433,24.9013530353956,26.9657170317705,23.2568585153629,24.809134731324,28.7054062970716,,125.446872228094
ROU,1995,6.23351148371351,32.2424847257597,8.01,-4.73949323312222,2.70853845771342,0.203327583333333,1.11941807479042,25.6300423094106,30.6611830867474,18.6270206291225,23.3161642971645,23.8706540877198,,69.6181851202503
ROU,1996,3.90770208816159,38.8293013382852,6.74,-6.96048631418109,2.92809108361581,0.30842175,0.712021742757537,26.4574936115282,34.3238757606892,15.9999113078146,23.0950938293071,25.5609122122992,10.9909814975807,69.545192861255
ROU,1997,-4.8490627379703,154.763480436309,5.515,-5.91423004615668,4.37569008318408,0.716794333333334,3.41529919490512,28.1971443249242,35.0080980074588,15.2094451629601,21.2987400049412,23.9426512052894,8.29243806887032,113.429675280403
ROU,1998,-2.02981290571721,59.0965827541167,5.63,-6.99585947248816,3.38508050560247,0.887557583333333,4.87096009208894,23.0154805621533,30.8233151479287,11.1879589220622,18.3829311197399,21.3917644165944,11.6679231619366,53.7488459259463
ROU,1999,-0.376660705758994,45.8037811326363,6.239,-3.60747182475184,2.54117286158034,1.53328375,2.89543420938062,26.6618172055494,31.3118578394381,11.5136660184594,15.6493077726824,19.3798252742787,7.98718944099379,50.399082875287
ROU,2000,2.4612634592269,45.6665940440238,6.969,-3.63721875382544,2.82091179673092,2.17087208333333,2.78361317174685,21.58888431382,26.9324410712586,16.0054763821345,19.6695811091698,19.8128920493959,7.12522458023743,40.8097757749873
ROU,2001,5.21813625673708,34.4770123493527,6.561,-5.51799372952363,3.44900587721624,2.90607916666667,2.8642076020901,22.105963469215,29.8226275519331,17.3102059409803,22.7560110876947,22.0207783534399,8.65337656761909,18.0222525396628
ROU,2002,5.70299165043771,22.5398862605386,8.112,-3.31050332793727,4.5591155532749,3.305543,2.48342020141655,24.0130293587441,29.6972184551935,18.8213907710898,22.1726981083131,21.8092683135058,10.0898585093074,46.597095917485
ROU,2003,2.34114732919521,15.2734889936255,6.95,-5.72774106022585,4.45255980649894,3.32000708333333,3.18995908035532,24.2127350487918,31.9667919982326,16.322530099897,23.1953192411743,21.0476787954831,14.1322681192345,21.0723332251961
ROU,2004,10.4281130180976,11.8743635936399,7.719,-8.5123232185601,5.25824200208427,3.26365683333333,8.59368512961184,25.743936265036,34.8825424019048,15.8098601073284,24.2165645026754,21.2420046238418,15.7819282736445,48.4211786467663
ROU,2005,4.6681480508487,9.01491283343835,7.174,-8.67463205439942,6.72454891911535,2.91365316666667,6.60067175776297,24.5352206061523,34.8253288429032,14.2192555958209,22.9306854622381,21.2678992923076,20.0582548606141,20.0428905695894
ROU,2006,8.02881107599163,6.55851412276983,7.27,-10.6661036918406,7.04770386171134,2.80898333333333,9.02006052535516,24.7712264990404,36.9123994274755,16.9913740428436,27.4669698502695,21.1053948126196,26.005425621115,14.1267416359139
ROU,2007,7.23380774362805,4.83732928313989,6.413,-13.7032326042104,6.25545455411279,2.43825,5.78679016158104,24.710829049515,38.7943276239508,17.7991499854042,31.3370187913254,21.0280647164106,33.9999546690076,33.8338795224371
ROU,2008,9.30746717077338,7.85080255714482,5.787,-11.658522565437,5.12448499595582,2.51885833333333,6.37741866098849,26.155499661561,39.0197013363802,21.8114508983381,33.0936844355478,21.9454814966302,35.9149171389437,17.4937177869345
ROU,2009,-5.51670615843011,5.58742004264393,6.859,-4.72925693261463,8.68379813976052,3.049325,2.66364407064905,26.022377022811,32.4476813438419,22.5318176970742,27.2026875632393,21.0059677585834,37.0085626096682,9.03332207552948
ROU,2010,-3.90581157302972,6.09141668601891,6.959,-4.98543687917279,8.44153926649716,3.1779,1.88971859139686,31.6415933092484,38.3133421840234,22.4896670846932,27.1890794202952,23.358328052216,38.2860073711137,6.81737053267701
ROU,2011,4.49558909946313,5.7892532881588,7.177,-4.81588301986923,6.88281803725361,3.04860833333333,1.23042689104897,35.2366088533551,41.0347475882739,23.5315920711434,27.809701397226,25.9119432595128,37.4326073949952,6.46701411725749
ROU,2012,1.90361696799603,3.33492267693442,6.794,-4.57804292376289,7.14725228751367,3.4682,1.70143772893217,35.708362986259,40.8859610051082,22.5237340561295,26.7222427286412,21.2783438640457,35.9605697947908,2.84245222608059
ROU,2013,0.278771877470234,3.9847123554813,7.096,-1.13746709997941,6.8486755131164,3.32791666666667,2.03100513989555,40.2453636124718,41.1522495622465,24.1379679501193,25.2514905784046,20.2152670692205,34.1696505303704,8.80537482390374
ROU,2014,4.11600109267832,1.06830987684298,6.802,-0.341464408053705,5.79071838380504,3.349175,1.9372882717301,41.4767119396626,41.8984310178575,24.9046975190727,25.2257196462876,21.5132642153968,31.085760270442,8.33017368215694
ROU,2015,3.1570360543854,-0.594156437495203,6.812,-0.637491637323502,5.68125546429893,4.00566666666666,2.42725822119064,41.3491935848306,42.1713831168849,24.8351251932912,25.4960152893431,20.2080251087435,29.9038145680168,9.39346661416349
ROU,2016,2.85993252302089,-1.54479666813897,5.901,-2.10324885883263,5.40819301760843,4.05918333333333,3.37417569649644,42.4163351743737,43.4761931163147,21.5772817635035,23.6646873522112,20.1242845144537,28.5586243050561,9.74068452525915
ROU,2017,8.19547826641261,1.3390212110439,4.927,-3.19415712159883,5.16027223807168,4.05249166666666,2.8327307446025,42.334274206143,44.8217903606371,20.8110646234899,23.9867377562262,19.8307791051555,26.6684604630278,11.4076738933702
ROU,2018,5.39452228185675,4.62548443137779,4.187,-4.60748728741797,4.21307798105806,3.94161666666667,3.03714660753952,41.7841912043995,45.3069789051814,18.3990259906807,23.0435742456948,19.069928394043,25.6917391714929,8.88797985953742
ROU,2019,3.96028958497598,3.82785432599438,3.912,-4.86977887140916,4.13981461361312,4.237925,2.94522918789332,40.3352034270657,44.5711596314136,19.5236351714711,24.4073793139433,17.2425919406663,24.71556311196,10.905108739629
ROU,2020,-3.59802546034757,2.63107311184743,5.035,-5.14044816549564,5.47036941070809,4.24399166666667,1.43737626680298,36.9711409958175,41.3905053604534,19.2497722300269,24.3319634913981,15.9165222191834,25.8547218167581,15.3130692590717
ROU,2021,5.58735072538869,5.05232876096582,5.59,-7.21432085371446,4.27804925461279,4.16041666666666,4.12832844182863,40.6943872735548,46.3768092724597,19.1932199071481,26.4231138988583,15.710445243797,26.4890320985714,15.814728647084
ROU,2022,4.18771305104109,13.7954887432521,5.614,-9.25302809964964,4.0391490548722,4.688475,3.88649421607456,43.5131053942163,50.4365455441284,17.6222527858938,27.0611653434665,13.822743326618,25.2220369814974,6.84221114412418
ROU,2023,2.25773416555121,10.3971874764996,5.589,-7.03377443891132,5.08847423372651,4.57429166666667,2.50426860654842,39.2445975462886,44.1307348599346,19.3708261236725,26.2097285719548,13.8755293574211,23.2502304421426,10.5042570699552
ROU,2024,0.916003764382594,5.72140574354439,5.4,-8.16757110224326,4.94627323159288,4.598375,1.87134949618788,35.6030266999465,41.6119570939538,16.838345187409,24.9970256084173,13.1961348200611,22.7281195412098,11.3119357455221
RUS,1990,-2.99999564243126,,,,,,,18.1620614715927,17.9447376591121,,30.1303942874884,,,
RUS,1991,-5.04693945142462,,5.11,,,,,13.2713621737576,12.9853414372542,,36.2674293886307,,,
RUS,1992,-14.5310737729264,,5.181,,,,0.252231983166754,62.3224618621778,48.2546028406102,,34.6133613887428,,,
RUS,1993,-8.66854034260423,874.245720380188,5.883,,,0.991666666666667,0.278287134511107,38.2045944842866,30.4938487551746,,27.0071715934931,,,
RUS,1994,-12.5697559802151,307.722635553193,8.131,2.26332668866148,1.25548712747193,,0.174540526074499,27.7583790421613,23.1953336062219,29.576019747851,25.5374539500614,,,
RUS,1995,-4.1435284052602,197.414268084251,9.449,1.88045783512905,2.43727667621875,,0.522256838168622,29.2890113495619,25.8938941161638,28.0227088726174,25.4388784044713,,,
RUS,1996,-3.7550694383594,47.7520122009939,9.665,2.57898342400441,2.03040779201634,5.12083333333333,0.658454456416548,26.0729881302908,21.8495126891282,27.1159226042149,23.6674001136852,,,
RUS,1997,1.3999158052963,14.761329268806,11.813,-0.206268282708236,2.01666897017265,5.78483333333334,1.20135889262562,24.7298415292289,22.527079880846,21.9453568046979,21.9763894687502,,,
RUS,1998,-5.2999616266239,27.6856798076742,13.261,0.026225709921156,1.60322334850871,9.70508333333333,1.0191194251039,31.22120547318,24.5510478117966,19.3235081435628,14.9641222334913,,,
RUS,1999,6.39991469144101,85.7464940960636,13.036,11.6664565462153,2.3710125926917,24.6199,1.6622825455164,43.2199685128244,26.1733129859875,28.2459905455541,14.8303000466388,,,
RUS,2000,10.0000668136515,20.7987606558704,10.581,17.4742424828314,4.74378977156661,28.1291666666667,1.03116111575235,44.0604413055146,24.0334657318409,36.1542075558736,18.6937601947688,,,
RUS,2001,5.10005122572568,21.4770072117159,8.978,10.4545347443772,5.23906491878679,29.168525,0.928663004211825,36.8934935960337,24.2173650683869,32.5129186409687,21.9498173349418,,16.8377718530329,
RUS,2002,4.69999190914258,15.7887307914463,7.875,7.9523289090993,6.12766903546728,31.3484833333333,1.00553594478556,35.2125940630626,24.432851668898,28.774776224551,20.0295461890033,15.1934447901759,17.9723927796501,33.7560699107806
RUS,2003,7.29995234528189,13.6632930228666,8.21,7.69799200510312,7.52555207914772,30.692025,1.84237888462157,35.2499817757806,23.8782872318208,28.2662385584185,20.8589584807348,14.3673346864676,21.2435670578541,38.5350352991115
RUS,2004,7.19994786954857,10.8886157326216,7.763,9.90832254287658,9.88536746944771,28.8137416666667,2.60618528064118,34.4178910554597,22.1639613429458,30.2604397434939,20.9012750797344,15.2165071849086,24.3164009497689,33.735150491509
RUS,2005,6.39996544799469,12.6853039507349,7.124,11.0454169715192,10.91900160117,28.2844416666667,2.02980703784767,35.2030659651181,21.5101825254241,30.5465768219055,20.0774969178103,15.6802236675119,25.9225395243251,36.1353041567373
RUS,2006,8.20006825456321,9.66865454789265,7.055,9.32544491399994,13.6000555108579,27.1909583333333,3.7977120943899,33.7304754439762,21.0029264232898,30.6608764968892,21.1715918033474,15.2912276564636,30.9419240283111,40.3887209914881
RUS,2007,8.49997776916511,9.00729868861079,6.002,5.55457619335894,16.0465979647848,25.5808453675404,4.29895594841933,30.164060484537,21.5420622609236,31.2668546897582,24.1645140334655,15.1146322628327,37.783577717454,41.0978788956037
RUS,2008,5.19996926404957,14.1107677840442,6.205,6.25797161157479,10.7798072680751,24.852875,4.50269424864822,31.3095603335689,22.072905707322,30.063881910679,25.5012197086864,14.9331548589743,41.5540438231948,14.129346966484
RUS,2009,-7.79999391271275,11.6473295764118,8.301,4.12086933736946,16.4516778273398,31.7403583333333,2.99212552042529,27.9381012041521,20.496959823666,20.8762043653616,18.9263757354968,12.8979714243795,45.260909297208,17.3164659422601
RUS,2010,4.49999999920672,6.84939230255025,7.407,4.4233366535099,14.1597902374813,30.3679153383059,2.8308286983175,29.2155607849758,21.1399447022831,26.283714313898,22.6150505519736,12.8154704732559,42.8400452491127,24.5103624911795
RUS,2011,4.30002918604238,8.4404648593257,6.571,4.75452652542426,11.632229448834,29.3823413709302,2.69236118071968,28.0553614798549,19.9800379279369,28.7575643096851,24.2607379312639,11.4709337154407,41.6986059819676,19.5846469667138
RUS,2012,4.0240861571798,5.07474300799149,5.484,3.22793090052757,11.5222288258363,30.8398313519917,2.29079869889368,26.9073203393663,20.2440700464294,27.2441713507904,24.5536933545168,11.4152854387593,43.9139602428073,13.0583902913371
RUS,2013,1.75542214916291,6.75466833903486,5.513,1.45817388483059,10.3415183701028,31.8371436402813,3.01940211363344,25.845336826255,20.441812574244,24.2820958381877,23.2716819870194,11.0573063367208,48.0247500537777,16.0313236476773
RUS,2014,0.736267221403651,7.82016970013845,5.212,2.79290979175164,8.51896923617438,38.3782071444168,1.0698764102333,27.1110970517525,20.6902442110591,24.5121808211262,22.3908642287739,11.3355804143996,54.8322798937112,14.8276498781065
RUS,2015,-1.9727192264298,15.5343959935701,5.615,4.97088857375125,12.3779655076395,60.9376501088951,0.502607961400285,28.703389442924,20.6559598687647,26.366709537342,22.148725318159,12.3830188656764,55.9520226893608,19.7170330182523
RUS,2016,0.193671130698817,7.04243725413707,5.591,1.91643731021353,13.2258115719456,67.0559333333333,2.54849998807899,25.8544829769167,20.6636368626929,25.0134122865718,23.0954224731096,11.700279102879,53.1024738337766,-0.924467735122182
RUS,2017,1.82670527549192,3.68333072334495,5.238,2.04412673615753,12.4862324143568,58.3428011851719,1.81409297475419,26.0908809797568,20.7856433573743,25.6686851355845,23.6067558621651,12.3127721301087,52.0765975053134,7.41111146041277
RUS,2018,2.80634082046656,2.87831382614981,4.871,6.97989872935135,12.8721612352105,62.6681333333334,0.530060790633169,30.7932568020743,20.7876435683221,28.9492684952112,21.9180891512463,12.8198832505149,51.2433106717876,12.3191096655941
RUS,2019,2.19807571381982,4.47202631837903,4.513,3.87612476973049,14.4905418216873,64.7376583333333,1.88851731564914,28.4334306799759,20.7953229819275,26.5372798751328,22.6615137722235,12.9692072844848,52.5614289246344,5.1039386595789
RUS,2020,-2.65365449695453,3.38219796948068,5.62,2.36911533657246,18.6186075758305,72.1049083333333,0.634851184443604,25.5221855113549,20.4447226915578,25.7684981515278,23.4558291480158,13.4028136833178,59.5836264990744,16.656413911723
RUS,2021,5.866491772979,6.69445891957612,4.749,6.83107025995823,15.121498531694,73.65435,2.21136527873962,30.0024195364041,20.5837759257711,29.8125329121196,23.0093392226061,13.1326683991037,54.6422447762479,
RUS,2022,-1.43537063467896,13.7436797398232,3.867,10.370132157734,16.0963355900744,68.4849416666667,-1.73614086534944,27.7096266135186,15.0566816178163,33.3939222918452,23.1732337652661,13.1487193587336,,
RUS,2023,4.06661395813023,5.86571931748967,3.076,2.41395767974471,16.2585942045348,85.1620083333333,-0.490895490828941,22.7699393140297,18.5695723352636,30.2888471082987,27.303131349175,12.9579365446141,,
RUS,2024,4.92167966203073,8.43486410496723,2.43,2.85909027069263,16.7768277290964,92.5524,-0.427643327459558,21.8563659146375,17.5620399669048,30.841114469031,26.4795760497971,13.264172378933,,
SAU,1990,9.4260985412794,2.07715133531156,,-3.52517261600742,3.57539592509747,3.75,1.5823604411403,40.334827762329,31.3732478292946,18.1529039214574,15.6840133931105,8.30350150388741,14.8221099824074,4.58205507583167
SAU,1991,8.22077074524385,4.86111111111137,7.316,-20.8052194236662,2.39544287554653,3.75,0.121007480168667,38.3083994377757,36.390899397386,11.7372489781411,19.9856212740521,8.28250965313343,14.8717021826583,14.5539115565604
SAU,1992,4.58058206179402,-0.0770060064690921,7.2,-12.9234890422041,1.3915488872206,3.75,-0.0575786497959332,39.1068068578908,35.9852277198409,19.5605888135298,22.963649750484,8.75643268133247,16.7585536644371,2.05469154110366
SAU,1993,0.379835927354492,1.05579531442695,7.002,-12.9691395981645,2.10554360778995,3.75,1.02821764581848,34.3528159609611,33.4541584247889,16.4878002804749,25.0549737431346,8.81387246091593,20.4697181528822,3.38083805102641
SAU,1994,0.952965973086691,0.564325478533149,6.733,-7.74759220117338,2.59742331912152,3.75,0.258430621127419,34.0009481856073,26.0703632736108,15.9293974412158,20.3571499120953,9.04904885131264,22.3597574225155,2.98556540538992
SAU,1995,0.311708028499027,4.86843103056033,6.365,-3.71007215329782,2.65200363540556,3.75,-1.30781764216435,37.3378413620953,27.7038858462799,20.2298663735827,20.2861294288588,9.29417681904549,22.5686263552029,3.35659970734372
SAU,1996,3.30468254228352,1.22206054877756,5.804,0.428246585132839,3.67769605107917,3.75,-0.710606970934706,40.0228209447804,26.6309991231776,23.6774811466347,18.5713011472742,9.48819487336564,20.7924387949329,7.25699192006134
SAU,1997,2.64731939948642,0.0571506050626489,5.283,0.183815312865695,3.52197035924248,3.75,1.83140466437341,39.1585979206286,26.0294690234163,24.4775139144976,18.7775729083204,9.77114687209388,21.5087348399283,5.21044405903486
SAU,1998,2.80381183998992,-0.37126675171199,4.752,-8.94699931687039,3.93547613501397,3.75,2.91838054679437,29.6323817967762,26.4560108137963,17.766547724597,22.9493393991366,10.1782677577361,29.1883475530879,3.6310346409727
SAU,1999,-0.633393640920247,-1.33375489653896,4.346,0.254139328110494,4.64113642503364,3.75,-0.481664272911208,34.6664709888381,23.1795778305815,26.1134425721301,21.513622969499,9.94477597911744,26.7446189971291,6.83395801647577
SAU,2000,4.71813422138024,-1.12499838517645,4.57,7.55444425839441,4.48340882239567,3.75,-0.9925690992161,43.4052690306903,24.7611797698264,30.0404822979649,19.3169649955465,9.22706530778225,24.2356134468207,4.46595613546796
SAU,2001,0.344593196175438,-1.12094804896791,4.618,5.07959598329365,4.30972997111817,3.75,0.0106659367777141,39.633694222871,23.9268894565803,26.782380857214,19.6231513824444,9.60383249627815,27.090480162661,5.08729920706328
SAU,2002,-0.688390130317757,0.247186492339686,5.265,6.26198626765416,4.97355154209664,3.75,-0.323899963714203,40.94880327191,23.6439941380154,28.4730430282045,19.6933428220224,9.88155078183235,28.9483976585816,15.1983856213513
SAU,2003,8.76873381743964,0.612195358172966,5.563,12.9967291873384,4.99050354805439,3.75,-0.271772775519938,45.8541491871159,23.977021521626,33.8704822440716,19.4924123818856,10.318567515035,28.2333101439677,8.49234471316397
SAU,2004,8.63100545880309,0.5155078977673,5.822,20.0686191554423,4.98463264684709,3.75,-0.129209725410009,50.9853310838178,24.0975055731163,41.6596188946936,19.8646168179799,10.1023103568753,32.3542594274042,17.2519884333968
SAU,2005,5.94489623934835,0.479231671630955,6.051,27.0702838379988,20.1458922304401,3.75,1.33515850333851,57.050742989557,24.9033329514589,47.9580642995326,20.1748334986768,9.36258654128185,35.4189179790554,13.2410107923811
SAU,2006,3.31348473625901,2.20902314069647,6.254,27.4448874249269,23.7894042968004,3.75,1.58553602335569,59.8319082445442,30.1126964323542,48.5055212177407,22.2151611310309,9.43959260101552,33.7245867667594,20.4083906483268
SAU,2007,2.21365396372528,4.16782358431579,5.734,24.5483035341762,25.4533932563503,3.75,1.48457884530209,59.9374401392842,34.9258769574815,48.9277193860298,26.4729184187854,9.76830655358163,37.071588765142,20.1413745700629
SAU,2008,6.2379875365458,9.87024816760266,5.085,27.8314305903978,30.6824933680315,3.75,1.05925699592349,62.1115020331022,33.9911288411164,52.7522749197379,27.2957945617723,8.80826251078627,37.6843188466467,17.9596695560637
SAU,2009,-1.06671711240203,5.0572227614833,5.377,5.88427740874122,29.9339171663926,3.75,0.10169038708409,47.0886206534391,37.7697209090451,36.5986001950138,31.7152823567211,10.6474544734783,45.6298013133911,10.8102417262156
SAU,2010,5.0395150823517,5.33941733020905,5.55,13.5423706949189,30.5395328882404,3.75,0.923670092367435,49.5697145263124,32.9799704964413,45.0145711180152,30.9262320159049,10.8283714782777,39.1641936148322,5.17233508819135
SAU,2011,11.758820686671,5.8262163739404,5.77,23.8816335912652,32.6137729985206,3.75,0.688133631504519,55.2733461365779,29.0860881073216,51.0054091357496,26.765793867763,9.93626585616017,33.6286944686693,13.2604479821531
SAU,2012,5.76157382270968,2.86627029905053,5.622,22.8484723061974,36.4747145801621,3.75,0.669626013751334,53.1198476436365,28.6208309025235,49.5538369935862,26.4578386746131,9.75495663553457,35.5685109967177,16.4894781602796
SAU,2013,2.94563789152025,3.51104209799866,5.6,18.3253067776542,37.373716349245,3.75,0.437984195574321,50.3725164415794,29.8789849870989,44.8811644940871,26.2949562527888,10.0246519761767,39.0113411908332,8.35198722216788
SAU,2014,4.02467158380668,2.24185348779063,5.877,9.86478118777849,33.5078337240261,3.75,0.191711517264834,45.0958458227862,32.9042652949498,38.7290353456033,28.5328325808043,10.9905942901745,42.5570781320296,11.8232615841061
SAU,2015,4.65512316652699,1.22269318552328,5.6,-7.93818281494484,29.523607332364,3.75,0.572622097928938,31.4401316153804,35.6651376146789,24.8424808983873,32.4339384933454,13.0972378614193,52.7601798097453,2.9048048129634
SAU,2016,1.70404739202878,2.05347076823965,5.6,-3.91268584311643,31.6961891139936,3.75,3.18518611850268,29.1430897114591,28.7785737995774,24.5692652694717,28.1170520868555,13.5336300941118,54.375771847036,0.547707244512804
SAU,2017,1.18210705878283,-0.834845735027162,5.89,1.2254608961689,28.7798542698354,3.75,0.136801407151884,32.3625378991189,27.169441258704,27.1114700037557,25.4757265766537,13.4207489311981,50.1375935809361,0.150853085806096
SAU,2018,3.2269508901591,2.46594308994843,6.029,7.89890750977747,27.2537617937104,3.75,1.36945683303735,35.5209831625769,23.5819273071372,30.6017689029822,22.3727056762612,12.6216605937885,,
SAU,2019,1.65158925617395,-1.19298644533328,5.636,3.64484004485364,25.5992015113689,3.75,0.346411455797861,32.159204977113,24.6346155115383,29.8780476927332,25.5522842268021,12.8691119832432,,
SAU,2020,-3.80478901996312,3.37234961012303,7.66,-4.51692116727614,27.83499765841,3.75,0.211115523412857,23.8098115262185,23.7233476988295,19.9891456443216,23.3158218039549,13.3861630791123,,
SAU,2021,6.51959698325419,3.06328988941548,6.621,4.5697627196532,25.1183969265183,3.75,2.8850612174452,29.1556614026837,21.728264937195,30.4675118134255,26.3426467287873,14.1394021512741,,
SAU,2022,12.0005874752929,2.47407371925372,5.589,11.7294510759777,20.0230345579448,3.75,2.1556449627378,35.9850098955522,20.839154879381,38.6630478039538,26.5159908508109,15.1155743681524,,
SAU,2023,0.542592439393161,2.32708518362706,4.008,2.12936729495784,16.5690894253073,3.75,1.87130991298946,30.7559610678442,25.0415071647045,31.8920685251131,29.7627433615344,15.8916802507302,,
SAU,2024,2.64893068308965,1.68792112375809,3.518,-1.29603148573183,15.0571337423468,3.75,1.70136894275871,29.3880027930942,27.0169346216948,30.3797594613497,31.6758054598016,16.1043055665414,,
SGP,1990,9.82089955731777,3.46075338652824,,8.63724140435268,4.73325824236763,1.81253333333333,15.4235472379855,177.192544433931,167.139673411139,43.7346820122541,35.6531138861975,24.4042257097584,79.1646747233386,19.9802118496101
SGP,1991,6.68839753958379,3.42570173078643,2.18,10.7339641366336,5.30244340181343,1.72755,10.7488600422674,168.546193922295,155.341800903456,44.9742348070061,33.9799446925753,25.4598766532387,79.8711021252107,12.4456302045436
SGP,1992,6.63980556949564,2.26307118702851,3.09,11.3460660380192,5.66612932922392,1.62896666666667,4.22844121278652,161.725949774023,149.586317507495,46.9931769374517,35.5156959121622,24.3496835852954,81.0855367745248,8.89534382100026
SGP,1993,11.459650875246,2.28929964388641,3.07,6.94851439736297,5.82257520009455,1.61579083333333,7.73270125338351,161.650519642454,151.765620165211,44.3689996647096,37.2020493632248,24.4718559767818,80.9717012635425,8.45394041833932
SGP,1994,11.0956893100227,3.10013262599502,3.03,15.4701578956138,5.89415997584386,1.52744416666667,11.6030848586318,166.193359003655,150.023188580912,48.0937388256663,32.9120593059062,23.6247216926065,81.1902405393255,14.4283453062218
SGP,1995,7.17540112091071,1.72053384788524,3.3,16.4967504477223,5.33343548856718,1.417375,13.6003946544884,181.120940871727,164.338323023735,50.5941912194197,33.8813128046581,23.9850622633339,88.2934969585412,8.49968078314535
SGP,1996,7.47139086002002,1.38318052481876,3.57,14.627347115363,5.62069868758878,1.41004083333333,11.8724659997363,175.64311239295,159.268050895143,48.8767626927082,35.0401245569948,23.167218060175,93.7418064299455,9.79032637690256
SGP,1997,8.31620911124497,2.00358618538962,2.5,15.5698355478412,5.22617018959628,1.48480583333333,15.6823709085456,169.296886140865,154.567536007275,52.3004833795433,38.1697972076704,22.1515036552127,96.470304928416,10.2660985609776
SGP,1998,-2.19101500611274,-0.267502292876153,3.41,21.7915511543613,6.72326849529725,1.67360166666667,6.95062480351291,166.787570508849,145.291685165837,51.3496086513825,31.4900376302754,22.687452648512,107.93107365818,30.2485337480963
SGP,1999,5.71837175710837,0.0167098337370727,4.85,17.2038802401523,6.07284229447315,1.69495666666667,21.8492034558928,176.745012905762,159.73983350712,48.9122577264388,32.6914753593956,22.8506863130545,102.707304148647,8.5145288088367
SGP,2000,9.03831632555163,1.36162392448456,3.7,11.0715031927897,5.25898275858787,1.72396333333333,16.1488904515269,188.350890284751,176.013630183467,46.3748639816815,35.1740359977879,25.8614860377559,96.0524631654193,-2.04958905051756
SGP,2001,-1.07086275100448,0.997197956155943,3.76,14.4329302808565,5.58717831248265,1.7917225,18.9398606857353,182.894180709771,166.397924985207,40.0817720006283,27.6094317950146,23.3946978474146,115.023967340769,5.8578801390303
SGP,2002,3.92336076702013,-0.391676866585049,5.65,14.8770537568056,5.89466903678695,1.79058833333333,6.65366588247055,184.086118066532,165.659895919145,38.4280208891596,25.0736127933875,24.7376403229729,102.024223572871,-0.332045392987635
SGP,2003,4.54825542643229,0.507905300237551,5.93,24.3020823146557,6.14268374450453,1.74218333333333,17.4624153696896,202.586206389804,174.632357911778,39.398793615194,17.2245248736318,24.7654126931969,104.782800634148,8.05292934379615
SGP,2004,9.93998268434957,1.66272719863072,5.84,19.3111213606955,5.5881238501796,1.69022833333333,21.2027237505542,213.951695442646,187.572017095863,40.6143506457402,22.8924616706012,27.1193675970643,95.7289657619849,6.2360518281729
SGP,2005,7.36632239250758,0.425106276569107,5.59,23.2604773041195,4.93299643486235,1.6643975,15.1133588478775,225.159667736916,195.270845183643,43.62664151037,21.506936250429,27.0767617982071,89.2233561956159,6.1936534317657
SGP,2006,9.00676607871758,0.965657519018511,4.48,26.8933813503311,4.90075591105156,1.58893333333333,26.3271523046735,228.037617061062,197.325782481957,48.1685207360732,22.3792634447668,26.5780059858028,84.2870559979133,19.3688281258886
SGP,2007,9.02151951268893,2.10980166714574,3.9,27.143332530687,5.08024174951609,1.50710166666667,26.1619888768056,212.779393731371,181.509078187707,49.970919838469,23.0659529090098,23.8226519045272,85.3517596047783,13.4119145617806
SGP,2008,1.86348345462035,6.63544058395309,3.96,15.08343561816,4.63162921909622,1.41486083333333,7.02328608228286,228.993770935119,208.332943955938,44.3584688806777,30.1596763689779,20.5856649738484,97.8643623312414,12.0486895854093
SGP,2009,0.127953382778088,0.589142019610516,5.86,16.3930632928179,6.00113380620524,1.45451471343874,12.0710944143275,190.844935011128,167.347876817714,43.8631060213423,27.3701152111674,20.2733764290735,96.8613765494725,11.3368089297754
SGP,2010,14.5197497108994,2.82884527612958,4.12,22.9333472183784,5.8077734027456,1.36350833333333,23.0694716770802,197.998960793027,171.686594994619,50.5915809058007,27.6582275190447,20.7738330253125,94.8584026979012,8.59032053414725
SGP,2011,6.21493416858989,5.25115624639373,3.89,22.2184518342372,5.16536886202671,1.25777587719298,17.5960314065854,203.327708649538,175.770922728001,48.8092109004309,26.6919943455279,19.5825515079778,104.703673841577,9.98812939333385
SGP,2012,4.43549759378537,4.58084479423094,3.72,17.6432739045995,5.43623357526727,1.2496762037037,18.7435244231802,196.719612875759,172.493352911906,47.2531022096686,29.2629426703058,19.1168219800662,112.973543165736,7.22530738682461
SGP,2013,4.81763099120676,2.36439793742726,3.86,15.707187590209,5.43683101786015,1.2513,20.9344810446532,195.077796338143,171.963983710876,45.5156971062719,29.9795021855415,17.6384096148755,124.065951568619,4.31565677441557
SGP,2014,3.93554027709007,1.03316955857629,3.74,17.9502135491878,5.12342361688902,1.26705,21.8184880782679,191.953535787505,168.513783378732,47.2950477994746,29.4300082792766,17.9997688921285,128.129763309946,3.3317228215038
SGP,2015,2.97679931634806,-0.521975611895763,3.79,18.6930222903094,5.41630753480116,1.374825,22.6541826890491,178.384608499682,151.08679044058,44.0462153091754,25.353193018866,18.0893298548734,122.421353845761,1.5239908444241
SGP,2016,3.91095306322606,-0.529809760375464,4.08,18.0266123608265,5.59069271249593,1.38154636363636,20.3059406285478,163.796317942987,137.542548284574,45.2357210400528,26.3428829842065,17.3698773941449,123.054693783234,8.0439173974027
SGP,2017,4.32679370770501,0.576763191179996,4.2,18.4885963302097,5.48780927285261,1.380925,29.5741008560154,170.973515561304,144.427917894082,46.6182575489954,27.1803110118491,18.4782631524341,120.442638051885,3.19855609797754
SGP,2018,3.18660848474074,0.438784215129623,3.613,15.6764327413725,4.90921841872551,1.34884166666667,22.7862106121625,177.713039473519,148.012770521334,41.4218332441414,24.6650062452141,20.6143847051882,117.439858431353,3.90187887013683
SGP,2019,1.15877947300108,0.567829988405447,3.1,15.4536632743623,4.79837409853881,1.36415833333333,28.1758142041642,176.819042272174,147.45104630445,39.9868811642176,24.3414821182522,19.3067395308763,119.256588972207,4.95135060515991
SGP,2020,-3.61084281729929,-0.172111865925382,4.1,17.6975168735289,6.5266318785032,1.37974166666667,22.5843942948636,181.179978621632,149.900578206446,42.0805317790255,22.930549192946,19.6581730987491,128.43285830434,13.1910292122895
SGP,2021,10.1410845197192,2.31610315765146,4.64,19.2527773366463,5.86539457353699,1.34348333333333,32.2624851402185,181.159299725796,145.373954861844,44.1544994049441,24.1177810588483,20.6115503058426,,
SGP,2022,4.01027884472296,6.13095418919732,3.591,18.9227008880076,3.52234707372305,1.37866666666667,28.0305519383786,185.010656108821,145.236260954071,41.9202431450759,21.8791987960219,19.6980886706733,,
SGP,2023,1.45026775889565,4.83372362825798,3.444,16.3916456531586,4.31234700367134,1.34276666666667,24.607056245637,180.430012907963,143.271207083937,37.8776158568895,21.1305685622627,16.7319252095723,,
SGP,2024,5.3435120192366,2.38951123595017,2.737,17.2010838902762,4.1819284049901,1.33623333333333,23.5787255966584,174.655854525978,138.643522676429,40.4512885852667,21.8490850721263,16.2580935927289,,
SWE,1990,0.754674765275468,10.3665533879493,,-2.42434625577459,2.88206757647327,5.91879,0.75819431696212,28.0991330492269,27.8063857257316,24.099981344972,29.1105249361854,18.2325837343164,51.1225876846168,0.774311233135148
SWE,1991,-1.14597485051154,9.44462732944189,3.243,-1.69925055089858,3.01984301827038,6.04746666666666,2.31926714864118,26.260096114182,24.9101313834144,20.9766070014591,24.6555310368538,16.5596892806578,47.4277174215653,4.15408147609757
SWE,1992,-1.15859275987265,2.37436725111881,5.722,-3.10926994292047,3.44956800628855,5.82383333333333,-0.00190860154153803,26.1221000092743,24.730307457291,18.0379377945767,22.6710211839454,15.7418595269896,47.4348233415486,3.27731767632731
SWE,1993,-2.06561636908388,4.72817304626049,9.33,-1.95597245054897,3.60697132580413,7.78342666666667,1.74230679582481,30.6029612748006,27.6306297270615,16.1173603248849,18.7234834432765,16.0964486695048,38.149281794794,4.16726696441435
SWE,1994,4.01576585901515,2.15813800724629,9.58,0.324716704352822,3.80619057412386,7.71597,2.74106102115094,33.8120706636247,30.1376709836896,19.7135323893341,20.0212847705087,17.5305246049907,34.2890512636557,0.694858407385637
SWE,1995,4.09438992772475,2.455148578184,8.897,1.84997529476704,3.03605297568187,7.13326833333334,5.59421464046124,37.3398580855886,31.3412260997789,22.6421328430207,20.458951437596,19.5484293296783,31.3247427361649,3.09141280325912
SWE,1996,1.70471985374236,0.533131978766238,9.547,2.01824534931767,2.33378461862783,6.70595583333333,1.88110680656542,36.1265676923344,30.3799543776886,22.3210473085962,20.1959941036278,19.0903221654355,31.832135228372,8.86316277532922
SWE,1997,3.06499186399252,0.658410256243526,10.359,2.76074697809112,1.39439725910341,7.63489416666667,3.82892113248166,39.2316334636844,32.7632651207802,22.7883460327418,19.9815532657995,19.2937312841085,34.718775191535,1.12326959816615
SWE,1998,4.24583179417877,-0.267132668354971,8.941,3.52452706086273,1.71207779271416,7.94986816666666,8.61423402009942,40.1302607304204,34.2044933729644,23.9341692955778,21.1029627211546,19.6051407760386,35.8329382450278,-0.436546982355369
SWE,1999,4.20111929805536,0.462175756339138,7.607,3.92895025312135,1.82729665672222,8.26242833333333,22.9333652251559,40.1768255234438,34.6710916432535,25.3065361234069,21.2259014669133,19.4199233364865,37.4321870279123,8.5140703823011
SWE,2000,4.63112136551369,0.899143734041715,5.466,4.44605675274445,1.66941984045954,9.16224416666667,8.67916615378573,43.245425579392,38.2267335056201,26.1279100246521,22.2311755975548,19.858143662235,39.7999398034271,1.92048536391652
SWE,2001,1.36080642694121,2.40595834145436,4.73,6.17157591368191,1.76274568562439,10.3291358333333,7.51256723790645,42.8995075024433,37.6696753093281,26.5565024933428,22.3039192201803,18.9690208816409,89.5474345222414,22.4286821236818
SWE,2002,2.27772867861897,2.15848213589266,4.965,4.65738421384446,2.1144774464933,9.73712333333333,6.87493521047709,41.1616688311214,35.9236498661188,25.884471746666,21.60471563059,18.6122752817728,89.628767146107,8.25757092878259
SWE,2003,1.88102769675844,1.92565534892383,5.555,5.85859579947662,1.97914951775057,8.08630416666667,1.79831756030611,40.3360837488571,34.9921337375667,27.0420606845295,21.245941934027,17.8650778667437,89.9115276836911,4.41188177928152
SWE,2004,4.17958419343711,0.373659828721824,6.693,5.9556796683309,1.79316727665871,7.34888666666667,4.38300602347958,42.7189306670309,36.0169512517047,27.027224804331,21.1628436942009,17.1592852901607,91.6350257927676,3.36975669575135
SWE,2005,2.79313782840156,0.453170852576138,7.81,6.02094308319674,1.60752829346924,7.47308833333333,5.30592267942897,45.3316169745966,38.8363060434344,27.618082414065,21.277313898577,16.9320292559906,99.2700350890139,16.4819325245292
SWE,2006,4.67607488877992,1.36021468627693,7.066,8.15775334805556,1.57579081615099,7.37824916666666,5.21921287841886,47.5983472649069,40.731913626917,30.4551915093,22.4549230007772,16.8396846318154,102.724459574807,15.0215300021636
SWE,2007,3.22486814096095,2.21216883436733,6.161,8.14767813080377,1.43250724421516,6.75877,9.41612400200535,47.7240209109834,41.8229027500389,31.6446887345155,24.0781550268935,16.8640469063006,111.25228893146,18.5897781453118
SWE,2008,-0.923113250067971,3.43704910602875,6.235,7.9288414126661,1.25544430800608,6.59109916666667,8.05196630424181,49.0140992896845,43.7942694198751,31.0848107198361,23.9610681178216,15.5566555705358,118.417228475241,2.71906858795869
SWE,2009,-4.25561384207619,-0.494460544378051,8.351,5.96764869542423,2.73511631695985,7.65381916666667,2.06323507354771,43.4591254566978,38.4991885106953,26.3833115870369,20.4603001983975,13.7785619416781,124.563322488407,0.505098058416057
SWE,2010,5.75076477579255,1.15798802715626,8.61,5.92506783771235,2.38037538162464,7.20752416666667,0.126859666003955,44.8770299089346,40.2144550183387,28.3752178713302,22.4219023210946,14.9200876020762,123.280099698326,3.50297512121341
SWE,2011,3.16388567406926,2.9611507382214,7.804,5.51028500175063,2.10360028104502,6.49354333333333,1.22329216394859,45.4141189699788,40.9766258360399,28.3369852346343,23.2373150954555,14.7658035471118,124.767458149755,6.64863971977526
SWE,2012,-0.414397702454409,0.888377506923735,7.976,5.53304332576063,2.32075965130654,6.77501583333333,0.777373680569339,44.8335680407679,40.464492501668,26.7330460461636,21.9937736525354,14.075787455749,128.741480388616,3.36892606915059
SWE,2013,1.13766671801426,-0.044292970148682,8.052,4.70549381033489,2.80719012177958,6.51397166666666,0.2546975094246,42.736274814874,38.9039773181224,26.287204290023,21.899375975039,13.3620553717027,131.023007766672,3.81599354340264
SWE,2014,2.29577238758284,-0.179638494114635,7.954,3.44736840993782,2.58575183617163,6.860785,-1.0454392642501,43.4587323957165,40.3642486526362,26.2857864226733,22.8644895912017,13.0439345797552,130.317892577225,4.1774057955312
SWE,2015,4.38824673608589,-0.0467847449832812,7.432,2.71694586220695,2.79051939985163,8.43484083333333,1.94926707461038,43.7114624281719,40.4616141676452,26.1607531122864,23.7906694877918,13.7574995225643,127.51740985919,6.64832835273634
SWE,2016,2.13117914731151,0.984269244577992,6.99,2.0109441785256,2.80614863669302,8.56199166666667,3.01534061830454,42.9375471367813,40.5144007206336,25.7385031216059,24.3491111935187,13.5121304151952,129.172366333007,8.84685293256139
SWE,2017,1.88282184966646,1.79449904665599,6.718,2.1897617916186,2.76167236360183,8.54886083333333,4.54156677126576,43.9177471861903,42.1515616878618,26.789303478275,25.0919649215298,13.3499842845446,132.715906095455,10.0639182390636
SWE,2018,1.7702553546772,1.95353530127028,6.365,2.08249358421543,2.45777473866315,8.69251833333333,-0.129928906336359,45.9408514773526,44.4678627588174,27.0039867108791,25.3360254860097,13.4279172772114,133.266789972115,3.81822692075168
SWE,2019,2.60823012869524,1.78415097403835,6.833,5.21540072405936,2.36175864659101,9.45834916666667,2.9559286166832,48.2886583812982,44.4624806477579,29.2793920090294,24.4772455073125,13.1846571322397,131.822474370602,7.05650936347593
SWE,2020,-1.93379704032216,0.497367318853572,8.291,5.66402536162382,2.71477817462825,9.21030902842085,3.36375559523307,44.2873771533388,40.187218660823,29.9815561986095,24.4207542408468,12.6551436257382,138.459181444506,18.1336662046918
SWE,2021,5.2258643028773,2.16319736447143,8.803,6.24035538176738,2.28146887394591,8.57656671607378,9.17868162234424,47.4842370278491,43.626000413455,31.0883788739809,25.2716067156906,12.8992240335489,136.797864800213,10.4475315520707
SWE,2022,1.25543620445816,8.36929098869189,7.417,4.02280803536862,2.15475930163952,10.114251277564,9.35228228785513,54.3120633586152,52.7996884678965,30.5951527366491,26.9218066455024,13.686213930746,136.077652643424,2.87099561636584
SWE,2023,-0.204061304891439,8.5486248974891,7.611,6.22102368947912,1.97480345957102,10.6101612965536,3.22512369002956,55.1958779701806,52.4238314737936,31.1751181602115,25.2626527566229,13.3941389054248,129.136765656002,-1.2815143580151
SWE,2024,1.01779633304398,2.83581658224034,8.4,6.85769099152574,1.96248348090941,10.5676364344775,5.0794723229992,54.4971396815443,51.4703526317996,31.2477707894553,25.1194850237718,13.0688641772728,125.28961467527,0.306971977737118
THA,1990,11.1671634446293,5.8639947437583,,-8.53154931493565,4.41170447433326,25.585462419191,2.86320410852027,34.1319282448808,41.6504361196591,32.8268187108862,41.3537625860488,27.2036060002487,,25.5190553318751
THA,1991,8.5582603212423,5.70985259891396,2.63,-7.70751149059111,4.84116575518534,25.5167954060799,2.05017744663305,35.9643095170182,42.5068254603993,34.528016169832,42.8413775479448,28.2410871121631,,19.3955051933368
THA,1992,8.08338802345332,4.13914575077053,1.35,-5.65567692212437,5.09736145751023,25.4001281507941,1.89589035115006,36.9724756680199,40.9821700245894,34.0199054218324,39.9639476511796,27.5171542382701,,15.5136756624884
THA,1993,8.25191591524627,3.31219168428468,1.49,-4.93050710851374,5.38309606241756,25.3196110778961,1.39968290876163,36.8172895601126,40.9288275572971,35.9403785639628,39.6561466385326,26.1746397804026,,18.9909564645932
THA,1994,7.99702466720433,5.04774897680755,1.347,-5.49408768770675,5.35205576697511,25.1499518885845,0.93155550985152,38.2421139088502,43.0068390849776,35.8027071005383,40.9077848466695,25.901482479419,,10.6860962987035
THA,1995,8.12031534625378,5.81818181818192,1.1,-8.0232936998296,5.02791401691384,24.9151757040726,1.22161487733782,41.532345065243,48.2238298715814,35.8028117053841,42.8626944049408,26.2081119799014,,17.7427316710277
THA,1996,5.65194446499471,5.80510554737349,1.071,-8.02658256605427,5.10521376349522,25.3426828609665,1.27616818910847,39.018420197111,45.2557278008642,34.6035201809033,42.5326887141045,25.6659977872653,,10.620175603965
THA,1997,-2.75357515314082,5.62579747129106,0.873,-2.01164910932919,4.05176432338582,31.3643344542954,2.59338342691776,48.2370587073887,46.8147319390868,32.2545975091173,34.2747292641036,26.4681730077214,,19.5505422821044
THA,1998,-7.63403528600102,7.99472875027457,3.404,12.5290469721114,6.39744899631092,41.3593875,6.43480671140772,57.9373028444006,42.3031708884277,31.7437445056457,20.0714955249893,27.1478594413378,,10.0696133843312
THA,1999,4.57230775115542,0.284726459223048,2.968,9.81128061226545,6.68570746657057,37.8136558333333,4.81780662046842,56.4385428614735,44.2677458429596,30.4552375675406,20.1734050464464,28.174948317538,,3.79912281611537
THA,2000,4.45524704335014,1.59196917460972,2.389,7.36845240260665,5.07297233118356,40.1118033333333,2.66312868727133,64.840250738685,56.457704612787,30.7820937245273,22.2826056940878,28.375445282081,,4.90795143092956
THA,2001,3.44424900968372,1.62690887314091,2.6,4.24027233043999,5.2498144282551,44.4319,4.21223509530842,63.250689756653,57.01727651688,28.2255095772685,23.1124372100211,27.8267674786216,,16.3771980273823
THA,2002,6.14903605210036,0.697308976625449,1.82,3.46550516817669,5.77678521095063,42.9600833333333,2.48815301889834,60.6457526009701,54.3239904200966,28.103890614555,22.7441937694577,28.5150317752876,,1.30589499894612
THA,2003,7.18924330340971,1.80434994635718,1.54,3.13356400154558,5.42849987458567,41.4846166666667,3.43593984811892,61.522551633189,55.1702680716755,27.9738396418452,23.829298673817,29.5805029456399,,6.24564193777105
THA,2004,6.28934214285795,2.75914926231082,1.51,1.59597338993786,5.12847386166865,40.2224149175021,3.38947495269123,65.9718573391185,61.4400163812742,27.8994841062468,25.6814147024811,29.4189680545022,,5.79279814667161
THA,2005,4.18763842884337,4.54036919634536,1.35,-4.036464315232,4.35228452163583,40.2201302083333,4.33958708070528,68.402716900887,69.4511499313604,28.2409524233023,30.4207508630674,29.6150680597619,,6.09647929371457
THA,2006,4.96781089246107,4.63747436011764,1.22,1.04380762367254,5.08069119941125,37.8819832215363,4.0212567065949,68.6753420333013,65.4116041579669,30.4451483129011,27.0116433930542,30.1680799710117,,8.15519670247754
THA,2007,5.43515169050809,2.24154095286802,1.18,5.92665423116421,5.93095596443648,34.5181805917013,3.28356939351343,68.8722751702483,61.0009518194692,32.2498340915576,25.4960142904031,30.5874496669954,106.362551068585,6.25297359488566
THA,2008,1.72569884866334,5.46848949649846,1.18,0.319466151466348,6.0802354647904,33.3133006412338,2.93824905393328,71.4164181071068,69.0205934338244,30.6620557262506,28.2264349517752,30.5547305435118,105.75976393767,9.16478327823315
THA,2009,-0.690618232300579,-0.845716092316721,1.49,7.87655950254759,9.81395828770847,34.2857741234241,2.27590224065624,64.4386124917652,54.8308063628242,29.2740607965439,20.6363983767118,29.4621400654976,108.983352741424,6.76441683206241
THA,2010,7.51339053261624,3.24758842443725,0.622,3.36732467219252,9.0725601386283,31.685705,4.32320928209171,66.4861731592239,60.7643494790272,29.6275906793853,25.3566546340746,30.9304788194459,115.747568600026,10.9429050955698
THA,2011,0.840132083053334,3.81191694558332,0.66,2.54217096328341,7.74152006876012,30.4917333333333,0.667087644548593,70.8549093801611,68.8204978444147,31.4339629664977,26.7914582468449,28.9958809244545,130.672937960862,15.1209680158006
THA,2012,7.24279620249642,3.00948610403357,0.58,-1.23233637957653,7.26906226177321,31.0830916666667,3.24456444314608,68.9512356297981,68.7237028804414,28.9313113964315,28.0241657146011,27.9727873518431,136.230998631992,10.3754478189973
THA,2013,2.68749556320556,2.18617704418967,0.249,-2.10153458942232,6.51019841309142,30.7259666666667,3.79126450872817,67.1711410731483,65.2911331011204,27.2207671462189,27.4571011829666,27.5886907461759,142.363202683937,7.32085031482377
THA,2014,0.984468863619426,1.89455652481545,0.576,2.85828409870041,6.66361179348732,32.4798333333333,1.22145318013998,68.3941351612178,62.5113602831802,27.4850789547057,23.9190195478501,27.5735009565918,145.564225761056,4.64784956646177
THA,2015,3.13404724911635,-0.898143410569433,0.597,6.91581517168623,7.354632050016,34.2477166666667,2.22468548959784,67.6366902705865,57.2029718819397,28.043823657924,22.3556406383245,27.3740711959416,149.373253475137,4.43563648660048
THA,2016,3.43515771692182,0.186235191075453,0.688,10.5083543932086,8.34136438746495,35.2963833333333,0.843364340718618,67.0708839693011,53.5043433198287,30.0765044478694,21.1054892015174,27.1442393688371,146.223949449025,4.22178650304791
THA,2017,4.1776810321001,0.664415139830893,0.83,9.63103019182141,8.78162959167524,33.9398110566858,1.81550260101987,66.6728324663767,54.2185949672612,31.9424672317789,22.9342956887695,27.0148154805347,144.640307265206,5.01277099942724
THA,2018,4.22287028746071,1.06683487370758,0.765,5.61986314598972,7.78824916649138,32.3102257431458,2.71279835138662,64.838096899332,56.0037678316517,31.6865849444729,25.2195901594439,26.7128343918527,144.088791675771,4.66754763850258
THA,2019,2.11455779628278,0.705524801910317,0.716,7.04854832033554,8.90152084891791,31.0476057805499,1.01734877580041,59.5188906218859,50.1706240932801,31.7166115590555,23.8147525746375,25.6215964143658,143.369163383068,3.63689698519263
THA,2020,-6.09306312966953,-0.846087518861799,1.099,4.1441730948501,12.2043932728337,31.2936732130832,-0.858310188764945,51.3388189664423,46.3236229706734,28.2586166665329,23.7642761877022,25.5648835165284,160.17075930508,10.159916138524
THA,2021,1.55858232076893,1.23104516549814,1.215,-2.14183455857728,9.01100320674599,31.9770934417717,3.04112326260094,58.4211124446229,58.7103597385762,27.6338609938632,28.6772507306111,27.1593914745154,164.142023585507,4.80510932600993
THA,2022,2.63784213566305,6.07589952842433,0.94,-3.42866250197224,7.11722437680349,35.0613502144776,2.39157096115532,65.3338320015535,67.479626286528,26.4000592714881,27.8232930802592,27.0303300560283,156.437761251145,3.87577190401605
THA,2023,2.24883437970568,1.22908986612448,0.733,1.64003832144024,7.56658893215616,34.8021885808364,1.9975474592024,65.5135882745017,63.2787714156634,25.6220712409329,22.3940359236883,24.9848484402188,153.81071706352,1.95048091318844
THA,2024,2.94859986593323,0.398333333333422,0.781,2.19482817825998,7.45570372627258,35.2935380808081,2.70165281834265,69.6726291658353,66.0523066719304,24.0895812398268,21.4528153883175,24.2392268675556,146.295079842162,3.37137348349011
TUR,1990,9.26614667149315,60.3038691346447,,-1.74238577195045,3.1611868376464,0.00260864166666667,0.474592695978886,13.3651028519296,17.5778926485052,21.6913622900512,24.5492675167824,21.9578069720618,,53.0784361009812
TUR,1991,0.720279039109613,65.978567991895,8.21,0.165524841501632,2.85972029652918,0.00417181583333333,0.536300486465289,13.8411301141106,16.6348815592789,18.552669829995,22.7120396231239,22.1719176235394,,82.9299971922575
TUR,1992,5.03563493261181,70.0761038690374,8.509,-0.612175223712419,2.98288711526786,0.00687242333333333,0.530468058329858,14.3922357339889,17.345129910515,18.3487938187326,23.3622714401738,21.6370883362235,,78.1406013654508
TUR,1993,7.65126520761324,66.0938429820004,8.962,-3.56565306523328,2.51197349949084,0.0109846283333333,0.37579865975877,13.673802849848,19.3432849256138,18.5139518184645,26.6156090890252,20.8090845243861,,64.2219816444731
TUR,1994,-4.66814736735584,105.214986469202,8.577,2.01377036999334,3.40113427671981,0.0296086758333333,0.465363886338255,21.3621312072128,20.3837211337284,18.1913193135684,21.3205329264016,22.0629117902148,,144.796792283409
TUR,1995,7.878266878218,89.1133172248499,7.644,-0.99616690058046,3.72027864167706,0.0458450608333333,0.377077718996453,18.3238507569896,17.6686297382878,28.5671978386522,27.4023252690356,25.6806415551569,,104.189575356313
TUR,1996,7.15779847930847,80.4121511388042,6.629,-0.973371226633304,4.01481843420629,0.0814048916666666,0.288376703171623,19.5581113911938,20.0896066432611,29.0220055246417,29.0861159032907,24.4068957771061,,116.539752813045
TUR,1997,7.3578623747848,85.6693616499779,6.841,-0.999933462545818,3.9115922183397,0.151865,0.305135116508485,21.4390354082889,21.3220312744105,27.7125434492721,27.0279861254657,24.4134440620936,,97.795962978652
TUR,1998,1.90857064345151,84.6413434846314,6.888,0.724544822196581,4.10647163475539,0.26072425,0.340536066432393,20.6544822015948,19.7225065361954,27.1447648260839,25.2997631419224,22.2589950528246,,89.3165372669224
TUR,1999,-3.05277055759434,64.8674876350757,7.687,-0.360379399136068,5.46612415757457,0.418782916666667,0.305056291376802,18.8307575753475,18.8357467519768,22.0235401957254,21.5049637841958,19.9962744119636,,101.990903596583
TUR,2000,6.98528697817062,54.9153705812683,6.495,-3.61057524589502,4.15738738710061,0.6252185,0.357417831801301,19.9334162657424,22.4412584330653,21.7808217926706,24.011318241332,18.7151922238983,,40.6579603704381
TUR,2001,-5.45940838563062,54.4001887619074,8.381,1.85959025093731,4.59996500318701,1.22558808333333,1.65780492583561,27.2970601933763,22.6477228745251,23.2681261301699,19.6143621979648,17.7333900105769,,90.3681345819734
TUR,2002,6.43550883793114,44.964120947985,10.358,-0.259990521546323,5.6418668646411,1.50722641666667,0.449376588359619,25.2651261294128,22.8374839940274,23.0727365940066,21.525989356389,16.968714485741,,27.8854548386466
TUR,2003,5.79909321038525,21.6024384490573,10.542,-2.39510781690365,5.24559296762759,1.50088520858333,0.539644361182156,23.1946607252779,23.1734946135067,21.4394238050065,22.8567811256469,17.160796039884,,14.4368313894372
TUR,2004,9.92540551918624,8.59826168115262,10.838,-3.46160310805252,4.07383655222626,1.42553725,0.679008638958041,23.8544386839448,25.1390188595817,22.7880020234274,25.167773403717,17.0049348136258,,20.7916923029449
TUR,2005,9.11157745861635,8.17916036802008,10.636,-4.12736838327371,4.74021599368579,1.34358310833333,1.97338571270823,22.118798245903,24.1900326387181,24.7258467551369,27.5674708715615,16.9654070152769,,35.9674535965493
TUR,2006,7.06762607623939,9.59724212288446,10.227,-5.5679426761279,4.83278965480535,1.42845341333845,3.60660172381881,22.6756853295786,26.2699913345528,25.8179668236582,30.1577149171837,17.128017347193,,22.1742755205438
TUR,2007,5.10818513903604,8.75618090972632,10.285,-5.39177822047968,4.81895725661339,1.30293090533794,3.21746696332257,22.1875803331528,25.8398878465602,25.2830780835417,29.5493413273707,16.8723813093296,,15.2256667825437
TUR,2008,0.920118221365883,10.4441283764885,10.965,-5.0844969449165,3.91083997729574,1.30152170281795,2.56004537243285,23.9213779600098,26.8398720466583,26.1091140699053,29.7262007474574,16.3362608475528,33.1628558443028,24.8236892617555
TUR,2009,-4.88269401706633,6.25097663090626,14.026,-1.73697758122388,5.4952405363962,1.54995977566564,1.31290302296241,23.7578595278795,23.2812790453404,23.357563501902,23.6948756749495,15.2130500089068,36.8190783164554,12.659447539705
TUR,2010,8.54219848467686,8.56644420552976,11.879,-5.70254261669491,4.98149669912827,1.5028486296723,1.16274364749147,21.5899457839207,25.3533908870685,24.0439420609212,28.4520777825517,15.1158365547928,44.0459707563417,18.5468590903933
TUR,2011,10.9799625273598,6.471879671151,9.789,-8.81351105932507,4.01504832644044,1.67495455197133,1.91686136260632,23.4903574412774,30.1612264563406,24.6322351342824,31.958286232969,16.5303098311021,48.7422084050823,15.2040266142652
TUR,2012,4.80762696633448,8.89156996512163,9.21,-4.72096418758118,5.52884305144567,1.79600094441355,1.55241965245755,24.9658181147838,28.3619431820769,25.4451759921484,29.421538205313,15.9402307745547,51.5586765950105,10.4222746838655
TUR,2013,8.48825689298511,7.49309030547693,9.713,-5.12686124176872,5.46467548164703,1.90376824244752,1.40962960980578,24.403259811358,28.6650931929463,26.3399370821622,31.3649431990856,16.4008846890319,59.9792914244143,21.1528217605728
TUR,2014,4.60079447270559,8.85457271364316,9.901,-3.40746259930754,5.46656223125612,2.18854241775473,1.41530142282668,25.8173246854016,28.4894493558784,26.8300125662284,30.2115390664919,16.9058575089632,63.2376327204216,11.1834252618819
TUR,2015,5.80557386628684,7.67085364845885,10.304,-2.46735825450658,5.46401299517088,2.72000852790578,2.225752648523,25.280784580735,26.5941406789482,27.7921333695116,30.062899150791,16.7689719715354,66.3898521051604,16.5146558080824
TUR,2016,3.32366508200445,7.7751341532833,10.899,-2.54530792537505,5.43169973687983,3.02013474808043,1.58873607703875,23.6322024334399,25.2379813745471,27.3477821809118,29.8288300175216,16.8380121277676,69.2826364676667,17.6487882326682
TUR,2017,7.82585730002594,11.1443110840764,10.919,-4.06783613710293,4.7879486495226,3.64813263536867,1.29532700760314,26.5394989930636,29.5961595228053,28.7891671366617,32.7946921972451,17.5741769956451,70.0844027288208,16.3519224190184
TUR,2018,3.46815306092219,16.3324638988929,10.956,-1.85233343060557,4.21759333209898,4.82837014720942,1.57923380202967,31.7278536539697,31.0972787311468,30.6657489976786,31.3408009091416,18.9095014162052,66.6976668187438,18.3800271601425
TUR,2019,1.30162365464503,15.1768215720022,13.73,1.9351600379275,5.18429649280588,5.67381930843574,1.22536076199392,33.0298811646869,29.548577767937,29.5729485423088,27.5058303832163,18.2598551795211,64.2557519386267,27.0230864954567
TUR,2020,1.80306247087255,12.2789574462574,13.148,-4.22284721473811,4.62292551551256,7.00860541558522,1.02531493703228,28.7400043468285,31.6498487704686,30.0930836117879,34.1540560799477,19.0347706467316,75.2676019236764,34.2428853167296
TUR,2021,11.811094450607,19.5964926913324,11.969,-0.74064931592423,4.45898866581647,8.85040754928315,1.50891969619413,35.0536332850518,34.5552643235919,33.6140643281242,34.3761444701623,22.1239158921094,70.9983608541485,52.5179442604431
TUR,2022,5.44122511322401,72.3088359891207,10.465,-4.99763806227356,3.88032643940638,16.5488604173067,1.48839623728753,38.1412107474416,41.7570614839925,33.9528124324798,38.602139717568,21.8019507331825,53.4262221477913,60.3393272630693
TUR,2023,5.04512369812289,53.8594087593315,9.388,-3.63367003503212,4.15773246137926,23.7385661219918,0.933806495534912,31.9135926809724,33.7696157928943,31.7494652121673,34.5882765114043,19.4686514459728,48.7952169007544,69.9363518878266
TUR,2024,3.3276230893799,58.5064507300342,8.8,-0.766008235540632,4.72961263910876,32.8058614432703,0.860701598247461,27.5682232095509,27.0305829100406,29.9143206230241,30.7311559549208,16.8424801408013,42.9671022144841,36.8905469454764
USA,1990,1.88596557755378,5.39795643990325,,-1.32399955459737,2.73557589265657,1.0,1.19450410722934,9.25473206751338,10.5603352862181,18.7592652466551,21.5292134484762,,114.791425711226,2.67796315144365
USA,1991,-0.108312873733027,4.23496396453849,6.8,0.0462965293516911,2.60169338107099,1.0,0.56104703230478,9.66090512231881,10.1255430017786,18.814188530315,20.1106050230516,,119.177672922602,1.50050822184513
USA,1992,3.52249717254271,3.02881967814969,7.5,-0.791448803104507,2.31231476555185,1.0,0.464853986617542,9.70891490564814,10.2416795967442,17.6880246956939,20.0775819985715,,118.243163763414,-0.153170227029685
USA,1993,2.75179586314481,2.95165696638559,6.9,-1.23616054042839,2.39765174502404,1.0,0.732369583756588,9.54718039168286,10.4974383102923,17.051004445686,20.39362787431,,120.994532191545,0.596428630339938
USA,1994,4.02902272637739,2.60744159215453,6.119,-1.66925292387951,2.06391324712794,1.0,0.767643589421284,9.89314741556332,11.162311746182,17.8617050415274,21.2790967659069,,120.183035270976,0.404668958759194
USA,1995,2.68443073970295,2.80541968853662,5.65,-1.48644935848023,1.95523553618241,1.0,0.904218188320061,10.639223880261,11.8141577687958,18.7589369755472,21.2726491406982,,130.168599500427,6.86921920992869
USA,1996,3.77277269047364,2.93120419993441,5.451,-1.54496736206885,1.66275864603054,1.0,1.20969310261879,10.7466355642836,11.9404364259576,19.6511225768668,21.7018149855781,,137.665711099743,7.86548945474707
USA,1997,4.44712793442667,2.33768993730735,5.0,-1.64061377884972,1.2572687990174,1.0,1.4240659805968,11.1197577117574,12.3085700908604,20.8476579331725,22.4097154992473,16.0871819838574,146.57986221463,8.0034975144461
USA,1998,4.48313335499124,1.55227909874364,4.511,-2.37273907218914,1.29127119690475,1.0,2.32984953795271,10.5152625281963,12.3106314515674,21.3905003267748,22.9583362435764,15.7743273531839,157.804656954083,9.6018980689528
USA,1999,4.78842504836746,2.18802719697358,4.219,-2.97598256993022,1.07377331452326,1.0,3.244143080406,10.3093372229257,13.004232506698,20.9261032821343,23.4191332062183,15.4590709001978,171.614264671168,9.508532583145
USA,2000,4.07758575997799,3.37685727149929,3.992,-3.92088461637514,0.854272096906953,1.0,3.40578123865959,10.6927727297913,14.4102128270623,20.8133351907218,23.6783666531655,15.1150690882174,162.620241986949,8.11046448534502
USA,2001,0.955538337599847,2.82617111885407,4.731,-3.72407526075822,0.938134144021969,1.0,1.63009976725416,9.70344820873397,13.2637348067635,19.6572760977701,22.17672222144,13.9193104206237,170.849434711063,7.9327961660052
USA,2002,1.70044733078285,1.58603162650601,5.783,-4.17334150234402,1.11647810305723,1.0,1.01613965201918,9.13138565379718,13.1549985598093,18.3808596273365,21.7226602573604,13.4528837394598,162.404344473509,4.4521933056666
USA,2003,2.79560596378604,2.27009497336115,5.989,-4.55897769378821,1.19878399570069,1.0,1.0221840098809,9.03565240541354,13.5916448812678,17.4287148287646,21.7456280086763,13.3165025029569,177.400119261883,4.40369366436937
USA,2004,3.84777169267127,2.67723669309172,5.529,-5.20485224269137,1.05559111218244,1.0,1.74869094348654,9.62874787307988,14.8193087841105,17.7331607023412,22.6521453858971,13.1741780601703,184.805504038329,5.74204572685685
USA,2005,3.48354993710312,3.3927468454955,5.084,-5.74598267055862,0.903588941772187,1.0,1.09166231632209,9.98205641037558,15.6565009333013,18.1224580010564,23.3757186121201,12.9833217030159,188.633073823051,8.07350612101042
USA,2006,2.78453963674239,3.22594410070404,4.623,-5.91102091022869,0.920734980795974,1.0,2.16033590475335,10.641389509223,16.3338962966673,19.199754364329,23.5375300484967,12.9907263775984,198.283902773609,9.00282393246698
USA,2007,2.0038583039496,2.85267248150138,4.622,-5.08872735734161,1.06599499526028,1.0,2.39469075656401,11.4637892950146,16.5482262680953,17.427948488859,22.5575761277216,12.7697556443079,206.35133732187,11.7134893815654
USA,2008,0.113587247501258,3.839100296651,5.784,-4.71585990444596,1.07901356702484,1.0,2.30937838146355,12.4258439246081,17.441943601098,15.0588069137003,21.0374883665128,12.2167268184361,185.125593254636,8.17510450082247
USA,2009,-2.5765002366652,-0.355546266299747,9.254,-2.62283632200348,1.92028077353965,1.0,1.11260018343609,10.9322190593537,13.8273085764833,13.8930493967185,17.768753245858,11.6987879252113,187.479963222695,5.51260115427482
USA,2010,2.69519258673525,1.6400434423899,9.633,-2.87064145448882,2.00331890203891,1.0,1.75453192115262,12.3413554322086,15.878527508625,15.3832511206248,18.6722135353972,11.9060799107128,181.920666527452,-2.75233991566368
USA,2011,1.56440685205419,3.156841568622,8.949,-2.91862065322661,1.96135892377522,1.0,1.68911235141732,13.5634637825829,17.2790147933311,16.3373255386695,19.0335385248926,11.9472438629074,174.474559125537,6.68335521506315
USA,2012,2.28911339009767,2.06933726526067,8.069,-2.57236847367136,2.04662420386995,1.0,1.54020833064168,13.6440512687054,17.0377883064876,18.3792944123805,19.9507258841994,11.8575622570978,175.443843579456,4.9016933844745
USA,2013,2.11783009443471,1.46483265562717,7.375,-2.01090797096302,1.59421468829977,1.0,1.70686814034716,13.5534918818154,16.3878144030073,18.5633187946246,20.3792642750296,11.7719128367022,184.162921715823,4.50111351356626
USA,2014,2.52381981757846,1.62222297740817,6.168,-2.10117617206317,1.48004639876335,1.0,1.43033863092168,13.5082142132235,16.3983551242045,19.656661027986,20.9011935276745,11.6174420373125,184.794021331949,5.17839955418545
USA,2015,2.94555045227337,0.118627135552451,5.28,-2.2325584903738,1.34985594012155,1.0,2.79548220201356,12.4111486301271,15.2770653039497,19.6984272057875,21.4151895660781,11.6055807430427,183.632163440252,3.14303976348123
USA,2016,1.81945147909089,1.26158320570536,4.869,-2.10699725119707,1.44075451131827,1.0,2.52268117379751,11.8881592273253,14.5644385592212,18.5586926139993,20.8879562484549,11.1581029329942,186.327051044306,3.84943175924811
USA,2017,2.45762230126449,2.13011000365961,4.355,-1.87442427129943,1.48411996805483,1.0,1.94177554246862,12.177481026766,14.9478571955214,18.9790569108808,21.1557690246563,11.1814907295506,194.090996653847,4.80195396372877
USA,2018,2.96650506701943,2.44258329692817,3.896,-2.12518413076048,1.3600015179599,1.0,1.03945408799819,12.2871107596266,15.1582483706352,19.2309245179584,21.5690729259474,11.2802494089516,183.054001756212,4.03042002361151
USA,2019,2.58382533052225,1.81221007526021,3.669,-2.05182158462342,1.54805985915951,1.0,1.46696501417689,11.7891974097286,14.4692832148142,19.4296726896058,21.6698091948266,10.9764075104612,194.735258917444,8.39189902015057
USA,2020,-2.081375977796,1.23358439630629,8.055,-2.77659039897534,2.09737678529136,1.0,0.641236014628299,10.1230809550527,13.0168627958622,18.3841091960382,21.4377205146449,10.4725237062381,217.264343389463,19.5598177699877
USA,2021,6.15202247867526,4.69785886363742,5.349,-3.61901225446136,1.97445270826071,1.0,2.01451214498067,10.8266687797107,14.4060572431224,17.7191305020369,21.4064022284747,10.5250313827085,219.125940110191,14.5395068823421
USA,2022,2.52421385073222,8.00279982052121,3.65,-3.81177015326345,1.67967044769329,1.0,1.60006208497274,11.6540970440015,15.2538011117724,18.2901078480764,22.0268164402666,,187.087355429321,-0.865150140224395
USA,2023,2.93436322440155,4.11633838374488,3.638,-3.33680827263036,1.79263382538627,1.0,1.30141768246586,11.0506737190927,13.878624456192,17.1362533011054,21.5701430454153,,191.075390105862,1.81977474451414
USA,2024,2.79318715363841,2.94952520485207,4.022,-4.04564637199117,1.94032058064747,1.0,1.01391858895004,10.97469647515,14.0413208226783,16.6047608757631,21.5325967668865,,195.875075677875,5.28199055240445
VNM,1990,5.10091813908369,,,,,6537.6046856884,2.78132276010011,36.0386136391372,45.2770843017519,,,,,
VNM,1991,5.96084393218912,,2.14,,,10121.8932306763,3.90279682064747,30.9150393380004,36.0319130561748,,,,,
VNM,1992,8.64604745934572,,2.109,,,11202.1916666667,4.80334781572863,34.7455958184055,38.8312893080737,,,,13.656910216046,
VNM,1993,8.07273065739605,,2.037,,,10640.9583333333,7.02759252660212,28.7227826669423,37.4894844843075,,,,16.5294642729826,13.1768801063396
VNM,1994,8.83898095245374,,1.972,,,10965.6666666667,11.9394828586715,34.0131286444039,43.4600692982849,,,,,
VNM,1995,9.54048017491264,,1.955,,,11038.25,8.58596585460392,32.8128553339566,41.9084105866522,,27.1442426996138,,18.4846722471733,
VNM,1996,9.34001749939179,5.67499999999992,1.93,-8.19224337661192,1.62006323557859,11032.5833333333,9.71308063712156,40.8684874244585,51.8372593774353,21.196503227514,28.1028981458336,,18.6700359511241,25.7952551736556
VNM,1997,8.1520841433542,3.20952606261375,2.87,-5.69221074168667,1.67065693157512,11683.3333333333,8.2700967582097,43.1027067530124,51.2417773154392,21.7955061723789,28.2995826198971,,19.8488411245349,25.2921093986626
VNM,1998,5.76445545848843,7.26619804400963,2.29,-3.94713600744563,1.68021976323165,13268.0,6.14121440264586,44.8483033762953,52.1529451355476,23.3447998293709,29.0498785375758,,20.1238631421789,23.8094491308103
VNM,1999,4.77358688344989,4.11710235771736,2.33,4.10338164918913,2.81499203601051,13943.1666666667,4.92266345680124,49.9662459731661,52.8211606307915,26.8713762086002,27.6297563146656,,28.186587055123,66.451597275209
VNM,2000,6.78731640463151,-1.71033727851111,2.26,3.54799694298148,2.26421457232101,14167.75,4.16392407955693,53.9214970089166,57.4955974105958,31.2477933126531,29.6099138223826,,35.2590740095008,35.4193184888872
VNM,2001,6.19289331233377,-0.43154451172818,2.76,2.08657136826562,2.35511336174289,14725.1666666667,3.97733545270572,55.0619332820827,56.8940047164421,31.3018955804133,31.1727734549497,,39.2903936255311,27.3364623562903
VNM,2002,6.32082099160833,3.83082838168468,2.12,-1.72255927072095,2.21304125688085,15279.5,3.99268705133996,54.7391336880928,61.9577349644058,32.5276745084571,33.2205344910613,,43.1307744856858,13.274534903329
VNM,2003,6.89906349055258,3.23464817293925,2.25,-4.88211706972335,2.69483955307833,15509.5833333333,3.66601229989583,56.6732579147533,67.6546965243715,31.4932205734823,35.444857957463,,48.37235081336,33.0520443309966
VNM,2004,7.53641060890386,7.75494748709606,2.14,-2.10663701040253,2.44283108743254,15746.0,3.54408107288199,59.7310414143857,73.2854564543616,33.4663826860355,35.46533166878,,58.7224307884587,31.0499764852015
VNM,2005,7.54724772895918,8.28457243128667,2.078,-0.971989162897001,2.6536574396688,15858.9166666667,3.39040363930871,63.6994926701393,67.0153533748869,33.0750336525299,33.7574028912441,18.8232835631471,60.4667877825079,30.9067104594998
VNM,2006,6.97795481056711,7.41801715108469,2.046,-0.246704373698266,3.22464007846191,15994.25,3.61600090432522,67.7168143260187,70.5968075435795,33.3307633776547,34.5366510764767,19.3807256267869,65.3595423737595,29.6707958733482
VNM,2007,7.12950448605439,8.34444889773847,2.026,-8.98165936412439,4.07509843575345,16105.125,8.65471771434805,70.517874602272,84.0875093942823,31.8402168926241,39.5662708970146,19.3804144953877,85.63968738395,49.1059973689467
VNM,2008,5.66177120891362,23.1154483474477,1.889,-10.9179529896098,3.214583734425,16302.25,9.6630390545572,70.3366919402715,83.9807876874868,27.9004725574194,36.4931217965814,18.5796576460957,82.8727709652009,20.6975270606376
VNM,2009,5.39789754014181,6.71698269988631,1.737,-6.23310024019381,2.57418384374192,17065.0833333333,7.16881988884276,62.6088840664865,72.0974336552711,27.5027461713316,37.1625554335215,18.3010354592131,103.322353769645,26.2326704190675
VNM,2010,6.42324482239482,9.20746648778413,1.114,-2.90486815229253,1.62054734201626,18612.9166666667,5.4347392933443,54.1758459668515,59.8018415728627,33.4362082984551,37.0990761715168,17.1305705708367,90.3531701049882,29.7146068413459
VNM,2011,6.41316889681683,18.6777322770706,0.999,0.136736251193688,1.4173501296534,20509.75,4.30487434902161,61.1801557211956,64.0804222196337,35.7658995890204,32.3711434429224,18.694145538196,79.9430818204467,11.9424460401465
VNM,2012,5.5045447041189,9.09470339557193,1.027,4.82078231422777,2.48702822538998,20828.0,4.27832287681174,63.4739249038633,59.7501918421214,34.8650174309066,30.5592897696566,20.2740924828827,75.5493913710905,24.5447476994067
VNM,2013,5.55351081026072,6.59267475899192,1.316,3.62409015316054,2.14652156785821,20933.4166666667,4.16454517277325,66.8004459919109,64.0459088748316,33.201341895001,30.2129034609593,20.6874536915425,77.5581108210475,21.3994701544947
VNM,2014,6.42224312118567,4.08455446637625,1.256,4.00897026449707,2.53633468509765,21148.0,3.94086189051961,69.5985759502054,65.8119455041556,32.9915517464879,30.2890267860991,20.371229229791,80.0010314902415,19.7400184853866
VNM,2015,6.98715430598611,0.631200905175685,1.848,-0.853052854546214,1.8503725793752,21697.5675,4.93190773329022,72.9228518369495,71.9913763582877,28.0729400269014,32.1089158178217,20.9600916821922,90.399227327709,14.9084399187805
VNM,2016,6.69000892660424,2.66824816969082,1.848,0.243099852637275,2.22398532927413,21935.0008333333,4.90089302916746,74.1072862556183,71.3022217174998,28.4694474915156,31.7245390951042,21.4882532002034,98.8589607655139,17.8803568555182
VNM,2017,6.94019037359206,3.52025688811618,1.874,-0.586095207209378,2.46290138784708,22370.0866666667,5.01148721749681,81.7625218355655,79.2175618233041,28.8568707708552,32.305300920099,22.6271239749306,103.972032257471,14.2563683115213
VNM,2018,7.46500685572751,3.53962805942641,1.161,1.90236367538642,2.52957991101101,22602.05,4.99828319622328,84.4234560833365,80.2404806925565,30.9316977896393,32.019502902433,23.3671679233065,105.275984683547,12.6983839076477
VNM,2019,7.35926270105006,2.79582367452244,1.681,3.91824395534243,3.36679352940087,23050.2416666667,4.821074861051,85.1575874073411,79.5466276240668,31.3330314964469,31.9799606565797,23.7867165015145,108.031900933361,13.6213022976993
VNM,2020,2.86541320912272,3.22093436652515,2.103,4.34486906553373,3.9782956088746,23208.3683333333,4.55836196782424,84.381598008957,78.8642648059779,33.0073258956685,31.915688393806,23.9472430412931,115.525349937741,13.6334900036844
VNM,2021,2.55372852648131,1.83471554810462,2.383,-1.26284279203588,3.68607429495755,23159.7825925926,4.27314566190187,93.8502071275575,92.8256257092568,32.5963636488186,32.8956023366901,24.4593726835115,124.282898747665,9.67595141463418
VNM,2022,8.53750041218142,3.15650749963112,1.57,0.339101746979362,2.65055544761863,23271.2125,4.32947308910883,93.420129043511,89.7334901043249,33.0480243558189,32.3404994444961,24.6563821395791,124.961478822546,5.67940973729915
VNM,2023,4.97865959483225,3.25289282667662,1.645,5.94575853346696,3.01759407672039,23787.3191666667,4.26458856546888,86.7366640875238,78.2589213683517,35.0029432211294,31.6683495522758,24.1127941421439,,
VNM,2024,7.03955197123018,3.62109273885844,1.602,6.33496605552948,2.37407817485002,24164.8858333333,4.23450755062236,90.1662693374998,83.7189908785716,37.0411480009622,30.5847264337631,24.3330816740279,,
ZAF,1990,-0.317760426540374,14.3209918914915,,1.23093530701267,1.19465480077854,2.58732083333333,-0.0600742002495873,21.5385417337418,16.6732591904381,14.5339652609084,18.2312412035802,23.7435109635203,71.9381989225056,11.8541812895805
ZAF,1991,-1.0182449675445,15.3347785733672,23.137,1.03482370495217,1.52429876674072,2.761315,0.187963513611018,19.3408153425832,15.5407939143944,14.9190153498464,17.8354850806236,23.1384260995339,,17.1112327445867
ZAF,1992,-2.13703284500521,13.874703748615,23.463,1.34745427194466,1.45376401915937,2.85201416666667,0.00228504771765059,18.9551466044412,15.3662068949062,14.7652708759134,15.7145549853145,22.3050145423398,90.9830767248599,2.86121074391479
ZAF,1993,1.23355793864741,9.71742729803028,23.361,1.90438081566821,1.30157267285546,3.26774158333333,0.00767048159682976,19.914366630953,15.7837577150899,15.8181708495112,14.161207817224,21.3870941167691,95.8282557245959,6.30978492333901
ZAF,1994,3.20000000297172,8.938563723594,23.067,0.0192951572527621,1.30339237556196,3.55079833333334,0.24389539814991,19.549337805111,17.5652713615169,15.3713439787969,16.4704957860317,21.0159817531681,101.058603173147,18.316029210941
ZAF,1995,3.10000000054411,8.68042421392631,22.705,-1.45179160612888,1.43270061747907,3.627085,0.72694450392697,20.0378606077754,19.4401731715272,16.7229243750952,17.7000132325077,21.2467296668225,105.007084387737,16.0313711547903
ZAF,1996,4.29999999726792,7.35411972085333,22.5,-1.0280828308777,0.749182306824821,4.29934916666667,0.500131495666207,21.7747432189724,20.4245085135556,15.6676340468534,16.5683988950434,20.2672862924698,105.543868603211,14.2789399770195
ZAF,1997,2.60000000146347,8.59777611252274,22.549,-1.31813387872595,1.81151705227386,4.60796166666667,2.25505250994968,21.6605918552042,20.6407425739789,14.8721005678227,16.2941004369842,19.9134866388256,102.365461231743,17.813208209646
ZAF,1998,0.50000000034143,6.88054521037351,22.739,-1.4374968242162,1.76142933259018,5.52828416666667,0.359738435986599,22.5192718175416,21.5164735193548,14.7707269426762,16.4278913701127,19.3278130726006,103.718943195112,13.6529503084555
ZAF,1999,2.39999999746338,5.18148905111697,22.884,-0.445657419944882,2.54961732709242,6.10948416666667,0.992187596290552,22.2692159746602,19.9890800426071,14.4134925403983,15.6550464913797,18.5261294778975,118.174400475191,10.9072517477965
ZAF,2000,4.20000000067826,5.33895913599828,22.788,-0.125570459653347,2.38388518393691,6.93982833333333,0.638427514423676,24.4043033106919,21.8164184247158,15.1071311384903,15.0602810875446,18.968266431053,117.095366481502,7.2150569801568
ZAF,2001,2.70000000019104,5.70189483049608,22.652,0.253001084795547,2.45317346788814,8.60918083333334,5.36834529785161,26.3566606345688,22.8142845512603,14.75987098618,14.5737803066035,19.0369578655221,121.069745626227,20.1898763195526
ZAF,2002,3.70037440406668,9.494713780996,22.579,0.781937464700479,2.50168882524226,10.5407466666667,1.14635726911695,28.4311672176802,25.0343344117566,17.9462746689553,15.036119660525,19.0721822951943,97.3173728340895,18.2861907179626
ZAF,2003,2.94907546754213,5.67942414068799,22.679,-0.782449992267883,1.92764823872227,7.56474916666667,0.397492744432543,23.9152733614034,21.8085892075755,18.3856021936131,15.6571145272722,18.502111880883,102.767701183828,13.3506016752208
ZAF,2004,4.55455990721774,-0.692039437857687,22.567,-2.50726120703613,2.68935775221081,6.4596925,0.274199790569949,22.7575187856654,22.8860564383387,16.9812413466822,16.9603513170499,17.9898145212371,112.820913420211,13.1529978250787
ZAF,2005,5.27705197295467,2.06285308223427,22.472,-2.7747758989594,3.16114379578521,6.35932833333333,2.25781874505445,23.5997644915436,23.8280169054893,17.6980975254121,16.8318153447643,17.3705797296878,122.283168033262,20.6974499044266
ZAF,2006,5.60380645895889,3.2439076541923,22.304,-4.00012427594728,3.23727857447778,6.77154916666667,0.205125538574008,26.098249881712,27.6698913924026,18.1066244019378,18.4902026867601,15.5955245517406,139.007367744321,22.6230098902238
ZAF,2007,5.36047405394162,6.17781214809388,22.26,-4.86189160706926,3.46397510382695,7.045365,1.97755772219349,27.958964394702,29.166174743045,17.0070365918154,19.3259650755187,15.4419248277389,142.422045511185,23.9311377038079
ZAF,2008,3.1910438863288,9.90998456005467,22.407,-5.1861810846768,3.3280835307273,8.26122333333333,3.12686614310453,32.2546736710677,33.7198501285556,16.3236463368662,21.2872491181391,15.6086910770333,125.955880255506,14.7382134965665
ZAF,2009,-1.53808913525583,7.23809523809527,23.523,-2.38458187361532,5.12662348081341,8.47367415824888,2.31217470344994,24.9827464883237,24.6047888395564,17.3774362268234,18.7669441984248,14.5078043632622,121.094546324717,1.76108595452723
ZAF,2010,3.03973288127956,4.06749555950263,24.683,-1.29901805615596,4.54059848802417,7.32122196115288,0.884904611686012,25.7834176267221,24.6226695358778,17.14240591184,17.5956446037105,13.8595736133129,124.093899905646,6.93402988299978
ZAF,2011,3.16855627858818,5.0008533879502,24.639,-2.01967628513274,4.19180307031225,7.26113213232735,0.903381424332556,27.6981484703752,26.9382019655219,16.1020568568902,18.8532376550132,12.861770015896,118.970675992703,8.34128453392681
ZAF,2012,2.39623238465745,5.73797139141739,24.727,-4.68373643403848,4.33171873217314,8.20996862659332,1.06492249485696,27.1391491937679,28.4434679995666,13.4973772040141,18.5845354435045,12.4825918463265,125.167785450237,5.17173025655565
ZAF,2013,2.48546800826588,5.78016910069176,24.561,-5.33837274756911,4.30463726127469,9.65505606913526,2.05358095229684,28.379280320361,30.4957473096901,13.8378436838246,19.1687625943111,12.3667757766351,127.029272479725,5.91659072840692
ZAF,2014,1.41382645223793,6.13282953059149,24.89,-4.81243259488482,4.42516066122755,10.8526555687831,1.51932743753979,29.0006193033471,30.4989547517121,13.6817734164401,18.4879638168327,12.4807113856549,128.838374779653,7.27948797272016
ZAF,2015,1.32186223678229,4.51869094892506,25.149,-4.31028688643789,4.72421413251299,12.7589308811644,0.438735792056356,27.7136384124829,29.0130377322327,14.288975935155,18.6332066638376,12.5179444713924,127.203244242731,10.3236455754922
ZAF,2016,0.664552307858116,6.60290842394872,26.536,-2.63361451678797,5.43700662124582,14.7096108855267,0.684612553455795,28.1560881698955,27.7051693349827,14.2879088248417,16.9604522948246,12.4836443520042,124.360496111764,6.0794489265993
ZAF,2017,1.15794695181735,5.18618655524149,27.035,-2.37436753188649,5.2254571809234,13.3238014244992,0.539673956759456,27.3400757812216,26.1958560481525,14.2437065990572,16.6107340612402,12.5127045016941,127.030283858454,6.42553637795089
ZAF,2018,1.55678384721676,4.50987264867388,26.906,-3.00051939426576,4.81246249518312,13.2339264715833,1.3742911715346,27.4970371508423,26.9885079767917,13.2302445569483,16.1705829786619,12.4570332833175,118.380857963487,5.59961566272095
ZAF,2019,0.25993557687633,4.10285075461156,28.468,-2.6199906748304,5.40690081512174,14.4484270548333,1.31407752293306,27.2021294051151,26.6958670030255,13.2160151443918,15.8207933783179,12.4008912661528,117.185556861489,6.11024523226612
ZAF,2020,-6.1689177146757,3.23238831615113,29.217,2.00352275153333,7.12354295570034,16.4591053903333,0.933073684352391,27.5759141603963,23.1837449200214,14.308189735041,12.3455441478462,11.725046778088,109.054691372725,9.42732646118054
ZAF,2021,4.85864865060148,4.61874544887136,34.007,3.7724136934501,5.56291275582496,14.7786782139167,9.68098022663018,31.1916105051608,24.9731031225938,16.5656001623914,12.8355522251838,12.0775538850278,93.1963897397387,5.70998519867421
ZAF,2022,2.05813661692193,7.03987272546482,33.268,-0.296182598127432,4.91388463271698,16.3558534845,2.26670277731613,33.5394403164272,31.4076940859128,15.3398330255299,15.6721092997041,12.4454055010392,91.5697287634873,8.63772594295266
ZAF,2023,0.80610455095804,6.0752438457966,32.098,-1.10356312207881,5.33074985880917,18.4502441785,1.0127377916456,33.2538127556816,32.4260632183892,14.7159503601655,15.3913174995668,12.9800055529093,89.7117995863871,7.59374277685431
ZAF,2024,0.534843531905139,4.36115246518962,32.279,-0.64279979707505,5.67102712164407,18.3286575505,0.580891709673066,31.7919070646303,29.8548634083947,13.5815040357795,14.0695508769888,12.7973009661441,89.4476360173443,6.70914778555201
