economy,year,crisis_label,is_anomaly_combined,GDP_Growth,GDP_PerCapita_Growth,Inflation_CPI,Total_Reserves,Unemployment,Current_Account_GDP,Trade_GDP,FDI_Inflows_GDP,Exports_GDP,Imports_GDP,Gross_Savings_GDP,Exchange_Rate,Manufacturing_Value,Investment_GDP
ARE,1990,0,1,0.04577801167876637,0.08219996400757545,8.198450171128795e-06,0.0324492632967288,0.014913375115910885,0.0077511320955030395,0.0011948799996412778,0.004088463883155374,3.8201027993446525e-05,0.006978978000706477,0.048016107719707844,0.002485582079403562,0.00045031744846770567,0.014898620426658807
ARE,1991,0,0,0.18475917090825525,0.3186597370781336,0.00015383655774073657,0.11329940227832459,0.05267789317328488,0.0017808863185781406,0.006341166116133848,0.015138416507518432,0.01586291124703456,0.0006004051616848632,0.023061674190524573,0.011008160362689237,0.00014350941247565473,0.1557506360509822
ARE,1992,0,0,0.16589836626390392,0.26057687820285946,0.00019042524931402223,0.05898949087717183,0.03188379746702209,0.0019398064353521528,0.0037160386219242465,0.009220254847335315,0.01147506989000864,3.498778627939581e-05,0.007033439890138117,0.006243778331237616,2.2335719328071438e-05,0.09508169106890423
ARE,1993,0,0,0.11741451539946546,0.22015561833467232,7.808408474275503e-05,0.10831397903020881,0.04570021061995822,0.002668379640576069,0.005854952108541311,0.013144469809288238,0.015344337857108576,0.0004049215239721132,0.02038334006353251,0.010214344297712062,0.0003968296450549851,0.14728525273490342
ARE,1994,0,0,0.1084518865518066,0.15010375506923923,0.0001784379120982465,0.013856164170188796,0.010857332799151222,0.0018976019499494772,0.0012163922704331652,0.0031883005401143255,0.0063580482775033855,0.00035455485119716276,3.856689283289763e-06,0.001849423496397435,0.00043381342505037957,0.033816646962973845
ARE,1995,0,0,0.0881271973626501,0.12635508750863678,0.000138344949775765,0.01585222008309672,0.010802687381994112,0.0022511228901174957,0.0012851991360026333,0.0031710446079257076,0.006582474763849271,0.0003362747003968483,3.6210002081573595e-05,0.001986004610388198,0.00024538439741361305,0.036136990418636245
ARE,1996,0,0,0.40171876910221127,0.5352677281253178,0.000634059251257344,0.032329033246372665,0.031465758720389723,0.00042557465325507304,0.0028522272019898516,0.00912950544786575,0.010028525937798547,6.188317050419313e-06,0.0022225880992927318,0.004453789042184092,0.001795557902812079,0.06884772450765089
ARE,1997,0,1,0.9297725246249092,1.112146880137504,0.0017775899202842039,0.0080627970522524,0.03104609018393926,1.8298279706052855e-07,0.0018430773814193005,0.009085386906000735,0.008302725864844401,0.00021656333293349373,0.000593404367754727,0.0025072046841697667,0.009730191536755379,0.0438813708349245
ARE,1998,0,0,0.6035995046103176,0.8980633358790926,0.0007166051467532999,0.1437387276367163,0.08901112755966281,0.0004785708683103743,0.009112496915971536,0.025578792300207265,0.021095141764420417,0.0013137764408229986,0.030685790326833533,0.015529083908791055,0.0003642790230625381,0.2148504336022968
ARE,1999,0,0,0.5392206566271679,0.7470241368885037,0.0007755152224313982,0.06785297462793326,0.05380184319166792,0.0005155263234683444,0.0050879626695930795,0.015546049764592503,0.014204510545216386,0.0002046590466672335,0.00850151615690743,0.008348533048888008,0.001470965146014319,0.1233769963393334
ARE,2000,0,0,0.5968909444983349,0.6529297722113188,0.001386491386018866,0.0017855995366835653,0.006800751453028447,0.00039334542856218744,0.00017685861091320355,0.0020729670800278834,0.0036882108368031254,0.0018930740465263564,0.01609420138344739,0.00010390129841784025,0.0109768915559692,0.006452775200258544
ARE,2001,0,0,0.42460601394355985,0.6131635446261372,0.0005969879902136089,0.08034220264227065,0.05364965207334887,0.003144584786966195,0.005590584556101664,0.015570480250177831,0.01624393812098534,0.00015130663902685235,0.005215770956182171,0.00943055650519734,0.00076600311627424,0.15147460028095092
ARE,2002,0,0,0.37341460848238595,0.5217177893561106,0.000574158135256396,0.05172179030226062,0.039623735928735276,0.004077061713855787,0.004499756947238008,0.01157597699350039,0.026405417437954045,0.0021275591503854313,0.0013874805784344544,0.006630725871580988,0.0011865615949450674,0.11034678522643511
ARE,2003,0,0,0.40511260539140026,0.4548823849033307,0.0009162035159529392,4.887507908748539e-05,0.0067336221840775794,0.0007609781097396839,0.0002976713707250269,0.0020378651139721215,0.004129526459367914,0.0015201304113567945,0.009580805612820818,0.0002735374865118627,0.006706142979825618,0.009990806801518842
ARE,2004,0,0,0.37167377071416535,0.35766899788428513,0.000883206176483165,0.026852551252556228,6.609852205055062e-06,0.005970564749836643,0.00020730273136081658,2.6607690676703153e-06,0.0016698908820327193,0.0064496610055173485,0.0035298296995510763,0.0010207707730104539,0.009481848699570463,0.0197432184079881
ARE,2005,0,0,0.24682198229998237,0.28782571477129515,0.00041201230984318714,0.00045923589145195273,0.006209293345421314,0.005843341023921291,0.00013232454017727817,0.0017403101001232401,0.00027109119049839787,0.001958702953526643,0.003823788845392374,0.00022415977998110022,0.0022221894390691307,0.000702766358499681
ARE,2006,0,0,0.7840030403537843,0.7734669077350468,0.0017312002325833757,0.04098275079979362,0.0003236671397703131,0.025728234290315344,0.0007608768623106465,8.387264679009085e-05,0.007607708025994807,0.0018173597367870348,0.0010762155364396923,0.0015833552648816212,0.017027548267792625,0.03616523647408179
ARE,2007,0,1,2.2204552628750496,2.8580133942064356,0.003908937135121851,0.11117547971893124,0.13653611466586063,0.006186753330479982,0.011404734561036996,0.03993088704389158,0.03890139862748265,2.7669536880778157e-06,2.062454595154109e-06,0.017994737145269633,0.014907370364581179,0.3207795525930218
ARE,2008,0,1,2.0676075534450558,2.610241965790929,0.003775093791461252,0.07436600339487284,0.10969541865576532,0.004730977759391753,0.00850004475452177,0.03214335202137937,0.02738547352324788,1.5399077067412015e-05,0.0009505578390186787,0.013394561024840374,0.01618544941263574,0.2482809279554943
ARE,2009,1,1,0.21942510155772238,0.6010380382010495,0.000159666699924867,0.7977554008880494,0.25563918824669357,0.21084943806356551,0.039680776953890946,0.07552875578917338,0.08780218636125695,0.006712620377758429,0.00034811141546905257,0.07731976512401766,0.0048383422961522735,1.6017134334586438
ARE,2010,0,0,0.0078073219663907425,0.005118076689021518,4.2447650086791577e-05,0.29669327578938876,0.06175504217620282,0.11877374459961196,0.009413894364001276,0.01844279022516934,0.0010001906672492183,0.06128115224237503,0.013273130917950574,0.026294305726214835,0.005877937880072579,0.6551434786583357
ARE,2011,0,0,0.018506656409757804,0.02550765661939107,9.134959137859676e-05,0.003948781820437448,0.0013474736323784706,0.012557837059843825,1.785458432321075e-05,0.0004383486814336225,0.054858959014644035,0.07119696988224303,0.03640209844283204,0.0006414693119289795,0.0004815119380135287,0.04672782158280417
ARE,2012,0,0,0.05749309024141102,0.06496658892560354,0.00018091508327895909,0.00017202697424600013,0.0005836060760205535,0.0004331762045273094,0.0005162116625299188,0.0001744262116284058,0.12919264252904222,0.14062877978594093,0.019691754396034118,9.092496222832288e-05,0.0012353168796667101,0.015236765652671288
ARE,2013,0,0,0.07035204667549746,0.052516694385173514,0.00024256389828595428,0.02551638433076495,0.0031333638397216578,0.007574084122448775,0.0030779119994152437,0.0009345692742474394,0.1390488303992848,0.10228194875526386,0.012477442696756859,0.0017643764133206303,0.0035678030153925597,0.016552399550728788
ARE,2014,0,0,0.139341499977741,0.13002931198376236,0.00041136091958780173,0.011498367416349384,0.0001912750951980844,0.0016897737537046882,0.0013198955791551609,5.4299894027353935e-05,0.08345067298619677,0.06863429986805436,0.01718298201928821,0.0004982638017624066,0.004467561014492138,0.0013267161724149384
ARE,2015,0,0,0.29286960484118013,0.2347814604029263,0.0009786681208696615,0.07998709570402374,0.005751452747315748,0.0035087500048699744,0.003190196712601556,0.001600311784086847,0.03768128932078857,0.011183260327345148,0.04751973968116561,0.004342434756546122,0.014177081709038291,0.04319662618151723
ARE,2016,0,0,0.20704624035752983,0.1562249089014083,0.0006966222895746736,0.07690998834376,0.0069765027255652475,0.006924570103093079,0.0032987115691864217,0.0019852231310456482,0.03722846185976609,0.010499396912479116,0.029148821239444928,0.004609216918973348,0.010886886831031358,0.05605453881401144
ARE,2017,0,0,0.01270822376408432,0.011788379088895212,2.3030413160502997e-05,0.0012339853756576612,3.599659065381749e-05,0.004851371577020097,0.0003220442113172272,1.5955185599906282e-05,0.02462048621226702,0.021392389608942478,0.00043246876123261886,0.00011323923037521315,0.0002132349841981103,0.002853166878305715
ARE,2018,0,0,0.03997172458277858,0.05878125122668986,4.462074541332426e-05,0.007743525517137648,0.006197415727961229,0.0007534077716292277,0.001612640881663003,0.0018198307558845064,0.05808949070237406,0.03893325816453397,0.003698567516831368,0.0009840067944211842,4.0213297822279285e-05,0.00941220363306373
ARE,2019,0,0,0.06139136991281542,0.06767822206168501,7.680180221382542e-05,0.0004189266393006921,0.0009542354166131269,0.006262030978909117,0.00015416890564672262,0.0002549721231207436,0.021293392590586224,0.020977143767963436,0.01151781274629545,5.9066087647860495e-06,0.000489865201984787,0.005976381823371341
ARE,2020,1,1,0.2443685349216618,0.16058555539838357,0.0008969348253484777,0.15688057332575953,0.017834329254640627,0.010489449947667262,0.0048613964513827285,0.005056473172171677,0.007908140976855988,0.0021181009964119624,0.0404732651355828,0.009903809835797103,0.016653071289098247,0.14139936834331332
ARE,2021,0,0,0.009802578294721784,0.013222187381073993,2.0781252519521564e-06,0.00027676053376502835,0.0009132903785425922,0.029180705449879076,5.968108009791226e-05,0.00019743538514463248,0.0038668136953815537,0.0030366029611730953,0.06542632152495104,1.6375063686662992e-06,0.00019244813196688356,0.01753953419890663
ARE,2022,0,0,0.23557621863903683,0.2357403464087509,0.0008768829793501346,0.006894146852588115,0.0002074157474331284,0.022728437626903034,6.706373633411307e-05,0.00011007702708222157,0.003925942507934086,0.0029613403311133327,0.114084993113552,5.132505790597432e-06,0.009288192390105749,0.018816026633272195
ARE,2023,0,0,0.08194447081230778,0.07928086262095635,0.00043792037629124004,0.0033347195636022654,2.9059321252602953e-06,0.041091422522926725,3.2811381402392684e-07,1.689686086234697e-05,0.00020603018403732653,0.00040111021315825297,0.12348268701648107,4.99943732431306e-06,0.005214680864694826,0.027530428556662163
ARE,2024,0,0,0.1681310634687153,0.17390912560651528,0.000775324131740514,0.0018213668257128252,0.0006060199219325269,0.06586881834609555,5.410166940981356e-05,0.000296230496337628,0.0016435537314863637,0.0011332945234932513,0.17975582973117452,0.0001537007580518645,0.008236949078728469,0.058500121517895215
ARG,1990,1,1,0.03842406266174555,0.004230325194702975,0.000567229805051851,0.19306832934825807,0.041142447372852005,0.012920410462775058,0.003016823192192042,0.011152127725173914,0.009870678513660849,0.007371636615517354,0.24913990402214414,0.01169978171638136,0.016528303120695975,0.07161515126419452
ARG,1991,0,1,0.056086943751459395,0.001326489976963023,0.0012909348024939427,0.7995472263018026,0.18362036559967118,0.0046297119860333165,0.031137329638956438,0.050929021505465355,0.033054303060609455,0.021632869958806263,0.5953915445632808,0.05414233630798146,0.04895358525111665,0.5067565137937757
ARG,1992,0,0,0.03948998150977011,6.719277403387148e-07,0.0007697202047142276,0.43151947991463924,0.09785062845831846,0.002534562299350401,0.01834861763801805,0.02713043209352629,0.027452815064283462,0.00509714217968551,0.33518080281279683,0.029036793705312678,0.027611612419728048,0.2637774406512727
ARG,1993,0,0,0.020023003443551544,0.005138618323427569,0.00017823141665730357,0.059429356622858504,0.011559386681831377,0.00015942983393241975,0.001691350152961377,0.003197492279843713,0.006930518574338244,0.00012765249456059134,0.04763876266781128,0.003821719270580888,0.004826164625432431,0.03366902181928026
ARG,1994,0,0,0.02069431821956858,0.015381886105730595,9.062991907536959e-05,0.007845021293013473,0.0007517723422063012,0.0002478685191395585,0.0002495249592789817,0.0001975012470312,0.001116458010709264,3.3253521336785396e-05,0.011331654257482771,0.00037934321806625253,0.0014484104302111965,0.0018142340363833465
ARG,1995,1,0,0.017952321259584212,0.08814353774311022,2.9741542166285163e-05,0.23372100153130207,0.06960251005923715,0.0003521917712513832,0.009292972170562172,0.019674675040906198,0.007866265451873281,0.011159713068872224,0.09420549136248921,0.018353538623169442,0.006444310701997769,0.22495927582603317
ARG,1996,1,0,0.01992008280373733,0.04134205906706629,8.216984899267415e-06,0.028176967887752726,0.010670014913141483,0.0002521261819581921,0.0011857596662731141,0.003046224452434491,0.00032507631345270676,0.002882877955085513,0.006329383940272595,0.0024958249919111108,0.00022155250371716918,0.03564490384099891
ARG,1997,0,0,0.02108110319967728,0.025376048179511244,4.792823927327799e-05,0.0002941722194786074,0.0007132057237079525,0.0002727204817372841,2.450287517353001e-05,0.0002140789180817205,0.00019706244427834831,0.0007481912628119162,0.0009920361811302486,8.546139161124082e-05,0.00027724475770099424,0.002925099431787885
ARG,1998,0,0,0.012656501782757016,0.020764129478241446,1.4701550255443514e-05,0.0061427418408876435,0.00284251356970211,0.00019785916519161556,0.00022635642629112616,0.0008191842635912007,0.00018995737742290644,0.0024589954463025633,0.00028315842657355484,0.0006152993085432826,1.3450126467823999e-09,0.010905259709834905
ARG,1999,1,0,0.0164342161756477,0.048239301418712334,5.553388434745518e-08,0.06837381977816231,0.022336319363131647,0.000130166279389393,0.0026708188858353228,0.0063296301632906,0.0010821588294552314,0.005615554645374411,0.02373573586675794,0.005587511603436021,0.0013093404973287992,0.0719247419805984
ARG,2000,0,0,0.012946649246685258,0.027608836977803138,4.13999423649569e-06,0.020262835265419797,0.007499582404264399,5.5450418165431406e-05,0.0007686111788097283,0.0021322348029256784,1.2991516561083738e-05,0.003261182200463602,0.005401857397374187,0.0017522593642073476,0.00019373276989091077,0.024269308244189977
ARG,2001,1,1,0.009824404421408302,0.033446848624500584,1.494769673802209e-06,0.05916291013694036,0.018526806601811722,4.286371026519919e-05,0.0021831281034449183,0.005236401165117384,0.00039603038281195636,0.006310344452963557,0.02204960427038777,0.004727280046610975,0.0013300919073309667,0.059852981393516975
ARG,2002,1,1,0.0006830427504469322,0.02088002462049634,0.00016658205288462344,0.29619396828400807,0.07247247948792329,0.00282979036839076,0.009590898815189196,0.020497593720185232,0.00022745910546406685,0.03884647377833502,0.0889901631131765,0.02224117892876317,0.011370736641311809,0.30312651901010146
ARG,2003,0,1,0.011985057386959482,9.18098183286815e-05,0.0001762160611253128,0.11050243853432999,0.02472127740510671,0.0004618586903056438,0.004769895309855072,0.006959513173448259,0.018664870504269283,0.0001378878560069198,0.05817298240561226,0.007843087113445663,0.0064060390401209305,0.08547881230284063
ARG,2004,0,0,0.013266977583551129,9.49107237322341e-05,0.0005747768495460133,0.15305125137231312,0.039224062742405606,0.06899854644717307,0.006250429039300752,0.010279080715591863,0.029039574232409448,0.0008906190184422298,0.47436607588666163,0.008114896268402573,0.016686929614181233,0.007678860553395378
ARG,2005,0,0,0.007513054551285667,0.0015081951630209216,0.0006433641262964018,0.14523956517255238,0.03992104669313813,0.13043879218116325,0.005669780645966879,0.010217838424124432,0.02352388798659398,0.00032216277371522337,0.6601304417236344,0.00689938161939535,0.018455761447636596,7.962270538386851e-06
ARG,2006,0,0,0.000402770942235395,0.002157797114966781,5.192814610584294e-05,0.043378765147788136,0.011357662781042886,0.0004840986097118974,0.0019851904484407537,0.003156604684924505,0.008787958026090318,0.00020475636122506256,0.03902905533191791,0.0030258831698164465,0.0023840470107107576,0.024730856030807647
ARG,2007,0,0,0.0001248942567362025,0.006492066163089355,3.195872383192635e-05,0.04478009056988425,0.012553082858520945,0.0002853240465831153,0.002064960095189694,0.00350508385245153,0.008030973365781615,5.441715175013049e-05,0.035368658878228695,0.0032462787327326745,0.002021103879198902,0.028947214317176888
ARG,2008,0,0,0.0002654096056866392,0.0024074459376238933,5.6468913629074415e-06,0.00933904075308736,0.002888742211235819,0.00018782744480238042,0.0005332749703238352,0.0008048736007987928,0.004131959105878566,0.0007069568077057829,0.00982515618155694,0.0006813487027653669,0.0004119103538631512,0.004927641418123664
ARG,2009,1,0,0.00015769150775901306,4.840627815441256e-06,1.9998898701233814e-06,0.0025683345542648578,0.000481772283012448,2.302716722051802e-05,1.8586485856847214e-05,0.00013487612768125798,0.0021325696703411684,0.004362808380516077,0.0002792645972019243,0.00018030763538640497,0.00010860104370102191,0.0032917314380213813
ARG,2010,0,0,0.002578830178380031,0.01385875717331247,0.0002619115457724373,0.28522022546417247,0.07197633363759301,9.076029688420875e-06,0.011749544994701617,0.020198877536401455,0.026974123023108972,0.0016825024305975329,0.1627179301033745,0.020671728207405007,0.01353993443264197,0.2196140216924508
ARG,2011,0,0,0.00112266759405644,0.006639231099129708,0.00012562426954171562,0.13211419708235522,0.03361048103872106,1.604882165345726e-05,0.005583653533371429,0.009419171887136188,0.014809950058161393,0.00031483444536403347,0.08151499040648494,0.009528358393957468,0.006398887402788973,0.09739642750699919
ARG,2012,0,0,0.00018754807483639858,0.0023254257294751213,3.345802331751408e-05,0.037852761146738106,0.009842794646215654,2.4286725032766495e-06,0.0017635736792528732,0.0027660442010919305,0.006815865856530186,6.44527288127362e-05,0.023020944259727002,0.0027684802878273247,0.001773415838284206,0.02826746568059909
ARG,2013,0,0,0.00059225767332806,0.005741236007631513,8.109213305399289e-05,0.10032029739578134,0.025495034256999633,0.0001776851137739896,0.004272975439184487,0.007182878215280632,0.010696534538701057,0.000343112538778788,0.05017640176563343,0.0074009008733053,0.0044806574784661615,0.08298292674971623
ARG,2014,1,0,1.4210998019544094e-05,0.0009071348422679643,6.86979677513062e-06,0.01128245435884751,0.00299698777304004,0.0002459709089954928,0.0006194524158739918,0.0008547312972012027,0.0038858319251376854,0.00045681564722716277,0.004372727625449067,0.0008785110646170771,0.0004383102452156659,0.010559119755550794
ARG,2015,0,0,0.0013249689827729623,0.0036096439907710226,8.677383147248551e-05,0.09483001428890246,0.023534349059530613,0.00017912186318716806,0.0039725907677673694,0.00662706862988517,0.00941876277704711,0.0004391627215743109,0.04739729611007527,0.006941095232610557,0.004426496010518908,0.0779349638345055
ARG,2016,1,0,1.5109505718954178e-05,0.0012000312717837277,7.361913548166901e-06,0.008715323257165581,0.0024888365886501125,0.00011437311435470565,0.0004635116906931962,0.0006932669684103573,0.0027094423338152726,0.00026754466433595245,0.008270642203819815,0.0006246874014925729,0.00042342040525985517,0.004894314844193693
ARG,2017,0,0,0.00023216685361834917,0.005444772299299181,6.421071651585631e-05,0.07818977300817563,0.02022650076034242,1.3595172236463267e-07,0.0033270696245648267,0.005677980480935104,0.008338321608827859,0.0002676270174213738,0.04538868086627754,0.005706037871967086,0.0035729526656321075,0.060051479256876865
ARG,2018,1,0,0.0015372616598288496,0.0008370145108838529,5.288435046144219e-05,0.048315015267918066,0.01171622556340538,0.00014580496179161074,0.002143039365041527,0.00330172125628337,0.007200990770544507,1.8103328860738576e-06,0.024777885350521143,0.0035173018895764845,0.0024052284402071205,0.03883714115767403
ARG,2019,1,0,0.0009452306149727117,0.013452909827986916,2.163522435184684e-05,0.06752089215604853,0.01908179659675814,0.0008006560055953462,0.0033019677177408687,0.005426558354775325,0.012972431748943459,0.00013014078504970024,0.026019292887984068,0.005314989504583566,0.0022059253059736454,0.0647569675200739
ARG,2020,1,1,0.005650500610426273,0.0010256169324562618,4.628045367176179e-05,0.02291075812701711,0.004305936913145682,0.00012206891173931238,0.0005946102769127824,0.0012058019908583958,4.183491334792715e-05,0.003968911364692708,0.008643914783513793,0.0015566952672656338,0.0014652511951463187,0.020080353188597
ARG,2021,0,0,0.019834237537054128,0.08119388275223932,2.3334521752684928e-05,0.1760026882909181,0.05530360250400137,0.00023031709765136715,0.007768985127091939,0.015551371122022171,0.015589623141954069,0.0019166762549696992,0.10252251634316427,0.01364397710622873,0.005099592338324984,0.1439024769337073
ARG,2022,0,0,0.020308708292969067,0.08510394141800595,2.3407771940842697e-05,0.19008431924487182,0.05915770233930877,2.940996754050864e-05,0.008324343826577147,0.016666129044917682,0.014974944073050557,0.0027831370651195952,0.10035201686441526,0.014831163283396906,0.005366550419959127,0.16327429026198922
ARG,2023,1,1,0.03707207426444494,0.04112861036022664,8.033529651968768e-05,5.191235066826977e-05,0.0005499878245381438,7.725912215460885e-06,4.7759301685301694e-05,0.00016596035843135962,0.002076012533165866,0.0016374613982755852,0.00033831703453213456,1.188945647679929e-05,0.0006087113650838818,0.00026453226417146844
ARG,2024,1,1,0.07464504576725202,0.11450306205374795,9.129245180476086e-05,0.02255638422728226,0.012873342771356967,0.0008787543321317858,0.0015483465894805047,0.003729645691710675,0.0055207623030636135,1.5405207806779575e-05,0.0023285283860526268,0.002458056969150833,3.260986050990409e-05,0.037860181499359616
AUS,1990,1,0,0.0002097452676530084,0.055714036629844615,0.0002788317044099512,0.47625582706031844,0.12422738416431053,2.2806372615522213e-05,0.01684258260124654,0.03483201847731997,0.0055215119727350616,0.0377385331904464,0.23880648764554416,0.03494345254766253,0.019439877815242257,0.39899185159277
AUS,1991,1,0,4.219690714430923e-05,0.01929049820583748,0.00012525576658067565,0.2096613838112219,0.05302303276141903,0.0001789711884105947,0.007034121931430115,0.014906300969746178,0.000731386486296986,0.02282358676309772,0.08822458792240674,0.01546370085643327,0.008468909915719742,0.18934036406872076
AUS,1992,1,0,6.0844705120383505e-05,0.010718956064847044,3.2711974456707585e-05,0.09121876492117754,0.0229487077133564,0.0016389566944883525,0.002919718149057897,0.006518118195075591,1.3586241856807405e-05,0.01501293004284519,0.02090049722310183,0.007032170333626756,0.0030096700714292266,0.10270758149573218
AUS,1993,1,0,0.0015568398893282234,0.0023820872768779006,6.557509276637528e-05,0.0820550954125505,0.019154495171837906,0.0005913453285635878,0.0026213987662594626,0.005403945417125813,4.798665894109685e-05,0.010665167893995537,0.027168102978116757,0.006026142604171397,0.0035674841009746675,0.0800409231207486
AUS,1994,1,0,0.0010225100271402266,0.004249048150591772,0.00014688535540538893,0.09266640067522128,0.02331362474379109,0.01111537893817754,0.0026683458392286422,0.006304362810023117,0.00010120251615178495,0.015470829814613892,0.12507866352794614,0.005785450002672308,0.006180067086703506,0.03526748354027131
AUS,1995,0,0,0.0001782355274583904,0.009623406085010071,7.451644334817931e-05,0.12512791746968402,0.030991951251580017,0.00047488419133882913,0.004117668116397885,0.008736048716244386,0.00015647095384645424,0.015599318064327001,0.045014801821785855,0.009291757289143627,0.004974369283917854,0.1200673559444307
AUS,1996,0,0,3.9148790763057524e-05,0.006054829759216217,3.807193751870818e-05,0.0711968270739649,0.01756198814658657,0.00033767101114172974,0.0021974676651258973,0.0049525807251699465,8.888536309264261e-05,0.012839838092100273,0.02310439200228632,0.005305232867395578,0.0027232829802273924,0.0711273982110049
AUS,1997,0,0,0.0019906615150135968,0.0024776311982800813,7.823764657083788e-05,0.0941891991148243,0.02182201446881035,0.0004952616780103234,0.0029009246964312977,0.006146702931958998,9.251495819890353e-06,0.0146247676913389,0.0322094341408524,0.006868456864367846,0.004172265122938966,0.09064330523908966
AUS,1998,0,0,0.0027633639369607707,0.0010368084872001344,9.00925627378014e-05,0.07626254323799539,0.017452231700745943,0.00016089966127938235,0.0022055502557553146,0.004852053654172065,0.00018559352164303845,0.014002955884409104,0.04241229513666854,0.00526385522330675,0.004047031088606652,0.05840889741758791
AUS,1999,0,0,0.0013241631200289613,0.0008683160612622192,4.743621418556034e-05,0.04600909971128718,0.010516717541822495,7.101208732971042e-06,0.0012811552895650316,0.0029338299067937965,0.00042768410074012735,0.010481133874341896,0.02153945005846086,0.003225593788343079,0.0022843211796733038,0.03857278373983279
AUS,2000,0,0,0.002779709831353694,0.0016743033678082672,6.423998259902736e-05,0.09517496813032289,0.02149775685267501,0.004400987256130194,0.003175167823764751,0.006145170566868929,0.0003639189084270496,0.010034535855994956,0.015712666084043588,0.007294268157916272,0.003681700273179393,0.11367726400723845
AUS,2001,0,0,0.000813751319555988,0.0013700239945893485,3.3886860072439274e-05,0.045420496268305126,0.010523473099910675,0.00047098871180825176,0.0013846361174581312,0.0029732847040686104,1.9511626628025144e-05,0.007508805436306906,0.013219518176435562,0.003355010024119277,0.0019117803133297732,0.04638916841454667
AUS,2002,0,0,0.002795069545656417,0.00030618163303400286,9.979815290190705e-05,0.05177638841943765,0.011913403471721788,0.004778699775495224,0.0013186257918905541,0.0032215728751321024,0.0008177171763407468,0.012788412525302167,0.061777279932610604,0.0031921406733066786,0.003690232344297818,0.021966242188498623
AUS,2003,0,0,0.0019968170695753153,0.0015583974947007237,0.00011432081688165901,0.07233494416453085,0.017258383506756906,0.004953289716517362,0.0019701188230606603,0.004696378646624628,0.0004944294392391069,0.015163589716013379,0.07778469098806456,0.004605870758590163,0.004674365392232703,0.03459742829102215
AUS,2004,0,0,0.003005282374052304,0.0031825430155082023,0.00016575216628607963,0.12711148875319647,0.030354355923311885,0.00283988696902039,0.003805565907925043,0.00836053274346617,7.24718087882881e-06,0.018928300079422512,0.10243529372940632,0.008501749005806952,0.0073016385087006095,0.07760758022125558
AUS,2005,0,0,0.0041528970386119175,9.156100049602318e-05,7.744331898310374e-05,0.06064977441008467,0.013060898032716366,3.7787932907453423e-07,0.0015932077118111256,0.0036422994569164447,0.0010450408247886945,0.015695821060676785,0.026782059866450936,0.004194129970624153,0.003254534500175503,0.05147094646944038
AUS,2006,0,0,0.001345975058526791,0.006095450107226841,0.00013021485874071436,0.13403604386018222,0.03245153215104622,0.0007479624254087537,0.004004916335767435,0.009012140321229866,0.0001335101858976931,0.02298205684663855,0.08167393315421997,0.009321620268058836,0.006680092846142939,0.0990654363100937
AUS,2007,0,0,0.0025438891564837883,0.02750161583876668,7.533835288027561e-05,0.12064159185394457,0.033730117906007044,0.007880990943413926,0.003483242195962119,0.00924555329712195,0.0012205486781887034,0.028869099057260428,0.11800350031604881,0.00820492317640622,0.0055758538741189495,0.06696258602603324
AUS,2008,0,0,0.0023377359525323703,0.03407433901128399,3.7294440806923765e-05,0.17817969913032897,0.04726141342513734,0.004415836228088839,0.006252739710340974,0.013472400466724132,0.0005760453733595466,0.020656951754366118,0.0367148158028191,0.014113450561592127,0.005084040579589407,0.20923890973610215
AUS,2009,0,0,0.002437444854697041,0.045103460283121725,0.00017292162535722903,0.24448592865734092,0.06744365738966372,0.011999138888666154,0.00774116084415117,0.018543212756985575,4.1007804853181704e-09,0.03672483532028331,0.23116093157746526,0.016743916283183943,0.011602083509020257,0.13849401260766095
AUS,2010,0,0,0.0013343706646284765,0.007781399095890155,0.00011307743507804614,0.16054072385447826,0.03848550872612747,0.0007761631038400081,0.005128944240737624,0.01084746392573269,4.5641258377153446e-05,0.021930219806973746,0.05585240293966934,0.011827094768289123,0.006722419255018827,0.1547778542820231
AUS,2011,0,0,0.006608876136196014,0.0027056561168291465,0.00022221684242383077,0.18799528944951402,0.04331515341015504,0.0003689893337527455,0.005624962115690093,0.012048445953866518,3.713382960693025e-05,0.029114027184835935,0.1063875498856101,0.01300495632282565,0.009977070650908863,0.14273643244926887
AUS,2012,0,0,0.0005374480631734199,0.015491250138507084,0.00021139771512778457,0.214579997679677,0.05431845581454347,0.004772451411037272,0.006720709549207345,0.01499484699921424,3.257900724203662e-05,0.02942370489649553,0.1702795594888547,0.014667781868965444,0.011080256480296473,0.13510554811236433
AUS,2013,0,0,0.0018112396834330524,0.015912386661367562,0.0002220375491944191,0.2889451628807018,0.07101783617762154,0.00022124730133485064,0.00993873058497059,0.01994845958993991,0.0027094802734557557,0.02412253503632086,0.1289228448375284,0.02105382513042404,0.012712424874596754,0.25173396845989926
AUS,2014,0,0,0.00520200113987103,0.00627461528632342,0.0002531417125455581,0.23747965841453123,0.05651884492898669,0.0002628046207079226,0.007770098004280141,0.01575950533839577,0.0010720294502756633,0.02343598278021809,0.134815007716978,0.016667882679588,0.012069161715117453,0.18133423981154817
AUS,2015,0,0,0.00482879941677659,0.004768347019619087,0.00024954425248088086,0.1974119926276459,0.04735047881476696,0.002589585615531941,0.006371074410876427,0.013094544925554334,0.00085997671650496,0.019344143723126286,0.14875805343226217,0.01340650556481181,0.011064861908702294,0.1264426231151217
AUS,2016,0,0,0.001214762857294374,0.0037130477055797775,6.969205489425342e-05,0.09548372251071872,0.022742420823774187,0.0009117768634240944,0.0032304305634532886,0.006429021265901272,0.0006074163986401608,0.00896853212465295,0.03091592060543005,0.007091206472553659,0.004001658819730509,0.09429809617576904
AUS,2017,0,0,0.0006841374748441369,0.0034858131462295566,8.860505287436786e-05,0.07254056824147884,0.017885156608669097,0.0030522440383057726,0.0020811950691732046,0.0049030495023114655,0.00020864818779137278,0.013618288600271863,0.06649904935287233,0.004795919619783034,0.0041450291736875285,0.040519336859522796
AUS,2018,0,0,0.003261736645905026,0.0007104144014081076,8.805498308504407e-05,0.07528940519355358,0.017029018064229014,6.438888870331421e-06,0.002227783133412442,0.004751603566649562,4.298594680207872e-05,0.01225474048078423,0.03719144282306837,0.0052554290058131154,0.003924120174831352,0.061150686272062695
AUS,2019,0,0,0.006014488458462745,0.00023501950510357246,6.062259560369757e-05,0.04554650083500364,0.00910707871746955,0.0008781345653493953,0.001241232081353755,0.0025736934453918525,0.0003335934759006756,0.009736567640640447,0.011224170008381239,0.0032554255634455465,0.0023585956716358552,0.047460941484906156
AUS,2020,0,0,0.01950442546561555,0.0017474112431070238,0.0002017404629395261,0.11275445628858152,0.022622470121897668,0.0002938881982275191,0.0033781453794888673,0.006332603466627522,0.00011994204995970812,0.01301263966649456,0.04853705980716866,0.0077390099581137175,0.006880542702540026,0.09457216358165958
AUS,2021,0,0,0.12392036449828137,0.07966424437369496,0.0005356196966205772,0.08383264610824183,0.009756646579181464,6.789352802819813e-05,0.001962044930995036,0.002671387527819358,1.9374161459879132e-05,0.010413317734154711,0.04904008312434309,0.004811152128316984,0.010104018129200129,0.05198124893720271
AUS,2022,1,0,0.019066098380674724,0.006445159839376621,0.00017535863951816526,0.04251889128502562,0.007335380726760472,0.004930975752342603,0.0007480671276358991,0.001944182686757305,0.004802617118314609,0.020107834886275204,0.055081762007330275,0.0023301349919599436,0.0044043610722415884,0.014754486777078727
AUS,2023,0,0,0.00487244377392851,0.016782188983965465,6.065899687474816e-06,0.02948428222236711,0.009124101713367446,0.0037254981308951734,0.000654874856406045,0.002486009802711667,0.00449349570225786,0.018316956176169946,0.030957868156890573,0.0020165105019947383,0.0010751586010520036,0.016167154380814168
AUS,2024,0,0,4.6420745358044836e-06,0.008447513813028697,7.776539260656172e-05,0.07685704108952565,0.020030444486668766,0.0057197856205506185,0.0020920199117000216,0.005464801713313283,0.0010985039563368997,0.01938346114164603,0.08051867630668076,0.0050455853887540845,0.0041977678225564065,0.039053479628894334
AUT,1990,0,0,0.010665348170439815,0.005966031460709335,4.000636200379651e-06,0.012978990884000275,0.0014585045278203408,0.034966575528118486,0.000566500740527942,0.0005045587122760025,0.0016566804309048233,1.3866251655963574e-05,0.026747583544481267,0.001418530090206782,0.00015929182939549336,0.06345437168312246
AUT,1991,0,0,0.0050601488386213195,0.0006082028541519992,3.270638022665396e-06,0.029410116227976436,0.005189953599457887,0.03779339726879352,0.0013523785833868844,0.0016456078492550028,0.004143588115204216,1.6124787593133418e-05,0.017601293518095223,0.002974001529822596,0.0003901004477945032,0.09811507802194729
AUT,1992,0,0,0.0036052882000642463,2.4778451331053183e-06,1.2199199297353512e-05,0.045728485741994444,0.009378557552907486,0.025647684032508344,0.0020916432344267244,0.0028402878034960635,0.0069823129420017414,9.514829613426641e-07,0.0027455655270343313,0.004175199023302976,0.0009983043159581802,0.10292873284473736
AUT,1993,0,0,0.013345812725847915,0.0016014511764148225,7.592526447627124e-05,0.07047052809250148,0.013683488377931855,0.013083323932761222,0.0027790434988937992,0.0039998409077742665,0.005915812034229943,0.0005864887996395994,0.0026012123888799997,0.005590018525873713,0.0029721980100459564,0.10325767202614838
AUT,1994,0,0,0.038498626364142405,0.02126736329069235,9.23375221132631e-05,0.04224365102817874,0.005569671589722457,0.025790019034059666,0.0017298952789289548,0.0017028759656520938,0.007012289723648696,6.907234595314607e-05,0.001878161997289127,0.003457650440500069,0.002167310885635693,0.08624779024136792
AUT,1995,0,0,0.05243643401460692,0.02832508669943794,0.00012166643970185245,0.060972062965614804,0.008057597527622421,0.03852105046751957,0.00237261204531179,0.0024672724136094023,0.006857625723609873,6.571581868401755e-05,0.0038560772730066722,0.005029865833971361,0.002959020262331167,0.12933569767242023
AUT,1996,0,0,0.04961980024216934,0.02329198043393543,0.00015269549566675685,0.07437784702059137,0.011111500218587565,0.028244106624897382,0.0030103822062724837,0.0033203982519118924,0.010682061185208216,8.077093292005983e-06,2.941164597411769e-07,0.005884848559584703,0.003937488323651164,0.1268821499649492
AUT,1997,0,0,0.051028860369030524,0.0275271704632352,0.0001412483162398202,0.05830961835613564,0.007905573198968627,0.025745820291473088,0.002277855847672982,0.0023783650958947994,0.0074764479986975125,2.457443659765248e-06,0.00022278285813134285,0.004588131225008638,0.0033079723917350365,0.10396875109152895
AUT,1998,0,0,0.04801584029928062,0.029887630997956202,0.0001138740518632966,0.03876130720907779,0.004503680444348478,0.02301364725939794,0.001487279874145377,0.001377277789300778,0.005069386732868966,2.188954101896309e-07,0.0013958702898989915,0.0030649281408019987,0.002356298451201154,0.07636275296267112
AUT,1999,0,0,0.043515329258956015,0.03157007889015004,7.90293025748703e-05,0.02171392403270983,0.0018255371536213254,0.022571616618838015,0.0007781243740886903,0.0005848203262684811,0.0022466558483202614,2.0401439522572204e-05,0.005772432389901241,0.0017715781673809813,0.0013728368790281056,0.054778651122051415
AUT,2000,0,0,0.03564726481006241,0.023052694027820456,7.81548119244953e-05,0.026009204089351007,0.0028033836803924997,0.017627129980764156,0.000925500185987036,0.0008647549511417907,0.0020801020611083887,0.00014742439983170039,0.00200560805221541,0.0020688291188426665,0.0015699256947937976,0.055057813971656724
AUT,2001,0,0,0.028612581179500086,0.017952563446363597,7.125605761146797e-05,0.022522663168747056,0.0025649917169071135,0.011262920545261988,0.0007748901367160818,0.0007771541037150199,0.0014859755424486082,0.00022864675006152533,0.00036057303285206156,0.001730881965582227,0.0014603378471727498,0.04177593588524001
AUT,2002,0,0,0.0214985130189476,0.019375019005565135,5.5748320395644134e-05,0.002923061302777254,4.5187573315052645e-05,0.00039378241796687375,3.7154931913381055e-05,1.2322181200197569e-05,9.285127241780043e-05,0.0006180376508808032,0.0005030570374326185,0.00013709480197732427,0.0006876193233554096,0.0023620763469758763
AUT,2003,0,0,0.02315161186595643,0.01375353481415937,8.099439564110494e-05,0.02036097663875946,0.0025560025212100967,0.0029281343482736805,0.0006229205590128527,0.0007386839189652073,0.0005314037225137717,0.0007402513515632643,0.0018563525848883356,0.0013965615105349341,0.001679708675062348,0.02434847234300117
AUT,2004,0,0,0.014628462504959024,0.010110935471028246,4.5917116154816906e-05,0.008101580571228994,0.0008159692998158854,0.0013273338422107933,0.00024003202237584068,0.00023606432635476629,0.0002637977297651213,0.00020648839240301607,0.0007396136246899039,0.0005307155590103351,0.000820795221775936,0.00932782043843421
AUT,2005,0,0,0.0032950088763847645,0.004391341906924123,0.0001389328915105938,0.15918640721488972,0.03833710144670707,0.0014293457390892018,0.006281188087272075,0.010842494352634097,0.010732154169781427,0.002489419530049107,0.061846281606703996,0.011798243080293596,0.00714044801262814,0.14598836215077768
AUT,2006,0,0,0.020499845933489753,0.020331942433840882,3.521004061907698e-05,0.0011065480511860384,1.2047192982973694e-05,0.002790966519896481,2.8713702832751763e-05,2.0349044540932707e-06,0.0003611325038137753,0.00012125394854868507,0.000947333317037327,6.327252804805268e-05,0.0003196199724882387,0.0029637702053329014
AUT,2007,0,0,0.02520418207300414,0.0067707694361071845,0.00015460625186323188,0.07491717950561189,0.013730678265624217,0.004273018884540484,0.0027918777347689504,0.00392239373400999,0.005581548595804766,0.00069311037718681,0.01679558939638899,0.005383457869997758,0.004578258197530905,0.07806398350922072
AUT,2008,0,0,0.04831941205641202,0.037099295769282226,0.0001348620220017454,0.017517263756443475,0.0013290876100880214,0.004288922272100633,0.0005331303844922728,0.0003895298064285498,0.001304326292028635,5.488188881327667e-05,0.000969287382306014,0.0011166877930866093,0.00211206545863024,0.020908558536218466
AUT,2009,1,0,0.036949116892087866,0.015238140963480345,0.00018195224216708606,0.06600766276703447,0.010684077836483185,0.004045137502477158,0.002174490046560559,0.003047089361443272,0.0023175197562787246,0.002038761882664532,0.013828354830531108,0.004591365686314034,0.004646850231474031,0.06841502394383366
AUT,2010,0,0,0.044120186491178784,0.07065967114541455,3.131686285393692e-05,0.017110633568622222,0.009150151492352536,0.0007383260182305254,0.0008622889884725303,0.002574393444856419,0.0006565356561525856,0.001129073140565299,0.011942420520730844,0.0015695707038282459,2.054742536275663e-05,0.0154964010391831
AUT,2011,0,0,0.028987607591925754,0.029048852985403863,6.833125930567018e-05,0.0011514774000613614,3.1087361673040796e-05,0.0003219681639943248,1.7527091993222783e-05,9.303026791887032e-06,0.00020658637333861784,6.678210053079652e-05,0.0004176572224657026,3.18271786666385e-05,0.0006594779151637095,0.0004311298694885742
AUT,2012,0,0,0.023915783125882217,0.021431048943865327,6.26758536668483e-05,0.003338704057237874,6.822532433318164e-05,0.0006041235757865628,7.72293724367765e-05,1.9289300390018308e-05,0.00021384748401234133,3.0174823541812062e-06,0.0006495380927805384,0.00016471572246248362,0.0007698763765815679,0.0026241624091804866
AUT,2013,0,0,0.017986823109120007,0.01444623420087171,5.007412025802524e-05,0.00517201812951086,0.0003238132067371546,0.0010908308059449363,0.00015085681153570012,9.412265215897048e-05,0.00041819626814177334,6.340729158346292e-06,0.0004998468915967808,0.0003113386700081444,0.0007348249348131282,0.005480516287286022
AUT,2014,0,0,0.010204216525604423,0.007300391543347607,3.28222584101047e-05,0.004892761196533263,0.0004736822625368506,0.0006666367286136126,0.00016343157911941566,0.00013627522168440187,0.0005464913870089809,2.2521443607183204e-09,0.0007955999271515601,0.00031092881669656766,0.0005576220711876227,0.004911378088926726
AUT,2015,0,0,0.0013806075864805547,0.0009974813224219942,3.4514073410518714e-06,0.0006826322774782101,5.5281293740814016e-05,0.0002313671454077319,1.3042626472443837e-05,1.6417324153793196e-05,4.0064347974722395e-05,0.0002311664150456691,1.5308595422498345e-06,4.657612385167941e-05,6.0882035569886986e-05,0.0011322060429656319
AUT,2016,1,0,0.0043122138049016935,0.004883847498485586,6.137259095435681e-06,1.5358146928417516e-06,8.052891977566347e-05,0.00034388593858509896,1.5827855774677756e-06,2.161443297087851e-05,3.2423268027592726e-05,1.37373145943424e-05,0.0003724615272896349,2.3278040821195998e-07,3.4316261124310686e-05,8.270093541791975e-05
AUT,2017,0,0,0.011255267452851679,0.006073020633882016,4.984671145417906e-05,0.012169538744585375,0.0017165334464362405,0.00046117174929618014,0.00038235231888101,0.0004846741623210266,0.0003656147724899908,0.0003838095662357204,0.0037129552548114267,0.0007937216616739933,0.0010806517061134023,0.010800216937004923
AUT,2018,0,0,0.0300603102377904,0.03399088429858654,5.344045992925252e-05,4.090431052930429e-06,0.0005515266063284651,0.0005021469256873406,1.8501340539803887e-05,0.00015653458281511827,0.0003737527986634287,0.00017001724333131046,0.0002457932280375531,8.815202097744306e-06,0.00034263090185888035,2.1210523919906915e-08
AUT,2019,0,0,0.03809782574431783,0.03321574924359597,0.00010807938530846322,0.006477489228023299,0.00020387731898627767,0.0005138585952353294,0.00013971049884240798,5.578336476926333e-05,0.0001271443258106932,0.00014461269126830485,0.002219942585723353,0.0003165131292280447,0.0014055350417996472,0.004280023181763412
AUT,2020,1,0,0.054769124343668214,0.008517681173492518,0.0004993685977436405,0.2404949562422988,0.047809241721590325,0.0011678331451914002,0.008467009716351368,0.013415383068923406,0.010984143688582476,0.005869557425174599,0.11245378225298094,0.01650938595618503,0.015649153850024293,0.19237812707357735
AUT,2021,1,0,0.03350860004725742,0.011829859500618654,0.0002081126107404998,0.0723631734675053,0.012875873143148794,0.0014357168422967632,0.0028482992284815573,0.003634195278291158,0.009451843944237792,4.587006295091471e-10,0.030123749157297857,0.004922326524882399,0.005407666447696042,0.0592028120069324
AUT,2022,1,0,0.007846473563096588,0.0011033350218660942,6.35453424653622e-05,0.03674769636422507,0.007425433367918947,0.0015900450535083965,0.0015793117602216728,0.0021185043056838365,0.005776794077178254,2.253191765694202e-05,0.010549372000573404,0.0026808838861718354,0.0020930081178362364,0.036041826860194096
AUT,2023,1,0,0.011171145110758583,0.00089982198790509,0.0001318968867180843,0.06574115658784768,0.013884650776774747,8.004484829329188e-06,0.002512413739039858,0.0038782220914795693,0.005565782306815585,0.0004173363804269272,0.039887668649194394,0.004480367074875778,0.004301810452993833,0.04627521339189336
AUT,2024,0,0,0.025806534961842334,0.01976088077959694,9.579692689177239e-05,0.008858891697173082,0.0007388497801969139,2.5161967983781372e-05,0.0002707881958543972,0.00020055351470981369,0.001071979207906056,8.910956366438223e-06,0.006846465857763943,0.0004656528429431881,0.0014894204540967847,0.004095498227268729
BEL,1990,0,0,0.027750045877911547,0.02787194688382807,1.8635872766819163e-05,0.001597769091929366,2.0884203595354018e-05,0.024793884925621106,0.00017493455944946412,4.104685023014006e-07,0.007673916046979385,0.005714295762126315,0.023288816396756597,0.00021601778784324685,9.882901278429379e-05,0.019489486031729935
BEL,1991,0,0,0.0211999211602431,0.022368203200570248,2.4911852965819875e-05,0.00038839596500717983,8.816000652588604e-05,0.007817770642163576,8.434623566840888e-05,1.632935186379226e-05,0.007732943884606877,0.007140166035665847,0.005136139296026508,3.955625315284807e-05,0.0001447849862513545,0.003849642838600969
BEL,1992,0,0,0.019612180081186332,0.02018636058436134,2.6402916612955268e-05,0.0005880135209661181,4.1129787782152566e-05,0.0058623202230030655,7.767014695563601e-05,6.861799387099161e-06,0.005584962198733392,0.004836145081544235,0.003140155627865634,4.91937444756994e-05,0.00018383922449768936,0.003440661520784235
BEL,1993,0,0,0.018823929747142594,0.009138396098840231,8.553081098384768e-05,0.025024144506548933,0.0039844167192188236,0.0023010569752810604,0.0011416098957846824,0.0011455209138253155,0.0083536084780605,0.0012019267732212274,0.006113041981651496,0.0017561812086718533,0.0019499515129210165,0.024405023133348937
BEL,1994,1,0,0.018392063897345868,0.018382415755023338,3.439563665832061e-05,0.0007965352312936715,9.956542538012416e-06,0.0022706391700428805,7.134180513029e-05,1.611906805381282e-06,0.0040259172124401145,0.003288510841998163,0.000262756797681966,4.490755854963e-05,0.0002994289634855916,0.0015233805937226055
BEL,1995,1,0,0.023276985407112104,0.023835580877261262,4.71999837245467e-05,0.0006318050697236798,4.434644385238414e-05,0.0014342099464169126,5.2666190729426956e-05,1.0803990261304085e-05,0.003778353108440687,0.0033074105304952907,1.0177318660421451e-05,2.419044457495218e-05,0.00039863284377994197,0.000639147383323868
BEL,1996,1,0,0.02371072156105762,0.019642972488139735,7.122844035610563e-05,0.0053695086627513575,0.0003465633515870915,0.001019110856623587,0.00032357713396673123,0.0001007895708624137,0.007756396698973875,0.004302783214264561,0.0019888084711964,0.00031305905870728255,0.0009637705062690556,0.003664859787454756
BEL,1997,0,0,0.021116626912929322,0.02729539652496298,2.0130202995571174e-05,0.0009880849808901698,0.0012392899871861483,0.003392006192089818,8.649995940664247e-06,0.0003285930886634971,0.003011142800286136,0.005207751523419313,0.005232124604461609,8.418168656022726e-05,2.4626412814283307e-05,5.4430236917611044e-05
BEL,1998,1,0,0.021180656563507944,0.013901437522319161,6.62253787091834e-05,0.013698887935909074,0.0016598009188309422,0.00412344093427978,0.0007175218662094212,0.0004924312538012169,0.00862205617503215,0.0027321149792073713,0.0008439988076156194,0.0009855159967237144,0.0012134046065536872,0.017094929257019106
BEL,1999,0,1,0.006269971069416615,0.010013886872976909,0.00025415427044009543,0.3344581882343092,0.08134121678126846,0.009471597702169057,0.014694591401836415,0.023191944184405937,0.046712542569802055,5.441395420224399e-05,0.10081459089439385,0.02558460972979601,0.013844436296372005,0.33838221657018375
BEL,2000,0,1,0.011774264035522201,1.8793041507844893e-06,0.00011562863783258295,0.1370369069787259,0.030217751227020327,0.019628072333496435,0.006668248163333073,0.008797421515576925,0.03535832353201989,0.002086890026357271,0.012876058207937878,0.011020892320355845,0.005378721656286281,0.1809345782445599
BEL,2001,0,1,0.00940051711943585,0.0005918854601459953,0.00016046769525965336,0.15995361201630434,0.03696793628797896,0.0069614677485956246,0.007389036449265984,0.010576532262986226,0.03327019799508963,0.0008557244727929984,0.04418685956787644,0.0121978498915636,0.007229411201530107,0.1642304173980691
BEL,2002,0,0,0.016268345937067066,0.02778464224999014,2.0098425438784855e-05,0.010076128321504655,0.004289015139096241,0.0007794827727487384,0.0003453062775652706,0.001243758841590735,0.0005711069049380102,0.004792704894148525,6.236571208449303e-05,0.001011831930837034,5.168854969924266e-07,0.01993339029223884
BEL,2003,0,0,0.015063442393166314,0.014020388210608407,7.505205757542217e-05,0.0010329869831625998,1.5107324767116921e-05,0.003907676134232688,4.023647373226998e-05,1.087258791871642e-06,0.0018004275490665056,0.0013623423657602015,0.017970456637319793,6.032922095884573e-06,0.0009085736825194057,0.002532273886359683
BEL,2004,0,0,0.017179055808399225,0.014761470167809581,7.958873361479684e-05,0.002651073446780634,0.00014390959620548863,0.001763985450715112,0.00011100637372257727,3.1247401186013346e-05,0.0023801597623305066,0.0012770009793351346,0.014616523476804803,7.268876968357132e-05,0.0010611824302086007,0.00026117626675384683
BEL,2005,0,0,0.013293363501951677,0.006085645336954427,0.00011636071607387301,0.017863741275997734,0.003225396352280922,0.0033384053940558613,0.0007322845835235136,0.0008498418484761433,0.004669176807186541,0.0005348674759303964,0.04065428233173427,0.0009257534855604858,0.0024556858002335097,0.0020963128798577803
BEL,2006,0,0,0.009388599263861678,0.0009564086173527973,0.00016243067711806512,0.047467750820172586,0.010675518981897388,0.006078229983701691,0.0019665584621772615,0.002871353823717777,0.00863543947396909,0.00021710713375978156,0.084638848115041,0.0027822126040660433,0.004524534216316228,0.011086096688916369
BEL,2007,0,0,0.006218170524747968,5.01870875489548e-05,0.00020211366392627913,0.07544915030926866,0.018447547916594247,0.011163561003730421,0.003091300200652453,0.004967546223161582,0.01105551754631568,2.3159325308342553e-05,0.1362736886027594,0.004519067234042793,0.006437828872048792,0.018060593720031524
BEL,2008,0,1,0.0018701376835023348,0.023841156744053425,0.0004377558601174425,0.37945084069962653,0.09987381675571248,0.007517551388390995,0.01616587179745203,0.027658507474049257,0.048590079417343626,0.0002122829336164396,0.35774070651965056,0.026181069363131748,0.020812450982108616,0.20911834069855825
BEL,2009,0,0,0.00563002615261814,5.998983015375712e-05,0.00013893637416962092,0.0719585414520932,0.017224386374212947,0.0011627065362887533,0.003246402799661648,0.00476222871976792,0.016391446170651063,0.0007837321421462773,0.07285589809561555,0.0048008480751806585,0.004866872773690885,0.03575993105250469
BEL,2010,0,0,0.00013412031861253544,0.002664315853894169,4.346329626539911e-05,0.03799662713436124,0.01052774299250748,0.0002799515720368975,0.0021890926323447834,0.0029391692673666754,0.02037335302160076,0.00465418356298129,0.03723757108640387,0.00271231195459382,0.002043990013245349,0.020389625963271322
BEL,2011,0,1,0.005369818032482838,0.030024926488280108,3.488140571160119e-05,0.08495578347530347,0.02683719107922015,0.0019772154452416357,0.004375305100174992,0.007472485977844709,0.022855922953426158,0.0013116363954861034,0.08383189496137142,0.006247584319380682,0.0033596693418868244,0.048105993235941946
BEL,2012,0,0,0.015029999071796557,0.01992473866873234,4.2065005677986027e-05,0.0015668693155728296,0.0009946620909636033,0.0017582945450448798,7.297995604083725e-06,0.00030308791660715683,0.006626670621323967,0.010702929111908843,0.004495815063061924,0.0002475568736658956,0.00018650401782292758,0.011099769665334006
BEL,2013,0,0,0.02483148460093199,0.0479912345277851,1.678229824562669e-05,0.027133964158831545,0.010248361240084651,0.0002487324986670365,0.0007740938665617028,0.0029231831976591362,0.002828606861816301,0.015557192351391972,0.0032771877804641044,0.0024269225587456623,0.0001232770075229078,0.039859203976251444
BEL,2014,0,0,0.024616292412389155,0.044636847236047016,1.9867636996247912e-05,0.020239942364396156,0.008080824486971562,0.00010101430371368985,0.0005440271594157762,0.002302407127323718,0.0032838067924186795,0.014403375164884215,0.0024168470762037865,0.0018380011674478682,5.34228675284352e-05,0.030310633149687315
BEL,2015,0,0,0.020421732827483614,0.03752679086966709,8.930187087874782e-06,0.017248898925913848,0.007048598282700068,0.000591218985476326,0.00044181906290751674,0.00196880864956918,0.002909763185700518,0.012306540194753275,0.008547008570702288,0.0014308253556078816,0.0001260266414068431,0.017067238181867103
BEL,2016,0,0,0.016380107214175856,0.010504859856122883,5.926919075202537e-05,0.011004777579490393,0.0014759260381688036,0.002144562155411381,0.0007164629866066999,0.0004320203141909286,0.013008652452089325,0.006094221324942994,0.0024563773412364987,0.000770252324276345,0.0010786281536688104,0.010512204485384619
BEL,2017,0,0,0.037231550585724575,0.07571322486868491,7.440849082662656e-06,0.04780270054836816,0.01838881368979414,0.0013174796082952515,0.0015037269563851268,0.005137518776205057,0.0014238129059279995,0.017046764123066483,0.027754246835180966,0.0038685338551667646,0.0006005131565101941,0.042558580139229356
BEL,2018,0,0,0.034042260079906926,0.07202737294964125,6.2000434289824425e-06,0.051168408569752855,0.019058131653157402,0.0005953962091022047,0.001642696525245869,0.005345499554242792,0.001045142436512472,0.016395923964116568,0.024756790075989386,0.004178445442283918,0.0006578184066923059,0.04923819994882059
BEL,2019,0,0,0.02766860474602927,0.058191578244131785,1.1082317463253873e-05,0.04163675242034155,0.015196622917519978,0.00018169607911399543,0.0013814256077094018,0.00432276128873733,0.0007112119032948795,0.012968410541612916,0.008613416357448653,0.003613130932179009,0.0003492867832894552,0.05355047482520929
BEL,2020,1,1,0.04633827547458568,0.04703754939008583,0.00013219414043012326,0.0012205623081585325,6.940416648227342e-05,0.00010395049715097594,4.8594235202831796e-05,2.4226083172970208e-05,0.0033842698340106753,0.002950027838552677,0.005926831655828433,1.2067122150291562e-05,0.0012723874100039705,0.0002884713853761152
BEL,2021,0,0,0.038013680298118545,0.0745211526124159,2.2281779526330227e-05,0.04367157297625669,0.01657629910573433,0.00025408588437220717,0.0013584954922988073,0.004722148589966419,0.002063202653808406,0.018504298813779248,0.007153945635750553,0.003874751252439975,0.00024211940226555697,0.06022165164059893
BEL,2022,1,0,0.011670055327037604,0.025170745182592866,5.809502489165269e-06,0.019913080039060754,0.006696025310825636,0.00014174230775692128,0.0003917894529425118,0.0019023443829261544,0.006820430788524473,0.020452747573641263,0.0019945052133215017,0.0017029691546216461,0.00015432641889694332,0.02947512683875428
BEL,2023,0,0,0.015278647005605129,0.0262969184943572,1.6065861618766795e-05,0.009891309365716312,0.004047747257915513,0.00010985933556998874,0.00020649971351423475,0.001156419478628817,0.004225482787006784,0.01202532133781054,0.0004612698278294421,0.0009251287437180699,6.569206443603107e-06,0.017118301502802854
BEL,2024,0,0,0.02494665696805047,0.0533046293248369,1.0704227286991927e-05,0.04004196292598024,0.014371020305024912,0.00044345671655013314,0.0013252727398425997,0.004099938762743725,0.000729674393277593,0.012648164085195089,0.006460766655638494,0.003504994742147531,0.0003223876321223702,0.054434830239236356
BGD,1990,0,0,0.014684541802449613,3.185983706473612e-05,2.6177366871066597e-05,0.16841417079036153,0.03168430958218311,0.11532942328481387,0.0031087618095946563,0.00967893061978167,0.00019340727089979333,0.028207563120928973,0.034522321347346674,0.015592617105944236,0.0029982048885764884,0.4473698390169155
BGD,1991,0,0,0.009284030824367741,4.1479025656341926e-05,2.69249717274872e-05,0.10079862932178242,0.019110237354153094,0.05028305090341788,0.002135882022381065,0.005757172926717038,5.3166616914084425e-05,0.020172956610231246,0.008733800556994593,0.008936543528102166,0.0022384937241283556,0.23543823232473396
BGD,1992,0,0,0.011454820559961576,4.566903757864179e-05,8.924349580872761e-05,0.15195821869191722,0.031001355036010817,0.026256218700058634,0.004863217716013236,0.009042283918873387,1.4303594121752305e-07,0.022717008936475377,0.002201746348995453,0.012256173978672524,0.00508651974327708,0.24387787417005016
BGD,1993,0,0,0.012942849210352067,9.39072997489981e-06,0.0001597560355116194,0.14017482839973913,0.02923685794781652,0.0030186264241472472,0.004174876876053771,0.008279459657500347,0.00016153742799628024,0.023758645208674913,0.03397689292239919,0.010182374032561442,0.006791232558668214,0.14813441087545318
BGD,1994,0,0,0.0105531502182381,0.000539574386444257,5.881885578877962e-05,0.07798877062793691,0.014786066227793833,0.014866481978009096,0.0022730373169384194,0.004319208920101556,0.0005635488205505797,0.016982145359465992,0.0004957589870323816,0.006213923217591707,0.0028270986372183546,0.1288734438003473
BGD,1995,0,0,0.014919683622928115,0.001088370782013649,4.70865694138857e-05,0.10191553178030571,0.01856424246487947,0.04428806915646487,0.0031683926129565873,0.005564001216811837,0.00015427243525428257,0.01848228688186499,0.004887172546048756,0.008767198596290528,0.0027653030901101045,0.221592112831333
BGD,1996,0,0,0.006395673176962503,0.0020135955384439734,1.6072950737507419e-06,0.019631524729523873,0.0026589352258615012,0.032935278281574706,0.0004931649354540325,0.0008667817154843955,0.00183407028884407,0.009585803485077952,0.02637517769469558,0.002003069960525063,0.00020781874166986986,0.0831067267142248
BGD,1997,0,0,0.00347503886734005,0.003468532812272504,3.7623512846662086e-07,0.00047382018541782,1.116829302950274e-05,0.013192226528931993,3.8811617000904254e-07,2.1136440748651906e-07,0.0034392622659959373,0.004496070955648951,0.02403566803320964,9.805171941840807e-05,1.5021532942836615e-05,0.015302245352422082
BGD,1998,0,0,0.003754908499425123,0.005046055986651526,3.819505515224272e-06,4.750643860792118e-05,0.00036125654329326054,0.019321643968490742,3.111931918738137e-05,7.133815236482727e-05,0.0034756783744429426,0.0032211912923834733,0.04326835710103979,1.0977277861800128e-05,0.00015489488964555797,0.013956527093160028
BGD,1999,0,0,0.0028381548004047298,0.008256379539410656,3.288070070579263e-05,0.008562950903183375,0.004000049287640334,0.0318076280078648,0.00047647937941896454,0.000983442961249546,0.005957460949887307,0.001852272023787526,0.1065670561121911,0.00031345822121395543,0.0012964991200785996,0.005958255737705433
BGD,2000,0,0,0.0007958111347719572,0.008112333177566234,7.630093337281227e-05,0.03020369144829392,0.010209815932459489,0.029442881409903768,0.001367448917336566,0.0026438360175669606,0.007923637971800498,0.0005893270729139405,0.14251879834573355,0.0015515855716693365,0.0030059687745204733,4.4526494061244085e-07
BGD,2001,0,0,1.3747445996424214e-06,0.005204443320275819,0.0001437597990942321,0.04542998898644452,0.014074219731283533,0.03939844826517076,0.001990516772013373,0.0036410145710359483,0.01130529035677136,0.0007982936978083666,0.2020548131290129,0.002300001395429805,0.004909156686594279,2.611204956708443e-05
BGD,2002,0,0,0.0034154117347501654,0.0036513196244782917,0.0003235191194587753,0.13519252155000602,0.03595200789655812,0.0314713096761269,0.005579809390426601,0.009625690525399428,0.02155396554825586,0.00011271986392173952,0.2924644572607706,0.007998434818424384,0.011295245698627804,0.023630713880492045
BGD,2003,0,0,0.003957593215833801,0.0027429235093679003,0.0003336313887109051,0.12723543724187755,0.03373392773258506,0.03596789457728777,0.005172210803490627,0.008985252168452846,0.019400952695207106,6.232528276492813e-05,0.30156245106493373,0.007344497737290843,0.011244536822029775,0.017709215446029353
BGD,2004,0,0,0.006831816586660653,0.0019992568666445786,0.0005034510930111495,0.15469016101843058,0.04091409718559448,0.07091199808473769,0.005926453480992174,0.010734610701009104,0.018608226705571655,4.157537533412349e-05,0.4661418756299718,0.008315833987648383,0.015756291557164053,0.009323937826913516
BGD,2005,0,0,0.010259476018789956,0.0005099576670571826,0.0005187328782407856,0.14925940187827297,0.03864920929625752,0.06274794633704539,0.006031002159047587,0.010158710165913933,0.025682513328476108,0.00042473374569821753,0.44113378045237206,0.008047342484395181,0.01557059391997794,0.009523166879500245
BGD,2006,0,0,0.022520925849103833,0.0001809403108920466,0.0007305819218394258,0.18785475371080546,0.04664027350937662,0.07353880563825539,0.007726817033063872,0.01225732024620438,0.03840626286660961,0.0016530175259050048,0.5469908691441092,0.01004752475575562,0.0205828993940633,0.012181327428381529
BGD,2007,0,0,0.024907360855311558,0.0002465138474385397,0.000889346198995817,0.200074965430465,0.05053938742069049,0.11336960563417277,0.00818385557209251,0.013120509666039648,0.04289123506777447,0.0023391559703063365,0.7133317245820006,0.010103700376247837,0.024244069624519856,0.003841952085467003
BGD,2008,0,0,0.030328348317642504,2.6098768463115485e-05,0.0011697690517444197,0.2814739305768787,0.07179508227858758,0.1441824285621817,0.011769548487078178,0.018724441009079388,0.06453596383299325,0.004187873826249626,0.9504750729838827,0.014542531591793506,0.03266243140580649,0.008388492907800945
BGD,2009,0,0,0.04267402797890052,5.5458425372490036e-05,0.0013554631167993984,0.40189985678469603,0.0992503833457689,0.10778878600623919,0.016810107355653345,0.0263733336991196,0.08245342436663407,0.0033350928036902923,0.9694529846241247,0.022622593746236645,0.039843149356080826,0.050259893044422924
BGD,2010,0,0,0.04826362794667917,0.002068417061865216,0.0014013761746559147,0.3079948594315686,0.07525189886093557,0.15966962719912584,0.012140109082880381,0.019557296996085567,0.05595251654907594,0.0016094955195299755,1.0399597098068172,0.015605755839538344,0.037435389440748826,0.008638804355852212
BGD,2011,1,0,0.04055740451534966,0.0008560363910485364,0.0013440923352650543,0.2957922298390141,0.07388911613667984,0.16756921190813398,0.011939018084047683,0.019166992679544834,0.0599075009648876,0.0027262157301749593,1.05290296080182,0.01487018581460412,0.03623946524675587,0.00564923241103523
BGD,2012,0,1,0.04900897002142087,5.189596759117454e-05,0.0016283263222647355,0.4622557062121469,0.11482085725479536,0.14510097434276428,0.019201860889395836,0.030384761901747954,0.09275619059010098,0.003524010971135484,1.2001155475177818,0.025549940922730136,0.04737190766095731,0.046347170591203475
BGD,2013,0,1,0.04365878215419494,0.00012579314659891228,0.0015664858988618548,0.48717833979873315,0.12134964135339629,0.1319194687130384,0.01985014175461123,0.03224934586988732,0.08340625694282189,0.0012665624083910605,1.1606648491119274,0.027520596798214322,0.0472114875194535,0.06368210908592829
BGD,2014,0,0,0.03750277627149692,8.562895181111446e-05,0.00128536824256959,0.41671197787274517,0.10276303865593855,0.09898326709962237,0.016594525689396934,0.027386904960468673,0.06096308347999775,0.00014915553726787834,0.9241361775246462,0.023843734615972126,0.039196403062914685,0.06532228897424869
BGD,2015,0,0,0.03739995770039634,5.771728403761796e-07,0.0010246891016075157,0.384546768381315,0.09263770177768846,0.04347393053751399,0.016065089645921314,0.025057838804068328,0.06859427803673142,0.0011882561436347716,0.638780366619016,0.023399433434791186,0.03225779141192285,0.10503028007145333
BGD,2016,0,0,0.025149822596308984,0.0025795529675829163,0.000967309075766083,0.44700618150032817,0.10904065032148064,0.043399350535077735,0.01660960054693685,0.029575321158281875,0.031371899250059856,0.004995837135835926,0.6491774372089193,0.027777959019342977,0.03376205049383949,0.1507744856667173
BGD,2017,0,0,0.021730890149728153,0.0039017956246347393,0.0009173558772637107,0.44771183274206716,0.10947401980584733,0.041035984282640596,0.016199607785454262,0.02972066427874892,0.023633438608379582,0.009005732975516583,0.625188128798917,0.027990880636672467,0.032897588898614244,0.15944618156323753
BGD,2018,0,0,0.02146834088618468,0.0045215811454755684,0.0008868179481694901,0.46495397958859774,0.11424471969111541,0.028440664712122952,0.01801860766591152,0.031208509827606135,0.041495680737088196,0.0025713551288805247,0.5845317912781086,0.029819532498745728,0.03252516694388726,0.18800583691030492
BGD,2019,0,0,0.02352235201459711,0.00471988443209353,0.0008688747369059878,0.5077960581757932,0.122926609537985,0.015929222605559203,0.0193921382072499,0.033804148706565236,0.03762899394822907,0.005342559135182034,0.5240967166530062,0.03345632530924959,0.033072375264176515,0.250770784043275
BGD,2020,1,1,0.0307510299736176,0.012238420106621522,0.0013240784683999367,0.8359210637631841,0.2045389236876479,0.021680787717055335,0.0321856693652382,0.05636496619245767,0.0638162514541046,0.00837143831193942,0.8222714778257258,0.05569657174435342,0.05239574677660159,0.4331298877269195
BGD,2021,1,0,0.015523736420113367,0.009361731919608216,0.00110123934064296,0.47956180174119184,0.12287060566046697,0.09453206628753828,0.01763989961155825,0.032949469956220945,0.031722984659802916,0.006083942107641784,0.9164693865122149,0.028569807945461163,0.03880592902769398,0.10693479573867236
BGD,2022,1,0,0.006418415154782329,0.015360323607034045,0.0006525461530993242,0.4079903769926979,0.10529730980507021,0.02828102436274033,0.016027888337575222,0.028776231006136094,0.03571264065893303,0.002658253284909536,0.5236201730582025,0.026485902961841522,0.026633638768021817,0.16455332858077254
BGD,2023,0,0,0.004531700088239939,0.017854765859565906,0.0005898770890969806,0.39439824986677474,0.1019367164894835,0.02597234664317601,0.01490165174483669,0.02787469419233896,0.024224684507424477,0.00665311515546238,0.48507359711463666,0.025730699092173317,0.024975757959004988,0.1673607584187594
BGD,2024,0,0,0.006541977421466889,0.019495486317371948,0.0006202884828685565,0.4829966661321493,0.12287069671950551,0.010110713647679641,0.019047136208455155,0.03396595471850981,0.03945249734598563,0.004298932901242261,0.44778809691456073,0.03289660474344859,0.027633887398947538,0.26723624514874433
BRA,1990,1,1,0.17075689812865832,0.08569850538111942,0.0011112889942346078,0.20452316014022423,0.03179788916328932,0.008388109310750808,0.005676355958588951,0.00854388158150353,0.002255580437648809,0.011736457559250615,0.24131466358635537,0.0114230073340121,0.023831263301606277,0.0750614697903974
BRA,1991,0,1,0.033054184942748054,0.02448174375295214,0.00014054959418141526,0.013126314943265405,0.0011454890329160006,0.0005200405469748934,0.00030470236581811724,0.00029722128111220233,0.0003637260213206341,0.00278824590963419,0.015572570487684605,0.0006223876654388231,0.0023071853627984217,0.00401730116103972
BRA,1992,0,1,0.17990665434111755,0.13333786060262912,0.0008101333575353904,0.06958552806315013,0.00639351303286739,0.0052050790993531035,0.0014974244641246602,0.0016448938222850915,0.0001865328584052276,0.0047739882466745045,0.10863865541981178,0.003193580801556974,0.013141636459151989,0.014123928401623607
BRA,1993,1,1,0.14648458679812495,0.1474940687451659,0.0004531306982296355,0.004666489993099475,0.00023026101770519977,0.0042922316737402455,2.6552003712285375e-07,9.3825654708447e-05,0.0014129511141599892,0.002133547026645621,0.029200540273479004,2.4141171824180933e-05,0.004680061723658866,0.0019291838683683589
BRA,1994,1,1,0.17000668094717064,0.15802609703707782,0.0004593919337055275,0.017050027965717977,8.998909235332165e-05,0.0006851668184984128,0.00018717685155893103,2.0341182175387013e-05,0.0003891239314929174,0.0028513416304223054,0.008484776498959514,0.0006583749087364465,0.005369884199645207,0.007914805791215444
BRA,1995,0,0,0.009391955795014334,0.00028599560583317626,0.0002063906497490564,0.13914107702516137,0.03197892589273374,7.128927748009984e-05,0.005298899396639466,0.008921744981499226,0.008544720951438463,0.0022773571923587806,0.08861022316252025,0.009639892203762896,0.008061530647647058,0.09769576339965894
BRA,1996,0,0,0.015457591104906458,0.0020747013034483996,0.00017300967537440973,0.07204893126974739,0.014969989498975954,0.00013869070090747086,0.002653085431126262,0.004153950858276335,0.007296587924937843,0.00020223609732867993,0.054301478947080574,0.004760172096099917,0.005229546889552195,0.04367583682480346
BRA,1997,0,0,0.020082594926012335,0.00496403298259744,0.00017867593381511914,0.0618072213807357,0.01204582063923856,8.528642002039631e-05,0.0017536622806578047,0.003337844353460505,0.006767557406387684,0.0002042814766967482,0.04687870399635503,0.004005236201364859,0.004903592118703943,0.036545564759283417
BRA,1998,0,0,0.01678099320221643,0.016704427803125,4.7196455269312565e-05,0.000636205670418912,8.368646114955365e-06,2.5674923069614573e-08,5.386531543085649e-08,3.082709483357664e-06,0.001967575878392549,0.0011870224213673638,0.0017961652721991356,1.2606173707743203e-05,0.0004689708853062423,3.844875119413683e-06
BRA,1999,0,0,0.022231897757797735,0.0191644478984406,7.287314321847146e-05,0.0038285471659577322,0.00016818737770451904,2.621416318025527e-05,0.00015463180712288813,4.454631884788339e-05,0.002125495785453713,0.0008257251605953644,0.00398497945083385,0.00017493283692531796,0.0009529105210523375,0.0011157513322772577
BRA,2000,0,0,0.01832408824495804,0.011908880535294514,0.00010283055413742708,0.011110919391295994,0.0014533237201168954,0.0010972962560357393,0.0003932994433444979,0.00038119517459981505,0.002057465473421311,0.00012712282413848746,0.020826437264959297,0.0005484552221583901,0.0018330347635245117,0.0017762790245541985
BRA,2001,0,0,0.013591515904280638,0.011273438939554624,5.8905407482793404e-05,0.0027863001056886686,0.00018359166541954584,0.0005838328227318121,0.00011016359270080255,4.439820640631101e-05,0.0015619763880879009,0.0006214595103310528,0.008599332363026955,0.0001024818751959884,0.0008209675183125282,2.073860828650429e-05
BRA,2002,0,0,0.006283998860895351,0.0015941636842472047,5.4717870395828584e-05,0.01876783262127491,0.003734037413211977,1.408856762578833e-07,0.0008453870943625173,0.0010407658970186,0.004878312685143155,0.0004117109588131151,0.014079751312403266,0.0012405334890228021,0.0014796270034420345,0.011187959367826312
BRA,2003,0,0,0.004518862221115303,0.001519118781277878,4.9900908958793026e-05,0.009492325472269596,0.0019087814944231153,0.0016876921100172485,0.00041617331816065065,0.0005068339601018426,0.002759502590044827,0.00035809787965673703,0.02084037615739755,0.0005146572020641601,0.001154248737063687,0.0013171242186574125
BRA,2004,0,0,0.0030522638164756245,1.7800041573656724e-05,7.425346747537709e-05,0.03725726897843413,0.008838417446866994,0.0008438413717349431,0.0016060390987301797,0.002436449212210411,0.006498869507604252,7.961553822575993e-05,0.03909532928437336,0.0024553573909316027,0.002574621517044343,0.017876863132896645
BRA,2005,0,0,0.0021602833736618986,1.586444066474774e-05,4.605084242683702e-05,0.01915489861704199,0.004522304894216266,0.0007739468077034918,0.0008858733933913822,0.0012401042938480072,0.004998025611189781,0.000396170553129964,0.02424612790317664,0.0012281970623879987,0.001468297040089477,0.007490736199956886
BRA,2006,0,0,0.0011686257251923176,0.0004561455185600194,5.013098506193435e-05,0.03133683544139896,0.007808012878918759,0.0006082877607282199,0.0013895179297990672,0.0021588130412115605,0.00560301147039668,7.11660687676891e-05,0.031318638095371755,0.0021144029734078674,0.001960671448352226,0.016032299970677146
BRA,2007,0,0,0.0016854416824935625,0.0004526796479748145,5.989398753068412e-05,0.040089692538405414,0.00976888006007009,0.0003078435073458944,0.0016976122568942347,0.0027129159207272434,0.005471692392679009,2.0187743991413648e-06,0.03353470716252878,0.00274866181840027,0.0023903339143968466,0.023664899480521123
BRA,2008,0,0,0.0004991514757852829,0.0003225246399146031,2.5054505629899798e-05,0.01631783803435783,0.0041489384899268435,0.00025594034974932896,0.0007776108726382007,0.0011498695042040008,0.004221513432261845,0.0002854083895562605,0.016322762366175553,0.0011139611580041823,0.0009995218571280764,0.008381038901074174
BRA,2009,0,0,0.0011567332577503157,0.0001773348057225759,4.029839344027748e-05,0.023041454865999848,0.005625640345336617,0.0005893141523311815,0.0009870675704383449,0.0015507520775653724,0.003255950082571375,3.2072618541159683e-07,0.02397521338787167,0.0015304235166308058,0.0015076443925995948,0.011285902555442682
BRA,2010,0,0,0.0011705095917837471,0.0034736868286734755,8.32262334463919e-05,0.08782678050916506,0.02205243061683957,9.136638106530232e-05,0.003823123607876695,0.006205598836646292,0.012203514313270283,1.0823016834570489e-05,0.04773197873975,0.00641553035999633,0.004175864665604867,0.06921625251077757
BRA,2011,0,0,2.7376914129191766e-05,0.003932550736030881,2.9624466955729332e-05,0.04518468858248203,0.011900630163251135,0.00022319427957872025,0.0020902655161918176,0.0033660912511259446,0.007719485735777715,2.909017749403929e-05,0.02116081033281831,0.0034108049717910473,0.0018575455115395294,0.038932422008177085
BRA,2012,0,0,3.841215086183771e-06,0.004257715492413772,2.4109083387336965e-05,0.044283274037431576,0.011650732234293186,0.0006191707712655763,0.002049534156769853,0.003310850044124864,0.00708260368129048,4.845933261007783e-06,0.01658162930888728,0.0034106135420584075,0.0016767699653244255,0.04212911338017269
BRA,2013,0,0,9.723791991568645e-05,0.006811902496296562,2.2230400147601383e-05,0.05088567578503808,0.013609659668649058,0.0005168964309523858,0.0021988301518508996,0.0038613593773156258,0.004820074125741748,0.00035776021507879894,0.018720505248962734,0.003923675594288607,0.001814215997006346,0.0491052694600731
BRA,2014,0,0,6.386224963788752e-05,0.00559504004489445,3.8745391693652566e-05,0.06814943568104569,0.0175080557752678,0.000952917555231513,0.0029292441685410757,0.00497160446831161,0.006665454315222802,0.00039166521662678603,0.023858790125663033,0.005214843522766529,0.0026126506414993035,0.06629889707259948
BRA,2015,1,0,0.0008906055506916156,0.0026606397097936768,4.070914923381982e-05,0.06926560812750823,0.01672550901793872,0.003587640600337108,0.0029552617709901006,0.004796243632724861,0.006312815604886504,0.0005030876135383743,0.013706519115006092,0.005427343545894082,0.0025511732532832857,0.07983198420991722
BRA,2016,1,0,0.003734587652104347,0.0012443455062556845,9.535252640163468e-05,0.09912688889205591,0.02311383930022169,0.001465731255689063,0.003936109383678301,0.006550230107073626,0.006350135010766824,0.001631484049279023,0.034486247135735504,0.007347372267667203,0.004559020650318886,0.09427322818626081
BRA,2017,1,0,0.005830922337107827,0.005036363878054937,0.00021023392499512291,0.22763193417752012,0.05414008930068887,0.0016721257163010417,0.008766280701226585,0.015291392534616487,0.011569507692062364,0.0056435430008355235,0.09008005579843384,0.01674575258564621,0.010461756706107035,0.20659036700679234
BRA,2018,0,0,0.0064899152893223185,0.006477118293373824,0.00023554137576974431,0.2719527029369003,0.06486032115198352,0.003465703692658491,0.010737401836123777,0.018373592330426895,0.017174169837684404,0.004785049105835035,0.09692751631492216,0.020245713436113182,0.012069375569563955,0.257764332911437
BRA,2019,0,0,0.004678303368547382,0.0070517183493566974,0.00020516843582520095,0.24156241482740518,0.05814968150034205,0.0023008113490366093,0.009484220892959668,0.016449747761475668,0.014194863947125208,0.004854331524994184,0.09120080492146257,0.017930281556204703,0.010712423060357681,0.22428135790900927
BRA,2020,1,0,0.0007143522178509529,0.0005943708093117368,1.7775737036454724e-05,0.027996781887769887,0.006532643594837533,0.0019201957447868502,0.0011686443995984443,0.0018787816230604769,0.0021470553626333874,0.0003304795221493827,0.004378943122640355,0.002200202957079535,0.0010412370604583393,0.03396482928535408
BRA,2021,1,0,3.911715000066864e-05,0.008748272261210593,3.63805980765106e-05,0.0739007614748351,0.019573435549917414,0.0005906258299776374,0.003134047765931751,0.005545895453660102,0.006777095475501694,0.0005796530792754864,0.02872143593986839,0.005651531421388681,0.0027445610102924743,0.06954301259388433
BRA,2022,0,0,0.00037130248179284315,0.027419314004417706,0.00010744283135775594,0.2049773462275131,0.05498729700919341,0.00018472190013887841,0.008405079775538027,0.015492512787912277,0.014024108588438614,0.003405238498638637,0.09868685130565709,0.015377604749077654,0.007969827508376558,0.17597113381267593
BRA,2023,0,0,1.3874754527285063e-05,0.04767804782903086,0.0002806014511242784,0.4832378793227681,0.12596101837687354,0.0019932654378598215,0.019802010357765493,0.03558382125001442,0.0347128906145718,0.007105282981629213,0.20600183886852141,0.03638228258070127,0.01910302067347558,0.43527911950387244
BRA,2024,0,0,7.277079266103303e-05,0.04997758171613345,0.0002506871214988859,0.4491143223881497,0.11834304180327507,0.0012107900517460608,0.018406259808049153,0.03339986078374429,0.03174844481630106,0.0068945307555728415,0.20015848796336091,0.033775616155665475,0.017630673566092943,0.397745696387538
CAN,1990,1,0,0.016781474213613055,0.028912199120096342,1.552737473800161e-05,0.010590685661709209,0.004593125202323811,9.398444296732383e-05,0.00035945780851686244,0.0013137182250633327,0.0004997659930037668,0.004671532396744451,0.0012485719085368152,0.0010005600339742103,1.1023751421967666e-05,0.016215677292700376
CAN,1991,1,0,0.011259574713626642,0.011977426838347191,3.628991598383969e-05,6.0832890531513355e-05,6.261021996099961e-05,0.0005106149673586892,5.7986131810598184e-06,2.1726278135768924e-05,0.001296560559322654,0.0014759048297264955,0.003385930745213503,2.8643617171875593e-06,0.00032497518771165956,0.0011603253729420037
CAN,1992,1,0,0.0166834236245973,0.006435899138695526,0.00013224724294098045,0.03069934983292276,0.00556602055922494,0.0007909237799092808,0.0011585936051924097,0.0015158068840040921,0.004088475390171493,5.475140503047393e-06,0.03548957298991064,0.0018294031841878168,0.003115695561735357,0.012063985536974098
CAN,1993,1,0,0.013647905545376801,0.0023820167325349422,0.0001231213820388202,0.055357807099361285,0.011106445253115983,0.00026426622154259393,0.0021804272033089773,0.003118262822838967,0.006260526742254255,5.665554451793525e-05,0.028593609149549417,0.003798286726954565,0.003728008829395401,0.04202079134602823
CAN,1994,1,0,0.008182401409655546,0.0005167850019876862,0.00010778822880924086,0.051805616240653184,0.01119168852809601,4.459639478170722e-05,0.0020535976451910693,0.003114766902217006,0.0059164245694124104,5.489360144879566e-05,0.03708374761579291,0.003491048767790476,0.0034982965710329407,0.03295439695457862
CAN,1995,0,0,0.0022702672166631,4.712923821034746e-06,3.4184107020306506e-05,0.022776260261546007,0.005157313335971326,0.00019594990018138267,0.001038582753108917,0.0014569462238415818,0.004980979903358628,0.0001889700208834814,0.011140098806776943,0.0016409113943657522,0.0012734467618839194,0.01834242741662588
CAN,1996,0,0,0.0015107927566196722,5.859338434418654e-06,2.950175684800059e-05,0.018317869087727787,0.004271582857244416,4.640288766284965e-07,0.0008338728322489532,0.0011964936663721646,0.003989572168980174,0.00015288179869498323,0.01228733992820781,0.0012837697299647847,0.0010911571902883618,0.012419629495792424
CAN,1997,0,0,0.0008128856573489648,2.0861816943641847e-05,1.58635169313179e-05,0.011769885249451315,0.002745990777850364,6.934058393203763e-05,0.0005321895278598734,0.0007749858445792926,0.0024512275391622255,7.001836409085746e-05,0.005980967383927569,0.0008513913012047957,0.0006324620237319533,0.009379263252355748
CAN,1998,0,0,3.9510045001431265e-05,0.001727753349892822,1.868984502355058e-05,0.022345940903841743,0.005879105913787488,5.920029027695582e-06,0.00098385939835518,0.0016485172933415175,0.0032439860087594857,6.098970092917657e-07,0.014271403778825464,0.0016264790238851895,0.0010361753373563695,0.01628964061104525
CAN,1999,0,0,9.385673491740492e-06,0.005658471627903719,3.3101291441170554e-05,0.04991947613095471,0.013416671134568509,1.0150098075181403e-06,0.002154290871890006,0.003768318519352776,0.005856564838649667,0.00010782808358537275,0.029323404835820136,0.003685258238491693,0.00212643839427199,0.038533295532375764
CAN,2000,0,0,6.993652366481048e-05,0.0020485807640619642,5.50410990285664e-06,0.012830055130731889,0.003557112683521183,9.156195686357722e-05,0.0006100984885283047,0.0010087952563235518,0.002446555940287538,2.3796318668316046e-05,0.005577320324909628,0.0009926134128086517,0.00045954299094069854,0.011615813855369703
CAN,2001,0,0,1.4131529536652556e-05,0.00085822640590229,4.896027656903187e-06,0.010913268331622369,0.002846169095213321,0.0007313176240259215,0.0005813897220018005,0.0008203466145834538,0.0036288152289261767,0.00037172396860781225,0.002343817498085219,0.0008839348187128684,0.0003649434946769787,0.01246017053474123
CAN,2002,0,0,0.0001771468084123705,0.0011796982391607438,1.9399928910683252e-05,0.022773914774654628,0.005790638455003152,4.137114769561792e-05,0.0009977518279801773,0.0016317406750052694,0.003137754322425442,4.439023107735771e-06,0.011780831734829017,0.0016788344227846228,0.0010368575025529235,0.01849564248467207
CAN,2003,0,0,0.002172761862251237,0.004778370220949006,3.553652877748837e-07,0.003633963781552339,0.0014513750258496223,2.5420874562933402e-05,0.0002510786307204118,0.0004150188921990304,0.002213545765775575,0.00046697570862699346,0.0016395317891328422,0.00032245345913341916,4.3309654842511e-05,0.0036093660595857757
CAN,2004,0,0,0.004851318066863651,0.006657969788121595,4.575638956824462e-06,0.0004689168056601509,0.00048368311720522133,0.0001353849732069486,7.09078041950955e-05,0.0001361727043676631,0.0014720921664123476,0.0007448022428209987,0.0010929247371560603,5.255813833241081e-05,4.291458108629004e-06,0.0001903209511629872
CAN,2005,0,0,0.007723098351386057,0.00408698880411233,3.4207424839651664e-05,0.008857990806391937,0.0012018058817820341,0.0002081151515680291,0.00019362751583016724,0.0003366528576279163,0.00022953839103614945,0.0023332347839836766,0.0023992936139905718,0.0005658392299100873,0.0007679128583756491,0.008216734791026324
CAN,2006,0,0,0.007660244603434293,0.0006025818113835025,7.356442950030442e-05,0.04682430523861462,0.009431627914854334,0.0008038671093821634,0.0015168761415091639,0.0026650121878288766,0.00043386565310429874,0.003622872367089521,0.01464209344071812,0.0033273275858124564,0.0026192654417943775,0.04483697394820172
CAN,2007,0,0,0.009217736802435575,9.361394298657577e-05,0.0001211399299107334,0.08443452287515844,0.017993486613664202,0.0005735892235645504,0.002845446416230106,0.005064564411165929,0.0013929660765436573,0.005194372508723677,0.03323941968998323,0.0059829482477404515,0.004627732829399993,0.07472486107122256
CAN,2008,0,0,0.009628409742921671,6.004332693030332e-05,0.00014414396154911995,0.09140918573950658,0.01973446421549805,1.4747667458489918e-05,0.0030288975731377196,0.005514036820560709,0.0012701632138398108,0.006043256129806628,0.047628408219236314,0.006312448065544473,0.005356048364936198,0.07096436779268807
CAN,2009,1,0,0.0006546477800254591,0.002074342664839091,4.402942118159707e-05,0.05200223199220211,0.012613960011409598,8.468021272628403e-05,0.0018314812157820804,0.003546953675822858,0.0010197958550249861,0.0031348771243615635,0.022993181447293287,0.0037872549966633563,0.002356597736830193,0.0452711525918376
CAN,2010,0,0,0.0006226043342494916,6.14317690318582e-06,9.275888492821849e-06,0.00843869955971379,0.0018109357151507685,0.00013155679113139294,0.0002590004019738696,0.0005120037408975883,2.8151977657458155e-07,0.0011799046509988252,0.0023666229876335297,0.0006125179258056351,0.00040680383493980785,0.008554631881566105
CAN,2011,0,0,0.005038675933712782,0.0009108186311919883,4.1072969504861445e-05,0.02040858273216524,0.003889546592377914,0.00018229938883463625,0.000624614543623197,0.001092732668062416,7.030375709579011e-05,0.0019673307064316248,0.0076204213924395995,0.0014024827532168464,0.0012946692617196096,0.017979341624147008
CAN,2012,0,0,0.0029269082922221434,0.0002594213131993707,6.416413598263416e-05,0.05332475902009286,0.012063177194218132,8.331957866204017e-05,0.0018135087931070353,0.0033850500041390954,0.000757242809845208,0.0036105293081173206,0.024258083913724308,0.0037880350470794375,0.0027627959100920583,0.044927409704504796
CAN,2013,0,0,0.004711251722880368,1.061932444278044e-05,8.493144158365276e-05,0.0567808757915781,0.012564635566278183,3.523988271830801e-06,0.0019041041751164801,0.00350552813672355,0.0008460807085714127,0.0036565493484465327,0.03174712609909091,0.003919336082644975,0.0032778451715469903,0.04271467527580533
CAN,2014,0,0,0.007654366701281779,0.0005195262068392253,8.620773593071704e-05,0.04853025839295421,0.009999858929817904,9.045203164462355e-05,0.0015966684118839715,0.0027996510337589538,0.0006856424808448107,0.003116302459496385,0.02293919771473402,0.0033418847309267504,0.0029635828596684473,0.03909766368104102
CAN,2015,0,0,0.008918019110192172,0.00293981721913548,5.33391231136111e-05,0.021295068936377545,0.00371947317071495,0.0006331803282902802,0.0007031550779304297,0.0010526964758380787,0.0006248865608768317,0.0008009610675777493,0.00638722159550876,0.0014679177406436328,0.0014641226463029567,0.019964650616515176
CAN,2016,0,0,0.0006487561080997596,0.00016545053872799728,4.36040203847948e-06,0.002008986943828272,0.00037389208650936566,6.64581502972394e-05,7.234002207704897e-05,0.00010612571831541952,0.00013911130226117516,2.3033675769951842e-05,0.0006060062316952124,0.00014156889664499226,0.000128398682033512,0.0019037011594227999
CAN,2017,0,0,0.0007408911184798234,0.0008056394088310851,3.5719282366821387e-07,1.1799142974337493e-05,7.841056850271943e-06,0.0005825663214470496,8.268970130737928e-08,1.503615404186948e-06,2.6969779023243094e-07,1.6500298930911736e-06,0.0008201311861315996,2.0365894851735985e-06,9.257824584914192e-07,0.00043620865221954253
CAN,2018,0,0,0.00018211704619569444,7.719460398601254e-05,5.6550984387701985e-06,0.0002037614840816693,5.115299005743664e-05,0.00202047915375785,3.783044393209414e-06,1.0114009571947259e-05,2.130654324841778e-06,5.565085965331816e-06,0.005557464027822524,1.5322320558144061e-06,0.00010525282351332913,0.0008372605907984732
CAN,2019,0,0,1.2812573519423246e-05,0.00013441642341343538,4.431030765411843e-09,0.0006510823509414047,0.00016556162343468807,0.00031801102957660895,2.7414614762091662e-05,4.9770151200987406e-05,3.3155145554860737e-05,2.3248979401649135e-05,4.574865869002799e-05,6.261100939010575e-05,6.486440686574006e-06,0.0015510851684414875
CAN,2020,1,0,0.003234601880706863,0.004638348237126671,0.0001355830256621595,0.16293947178010199,0.03909365326649255,0.0019375824206089565,0.00630244320800916,0.011071179777061818,0.009309151137236599,0.0035010640519811905,0.05817513063479567,0.012140334384987891,0.00713650696276211,0.15463579946067746
CAN,2021,0,0,0.03037187187053019,0.023729189008969368,8.625367276803116e-05,0.010117337821535417,0.0007040868955570823,0.0018986942772444826,0.00026953521852455994,0.0002037249539479619,0.00023500515701815566,0.00029513349018527686,0.0009019639469782832,0.0006173360019034926,0.0013251917309776854,0.011079399463197892
CAN,2022,1,0,0.00027936379954226256,0.004425844187216514,8.383701908555087e-06,0.023400215687165597,0.006335349878332094,1.6683636380484705e-05,0.000832172846374448,0.0017839888051856983,0.00017168778622929116,0.002218260011377642,0.009747429458479895,0.0017672337443605875,0.0008147976673088829,0.021637898490279323
CAN,2023,0,0,0.0508271683837114,0.07469028640930175,7.049622415910306e-05,0.011329314159842766,0.0069368824994649695,0.0003604365555311527,0.0006184220383853471,0.0020077200831403897,0.00022760119810165432,0.0013352334136179638,0.0005605842532354168,0.0012765100755514013,6.88568133901533e-05,0.021547950489941455
CAN,2024,0,0,0.06280925201382903,0.08931394406607794,9.264125529111066e-05,0.010473440750036271,0.007221400799791009,0.0003928997441462016,0.000659323747777,0.0020954185195750635,0.0007475529026480835,0.0005666117165109462,0.0004043322609078822,0.0012512984496662895,0.00014690369326623878,0.021134508656167453
CHE,1990,1,0,0.032498786092521874,0.002852106919946279,0.0005885114537777172,0.5972410232135884,0.13458493160089385,0.015484312463184905,0.022480150050218844,0.038265790911520554,0.027208318171722957,0.017004456897031287,0.16676856218912295,0.044528940002922804,0.027251989065417544,0.6107119980858687
CHE,1991,1,0,0.018517503869546974,0.006924425078475969,0.0004409979098156335,0.5167426567166123,0.11925628532008334,0.014158993716028828,0.01959336321137963,0.03394098089476778,0.023864815346154557,0.014863621283729662,0.1383922407542407,0.03892114168072246,0.022285579385049954,0.5391027656930415
CHE,1992,0,0,0.018081111152533573,8.167055289379417e-05,0.00020884579195034085,0.23335216633483927,0.05042475871480719,0.018129430077019483,0.008896858899755656,0.014508728589852218,0.012171304839635693,0.005617948542870547,0.03232032689888243,0.01801672668807617,0.009754321865504735,0.28612710844049494
CHE,1993,0,0,0.02692930543518735,0.0006069033919925338,0.0002594596323631988,0.22580754136806505,0.04719709216145426,0.014293896984553517,0.008497704857752078,0.01353272022688483,0.012249686295563665,0.004885936822689335,0.039620965530049033,0.017044991603566286,0.010552282604489089,0.25982396917203765
CHE,1994,0,0,0.029571195205718607,0.001334666571924285,0.00024920548904876444,0.21657734797659928,0.04421416193268236,0.017262504473297864,0.00795856326445319,0.012714707090978833,0.009202576879424874,0.006518400023923552,0.029899821333955145,0.016444890764715486,0.009993925440432525,0.26248244983872193
CHE,1995,0,0,0.043614078514029646,0.005224946866462308,0.0003281042441105187,0.22581065242039614,0.04454916054445725,0.014629742125306117,0.008253409383158328,0.012764434149477514,0.011024646894456081,0.005427268342415762,0.04025048557225595,0.01675109432946786,0.011651162154041054,0.2554365284811166
CHE,1996,0,0,0.0561546507766987,0.012429155265145056,0.00033878583405830173,0.1994405129954158,0.037147823862762455,0.017506511445560848,0.007370261356042913,0.010685735726343112,0.012355738339021172,0.0030742815418761545,0.028964237635423547,0.01477442328938784,0.010872000964726338,0.2339654271647117
CHE,1997,0,0,0.07672020111301303,0.03533536606790042,0.0003104462506208585,0.11550665871197031,0.017942353319477262,0.01840436158933091,0.004487621832404672,0.0052158084298575625,0.014761033319610956,3.7303961699231332e-06,0.010170042058464342,0.008438486409912894,0.0076312361734751895,0.14390499327949136
CHE,1998,0,0,0.08016089718101811,0.03026366945321112,0.00037080282426716146,0.1636345878465702,0.027546608161537537,0.02132519894594757,0.006411314373647561,0.007976591900629928,0.019376870956693524,8.632097561639538e-05,0.018248692412481043,0.012048187790398918,0.01002813117931628,0.19834119495409294
CHE,1999,0,0,0.07038203145933303,0.020373140205107155,0.0003407998048555766,0.19771848642694548,0.03542179590731727,0.03280906324748521,0.008127514090584419,0.010321951307253718,0.027408684361799326,4.8032608997611667e-08,0.013850647325193166,0.015118090232305845,0.01041135039091799,0.26273156891693683
CHE,2000,0,0,0.08362427190741653,0.020817551733552365,0.0006068590937302115,0.26121560957759676,0.05004972084864969,0.0057851457392561175,0.010673549873895545,0.014166620674827891,0.03962869454503741,0.00012541375843089345,0.10313716188644624,0.018253202151008844,0.017487926146978014,0.22291950262134227
CHE,2001,0,0,0.056981932322968505,0.012468088985545986,0.00044861587858957916,0.19833383803266552,0.038318818235387464,0.0022827856346804717,0.007446727813832796,0.010793094299587693,0.01677020390090937,0.0011820871996069424,0.08578614927102825,0.013682307973217808,0.013280806935043748,0.16314696999738515
CHE,2002,0,0,0.03766841874947972,0.007297409708975466,0.00027833779901614044,0.14534331034130518,0.028056922940993108,0.005004565268916777,0.005418965658420791,0.007973672681731846,0.010550867963650332,0.001509384890419504,0.04227069427853282,0.010379390379692663,0.008738659122705003,0.1407749174375478
CHE,2003,0,0,0.054218751616042046,0.004333053216906876,0.0005362777712886044,0.32482623116916826,0.06795016414003861,0.007517701576195093,0.013338855600502264,0.019278079802408022,0.04253825579057346,5.378984304733267e-05,0.11651989688757686,0.023426530183669716,0.018492823677620583,0.2956365129907235
CHE,2004,0,0,0.05630336995514538,0.023503252302397082,0.0002809194789260404,0.09738114776574965,0.016338047568405248,0.007307938323442059,0.0040866765924009495,0.004682184021551844,0.019916370585838214,0.0007858703709286755,0.023462619652292703,0.006878480995179671,0.006980641676507754,0.0968214335366686
CHE,2005,0,0,0.07262530166712525,0.016592497961776424,0.0005512998000985093,0.24377232244951333,0.04731001190764503,0.0046836790295761875,0.009947870813596042,0.013379240080932522,0.035890953589574504,5.920495360425116e-05,0.09952202926813909,0.01703295000739873,0.016163107070477512,0.20566088894608903
CHE,2006,0,0,0.07175787976511089,0.00528366216698362,0.0007518473462818793,0.44100768685281133,0.09276749912835208,0.00637776414854049,0.017880286782081718,0.026228439109892514,0.05255223554680924,0.0003613323691420858,0.1799512248304848,0.031442686622430056,0.0257726368654167,0.3805927869611207
CHE,2007,0,0,0.02424492351037616,0.002070293638704962,0.00025614084494111954,0.14166726121681575,0.02912398718209136,0.000661682039706315,0.004979798490912913,0.00817808574104292,0.005054908421766276,0.004747656996230769,0.06402207081294921,0.009837792613251102,0.00864862460096777,0.11637076117729585
CHE,2008,0,0,0.0005484992138165643,3.3543052877984798e-06,3.2702114431760987e-06,0.0059250970374977825,0.0009812541249596331,0.00040925402856430696,3.036717001269857e-05,0.00027916424074684725,0.00925952501404143,0.015742634015866484,1.2137482524164722e-06,0.000434131975568945,0.0002048139127006352,0.010437741923561042
CHE,2009,1,0,0.010567975857215743,0.008786845087146337,0.000393016183097697,0.40400383162945475,0.09635992389340794,0.001586941802324271,0.015400388127982754,0.02715292725442231,0.020830650020749675,0.009832744266747444,0.17698396304350605,0.029457504381637245,0.019116482477600408,0.3506854996140906
CHE,2010,0,0,0.026726354785586767,0.009806449717710738,0.0001529464081556011,0.05492257671435158,0.00982367270110728,0.002784783474613659,0.002500994437915587,0.002802799427774447,0.015840812967887183,0.0016583437711406369,0.01811568984277993,0.0038654946815036336,0.003932703653045096,0.04946406384077557
CHE,2011,0,0,0.007254716209265257,0.0006375061642819295,7.53643351282122e-05,0.041780161918360384,0.008691540391457997,0.00036671798257731033,0.0016279889796258112,0.002449113736728966,0.0036897781810201987,0.00023362664039419453,0.018486310078177914,0.0029370898181798615,0.002527958247453456,0.034676175630303
CHE,2012,0,0,0.0037208471915032167,0.0037865186361238437,7.957898600562679e-06,0.00010294103497010278,4.024000640616425e-06,0.00025094728775519376,1.9232138536216852e-05,8.868321235038573e-07,0.001728968020576697,0.0015969571357019512,4.9259338829429345e-06,4.382293644433716e-06,6.70195825069035e-05,6.532869899157524e-05
CHE,2013,0,0,0.002473309675127996,0.018803813532368496,1.884018884714312e-05,0.06948036113453508,0.01969892460388227,1.0333774815490118e-05,0.002490383918774743,0.005533229101433722,0.0005693998939990555,0.006517220841045281,0.033295194378857196,0.005252938142046139,0.002298184759775477,0.061092821473667826
CHE,2014,0,0,1.066197964577403e-05,0.0035743079437320956,2.279264673540457e-05,0.03918872638455009,0.010149621413323638,0.00026899707682937645,0.001610341655825347,0.002872239540030922,0.0031387541402327713,0.00045021221745172787,0.0156423581574459,0.0029655895459037413,0.001537305014581484,0.036248182113598065
CHE,2015,0,0,1.8968722816036505e-05,9.789638307745498e-05,8.843157954695124e-07,0.0002013218520060035,9.067096922447676e-05,0.0004359931451013627,2.1825098108451605e-05,2.3094400146933854e-05,0.0007387020489117987,0.0004829702849675324,0.0020606164252182373,8.998819146555929e-06,2.932699770294521e-05,8.269187915410581e-05
CHE,2016,0,0,0.0025137084510544402,0.002944459738255858,5.376489339317685e-07,1.0547021068618364e-06,7.567433892895593e-05,0.0023789076865014325,3.868838076055684e-06,1.677270537827585e-05,0.0003994744263639717,0.00037756099063059197,0.0045296252508694995,1.797973930168366e-06,2.276420728213951e-08,0.0016341024089599294
CHE,2017,0,0,0.003533724009334691,6.905433755083568e-05,2.9147228512318582e-05,0.030800851514239485,0.006296931815962328,0.003321713506477202,0.0010938757763919317,0.0018198519372863975,0.0007104833063579032,0.0016291154186220548,0.002580510801054919,0.002388735655373014,0.001285945129806319,0.04110138066965486
CHE,2018,0,1,0.00326436733816459,0.09936769837996294,0.0002893868435633909,0.6307009358146846,0.17174060165584873,0.0007400264906385002,0.02591870146424978,0.048426761945724664,0.04470075368211002,0.010072987066218925,0.2965820062200805,0.047663692181732775,0.023520681433965105,0.5500791468643453
CHE,2019,0,0,2.004481348319253e-05,0.02158632815513137,0.00010260057523174952,0.2278962290227518,0.058558437713353687,0.0063231528854963935,0.009538486243195804,0.016707582468019035,0.018934429781727068,0.0024636503925598093,0.0604347122908843,0.017806621092809574,0.007940646742440008,0.24488104202454894
CHE,2020,1,1,5.577810592869846e-05,0.04251896279866536,0.00021089267477941465,0.453696800536027,0.1166098171589872,0.011322470666907154,0.01895522567821417,0.03324212337449666,0.037488170144753044,0.004951278400287348,0.12600790450585048,0.03532731507211081,0.016026938581156353,0.48021083961049776
CHE,2021,0,1,0.0006231111252226017,0.10170814322492415,0.000761541239441986,1.164980356781929,0.30063702345604665,0.0016626983208302044,0.04583149610443657,0.08467700697947986,0.06506587192993356,0.027006352928713655,0.5445273396312823,0.08648163702396963,0.048405742495120196,1.003435795386881
CHE,2022,0,0,6.499872719197506e-05,0.056958837343728974,0.00025854620260947755,0.5207501731529283,0.13570256581318935,0.004431281000165079,0.020758720423271863,0.038439103845357356,0.029050910399227196,0.012539434248495674,0.18960610164640337,0.03970155362417396,0.019343068044684386,0.5018240754679902
CHE,2023,0,0,0.0019538829777216303,0.03151892701477085,0.00029618180512820067,0.49825959788128477,0.12456307250863154,0.009819983189687562,0.020179381027769866,0.03542427854311347,0.03512195815691979,0.0076415494901836455,0.1516762663567973,0.03815145759377129,0.01916904845550993,0.5074581228053522
CHE,2024,0,0,0.002335224726203945,0.031385593465253686,0.0006315213409810111,0.4926538755852039,0.12838119570074868,0.026335737299547662,0.017940158717097726,0.035202905867535036,0.018440717652728224,0.017137962961311468,0.5483212354677419,0.03266779635181764,0.02905557234759123,0.23346357025234057
CHL,1990,1,0,0.0043304629555184345,0.01573398255252219,3.8211463829897485e-07,0.03117322163014216,0.009111939447327097,0.00014099107935001645,0.0008384002347064398,0.002578474031680806,0.002155614841071653,0.013975925068783712,0.006844503285512416,0.0024871855769803583,0.0006425114289922273,0.03718400444859427
CHL,1991,1,0,0.011207335043172941,0.004574655200995969,7.66573579401657e-05,0.018967909649233106,0.0035153808289325873,1.622253272372361e-05,0.001013856676347805,0.000981556409105125,0.011988479483520817,0.003658471874186607,0.01619178633637179,0.001228736843606616,0.00176771890684112,0.009899097274534942
CHL,1992,0,0,0.013452409312787664,0.0017426403094750798,0.00015781915320682224,0.06320097871924295,0.013479882364337836,0.0001699743694202437,0.002725288760023415,0.0037420865115671714,0.013541786281319844,0.0005730353400475435,0.05316027917864922,0.004182420331701166,0.004694917960892358,0.03537405354687285
CHL,1993,0,0,0.00935009020689854,0.01649376269218021,1.4882841747768483e-05,0.007146700841301235,0.0027428961997030773,0.0014761945433131504,0.00019343307035093378,0.0008053675882536141,0.0017397355869216281,0.006346458679516975,0.0003474834591357722,0.0007385503800216983,9.955541119128764e-08,0.017986518957267834
CHL,1994,0,0,0.00957764025772719,0.018312485504179025,1.5050933128618191e-05,0.010723517725893545,0.0037370228597948417,0.0024690538901861623,0.0002600512046320817,0.0010989217635849144,0.003182867384148474,0.010437488439999068,0.0006557433194814974,0.0010796774899402828,2.9487468043528097e-06,0.02706201384872695
CHL,1995,0,0,0.004531901672661859,0.008427946059909588,1.694761294402827e-05,0.005045599755244047,0.0015460745702584634,0.005717777390376107,8.508838079697034e-05,0.0004781104391814808,0.004564397877688061,0.009967025433339003,0.006940248422094215,0.0006017279127502517,2.0905243412319347e-05,0.023886969590098627
CHL,1996,0,0,0.00025852329668260544,0.029999009454537436,0.00010059744523439807,0.24170729103940009,0.06262042173073966,0.0024996256678080342,0.008877628446502429,0.017747031557462607,0.004032956103066694,0.016700448832480938,0.07581830653430958,0.018512227504391195,0.00846841402806573,0.2467596925682116
CHL,1997,0,0,1.0545457942950743e-05,0.022458770725778003,0.0001012884882608609,0.21241001348439684,0.05433308503773674,0.001840456290419255,0.007725258602482811,0.015380341391212799,0.00330664139023158,0.01501858978079456,0.06995435737069337,0.016135978269007777,0.0077769096770439975,0.21228443331808455
CHL,1998,0,0,8.845560508826198e-06,0.023138475208748198,0.00011073640065446579,0.21891077262839945,0.056389540766279216,0.0013822053200605482,0.008183717917485596,0.01594496644719969,0.005688207244501008,0.011518125157556468,0.07945883482773519,0.01656155348592891,0.008216730698382144,0.21093281520405593
CHL,1999,1,0,0.0012171305554585132,0.03906487320052606,0.00010471386642870902,0.25335272383539764,0.06777179596110967,0.0008267954920255844,0.009639653878228297,0.019139565743107115,0.007739041591371765,0.012083163409801083,0.10062743318567122,0.019248737040766056,0.009056480781439783,0.23772092315351667
CHL,2000,0,0,0.0011390864907257204,0.012962931825599672,1.5777065114354526e-05,0.060261088981305375,0.01641901227882306,0.00030386746724774867,0.0021442860452554895,0.004644085744983818,0.00033618520732529134,0.00621823064969435,0.020079928922200875,0.004648918170701354,0.0018953658145569217,0.061107239408647214
CHL,2001,0,0,0.0007341934190741127,0.01650547180328386,4.320147954591033e-05,0.09726843034893495,0.026189204183438407,6.037797180462527e-06,0.0034381204894549386,0.007348776705893379,0.0008195360822704465,0.00876551167206777,0.04738584338051819,0.007222763843511831,0.003654183514259116,0.08350426354569436
CHL,2002,0,0,3.1828348984039516e-05,0.008830714133633096,3.4694158623480565e-05,0.07685981365239172,0.019663303351778356,0.0005172357092970586,0.0026496418454471015,0.00555918875971083,0.0003514528841782733,0.008052521564373047,0.025237654088771325,0.005820628549274123,0.002780310547838901,0.0770144868984184
CHL,2003,0,0,0.00013518473875681104,0.0021519772793145027,2.060286360094579e-05,0.034660289875972354,0.008255174643620673,0.00017318173719273376,0.0009748753301083203,0.0023257413567624487,0.0005566234220762134,0.009154453493788505,0.010402689531010093,0.002558396968465267,0.0013679404737515872,0.03536780719622777
CHL,2004,0,0,0.0009127944579152929,0.00035016204829993745,3.460962731480945e-06,0.002056944661457948,0.00023516513843466354,2.6815990350148582e-05,1.8480028574532684e-08,6.466803261376955e-05,0.007920461516835953,0.01109442541187601,1.2730499442050363e-05,0.00012947686923974502,0.00011621119734849936,0.003249294798104155
CHL,2005,0,0,0.0046722072183847056,0.0001761848155233082,5.51166487585401e-05,0.035571363747547484,0.006977393698470724,7.508168267956067e-08,0.0007258342760554548,0.0019377767134691514,0.004258031835372081,0.01833999850588513,0.013929779253899457,0.0023914752078913254,0.0020670198307038462,0.03127021817450182
CHL,2006,0,0,0.015136990794451674,0.00576526889091562,9.111096073824903e-05,0.030871759721811054,0.0046282669591309784,3.966502315816042e-05,0.0003595117801884792,0.0012657011006205426,0.014097588442221453,0.03290081274025259,0.012109122372943888,0.0018891198279268255,0.002446849413878281,0.025624072971760555
CHL,2007,0,0,0.0174756889379139,0.004480175133294789,0.00013646404098178533,0.05448397238689288,0.009393447834926068,0.00015056034267604807,0.0009505460359866959,0.002580152199874491,0.009425086808272089,0.03299076175043457,0.0268587500795105,0.0034341462515307267,0.004013434846416895,0.04159244233666341
CHL,2008,0,0,0.007808203343097155,0.010896667651452103,0.0003671408992478246,0.38695070454350855,0.09177927930545053,0.00013954936574494623,0.012940880123003609,0.025729758048597486,0.002255063123931784,0.03624135652420869,0.17994271134629372,0.027742464920088823,0.018429073304049592,0.32736716774481817
CHL,2009,1,0,0.007512680544085878,0.007863890583189766,0.0003263017789698455,0.32142474199495086,0.07558455475667013,1.4084674574580205e-05,0.010205462487651541,0.021124876669817723,0.0003527249416779757,0.03907404188968409,0.1610217456108624,0.02274494948647429,0.015856840785697747,0.2617323003090479
CHL,2010,0,0,0.011283157615726088,0.00012423850369574634,0.00016440023391154162,0.10229255996967819,0.021456362369084936,4.541571523569721e-05,0.0028368768978717716,0.005964000335255128,0.00047581612830214636,0.01992045226839687,0.0533101368840522,0.006923848716545569,0.006104562941423323,0.0791746072715823
CHL,2011,0,0,0.002772844389896372,0.0008292309484373633,8.679790989222353e-05,0.07106915386432378,0.015855874865721126,0.0005126786617206206,0.0017161524481805568,0.004383670976081293,0.0036188117642889438,0.02581976675262428,0.04058070736138385,0.004800055074732578,0.0038702571597084823,0.0535011869285354
CHL,2012,0,0,0.007105193332753193,0.002929307471237524,0.00023479162075195904,0.2024208794580475,0.04694285838590501,0.00010656590938731658,0.006500073673118485,0.013092274118305066,0.00047718201698031157,0.022150792487995223,0.11043178756907525,0.014144301874847746,0.010583404508330984,0.1568574559049443
CHL,2013,0,0,0.008622651404922091,0.0007640017467598428,0.00020395191238669832,0.15648923501949,0.035365693731836,4.082180231510625e-05,0.005005333089755678,0.009862857795690306,0.0005265777922288938,0.015999402889797013,0.0849535546626831,0.010862865343982805,0.008550662041966558,0.12063044231706653
CHL,2014,0,0,0.005214743959740735,0.0010074812759417117,0.00014560548574425774,0.11520538550201237,0.02638633358087761,0.00012583609258444306,0.0036512463471570656,0.007348285664717651,0.00027238062359897814,0.01254020241752485,0.06576989910811985,0.007978280842646226,0.006256974140814983,0.0867240835995622
CHL,2015,0,0,0.006972046079212529,0.000667768786205235,0.00016302996692353926,0.1286165923594786,0.0292969313752674,1.1233764047761187e-05,0.004390156673229937,0.008196357279886164,0.0020930290160809262,0.008115296643753253,0.06645569959063592,0.009037176444316864,0.006886992854239477,0.10183822879679538
CHL,2016,0,0,0.0017332353950490651,0.0005760281173184146,5.806364809337881e-05,0.0454275852164191,0.010526089276394403,0.00022224296886584727,0.0013998965555247558,0.0029208047644588217,2.70818020120114e-05,0.005703395130168896,0.02900481465123634,0.003110281980654793,0.002512956161177891,0.03214296342735117
CHL,2017,0,0,0.0008218081925296923,0.004762828802339714,5.166119303935152e-06,0.014418451779331752,0.004122669828799171,0.0007332896779922834,0.00036610256285608985,0.0011339172781782267,0.0008431941116016727,0.005831573624421954,0.01166943640977012,0.0010066453253984265,0.0005620321201225045,0.009418243501700745
CHL,2018,0,0,0.007578722268581712,0.01636050011406886,4.5797618814313366e-07,0.012092545586023807,0.004492357946732311,0.0007011168697344685,0.0003643727858993483,0.001245787623575597,0.0005559698892636626,0.004813813024965373,0.0090792201483617,0.0009355578266005087,0.00021085000880519938,0.009157398938005944
CHL,2019,0,0,0.0013246116578470891,0.019206146962371922,4.616516690650219e-05,0.09691460065716866,0.026650531425678407,0.0006725244283002137,0.0032998060088211267,0.007427292037981977,0.0003128322540268587,0.010868279075318931,0.060684548928639545,0.007030984537472897,0.003843352075898981,0.0732319773359814
CHL,2020,1,0,0.005666515957034697,0.004634292702572869,0.00024106428920984139,0.2148248718284099,0.05029362210428967,0.0005897281166822305,0.006465002441367699,0.01398512084180378,1.3115559081095898e-05,0.032438935860215366,0.12485837428796197,0.014892175972420096,0.011208510907107208,0.1614075829835074
CHL,2021,0,0,0.008768469857933153,0.028182574415299238,2.946964001837858e-07,0.04522164687337549,0.015137415444678635,0.001000401433778625,0.002557932364220851,0.004336402259194029,0.01612206965026103,0.0015370977719364601,0.014669900252720676,0.0038471662589196452,0.0008705501727826311,0.048561149666708874
CHL,2022,1,0,0.010395657697064103,0.0026823815030665283,9.655687336123457e-05,0.031045517411119387,0.00575095523078485,0.0007694484763753114,0.0007941910940445032,0.0015659996275536937,0.00015660642425684268,0.005742440165608749,0.027433248308750272,0.0018904994724237133,0.0026425291305635624,0.016221524502148154
CHL,2023,0,0,0.019202654321225063,0.0033656288431517306,0.00018615850620211426,0.07815804358922165,0.01510646649302532,0.00016241555353355835,0.0021971550501865313,0.004176284140110754,1.4788589157887684e-06,0.010729724896290812,0.048906651313965224,0.00507663320399693,0.005633041601003887,0.05306515543235505
CHL,2024,0,0,0.0261048405611919,0.011691185175822443,0.00016196624653404103,0.03995481746835144,0.006153929248509168,0.00033889024536068446,0.0008295171164586293,0.001675161173039098,0.0017191132710224193,0.012469543968001952,0.02809966663898529,0.0023686880783964684,0.003825331232280113,0.023680160021420583
CHN,1990,0,1,0.00027826583759411644,0.07643251845617535,0.0002099977851397625,0.6740453405231742,0.1707320298351414,0.029358658568313118,0.024808722580461493,0.0488835381939252,0.011114549110128174,0.04782578863124132,0.11389687009647545,0.05353440527086924,0.0206696244583729,0.8218958776325652
CHN,1991,0,0,1.7226540182179283e-06,0.05250405883025465,0.00017801809239889558,0.5364523914201885,0.13385628576835745,0.026439348012152416,0.01957960775718789,0.038365554589809225,0.007629719108785891,0.040464523703618194,0.0826606833057458,0.0426226947296826,0.016615898870271262,0.6661603488788362
CHN,1992,0,1,0.008979068863289995,0.03133896115706721,0.00046292036938180804,0.7737410989156316,0.18386364149496803,0.025538225042533717,0.02787225214773166,0.05243580599254014,0.013313174764028397,0.05106170930505247,0.1666412061272113,0.05940701589888661,0.029205717513331234,0.8711549199233104
CHN,1993,1,1,0.009494026381045434,0.07229296285386325,0.000938478690796147,1.3720228283020335,0.33615226513920604,0.012394468089605891,0.05038540432176313,0.09508593383396688,0.03420629110931865,0.07197809124287756,0.4772610189617913,0.10260506275791893,0.05636524376107123,1.3259113785534613
CHN,1994,1,1,0.004976077718209196,0.05780334216260343,0.0005783573843011584,0.9908949157951261,0.2422220339663267,0.018912263229268356,0.03616190362605018,0.06881288661953412,0.02015725472001137,0.059933023295666334,0.2720586763312703,0.07543257191204104,0.037859383549057206,1.0425901008857406
CHN,1995,1,1,0.002258824235674892,0.056286174740395364,0.00043722896738466083,0.8268291783337215,0.2031736083944247,0.016934841786092152,0.029579444922196066,0.05775124488151062,0.011186094733306146,0.0617387092580223,0.21346635969682803,0.06323505254885756,0.030523128516484505,0.8893518683406848
CHN,1996,0,0,0.0011683202862972516,0.05013424049152409,0.0003248081254733218,0.6781370529169065,0.1670507746396227,0.01788174982476616,0.02430464609761731,0.04757905585300267,0.008838232880546254,0.05181326606969394,0.15579181706533143,0.05233254154857354,0.024054372050966537,0.7565344581586342
CHN,1997,0,0,0.0016514396149576855,0.0360878906996269,0.00026071188432370807,0.5460126063812833,0.13310496218536083,0.01842567777273303,0.019545515990740555,0.037985261873602724,0.007123801163720323,0.04170881154076326,0.11101976117122374,0.042355232919594955,0.019152722327835197,0.6289693190273946
CHN,1998,0,0,0.0011574711191501318,0.03427136286908631,0.00022991879179792238,0.49196542200047905,0.12015643641269005,0.015716617212085133,0.017361743925584247,0.03427244929614869,0.004797190752378252,0.04198106975314377,0.10101372806783177,0.03812451833333093,0.017180371043687456,0.5656686947880152
CHN,1999,0,0,0.0006895945402869616,0.02466825673270215,0.00014898721070286951,0.34475816565182793,0.0841121426197921,0.013787555074218073,0.012210592067964134,0.024043148874346956,0.003424800810901623,0.029381761105257937,0.06172823410695192,0.026942969660359813,0.011638158837830585,0.41084736720866105
CHN,2000,0,0,0.0006524266850506951,0.013862984684658075,8.462340090948044e-05,0.21287541075958805,0.05126856180091264,0.012517030218435322,0.007532288943880445,0.01471527066497492,0.0019176910103148297,0.018806319095434464,0.028124421398204428,0.016856905696398777,0.0068643733747617295,0.27123804573229776
CHN,2001,0,0,0.0020450563072194248,0.02031950351976464,0.00018664881138856,0.36520463166204226,0.0880079596831719,0.01304717598583091,0.013021285582262804,0.02512357765684575,0.004737214160660844,0.027820567848541165,0.07251429386627106,0.02827750653869605,0.013051305437581226,0.42219596346621435
CHN,2002,0,0,0.0028918975582350502,0.015941954931333602,0.00018175728258342067,0.3382703709135068,0.08084849896339423,0.013602059959458757,0.012264050571787454,0.023104807808903213,0.006066272774315883,0.02206493668304191,0.06448867773591961,0.026228494378287392,0.012220057701749696,0.3943260009099091
CHN,2003,0,0,0.006510677492908887,0.019880403761533813,0.00033058754787045026,0.5134574690893817,0.12261401426949724,0.01404342120743081,0.01900113490452198,0.03491587930752169,0.013842116429510687,0.025581429459119922,0.12634587188898563,0.03918854489872675,0.020023611232497508,0.5559094604025747
CHN,2004,0,0,0.007570198781148745,0.01859553974445783,0.0003616065806097619,0.5211415413799182,0.12456668109182768,0.011610583617205067,0.019540406935442494,0.03541531553832323,0.017294374538400794,0.021775931193413187,0.1432136108434857,0.03950099208535945,0.021008850603543825,0.5444198829389159
CHN,2005,0,0,0.0017867939758367613,0.007242316463488686,7.550622557904991e-05,0.17192020324326399,0.04045695010573979,0.014508664155079851,0.006448354337241607,0.011667531041467599,0.004228214959535511,0.009398002591207358,0.017328964022076707,0.013753075283897187,0.005582306954769918,0.2292830675389622
CHN,2006,0,1,0.0003953039959690194,0.000979125605490153,4.0803882558900014e-06,0.029231534497489463,0.006498859064085564,0.010802736756602196,0.0011496294345311531,0.0019366047991091408,0.0007806442291509802,0.0015950985598044021,0.0004517987309081299,0.0026048223012023163,0.0005880198286293103,0.06017640547492462
CHN,2007,0,1,0.014917365793467509,0.005599955304157892,0.00014719010822978744,0.027857135310684355,0.005111599071089611,0.005312818408456365,0.0008017034172315657,0.0013457475767750299,0.0005194264181857585,0.001236670371668821,0.05479374237353156,0.0014662734615880507,0.0033976458680430614,0.004872805319508932
CHN,2008,0,1,0.010021637324084521,0.00011752341564572322,0.0002203729070984143,0.0855390470103097,0.019311457964696094,0.00844595380873445,0.0027504916297701083,0.005215423670354419,0.0014958510301021528,0.004679608326346048,0.12034606104089403,0.0051708934424610775,0.006992311983390384,0.029230194168233536
CHN,2009,0,1,0.04360394781207519,0.0005918131274200261,0.0005370379687544201,0.38750264149057095,0.08231022143251332,0.005272744814882343,0.013535878883023381,0.023255326607743532,0.009990380418657687,0.018116795502093174,0.13413956429211787,0.02781400267428944,0.020661359696367038,0.36111402187667146
CHN,2010,0,1,0.09476484320056139,0.00040795187295800285,0.0013967298222105973,1.2007734546142799,0.2621605545993944,0.02182282479232031,0.042350257468833724,0.0742640669926546,0.029349173960168222,0.059857938246740225,0.3707836527442391,0.08769994347731289,0.05910247094588865,1.1772023660416404
CHN,2011,0,1,0.16993582257398093,9.729000280286522e-05,0.0023345288708943716,2.000668365888535,0.433512516612605,0.044867597546816004,0.07089920709230238,0.1229841614174027,0.052181944402925264,0.095055127145832,0.577461020770783,0.1466593201344404,0.09801088511650866,2.005101095989523
CHN,2012,0,1,0.1843671458970277,0.0003816186394093052,0.0024664106699377126,1.8938846485588017,0.4076258058119316,0.02651356577488091,0.06656871950074485,0.11522612102145373,0.04898415464706626,0.08913393472650281,0.6447493260970211,0.13665358733837715,0.09830450802162657,1.7826534003205472
CHN,2013,0,1,0.18514185683472625,0.0002707703110356952,0.0025124370678620174,1.9273811760337487,0.41605157080470856,0.026024719619321377,0.068292574504307,0.11759209964040722,0.05540826527547842,0.08358965885894988,0.667454171695505,0.13905121443142876,0.10017894119482425,1.8029991241000871
CHN,2014,0,1,0.17010146673229168,3.097710404277898e-05,0.002429579522249709,1.8545895809075748,0.40231861770769894,0.018907193171552688,0.0651271062505815,0.11353253309341567,0.04736169428097078,0.08807213284967969,0.682244172575975,0.1331828363701473,0.09716343249014589,1.695692427857615
CHN,2015,0,1,0.15926815030472966,0.000591226841160069,0.002733088201183007,1.9730986851857857,0.43790518622363006,0.0036751731606329326,0.07025929073487922,0.12288349977389405,0.06267052841017495,0.07803416615279492,0.9401980762144282,0.1392150832667825,0.10823999189133744,1.6137988096290772
CHN,2016,0,1,0.13350423957447602,0.0006841715389868263,0.0022860220261714617,1.6874683700079736,0.3746345740136089,0.0046343727562440625,0.06026916627050055,0.10523514502424562,0.054390023692929286,0.06608522193992743,0.7742138186261273,0.11955273820632069,0.09138986329339138,1.40608822564419
CHN,2017,0,1,0.15641035097097628,0.0007227762811373813,0.002626649433667499,1.9676261703757112,0.43561262147934715,0.007300444718099923,0.0699078338336819,0.12246466472795967,0.05878544052597336,0.08250337471120936,0.8668845763586499,0.13980589772272864,0.10555424939493642,1.6704555494074933
CHN,2018,0,1,0.12949123539292606,0.0012825108502817677,0.0022468722039273707,1.721362447119875,0.38274033765431775,0.006818317207282399,0.06138284056510538,0.10763735342271522,0.05267732262534393,0.07098324339708509,0.7511906949414849,0.12259507797361255,0.09141810988248328,1.4695866146777679
CHN,2019,0,1,0.11505403190230017,0.005337956453670548,0.0022980579292641323,1.8471944737276815,0.4169865404212058,0.005252288043625811,0.06607528088339049,0.11719513566572333,0.05572124394150524,0.07772882463732737,0.8316837711647548,0.1317159338094646,0.09654963157201005,1.5606876069042355
CHN,2020,0,1,0.09786139280739022,0.003554912097698885,0.001960902905339046,1.5065528699040827,0.34038790023841975,0.002019420781547071,0.054151641146768126,0.09550020881972023,0.04941842188891751,0.058435604485406856,0.731849462420957,0.10665946490348008,0.08074679076427917,1.2265526658187837
CHN,2021,0,1,0.0898325428627871,0.022649661410054023,0.0023919462867264935,2.1598664606034452,0.5008304326535946,0.0055019682294318115,0.07843115706315269,0.1408229170787592,0.07078222989946722,0.0861755324258271,0.9747668553847119,0.15526852673727418,0.10789830921012981,1.8363623255070605
CHN,2022,0,1,0.0703546938188688,0.014744206874955803,0.001774336712024025,1.5987784436015857,0.3690887113689068,0.005385957519320535,0.05811474292080156,0.10385056268472463,0.05224140125118572,0.06382445044804219,0.7001910423333247,0.1151282682967356,0.07969181161348875,1.3768763916666817
CHN,2023,0,1,0.07172003654124069,0.03750672696007866,0.002302214706165424,2.2467166730306305,0.5279951812760912,0.006423029588011677,0.08211450045058383,0.14856161029842813,0.0737041494807241,0.09053865254647563,0.992957329810794,0.16249952216096053,0.10877364749131842,1.9364581666280576
CHN,2024,0,1,0.0634796136245982,0.044861040045454346,0.0022415823163321976,2.258712439471857,0.5340501576072988,0.006439870721069374,0.08277654523159794,0.1502887486354311,0.0743988693394145,0.09110937244345593,0.9951546320680813,0.16371790196239205,0.10803038270468222,1.9529808166902107
COL,1990,1,0,0.03716008433761478,0.0476398061112206,9.089597061181876e-05,0.0021428376181312136,0.002105102097505326,0.0024638964153519127,0.00010041664801055404,0.0006397406599347329,0.0008213516883236099,0.003176274086394944,0.004555143831967521,0.00039960312037752756,0.0004423159412113527,0.014440261697140624
COL,1991,1,0,0.02001556510081177,0.034841351911551965,3.134491285409866e-05,0.013908236320169753,0.005793110444849376,0.003933326051008492,0.0006284951594009206,0.0017138704118067902,9.340335867855067e-05,0.0019438367543261204,0.0004830194717992849,0.001505945928023061,1.731536736740648e-06,0.03432879146694587
COL,1992,0,0,0.029180275246903295,0.030616203575717378,0.00016217531069393244,0.00012126821216586095,0.00014814583890145137,0.022290369940693947,2.0711856790122376e-05,7.628854396435568e-05,0.00039594256771195946,0.00016721576105519035,0.05326942932802341,8.36176332761298e-05,0.0017447581035768614,0.020866925637535665
COL,1993,0,0,0.029933542731368674,0.04218371956442718,0.0001328640982520819,0.006173661543848574,0.0032924443929057347,0.03326532515283223,0.0005500998520856158,0.0010973247687259525,0.0022855387646469045,2.764006283779408e-05,0.04407057210551685,0.001238412332376303,0.0007666084437368781,0.06432028316429868
COL,1994,0,0,0.025726327134581173,0.04803033899944419,3.7862306409105904e-05,0.024788665838284756,0.00980019717611742,0.00819469224528374,0.00133501869799208,0.002910499963623887,0.0025481333289023257,0.000394464399118844,0.0006705860138445346,0.002656925834794858,2.1880612742211575e-06,0.059149884742419716
COL,1995,0,0,0.02298321918882451,0.04789563319187642,3.1416067986399034e-05,0.034966856483034284,0.01259426144788713,0.012203641104378288,0.0018021362471982618,0.0037452568723349918,0.0032982582679521705,0.0006002462806791606,0.0009737918915383666,0.0036401141293514634,3.732363450943247e-05,0.0819441874521483
COL,1996,0,0,0.03538621635929788,0.06010965588831805,6.092600458863718e-05,0.021527657385484636,0.009469284196274241,0.008988073853446634,0.0012660688025614528,0.002827367653983385,0.003148756281357895,0.00013163684432970167,0.0016620033769210681,0.0024618147500403797,2.0584895559543527e-05,0.05765449180230524
COL,1997,0,0,0.04517279646631098,0.05332029489399432,0.00013462986857286187,0.0003964807098188406,0.0013299750984573555,0.005902369274972932,0.00012638426177739956,0.0004308902289947581,0.0010577138644864376,0.00018506195504090515,0.01203786388296475,0.00022473834204960879,0.0009763574139850944,0.012711792280749321
COL,1998,0,0,0.05091950085925208,0.07549643677224331,9.194675896654485e-05,0.012621288525470125,0.007433293962141278,0.004993209224431592,0.0009407645746767946,0.002215818849978715,0.0042756072986788775,0.00010202519942749401,0.0010131610444960553,0.0016106251212951023,0.00016574003174739364,0.03623537136887083
COL,1999,1,1,0.05435400947330157,0.08040817867604981,5.559957750205611e-05,0.01193390718160752,0.007872736053709981,0.00014003520780672002,0.0008470648411741026,0.0022421883924970383,0.004208083761189321,0.00015134325574655413,0.006529015331732432,0.0012477703086053035,1.5767308642206034e-05,0.013235318494353103
COL,2000,1,0,0.056957669032051066,0.0609898676681535,0.0001902803286505295,0.00029410354013348263,0.00047633963070791867,0.006889226514407483,4.965582048174132e-05,0.00017312632194702826,0.002911793451976502,0.0023214321744252702,0.019788789989909416,3.670803886342775e-05,0.0017954594003360541,0.007040132021949287
COL,2001,0,0,0.0418940752803725,0.026874983999582262,0.0002529978280783679,0.026739478868798284,0.0033078299463702252,0.006632366237858697,0.0005109295874248289,0.0008388827294075479,0.0005041275903592573,0.005608318159767134,0.058253347637565595,0.001196853938144804,0.004635540519540564,0.002948144861992718
COL,2002,0,0,0.034148316169175276,0.024074450016607313,0.0001930177819156992,0.01564488284777488,0.001642474890958662,0.0059250886586009206,0.00025438439352291854,0.0004026558633897478,0.0006135982131725271,0.0040039055956556475,0.04260075839325676,0.0006223708356764468,0.0032807905284816612,0.0006535746724776508
COL,2003,0,0,0.02535539578911267,0.015524108369670504,0.00018031080890509236,0.018115330273492297,0.00243558134582803,0.008557793557148053,0.00032664016449958095,0.0006046948480766764,0.0005284149484775504,0.004351489059545916,0.05391062139083668,0.0007515813908265896,0.003371473614374387,0.0005775585463603715
COL,2004,0,0,0.022020354142965968,0.01820188833629059,0.00011880696534682224,0.0044679549393240765,0.0002625591265819567,0.006481613894894593,3.890231973546445e-05,5.210275863571888e-05,0.0005344394479135958,0.0016494113625386566,0.0283968405815055,9.992961293297648e-05,0.0017244132376842585,0.0007323994789146205
COL,2005,0,0,0.01593611562173538,0.022877143959092273,5.0679209246912326e-05,0.003418536195697991,0.001986215106683726,0.00917344260551369,0.0003408920276558725,0.0006318221423662255,0.002947637561096079,0.000558988466320824,0.009037410210265745,0.0005844692011484304,0.00022299641732861168,0.022416077388632043
COL,2006,0,0,0.011231512608941823,0.014291801249909742,5.2144333563456e-05,0.0007456641119218971,0.0006583962583604607,0.010792526657872784,0.0001484216535258303,0.0002305606507359326,0.002319379470110957,0.0009241567916189256,0.016056832458574595,0.00024354935026583174,0.00039481149455918615,0.01583460159478451
COL,2007,0,0,0.010671754240162387,0.016098630299080926,3.660602877628577e-05,0.003465168143295797,0.0016965425074261086,0.008635208776382824,0.0002784566371228925,0.000540489258317144,0.0013521030269871427,5.1041553215524024e-05,0.00860431051391549,0.0005507012012902666,0.00014305245333749033,0.021619191453762822
COL,2008,0,0,0.0036862920713474166,0.019756985800463922,1.060298169294729e-06,0.058654980755280514,0.016702419411154492,0.0057596602926869534,0.0024919337134863846,0.004840611964021587,0.0031140835551765737,0.001836935766861787,0.004117040577148049,0.005055214745033059,0.0010729010656177207,0.08652788430740016
COL,2009,0,0,0.003272118340879564,0.01801768140359492,1.3621340433241159e-06,0.05458782952478459,0.015542220003285177,0.00488530536775719,0.002313234965213493,0.004498420609616964,0.003044891969286158,0.001597367352688037,0.00449467609500389,0.00467745915965143,0.0010373820028611112,0.07862856257570773
COL,2010,0,0,0.003080265977711319,0.005758001258213545,3.3339817320559046e-06,0.002973835011350805,0.0011400874661313576,0.00027154491735358077,9.89835673301764e-05,0.00033086960936052376,0.0001285525309617271,0.0012551677009240744,1.9502243503507638e-05,0.0002886463401477524,3.7677287175562705e-06,0.005716767342267576
COL,2011,0,0,0.0008400985467445658,0.0016920952127858974,2.1980454328337473e-06,0.0012367625226850354,0.0003824274158455312,0.000750648309770801,2.4812145910455243e-05,0.00011537451766994857,0.0006641827026119772,0.0017100573406551621,0.0006097067591937654,0.0001334650618789323,1.1262739615107121e-07,0.004316534708392386
COL,2012,0,0,0.00032801579628764045,0.001271418366958228,7.27522665834831e-08,0.0028682070610201306,0.0007773417771741424,0.00040517945276976366,6.994199471421836e-05,0.00022616013925726223,0.0003831273182761239,0.001745163462625568,4.640434997047034e-07,0.0002525527163380847,3.284887805491677e-05,0.0054552686829149955
COL,2013,0,0,4.3270570879917155e-05,8.875431122498751e-08,3.1213775917799048e-06,0.00040571643502895907,0.00012805030454735394,0.000690030270486352,3.20651185891654e-05,3.2088499167059644e-05,0.0007929404634326257,0.000456448569537477,0.0034164638214694548,1.6421779718953395e-05,7.496011474852842e-05,0.00010163473634414464
COL,2014,0,0,0.00012860148813058307,0.0001937814216250887,3.6146759835073686e-06,0.006891362226280386,0.0015639951623717518,0.0004429461026303333,0.0002193543989679819,0.0004488674134304162,6.570157719922747e-07,0.0009956578895990236,0.0007727536889822011,0.0005382999408020395,0.00024035275378546915,0.008966331613310872
COL,2015,0,0,2.745762007830541e-05,0.00019942068406913466,4.767265190061678e-06,0.0036150329605350814,0.0009698506155664199,9.31723788663263e-05,0.0001707476575573039,0.00026836206541337585,0.0010223338314115928,7.959759018201181e-05,0.003949878792162275,0.0002479433912241835,0.00021092362347562815,0.0017437425053905265
COL,2016,0,0,3.6387170993539677e-05,0.0013795615952973005,9.664361387840435e-07,0.009563058879743644,0.0025553178048486848,0.002191698836540446,0.0005302835338037119,0.0007526820627464422,0.0036902448964005814,0.00044676194111785227,0.0002303051305587387,0.0008517521086860351,0.000197504369371557,0.015471295882820273
COL,2017,0,0,0.006317869626547465,0.009967942734562443,1.2161112544155459e-05,0.0024587292828681436,0.0012639512944650063,0.0015667033257937078,0.0001995834843761107,0.00038149424508952926,0.0017413716961870924,0.0003168701148104156,0.0004105773739115337,0.0003117301833017474,1.6613803098987155e-05,0.007488151977237182
COL,2018,0,0,0.02678840502451428,0.02538967988430921,7.302259099925777e-05,0.002173836286996664,1.7850801339677153e-06,2.56847199189921e-05,2.1928683311378858e-05,1.8936609750958723e-07,6.646718839884421e-05,0.00036505971691263087,0.0016385516585928793,7.2393117369013e-05,0.0008241686918641207,0.0006616579164233832
COL,2019,0,0,0.027787785015459674,0.027916389663277766,6.690154777001017e-05,0.001104083678261296,4.417770005035485e-05,5.3447789962929846e-05,2.569278106213005e-07,1.434048354602639e-05,0.0007984723862957051,0.0011543853786089404,0.0005493517694053772,2.346268667599766e-05,0.0006638592827400287,0.0003236437301723727
COL,2020,1,1,0.013591465074899264,0.061282584177132435,1.5000928967410904e-05,0.14832863939806107,0.04589689769904686,0.0009904330817248554,0.0071668826563649445,0.013044151436218855,0.026084246533173143,3.2033988627250346e-05,0.05942263039664316,0.011961539640614572,0.0038574042252070844,0.14394392911896017
COL,2021,0,0,0.018283602423817123,1.347383819025665e-06,0.0002466990191979561,0.2102510355382462,0.04477664382513466,0.0036501378517200273,0.006665234234328496,0.012668487615651872,0.000488349931842396,0.023036816140017246,0.059830033771199505,0.015249341042128516,0.010382180328664684,0.21144248518683867
COL,2022,0,0,0.011330927737760715,0.0011615205310805364,0.00028251059748148045,0.2117193332319295,0.04824289866592024,0.00019552513477480104,0.006926522521906696,0.013438072645754216,0.001501853196678051,0.01822856956308167,0.12331298745394098,0.014637809303821027,0.011748208753072416,0.15715637407356367
COL,2023,0,0,0.006034646204255812,0.0018633110577278436,0.000198737406236607,0.15393173561500814,0.03577532692069807,0.0006685680453330457,0.0049731036657069535,0.00993322643537346,0.0004941300364331786,0.01582711339602139,0.0990691815627016,0.01056024664835495,0.00854017156068756,0.10837428886661228
COL,2024,0,0,0.002561920279779076,0.004023540931712258,0.00015048054298424937,0.13370068163997714,0.03206378295200324,0.0009124173589929771,0.004268907423631235,0.008895875241447828,0.00014390658384008645,0.016070121245580615,0.08833417947366151,0.009216908166153689,0.007071225471931369,0.09358725647594295
CZE,1991,1,1,0.027026085910355654,0.0003396067098308067,0.0006611170145146211,0.22634660912285098,0.0513676400754562,0.04139674107603402,0.006608388100721734,0.013702544136515811,0.0009030177189588367,0.020543467638763017,0.3988963088407223,0.01301420342600165,0.020312533272737146,0.055266567261097625
CZE,1992,0,0,0.054792172198047426,0.02899180369775113,0.00034672594676887514,0.058339627426106704,0.008926291853414613,0.00256889336634998,0.0017648338063795286,0.0023950487481946723,0.002576447697781583,0.001019967972180594,0.0744810584313395,0.003219163654076891,0.007177447904977832,0.019245134855226564
CZE,1993,1,0,0.056697049587421375,0.01926955357702361,0.0004102024346211481,0.1269848545788773,0.022754510592137248,8.81656959188971e-06,0.004228879514004423,0.006305990957275671,0.00547958622083373,0.0029353947460781867,0.08394273585831184,0.008128636687459613,0.0105539956325449,0.08087888797148438
CZE,1994,0,0,0.058413066742231345,0.01300960063912128,0.0005061905183827349,0.1990455715683507,0.03828229590666378,2.709611301517268e-06,0.006677808333165776,0.010648761772915544,0.0064259729652543646,0.006845237235739996,0.11949755577538952,0.013130675282453666,0.014598601187659481,0.13765442069794648
CZE,1995,0,0,0.07527622056372506,0.011981655103151129,0.0005794375623209994,0.3314799884893316,0.0646289412070881,0.01203386678073343,0.011981671932324132,0.01837878316847756,0.0156637857504262,0.007940529689688405,0.08801129689997979,0.023833535690044916,0.019054014754241438,0.33256309544792323
CZE,1996,0,0,0.07040728358208535,0.003915852787636996,0.0007750116898425757,0.4758911202788985,0.09881848505692163,0.00396363027849521,0.01658706957551614,0.02782569211572733,0.0137541544499487,0.01976479123389509,0.19005169320730742,0.03351308963843945,0.027482415792341678,0.4151754023109577
CZE,1997,0,0,0.04745772742072815,0.0009217416737190724,0.0006168752784901978,0.39833126944947905,0.08507757300822491,0.0017225378186765115,0.014011729196086188,0.0239075576433257,0.012587519990520619,0.015520787762123317,0.17630061997144375,0.028005262392764525,0.02272028820301991,0.3340604364832887
CZE,1998,0,0,0.052626320817547555,0.00035289214678023466,0.0007490693011380532,0.4974886270049417,0.10772757482928663,0.001459311206466158,0.01759693263842282,0.03024569266910126,0.016275941417353588,0.018890999407072544,0.23012595723096207,0.034963943708984334,0.028157452528381956,0.4099970117891548
CZE,1999,1,0,0.0337917494706978,0.0004185850239593564,0.0005984334643631511,0.45760719239001674,0.1022807673593427,0.001769577068892259,0.01666352635033781,0.028767915455324523,0.017994370985505385,0.014797501100912415,0.2038442366670034,0.03261970809624278,0.024336355981102422,0.3872467453068772
CZE,2000,1,0,0.042654426002772666,0.0004243463553125606,0.0006066891622054678,0.38765358892065943,0.08399899789998204,0.0006866219379224218,0.013922149697256,0.023553966981870476,0.014817572776232213,0.012450671704091412,0.1908442681133389,0.027096256903350255,0.02241599988881946,0.30962881122905744
CZE,2001,0,0,0.049346834315067534,0.0009818552426051055,0.0006808307777113376,0.4104169115363789,0.08807349178949327,0.00020121171164764117,0.014292187507050509,0.024633534881490463,0.01163947776148527,0.017291666639354903,0.2152870953410158,0.02836097710047658,0.02451546835577508,0.31646641161104866
CZE,2002,0,0,0.032410204198246514,2.939603458157654e-05,0.0005223667741125699,0.3380786069625352,0.0740616989619023,3.0657954622132816e-05,0.011656242168338196,0.0206977958910656,0.007889874188580928,0.01671924236794201,0.18200821108635404,0.023412241740886432,0.019668460722771522,0.2587073754483909
CZE,2003,0,0,0.02207256988848369,0.0032310776235905895,0.00023136947362078448,0.09953544631471543,0.01984657039604131,0.0002164916698267561,0.0031228416112228773,0.005493764573936727,0.0008280453559120955,0.007535140895842102,0.06605601474485162,0.006514479283877584,0.007101274574754815,0.06549411111188849
CZE,2004,0,0,0.016439395663148552,0.0021929883370731314,0.00011919943887925963,0.08112218936808081,0.015625269704767124,0.004797633775555527,0.002700961764558881,0.004467702658613956,0.0008900603448082596,0.0058741247522279905,0.013594664682122113,0.005960524037324084,0.004218680674725508,0.09296338344351847
CZE,2005,0,0,0.011892467505060258,0.0016818074366636317,7.168768571990369e-05,0.05772562499671255,0.010900800050474904,0.00703983369432934,0.0019625763974731847,0.003154202143035988,0.0006843521088552393,0.004114039525641727,0.003968310478075586,0.004408043679957189,0.002671601193262793,0.07819086590865396
CZE,2006,0,0,0.00812655074683291,0.0033196501515598558,1.4514698354752707e-05,0.01644179307118074,0.0022940707276039264,0.012122769005270446,0.00045711547444097275,0.0007065707051056368,0.0002776709372935193,0.004206646672869726,0.003887390892586978,0.001426704599828998,0.0005166769349572228,0.04317694939607746
CZE,2007,0,0,0.0024050360673998714,0.0012591823514575941,6.357859011604166e-05,0.07716621889109199,0.01736524209219817,0.0010673665896826102,0.002347411107732027,0.004910794115896371,0.00013066597464372708,0.013835634111945829,0.020636183018699884,0.005683017197906777,0.003341200638855636,0.080535640969898
CZE,2008,0,0,0.0025997090330529254,0.0008302281900039175,2.0779084070568275e-05,0.07301538485674174,0.015517865038169026,0.020999961039456214,0.0025651110515445075,0.004587949891133742,0.00032322651203021974,0.007760995350258611,0.00012242219114645336,0.0062517406546000335,0.0018279390845611226,0.13825376687803353
CZE,2009,1,0,0.003505701947701227,0.0009277115377188716,5.740875958163473e-05,0.08938744190705951,0.01947479320205755,0.006098369801175236,0.0027496896522202566,0.005589523942521902,4.7987696131523966e-05,0.015005007857944603,0.009299956246301162,0.006914567526968751,0.0033223894757353377,0.11694858072015513
CZE,2010,0,0,0.003840758695657764,0.00509849935561038,1.5497521184099214e-07,8.751419621737997e-05,0.00033570592429494234,0.007800974677591593,4.082150393742957e-05,7.633223777468702e-05,0.003139508394588773,0.002666443813421778,0.018974718644999104,6.656504127583967e-09,4.079258550014202e-05,0.00490773506149908
CZE,2011,0,0,0.006592705503883337,0.013544334200498335,8.024233141903357e-06,0.006858342875084303,0.003593794425487457,0.01872565974455441,0.0003971491725433247,0.0009116122941164493,0.003953397567256683,0.0009188085272567692,0.06495268794106038,0.00031878991124369187,0.0006315241698610321,0.0018414772481209565
CZE,2012,0,0,0.00952611028275461,0.009858908343425494,9.807198510611086e-06,0.0003562925509482416,4.446365316928444e-05,0.002960497045789773,2.641940341090697e-07,9.332071374291812e-06,0.0010627224804286282,0.0013590805686373212,0.0037374151348556982,2.6512932163930842e-05,6.984309600568027e-05,0.0032819731517388807
CZE,2013,0,0,0.012427469442097766,0.023507972849929445,1.5659942921454537e-06,0.01104620305623863,0.005052170277839826,0.0011704792512671311,0.000634222699450856,0.0014036768966662451,0.003192254339897332,0.00013266784715353558,0.014608187648409814,0.0008900592656698084,0.00016406414196369284,0.005610805490362333
CZE,2014,0,0,0.008937039123080168,0.026549681439816664,6.84621674662855e-06,0.03583442167057349,0.012739489718684745,0.004249993801323039,0.0016379399944372905,0.0035007978878834243,0.004735642923828789,5.605547927948698e-05,0.05109602801171887,0.0025628797002056523,0.001297266140235577,0.014793884369806692
CZE,2015,0,0,0.00999930940359167,0.03687663998811543,3.158429170571452e-05,0.06682561020360205,0.022783379988522545,0.01264408157295861,0.0029094454598516234,0.006200344962640434,0.007739675406775937,0.00020667035158548544,0.11781140103877107,0.00451043938749905,0.0030941324743242603,0.020150212988679576
CZE,2016,0,0,0.007889852735828477,0.03492729968130397,5.096052345894986e-05,0.07740582371993947,0.02573302455709098,0.01610215693521906,0.0034050965438915007,0.006982366385897398,0.010144284554668311,6.828672592075515e-05,0.1454253246950135,0.005114032936918868,0.003970765055828598,0.0206844854164652
CZE,2017,0,0,0.006165194732202451,0.051769794121743797,9.38650585293626e-05,0.1970854900484935,0.058195746455943644,0.0032592379496222982,0.008376743334256403,0.01619594530349138,0.018717074731739093,0.001434250635069488,0.1643811782197713,0.014326064996676253,0.008007420590401888,0.12522447053597766
CZE,2018,0,0,0.007564573570319305,0.04282018294286057,4.329247411763658e-05,0.12436281580864884,0.038023190126706366,0.002097425752889114,0.005390790825496568,0.010592693854887692,0.01235642677835629,0.0008194535253910331,0.1027778996381297,0.009161208771639357,0.004646338155657828,0.08057954332867845
CZE,2019,0,0,0.006721621356087693,0.03670782810918232,4.126458671790854e-05,0.10252048489604178,0.031878703992300396,0.003406969270330941,0.004568530066974409,0.008843930850085256,0.012887200765238296,0.00017224792378131153,0.1008400047439606,0.007427643442065757,0.00407677215763913,0.058162404627864664
CZE,2020,1,0,0.019233805795311268,0.023094204089798096,1.7712417072357122e-05,7.626574269914485e-05,0.0007102777369804367,0.0032502544650393522,6.11480749233249e-05,0.00018760475621042505,0.0022057243984075882,0.001533393742534852,0.006812876581316106,1.102690271991818e-05,5.2598816655311484e-05,0.0009098196160416683
CZE,2021,0,0,0.26682097262812166,0.3483512053535907,0.0005010666691712417,0.017175792793759206,0.01814950236217978,0.004003202560120428,0.0016223750888242196,0.005365546792248518,0.005437859356997604,1.676790107644469e-06,0.0015403273794471733,0.0027584198288499095,0.0019078945165382053,0.058610883380207666
CZE,2022,1,0,0.004619090255090309,0.007765142372711055,8.072186565932278e-07,0.002276065844671498,0.0011448079663392723,0.0014790054290374668,6.895091284568578e-05,0.00030755790718712416,0.0002967297671226512,0.0014010939435809113,0.005479356422373913,0.00016073748573644907,3.490165631345879e-05,0.0005259242020428576
CZE,2023,0,0,0.008072836905796873,0.015842666090725276,1.5233344096367332e-06,0.008877166442113438,0.003550145584459297,0.0005788578908312852,0.00028597596325258685,0.0009858331608166772,0.0003223949278324233,0.003334804932266834,0.0067984040542212465,0.0007048371766780815,0.0001162432765148507,0.006824304093369721
CZE,2024,0,0,0.021669726365305203,0.03045507280561301,3.0767206510540905e-05,0.0031147191031745147,0.0023933474400832516,0.00010277522144701793,0.0002818901453281021,0.0006954058302860963,0.0021220241631457696,0.0003127902074909522,0.00035348854956032764,0.00038629862169344996,5.352464950148353e-05,0.005654256310397387
DEU,1990,0,0,8.081962265526315e-05,3.2075621864124154e-05,6.229078534548296e-05,0.001097308277326902,0.0005332428533452791,0.04742480635221512,4.4669190072530185e-06,8.799087684786544e-05,0.00026624861829049765,0.000541247401250354,0.10533750157406069,5.4912469773699074e-06,0.0012346887470334827,0.026232138800526904
DEU,1991,0,0,1.5669551010665665e-05,6.063342278872121e-06,1.0734082756912528e-05,4.100063663099087e-06,8.622675165622297e-06,0.009486628119624549,2.150666044116e-07,9.571126604160999e-08,0.0004707795691325274,0.0006348318051289879,0.019979646571790095,3.0092915120775964e-05,0.00016313411039852024,0.008623557504556413
DEU,1992,0,0,3.670672415705041e-06,0.0011334981947137758,1.9613205677473866e-08,0.014015450323131175,0.0031467838333398175,0.00851265259031999,0.0004992449700769199,0.000954214363332672,2.9030357420131948e-05,0.0018507790564155323,0.002321941597414358,0.0013412239691647388,0.00015720082968155493,0.03685046916147168
DEU,1993,0,0,0.0009725405255638799,0.0013441714289132284,2.163902686464567e-05,0.050121039570220065,0.011351902635744024,0.00583147885485479,0.0017365267780466238,0.0032889369185330835,0.0004527280402664807,0.004429075942816829,0.002753412938780887,0.004047240152663191,0.0015764546265921017,0.07273965477061323
DEU,1994,0,0,0.005671602393033028,0.0009789256698745914,2.9280769921821977e-05,0.024801092831877314,0.0044922663737135,0.00386799889436165,0.0007390541311214333,0.0013057375880791981,1.543222802423524e-07,0.003508121088194494,0.0007409347427319947,0.00191103986383662,0.0010998407788917381,0.036820180210602065
DEU,1995,0,0,0.008875934929579547,0.0020159833848720225,5.057187095158406e-05,0.031323552402892814,0.005607108352143897,0.0026732388975633163,0.0009274346938940397,0.0016099476103502478,1.743758445367963e-05,0.0038427661394127436,0.0033806909040779765,0.002301302794241009,0.0016654586466195813,0.03897915051112074
DEU,1996,0,0,0.008383882388802192,0.002289211959867999,4.4149474237019636e-05,0.02514472985245583,0.004384062629379173,0.0024072486178261417,0.0007580173475294139,0.0012609719988849381,7.011911700055138e-05,0.002570495503432976,0.002524842144960839,0.0018445545510405142,0.0013814386624123375,0.031525611611261876
DEU,1997,0,0,0.011983031137215203,0.004274562801629927,5.721569668926373e-05,0.026664302343110423,0.0043899774908083885,0.0025368850536635805,0.0008009011362768731,0.001261431957551309,0.0001125591384985412,0.002448806425918177,0.002936261922456858,0.0019207689943735082,0.0016150051449647102,0.03246280947539302
DEU,1998,0,0,0.01793213853893409,0.006636369744985525,8.586192318399477e-05,0.037950183433374224,0.00619368483251996,0.0032695586489032507,0.0011346231715206978,0.0017761444847749308,0.00014911363257694813,0.0035060630918579225,0.004759412971491822,0.0027091341828435656,0.0023728502557963807,0.044918714770669485
DEU,1999,0,0,0.014085453378712719,0.005981126636236608,5.96858203321462e-05,0.024589529378458787,0.0037882994777444275,0.0028464376899469544,0.0007151803448517463,0.001091738384539687,5.807374740602406e-05,0.0024631343403922275,0.0021064034022716975,0.001761568991579381,0.0015666603028846625,0.030946806423626877
DEU,2000,0,0,0.006959108041373522,0.0009123432925063472,4.6288899019204846e-05,0.03485824356127205,0.006708893065183247,0.003301778594042114,0.0011993822749173113,0.0019327948309329625,0.0008317519561646589,0.001733453003836088,0.003819953771167855,0.0026285123871308057,0.0016906445044941845,0.043784908492848905
DEU,2001,0,0,0.011399763827587608,0.010162090919854703,1.9433212909254204e-05,0.0019171200445915126,3.081001971726123e-05,0.0024981041956732785,2.472886619745855e-05,1.1264612379743988e-05,0.0001720180509593642,0.0007246490478863874,0.0010327039339439517,0.00013201260739159528,0.00023665993437196127,0.005214588185537494
DEU,2002,0,0,0.011242228821778364,0.01399443494852983,9.09851678181544e-06,0.0001773168392975983,0.0005585496958643605,0.0020823602069019913,4.784607933517452e-05,0.00014801338313242735,0.0009893732968611518,0.0005337999140655296,0.004803623871627575,1.7748484560415284e-05,1.611521301805319e-05,0.00032289048011896644
DEU,2003,0,0,0.01021824785932109,0.013578758065012493,6.631787232836746e-06,0.0005994171332124704,0.0008066922558397255,0.0019724121358003313,7.16241373124727e-05,0.0002158718633022135,0.0007444467550261504,0.00021813382954704826,0.005562030672015069,5.106464233066469e-05,1.8891633590602088e-06,4.191797312622824e-05
DEU,2004,1,0,0.020292712585656507,0.030212514182613615,1.1166081092955072e-05,0.004392386219858656,0.002986119168992048,0.0026510844266611562,0.0002351768811070206,0.0008159258287393642,0.00016041119185345143,0.00031627137896895845,0.01085682352623715,0.0003654812909431161,7.068475952120273e-06,0.001202532196788225
DEU,2005,1,0,0.018486601189538425,0.025028460725229972,1.4304952220223262e-05,0.001553179309283204,0.0015741487588601002,0.0026425810080203758,8.268136334720213e-05,0.0004248845749421011,7.935133317950646e-06,0.0005089161275180127,0.006841714390477,0.0001352738462173298,4.981994069944078e-06,0.0001246700479460218
DEU,2006,0,0,0.02786491458633576,0.04155731068925869,1.6182054848944555e-05,0.006242754765916107,0.004071219782521119,0.0036118279229996773,0.0002566487899086569,0.0011110233774201202,8.430815320819928e-05,0.002074446945502731,0.013554389862411602,0.00051464827249927,8.825973990879338e-06,0.00211516534027764
DEU,2007,0,0,0.040025159076961456,0.0526902761663775,3.823035390824761e-05,0.0023642608603108655,0.0028393240801407238,0.003909321778230416,0.0001430995249094461,0.0007731391388264789,8.479573871831667e-07,0.0007188764066587434,0.00956942672583607,0.00023277464714589573,4.608147573019007e-05,0.00035569204308849264
DEU,2008,0,0,0.04662238285736061,0.06136869164039603,4.88683014521097e-05,0.0028058897112277887,0.003326148605780388,0.003029375020510547,0.00019813943454018732,0.0009160493467410577,8.591096931367197e-05,0.0003649879878391195,0.008304424463410811,0.0002981626009582998,7.462641865490259e-05,0.0009154178039133591
DEU,2009,1,0,0.0463684683815232,0.0516550635705203,7.76056985187526e-05,6.0235905272798505e-05,0.0006507197570024258,0.002432228168793494,4.426342037386802e-07,0.00017633499693355,0.0006378060111546029,0.0008915071780923182,0.0011152308327540884,9.9097143731e-07,0.0004889185954292249,0.0002567102967881048
DEU,2010,0,0,0.031373442595468135,0.08983394557037336,3.86419838713316e-06,0.11895342499293414,0.04032111882681485,0.0024487857388365967,0.004723292017623305,0.011250799121181584,0.002284816245322182,0.008551271781345383,0.08648162944683564,0.009132952818330738,0.0030250278285455724,0.08794870304530766
DEU,2011,0,0,0.2589396608996769,0.3930325360585004,0.00021470129646346855,0.0694622962576575,0.04166691865990138,0.0061100563790739675,0.003464837043468908,0.011687984617231894,0.0008689990391713129,0.008618420143906383,0.05651777845155409,0.006531083601162319,1.5610566906291682e-06,0.06046339137105389
DEU,2012,0,0,0.01862871691035989,0.05718294472082211,5.6261596213733005e-06,0.08469063120455017,0.028071335987725966,0.0022160216712473787,0.003248589598447982,0.007813926097529792,0.0009167460846417085,0.007608037862392483,0.0647526848293076,0.006398086835848381,0.002353414667997492,0.06012880212714469
DEU,2013,0,0,0.018006767594491095,0.04612191938484281,6.171822786318529e-07,0.049445001278022926,0.017530357024165704,0.0022825000365216683,0.0019385625610921636,0.0048679271283495204,0.0005114852562539137,0.004638335147803566,0.04306682200140878,0.0037587400237479858,0.0012173959054060212,0.032849101104310115
DEU,2014,0,0,0.014011568990676009,0.045627611535194436,7.473177238117498e-06,0.0734916198400744,0.024175217845198105,0.0020354387286762587,0.0029218768276952946,0.006725790846091467,0.0017837290394104913,0.004469262776679529,0.05925856038814557,0.005516150095086281,0.0021763413878782474,0.050072878624506094
DEU,2015,0,0,0.0021861459410517127,0.017535465000348752,3.128250197435493e-05,0.06529018359270869,0.01901979929099417,0.0018481159813129797,0.0024535644672726057,0.0052688794935304,0.0014151364163932376,0.0038860628625168115,0.05606779392879023,0.004659797718146762,0.0026977607311302492,0.040583302073247646
DEU,2016,0,0,0.004555356510616126,0.024536381729104752,2.4212455570411668e-05,0.06878171371728986,0.02070786532332166,0.0023878908453428003,0.002524119113705924,0.005732744856615849,0.0007643561904693622,0.005727000912425161,0.059859637356866606,0.004941654350876617,0.0026363215360455444,0.042903621688457294
DEU,2017,0,0,0.02072502761761868,0.054194353045324245,1.6182022802886583e-06,0.060173118610682294,0.021328146232856636,0.0033855796787460816,0.0024069910046304525,0.0059115628118480016,0.0011137154864951672,0.004419113472477573,0.05724142779991126,0.0045268053715857405,0.0015855610049916647,0.037292061259837535
DEU,2018,0,0,0.03283180266117154,0.049234706093332026,1.9264378806040555e-05,0.007758540811622231,0.004898027418750045,0.004184279584626202,0.0002906882462431957,0.0013367770723121022,0.0004563027583993694,0.00378848245250999,0.015434764998863388,0.0006368364862150684,1.1848848700960488e-05,0.0029592280353304893
DEU,2019,0,0,0.03621530455148377,0.06733871775199066,8.326979660613687e-06,0.03090151120402156,0.013411787542512058,0.0029025720573431875,0.0012216074643971217,0.0037210807947597358,2.0780142716235603e-06,0.005397632340845027,0.02992186161528788,0.0024812575177379135,0.00036245908794867274,0.020667595898127097
DEU,2020,1,0,0.039211545232613006,0.03766567581314703,8.17274052589417e-05,0.002962057236875053,3.877758177248563e-08,0.002784753441062517,6.679436850585373e-05,1.6859137619292254e-07,0.0006949462915530961,0.0001448526444638541,7.20282279021889e-05,0.00015008260296803353,0.0008407475068366214,0.0042377019692870195
DEU,2021,0,0,0.04538809090223044,0.09212480110520861,5.907621791945964e-06,0.05653308236694361,0.02266760085192446,0.002595713447583274,0.0022851039151748904,0.006319676955040898,0.0003414623413622277,0.006674409222549116,0.04512648986314704,0.004539398746984634,0.0008220779261689804,0.041998710981659526
DEU,2022,1,0,0.041172798599159476,0.0899015526229559,2.913426508907212e-06,0.0679909927744308,0.02571828281945878,0.0017079763073299668,0.00267159730811649,0.007189853743939119,0.0002828752428772707,0.00847702937053865,0.046269831373619556,0.005446238885467807,0.001109608347948538,0.0546732373242986
DEU,2023,1,0,0.03073281475780205,0.06720038658475164,2.148412084488147e-06,0.051028198512258184,0.019269497620612672,0.0012779323671379894,0.0020098258493462264,0.005386777836464221,0.00017143610911360153,0.006567657804441089,0.0345841970700584,0.004085541875422945,0.0008344822421971185,0.04111484763014407
DEU,2024,0,0,0.02044913932035854,0.06252203732354886,4.4310807318840215e-06,0.09265244030361547,0.030451408915325683,0.0015517109067308308,0.00346122667311875,0.00849785698497211,0.00043642369808342745,0.010454741237504525,0.06226386775474278,0.007077097673107812,0.0024295459020137796,0.07130602948511647
EGY,1990,0,1,0.03849761806492841,0.19823423482900093,2.9388875377260324e-05,0.5509469785416652,0.16722403732793506,0.03676980413538541,0.030899062213219627,0.048300143113125325,0.1919014365797088,0.01867701961996384,0.10375256141131217,0.047150835121107806,0.011797263281161525,0.6782003212038629
EGY,1991,0,0,0.013247012246870204,0.11725243543940972,0.00020535262468440239,0.45574481324017774,0.1386501398002489,0.0007794838109912346,0.025245112049388112,0.03896834012068604,0.18543166072150763,0.02689684677156374,0.35065283483923976,0.034495361143029674,0.017612989454677954,0.3071033807175031
EGY,1992,0,0,0.010376578519466648,0.045808882385832465,0.00019266812170447623,0.090824898147877,0.03497360282651712,0.10033498070927287,0.005546833827887184,0.009095036843508361,0.06928277280171646,0.02232939096438545,0.495524619812834,0.004782147680857879,0.008606246177183724,0.0007935419052052972
EGY,1993,0,0,0.017412529877075627,0.06781206733887785,0.00012778772499649074,0.123842397437039,0.04563295306680735,0.05692819437455498,0.007262106243246964,0.012216065226661339,0.07087954079323727,0.016792764130088567,0.3915264264300786,0.007667397042679178,0.007997973910032492,0.008598165302349903
EGY,1994,0,0,0.04010150899096881,0.07054266810450964,1.0499825897761437e-06,0.02312622928087536,0.01287010603964974,0.014384880864513127,0.0018449281782487257,0.0034882462992318745,0.024524517170094302,0.00841829913195441,0.0833820606760181,0.0016750282142922574,0.0005707676629634938,0.0015308228673516172
EGY,1995,0,0,0.04315255508369035,0.054935253555494244,2.816260196038588e-05,0.0010338925412761695,0.0026631172020364726,0.008884299544855536,0.00034834880223686744,0.0007092596535234544,0.013769052850085598,0.009630439897947063,0.025933218589859773,9.724804240206286e-05,2.637047831183899e-05,0.0018298707236734733
EGY,1996,0,0,0.05592120322192206,0.02739085552833853,0.0002747717797498098,0.0746799526146859,0.010672539680954137,0.0006109339925685039,0.0015818982417625128,0.0029682888394610076,0.00322266653948311,0.02345582401706842,0.025902895926352844,0.004712276618894033,0.006423109196802476,0.06381956793158383
EGY,1997,0,0,0.06196382998388845,0.022163012749974734,0.0003691773681842723,0.13482356169995588,0.02228003068257427,0.0012591976673063997,0.0033708119096962164,0.006232146476411543,0.0014217362141542285,0.028991732082597213,0.04638054972273637,0.00889502985830573,0.009916337087265234,0.11918397668342207
EGY,1998,0,0,0.06513972094998649,0.05379986016847911,0.0002083981397610571,0.01610863990805011,0.0006932923110723602,2.413049753872033e-06,7.94163693588033e-05,0.00017709831718724567,0.010863335434270998,0.020262209379438234,0.007939658313262168,0.0007338102404404308,0.003074239132030018,0.009440584707889978
EGY,1999,0,0,0.07145033440460907,0.0578645479040331,0.0003029828233882291,0.018222401244831328,0.0010157001544099293,0.0049862302185536885,0.00010870117660516754,0.0002352046353383194,0.008386454971831696,0.017056676931824315,0.03843064038328022,0.0006509233886489125,0.0045581096489188755,0.0015460397032093696
EGY,2000,0,0,0.0786771956148213,0.04569688106905158,0.0004521892315540282,0.06869315114497587,0.009099716633597946,0.004787126619814568,0.0012849961071587333,0.0024000531227190446,0.003207298903132366,0.020876641114473047,0.08415579559804086,0.0035666924550122893,0.009060468307330314,0.023100870992981158
EGY,2001,0,0,0.0650633114833078,0.04382707743355288,0.0002563942733441595,0.038663024760302464,0.003951267530379243,0.00012240698647896954,0.0006698490589840769,0.0010795565772285757,0.002921111452711856,0.014265257160317076,0.017245333127075997,0.0021867490455248608,0.004721928980727272,0.02741693044234636
EGY,2002,0,0,0.06567180287026231,0.05020993452332555,0.00027405811644548296,0.022840607458123982,0.001695124293103628,0.0018968866711836694,0.0002442464332039726,0.00042645476106126457,0.005190997311335024,0.014005050356286079,0.029856292204916847,0.0009990822746903942,0.004396492444322732,0.0059299252177780325
EGY,2003,0,0,0.05222362638797889,0.03167389502203201,0.00039465645698554154,0.038318811467157064,0.005048063912551713,0.025567575568379994,0.0004543307913055485,0.0012254287721730523,0.00799652025333613,0.022936234745752602,0.1284468060835615,0.0014789459612452197,0.007462881832435571,0.0004750183691897017
EGY,2004,0,0,0.041939236067205,0.023283707571537617,0.00025388911165742645,0.0411681116996392,0.005515548336368057,0.003895934252632231,0.0005961286933587712,0.0014454742179986315,0.00729643990714024,0.023626319347412605,0.05055358859396412,0.002111592160487334,0.005275027008246028,0.013981949661258828
EGY,2005,0,0,0.04861121453298613,0.04446724163459433,0.00010427939690662455,0.006462469779820512,3.321618513924747e-05,0.0021476831991398605,3.8010861092896385e-06,9.670117537319594e-06,0.010440701301929058,0.015611328950883198,0.000162495487815504,0.00031886058542084404,0.0012779815296151463,0.01021284360571816
EGY,2006,0,0,0.03946751060325006,0.03792115887451348,6.890883836203906e-05,0.0034755593254053477,5.761280187571891e-06,0.003546658307352733,6.66239629627258e-07,9.832372571547454e-07,0.009139055192302268,0.012404293009020238,0.0021569852337106695,0.00017772327146096324,0.0007384999687618031,0.009004695932064528
EGY,2007,0,0,0.027739676213129224,0.03006089953768011,2.4100290485353707e-05,0.0004624243963180309,0.00035847581337611985,0.007596754634566717,7.395197897992593e-05,8.733455395931681e-05,0.014204755272141035,0.015010313245025692,0.014418000192503413,2.873259420392462e-05,0.00013914610914334498,0.008636084463246865
EGY,2008,0,0,0.022087519169511093,0.024532167278745746,1.7145847547631703e-05,0.00018657419761835433,0.0004074459512286683,0.0062370615176702855,9.542060557171349e-05,0.00010154730119789884,0.014079220477051667,0.01430110934529286,0.013398463026414757,1.0902053662239377e-05,8.205613354096781e-05,0.006530115504287852
EGY,2009,0,0,0.046996707632628185,0.02184348488753096,0.0002927064669825619,0.06720909126333231,0.010167406057906399,0.0011593898108322315,0.0013265602780547264,0.00275072162692517,0.003946221649975565,0.02347750150205188,0.052972472721811714,0.003891656997036013,0.006764849394309424,0.03644517203641547
EGY,2010,0,0,0.0463922750207533,0.02492532261253051,0.00022148156464571236,0.05077813558288002,0.006922327551008499,0.00019841188449939404,0.0011153031776600301,0.0019152237375855412,0.0011596114240057462,0.012656740790703924,0.021647282731273653,0.0031134161808367517,0.0048425436155892995,0.039079767955309694
EGY,2011,0,0,0.06835756868804055,0.05320386270664579,0.00016482995542113242,0.02440716961421461,0.0015365966593120235,0.008907006729660947,0.00043935008944612913,0.0004584062217029848,0.001298083799129529,0.007661671593761133,5.394601144352167e-05,0.0015961676221397292,0.0026076378798187564,0.03931237713064192
EGY,2012,1,0,0.1125128543170504,0.06981922088195565,0.000541928383004338,0.08412653441314812,0.010055989260407216,0.0010489315301110405,0.0015239698310985038,0.002696576847857191,0.0050519742590646455,0.02830091185851663,0.06743967167269735,0.004573780677345453,0.010541152414470263,0.04216126997559834
EGY,2013,1,0,0.12374532954411809,0.07067302326555855,0.000553481110865802,0.11794211943400794,0.015156724555070418,0.0007771817440190614,0.002481845499199485,0.0041953211535201915,0.0037133316721546894,0.03224269331174855,0.04645585289726543,0.007175303067294779,0.011659783378265603,0.09304987690909729
EGY,2014,1,0,0.13780357495342033,0.06382458363886345,0.0007668629064293683,0.2009711493947071,0.03031420784453462,1.9982617181275436e-05,0.004570920220617843,0.008358551398441038,0.004159643116259184,0.04947708137570363,0.1025175990899974,0.012396662573224346,0.0180789647365454,0.14443658419873867
EGY,2015,1,0,0.1438714547281038,0.0550933309605281,0.0008758950764652414,0.2823059195073556,0.04677755465862838,0.0010347726685421578,0.007767040000107337,0.013031177293233066,2.8302824635190366e-06,0.03568161297211483,0.1262032962927035,0.018284074594113343,0.02243153965264157,0.22148978227680022
EGY,2016,0,0,0.132750574551742,0.05277468061736686,0.0007682076324036551,0.2480542712946603,0.04034014546852588,0.0018516531858601781,0.006736440470654564,0.011267456447311775,2.3477051659194848e-05,0.03363127404280288,0.09876183899553162,0.016165600756771707,0.01952603184079447,0.20466331390227618
EGY,2017,1,0,0.07335013505274275,0.048971989620940216,0.00037413124412886305,0.043527809712650356,0.004413202952526653,0.0066708364658048195,0.0003150203461449064,0.0011170297694246293,0.024992383948301063,0.05075960536273066,0.05965848896586249,0.0019809044471593316,0.006915021209706522,0.011785928250927022
EGY,2018,0,0,0.047709298053309895,0.037537866808555705,0.00016078654112928445,0.015477101213214531,0.0008601762776489394,3.2602929996118605e-05,5.4391167517382895e-05,0.00022191139533257563,0.015536774440683312,0.026671215938431234,0.007027375234060841,0.0007339662929666778,0.002563012868678178,0.009945752726951902
EGY,2019,0,0,0.03373448614486823,0.017094590774796914,0.00017524896288889595,0.041751924605524515,0.005859669098281913,8.492157054415868e-07,0.0007967085661653381,0.001607284958661224,0.0031833430263390064,0.016306038899947313,0.02093873081213372,0.0025113560119005294,0.003969045131501426,0.029873034637984543
EGY,2020,0,0,0.03251589219079497,0.011875544575944235,0.0001830454360076754,0.06920475616015509,0.011319771712235726,0.0013448220724148838,0.0017766267031198598,0.003182627543079141,0.0005457392105906758,0.014012632936552345,0.01951807427933494,0.0046377360798237136,0.004931027189858282,0.06578503386713072
EGY,2021,0,0,0.027141320132173748,0.0034504461011094184,0.00028045161880401744,0.1335098757242094,0.026248040607103302,7.218013259195532e-05,0.0037192140872520005,0.007278812500260978,0.0002197378286507055,0.022234561924486196,0.07419438450039996,0.008820364821662456,0.008995432099493486,0.09785771377096718
EGY,2022,0,0,0.018436912516745285,0.00046879529557225974,0.00035564979620235213,0.14278162802122893,0.03107214206673639,0.011741333221894208,0.004018937478426858,0.00839868809076856,1.975316389370847e-05,0.02031320141086598,0.17664161724985422,0.008658179860270229,0.011371656454969415,0.056620500057994454
EGY,2023,1,0,0.02860999127597153,0.0008698359845310942,0.00030368745361011076,0.2253584380733186,0.047111954749612245,0.0065029029240135944,0.008151212612578496,0.013385302481812064,0.008127641727653227,0.007854702734028772,0.061813885034372996,0.01644870701910018,0.011632570940962312,0.227630177673239
EGY,2024,1,0,0.0684681330697181,0.0049312901920272835,0.0006300231825362613,0.43397556417372896,0.08717835260092652,0.012387484973536237,0.014236821668382704,0.024737145010254726,0.0036780455762096395,0.034685833898857994,0.11033532969609108,0.031324238334854836,0.0231082250055505,0.44624029156517203
ESP,1990,0,0,0.016956410291727,0.004276131240644026,0.00035060086418910316,0.4146197130942093,0.09477549589502401,0.015127230460766685,0.0159173793761796,0.02704166767179953,0.020945323195682222,0.010544885348413961,0.09785880543321325,0.0314536213956242,0.017626672570645534,0.449009438061489
ESP,1991,0,0,0.008544154485242851,0.008960588329044205,0.00027645150934256697,0.37051388651722145,0.08731504852215446,0.01098917130828276,0.014315663777022373,0.024879107313157192,0.018590716698879035,0.00972838070450251,0.09499061234903512,0.028184620795723314,0.015175563734800604,0.394081411659148
ESP,1992,0,0,0.000515072835433364,0.02689675135355933,0.00017793199927949678,0.3514747720685258,0.08831718565409134,0.008836444191365122,0.013949916023228317,0.025162864597772526,0.01886323114527782,0.008887718301893286,0.09313753947756534,0.02719100025555206,0.012730209373454912,0.3760444034512851
ESP,1993,0,0,7.351399684403693e-05,0.053105179049171,0.00021791787947211857,0.48379042108838566,0.12573726732348697,0.007789792459492074,0.019605599140759208,0.03573809520004295,0.029961286937147988,0.009927497998109703,0.1506290552712395,0.03737402611420206,0.017172098367686784,0.4941794198604277
ESP,1994,0,1,0.0005677006779224755,0.04925192807672029,0.00013133210262687177,0.38435190831731214,0.10051717269435935,0.011899289996671072,0.01578197959769968,0.028712458954922707,0.02368570203077678,0.00818067799768253,0.09083321479865263,0.03037201694594015,0.01231157198532832,0.43047537115420065
ESP,1995,0,0,0.0004308706035637912,0.03570570396224492,0.0002444775220824253,0.4388200340742615,0.11187948174616767,0.006151445048072962,0.017900986733686435,0.03176034160937502,0.030669396071365575,0.006894663323978146,0.14703383810463544,0.033530168796523964,0.016700004721632224,0.43378915306691745
ESP,1996,0,0,0.0002882722090484309,0.029450305751204928,0.00019048009126747362,0.3552446269598263,0.09035413010419856,0.005557768498544303,0.014272492558668992,0.025664194682272164,0.021279406722920224,0.007495663830069071,0.1130301125117304,0.027210386764127903,0.013310761887750884,0.3579383579101704
ESP,1997,0,0,0.0006526965517386008,0.01952356996352244,0.00016901185321064073,0.2741211113672694,0.0692452612020364,0.002851309995517192,0.010973482825678966,0.019619904942990686,0.016755897056194555,0.005468451475637078,0.0984826346250354,0.020740712827644496,0.010858419498100383,0.2631763419420696
ESP,1998,0,0,0.0019908669324541824,0.014531402848703896,0.00020707126010556677,0.2768751965378088,0.0687525548490908,0.0014213688986080108,0.010803307812266048,0.019411528803814887,0.014561007858540257,0.006810185410729942,0.11387979400135927,0.02056241588458255,0.011863613012093153,0.25010764029837035
ESP,1999,0,0,0.00444345761976405,0.007876320661122198,0.00021844663725255868,0.2503046991068128,0.060353450633653355,0.001189267406262849,0.00945239037234092,0.01702148270312608,0.010357193991790425,0.00816449420011273,0.1037587202792915,0.01838304273593991,0.011341593448776058,0.22360397353626432
ESP,2000,0,0,0.00379834243963918,0.008926864490407,0.00021427417881971075,0.2512676905104227,0.06103703853757668,0.0011002456207171993,0.00959082322580978,0.01721311050681233,0.011406922376896361,0.007371455737142646,0.10585585800773148,0.0184768458738766,0.01130449743846407,0.22326559269288138
ESP,2001,0,0,0.002327560426601969,0.005020456914585952,0.00012348940741103618,0.14703018288990402,0.03532608448394955,0.0006537412360986504,0.005301775020670465,0.009958340945084295,0.0033749039343451185,0.007977830824440821,0.05885425894760089,0.010788864365032956,0.006571086591019044,0.13342248350189279
ESP,2002,0,0,0.003932722915561205,0.0563208010622603,0.00010036768820901831,0.2852998591196119,0.07849277763398048,0.00038298170427004594,0.011028607939778225,0.022139043681835724,0.009187958622738582,0.013171119828557912,0.12234745247653495,0.02171576077450193,0.009854129223718618,0.26105304554882336
ESP,2003,0,0,0.012049130626431854,0.0952141224707132,9.377342569212649e-05,0.36001957287394126,0.10252057808091701,0.00017890650768647375,0.014051261487862137,0.028901679667863736,0.011241779039326874,0.017432216164864428,0.16014300674698423,0.027600830466615933,0.0116115857637686,0.3274550686585874
ESP,2004,0,0,0.009128186980889687,0.08555117588956185,0.00010843241481730085,0.35606168090504153,0.10035841957553933,7.120983290884994e-05,0.013823511593068303,0.02826254321688872,0.011056412473393538,0.01712262896773551,0.16503644777493356,0.027097554466538606,0.011978179313005608,0.3167597556002282
ESP,2005,0,0,0.0066574078746435795,0.06893786274121942,9.890596317923644e-05,0.30216098669017544,0.08443867598191136,1.1161891735763285e-05,0.011418206788371042,0.02375376949428216,0.006669146320121064,0.018318698780253426,0.14230450469572822,0.022858726604680083,0.010388934305353432,0.2662862454881288
ESP,2006,0,0,0.006589643593810228,0.07017703478539405,0.00010550796384795648,0.31183080238423394,0.08689388723255259,1.47931339567661e-06,0.011593054859642933,0.024422035117109185,0.00534784792938107,0.0216399448981148,0.15002833687541828,0.02349336501010797,0.010853646527986259,0.2719004426187856
ESP,2007,1,0,0.013126070096599685,0.09242457233323259,8.451072226310892e-05,0.3241082346740043,0.09295508923454397,6.757384282035016e-05,0.012110308458501966,0.026115245143689885,0.00512389145389956,0.023768298374699633,0.1602776270101927,0.024567033116912818,0.010639892043045817,0.2813992492675544
ESP,2008,1,0,0.008249639091629507,0.09134933079909516,0.0001485834693732363,0.4127817597168305,0.11501093528035283,8.915920884548842e-05,0.015295059591022744,0.03228546612985086,0.007165324016386894,0.028404301611959865,0.20915097016213494,0.030932720557198465,0.014690819779815947,0.35083893956561624
ESP,2009,1,0,0.00034443657278364765,0.05112862338949798,0.0004070438276464321,0.5900441032115011,0.15131293886236108,8.671760988675043e-06,0.02172280981634524,0.04245804066537237,0.015643913426855383,0.029799930401193508,0.2994290278626318,0.04315317023720063,0.025304925868018184,0.48804819654442133
ESP,2010,0,0,0.0034480250697650518,0.01954572345615083,0.0003500119990655478,0.39853126126765287,0.09895429688011902,3.6367850399151006e-06,0.014841610256270866,0.027740536913512377,0.014200413269671882,0.01523764031577285,0.21119800974249303,0.028769375291364876,0.018602834549253235,0.31892491697839537
ESP,2011,0,0,0.003195114273382943,0.01412465570212151,0.00028419378479258977,0.31171907234879115,0.07716624301023885,1.1795503365790467e-06,0.011627933725549424,0.02161991738243669,0.011588581895877791,0.011369141982761826,0.16927506233452885,0.02242687285303601,0.014780890768960735,0.2459647972739099
ESP,2012,1,1,0.010061496966645054,0.011754360795648842,0.00047283233286869644,0.449669471090736,0.10891227774941518,8.764379479719435e-06,0.01709590910833511,0.030517812102241457,0.022963446085298003,0.010936629793684524,0.2475616764630521,0.032152820670310764,0.022443174559094926,0.34950950667717234
ESP,2013,1,1,0.028206640385568568,0.0008656261861487428,0.000579212979289657,0.4211975763277204,0.09598562016990936,0.00015395375488925012,0.015788080105695563,0.026890253368325238,0.022716496012075434,0.008887770744850872,0.22766753304522877,0.029642811472329167,0.023266217869417908,0.3246193802645779
ESP,2014,1,1,0.02891778539923454,0.0004791969854565367,0.0004131409208895698,0.24567232109919557,0.05353172238436115,0.00012175230617581342,0.009226231452816315,0.014983082187274855,0.01544527468673521,0.0037142898396039636,0.13637347193881777,0.017030977101245397,0.014778097727654371,0.18402368183426498
ESP,2015,0,0,0.026072051223927216,0.0015681940417777995,0.00031476903286703397,0.1698514762972163,0.03596215810724285,0.0001510323207417947,0.006346049940154526,0.010065397091192661,0.010830232670105503,0.002407099686226977,0.09310834615047518,0.01169480710691104,0.01064159357650189,0.12704642731948493
ESP,2016,0,0,0.02410384384608889,0.0016855736628224596,0.00028081022182963625,0.14991808209145865,0.031513327754158736,0.00018339205014220695,0.005547379532514829,0.008823219743213859,0.00907012557739401,0.002363685915599091,0.08042888940179492,0.010321729088909078,0.00942012718011782,0.11326572597651006
ESP,2017,0,0,0.020301562550345393,0.003282336225336974,0.00019212945086840801,0.0865002558964259,0.017317225755442336,0.000113690806734042,0.0031514605362647575,0.004842249331069304,0.005290401010604001,0.0012585084846246776,0.04741173999137785,0.005859074801958532,0.005881741527785588,0.06368241401868127
ESP,2018,0,0,0.014453881544705645,0.0004498619745972755,0.00019433449839144262,0.11062361956634684,0.023810564630394344,3.514002666653389e-05,0.004072642683150503,0.006658394371081542,0.006105575765976643,0.002107446767187239,0.0620952250559722,0.007624068233412505,0.006794075085559529,0.08208744753657625
ESP,2019,0,0,0.008502762508621515,3.1847975897857586e-06,0.00014135471884380537,0.09014751262266155,0.019989531181992468,5.940339736656091e-06,0.003302226179982262,0.005588689494675254,0.004317994038760381,0.0022018523643498934,0.05105612181110778,0.006254661365654258,0.005285178432228027,0.06717541743315913
ESP,2020,1,1,0.013845952211143037,0.017951710658931298,0.0006624089990855375,0.6541419981036276,0.15822625083472863,0.0001604227497909781,0.024514685152636058,0.0443843573400818,0.030058101738213543,0.0185995897495739,0.3416137009137123,0.046993854020963434,0.0320319536418868,0.5230142436846155
ESP,2021,0,0,0.024319610540498526,0.010835518472471729,0.00014288747440977513,0.037032643448918955,0.006114273776656611,0.00011017936064501147,0.0013598599729295578,0.001703648306559433,0.003781252530280026,4.262623679047871e-05,0.02195542959574372,0.0023679242696131872,0.0033231452143740237,0.02462233153419574
ESP,2022,1,0,0.006093284386708565,0.0009941058149765154,6.327369354191632e-05,0.025417432309708426,0.005220574803201859,1.65460475772191e-05,0.0010236569082912154,0.0014512475309212385,0.003244499205455106,1.4942613840721909e-06,0.018635348653722406,0.001684424205330265,0.0018667011282297737,0.015637345834657326
ESP,2023,0,0,0.0005270337643027446,0.001851079243394762,4.335941166672277e-05,0.044076161566455885,0.010930554484431946,2.6044669436388583e-05,0.0016643271681305262,0.003055756303147206,0.00195986764526789,0.0013033675862258154,0.02639654773583394,0.003141058066255331,0.002169789518462231,0.03292190691875084
ESP,2024,0,0,0.003585481370920403,0.00018279132739304832,4.657553296966731e-05,0.024434621277634953,0.005183447152466068,4.9210375499224745e-06,0.0008575396559246883,0.0014435372158578842,0.0008738909526417574,0.0008093509312314972,0.015044622903300272,0.0016538376027432978,0.0015738625392510534,0.017122081426489827
FRA,1990,0,0,0.010991752909151605,0.0005868630464281337,0.00011262043855872441,0.07571724571260212,0.015611518054066714,0.0015426569271753236,0.0026299333561214163,0.004420436221873399,0.0020912230446385334,0.0033281807523335197,0.023597798961915967,0.005440337543881968,0.004120293948964007,0.07288916994756411
FRA,1991,0,0,0.013146421238638014,0.0008925244777348979,0.00013742485938735788,0.0838106849968411,0.017226333616494862,0.0008716414754249629,0.00286337599459412,0.004855018755759576,0.0021324947300288355,0.0038701048637111704,0.03173570482244054,0.005910904986242626,0.004834557195510155,0.07463957315245455
FRA,1992,0,0,0.010275358992204964,0.0014200078402167747,9.764664936829676e-05,0.04832690965985747,0.009616216498396161,0.00013778032163550566,0.0015945634589500633,0.0026928263366571823,0.001029099411911792,0.0024395017414647023,0.022823932284675965,0.003300837572359136,0.0031200300510446613,0.03854997565065713
FRA,1993,0,0,0.008824811953365125,0.002020306311735245,9.246217534870002e-05,0.02874895847306246,0.005611128164058266,0.0010632457637492897,0.0008651030901944216,0.0015260213948200642,0.0003670349711018548,0.0017730224028264965,0.03071469427777692,0.0017448798743170601,0.0025203961754048793,0.012745974875836178
FRA,1994,1,0,0.010000992536995185,0.0034282360735988925,7.68121703812199e-05,0.022061649219480815,0.003929232801361182,0.000169983755573044,0.0006599846110229557,0.0010778661234975217,0.00027283963521403847,0.0013431586122457922,0.0178690202890527,0.0013622326461977502,0.001951727005656104,0.012147487850924362
FRA,1995,0,0,0.011759933831930714,0.004802161244695112,8.680617133904418e-05,0.02024938760476117,0.0034497176254579117,0.0005533475572886401,0.0005797591766310493,0.0009354690929471659,0.00019979835401532658,0.0012961849244998663,0.020884407650728683,0.0011877116860649194,0.0020470841625304407,0.008872223432523004
FRA,1996,1,0,0.01211779299206419,0.005024320430435196,9.451348073270425e-05,0.020115929477708835,0.0034796797793813458,0.001074438740825073,0.000607334719115147,0.0009367497502200158,0.0005658347775655363,0.0006708242599598779,0.025555994228008194,0.0011466934001567912,0.002178882338845628,0.007006951873216732
FRA,1997,1,0,0.013265452850601347,0.007609727345913451,8.084371942147844e-05,0.011652238809514772,0.0016704745075250143,0.0008637899777140908,0.00032444472423669786,0.00044276744197339104,0.00029223604991336925,0.00037041379836711655,0.01720075203545617,0.0006108985671827246,0.0015937350333553378,0.003064364854806116
FRA,1998,1,0,0.015005249078196226,0.0075619938291779975,9.386676317729798e-05,0.01787189308473958,0.0027867104065932625,0.0003697160111781557,0.0005437559033780802,0.0007549066051420157,0.0006368230137506503,0.0004405291815411351,0.01881069267897894,0.0010255527950251543,0.0020125430280235313,0.007418910997532857
FRA,1999,1,0,0.012588331778334945,0.002686635546738601,9.795673253211419e-05,0.04481394600330676,0.008640505955555032,0.0006537745424043699,0.0016552351080254275,0.0024372567449273395,0.0032946407522715243,0.0004270233235300187,0.017953464225082507,0.003109556098573234,0.0029370576504561216,0.03818308809587083
FRA,2000,0,0,0.006221090955389345,0.0016128055696345304,5.397694434530749e-05,0.018439477912840493,0.003512108065949761,4.89698813715689e-05,0.0006234210961186267,0.0009704008288166528,0.0007801495656178564,0.0004515559491605852,0.013745602703086545,0.0011814367340426094,0.0014771227904037342,0.011003737074211081
FRA,2001,0,0,0.008563461800858258,0.002068798204377999,7.745899150452046e-05,0.027013367083166435,0.005195090083441208,0.00010940058157145122,0.00089267145072972,0.0014337951966151572,0.0009479026608889427,0.0008372163601666297,0.020612002737527918,0.0017278516770809777,0.0021494508447855148,0.015904021135419683
FRA,2002,0,0,0.007212975335903086,0.0025284673145536157,5.603694012603981e-05,0.015435354919360508,0.002735366084280869,0.00020816438201451455,0.0004462907714389685,0.0007475655571572397,0.0001285318653812861,0.0010941154010115537,0.01351212569174614,0.0009394624764963747,0.0014074356665420141,0.00796886205746688
FRA,2003,0,0,0.008559152118616053,0.005040242693750567,4.5007093983899044e-05,0.007230110008122139,0.0009715963008146932,9.537140917952528e-05,0.00018354095210869722,0.000262272297755383,3.507020818944499e-05,0.000532110402842952,0.006849648928790265,0.000402753715747102,0.0008908634839659758,0.0031934826751373567
FRA,2004,0,0,0.00786163579443124,0.004918020310968262,4.246554439647151e-05,0.005532334240161941,0.0007054591690465408,0.00032468518525968624,0.0001341579549160906,0.00018642623667560946,1.6802391342622373e-05,0.0004249176416102229,0.00744506665115791,0.0002845443060798907,0.0007976044160703899,0.0016019719186289524
FRA,2005,0,0,0.007898909207152372,0.0015357623702453498,7.921865768751326e-05,0.029455371502770212,0.005841669865228683,0.00016617516457587933,0.0009930882037673403,0.001611972949414922,0.001149506529725574,0.0008244138084240564,0.023186759387101727,0.0018937820119661116,0.002279093474324767,0.017100851677547727
FRA,2006,0,0,0.011672001969824458,0.003545656235606383,9.296042334995667e-05,0.029529115904856833,0.005487862390762138,4.0424639605771434e-05,0.0010261952280556216,0.0015177759247969249,0.0018085896508658879,0.00037831069561719934,0.021797328739129047,0.0018864656195512262,0.002444580506971829,0.01759028454281249
FRA,2007,0,0,0.01725148201307892,0.006203356500867512,0.00012177543573446254,0.03592738322805998,0.006370731059931931,4.593218877426707e-06,0.0012193092826155397,0.0017643966062049921,0.001953331318437849,0.0005645855401167188,0.024547877729185603,0.0022870124587228806,0.00306566636471372,0.02229332378330773
FRA,2008,0,0,0.02401570513077852,0.007978661599249178,0.0001942905897039146,0.054524404833695264,0.009971612698494881,0.0006259394219119246,0.0017934834619381572,0.00273276741730993,0.002366349446665197,0.0012164381787860882,0.04934074918814702,0.003357235241992235,0.004916064231233211,0.027524196677147176
FRA,2009,1,0,0.016758665822047082,0.006303989954361232,0.00013960147330335836,0.031978196486386806,0.005752860772651574,0.0015713904248674635,0.0010162025118771805,0.0015537208416706596,0.0014515949117846958,0.0006286711223008032,0.040095770839765774,0.0018539849853353842,0.0033206038904140794,0.011470703308934616
FRA,2010,0,0,0.01466228690437615,0.015738357616051333,4.4387307601309794e-05,6.517230344368841e-05,0.00010934425236566607,0.0005810636857489492,1.7973194093736924e-09,3.692498050118836e-05,0.0002532606462914654,0.00034286086514854325,0.0032374908676298243,4.700211187331917e-06,0.00039137556360553015,0.0011597376117738686
FRA,2011,0,0,0.017813346393118542,0.014279988325467698,7.652835570521066e-05,0.004562478346614806,0.0003442437338105904,0.0005055479880058578,0.00014901224503974136,8.643079763827124e-05,0.0013046844123025022,0.0002615340755817262,0.010256102295986167,0.0001887352157480108,0.0011178083546981067,0.00032368611638392653
FRA,2012,0,0,0.014658334832275216,0.009533815939674256,8.192627548142827e-05,0.008905864887593701,0.0011470836079633595,0.0009247827368476925,0.00028161366161543036,0.00030012079315157075,0.0010589860299363442,3.1197278573269345e-06,0.01641353602439776,0.0004368239127237538,0.0014653300761968318,0.0014746443480061866
FRA,2013,0,0,0.015077334627676374,0.01002318489109715,7.381527100263339e-05,0.008733073514678872,0.0010642819954967452,0.00017729938547586166,0.00028883368577190053,0.0002850760765972891,0.001219832416816754,1.747544096465824e-05,0.01088480041006365,0.0004613384183880148,0.0013086932368587471,0.0027202099989073318
FRA,2014,0,0,0.016799699345336507,0.011008975224692876,8.276312754256296e-05,0.010241508046044472,0.0012618363201568903,0.00019294277583568263,0.00032355871647941144,0.0003383651490061781,0.0009993915572358734,3.2572302111808355e-06,0.012157037298896492,0.0005452864564246127,0.0014897763000826284,0.0034147935948964274
FRA,2015,0,0,0.02290279633956776,0.014253907342770083,0.00011185033167573539,0.016540698254649707,0.002153565159986855,4.0104879420113595e-05,0.0005326401038652821,0.0005864453976242881,0.0014423434577143486,2.844132039590622e-05,0.014928010645818968,0.0009358857007605044,0.0021106112737364186,0.007508961281786597
FRA,2016,0,0,0.027547790284613027,0.02105664819664591,0.00010843053227966182,0.009411008263787785,0.000798900203599992,2.611915653447665e-05,0.00027537970495735564,0.00021293735535846483,0.000991221009359064,1.070212101621551e-06,0.009831704993552277,0.00047100972686498236,0.0016886381421879326,0.003260342995017029
FRA,2017,0,0,0.02884159576859011,0.025901423443829157,8.942323763122697e-05,0.0036877010150796843,8.421676608158247e-05,9.107239354460493e-06,0.00010368273183988396,2.1015449838928373e-05,0.0009953744710649358,0.0002312551701502051,0.00406972907232752,0.00014898940454618516,0.0011027039243739854,0.0008894924987350701
FRA,2018,0,0,0.02604170548841842,0.019647992099094545,0.00010360342321640564,0.009417004941173769,0.0008474881285784495,8.934316631603311e-06,0.00030402732657159784,0.0002275548245000623,0.0015662392727053458,7.919057572625299e-05,0.009562579719940687,0.00048271804189521883,0.001631889351800102,0.003408428419144911
FRA,2019,0,0,0.03507358868069743,0.027647310383959133,0.00012568704655086202,0.010400367702628345,0.0007927623944352361,7.05543322243217e-05,0.00035619183094025487,0.00021562303234632217,0.0025641797662175705,0.0003565460874955652,0.008263395716089255,0.0005401243936512683,0.0018752326793147007,0.004573664930603546
FRA,2020,1,1,0.03137356560841495,0.0063791280391918585,0.0002900895100627619,0.11408130882014149,0.02237002060209034,3.060923764109194e-05,0.0039022164195882266,0.0062126786597791,0.005174390185866306,0.0026885530901284804,0.07475970254453064,0.0075005064298019515,0.008425696287981942,0.07502419909182258
FRA,2021,0,0,0.030436894741024987,0.04647290882780389,3.259246046520847e-05,0.008955469541194387,0.004959470519479275,3.271522925399457e-05,0.00035860615264607696,0.0014098259755243232,0.0002088419468122659,0.0034481922049772974,0.002344860193643426,0.0008899233420756183,3.1548573551150233e-06,0.012337793402082345
FRA,2022,1,0,0.02023532175813652,0.021773797031627646,5.343881635373789e-05,9.024547708172168e-05,0.0001446629199176318,4.3316705288766425e-05,8.144479611088371e-06,4.4828164136297746e-05,0.0022329581825968523,0.002490609769484587,0.0019174056839379205,1.781475029862075e-06,0.00043883510838448053,0.0006356243193896538
FRA,2023,1,0,0.031644394131590446,0.042977015743971884,4.939945864780507e-05,0.0033449769622230516,0.002704950835165718,7.2594835444181956e-06,0.00016002297658857008,0.0007791879464195828,0.00022481821479223508,0.002039626865520676,0.00012908810625802058,0.0004161787933162598,0.00011455971792359346,0.007177064287696468
FRA,2024,0,0,0.027605661757581893,0.04969118645400275,1.8447706273499874e-05,0.0211604562395469,0.009088543373734482,2.4276871496951484e-05,0.0009013962338353574,0.0025884068297624472,5.0408518921151304e-05,0.0032034119341567482,0.005511578513850108,0.0019334651104774888,7.240897104849846e-05,0.02671495477095418
GBR,1990,1,0,0.006671691692623801,0.00293962928718565,1.0411186237825276e-06,0.013278118113784515,0.001605182219284976,0.031610833698005825,0.0003883101290603869,0.0005442808253129164,0.0001565827756505898,0.0033981555632253734,0.02755532901273228,0.0014376081083170224,0.00011126979305984657,0.06585774815063024
GBR,1991,1,0,0.005792613864490658,0.008981569690611873,2.602455941870704e-06,0.0010925681285825074,0.001092632308546941,0.017949960929094743,8.404923713792915e-05,0.00025458409158384297,0.0011848575335461115,0.0004803502147124614,0.04436572190788866,1.8565073325698414e-05,0.00022162001798285783,0.006910264888916097
GBR,1992,1,0,0.0033783759788708363,0.01332482616074196,2.8854621847427943e-05,0.02492913038422252,0.008826008100384813,0.01612786306568263,0.0010612042246626338,0.002329316118113731,0.0027176064845051205,6.996991961050125e-05,0.08492558121240872,0.001443391561855758,0.0017394525295832608,0.0011880587969132377
GBR,1993,1,0,0.003108973722125856,0.02128091433214358,6.333354190655791e-05,0.06818454801935876,0.021353750496271775,0.015026011156088093,0.0027493452874424273,0.005769609300564074,0.004907580933810683,0.0009389371252293809,0.12930052914813994,0.004371864853309271,0.00391588458464074,0.01736784272466588
GBR,1994,1,0,0.0050482414319877374,0.024489856546983244,4.29002413047426e-05,0.0596283437720601,0.019334307211183,0.013165141427825357,0.0024115800946071645,0.005232212233621687,0.0039116670777511265,0.0010551070385649928,0.11124032055258873,0.0038830643953909664,0.0031547453933565422,0.015968809544197934
GBR,1995,0,0,0.005375199458001495,0.030766044120305393,6.02156967930151e-05,0.0873101920393102,0.027502549907565236,0.012885788559024672,0.0036008355496041063,0.007491853480530208,0.006614405015905051,0.0011332186548701651,0.13760574460131147,0.005832469964191241,0.004408720242541568,0.029844076540945945
GBR,1996,0,0,0.0074889920752904335,0.031794011942427584,4.4398632282518766e-05,0.06750367011967622,0.022428585348118986,0.016363535932169066,0.002793051955890307,0.006064455535641386,0.0049663208037056756,0.0009518475589652461,0.13167413477861742,0.0043971279613260065,0.003507509064487624,0.01694928225548806
GBR,1997,0,0,0.00873546128558076,0.05142443880403171,7.232419600370698e-05,0.15276550720087498,0.046631590488811075,0.008418082104039179,0.00611482035443322,0.012861544255133809,0.0076230264569386134,0.004372142114900486,0.16312631285955076,0.010773993663890083,0.006485147273246086,0.08029886890126317
GBR,1998,0,0,0.01112020899861397,0.036147136165464236,7.167830316112426e-06,0.05774559366630943,0.01913421258512761,0.002344713985673259,0.0023181971548373766,0.005308176800262024,0.0016397263117825778,0.0031319198842959424,0.05214345926696894,0.004281784753826808,0.0017983072272553184,0.036257093239728436
GBR,1999,0,0,0.006294699590380357,0.030990386152675114,1.6129114418764096e-05,0.08121088898848805,0.024609610869471815,0.0001810864661817504,0.003349563672327806,0.006904958595859307,0.003903966590778117,0.002605760958567417,0.04751679586466762,0.00618890761542823,0.002555498374983853,0.0655774608870332
GBR,2000,0,0,0.007090745358097787,0.034384957471039604,1.6753235791144165e-05,0.08905290337650713,0.026908325460509,0.0001949187852506706,0.003563287188854504,0.007548977986786923,0.003053655655978838,0.004063698477809538,0.05076467507428519,0.00678602165504999,0.002768665120572205,0.07294490158860865
GBR,2001,0,0,0.012392210100180554,0.05113840942251646,1.2827285997658892e-05,0.1128722747820597,0.03479986106120078,5.474905340909007e-05,0.004577338242609048,0.009790625916269382,0.003860141990772638,0.005289649551583501,0.05766109516532891,0.008760519906177582,0.0031537633856066464,0.09852727264485056
GBR,2002,0,0,0.010116383039655747,0.03929735270291064,7.256681506270534e-06,0.08118734827680883,0.025161393218243046,4.079331739344145e-05,0.003207636047730889,0.007078990433220361,0.0017378103004310542,0.005312528018851831,0.04011034064557492,0.006319549978479965,0.002181840912007978,0.07223934152574334
GBR,2003,0,0,0.010313524400450727,0.057789792823688346,3.301552328020983e-05,0.17097984897556476,0.05037724343043812,1.9791247947105326e-07,0.006785120273460733,0.014186170578257868,0.005459404680008226,0.008259253595173795,0.08146936805919089,0.013164059961247289,0.0052144546804548915,0.152204217082816
GBR,2004,0,0,0.00637709496682314,0.04451711221003723,3.7566953785899164e-05,0.15522920640097007,0.04472621302071608,2.307734201960716e-05,0.006132648391822438,0.012600701220233178,0.005055357536111006,0.0072629820414700594,0.0717698068947352,0.011902898700874081,0.004946829790981022,0.13918113669938137
GBR,2005,0,0,0.0031555853439768407,0.02191179124501536,1.7793211193902932e-05,0.07635717495193732,0.021870944112493736,1.2683356486575379e-05,0.0029118664097774944,0.006160450750825826,0.0014194995083951837,0.005171397967072374,0.034022480357745404,0.00585001999924777,0.0024097238990212137,0.06959456155278923
GBR,2006,0,0,0.002089267208000144,0.018025368774688147,1.816730417251469e-05,0.07193878700556049,0.020357246659692723,0.00021586248642690257,0.002909403264721436,0.005756290246936895,0.0031333290031840526,0.002532259964109527,0.028658807025650487,0.005572478071019892,0.0022672166364416397,0.06847872258644377
GBR,2007,0,0,0.0013853478371708757,0.018161850185259665,2.8390143382589145e-05,0.08873684415022462,0.024649686864514832,0.00038512783969082184,0.0036808455641711307,0.006975077534481805,0.005535774101719375,0.001865487799313444,0.03536676190209614,0.006849951499078055,0.002950689960080742,0.08390038652332377
GBR,2008,0,0,0.0007508982111012945,0.010249808164824528,1.5118292388511203e-05,0.051084657191439134,0.014129113487913103,0.00046807086387066804,0.0021600025539161923,0.004009315207365049,0.0035097944105572983,0.0008980284781927195,0.017973548162344654,0.003984924190095228,0.001640959798567166,0.05071825559510203
GBR,2009,1,0,0.0009089082874477225,0.013247371209008629,1.987748138767535e-05,0.06793808612216018,0.01864864883529494,0.0007138540513667285,0.0028181025703186992,0.00529398846846033,0.003759345578235304,0.0017188232199084855,0.022645506119007376,0.005303113964325962,0.0021676136050625024,0.06874906668096344
GBR,2010,0,0,5.0326152922377004e-05,0.023263531985463985,0.0001060853724627653,0.20664197794294675,0.053794334482775354,0.0008597564609432146,0.007915003014012462,0.0151933887835873,0.007085296234022316,0.008695525376024858,0.08167273030795325,0.015585852607311018,0.00784858205797309,0.1927169749362193
GBR,2011,0,0,0.0006643398203793901,0.02524458433529158,6.966711497133282e-05,0.17025178420385106,0.04527129652403796,0.0008324008330189537,0.006508465005102631,0.01279921034320731,0.004932828943193363,0.008402629301750383,0.06376081140423022,0.012977305352880887,0.0060313591273508825,0.16342518719083035
GBR,2012,0,0,0.00013727644087269355,0.02690007325366353,0.00011011438723421514,0.22569766853774664,0.05919263422248419,0.0012486023411437258,0.008885565932855874,0.016738783886688022,0.010324682167059207,0.007076457682586981,0.08711032842848315,0.01712842321977196,0.008405924688089619,0.2128931463040903
GBR,2013,0,0,5.948659875198085e-05,0.02737251029003616,0.00012096722997394567,0.24280588131700856,0.06360719245937148,0.0018344259597189287,0.009855813612419283,0.018010791208970103,0.015265664488505156,0.004769525603701845,0.09160445850960977,0.01849877201937977,0.009053066091375996,0.23089697530881026
GBR,2014,0,0,0.00014764701004183552,0.029164458357120084,0.00011724505526775625,0.24460649937854592,0.06445281992138809,0.0019468691670319668,0.010032391611266374,0.018257387078996618,0.016719731607218343,0.004130800676308044,0.09184919121300882,0.01868894317380004,0.009006039983992783,0.23338301287497987
GBR,2015,0,0,0.00047207164610323213,0.033896564517051184,0.00011425376030068633,0.2540947656405023,0.067795285426501,0.0019163597067841493,0.010627772275417448,0.01920624317994008,0.019856801242882176,0.0032144185946863485,0.09727785120776897,0.019475626975280328,0.00919231445170891,0.2412691833435879
GBR,2016,1,0,8.149320172061726e-05,0.013063885496234048,8.269333319341576e-05,0.1510582895386417,0.03877205450035013,0.002008054740903854,0.006259678498543432,0.011005234230874189,0.011652361253854854,0.0018925225944839653,0.05183836117193363,0.011551481004330668,0.005726207615876369,0.14819535822391866
GBR,2017,0,0,0.0066563241861362695,0.054019645592122904,4.7385837560629e-05,0.20818479266627463,0.05925912487655479,0.0011298930684585542,0.008636184411253144,0.0167901724033656,0.012011896266899403,0.005157356956398717,0.07793307942452453,0.01627678426904251,0.006346952771329533,0.2035029004903412
GBR,2018,0,0,0.009085988401975349,0.07644594326788738,6.977417857084737e-05,0.30088071074558237,0.08552454253468947,0.0018778368318730565,0.012614755741363877,0.024244385497802348,0.019321920488942393,0.006247248929629985,0.11135276950925385,0.023555669277940186,0.009189127387423307,0.2952444674729253
GBR,2019,0,0,0.011902267381533037,0.07300276565172513,3.7823108735263964e-05,0.23360351154500988,0.06786522529667222,0.0013676383573329061,0.009656183547149208,0.019241966028483378,0.011644641482317425,0.007262353769805194,0.08360067510012861,0.018436440569399085,0.006610808507052964,0.23395224737479012
GBR,2020,1,1,0.024552692596170145,0.02862526497094507,6.0244312968607994e-05,7.699676025177685e-05,0.000666520898154501,0.0009551314979143779,9.592583398822767e-05,0.00020818298776242763,0.002369722035696726,0.0014734297167714743,0.0017855211383757208,6.812313942442499e-05,0.00042287885473557644,0.0025600726445491233
GBR,2021,0,0,0.017870521174224753,0.11776537835832332,8.272711412565745e-05,0.3953092865698794,0.11449742144743533,0.0005528111924402161,0.01595533945304334,0.0323408392849402,0.017224009455625983,0.014238702469909872,0.16739407356180594,0.030672658756442584,0.012044381863529486,0.369136953653699
GBR,2022,1,0,0.0013325633418867348,0.058386847244844435,0.00016834750400013566,0.40488712528056364,0.10763658238895195,0.002363612856858448,0.015730681914236835,0.030452365429583156,0.015138244700718364,0.016079421026235052,0.15036444836188645,0.03092512005266996,0.01436979793033656,0.3897203475948944
GBR,2023,1,0,0.0011592877581844219,0.01530628130181166,0.0001666490093918035,0.25174278069764894,0.06291375963576522,0.0025457163575904294,0.010003505365850093,0.017818620541523982,0.01465245613434941,0.005381494159941472,0.0912309774943459,0.01896482894822896,0.01021626847665457,0.24017070125463277
GBR,2024,0,0,0.000745668659689018,0.02639361745263607,4.989806745033109e-05,0.17744719765731579,0.04692773352434103,0.006507467988721564,0.007345335762881126,0.013428045435677353,0.010821582239491747,0.003912057840061138,0.037722970259855264,0.014169828784120545,0.005356981064964874,0.20551520428363282
GRC,1990,1,0,0.008715162889682056,0.0024057660104267464,0.00024920672477420417,0.2129064386849179,0.051094857531933886,0.0007141495391352105,0.009326631545129905,0.014400284284496868,0.03525633185248192,0.00013759002592860338,0.11027275362882667,0.015452833219296046,0.010873401486090261,0.16963579089820877
GRC,1991,1,0,0.008840666916452895,0.0026864285051163795,0.000238397225215291,0.2241155606814018,0.05378631316708553,0.0027646330138498304,0.010229249738542742,0.01524423236775914,0.04488221120019389,0.0009399117511584538,0.09622900775820518,0.016623163767918673,0.010793119085670535,0.19551421408474462
GRC,1992,0,0,0.01889969162431361,0.00013558913827703441,0.0003470033130080157,0.17115139776345548,0.03943023180334625,0.0012995841041862437,0.007492996055960956,0.01093257652826649,0.03560675281921523,0.0012002290280000672,0.15460449170318102,0.011467207525171033,0.011667824891974725,0.09282774193038011
GRC,1993,0,0,0.025105510644663275,0.0003510137247402967,0.0003808799383961081,0.21515875118245667,0.04852152371497026,0.00011739584525073496,0.009563364060381063,0.013604401496973725,0.0463308068437125,0.0017129058358146519,0.1371896544550501,0.0150194621300094,0.013271144884745349,0.14908881089816553
GRC,1994,0,0,0.026712203988677706,0.008305638443547179,0.00026544896114438885,0.06270359309138168,0.012646294665770568,0.0030986374563118763,0.0029166024213769454,0.0034379250980392873,0.024755184413223167,0.004666768974065305,0.09339838255303488,0.003740232179051431,0.006431497021353875,0.018402678616953425
GRC,1995,0,0,0.01986365415438392,0.007443411809114694,0.0002267669738983282,0.035328446046522397,0.007223228940580595,0.010442777808729486,0.001689540567583472,0.001893905256034411,0.018886634273196288,0.0053064180106978465,0.1031550275334034,0.0018018544527147792,0.004956448058897886,0.0017793193182221061
GRC,1996,0,0,0.022139963556377935,0.004421738977185697,0.00030466528038779325,0.07633212794141726,0.01656987150001379,0.009169097463903693,0.003365581295131152,0.004455975020171917,0.022991476741051852,0.0028020350433449748,0.14148293135699544,0.004420981184226813,0.007853347685988008,0.016166114203538577
GRC,1997,0,0,0.020443917823881098,0.007712173201977465,0.000308221975201347,0.034193471329978437,0.0072856278590156896,0.03491579110783784,0.0013956094179630176,0.0018139263019963238,0.012109840174349623,0.0023921954624828217,0.18579103853700335,0.0013831917780806606,0.006453145907540756,0.0010298873930305505
GRC,1998,0,0,0.014377348590194008,0.0004353895480882587,0.00022184484586218264,0.10786974286058222,0.024410072998964808,0.0001694097180573193,0.00493349424671671,0.0067994719309779775,0.027547469733852883,0.0019302743979699233,0.08743235613093404,0.0073239804047648864,0.00728577799657943,0.06331226466360479
GRC,1999,0,0,0.014736323323659317,0.002865235000482244,0.00013467053151065302,0.0546873270285837,0.011266514890692428,0.0002342322588070414,0.002592522836311765,0.003166499273498907,0.017962470347562633,0.0023118163726945787,0.03393211944132625,0.0037560785657776512,0.0038850730783641153,0.03736747635982983
GRC,2000,0,0,0.018804078104673775,0.001285891735547703,0.0003179898421073966,0.11196125625821311,0.025322528320912446,0.006250423172333311,0.004821398057867192,0.00690438885659008,0.023884945724814255,0.0010635818295256598,0.15324345964218994,0.0069580931967666345,0.009390349164007944,0.039128601893736854
GRC,2001,0,0,0.01219106622256665,0.0015186077097782548,0.00017802319229807533,0.05668762443050802,0.012619013315174314,0.002898832561991495,0.0026249003406407703,0.003443152580677083,0.01793607629216183,0.002273379038292966,0.0799828022317854,0.0035082403089788713,0.004985084045351545,0.018820171684976027
GRC,2002,0,0,0.01613647648801603,0.009652167524531198,8.910345792864916e-05,0.012522039160632464,0.0018749547690006254,9.905758610080896e-05,0.0006300470597111583,0.0005118270145950867,0.008175070941887507,0.002783151210027285,0.01610662622020561,0.0007148850572907894,0.0016718907738559564,0.003951141121061473
GRC,2003,0,0,0.03143626518582979,0.01209552642264466,0.00017377699311745443,0.06078026868917648,0.010615803049163718,0.003069164943360281,0.0026314816682606814,0.0030266355715198034,0.013948859465392463,0.0008283358308577154,0.019220722912778085,0.004251480179352717,0.004410048504825809,0.05541007965354832
GRC,2004,0,0,0.02841377612021772,0.011844877407347493,0.00013114409922061697,0.049726608384411355,0.008262470322196206,0.005863023353499201,0.002121002858331443,0.002387840772215068,0.0102080282217296,0.00039819512682958796,0.007691197600643974,0.0036089798843681304,0.0033205066517942067,0.05582111925339964
GRC,2005,0,0,0.016630481189926438,0.009834277433498146,0.00012156419620059,0.01269925369860076,0.0019693827315012367,0.003910483135460036,0.0004885022345683675,0.0005055701449162482,0.003900143171074658,0.0006614435391439326,0.037691532958105296,0.0005825768416101389,0.002256219515854128,0.00043788485754161507
GRC,2006,0,0,0.01759253189727532,0.009852208062599847,0.00012195407386834217,0.01601879618076833,0.002411569773833708,0.002861996692902699,0.0004664033149420138,0.0006281270887457833,0.0005725457438185514,0.00032460241922218876,0.03285485149675705,0.0007894727378901167,0.0024001359860921136,0.002267589270830674
GRC,2007,1,0,0.014797869199823978,0.00797591010683811,9.05511435773159e-05,0.015241314114588397,0.002258690749173012,0.0006289842917120041,0.00042408465432921334,0.000605356234912497,0.0001754356162309825,0.0008259206693401217,0.01830481481665434,0.0008375600479508087,0.0018698182632340805,0.005384630590192229
GRC,2008,1,0,0.010542047154120493,0.007678836223487632,4.6745843898167825e-05,0.0043888708775362655,0.00043314033350778995,0.00013563642126015774,0.00012017228456722956,0.0001139667799024081,0.0002527437570331372,2.674024000688582e-05,0.005853156005843639,0.00021517473190655383,0.00076720312347995,0.0011674027993064185
GRC,2009,1,0,0.0032836931540346243,0.009775479907828566,1.5992701938260276e-07,0.013975903201750078,0.0046490233350847945,1.2212137585066527e-06,0.0006177598963833366,0.0013121813122214175,0.000732484232989249,0.00044043243718787936,0.006682583972012984,0.0011228999543839995,0.0003039493780089353,0.012895857554362516
GRC,2010,1,1,0.005156380736935324,0.004754623014778991,2.0493745889540557e-05,0.0004713710116514952,4.914207747340339e-06,0.000455224425495282,3.5903000018187747e-06,5.667639485321572e-07,1.5622326590565919e-07,3.0086477410628472e-05,0.002748208670970249,8.375623172778739e-06,0.00025227281799526527,8.1655144605374e-05
GRC,2011,1,1,0.0029087188974551517,0.0003488772809463354,0.0001189469813507697,0.011652372143110653,0.003018305284320047,0.03306865274475704,0.00031595288425015426,0.0007102426438513795,0.0005374155612873038,0.00015148864196331107,0.11539594079737156,0.0003480720092931459,0.0026870080132163185,0.005289478980560033
GRC,2012,1,1,0.012840986523356192,0.0015678237351135916,8.44851873996027e-05,0.06560940571637124,0.01340346445039455,0.010239623393455022,0.0032631815825563877,0.003907378655679404,0.022313745196509163,0.0027178754422946413,0.006688556158777214,0.005172376164420959,0.003047149660417657,0.08380824828525608
GRC,2013,1,1,0.022901010905151353,0.010126901470708757,0.0001431793151909276,0.03458810841297671,0.006023681917507036,5.393174447425316e-05,0.0016027237612503404,0.001679740195117081,0.012924855007900554,0.002294048540150138,0.026000135230927396,0.002216421695290312,0.0032504074435881387,0.019694064647036102
GRC,2014,1,1,0.021504756532177073,0.018417905427485805,6.550760590855546e-05,0.003868809784204185,0.0002023306471412026,0.0005184320167888511,0.00025111311850555066,5.7876367891538115e-05,0.0071539682778578835,0.004409373803267652,0.0023300589423552926,0.00020787543831835207,0.0008417419891043583,0.0019030431365851177
GRC,2015,1,1,0.02210676417172227,0.023514106396602934,4.2792651306335896e-05,0.0002338385580729387,0.00012248618087749695,0.0011884112265501936,2.817783145305725e-05,3.2023613709456655e-05,0.0034829085022821823,0.003454660797571221,3.7464650093838596e-05,4.7499298699269216e-06,0.00032013421383862527,0.0001959575767388774
GRC,2016,1,1,0.011902600258522683,0.01678330215578824,1.587629131202061e-05,0.00188097347031918,0.0012299592785837287,6.811255529762808e-05,3.925556061640291e-05,0.00034753987384614964,0.001659561439820595,0.0038666670544494582,0.0003233629650120343,0.0001966866791984273,1.7812323583169494e-05,0.003091608727612912
GRC,2017,0,0,0.005999016099720827,0.023513856634136382,6.573555220922768e-06,0.048987847933638785,0.015010134787764765,0.0006640687150141072,0.001618719203644832,0.004183566565978091,2.336073519795464e-05,0.008768803747129728,0.03067232282454719,0.003664875563497081,0.0014748336565705321,0.038471536128843624
GRC,2018,0,0,0.006296201539173761,0.038935426538362496,2.149657053123516e-05,0.12601583705964006,0.03596374505444296,0.00021559616935734746,0.004493448585897691,0.010154710930150471,0.0005818735063281756,0.013850888108941672,0.04648952009184233,0.009773877714878343,0.0036610635284575225,0.1245466715135364
GRC,2019,0,0,0.007730639951948169,0.05433032521424527,5.173105357671013e-05,0.19036374567787356,0.05437941467563362,0.0002274324838805922,0.006757968527939476,0.015244722196613615,0.001100578207219934,0.019549269393283025,0.09826588948273812,0.014303697205114282,0.006368201892098908,0.1617949917645514
GRC,2020,1,1,0.005885329189025583,0.009942864841471818,1.7994398009428574e-05,0.004013066245366862,0.0013949559387769546,0.0035789679499022994,6.822820391453063e-05,0.00042596006276905126,0.004365089336552343,0.009046811596454157,0.004482880561429934,0.00048006604271731706,2.7542164685461352e-05,0.018056817684748525
GRC,2021,0,1,0.08576062406174412,0.23751927099085499,8.053003696410531e-09,0.30416819106195847,0.10106887600421194,6.666729662281782e-06,0.011404308686806064,0.028526188367944332,0.0011971264862109243,0.03709045895723673,0.1231110169092506,0.024578107855214634,0.005835565542256361,0.3032614273927669
GRC,2022,0,0,0.07199136451117859,0.22492925142143513,3.1060619680610972e-06,0.35178505532014226,0.11253410640930113,0.0002377792013289642,0.013259819243121381,0.031820456476640564,0.0023536398910357424,0.03770632809997901,0.12957618778974175,0.02833570595817828,0.007351948097083321,0.3598550206562569
GRC,2023,0,0,0.01726465070317944,0.10222633309232029,5.373900906349978e-05,0.3186624464070822,0.0922614099242571,0.0005807278456386651,0.012164736807370135,0.026068266517162576,0.006231652172922062,0.021511664721633232,0.12374922539973686,0.024820198430290027,0.00924229247994811,0.309223089182099
GRC,2024,0,0,0.012358764365513406,0.06265952689495037,2.278653841252761e-05,0.1716487423919469,0.050484078262704096,0.0001821833024338013,0.006460830801027724,0.014255369137401755,0.002360512502395873,0.013818033413903946,0.06759087833507,0.013402132696964058,0.004779271436018156,0.16648788228888567
HUN,1990,1,0,0.12578556356203452,0.10399804262403448,0.00023943165151479328,0.033239266042856985,0.001611425216395543,0.03490732886495057,0.0010558818680231992,0.00052927440881551,0.003761717185658986,8.295764255612058e-07,0.0070375590370428745,0.0024588327993472366,0.003317570937762063,0.0761901787922143
HUN,1991,1,1,0.011496266781681128,0.002345671823904071,0.0001687162202282684,0.2679075592256941,0.06009246069296992,0.029911860124757005,0.01068004522166422,0.01740403749319418,0.019079280462004727,0.003985222828538871,0.023526310768143602,0.02140889780464223,0.009601445453697847,0.3610863047645147
HUN,1992,1,0,0.013746948129013654,0.024256677215561098,1.019014103545869e-07,0.008366820781587406,0.004175077695430195,0.009306993166863451,0.0002756424021507751,0.0011011607150364765,0.00026962400032839507,0.00294213291583947,0.032240044970819656,0.0005234418038610659,0.00025839747063525977,0.0003661944616149781
HUN,1993,1,0,0.0010584988339250848,0.001085248441729986,1.5343900911169466e-05,4.5101319980556164e-08,2.432704808090138e-06,0.0060966794891798215,3.7409643670913198e-06,3.6162219360355167e-06,5.167264386787756e-06,9.035865098261757e-07,0.012634829126102639,2.368981978259079e-05,0.00019056583356816904,0.005503691151357051
HUN,1994,0,0,0.008468573148693957,0.008836828677727473,4.8010239281080345e-05,4.655388152454777e-05,4.013807077094467e-05,0.006985849780909525,1.0540974613823318e-05,2.150506911808886e-05,0.0003967966145977131,0.0002745451536653425,0.016116725407226404,2.3817724698791647e-05,0.0005259132732279732,0.0061315576905833944
HUN,1995,0,0,0.02165413256307252,0.007993293701468514,0.00012089667143970504,0.045114835240414174,0.00754202652750276,0.0013172561189913694,0.0013705273368235244,0.0021313154283039855,0.0003539048227280773,0.003391345648554961,0.01284448157326608,0.0030720541927682994,0.0032085226688348765,0.042757766798800736
HUN,1996,0,0,0.03136787701448227,0.006720118695725713,0.00023724175840564808,0.11259642140391374,0.021068530445961013,0.0013800362106366202,0.0034897728291044027,0.00592763958511835,0.0006823409471676602,0.00950007587276461,0.04009716912649949,0.007742117837928956,0.007259305219005557,0.10065541542308151
HUN,1997,0,0,0.026914532817157576,0.009940374078611805,0.0001458968198661561,0.056480911095048186,0.009267550307614994,0.0018177624521747225,0.0015645063845371005,0.002619618914686354,1.0918349656829689e-05,0.007998638048188346,0.013831516984925548,0.0038490473208871684,0.003926214046758724,0.05624817083616846
HUN,1998,0,0,0.02467981619455589,0.008206634622444699,0.00016386862847341907,0.05796250354034373,0.010016190544885485,0.00015002994695872515,0.0016382901171257062,0.002790708539925212,2.739477949846422e-06,0.007239893242330695,0.026517751098487537,0.0037879437072519413,0.004404306026809667,0.045435076620175055
HUN,1999,0,0,0.02173357204914254,0.024173714791613597,3.8565192317925305e-05,4.011978676479051e-05,0.00033327958883688937,0.0004063181818397876,1.6107556897602096e-05,9.470283775022609e-05,0.0010097106552536172,0.0007919627657768493,0.0002476368444135816,1.6401798526732374e-06,0.00026523451413058797,5.83583414675924e-05
HUN,2000,0,0,0.021999731789544338,0.0351413026132912,1.7890118171591446e-05,0.008475551158784074,0.004527143888793032,8.45385886735949e-05,0.00044167614609433005,0.0012834380531060623,0.0006493463974737134,0.00028399167844894485,0.00419993148516134,0.0008079976815806077,3.950909223792899e-06,0.009096522313142574
HUN,2001,0,0,0.023818770184325756,0.04532995122340183,5.45283034570604e-06,0.0224537237540605,0.00972844565343895,0.0009534646816095547,0.0010733845110445694,0.0027216645382063033,0.0017980340177609093,0.00048356729712337946,0.018997754048285805,0.0018636784336168149,0.0002542295914396026,0.016445494168811133
HUN,2002,0,0,0.026195129394471797,0.06054728684961943,5.765992770634113e-08,0.05163725171083456,0.019559625284120655,0.0020786668546098957,0.0023216915097803276,0.005451757942348553,0.0037188696141828566,0.0011152728761109614,0.046021903419305156,0.004046590504134365,0.0010771942293622504,0.034458236849259936
HUN,2003,0,0,0.015308736052185756,0.058612717128143,1.755915507236673e-05,0.11704430023069641,0.03720301779495757,0.0015091003730707913,0.004777328535554294,0.010389718168165446,0.005378400720919881,0.004113514371891836,0.08400307618816218,0.008843895743764292,0.003605117278741055,0.08504685670327339
HUN,2004,0,0,0.015865041231730975,0.04411184155306101,8.032098797967127e-06,0.05334148991069831,0.019195870604174967,0.007764639067276364,0.0022573454722695065,0.005259453513335327,0.0036195012822301505,0.0010986774022601693,0.0786627527452451,0.0037848073292265525,0.0018790536540544364,0.021348513703868862
HUN,2005,0,0,0.0027265961046310503,0.0025967352263909695,7.762176264077557e-06,0.00021111356580560603,1.7070830683884126e-09,5.216674574546932e-06,5.896185977312765e-07,1.5448937379628402e-08,0.00015156852348323716,0.0002366222952940462,0.0002453331175311033,5.699005085865228e-06,8.891547857895248e-05,3.5407491753799094e-05
HUN,2006,0,0,0.0053720290913851325,0.012147232651879416,6.678692366555675e-07,0.009397447745476873,0.0037489895770412267,0.003306226318570723,0.00035974164671481333,0.0010134296169279433,0.0002147993453827694,0.0006314834075772405,0.020002846176572518,0.0006392719576427073,0.00032829941767374796,0.0022767495726212666
HUN,2007,0,1,1.304815215948124e-05,0.009472038351011155,4.395139448468888e-05,0.10176323680418639,0.02594213125815648,0.003192972949606199,0.004161499750899467,0.007407611517266561,0.006450611476890664,0.00199449326469378,0.024532361708083383,0.007970766592801215,0.0034821941102384517,0.11252652043399243
HUN,2008,0,1,0.0003260542974594391,0.008310999134715643,8.475924791579737e-05,0.11886752473656668,0.030290181433813436,0.00030283291071579174,0.0048210208861580875,0.008540265345372262,0.008455154768373057,0.0017133137375725293,0.05450255184475279,0.008823321311317354,0.00505949437602037,0.10285261661990419
HUN,2009,1,1,0.022821476321801263,0.03101082002380741,3.322506816164864e-05,0.002334054856148324,0.0019989732131758526,1.065063586096594e-06,0.0001528099128436536,0.0005745640838372614,8.751630264280057e-05,0.0002540545831124626,0.00037958772384296297,0.00028984240110892126,7.185734128031382e-05,0.004183466141743779
HUN,2010,0,1,0.031549071028248624,0.12246629339659729,2.1022867401445527e-05,0.25242301445622073,0.07875922707720764,5.814618771762866e-10,0.010424908283471744,0.022211429719142143,0.01203889829218827,0.008744991389401324,0.12013770617773735,0.01984852948332349,0.0066387872073604345,0.22870891682099273
HUN,2011,0,0,0.018765188462885222,0.051944632275516774,1.547119330765526e-07,0.06580917501861361,0.022215431461752158,0.00010415707764427477,0.0026044000374862595,0.00625459742773732,0.0012858492229585454,0.004878674015822712,0.032704801919222995,0.005265481991357737,0.001361260509945149,0.06005701400949014
HUN,2012,0,0,0.032083841386556414,0.058194487736984865,1.6582486612681673e-05,0.02510856610893785,0.010890076510959279,0.00011366782882672854,0.0010535460105156444,0.003078241840656763,0.00014412003784397692,0.0032814957715021757,0.010944639127716385,0.0022141704944212033,0.00013444960114849478,0.02650999624613263
HUN,2013,0,0,0.057813985803418094,0.11755935939951079,1.4107194245916742e-05,0.07374732680046206,0.029085002478277895,0.00041795280386261674,0.0030567463874973167,0.008197193881996127,0.0010113952018074943,0.007051590186806616,0.03713213037180617,0.006212924282770555,0.0008112786673497657,0.07056872791583106
HUN,2014,0,0,0.04316383079534513,0.07617601616691076,1.961639363096312e-05,0.028941411157785125,0.013312778849096648,0.0008939128519790223,0.0013065827843173662,0.0037386209054322502,0.0008510177533653871,0.002079737088775689,0.019788289300453697,0.002505726034971454,0.000173018232170233,0.024956743624751254
HUN,2015,0,0,0.05595141922535651,0.13819777318272208,1.6545708626907353e-07,0.13861684150184195,0.050049661937772674,0.0009840040119861084,0.006212663373672972,0.014066941643020494,0.009964944532055256,0.0029887533526974665,0.08636548365885945,0.011163397672274072,0.0026821816575869142,0.11469138357124709
HUN,2016,0,1,0.0262599672216114,0.008859687803676552,0.0001486111793173372,0.060738218751874136,0.010822820390319975,0.003692155945754637,0.0024876905403874872,0.003094121153105157,0.009478711225983762,5.2807846473085416e-05,0.01536906542558447,0.004326149168354829,0.004033298297753828,0.06034409059118278
HUN,2017,0,0,0.06897989154831403,0.21779003353479587,1.0417054627696427e-05,0.34003784201839565,0.11170905455836884,0.00022399004822635022,0.014546157560632614,0.031475019706158285,0.019559704983001542,0.009606016127736287,0.17655423286303,0.02699484962251247,0.008053176896390377,0.300194075561719
HUN,2018,0,1,0.09075293873455884,0.23127643104823778,2.070485898541652e-07,0.2488599321144605,0.08798807721870795,0.0005303801330235476,0.010981060918856278,0.02479521258675814,0.015537614030731856,0.006740127254999737,0.13433293727852536,0.02018659748555047,0.00472807607618176,0.22081327895600492
HUN,2019,0,1,0.030592241315584162,0.00020823822868174644,0.00041835515974015847,0.2882746527472623,0.06323276295157212,0.0029238359598357587,0.011551176415598054,0.01785633571096656,0.027707173210633967,0.0012637139596036468,0.12122252949581017,0.020695953820018854,0.01580474575567629,0.24848105347901123
HUN,2020,1,1,0.0325184138907441,0.005329960769427617,0.0008027898825778683,0.6840343380101126,0.15958476719662568,0.0022267927498218903,0.02692206758969043,0.04492265873054089,0.05257285872893288,0.007285976145087689,0.32478671936771397,0.04929544005226149,0.03492077097689921,0.5669761161047614
HUN,2021,0,0,0.07433670674268798,0.05548480433232151,0.00026609282762978263,0.02912423538814371,0.0025763023359712703,0.0006579032985589944,0.0009076646603723084,0.0007128314690435261,0.0024156896076149136,2.9530439525921244e-05,0.014922152946400084,0.00163340033873554,0.004281736879900783,0.018251346708310152
HUN,2022,0,1,0.07534456251672578,0.07368297354318953,0.00020612113922639197,0.003953806493599699,1.0352740851428844e-05,3.47178761681278e-05,0.00010695696430225175,4.578200345302755e-06,0.001934209221547475,0.0010226064524564323,0.005812472884134417,0.00010449056383424268,0.0021448116807950943,0.00029476338512348803
HUN,2023,0,1,0.0915749769108775,0.17543123508275346,4.064610254725763e-05,0.09152498294981774,0.038239852140573474,2.892724707731797e-05,0.004534644638145039,0.010876401151241794,0.008025404117131594,0.0017165162301115411,0.03435750354192651,0.008164437294666342,0.0006137311155764927,0.10071556302755
HUN,2024,0,1,0.1051999359394158,0.24234232764459926,1.1327250248858413e-05,0.21146497814196855,0.07749484758263299,4.69289699721469e-06,0.009453185957031096,0.02195075329650517,0.01112270120319879,0.007651002154183717,0.08845252021371997,0.017781220562902898,0.0029758928750290136,0.2137184810059712
IDN,1990,0,0,0.010413880328312407,0.030021043344904984,0.00010967056320354489,0.05315908048350241,0.012863793813984283,0.12357645742814377,0.0016334157920299861,0.004188092330780675,0.006366959498428255,0.03324935571391208,0.13694576620261095,0.0067970597122496874,0.00013868346178034892,0.31023110321763736
IDN,1991,0,0,0.014316601306485969,0.028698068423655236,0.00012934480498857372,0.024403835629240204,0.006359166723854575,0.08525715711678306,0.0006235933654576571,0.002128397555556654,0.010250515259753352,0.030361459974243717,0.11840030503975026,0.0035673399354639837,0.00047299652036516474,0.19386644730507915
IDN,1992,0,0,0.013978233337042328,0.02228052482760778,0.00012076542571352009,0.008771433223938523,0.0025171693044796902,0.05381705157093773,0.00016252510426711505,0.0008819304280256929,0.010985814039207833,0.02311158873484585,0.09168365355908915,0.0015791684323281379,0.0007109258117627841,0.1079811623888169
IDN,1993,0,0,0.007294712368498633,0.01997933841036586,1.7777471954607073e-06,0.024519085451153014,0.008132238087481793,0.0034133281739061197,0.0005717407361511493,0.0022188938085884436,0.0034470944009111775,0.01485996607835021,0.026411752472509955,0.0017134486511980785,0.0007630758163384392,0.013514575872787989
IDN,1994,0,0,0.00960129539314087,0.03455393507038703,8.175582584172961e-06,0.06452316071945693,0.02021228908471909,0.0016672553294192957,0.002134715538731294,0.0056145462321663,5.3847642025564705e-05,0.011936620379817664,0.04636358635812665,0.004780643983912497,0.0019676906768150678,0.04694061495564336
IDN,1995,0,0,0.016002023881468888,0.04225388357937914,3.023561958192783e-07,0.04986802052561104,0.0167189396828328,2.280085766671058e-05,0.0018546934239888687,0.004730347937924739,5.101032291216889e-05,0.00725122903526677,0.017230279159072097,0.004090310178545345,0.000847595470691778,0.053088430395147254
IDN,1996,0,0,0.019551409445406134,0.05808168930580985,2.1854137784131705e-06,0.08695430597251522,0.027030647934475065,0.004859617445427757,0.003163532811329156,0.007783324051986486,6.421771520484241e-08,0.0148891630367681,0.007234294924756364,0.0075517640614992864,0.001128611431006422,0.12841495098841682
IDN,1997,0,0,0.017767331713285706,0.05852707901118287,1.5331832459749469e-06,0.09908382889192999,0.031193968871040506,0.00013652179754153337,0.0037028196284197654,0.008825779780272828,0.0005552078847830485,0.010997979876086281,0.03481594425902707,0.007968244028347787,0.0021291826450613887,0.10273025102418745
IDN,1998,1,1,0.010945056099612658,0.0015503467042334333,2.9566022979235886e-06,0.0655025667801193,0.009454327037668875,0.160067340980533,0.0017041909078028446,0.0031766850994268993,0.005450808985723069,0.032080570813196214,0.1572289615404629,0.007451726634473251,0.00015918006819757796,0.3518569420122406
IDN,1999,0,1,0.046280427769766076,0.0009147418764024127,0.0018470589119746192,0.33173030286654714,0.08503610709166898,0.32493777041270877,0.012539933136573547,0.02155058802493537,0.05201011417727002,0.000785789763107185,1.6138120836129228,0.014902876982096958,0.047802343284775034,0.001405372054609117
IDN,2000,0,0,0.010131205869421171,0.0006548806193604452,0.0002616904591583946,0.16729054325553216,0.04019051598130095,0.00022564774380939574,0.0076576964961217065,0.011218633730887932,0.03745737032464243,0.001568036997569002,0.12797630113485184,0.011635782849342031,0.009994404862976461,0.10469533742360192
IDN,2001,0,1,0.03351853066932964,0.0019850292319196325,0.0004200780756519216,0.2176567899261228,0.04689950596451733,8.944453344813554e-05,0.008870212855141566,0.013123576648932917,0.027246746950098755,6.565483699630769e-05,0.13246828104966693,0.014973990643106094,0.01395626256053595,0.1535531139656729
IDN,2002,0,1,0.054490869440210116,0.003189456876715376,0.0008991190641855055,0.34542234865571153,0.0762151120308771,0.01576165683431538,0.012874096408916355,0.020799136993699806,0.027648975858017368,0.0023460598438865476,0.41065177404133746,0.021603101210283724,0.027530051928465006,0.14238084174754004
IDN,2003,0,0,0.030693471937194454,0.004989091853515058,0.0008466951999637954,0.10920748012990171,0.026999249972294907,0.14789170519230824,0.0044171411218852565,0.006697124239231391,0.030963415664142027,0.004211683746690667,0.6839925196753068,0.004349255150603764,0.019545428563906453,0.007669759490285356
IDN,2004,0,0,0.041205552231238285,0.00503369270802148,0.0006980318685559836,0.19116582647051028,0.04250360436252783,0.030381851922487133,0.007495019111495749,0.011372548534310403,0.027966674290539204,0.00011485572962081363,0.36575343854580805,0.010951817680793915,0.01903955436717096,0.03891724399384785
IDN,2005,1,0,0.03267700576270797,0.010294625218121854,0.00028548083545689866,0.07758782527802457,0.014924049702691613,0.0011142897868060674,0.003169355471796453,0.00409509539533869,0.01473448805138924,0.0004848939636635248,0.08177074604592297,0.004801453611124116,0.007158193294442521,0.03426619307785302
IDN,2006,1,0,0.021855779715035974,0.008076188047156334,0.0002623648139639324,0.03969549806271795,0.007970446355281501,0.015951550172525218,0.0015975307354704163,0.0020638025592003913,0.009993376734875744,0.0010435768131600604,0.12510378541478737,0.0019319143955739005,0.005773593353930689,0.0013122630276148327
IDN,2007,1,0,0.02779412817751302,0.00840665539582646,0.0003177326303668873,0.06669062149594261,0.013324484690659359,0.011122817058238999,0.0024702491642422564,0.003540178911266759,0.008531564445514866,4.264254176089509e-06,0.13272542089435202,0.003651220087947718,0.007648302920310711,0.011776278171381702
IDN,2008,0,0,0.01949641351965995,0.016511335107091973,6.046946789215348e-05,0.0039035284104686333,0.00018816271654836924,0.0001841610510840631,0.0001332930132700779,5.1646600852753457e-05,0.0010913649258117968,0.00021466071862120636,0.0022285638409160957,0.00019642137130730457,0.0008149475638174719,0.00202477544635167
IDN,2009,0,0,0.005069733956313871,0.016432822193755935,2.5194171181432103e-05,0.0320446474908511,0.008365032099380512,0.036588356213371837,0.0011004283096940264,0.002602090454564941,0.000602165442717202,0.010424306095597876,0.026317288904490012,0.003578328228452164,7.781280134475388e-06,0.12421571994384942
IDN,2010,0,0,2.1860440014345697e-05,0.013894777924429991,6.924230667844147e-05,0.15091032378442187,0.03760966151173014,0.002210162643505396,0.005069409235053046,0.010667641074407593,0.00031338896084698217,0.018024227848866484,0.04021246354596198,0.011514105775525744,0.005382974983378024,0.16155478190472664
IDN,2011,0,0,3.222249454709501e-05,0.013397310511428236,8.988512273320989e-05,0.14637156927790157,0.03683643882552117,1.611599258637773e-05,0.004687705923692186,0.010333348002032863,1.2864355541052241e-05,0.021016686314054244,0.06417941414988468,0.010704203246407161,0.006010331509528144,0.1297439311810759
IDN,2012,0,0,1.7844093870574512e-05,0.019104963510285275,9.158137141096947e-05,0.1770659880428625,0.04506366022233239,0.00031806337617158715,0.00583461728856219,0.012686657906761654,0.00014820028498731833,0.023096589191155627,0.06800623476264261,0.013174135020244762,0.006792524903109002,0.1667347064344786
IDN,2013,0,0,3.098131748985192e-05,0.012118614827932897,7.554734976539141e-05,0.10554450581678657,0.02738411722750051,0.0011684538484957045,0.003273570304574659,0.007599250501726951,2.118553671789683e-05,0.016987663240467354,0.07006610986371145,0.007430655812028555,0.004788779375951388,0.07566613125857205
IDN,2014,0,0,1.6815573069121526e-05,0.009249934397043007,5.355979579421802e-05,0.10069325576106111,0.025014671797456374,0.00029594035896024354,0.0030831613543002494,0.007044938463262105,0.000160873319882026,0.01859545897902602,0.034789380918152105,0.007476744410717086,0.0038708472044882074,0.09843855021634454
IDN,2015,0,1,0.00011851537306106396,0.005425010248147815,2.716032628063332e-05,0.07436042955575672,0.017556246604016074,0.003180624517614203,0.0021131973008802866,0.0050156728337802815,0.001176081755588071,0.01998448168359852,0.009343050079371834,0.005794745940770914,0.0023733034074451013,0.095759671197902
IDN,2016,0,1,0.0006497380750612563,0.0019884719845052494,2.0483042163256624e-05,0.053524765958050974,0.011826817951420255,0.004182128318258321,0.0013557227371159715,0.003399906172135002,0.0027718608335410206,0.02052132139121991,0.002928367014186504,0.004213776932593226,0.0016656981826751213,0.07783477210236338
IDN,2017,0,1,0.0017988519347760432,0.0007577576116620355,4.3289829261847e-05,0.0535176829978776,0.011696159514240119,0.0005974586475373254,0.001319033691268004,0.0032993021320337195,0.0024174484366535783,0.019059614322955214,0.012842159312332742,0.0038994232889279896,0.0023077585409781065,0.05763696021340476
IDN,2018,0,1,0.0026341072512796127,0.0013736390593641794,0.0001087014411112078,0.0815765071372257,0.019010252298879544,0.0014223303745824676,0.0023018413004105088,0.005240119753836077,0.0002632458456721637,0.01543584499773211,0.0607990895336534,0.005456392165490034,0.004692776589455846,0.05235815040571716
IDN,2019,0,1,0.0030124287949016906,0.00010965073188447472,7.159674409588709e-05,0.046435635885554535,0.010152744997887205,0.0008314399481877013,0.001100096260540643,0.002790082151690289,0.0018271997600329268,0.015289917931718777,0.032561691909537435,0.0030434580641344497,0.0028326675177941458,0.030582198866340365
IDN,2020,1,1,0.005878546108832739,0.0014395381462125505,0.00010082378723951299,0.14584240059377304,0.031723156079302824,0.007632750552530849,0.00426184921660956,0.009072011194721966,0.0004527597103122263,0.028565809989761885,0.0188732176044882,0.011133075055596277,0.005642933068106568,0.1828951523815093
IDN,2021,0,1,0.013635671911043468,0.004429781394753303,0.00014828229274339071,0.031097044344502403,0.00558910142099777,0.007770231745454375,0.0005507353967520147,0.0014559848738246535,0.0026548652048847443,0.012808411491522148,0.058536292627883874,0.001594173055246397,0.0036334361190532498,0.006050402600576534
IDN,2022,0,1,0.019252184635859385,0.01190469039162741,0.00034609058950542984,0.009952877675778824,0.0017701702261856652,0.10411575048131494,4.4575543793212404e-05,0.0003161029324118794,0.0027675262553013293,0.006048176230095696,0.2720265484951669,4.631892589212795e-05,0.005962033968050352,0.042477677194783806
IDN,2023,0,1,0.011221023856995341,0.006119913443841075,0.0002592103094425953,0.007880012609361726,0.0015996548768591103,0.08996015152068491,3.0540608086657365e-05,0.00029030681063244365,0.0028420774418338583,0.005807515214748527,0.22888129046440026,3.416899993504819e-05,0.004634405493525556,0.036570491622112546
IDN,2024,0,1,0.009458024339015901,0.005379422691840726,0.00017080451792479486,0.006524781596732246,0.0011507834683661697,0.049696647339969084,2.0028191488635853e-05,0.00021986639489724992,0.0037474188187970182,0.006932183666729616,0.1310458484140491,6.04027921904081e-05,0.003081360900659936,0.016253497868101312
IND,1990,0,0,0.03075148896248157,0.09069733777807196,2.6700450072867022e-05,0.13979300101632064,0.0417722111692704,0.03962171649518759,0.004774248895244424,0.01235117943375092,0.00014065034602639813,0.022511174857075444,0.002004298409797958,0.0133996709467827,0.0008382693457631169,0.30394913234381443
IND,1991,1,0,0.018868298929491333,0.08096100606541057,2.030770926095863e-06,0.194511707992807,0.05642872555683604,0.009832616544044655,0.007139160477417671,0.016216048691482052,0.0006823634736659549,0.023671050744004864,0.022208201522353754,0.01636364454642162,0.003612005783082377,0.26717730009882107
IND,1992,0,0,0.017279004727705976,0.07677927471759818,1.5156157543269996e-07,0.19372050904072086,0.055215246908992176,0.020174347128495636,0.00731550320135733,0.016010181584183433,0.0011262937948929546,0.021511310251127166,0.00826175049434951,0.01682622561200077,0.0030613314880541614,0.30495727599922506
IND,1993,0,0,0.022766771161321604,0.05138823358302721,2.8403720593771764e-08,0.041165572596138476,0.01567984265278787,0.00493646996096279,0.0015330509707031164,0.0043165327864982195,0.0001270052723863273,0.005264025224260132,0.0488790527995042,0.00305889038700099,0.000997004100113374,0.021684594324433412
IND,1994,0,0,0.014704915387027439,0.061341424661543964,8.453563062275092e-06,0.13939912283385925,0.041887121764445534,0.0006199632369614073,0.005281720767554128,0.011871232591272908,0.0016283077832147082,0.012235756172192549,0.045443694516160364,0.011132940054826141,0.003369433290240733,0.14644204410896353
IND,1995,0,0,0.01330065337275001,0.08052581166293031,2.76455580454962e-05,0.258927882973728,0.07360523108240187,0.004669529672784233,0.0098393291106164,0.020968273048338624,0.0038771219514678167,0.020177386637412798,0.0623844455608437,0.020808016109523802,0.006559348581124753,0.29573201385905057
IND,1996,0,0,0.023348674527893878,0.04446517555971388,1.1960000486689294e-05,0.01831180582753641,0.00956895376301159,0.05317661729037357,0.0006861014188853965,0.002414512370544569,0.0004182546915091937,0.0011014839385431842,0.16217463408735683,0.0008430763901842688,0.0014564986454596422,0.003626282400285983
IND,1997,0,0,0.008557704846451979,0.06340402305808301,0.00010304464945475988,0.2243368731140538,0.06600887149291117,0.006225216666392839,0.00855755906985129,0.01829649637390944,0.007147424495501223,0.01033783411761139,0.19439959588714462,0.016074232009299475,0.009157490311566676,0.13886327878676252
IND,1998,1,0,0.010898377231410867,0.04422727776379183,3.149982459614733e-05,0.0924638585039517,0.02962239083630269,0.00815099820422151,0.003505488297378284,0.008137235604013601,0.0021863220933987806,0.005439957005468263,0.11000498071312662,0.006488729085731203,0.0036993805342589343,0.04478231592021556
IND,1999,0,0,0.0045153232481725284,0.05811947039466106,9.975767206370767e-06,0.29917534993361583,0.07743102156345047,0.058133745237693865,0.011781336042666186,0.022692192957343184,0.006288790812844589,0.020127237538734376,0.0018386926793997605,0.02626737586778742,0.005323590061776902,0.5240073339154988
IND,2000,0,0,0.007542384339229669,0.051485761485802445,5.709454815089336e-05,0.17486749683910138,0.05096861968719927,0.0011598987428278076,0.006598554167598819,0.01423635638802449,0.004037263181695932,0.010397598132570952,0.1128113492947367,0.01295663578535586,0.006266641292306409,0.1319863221904549
IND,2001,0,0,0.002159133059576945,0.06400117700965349,5.799530508730764e-05,0.42371711399436207,0.10873284186147035,0.04587860042652163,0.01642737758248978,0.03151568350030683,0.010421847713536731,0.02498506715869761,0.0252150372691195,0.03547605326163381,0.010056408199118962,0.6248901674501499
IND,2002,0,0,0.0003363990712022546,0.062124706487069366,0.00013132374789457407,0.5343857880999241,0.13558580745067758,0.04079867713877642,0.02100896763493943,0.03909140217959687,0.019501916899520542,0.022533635742144554,0.058892567339385304,0.0435889297773476,0.014897626636666907,0.7130538065095815
IND,2003,0,0,7.1135769628641e-05,0.043817929722254005,0.0001400807653891649,0.4019303191802721,0.10254484958080823,0.01567105300074297,0.015653863060765556,0.029336135583422997,0.014591412550798767,0.016592965361366806,0.0791626937330616,0.03180638679026414,0.012792223585166098,0.47154917466655544
IND,2004,0,1,0.0006217391617171166,0.06754262251328115,0.00039851023873853294,0.8155917093751304,0.20512758508847798,0.017806326893181162,0.03131427085226334,0.05837460743732893,0.029116067218447,0.03317942156208993,0.2185776976449751,0.06290223295249973,0.029347257305348068,0.870530292658546
IND,2005,0,1,0.0023102275717010582,0.0779450355657732,0.0006050113982082766,1.0814427786731937,0.27015638668056163,0.017006472557126798,0.04120460750263902,0.07669521506354315,0.03779266617942461,0.04426276757187195,0.3278637992411017,0.08243132660339192,0.04102671845139689,1.1049510249475596
IND,2006,0,1,0.003396680984738575,0.08854167402247043,0.0007460054448663664,1.2792200110701433,0.3195761490208008,0.018340061966614196,0.04922750751284703,0.09067643791900798,0.05133668811148779,0.045475813775143016,0.4049320715586493,0.09724224132957197,0.04932236290961816,1.2864717563941825
IND,2007,0,1,0.0068525793139954765,0.0956782720921735,0.0007852367328871525,1.5798397667137611,0.3872262741421473,0.06461981591388949,0.061568947424506394,0.11075512445690294,0.0679439151093428,0.05284607249431697,0.32037718069281534,0.12344112382967622,0.05570093622319056,1.8196619446019038
IND,2008,0,1,0.004530943838074784,0.09809754011374446,0.001071979476419173,1.4449296941137926,0.3662700107331146,0.0014070886276497236,0.056089446153110775,0.10304279734548165,0.07303325495813526,0.03783783242117205,0.6952044670897961,0.10628749521442274,0.06282666845164822,1.2210597986805187
IND,2009,0,1,0.0029079292154921216,0.0752469588844164,0.0006329368091002914,1.087377438553867,0.2725622551897488,0.017252179563788616,0.04295115807607797,0.0773974474974966,0.0573998841767376,0.027575114238560426,0.3428905482824538,0.08291268595541053,0.04180028186960232,1.095253356164294
IND,2010,0,1,0.002495683235798266,0.07539548957611394,0.000712647594543089,1.0533573154945817,0.2660387130888236,0.00319668585723416,0.04021877677900909,0.07501288950611544,0.04138437281609486,0.03767617405656625,0.4484032758612266,0.0782266771316952,0.04390963616700568,0.9424813369924271
IND,2011,0,1,0.0041708040647299134,0.07931384902139142,0.000800030293054068,1.2058412420606797,0.3031457718873236,0.008623400933560706,0.047451899890585285,0.08572901736768503,0.06540498928232093,0.028902146899690066,0.4653445890439579,0.09044317016528992,0.049316284811175226,1.123274512315182
IND,2012,1,1,0.0034428268611120076,0.06834561839667061,0.000898899843792847,1.0121354560781992,0.25935163991585924,0.002295010192999189,0.03903510864716467,0.07240827698510743,0.051960626377810556,0.025233362565861978,0.6557900392028465,0.07225315696452259,0.04846623780814358,0.7283893370082029
IND,2013,0,0,0.0025851252119046216,0.03212741545409756,0.0005730468462615667,0.5191611795014398,0.13369139152315612,0.010612089454566482,0.019432116637663917,0.03697183865764727,0.02232244524808154,0.01575932273973486,0.45394010722438205,0.0356295627889335,0.027968856356449613,0.30349422880827714
IND,2014,0,0,0.003617751768562536,0.02313817931949927,0.00039157847686365285,0.45451510534641654,0.11346699940647584,6.675699075533767e-05,0.017458876439428575,0.03184621242767509,0.02211791121285873,0.012218368270669598,0.23762516183333743,0.032977680795562264,0.020999293710696854,0.36660187139883194
IND,2015,0,0,0.0015352938410633347,0.013756866878158275,0.00023827732507638135,0.24340151540335933,0.06177115431091524,0.0010412524521118665,0.009263599955651177,0.01720927144187115,0.011585035287083387,0.006621028288256375,0.1677083247265818,0.017182800616026426,0.01216201200469118,0.16798314806513306
IND,2016,0,0,0.0008194967606936739,0.007090827291052391,0.00015583140245695485,0.12429580188595685,0.03219543521446456,0.00460990065370501,0.004728691033221969,0.008861579609235124,0.006851233930363942,0.0026172244096533746,0.1275411036656513,0.008356683807889044,0.007167706924856038,0.06343057642961407
IND,2017,0,0,0.0008206291768117609,0.009826496046819984,0.0001926919064198949,0.15874785698431115,0.04141576697953441,0.005362155527235416,0.006182030608555297,0.011413403743785364,0.01071827937374492,0.0023154569373641694,0.16068319204160433,0.010737755097716973,0.009013682263999893,0.08218842873566229
IND,2018,0,0,0.0021206448318053734,0.011534040431038589,0.00025301672120000467,0.23450840360103614,0.05937934167514806,0.0018697690567945867,0.008992516843858133,0.016502354537273133,0.012881971208391978,0.005103156449541518,0.17730566652013913,0.01636151640783897,0.012270110082234508,0.1518035738758248
IND,2019,0,0,0.003436288391680337,0.0022712164496368654,0.00014390766718000984,0.11665933025049123,0.02820170244991842,0.00025754092880312204,0.004428385645497483,0.007860106365445691,0.006713309430057264,0.0022910550850847515,0.078463131679756,0.008147763715062718,0.006324861102549155,0.08043676856286633
IND,2020,1,1,0.0035223912184728277,0.014050402655023927,0.0002217131665968503,0.32704768963160147,0.07942508856831336,0.006446583189975011,0.012555654575408423,0.02257060805703946,0.015675465998369977,0.009358963172405374,0.0968469347309915,0.02481330553887791,0.013138744865335042,0.33413506773410406
IND,2021,0,0,0.0025679733672169286,0.0017909990490705806,2.566693594462997e-06,0.0015755333736314997,0.00014113841670452862,0.0035328704873029454,7.776146701498353e-05,4.865740489966248e-05,0.0004933578087197024,5.92877632737283e-05,0.0020444878370439786,0.00015569376716352567,4.974723200489714e-05,0.006277352222204349
IND,2022,0,0,0.010373841223557912,0.0019505707042553032,6.0977769923746966e-05,0.04190900377504749,0.007865458789308671,0.004860352936276317,0.001543869628185897,0.0022742372261589185,0.0020218167488119886,0.0010061248404804803,0.003971337586779124,0.0031733606874255822,0.0020906168180398043,0.05370521599680564
IND,2023,0,0,0.008313065980740449,0.004529831512164422,2.003123741596313e-05,0.009513176908125533,0.001219049703614952,0.005127693390987498,0.0003174480308779797,0.0003701308449551584,0.00021521874526948402,0.0004362945581982762,0.00043260349383446176,0.0007632488305668899,0.0004856594859738309,0.019477028712580523
IND,2024,0,0,0.008430138983309346,0.002709016047679715,3.004671273268171e-05,0.02185479947857264,0.003638953635675132,0.006777287876914737,0.000789055496438505,0.0010785790733159517,0.0008897981674548365,0.0006552896585781645,3.999953936076056e-06,0.001747456015546302,0.0009709784749606454,0.03750497438221571
IRL,1990,1,0,0.004043845851424843,0.0032957942234585246,0.0002107225376004227,5.083272747840028e-05,6.217407005207452e-05,0.13944140975586364,4.614026273058713e-05,6.542936625148851e-07,0.0013389162969433207,0.0007289927139081976,0.27696687303109124,0.0003513958387023792,0.0031344609060938314,0.10877449160178149
IRL,1991,1,0,0.0008621316593345765,0.00901553427371809,0.00029299322884259875,0.028116964422908664,0.011223541120474953,0.21466526279530476,0.0006697422188320653,0.0025168063362497584,1.5347051098182066e-05,0.0025922632900533256,0.5783295531829191,0.000515818185882239,0.00793321512165674,0.06390708890189929
IRL,1992,0,0,0.004592521599452984,0.002629862401876505,0.00016566333426969558,0.011109331652462431,0.0005753821363673495,0.37612274871717144,0.0009548879338155718,0.0004224930783079358,0.006335257699393373,0.000694102421356824,0.5793500453913519,0.003360593604286,0.0021965482660599063,0.3882628148155194
IRL,1993,0,0,0.0022875503370570565,0.00014540280717629966,0.000194571441664517,0.027076241327550363,0.003142808774998751,0.45390045615574787,0.0021986359856299314,0.0014748134397689241,0.01718664176038619,0.002758726213799214,0.6320228554390418,0.006042149144843577,0.001953384284991163,0.5284763321947339
IRL,1994,0,0,0.0005332932999750097,0.003645910890875299,0.00010281033049092339,0.0934548034215006,0.017629191064370376,0.3939002533277285,0.005374121414111419,0.0061601573392420774,0.02175605079362489,0.00019634176757110894,0.40180969358011326,0.013056711029480592,0.00015898261409792995,0.670561589042744
IRL,1995,0,0,0.0006732585975976339,0.010841098108672278,1.0441564902794856e-05,0.1967817762400755,0.04324950504278566,0.2797451712537884,0.010415618454914536,0.01370611739717619,0.044873655912984395,0.0007381479746343308,0.14874162552610565,0.021527141336518455,0.0008491433670158253,0.7209806741507316
IRL,1996,0,0,0.003691144419867354,6.735137017452404e-05,1.7081638360110125e-05,0.06481106312076411,0.012029439151778286,0.2078109728886291,0.0041014709072528304,0.004095365813245482,0.032009604073183,0.005041165471334432,0.17224744998182523,0.008263690956266367,1.5644225220326568e-05,0.3688335444896532
IRL,1997,0,0,0.011048485003853416,5.361760608043197e-05,1.543732618707674e-05,0.15433050796241837,0.03180103794053786,0.14502690329911225,0.008382164706891624,0.00986686291288902,0.05474502546545024,0.005774352352989571,0.03901317734494905,0.015258522121549802,0.0022769945924549857,0.42834265824343887
IRL,1998,0,0,0.013469996725886947,0.0016841691452620117,1.743081105957473e-05,0.07428022272612576,0.013921815045852852,0.0817660183021519,0.004174178060224021,0.004368519717849924,0.0338016054345133,0.005693755589736297,0.024694399708149913,0.007351387927371511,0.0012945893931321948,0.21505813351720537
IRL,1999,0,0,0.02082706821755158,0.004920060935849369,4.10726155419309e-05,0.07436515077285466,0.013577399610254361,0.06899566129517538,0.004462100556637141,0.0042240398165119,0.04801776294403022,0.012647309196653817,0.012562477009464317,0.007055607842200079,0.0018483385194208314,0.18779116163398057
IRL,2000,0,0,0.03330539501640327,0.014631040442881828,4.847258209238039e-05,0.058490476056250254,0.009035008963596172,0.0762040477602117,0.0035826631839721503,0.0028850651698272252,0.04371631501879913,0.01339574412390055,0.022482536002427837,0.0056685595539815075,0.0015668142453472756,0.17015379531337854
IRL,2001,0,0,0.041175486682507076,0.009678910280318484,0.0001240414013177918,0.144154884471704,0.026874204039389924,0.08630232773111078,0.00824696482657231,0.008178957580005456,0.08117119583730978,0.019207587551915376,0.0036123922004222928,0.012811339253486275,0.00474716813927837,0.29387553332492283
IRL,2002,0,0,0.07333114804676555,0.05492256180544026,8.932188894435013e-05,0.03227455172220252,0.0028713222347392263,0.0835055716682813,0.0027000402111050366,0.0010111496404354807,0.06938655757563059,0.039176142297912143,0.0345686411227703,0.0032506392301127887,0.0013748057864228552,0.11851421459244221
IRL,2003,0,0,0.030615172169530334,0.03874129911198329,3.8133606210307333e-06,0.0006742978933016117,0.001310565570614511,0.04756168103802379,0.00016498860509237597,0.0002721447689662756,0.0489451420291683,0.054428115428994624,0.06075318347030187,5.349562974230128e-08,6.230240556916774e-05,0.011943298453283744
IRL,2004,0,0,0.0223871451165399,0.005939064221554254,9.050960958143117e-05,0.06762793151763005,0.013356933172601356,0.030209313169124917,0.004873076561244665,0.0040196986861442,0.08616503054895541,0.037735035801447374,0.0005737018748731187,0.005812537968598256,0.002867389323452677,0.10856152187182334
IRL,2005,0,0,0.05064165181350242,0.1220754316924249,3.920481139289675e-06,0.12098614282703532,0.040841252157295935,0.00028962042342574605,0.003457190016772911,0.011478219325475554,0.008954684083920776,0.056939924054310954,0.04337293855113802,0.00974451570150459,0.0018766470492531603,0.12825306691345376
IRL,2006,0,0,0.06805147030328584,0.1438180528724886,2.9902237568455315e-05,0.10507822669602938,0.03773848053456372,0.0007916474440167476,0.0033925530792585945,0.010748231574349782,0.004405239799135181,0.04151670038547596,0.01751011889828685,0.009149057340905738,0.0008338851881869697,0.14204631216362826
IRL,2007,0,0,0.13896245511950162,0.22555789632027962,0.00011788646935502514,0.06132865515075528,0.029603114374354263,0.00083917200778945,0.0019960701606373823,0.008351938300533237,0.006930126432756091,0.037786287002251555,0.020750825142336046,0.005621466196905196,4.4514548640748813e-05,0.07468896143224174
IRL,2008,1,1,0.0492644026687582,0.06558100712220315,7.073778242532509e-05,0.004243651561411788,0.0034308754396202346,0.0011264562598963799,2.2388885929140388e-05,0.0009549487993400794,0.017091237171017352,0.027108067290686537,0.0010376533078642134,0.0004520351596849512,0.00014137373358049656,0.007094077445409326
IRL,2009,1,1,0.036606728585772776,0.050829429584264695,0.0001135635425741925,0.006411975039840614,0.0032977333527676456,0.009621195786188318,8.208222950311003e-05,0.0010202342269265258,0.01477706625587394,0.026623045978972408,0.018659970782354342,0.0009716577070808229,0.00046918406107131433,0.043983967527771485
IRL,2010,0,0,0.012158069302394046,1.3396732409338949e-05,0.0002313690829020228,0.12188783094793884,0.028597948974267755,0.0002703110616081475,0.005768321982042393,0.007970023445266239,0.03776471877609163,0.0040203723343501165,0.10279522619019398,0.008346839542668473,0.007963627218145058,0.07011904799589168
IRL,2011,0,0,0.009047339495202806,0.0018654589599618528,0.00032317702787862986,0.19510603394639506,0.048887928598728744,0.0019959155770743315,0.0095405419901977,0.013578371288656067,0.06551541165786433,0.007938929496005845,0.19079428117758299,0.013361805379989313,0.01224413728088604,0.10145610167570182
IRL,2012,0,1,0.015059851101235698,0.016942649006723307,2.6901399424674893e-05,3.6910907670673283e-06,0.0001407592636056483,0.0024492400401579153,0.00018725497274139948,3.259780105418181e-05,0.03745678904934684,0.03916301424198285,4.72221583589895e-05,2.624197198540456e-07,0.00013188186056751805,4.302312493811506e-05
IRL,2013,0,1,0.006323202511186288,0.00450936190952871,1.2205863115557266e-05,0.0030272018350480175,0.00039649404629136517,0.005835928814088139,0.00045467885229065285,0.00013242729468589164,0.022639142214889107,0.01693699048945123,0.0004973839557595091,0.0002961156211178776,0.0001846538483395556,0.007043406265178168
IRL,2014,0,1,0.011308223672871027,0.01197636795974537,1.080308804231236e-05,0.00017628464796307991,3.5777783632821644e-05,0.007380338903181055,0.00012053850525651203,4.648159424807711e-06,0.015582188110729289,0.014728970718050148,0.004545911744510659,3.136663934536985e-05,4.6565545545273146e-05,0.002874814711394792
IRL,2015,0,1,0.04649798611766938,0.06966027168290141,7.971945041908502e-05,0.013775509817382126,0.006207403752139699,0.0003186636015953395,5.899933009309891e-05,0.0017784364230507253,0.048462281519142725,0.07541339201684318,0.0007367192059000473,0.0014033687291714963,7.245754695554765e-05,0.037010520315588574
IRL,2016,0,1,0.0255582860585874,0.1704204038299596,0.00010611763334630739,0.5858835389599334,0.1636193557879085,0.0005420092196231751,0.01902689920935713,0.04611216800935587,0.0012583760346393832,0.11524729494236537,0.20737715394089953,0.04499332645496668,0.017294442594645167,0.5865220095735652
IRL,2017,0,1,0.028837522616755134,0.06258095672360736,2.8308273026896966e-05,0.05272526924897157,0.01642765804659255,0.003708867365189803,0.0008197523960349953,0.00473238627170803,0.04244000589150219,0.09183290567156231,1.021888582428937e-05,0.004735852045796986,0.00021169005742255085,0.10686219287418929
IRL,2018,0,0,0.041991340701990135,0.03713774618628029,0.00017707247896745775,0.004571620855908063,0.000375381794691075,0.00013617042122694145,0.0011857568632343551,9.986460488465939e-05,0.10377134271093494,0.09259580873271715,0.028292714520866964,0.0001827525983819837,0.002063062763869352,0.0008208063165867966
IRL,2019,1,1,0.043704095705264887,0.1570668289617479,5.8189034097060687e-05,0.2891004837060691,0.09165141523100433,0.020196616623462043,0.009454796853596546,0.025228226397434498,0.0008934811107010822,0.059112788049720734,0.28105780217773413,0.02060220538817609,0.010106794599809042,0.16923270882520877
IRL,2020,0,1,0.014244799175601801,0.07909343236662827,1.162565145275277e-05,0.2466680368763728,0.06490018313452757,0.003429429588163687,0.0052599177109641125,0.018398985171299165,0.05842031558316511,0.19358707035416337,0.031038269818677196,0.019431996709282577,0.005535712069543577,0.328452965080844
IRL,2021,0,1,0.008615084321655983,0.008327233151270692,0.00047851455631404255,0.33418145570095675,0.08940953527424578,0.0003936222126501615,0.020841345574528044,0.02507263853576905,0.2707880974031303,0.08968024715156327,0.31581616187801503,0.023957486479998874,0.019324844440512665,0.1815450674831366
IRL,2022,1,1,0.060792473147149556,7.754633691075528e-05,0.0011175452606488365,0.6961844359803396,0.16713509761952652,0.0034236193329084527,0.03889620880460913,0.04721004513908396,0.3943348886988622,0.09755903202477441,0.44839137356414044,0.050338163489306406,0.040572692329332215,0.4846773720130106
IRL,2023,1,1,0.009918039283048347,2.46434704576757e-05,0.0002254126454111886,0.11181193114087193,0.029250776113981723,1.3148123176580762e-05,0.00872867118340119,0.008242617854258439,0.18267065722895076,0.09071529316188018,0.11681567488475222,0.008022769568539914,0.007422033121887836,0.05425582517192129
IRL,2024,0,1,0.010490567178098422,0.015922055625976803,0.0006597984947377933,0.5199664092860202,0.13552571737190405,0.0006050270012784058,0.027528096002855714,0.03795188764428818,0.2223978463359484,0.038430930076259764,0.42685601305358095,0.037151820207169894,0.028527526392695624,0.31593956091921815
ITA,1990,0,0,0.010861305927784146,0.005279483840004179,3.8838442180486355e-05,0.015268127318730852,0.002135363745683269,0.002584895290430185,0.00038501769996176203,0.0006201304110961166,7.22043865712771e-05,0.0028590451526207144,0.0004511517539968803,0.0011008247955585173,0.0009703888502385962,0.021687078620439913
ITA,1991,0,0,0.012424440396425637,0.006460991126342827,4.616924092777174e-05,0.015179765899748409,0.002027116162591695,0.0017109646050244794,0.0003374551684575559,0.0005821212334529014,0.00037349703198509456,0.004049425391654078,0.0010428905849099585,0.001047843326795262,0.0010886337544921089,0.019368356984965914
ITA,1992,0,0,0.013061080392379862,0.009679446406460296,3.270334980635015e-05,0.0058474703197167145,0.00042755771808288944,0.0017262546887937239,8.029529237061845e-05,0.00012598111180959235,0.000943440332377143,0.0032256734265390355,4.223989076449871e-06,0.0003853552231883472,0.0005613331790636563,0.009414502149653661
ITA,1993,0,0,0.013960907121908192,0.01307473850868618,3.0096107764693695e-05,0.0014627651457356603,1.7673634696634391e-06,0.0005567675706307997,1.400536198931808e-06,5.401267675032215e-07,0.001417351311606184,0.002338262771506986,1.5740154820476377e-05,6.831438487853595e-05,0.0003463162407599455,0.0020984196360511057
ITA,1994,0,0,0.012974823172155602,0.020325127845958402,5.28884646282457e-06,0.003983119031945863,0.002521567891492596,0.0014335251883403777,0.00031422775885600395,0.0006955721766152482,0.0026639782269895318,0.0005455863123821473,0.009264859888810685,0.00033665350940430933,1.951193314791584e-05,0.0011194970337635283
ITA,1995,0,0,0.01795080516283606,0.0179069974453638,3.0465335597462465e-05,0.000947649901693649,2.1930188863106474e-05,0.0018578232674892746,1.6024618851760302e-06,4.9010614557391455e-06,0.000499310728412263,0.0008847379991639008,0.0009353669889628458,4.727339521574458e-05,0.00028280045366553167,0.0026472489122718336
ITA,1996,0,0,0.018226604285384675,0.01493904289842496,4.3753622158632263e-05,0.004942484954428948,0.00023597547641466754,0.0017121811989904388,7.552956729803773e-05,7.020628788004332e-05,0.00027751267865935473,0.0015518973076579022,9.52290002652581e-12,0.00030496667508794496,0.0006367757813245329,0.007367814185842439
ITA,1997,0,0,0.016084962165926482,0.014216829662939032,4.0457816688146854e-05,0.002591640256917799,5.786091782611084e-05,0.0005409545119812694,3.344938187802983e-05,1.6501174042188806e-05,9.993119677217416e-05,0.0006287269352453077,0.00017392775204584727,0.00013336516202758,0.0005161209217194402,0.002665915314069936
ITA,1998,0,0,0.01564791820321114,0.012893068205275434,4.367176047576057e-05,0.003958080584530731,0.0001931088588543334,0.00048067047901020345,6.20085377204087e-05,5.442576013465119e-05,0.00012075304203739334,0.0009462310122317424,0.0005147197479211941,0.0002180755749099437,0.0006292066243170331,0.0038547345206438135
ITA,1999,0,0,0.018933184164484994,0.010966333568254298,6.829109259008028e-05,0.01778880796225219,0.002269405450121206,0.0021743383432710423,0.0005026125847215082,0.0006530829896925349,0.00013137076882817683,0.0012757661757517595,0.0018203501482810642,0.0012120084969358977,0.0014500273268066037,0.020918123228962054
ITA,2000,0,0,0.01686275863396525,0.017243579070001028,2.829801377817212e-05,0.000587167255359098,4.617810237468252e-05,0.0016706424211658244,2.2947339510013924e-06,1.114711140896767e-05,5.512661462869821e-05,0.00015145578515016154,0.0008090995972739682,2.66120787288122e-05,0.0002405779788934647,0.0017237677104331996
ITA,2001,0,0,0.02203765895092205,0.018577753580066164,5.3918361907478176e-05,0.004969055697364326,0.0002019860384912951,0.0016489837233599881,9.363417325682339e-05,6.000081261796307e-05,9.847331107357072e-06,0.0006385273320776147,3.883257848812469e-05,0.0002949130135431065,0.0007418008046635142,0.00659218313327236
ITA,2002,0,0,0.017852093929113425,0.007769011642449243,8.575893693062204e-05,0.02942323883613208,0.004587714633242887,0.0015004527673567543,0.0008578309307544499,0.0013032912106684853,0.0001651343524627043,0.0024186912112197766,0.006291563638437417,0.0020104278754902107,0.002145632961132839,0.03015563233020091
ITA,2003,0,0,0.005615092805070022,0.0015783009689235511,3.258987740021337e-05,0.016195878182007042,0.0028382050184569164,0.0008495903772617029,0.0004733579045793076,0.0008085118090838344,2.6974579158317526e-05,0.001761277071903665,0.0029628606031154945,0.0011497491261488581,0.000978344754570557,0.01779958733563525
ITA,2004,0,0,0.002468924412140698,0.001459185496819564,7.115233375422687e-06,0.002299217420391683,0.00026494510434342885,0.0005920568812877577,4.5821509298193476e-05,7.782283725452674e-05,0.00010315410566981888,0.0007535295623562854,1.0479755615195212e-06,0.0001647911886949071,0.00015692594930629008,0.003724543681162962
ITA,2005,0,0,0.005503545445653303,0.003978701250872069,1.5466647516540726e-05,0.0026350238225071165,0.00022680973964166006,0.0005988690196361845,5.796195052795956e-05,6.622734779919358e-05,1.9450571802079008e-06,0.000359742852663967,6.580825012394084e-05,0.00017281269215714293,0.00026685856473131735,0.003523463013356029
ITA,2006,0,0,0.011584569552444609,0.01216971908755218,2.0109424047616906e-05,0.00022400502560055775,6.270801595279114e-05,0.0007681266772512578,7.651770894924101e-08,1.6449938993304665e-05,2.024627343579916e-05,4.274304796892999e-05,0.0003227169800812584,6.696056234954168e-06,0.00015948717159598835,0.0005698186935349956
ITA,2007,0,0,0.005131088486060386,0.00590072990304384,6.226921511185423e-06,4.492268158017025e-09,0.00011848273249397919,0.0006014990642584819,6.313655334653805e-06,3.139772624454e-05,0.00018897859505016977,0.0001321029966757513,0.0008964864916045772,4.709307538242353e-07,2.9834573949004672e-05,0.0001902004232445323
ITA,2008,0,0,0.0010529274897947377,0.0016567567179576765,2.830683174021589e-07,0.0003116612560905615,0.00021831411056391964,0.00015024547583676235,4.216235815592947e-05,6.018170457915238e-05,0.0009070428888799586,0.0005033187576962059,0.0011083154167692056,2.6261371458248646e-05,2.6522833063291005e-06,2.931945981418691e-05
ITA,2009,1,0,0.0041274441906891425,0.002435784415511704,1.701511506433392e-05,0.00363617966049208,0.00045634888434888126,0.00010156419578150549,7.83065876383247e-05,0.00012784538211140948,1.0287030526841939e-05,0.0006040416081765526,0.0010707051623963146,0.00022793190545366987,0.00035052611997002706,0.0032108020911177254
ITA,2010,0,0,0.002720209792820271,0.013501632271021162,6.36282578303081e-06,0.03574195167949336,0.010811765186014134,7.0367485289973395e-06,0.001516140906698102,0.003042960511265245,0.0022092348564187094,0.0008085758189462346,0.018852798920291836,0.002757911817441842,0.001081698817549848,0.030457189654341896
ITA,2011,0,0,0.005139723453082926,0.016131336214421615,7.319830744539928e-07,0.024953635914531987,0.008216408739852544,1.7057554435813408e-05,0.0010925673853568983,0.0023151081784621346,0.0014802026620034186,0.0006592284076039481,0.01301138288111305,0.001982210122652778,0.0005888016658005985,0.02199696834125716
ITA,2012,1,0,0.006412686610140787,0.013831642175743944,1.1112123880047867e-06,0.01021206137560131,0.0039011030921564127,6.536709206261379e-06,0.00047946796958445967,0.001103348076998064,0.0005334634154056456,0.00036959642291165175,0.004714179555068892,0.0008633593285127022,0.0001275884780716003,0.010028354192455008
ITA,2013,0,0,0.007935318890232395,0.01523287812833273,2.6241476391553366e-06,0.00792125349117182,0.0033238738721565503,6.204998183829726e-05,0.00038114646928074774,0.0009375084486633323,0.0003896705925767728,0.00033163223667696644,0.00437300493763862,0.0006802316911879569,7.01824474752903e-05,0.0073901609956326594
ITA,2014,1,0,0.015348774776970647,0.028218989531051356,6.5995712704252085e-06,0.012648168165560978,0.005516871749154181,0.00011171437642121123,0.000601139541569825,0.0015568454469185218,0.00050173732696295,0.0006852326294111242,0.006802683987634414,0.0011031925309407046,8.525921742829129e-05,0.012131562095130973
ITA,2015,0,0,0.02237133969034197,0.046734426382855104,3.7918463649481122e-06,0.03135149113113259,0.012371290213795388,0.00020119734929146404,0.0014823678979398697,0.0034864489289182913,0.0021157682566780396,0.0008242659173921336,0.018025356297139333,0.002627400298117952,0.0003988826209326295,0.027986723544799294
ITA,2016,0,0,0.02969412335918032,0.0493142051996917,1.8001674346691364e-05,0.014326937251568549,0.007200367017241507,0.0005422208583378023,0.0007138670969266492,0.0020243223916673637,0.0005642305739192418,0.0008661432476207196,0.010022749215029596,0.0012822848947735064,4.08530110509416e-05,0.012626827454920749
ITA,2017,0,0,0.03152162047724939,0.056881254396796935,1.3008940950212697e-05,0.023647563270716012,0.010551021328357285,0.0006329011377289657,0.0010702875664990957,0.0029630853351404257,0.0004850792574687661,0.001989400966135384,0.015533953441289163,0.0020300790908937645,0.00016500376305367623,0.02062962914044282
ITA,2018,0,0,0.011871979487466081,0.02079791391718111,4.880788906527733e-06,0.007660563051022416,0.0035227527868814516,0.0005533247959547564,0.0003107347434015241,0.0009820280480968729,1.0550513209967715e-06,0.0015183366713168295,0.006314101199918587,0.0006419244271831886,5.316892863687233e-05,0.0059074212488235784
ITA,2019,0,0,0.07811884479537982,0.11632344292247669,7.154815152713374e-05,0.01816069561764747,0.011445326099497107,0.0013655657263399476,0.0009646124368937365,0.003219769166799219,0.00038074602709189834,0.001916124085230103,0.013536112287793178,0.0017640999843502984,4.149772516595308e-06,0.017027171447202952
ITA,2020,1,1,0.06583705649115501,0.05339069104545455,0.00020131617736925353,0.017551460420818142,0.0010625805619007968,0.0013743503032231257,0.00044969278541947107,0.00029753032099038337,0.0010864631448448449,7.920052392006952e-05,0.0055197472101709425,0.0009630883121677188,0.0029199907745131965,0.013132335809575091
ITA,2021,0,0,0.06965960979254933,0.13403759054046532,2.047299157633698e-05,0.0700721101803953,0.029344241245078864,0.0011095834855065487,0.003144076733415866,0.008251269555610799,0.002325416817906093,0.004264541653649895,0.04318317562716402,0.005929564464208469,0.0006821010751180454,0.061748136523384047
ITA,2022,1,0,0.03978321833266823,0.055498271646018026,4.71620828395891e-05,0.005275665237832485,0.004039076480113301,0.00047016400772213393,0.00025793491269468006,0.0011399098740937322,4.060340316837551e-05,0.0018260943265019983,0.0030604082789282543,0.0005650418701950257,5.0839013536151514e-05,0.006172584577676255
ITA,2023,0,0,0.0332493970967465,0.04027021669345312,5.236485640614743e-05,0.0003754658296391343,0.0012490256562183825,0.00047658382787728516,7.039723031083187e-05,0.00035389028286651004,0.00028479031744853213,4.6177447687001155e-06,0.0007653721727380369,8.116292174822188e-05,0.00023705808159467503,0.0004998150979225229
ITA,2024,0,0,0.03689876624062995,0.05635617624331444,3.237602929119645e-05,0.010361915359960786,0.006194054509446455,0.0003331670790213248,0.0006238113082659956,0.0017515022283717476,0.0012588300130039586,0.00013718701219651077,0.006698012572731804,0.0010107205574398817,9.486839017645351e-09,0.01021775558193448
JPN,1990,0,0,0.06268649889285254,0.0001926270692354032,0.0005587524284191884,0.6524440217613112,0.13473481674725374,0.0692981315849083,0.022353136842627058,0.03892858346832978,0.007697852334065708,0.049213637929588494,0.050599181336020545,0.050768953998111495,0.02620871702953263,0.8841452632397843
JPN,1991,1,1,0.05882199262080816,0.00011106627552682786,0.0006170485810536181,0.7353190450030379,0.15484673147110853,0.06314817739705922,0.024999860127053224,0.044589152911178986,0.007189789320866828,0.059641945777940214,0.07482713149017833,0.05681607390954798,0.02973916590807657,0.9561192065615814
JPN,1992,0,1,0.05684429582388638,0.0003568362643377609,0.0007405166784411377,0.7471380071683431,0.160634705781545,0.031064368835345652,0.02797275573433611,0.045825653282555896,0.008636967891289012,0.05262563282693199,0.14911568592977728,0.05597170989986006,0.03350497764463048,0.838889634301474
JPN,1993,0,0,0.05242479134525106,0.00011860072122401089,0.0007728355545411926,0.6428242360676297,0.13978694815779874,0.009130243191787664,0.02471042155121665,0.039524314371285535,0.010251234680636672,0.037675887018199315,0.21020204196985906,0.04660091474392777,0.032259854955752204,0.6166483563969958
JPN,1994,0,0,0.047668388986869675,0.00041033650725066765,0.0006520350691484713,0.4426682267357259,0.09479835479602752,0.001781394216703572,0.01690409450070454,0.026630379862864473,0.006937055315283543,0.0253092498664113,0.1896976822397022,0.031158510740981738,0.024716249265007425,0.37763919665730894
JPN,1995,0,0,0.044727059979774934,0.001643614457575174,0.0005181952545612678,0.33633538932286333,0.07014988149268289,0.0026445702740163033,0.012671400899734847,0.019746737678464757,0.004650885020824209,0.020348492289057895,0.12983360700023772,0.023724206863938363,0.018962907848211072,0.2985119477604693
JPN,1996,0,0,0.04510817640529849,0.0012930536803437602,0.00047766875837791043,0.36056662481650126,0.0748037787904303,0.009848349491360214,0.012201439293466974,0.021234764928061315,0.0060777730658866,0.022152627653245167,0.0953195402406144,0.02624004041141297,0.01849556355821003,0.3685935453854642
JPN,1997,0,0,0.044917233126664374,0.0008374795545585789,0.0004997575016367461,0.38540787274303007,0.08068860465866622,0.00994166056116421,0.013140523777824988,0.02289863470448101,0.007257372557160543,0.022387045264865908,0.10470338743469568,0.028072336304618143,0.019630224222176286,0.3912245793226535
JPN,1998,0,0,0.040313724006450447,0.00013045622906566803,0.0005008528988187474,0.40734809597481025,0.08677560573441435,0.009331016469563178,0.01396690376082645,0.024610784026454335,0.007965264075544666,0.02335620817766561,0.1152329694215863,0.0297252076270095,0.020368854301924803,0.4095770355095129
JPN,1999,0,0,0.031557301843624076,0.002439995486691443,0.00027863625000671544,0.19539130361320242,0.03920825515289165,0.007275945162452449,0.006510493921132655,0.011156609560386454,0.0031678939276599005,0.012164117307057543,0.045011391979232755,0.014231856837533466,0.010231745338495852,0.20698868914043025
JPN,2000,0,0,0.027306188633437208,0.007686967524082627,0.00014846195534852865,0.07893103799535023,0.013867930530547544,0.006590710421969818,0.002515662235930913,0.003980257584424291,0.0010123031426291517,0.005258445606586726,0.010370126730364452,0.005743989214531115,0.004518940247033307,0.09380659111713968
JPN,2001,0,0,0.021076411580270182,0.004187848004819256,0.00013861916593921342,0.08119190635671142,0.015175176997878115,0.00474492456445413,0.0026752189939690638,0.004336301163332252,0.0015803788772305075,0.0044581922091975045,0.014781297796120387,0.005899395252466139,0.004523393110627184,0.09040969260440052
JPN,2002,1,0,0.0141743374144896,0.008299901294927149,4.333162829221035e-05,0.013243071485735768,0.0016336584121205916,0.0034374273867040545,0.00037432070161033546,0.000480726199715127,0.00013136241171282547,0.000899960078549281,0.0001301581863603572,0.00095874849119473,0.0009355627587186072,0.019860636004348838
JPN,2003,1,0,0.0064398272463135325,0.017656767963332907,2.0519004620650894e-06,0.02104505481081515,0.007506853535445609,0.002195155585799468,0.0009068664327501151,0.0020662629540670868,0.0010060089417679766,0.0007025946016832805,0.02645189743803428,0.0015271881327926593,0.0006718543187101208,0.010088201467249628
JPN,2004,0,0,0.007135686273172776,0.03994272083087058,3.5530785925133127e-05,0.11614307592072784,0.03483137655453105,0.0016168818744482665,0.004586216491953309,0.009704946549366088,0.0037388971343774446,0.00539490949421135,0.08536624530916254,0.008562822760202388,0.004169329644355303,0.08145022886209874
JPN,2005,0,0,0.00786436120443266,0.03971936078068674,2.937729346936674e-05,0.10569525677381898,0.03205136692345107,0.0018629839510128038,0.004113270288753176,0.008920780691319921,0.0026284241382887423,0.005981730417215154,0.0799346992302543,0.007782635647960559,0.0037333053025875593,0.0730514079643452
JPN,2006,0,0,0.005686555243707527,0.03933094247358434,4.791085603756881e-05,0.13444544595092758,0.03920329740611089,0.0015471197172081108,0.00506964007941744,0.01092308459126957,0.0024573669906503524,0.00896722890119519,0.09385926544756162,0.009858042221545484,0.004985798296640874,0.09668073568501356
JPN,2007,0,0,0.0026249425582224924,0.04130506454927885,0.00010702841938957415,0.21410286608159224,0.05924783472966341,0.001323681706874171,0.00786909384221233,0.016525744717401675,0.0034606920144378424,0.01482595937956872,0.13834849054009601,0.015572788246196397,0.008602402554315046,0.1587604453359885
JPN,2008,0,0,0.0015556551052944702,0.0349704240701448,0.00010491789021633873,0.20435024352945208,0.0556498148379341,0.0005936891360361134,0.00748173634450149,0.0155517447250848,0.0030763931799632667,0.014567368774966711,0.12136875995643487,0.014931045850623612,0.0081837989199673,0.15841728608838568
JPN,2009,1,1,0.0008311586224426649,0.034118334553643465,0.00012250281308132953,0.23133619015124018,0.06191628522083117,0.00012291857039240848,0.008540610895054052,0.017346826927137564,0.0038979676356344865,0.015528696797971253,0.12407167633272705,0.01701122607502316,0.00922331886570376,0.18857198586063506
JPN,2010,0,1,5.1187254404858084e-05,0.08056528460488017,0.0005599435727054898,0.8275957560630762,0.21437746791228277,0.0001543151877177416,0.030494782798641012,0.0600644490191377,0.020016813258607012,0.044452757856924104,0.44497432097167244,0.060311864126688354,0.03552935099514399,0.6664266285408446
JPN,2011,0,1,5.212791170978904e-06,0.08720360026579752,0.0005203028481504086,0.8384960590492235,0.21738687627764441,1.3360217011191019e-05,0.030710938001325076,0.061014578707454546,0.01699134278304878,0.05061028193823438,0.41551652427236935,0.061611492930586965,0.03471741068456747,0.7046413860960798
JPN,2012,0,1,5.039587703798371e-05,0.08764502733060514,0.0005818783676190781,0.9007387881783906,0.232433758015226,8.501769175358455e-06,0.03296693431731542,0.06522369631527498,0.01892510835268658,0.05305913931988238,0.45025967964744784,0.06603876453552265,0.037802122654423155,0.7525329225929129
JPN,2013,0,1,5.485725711787717e-07,0.09316310800957112,0.0005723989957837856,0.9161084087319399,0.23670137150848353,1.5145290016454497e-05,0.0331457022008586,0.06642770703042894,0.015688812721228813,0.060580138704639026,0.4504563126917361,0.06725129826165983,0.03800755045205618,0.772307157017697
JPN,2014,0,1,4.8627961686321445e-05,0.08075501672227163,0.0004507826524797285,0.7498353461715607,0.19435552911237555,1.588975809527907e-05,0.026987608974326463,0.054550241194413714,0.011098318508284041,0.05331745963908467,0.3643850705291747,0.055136563567026294,0.03071427818292149,0.6365928857518202
JPN,2015,0,0,0.0008429261497582001,0.08634473301416797,0.0003829212405386309,0.6752318176099934,0.17804904523730655,0.00011414834088605746,0.024459868821668514,0.04991065342518965,0.01051274718443162,0.04716016697139776,0.3496100162501512,0.049593213749977896,0.02736895099802458,0.5581096861742488
JPN,2016,0,0,0.001127019388120498,0.07754820379985224,0.00031942061364413025,0.574748202200668,0.1526221173317581,0.00015336682051901224,0.021126844376276283,0.04277902892419112,0.010957375365945316,0.036255015122567395,0.3035192521411585,0.042250235585384446,0.023189789761239196,0.4710623856983433
JPN,2017,0,1,0.001314455033817627,0.09251842267220635,0.00037934381649908625,0.6884019381952192,0.18260886894889852,0.00010706282577193586,0.025254118948261232,0.0512019555290789,0.01288202666171023,0.043930366684381814,0.3578557422483813,0.050670191032974,0.02765400057971865,0.5686815607585007
JPN,2018,0,0,0.0016908345306800784,0.09008238361874264,0.00034226626396324436,0.6418178167518132,0.17073350718611288,0.00010920629853325584,0.023424406784022737,0.04787232179369523,0.01062092855780887,0.04373293191786088,0.3316469653657225,0.047290450455034674,0.02552780569925043,0.5324215637467326
JPN,2019,0,0,0.0015805302902460018,0.0868713187766673,0.0003307588300246875,0.622617498125128,0.1653473181075513,8.062089578855539e-05,0.022605964626561358,0.046366655101034965,0.009265920488713266,0.04459122532530074,0.3182044413726368,0.04588713046049391,0.024714080751891382,0.5192345949767005
JPN,2020,1,1,0.001646790826757587,0.07665958208065171,0.00027353138570023437,0.5339919254083756,0.14210261836265073,1.5175801929697975e-05,0.019510493365910254,0.039874720522123715,0.008194793460470634,0.0377376713802696,0.2664336076389581,0.03948569456974453,0.020906691927885985,0.45101446559852215
JPN,2021,0,1,0.005243993000387978,0.14915667518660497,0.0004485758026271751,0.9339806438631627,0.2511438622539131,0.0001315745339060053,0.03395760183488273,0.0704470382631622,0.01364080199421905,0.0681116697745172,0.4741512650141732,0.06914834905804569,0.035977236388113225,0.7845807644779474
JPN,2022,0,0,0.011309629122070087,0.12217596025321843,0.00019397610100585022,0.547427634435678,0.15133124566407322,0.00039873489044849004,0.01902091571665509,0.04241278881889853,0.0016618068421737817,0.06265269425405261,0.27517063168220784,0.04076755415675851,0.019491425360501684,0.4669768069654077
JPN,2023,1,1,0.011729755958010126,0.1444434219929055,0.00025316422539288004,0.6867963551227445,0.18915143903195183,0.0001267546450349466,0.024558223791710833,0.05308040214117965,0.005402086034668697,0.0636876320498078,0.33686573249504864,0.0513198194136031,0.024567721379153112,0.5917905163266252
JPN,2024,0,0,0.016009212226882466,0.12675151260139586,0.0001364154115302501,0.48054188250843705,0.1354615496010954,0.00019403013914343447,0.016986953685974915,0.038012221945618783,0.0018912031973460555,0.053092759324233456,0.23343467190314413,0.03615485346240135,0.016126191950401454,0.41932307353611764
KEN,1990,0,0,0.11701537888512406,0.11787048369973087,0.00022064317622139272,0.004879711302142589,0.00017363120057268996,0.008136731775688752,5.6069171734233254e-05,4.216999645025957e-05,6.382726634131327e-05,4.2358894748168185e-05,0.0015362590943467863,0.00020856484623254127,0.0020011598919859996,0.00901812764623402
KEN,1991,0,0,0.0812233269086756,0.06878858994112799,0.00019573546795071547,0.017589250916947984,0.0007414105305699255,0.007589081627410313,0.00050655863291447,0.000225023127623592,0.001442370912566232,9.736759094543342e-06,7.723284846105544e-05,0.0010804896130169436,0.002630889573660683,0.023831692196819965
KEN,1992,0,0,0.07465572642733553,0.029658137886855476,0.00040180708384172584,0.1393839076846684,0.023311870263239044,0.005411806447326964,0.004984322934711132,0.006612914363953409,0.009097845681355791,0.0015398652936457007,0.041350682849759714,0.009559509535657974,0.010224449333530396,0.12959312460797529
KEN,1993,1,1,0.013386721609236088,0.04480969619558102,0.0012006039237619566,0.04001873597132514,0.024895503859735525,1.2966056772198007,0.0005010374940643125,0.004765856912310592,0.000975889600350678,0.007434531004020921,2.9267027768584244,2.5206682507959016e-07,0.02892241916994932,0.6508898957768106
KEN,1994,0,1,0.02450077028505429,0.04398198164507536,0.0006132280387156986,0.004756553830850351,0.008180542687668681,0.9788416234370898,8.712472027770724e-07,0.0012509707615179556,0.003677146621690476,0.004904904687328063,1.9626296077537781,0.0007520210541182205,0.014204870088940181,0.6171484072739756
KEN,1995,1,1,0.07171224780541957,0.061865947927050115,4.303266323590374e-05,0.0266962583748671,0.0004327150423454183,0.5652586669174766,0.0014020004665223807,0.0004094934843086522,0.0036598088283954174,9.693648597505971e-05,0.808261422131733,0.005668466665274901,0.0008124626905927841,0.6006790033514492
KEN,1996,0,1,0.1176838945536617,0.020500191178525837,0.0003804228520773973,0.5261726192675459,0.09351017029074432,0.2231488332714131,0.01865283358589943,0.028019158784058504,0.009413400061682268,0.03284582186604773,0.012320953197041115,0.04461117995854932,0.016966531017948705,1.0708517877848165
KEN,1997,0,1,0.11980567296343786,0.03723474053481579,8.597666917755123e-05,0.3544210665055866,0.0535649504884751,0.49902840328732556,0.013655794154422321,0.017174146200585504,0.011415215108528982,0.015976466383978174,0.27443951210224976,0.03528486445944699,0.005603430622835374,1.254100036876305
KEN,1998,1,1,0.12341270526376899,0.03965079561567216,0.00013354043964038508,0.34571509418491525,0.052974652326222074,0.40600059730568966,0.01338778722652416,0.016765433859913453,0.014498666373621488,0.011697533954693388,0.18285779100859997,0.03322379078137047,0.006888573056615977,1.098913719666429
KEN,1999,1,1,0.12371592166561234,0.04767884256037617,3.059270010374971e-05,0.29124163562488004,0.04013471635610321,0.6349131112131876,0.012146371156065235,0.013401708291812154,0.018439914132105502,0.006061726234193229,0.46239157155335353,0.03144491984853524,0.002841351617829111,1.3063276133487525
KEN,2000,0,0,0.09657977031278757,0.031369468368433066,0.0008441989036075187,0.22629533870377247,0.04011298738314529,0.011634752951920438,0.005307988732946437,0.010806898277123063,0.003697976613893453,0.05250932222612823,0.24049821357902754,0.013152342842511103,0.02157521100870329,0.09837164542210365
KEN,2001,0,0,0.13381919763582728,0.03464424961393607,0.0015995888176227372,0.38322141913303986,0.0744092993449292,0.06546238943853393,0.010024898916081385,0.019702725880114125,4.669968401264933e-05,0.050623224907835294,0.6635234853184114,0.020939827670046283,0.04088972113106887,0.08946272427210239
KEN,2002,0,0,0.13872218626146976,0.02474179376795377,0.00176769500691586,0.5366677889132869,0.10896917624308534,0.04395929306589431,0.01619086835773168,0.029366493726671872,0.00450821989197836,0.03832908765127981,0.7159067353231803,0.03162339034401266,0.04897057229172936,0.18805542350734206
KEN,2003,0,0,0.11744039352937323,0.018011061744355652,0.0018457966020545152,0.48918052408622914,0.10246551463582351,0.09972259695132435,0.013881895400048683,0.0271360189671543,0.0011622514880084748,0.04610705778720625,0.923038997716032,0.026950610248483893,0.05011669055779886,0.1008664957616347
KEN,2004,0,0,0.12591937426517094,0.020739744664424038,0.0015052593578200719,0.519555668385497,0.10445915303070628,0.02094776202822739,0.015391817310915856,0.02841389944952614,0.0019596959368849954,0.046932584950503356,0.5463915349449638,0.031791601623658634,0.04332934575770619,0.2369861541306827
KEN,2005,0,0,0.12168126549086643,0.021880945867671413,0.0012568788053754516,0.48219909136284334,0.09421870531709275,0.005094020007694431,0.013920374224570636,0.025887340789840608,0.00031526422958087145,0.05523291240503331,0.3732756553071879,0.03060018033415406,0.03700278318537123,0.28377146546027787
KEN,2006,0,0,0.12318122616762575,0.03347486214812272,0.000958767828553831,0.3567958448665862,0.06444902527999866,4.4825291158381474e-05,0.009609251641215543,0.017845462422656663,0.00046526371852111,0.056691311825110315,0.19799557348167726,0.023028151618872925,0.026956183037022987,0.2556036956710595
KEN,2007,0,0,0.12271053615902594,0.05034758886229898,0.0007672069433749699,0.21663632674963748,0.03494067400744996,8.817202047174055e-05,0.005301316750787224,0.009622583639787618,0.0016448989995685695,0.04237780293818179,0.1260312747228357,0.013436828429292254,0.01890548737950381,0.14662465019124094
KEN,2008,0,0,0.098101207863395,0.053367268893156385,0.00038086988196418554,0.10800371672132818,0.013904159699390194,0.0071010798297915945,0.0022067646490597217,0.003944806877495854,0.0064776218376690915,0.038555313127487126,0.013716204213798015,0.007140241500387485,0.008612783695356655,0.12266704635550638
KEN,2009,0,0,0.14748962087952946,0.0370736747262923,0.0019265371126041455,0.4268600185732399,0.08555872310785816,0.09899559621504153,0.012391608667803337,0.022523653944407987,0.004115748889043283,0.027234330738657105,0.884636045646769,0.022740517240100105,0.04838507041759525,0.07005624681841874
KEN,2010,0,1,0.15054108676079575,0.030128241312337323,0.0022257474210084895,0.5225055681339333,0.1081381858118153,0.12900578219730566,0.015211984663714958,0.028472835127470893,0.0047740734754504665,0.034613240684781034,1.1056055255403643,0.027971762739491608,0.057702148579334145,0.08331149688160155
KEN,2011,0,0,0.13564186243166856,0.038478055265072385,0.0015761052439156585,0.3549387618974033,0.0678596575544155,0.0693478996090877,0.008945916382535272,0.017889036150300134,0.00041744236405380546,0.05260374142804469,0.6498628147872026,0.019021425373909388,0.03941931623113811,0.07424493818005677
KEN,2012,0,0,0.10388761066582518,0.028062616239251617,0.0013997857557982646,0.2785910999761427,0.05555632465829841,0.09189595108911719,0.007592722467145284,0.014459604732424565,0.0008460592061684643,0.023845148623818452,0.6789055629836122,0.01414870686608578,0.034233183444388325,0.02960933188129509
KEN,2013,0,0,0.08665934495576812,0.023548645840843863,0.0012094061417759641,0.22948053227616186,0.046085691852833975,0.08890989747853557,0.006262199277628427,0.011932661760400018,0.0008918119910944334,0.018493232961687835,0.6103607579440644,0.011397087794219387,0.029284916452876862,0.01816606710391523
KEN,2014,0,0,0.0663774723820687,0.021413549945975018,0.0010191072372602982,0.1412999789125158,0.02853069408712346,0.11850489732371888,0.0035865528444719726,0.007136347734667479,0.00035614127064701346,0.011550579253698248,0.5921377511529599,0.006003627330431517,0.022937787824980557,1.82523604727574e-05
KEN,2015,0,0,0.05435964437781238,0.0058826471226232765,0.0011979447344999505,0.26094614286715784,0.058542377624839124,0.12582974018848234,0.0076976100178570055,0.015153172770204162,0.0033293104629623193,0.014826669958158997,0.7785113693301999,0.013045001372804335,0.031562921238309435,0.014036411310468367
KEN,2016,0,0,0.033734296793719316,0.003443099569844103,0.0003347246087301343,0.18471997520132127,0.03699927494442852,0.0008526839816253422,0.005875158156331204,0.010377959978763557,0.0011681199923971508,0.015692186459111367,0.07709369784063627,0.012749634280040695,0.011274341611997628,0.15688267258673091
KEN,2017,0,0,0.03268611023599824,0.0084941314774929,0.00024547581730551937,0.09930096127684662,0.01800753161986519,0.000166091698807623,0.0027903414517269558,0.005018577646687074,1.0926868298296848e-05,0.013918869931712057,0.04551342208674609,0.006566195586117476,0.00707790760503085,0.07878337335711195
KEN,2018,0,0,0.02426164593206196,0.0016602205353802293,0.00023558673872415013,0.15627916447243098,0.03127585234342696,0.0025350884112457675,0.004738446967306198,0.008830105735656422,4.102056383888272e-05,0.020012739301873073,0.04599539265988973,0.011087180104820635,0.00858765738780384,0.15305347775978562
KEN,2019,1,0,0.019429192877952875,0.0014481262115391097,0.00019940697018322093,0.12081091182581959,0.02426454459694956,0.0007633172879870195,0.003631562407646787,0.006814081154621666,2.446563459143597e-05,0.015505760334178793,0.04494641381077898,0.008403754976246153,0.007035095339493305,0.10816352342529978
KEN,2020,1,0,0.007875220543942286,0.006056737517588246,3.517683976108361e-05,0.002673249130830576,0.0001778605457237657,0.0007268018419005017,9.288133222942206e-06,4.204171668262398e-05,0.00283691797365902,0.004690734588586012,0.004728847302872314,0.00010133738289802624,0.00057058207429469,0.00040062517800338953
KEN,2021,1,0,0.011942986321341546,0.0006590129318693779,0.00010327681514701015,0.08349670947952251,0.01642953103236972,0.003616381225940771,0.0023751465814313877,0.004678434493686763,0.000294014880345265,0.015896745468349315,0.013888625976211459,0.006112059202322026,0.0040790273170157754,0.09669596332613618
KEN,2022,1,0,0.012899892649764775,0.0008846466115612772,8.999133924631141e-05,0.08574958813615696,0.016426574417745105,0.008127923037428911,0.0024186239290340974,0.004728665526188176,0.0005886815876663329,0.01826657104050591,0.0059285914135908556,0.0064965936494895534,0.0037524414694131954,0.1168799401247581
KEN,2023,1,0,0.01718298138869498,0.00011131544002325334,0.0001958657775205364,0.22966085830772773,0.04814901110946302,0.014795380991134595,0.007140123196830745,0.013800165049275875,4.471930658481347e-07,0.03384008232299191,0.027666658321320623,0.0174755302075644,0.009495378741634255,0.2894958978799069
KEN,2024,1,0,0.012758228313297369,0.00015441260070696495,0.00019324862648213538,0.17612536552007557,0.03781286689118092,0.002544430864421935,0.005376707019703073,0.010685098699710523,4.880968908825309e-06,0.026039531248634146,0.050042783463747846,0.012763873698774646,0.008499275856169618,0.1778141206440962
KOR,1990,1,1,0.02515783773239488,0.021099875029208015,0.0008670218097180429,0.9744987839699819,0.22871834168129693,0.008020680737994947,0.034840304466033555,0.06459760740594143,0.02089923297701962,0.054758066461594715,0.3526335527506551,0.07165270552563896,0.0440249100324214,0.9165440572537613
KOR,1991,1,1,0.023562312136034835,0.02773726296868737,0.0009132235113023094,1.0757504827201987,0.25422763575146784,0.00964857543988519,0.0387303722660596,0.07184518797405037,0.024296556583117027,0.05880829210659511,0.3815419772295715,0.07941892685638904,0.047690337865687195,1.0217486918723617
KOR,1992,0,1,0.022571926567928318,0.030601833608469946,0.0009396502651661214,1.1069351000545415,0.2626330174167429,0.008344982635433448,0.039755683199759896,0.07416673928994713,0.02482856451169748,0.060899196696009544,0.40631207229244004,0.08156296310142792,0.04923681385030921,1.0380872118305577
KOR,1993,0,1,0.02168313402698561,0.024366462200488253,0.0008103525603183877,0.9684707918500024,0.22827379064537906,0.010370052151554768,0.03474405418918706,0.06456512608818277,0.021190286480872168,0.05417617483687114,0.3289276103124619,0.07170441739591579,0.04254719891253652,0.9349928352947504
KOR,1994,0,1,0.016430503961930545,0.020938953999395854,0.0006397950525370298,0.7828807737046977,0.18471211409262875,0.00877106932529604,0.027952899031877382,0.052257091708964004,0.015302567659467135,0.04690732719143914,0.26049941992281117,0.058054832176018326,0.03406214319543975,0.7621385058889294
KOR,1995,0,1,0.013098878197370567,0.021461603218537267,0.000561490120982861,0.713565937766765,0.1690747090957749,0.008408128771915439,0.025480409821654056,0.04785105404282229,0.013377808997858488,0.04392232084388135,0.2328599463965184,0.05305979321779005,0.030589982708287222,0.700633833114715
KOR,1996,1,1,0.01417004638319442,0.023829793505051225,0.0006310691108989677,0.781331050844862,0.18577836873272668,0.007334296158802715,0.02805497881287364,0.05252029174965084,0.01644163845755828,0.044913989475409394,0.271639791706179,0.057870484367275266,0.033984881951234086,0.7493241469352245
KOR,1997,0,0,0.01494500787176238,0.018496035153729183,0.0005959454020632723,0.6997952662874594,0.16542764703382834,0.005479677925887977,0.024893910485106443,0.0467187277125831,0.013596964268319009,0.041938792615937276,0.25294189188797106,0.051546706228936735,0.031136577582074613,0.6598920781262085
KOR,1998,1,1,0.030739578850906297,0.011441677126367372,0.0007752430177572781,0.8547816909111974,0.1967800985967945,0.013899381597753755,0.030718559982598974,0.05576922871215292,0.022371073700713555,0.04212362290835249,0.2652552760753244,0.06338522809785689,0.03829968803758706,0.847992015642442
KOR,1999,1,0,0.009607549835619844,0.00024281210224352378,0.00013060914893034094,0.1450773026561273,0.03131767868953603,0.006984792662820598,0.00490552207481855,0.008949460856423015,0.001099958182820993,0.012635266508984251,0.02516436359817212,0.01096194925481279,0.006224377613486824,0.16926262453896015
KOR,2000,0,0,0.004252934069266114,0.0025579670282653926,8.27463062019735e-05,0.14651198893713208,0.033072163159596976,0.013164720778292838,0.005338071825524004,0.009541006305616868,0.002919189385658073,0.00893538786055444,0.013904388683028533,0.011604889045396794,0.005131942118099934,0.1956947381198775
KOR,2001,0,0,0.006915272017795442,0.002134638386969565,0.00014899328096605792,0.1817469919872706,0.04109353053904569,0.0055616813563890725,0.0062995777194464935,0.011698683316954115,0.002338797690129424,0.013347193987561266,0.04164182866194193,0.013682420861412666,0.0076794025350082114,0.1985832821201419
KOR,2002,0,0,0.011992380532862132,0.0019505062758846195,6.64999792724782e-05,0.05404867839032031,0.009966317011454938,0.007411913164102749,0.001712778211674339,0.0028895444063767738,0.0001574750042672713,0.005645852612416578,0.002617379884556549,0.0041391625353077825,0.002467419919003858,0.07642940773890743
KOR,2003,0,0,0.022050221842795925,1.8963126359192352e-06,0.00024591267182589004,0.247480912464658,0.05245266562242966,0.014485599976011862,0.008677435557570196,0.015023316503162328,0.0050282624860453875,0.014155681041298742,0.040348756877432626,0.01873536809464761,0.010935450815854902,0.29155230830016027
KOR,2004,0,0,0.02571566761372672,0.0013889931419325742,0.0002044289387208912,0.18055681887711994,0.036277380432629486,0.015467017631428765,0.006308474742000051,0.010440004084846504,0.003966477851232727,0.009647613645153624,0.021231595536133425,0.013719022398054627,0.00823308056817781,0.22580380794109756
KOR,2005,0,0,0.02914927361156269,0.0030065238896782682,0.00022887968004298032,0.16218924129824233,0.03185584221694843,0.008597891481624865,0.005396195928445911,0.009098618902818384,0.002135057113293698,0.011061602724260109,0.029573505731739464,0.011923494345741617,0.008329474340417366,0.1826658943309421
KOR,2006,0,0,0.010305060398023595,9.215665291324817e-05,9.574385926752845e-05,0.09838678534213238,0.020373366782494007,0.008224709892749977,0.0034407101306844386,0.0058632830257777215,0.001835148447840521,0.005904851358765941,0.011298322643123372,0.0075404834120001195,0.004224435027193067,0.12447495821450502
KOR,2007,0,0,0.011544112984234405,0.0007614204698291061,7.462129376009343e-05,0.07741080539454932,0.015227629930799753,0.011787358188864712,0.0027433239052001494,0.004429441246466122,0.0017713183860550838,0.0040939210113886855,0.0033456841586788845,0.006084331819052784,0.0031680650308017985,0.11212899629142027
KOR,2008,0,0,0.005054995867377906,0.0020267645106225507,9.966423168847705e-05,0.14659939293597704,0.0334692625224575,0.010252210046129723,0.0057294477865988324,0.009623794786372635,0.007919504590011105,0.003493273208043271,0.02149762089213522,0.011460844341527585,0.005572899562204051,0.17975562823062083
KOR,2009,0,0,0.008690162550229889,0.00117375255370028,5.804075123143783e-05,0.04282810832580802,0.008226558287477738,0.0038565878370010694,0.0014622732182367783,0.0023678217582672307,0.0009386786066568937,0.002247720125328931,0.004967192605546227,0.003217526135006799,0.0021021139949278117,0.05318796108879349
KOR,2010,0,0,0.0069784669526934745,0.001932945731022552,2.404773600914875e-05,0.021314402912574148,0.003622753745427754,0.007460241849469049,0.0007666124072408174,0.001078186085689993,0.0006627998740156155,0.0008622997939399311,4.750581135013835e-05,0.0017399496825896057,0.0008524096316367488,0.03896864753175335
KOR,2011,0,0,0.00038409959036525164,0.0015758140162763497,1.1327093235679094e-05,0.03762081765827311,0.008874595991447196,0.007056933036342718,0.0016329777604234058,0.0025984715077382926,0.003699707974312976,0.0002455025147179922,0.0009388821205712988,0.0031784404036085652,0.0010183191756257411,0.05943889819034579
KOR,2012,0,0,0.004303536182326948,0.0015612531785661593,6.491348820904326e-06,0.010109487716556322,0.001592680245775111,0.010820944916124734,0.00048547445931461716,0.0005011050254991765,0.002501276684380583,0.0001256778905253002,0.003359740118193118,0.0009540480427466192,0.00025497487826653295,0.028671120514892862
KOR,2013,0,0,0.005598918656756519,0.005285627581329577,4.5972231144416757e-07,0.0008309479662330918,1.40306209510455e-06,0.013847773325018027,5.170578720498216e-05,4.082249163398559e-06,0.0007189593883742639,0.00025263725990866273,0.016993465746781684,0.00014070317235930958,2.5768466106862977e-07,0.013640818168646393
KOR,2014,0,0,0.002514899181077528,0.0016801254382209278,1.0915053172456351e-07,0.002052347701519383,0.00016852753206566471,0.010688771469123679,9.47630982879412e-05,6.599549467631195e-05,0.0003477881731981182,3.3836249188710793e-07,0.010838762727992142,0.00026284437563274277,6.206239376653116e-06,0.015465077701890399
KOR,2015,0,0,0.00794103667116028,0.0032160105471943806,1.8342380236770674e-05,0.01579699136362152,0.0023426170064888324,0.009359871418378489,0.0005205726598312478,0.0007132408144810521,0.00020505230148357804,0.0011014329632456975,0.0014051460921573344,0.0013363737364190044,0.00058933657475378,0.03561162121561653
KOR,2016,0,0,0.013963810071053361,0.004230003601776551,6.19102649000401e-05,0.038119001872497324,0.006457100036473686,0.0064001870794396995,0.0012102128847600237,0.0018794700686094654,0.00032332962908858,0.003011493756950442,0.0013690494179238889,0.0028897085184589073,0.001942106249181764,0.05478334199753231
KOR,2017,0,0,0.01688178977601944,0.0029991531152300014,0.00010296737970419105,0.07095610942458115,0.01327609827882595,0.006969151086221975,0.0024015692974261858,0.00382550020093868,0.0013969604942818989,0.003922473796492373,0.007453510355523685,0.00531744082009223,0.0035701948698782494,0.08933867542104106
KOR,2018,0,0,0.0080487981242422,0.0012726649449117998,4.0485479737523805e-05,0.037053236082478284,0.006880683146972901,0.007356097685999215,0.0012926347448548514,0.0020131946860632915,0.0008702501052432353,0.0019017342830208504,0.0007222670746010617,0.0029267342335123404,0.001558743547385478,0.05707085245170426
KOR,2019,0,0,0.012023053871454845,0.002769275148374313,5.72407997478096e-05,0.0422858113284131,0.007621164523884844,0.008033802435765158,0.0015273744128541625,0.0022272521877236616,0.0018727823501588543,0.0011700490184618554,0.0013028266122664064,0.0032917234359136223,0.001963409625911529,0.06226822630824548
KOR,2020,0,0,0.02948080612353833,0.0035387003458252756,0.0002309758730879961,0.15218870744010274,0.029974825008673316,0.007441420535134437,0.005317805288652668,0.008554650513665265,0.004920693397175293,0.0058283131828987065,0.03198100517426181,0.011135724421811034,0.008106892630502674,0.16471422201182398
KOR,2021,0,0,0.044937126067000885,0.026567431390012258,0.00014735229765215746,0.04033247391970945,0.005074131610319681,0.008409930220000809,0.0013159976541759217,0.0014828462779298787,0.0018056568517713905,0.0008202950884446305,0.001698062926621395,0.002859861519633649,0.0030923005275424937,0.05390454202034908
KOR,2022,0,0,0.04038548833316113,0.02389830339778984,0.0001324513228767296,0.03596356919264276,0.004611103250857651,0.008196641701530262,0.0013195716314474638,0.0013522671793171675,0.004106589253755931,9.847078186340178e-06,0.0015751926194823567,0.0025774623694544744,0.0027554540617299316,0.047864306716774836
KOR,2023,0,0,0.02526778109519252,0.014178836715245452,8.181711663260294e-05,0.02582824885745998,0.0034608886192008933,0.006811897650421429,0.0009591732870357527,0.0010202057607079833,0.0029560872776469827,1.111151548140603e-05,0.0005865053285559659,0.0019024250545524837,0.001794175272301373,0.03695296422542012
KOR,2024,0,0,0.02733293606365443,0.02405283896120679,4.620946972876543e-05,0.0049197440991786395,0.000125245733599612,0.007911029462558679,0.00015841120406376926,4.5792148508777044e-05,0.0008577360025708966,4.6962697528618336e-05,0.0026530884365611185,0.00036859419832284814,0.0005582516558733395,0.013529163562303432
LKA,1990,1,0,0.004721574408705418,2.0273693327840842e-05,0.0002632481001835949,0.04969811699304151,0.013857553999925151,0.045880231751779126,0.002599817472613167,0.0035496476914393736,0.029967087702928424,0.009024904903585497,0.2530652069589926,0.0023316651867072618,0.006953651744102713,0.0004131338396590321
LKA,1991,1,0,0.0009025810775352134,0.005948514029382088,0.00039317570333039767,0.09880872232511814,0.030052160573862893,0.09790252972220966,0.004714515834925279,0.007718847028295611,0.037488769643374574,0.00651422252905063,0.4955992966829776,0.004775615298627093,0.012089665450674896,0.0004214200836710793
LKA,1992,1,0,0.009831830387714619,0.059199261753397465,0.00016653087671975178,0.169473730407308,0.05589289957857772,0.04061142575743544,0.008546053436980762,0.015121441728305948,0.05020784671558546,0.004233175069752506,0.368096380470766,0.01093255858756126,0.010029995167888751,0.03375472956300781
LKA,1993,1,0,0.010868811902443955,0.060765784186727706,0.0001232334210298019,0.16620425461591087,0.05465442999723955,0.022908506733943793,0.008808126211766356,0.014944469334925225,0.05752915550350301,0.006570560307153551,0.2885769370527066,0.011280375532465267,0.008577370864017655,0.049698279096179104
LKA,1994,1,0,0.005122139338650634,0.050096492599763974,0.00018563706813247828,0.19829416963337412,0.06180115942736305,0.02361591195944356,0.01002432079199358,0.016899443814732813,0.05888348573854278,0.004999369229995471,0.32505916133107593,0.013318967490361478,0.010932514601565515,0.06294009292579839
LKA,1995,0,0,0.01746776046814895,0.046253168918920715,2.3734257890495348e-06,0.05091053141526731,0.019386887816076993,0.0015221333723837507,0.003344890932117979,0.005423211081607817,0.03160218044026492,0.007340229731880305,0.056595757750384154,0.003991657967559427,0.001382433302447644,0.02783574267396497
LKA,1996,0,0,0.027240855650611365,0.06014217801935237,1.6793260973523806e-06,0.04282769809352158,0.018473053418828857,0.0094560553925131,0.0028448144570820916,0.005067643505723189,0.0274447520743395,0.006513805756809878,0.09010127636706895,0.0031371354623789694,0.001336760395342132,0.010844813229562373
LKA,1997,0,0,0.025479827554799554,0.045426323283746094,9.855940396715141e-06,0.017163117609976276,0.008634099928227798,8.426254724652122e-05,0.0015285499184930138,0.0024535251970106632,0.021470112033547418,0.007957251469396395,0.014689628745875014,0.0015774374211793298,0.00010850925273953004,0.01297883890542157
LKA,1998,0,0,0.01490750203141516,0.03579465128006354,5.039933588090173e-06,0.034641236608432824,0.01275352881986469,0.003700219873146364,0.0023593343154671422,0.0037151568016038894,0.02035516325822209,0.0040656908952590165,0.004002717421839467,0.0032651679041567484,0.0002962729309696771,0.04979141688980103
LKA,1999,0,0,0.012330755783673035,0.049266074896829576,6.894506075285576e-06,0.10441314263937405,0.03328716330328404,0.0010402968423133209,0.005560105184811139,0.009484036467150625,0.027772703055270465,0.0012768002526260887,0.0412058842479971,0.008561173523170667,0.002525145732255765,0.102649968493886
LKA,2000,0,0,0.017580118322240174,0.03810880601389458,1.557235724212762e-06,0.02733393803296936,0.011352028034603463,3.032186457989926e-06,0.00204895101344251,0.003225478287126661,0.023033804820113694,0.006747391693190095,0.019112627565624235,0.0023692870980645394,0.00039224230193062693,0.021877672823892365
LKA,2001,0,0,0.001710105023428558,0.012017922567972511,4.21703264710442e-05,0.03788903529003769,0.012758132760088067,0.00802709811266969,0.0023260217702087836,0.0034664467138145333,0.026489333018674798,0.007644607525731692,0.08655474617963768,0.0024798985175337376,0.0023252032267501057,0.0067272662760255965
LKA,2002,0,0,0.001549023739766009,0.001496349280963882,1.207722276373706e-05,8.194363893247606e-05,6.092988039634932e-06,0.004417265736338782,9.509699118784313e-05,5.533433627508997e-06,0.013443794422074159,0.01349338974467554,0.005424226066337324,5.733319453192703e-06,0.0001746508869894057,0.0014326312273518437
LKA,2003,0,0,0.00033152637003332306,0.00500739745917277,1.5634034048219423e-05,0.026035979664100834,0.006705083545977484,0.0019817943401537115,0.0004301625921461157,0.0018255083249412488,0.008671709988701485,0.024193953577699216,0.020973073960560005,0.0017206276809129113,0.0011909249970763237,0.016619845662324065
LKA,2004,0,0,0.0010962207176896741,0.0005346780958062274,2.9982926131426496e-06,0.0013468330922650712,0.0003057257154150309,0.002222606211214983,0.0003338502595869771,9.855718282912319e-05,0.019116671160465143,0.015478118136222534,3.4780256230089594e-06,0.00014300166644817873,5.954815501345156e-05,0.0024328798891705503
LKA,2005,0,0,0.004287212106489747,0.0005927642132295762,3.058343915249314e-05,0.01990262824339187,0.004364730086611147,0.0034378895211580546,0.0014480430758614684,0.001277936809947029,0.02486605311414922,0.010902508991621691,0.003709478163424904,0.0015974286817875705,0.0010000839976770258,0.022328210155681122
LKA,2006,0,0,0.0020697199921204017,0.0005914213192490906,9.401282473507016e-06,0.005580557974325731,0.0012058364621762479,0.002723958565047875,0.0006124499590258238,0.00036454742304702634,0.018575498179627455,0.011692301003895891,0.00030644465745605743,0.0004906068884087648,0.00026375639638295193,0.007727825042670266
LKA,2007,0,0,0.005534967946767909,0.0011728062354553377,3.66375157175873e-05,0.019499948928237882,0.004101392033927185,0.0027379787154205334,0.00134864950931742,0.0011949686293626926,0.02192609640966365,0.009194048854603282,0.00452807353976651,0.0015201670953784762,0.0010938134137329204,0.020367078603681976
LKA,2008,1,0,0.0005999704175974802,0.0012540249843477562,2.9170791088625237e-09,0.000916430024377797,0.00026309696046696024,0.0009616008357336376,5.402303194037535e-06,6.642868115795797e-05,0.008489794426365079,0.010869881752155084,0.001385774668269542,4.769703773086767e-05,3.095278985175595e-05,0.00036319678403186995
LKA,2009,0,0,0.010213534498055543,0.004173496216638462,4.5665817078615085e-05,0.01816229756464053,0.0032255394070155622,0.003763857983010958,0.0010922478412101245,0.0009468318597323588,0.015231819592573016,0.0054423327402735415,0.0022945090998286654,0.001393432914650558,0.001143397026829879,0.021413204744558833
LKA,2010,0,0,0.012327690315856125,0.01076276277512166,3.918383534323013e-05,0.0018551835195092738,9.251651629876457e-05,0.00017648487208072388,0.0001619522457750444,2.6190608262947255e-05,0.006987089769080734,0.00508746091036802,0.001974501886120802,9.418136733489336e-05,0.00048259340542539884,0.0005109320593221553
LKA,2011,0,0,0.008492411538167113,0.0032916908544670656,0.00018813304442112934,0.012473463015691006,0.002835629530697506,0.04418694850845794,0.00035035453843283216,0.000641287422807459,0.0011680423754224366,3.595117169535202e-10,0.1514574294520333,0.00029826003383236926,0.0037272693699739526,0.010378290447506645
LKA,2012,0,0,0.006763719166236103,0.000112775017628016,0.00019631998743860373,0.05265730816640973,0.012628103070748417,0.01849219192725837,0.0019098408385673398,0.0033218028908659956,0.00469813813070745,0.00018617221393972278,0.1384741529838614,0.0028349216111234615,0.005591012677622125,0.004964606852422678
LKA,2013,0,0,0.6304995420468377,0.44805726626281167,0.002468031893165927,0.29942579999103874,0.0303191304708943,0.0018797505404455175,0.008900952264713217,0.008330620388027003,0.019565794066862378,0.0015585383584742194,0.1869800705473297,0.016813433438686513,0.04186603977358978,0.17066751918843442
LKA,2014,0,0,0.021000149406085734,0.0026974252455096927,0.000483367017641419,0.4149582213225696,0.0962998619325096,0.002190979080609102,0.016445814693777094,0.027149468269305286,0.033320127005976606,0.003906300765329597,0.18602802644872088,0.030044637923759686,0.020991469433462768,0.3530120078650319
LKA,2015,0,1,0.03459477026099057,0.0074190055725763746,0.0008625123950898097,0.7900441313283685,0.18402193752817275,0.005035689773580258,0.030761816202201895,0.051921084665673245,0.05286621668171639,0.011878679697183472,0.3351600577839904,0.05749234625459739,0.038825843385803874,0.6906742829247698
LKA,2016,0,1,0.03282610946182589,0.020592135167883885,0.0011016911211398606,1.1072403902700887,0.2629266449245761,0.005368133384210231,0.04279582573827659,0.07413754233421933,0.06493570605707273,0.021834693036417867,0.4782713360242594,0.08081353016611756,0.05270222144441257,0.9657421918858672
LKA,2017,0,1,0.05242012155433893,0.02728008174078758,0.0016893410239963522,1.6354464001125018,0.38640685187461876,0.005293150939133438,0.06192490833660387,0.10878967558507203,0.07969063842430633,0.042481458517466014,0.7348476453591992,0.11856589740372515,0.07935736303211781,1.3993498278416043
LKA,2018,0,1,0.05203497302656099,0.027351082374753314,0.0016887130047976713,1.6293203546048127,0.38528715981868095,0.004949080164444383,0.06174855964486042,0.10845754185068301,0.08132389207818526,0.04097872295245397,0.7389509371669352,0.11805936118871148,0.07922337386069447,1.3882141291259775
LKA,2019,0,1,0.062063001906454,0.004626046680482823,0.001298641660388939,1.0868385477541938,0.24830856828130973,0.0053353201952905755,0.04092410070937001,0.06994631544996613,0.05742124108080979,0.024472363050603182,0.4746692318330565,0.07827838396821689,0.055560659122070144,0.9332033492738442
LKA,2020,1,1,0.07047924075128639,0.009588202008046642,0.0016183459658963794,1.4175572847403903,0.3268832717902268,0.0073610077657596164,0.05369522543412613,0.09212316488947976,0.07813581975834602,0.030235277132282842,0.6128744789681541,0.10251014718637734,0.07110523186103838,1.2259102538580273
LKA,2021,0,1,0.02316410639615687,0.03253077064400971,0.0010311515223682926,1.1492242197632534,0.2765495824147965,0.006048741830234294,0.04403138718551007,0.07802523608213956,0.05824381998446541,0.029014295736648644,0.4785935667972475,0.08442412726166239,0.052542446311205325,1.0233592476732098
LKA,2022,1,1,0.06666106817444313,0.0019643723341951774,0.0008499892358214437,0.5191701497813281,0.110856227910534,0.001624298082455556,0.01864092985206959,0.031120922052912992,0.02359770999157798,0.013595445408189235,0.24691020074798906,0.036306313533625005,0.030467361805709244,0.420022033938455
LKA,2023,1,0,0.1454685693827036,0.07706218126021384,0.0006652939113774278,0.1624915924588105,0.02371349577922545,0.006006528051689357,0.005595212936205125,0.006701951064572652,0.013636741506375456,0.0006571003247782104,0.05540424429472443,0.010658942494691414,0.014453818977526067,0.13860612531300545
LKA,2024,0,0,0.14489009129281977,0.09531130943409466,0.0005407233551463621,0.09213062823124998,0.01061977582088624,0.005691017911194539,0.0030352171037649573,0.0030083111714610334,0.008230332281511281,0.00016169079549583634,0.02705280352871375,0.005798610689378195,0.0099725924056818,0.07927780685318088
MEX,1990,0,0,0.02580920512724966,0.01253624625023593,0.00018530983002487244,0.032083325377739315,0.005404656856369354,0.0018864235502218652,0.001238932381419286,0.0014522792286126075,0.006118397523969691,0.0002850129866393423,0.048276599231572806,0.0017874868595859337,0.003923435497145076,0.008642827281717582
MEX,1991,0,0,0.03281458852545074,0.01931712309785469,0.0001920855845350409,0.026748939441320965,0.003890197848509434,0.0011573277217195297,0.0010003651559299114,0.0010421769343329508,0.005157897185865103,0.000296919022131038,0.03868296036637709,0.0014426173429969462,0.003685620941685348,0.00720003646829123
MEX,1992,1,0,0.04041994583681339,0.02104278503891114,0.00023738749998942276,0.04501673351820052,0.006978392494232288,0.0002544039907285807,0.0016085929184565433,0.0019080195167162349,0.005118708349336075,2.2600225364099953e-06,0.04251956215725756,0.0026530831388773203,0.004994949508254009,0.02062925702431724
MEX,1993,0,0,0.03678665505572835,0.024105272073083366,0.00016740526810706395,0.022684868025872395,0.002799324168175519,9.148501715109485e-08,0.0008437591441331174,0.0007666545539152047,0.004247789958156172,0.0002354325251046789,0.019409190264919392,0.0012897123428854838,0.00301898437994337,0.01058469115025717
MEX,1994,1,0,0.03332114835598639,0.033891440930059746,9.952084316305738e-05,0.0008190153168732949,5.5767533706091674e-05,0.0003199480950158555,2.7020349507066865e-05,2.0364527830149848e-05,0.0018250565879825633,0.0016152525137637915,0.005756503453172603,4.759613002563361e-06,0.000967901868238533,0.0005078549344807629
MEX,1995,1,1,0.01953747056142506,0.042348098460957856,3.5004612102686116e-07,0.03093768616093382,0.01191534877680464,0.0026731897668755954,0.0011082088780580831,0.003295556737940734,1.3118167616429619e-05,0.004907910719885967,0.03100973971571827,0.0023642579379410202,0.0006252193344714948,0.019098434742554803
MEX,1996,1,0,0.03336716176037327,0.0069792750294666635,0.00023510261288718282,0.12198312300132905,0.023305068780242202,0.0050272514839859814,0.004613274172261976,0.006635227942869362,0.009234483061069176,0.001102826907864982,0.03272904819767248,0.00874626952613542,0.007309927040826227,0.1211804471905711
MEX,1997,0,0,0.03196567120571337,0.0062387640133466675,0.00023567165727264962,0.12280958244737995,0.023615045645226634,0.004053930514697801,0.004525481949070866,0.006707258435705971,0.007434404920621335,0.0018965990418961418,0.03566630854816199,0.008749672239372251,0.007399365303522246,0.11896742519279943
MEX,1998,0,0,0.025684952722878743,0.009599328390192523,0.00011766235155486223,0.05346154235703723,0.008889974452888656,0.006774202098553964,0.0019440196462911005,0.0025714405985189774,0.0032651785779365897,0.0007604846267285258,0.00531232201867769,0.003923328508714166,0.0032303718785195155,0.06622480615465587
MEX,1999,0,0,0.014354148786912258,0.005798775798717413,5.563236868842718e-05,0.02712307270984209,0.004343144977667165,0.005854476313307954,0.0010283761852583101,0.0012729238825101342,0.0020302585890700207,0.00023353096492976632,0.0008185493290596516,0.0020598785740552432,0.001519467686184983,0.03909294333068993
MEX,2000,0,0,0.018874680641455498,0.002432747418326367,0.0001843137687642613,0.09160449182365507,0.018579850686250055,0.00036708180255883233,0.0033739481618746477,0.005213219333276909,0.005479966623364953,0.0014306670955694498,0.04467267669540511,0.006308298602465575,0.0058890228478740425,0.07206998172246575
MEX,2001,0,0,0.012321053818002107,0.004203871847865916,4.503060883334266e-05,0.029650913061901985,0.00488506449157089,0.008365397767341696,0.001090189989991472,0.0014433727756179922,0.0011886792729880308,0.0008624095368133845,8.072958436071305e-05,0.002338728749561863,0.0013952498066377656,0.04885976880624312
MEX,2002,0,0,0.008560867925250683,0.0018561085671452387,5.423590640560857e-05,0.030862863808532887,0.005736528910930861,0.002018480411228114,0.0011032115371777008,0.001641940000852394,0.0010029115377537996,0.0011032256157194568,0.005447217340895829,0.0022494750891065675,0.0017343663253300847,0.03456715054284927
MEX,2003,0,0,0.007577059395838659,0.0004670099695790068,0.00012643085642039605,0.04745412815594772,0.010292789100377514,0.003061306724029873,0.0015677304423806619,0.002793124870259286,0.0009673426494364736,0.0023058363315359006,0.05857907340179074,0.0029055005646625026,0.0038675561612402645,0.018722956275849918
MEX,2004,0,0,0.0059399128126012,0.0005233850542786278,8.601697025830238e-05,0.033267929847302376,0.00698048210857797,0.0014485085920903627,0.0010170385824426137,0.0019006483368099083,0.0001399381845929493,0.0029707804418448785,0.03527930308734944,0.002059731466084248,0.0026324456606077475,0.015284402164665874
MEX,2005,0,0,0.005756129289599929,3.43077973275161e-05,0.00013849427681747874,0.05208602491107198,0.011905463818860413,0.006542019147266234,0.0017045192934591893,0.003203219777766287,0.0009486091223870956,0.002733237195657466,0.08038576450381538,0.0031038465176119368,0.00437595351396687,0.015732125974841676
MEX,2006,0,0,0.005475936680342157,4.663953488705049e-06,0.00011735964703870121,0.05566904665644128,0.012535581022923207,0.002269615978868895,0.0018393578336988272,0.003426708531431339,0.0008981746431902282,0.003262278332927712,0.05839418747101954,0.0035429524445980765,0.004000940139498092,0.02647783560689503
MEX,2007,0,0,0.004989891368808181,0.0016776276541269261,5.7691347599477705e-05,0.01061219129885559,0.002017334450534063,0.0032426204506683775,0.0002942803066522938,0.0005247100595988573,3.655623332580309e-05,0.0008558318758758081,0.025182971838738338,0.0005347941428040016,0.001353164982319169,0.0011809558106384663
MEX,2008,0,0,0.0065208892294888274,0.005153441670392459,7.412569337342449e-05,0.0012427702717519656,0.00013855005547596134,0.01681190091023881,9.612711063272713e-06,1.9272744594832028e-05,2.5653980454300308e-05,0.00013972471889832355,0.04551743496256882,6.912324886060713e-07,0.001113965953172339,0.008759176778826965
MEX,2009,1,1,0.0029732594052790215,0.019011706442353137,6.354011292875721e-08,0.06632624545135049,0.018119815442726405,0.015247132636568022,0.002836601242263678,0.00533290720030614,0.0039371322943829515,0.0018631809157358997,0.00010365026619591511,0.006008451930729357,0.0009418991158925487,0.12179469804167568
MEX,2010,0,0,0.012249359746769523,0.0014242814285697245,0.000290684687532114,0.0559061746883949,0.01275884447531934,0.03681393137163002,0.0016739911789955372,0.0032640146153105017,0.001179294979415845,0.002295095965346009,0.20206681840059768,0.002644536259225775,0.007430802666557744,0.000813085827530202
MEX,2011,0,0,0.010081992982802506,0.002176219380676849,0.00023458231878583762,0.030158555772943085,0.006870434166253253,0.040594547479905284,0.0008666366257107783,0.001689717358627047,0.0008935205835562252,0.0007929164093070336,0.17510767375893088,0.0011714397807692275,0.0053888020239588365,0.0013400195926764932
MEX,2012,0,0,0.011662967635814215,0.0013138772626220528,0.00028072488740242145,0.05383444527335535,0.012422362609147954,0.035069236898034824,0.0017212542353829687,0.0031827911144432846,0.002400101052926044,0.0010080894061569939,0.19677157732074566,0.0025592954459678114,0.007162603189693443,0.0007027568649175549
MEX,2013,0,0,0.015288353927047863,0.0015439446277072694,0.0003418350548537286,0.0752952025705692,0.017226433795564315,0.03356938278109309,0.002545239117576682,0.004480009665335197,0.004484984512534062,0.0008717537165334007,0.22359087389159915,0.0038320047598827687,0.009003626299113221,0.00417332687522931
MEX,2014,0,0,0.012193881656885492,0.00016498042293939822,0.00041903297377874715,0.15557934571606472,0.03744423287440185,0.02891669154896335,0.005399232172098606,0.010020436044032136,0.00665401009650642,0.00390569758533259,0.2888468037108786,0.009103634700353795,0.013474307234058397,0.03543620365501005
MEX,2015,0,0,0.007832570463574978,8.436927874566589e-05,0.0002659878259014345,0.09788876124531252,0.023451234915608354,0.018875671378343187,0.003306193039362504,0.00626839425133979,0.003128712897542051,0.0033916531647018282,0.1828833520648717,0.005700055556893493,0.008531026389581621,0.022012254476441118
MEX,2016,0,0,0.0032027489368411776,0.0005061305018395936,0.00017838832579728718,0.06165236928516191,0.015472689695043559,0.02075561163256924,0.0020197164545759983,0.004084986193690504,0.0013830551398521832,0.0028205676668381866,0.14833518718901245,0.0034198971250480542,0.005769061749702546,0.008032549938500888
MEX,2017,0,0,0.001544440545695511,0.0023288449953160965,0.00013442560433589987,0.07570431861055804,0.019088059331036435,0.008572781143019735,0.002543775900896325,0.005169763522442648,0.0011893702999213806,0.004656470453666305,0.10782250349054973,0.004730677950893861,0.005283629498293092,0.026767902009256654
MEX,2018,0,0,0.0018032411547096352,0.0025256212125034936,0.00010124640734244294,0.08822580820480724,0.021308319402268835,0.00047864216350990266,0.003000837314369803,0.0059199774094104,0.0009671428742013421,0.006680157104166763,0.05923159223067011,0.006110243635594316,0.004689402025548898,0.06113492437124429
MEX,2019,0,0,0.0008391298932717389,0.002869635039934182,7.710695555517586e-05,0.06862521645374182,0.016973914841110802,0.0008232244265940675,0.0023675322047291554,0.004702186649029409,0.0008482730963566388,0.004954657066811164,0.05168157640118757,0.004719201389540053,0.0036693205235495733,0.0443643949854252
MEX,2020,1,1,7.052992611637927e-05,0.00025048992463113355,2.7211721723142528e-06,0.0003484368248647699,0.00013404833321477042,0.0031441635555716054,1.1421727276816547e-06,2.911964660246447e-05,0.0008064452433379199,0.0011598778169445861,0.006887550781943241,5.413383869824444e-06,8.832659752419892e-05,0.0007189979677045172
MEX,2021,0,0,0.0004466102448230267,0.0256525352950339,0.00024568092442136543,0.32561303317199153,0.08250584478858311,0.0002475952125504891,0.01123460708497968,0.023065365533430946,0.00296860503425549,0.027492564545102596,0.17851178218195246,0.02343067966272614,0.014575072387748255,0.25815892569776655
MEX,2022,0,0,0.0018041403652179528,0.015182477482557579,0.0003192288641121732,0.27104036200882364,0.06856383005465047,0.009124761663365311,0.00901075694824165,0.018864352157295122,0.0019507689608502272,0.02364563068965025,0.25049576394227585,0.01820455605629408,0.015175789625987651,0.1510740079534959
MEX,2023,0,0,0.0010606682770490606,0.009901928576555833,0.00028587196726244905,0.16618251814827356,0.043912900718171395,0.027208967000157448,0.005740784552373865,0.011838202501271551,0.0038798829841762282,0.008178340272158108,0.2761270170829855,0.010245911186013573,0.011718031992560126,0.04820458540716128
MEX,2024,0,0,0.0008233227891234409,0.007355713400273086,0.00026782897471843125,0.12195983114474569,0.03306993723536282,0.039841074271637196,0.004207566261426975,0.008778845200825414,0.0035756055905062766,0.004829561228856831,0.2848342768306756,0.007018252795695978,0.010065189715829244,0.018205567599688523
MYS,1990,0,0,0.12742467274856414,0.17651069736540112,0.00019291171445081528,0.01641395123655497,0.012540872809942417,0.0003051305895233416,0.0010669452015564945,0.003630584352566181,0.0005445067070090965,0.00174175521180345,0.0007789813563143453,0.0020260824299816265,0.00038845353715277775,0.03363683268212518
MYS,1991,0,0,0.14039580558269452,0.25728146962529985,8.613871360926908e-05,0.11618290557176619,0.0498796615181693,0.0003395370656160223,0.005699132170765074,0.014232653889724084,0.005467717434191085,0.0055307934852283575,0.03271384173978913,0.010653675702876092,0.0004745450832471385,0.14268535601850083
MYS,1992,0,0,0.09667500630702938,0.19313965474285458,4.573006311835031e-05,0.11729333300054741,0.046009494822573646,0.000927105262602962,0.005298358565110123,0.013139688303240957,0.0028550568632793095,0.008682407314339308,0.027853648550920894,0.01050658155906182,0.0007881580200154234,0.14749722649549188
MYS,1993,0,0,0.07088821635514682,0.2157515791346943,8.131135033420861e-07,0.32363201326922825,0.10524878161996838,0.0014525771636489868,0.013766524974592933,0.02988885313748818,0.011958506113949654,0.015202784170851979,0.10758107980071963,0.02660573287425951,0.0062746040216066275,0.3448732843460892
MYS,1994,0,0,0.06893515394906702,0.21791515929051916,2.7732141278819837e-06,0.3455700805193877,0.11168857775752056,0.0013803699626783845,0.014954568582395602,0.03170446809357528,0.016250012235753706,0.01259945014122628,0.12056846835019196,0.028278563043864738,0.007040844355246911,0.3608251938030102
MYS,1995,0,1,0.07745374331760176,0.22843558087823415,1.4093759274684652e-06,0.32362553240944847,0.10707163998246029,0.00014080172686994178,0.01392548384453642,0.030295390477842982,0.013231339159385144,0.013749700013394818,0.13319921396825565,0.02628490341920357,0.006585925675147718,0.31883263828020864
MYS,1996,0,1,0.05985561820891294,0.19129503021968866,1.9607138664275185e-06,0.3099007225629766,0.09894747322151262,0.001707032947808883,0.012814355629331066,0.028103986381720705,0.008004484641880728,0.018899616727086403,0.09769894122616972,0.02538654464683023,0.006189062461719947,0.3349670912177408
MYS,1997,0,1,0.053001601733275346,0.22555641922151276,3.765370393211405e-05,0.5218022171727902,0.1573714670333221,0.001911700185279903,0.020757390535034673,0.04458376761133299,0.011706633327905829,0.03333398814728051,0.18243693918668216,0.041582372749215286,0.01297340419345847,0.5341212715784185
MYS,1998,1,1,0.013979821316156623,0.06282146578980878,7.322253522968167e-06,0.15649325804275757,0.045438190360798894,0.0021440066585486995,0.005424156024656704,0.01292486465589843,5.536316155680591e-08,0.025456266339187152,0.035372097750477956,0.012626419395050935,0.003546548547572756,0.18367812460082583
MYS,1999,0,0,0.05636802035600645,0.012543911035122398,0.0005572773711981223,0.187630848816748,0.03763726980768586,0.0013738729997725392,0.007235977473240701,0.010382963857566369,0.024697348341435884,1.7785489331931047e-07,0.1686492728114227,0.01199779022546099,0.015330997676059029,0.09771863625583707
MYS,2000,0,0,0.0739997834413599,0.024678694344403902,0.0005896097501467272,0.16629311266591634,0.031073435315828905,0.0007176162500496632,0.006369478801284507,0.008570221480632315,0.02489898553479766,0.00012354514816776337,0.1468337033069378,0.010462301798122629,0.01479650308936333,0.08580381852764983
MYS,2001,0,0,0.06737776288338114,0.03351120858851855,0.00041616971020872617,0.08176972554256212,0.013303856392995998,0.0004296048173884713,0.003190262915371944,0.0036475218213655523,0.017183462425466728,0.0009867000144070258,0.08090833601050078,0.004884794660069475,0.008894171550395284,0.03624985621121168
MYS,2002,0,0,0.08456195908108126,0.03325131256171601,0.0005475895773951676,0.15548756258248858,0.02732634385729285,0.00037371527864109446,0.006061145517665115,0.007625902413328618,0.025161829539150693,0.00029180788302663125,0.09720538327882365,0.01009666927219077,0.013314608058382083,0.10149706900958835
MYS,2003,0,0,0.06742266019209364,0.017351315657002476,0.0006174482896351,0.1989452409061255,0.038774584367978905,0.0013361923271944707,0.007333354401895951,0.01068816252725576,0.019804340804487182,0.0004328885882637047,0.17376441125046976,0.012631171435875917,0.01659357528732323,0.10530831741144951
MYS,2004,0,0,0.0712337515894235,0.012022237052621518,0.0007458921700717153,0.29107794060923226,0.059237235634402544,0.0008171783764629118,0.010741199600801816,0.016407607642223317,0.02500689282202235,0.0015761491625062394,0.22456357087852738,0.019024931812812056,0.021861275575775198,0.17243772909314806
MYS,2005,0,0,0.03767132835074457,0.005059312294745611,0.00040280201086066497,0.17628996583217346,0.036526639059742384,1.3212138822535107e-06,0.006840439510618318,0.010182218021731573,0.020131722598701367,0.0001749752349108715,0.11733881341270702,0.011845946683028054,0.012326425980035163,0.11623541816181863
MYS,2006,0,0,0.026663059659120133,0.004228929561050738,0.0003026816481041764,0.11246725970190001,0.023132422017043942,0.0013266165452946797,0.004044910974582618,0.00636902523615643,0.008432888709566313,0.0009555488790112155,0.10159743542058963,0.007197694628706568,0.008807046868771566,0.059005828243276943
MYS,2007,0,0,0.020227604478339514,0.003326283147460057,0.0002298462671486566,0.08345062710684693,0.017063999984160572,0.0013230360085578088,0.0028956562949644694,0.004687444812360344,0.0048127737964413705,0.0013122631670893963,0.07796409496213465,0.005292355698327686,0.006643464238327792,0.04248830055773214
MYS,2008,1,0,0.008938322708641746,0.00011599674756430404,0.0001535497312805792,0.07669517724508734,0.017314061996639995,0.0004979121179326647,0.00309327518030759,0.0047993235920207435,0.010231491661409927,4.293857774274209e-06,0.0647163532192297,0.0051283119387101695,0.005181207653126213,0.04379736569349828
MYS,2009,0,1,0.009864882076823574,0.00024940482356905686,0.00023807247300592046,0.1407873624711814,0.03282558325431627,0.0011997717960524174,0.0054555049432188935,0.00909571100290217,0.011674391206543287,0.001057113821151783,0.1157182556371574,0.009496675479832134,0.008853756044716046,0.08318457703796635
MYS,2010,0,0,0.01465134948382286,0.00019221254195940377,0.00024229631132565712,0.12617153711882936,0.028274123761351695,0.0003968035567180117,0.005003000960882971,0.007855595433598735,0.014657845319619903,0.0001327417821298023,0.09723032374361444,0.008512414011381165,0.008290976668866462,0.07706735290863888
MYS,2011,0,0,0.007039938887261093,3.8138115314585033e-07,0.00014418149266492693,0.07684029618554117,0.017654573995247294,0.0007766806969538992,0.0030044986469568184,0.004885594611127408,0.007877168291694062,0.00022037957802527607,0.06654596564579701,0.005131635785264468,0.005074434553586532,0.04330630106990765
MYS,2012,0,0,0.012370115851760479,0.00123245911489068,0.00015755711019571647,0.06582634178497285,0.014116021671755307,0.0003772207942610873,0.0026260098398266005,0.003908034967798089,0.009199279626177916,1.5843349515581675e-06,0.056234487970674804,0.0043286494340516206,0.004824555640759602,0.03656492852588764
MYS,2013,0,0,0.015582876985837721,0.0035783634017576152,0.0001496914297811441,0.05069708456177471,0.010088380095837495,0.0002723988531702457,0.001934625671909003,0.0027860651594642525,0.006195055144066041,1.017514555264188e-05,0.043672971479374836,0.003252076958451285,0.004113608181202403,0.02730014476600945
MYS,2014,0,0,0.015381163182132555,0.0009809836541317105,0.00020947163692545742,0.09680711550122781,0.020932452128988564,0.0003543503696630763,0.003722659414986847,0.005805587321520449,0.00971265919770519,0.00027947834828413525,0.07570150701077613,0.006439023610142488,0.006727033166113295,0.05785737712036803
MYS,2015,0,0,0.015697165249826162,0.003782845135540207,0.00015072510856638515,0.04891553220340809,0.009692533644691453,0.00042754918174966533,0.0018562865702550595,0.0026700788673685214,0.00587266804707873,1.2600238196553527e-05,0.04480301565119621,0.003104451108145131,0.004081052945185826,0.024974802787347525
MYS,2016,0,0,0.01592935749382096,0.009482052513701187,8.989633618877557e-05,0.012665999931446275,0.0018164750623503553,0.00035775323567417184,0.00046628314215812767,0.0004889851717081276,0.002669923905972697,0.0001876718894870311,0.016832780028592006,0.000693264516800553,0.0017164242398559288,0.0038245432181529416
MYS,2017,0,0,0.017195284597925502,0.0037271466184994463,0.0001665608979023924,0.05885484550865446,0.011680308270699139,0.0002720692402970647,0.0021393835799541345,0.003226757695618198,0.004934189122968488,0.00032984765969427233,0.04805295861969091,0.0037874081454278173,0.004664238092910473,0.03312644551730974
MYS,2018,0,0,0.019890847573166896,0.00102687381054375,0.000267198907709639,0.13411508037334963,0.028865952352930904,0.00010369450554817746,0.005012989328032773,0.008032541754850601,0.009993943669075437,0.0013035107190846758,0.0914194773084479,0.009048171450636359,0.008865715045698264,0.08825949915641867
MYS,2019,0,0,0.01944138619367011,0.00044809769002954165,0.0004135877044760724,0.2778160780950625,0.06358419470282226,9.947679459438503e-05,0.01040778287994013,0.01774365097250529,0.01627426666951199,0.005034339208499972,0.1741324731963636,0.019253091858483062,0.016097043186926736,0.19676523285351266
MYS,2020,1,1,0.00677947038267886,0.00033677858953764915,0.00010223314534929655,0.04584983639566233,0.009866266172832452,0.0007878435092803589,0.0015681757147391487,0.00271343028237882,0.0012363378649651927,0.0018887332725686006,0.04072736801249582,0.0029610091221377857,0.003302947547714495,0.024872395387284325
MYS,2021,1,0,0.0063458023823261,0.0011983855597979842,0.0001951711904397576,0.13717995788351595,0.032303752811012214,0.0007395450329439968,0.0049432789763919245,0.008969697955158881,0.005247763373051931,0.004544394881901086,0.09924204181462447,0.009389653894952653,0.007954964632972942,0.08947588866129252
MYS,2022,0,0,0.008269545060402077,0.007957475807132554,0.0003791364470904374,0.33487681580401996,0.08094867090474453,0.00023927590593644178,0.01237317166065964,0.02260670971014623,0.014589631398702277,0.010009865099455565,0.2047511761643514,0.023616345801170335,0.01740780552059526,0.2451406005055414
MYS,2023,0,0,0.010541997391777969,0.0018887186207032353,0.00032793832216143615,0.2240205366128362,0.05281528792910029,0.0017441794515212696,0.008052060945346164,0.01464273745292682,0.008502065341969574,0.0074461324617563565,0.17008523373478593,0.015240096099306603,0.013217511210878321,0.14132342898307035
MYS,2024,0,0,0.012852610704102712,0.004627436277049508,0.0004393491291623017,0.344116526206236,0.08160358131789669,0.0006093694572754812,0.012497816870139022,0.022738681829166364,0.013149788375488181,0.01163174027601753,0.22250885989546879,0.023944084832627496,0.01886826420850961,0.24209392966982413
NGA,1990,0,0,0.0750391204111576,0.016358904143075663,0.0015274850868856027,0.23039784788925524,0.04977001437998962,0.2240982112158611,0.005537758510199742,0.012418254567625827,4.571061498040582e-05,0.028828541377093043,1.031962644208172,0.009715312127597759,0.03626568977584678,0.00013796772619039394
NGA,1991,0,0,0.08143455281978676,0.053328387977687526,0.0007310971390779577,0.0437606988111933,0.0058143625833241295,0.08433296759129359,0.000558322904864656,0.001295042220234317,0.003794423935238912,0.01514123163561985,0.3181892319850907,0.001163333053370329,0.012782706894128141,0.008983035377658672
NGA,1992,0,0,0.047624250030327386,0.027153860262671442,0.0005020345318614758,0.03813250810178621,0.00591601533653136,0.06320796157131765,0.0005453286801758374,0.001367763312198892,0.0029840690704007844,0.013148523586813073,0.24434324889151426,0.0011637050423033326,0.009445687324933092,0.004147169211920135
NGA,1993,1,0,0.04741038857323841,0.047797517370570156,4.1450974284945125e-05,0.0025527297633640878,6.4261552180813e-05,0.027598026022032405,0.00010781162730834415,6.24091289315769e-06,0.0018425698493257329,0.0008285450500172798,0.026742285718928803,0.0002711114010268766,0.00027314303241882104,0.024646534821350354
NGA,1994,1,0,0.0520791140170452,0.08857466938792125,1.3005027108303732e-05,0.026886975026226983,0.014279072250401462,0.006293523159389305,0.0016927207192280014,0.0039427558664339715,0.009991374160884976,0.0007918377992483002,0.04927293544251231,0.002182007568643124,0.00028257372487362146,0.009933942692672271
NGA,1995,1,0,0.07156381860345308,0.018615099800287447,0.000635888271646272,0.20892904627749126,0.04104064833642139,0.00037938298512024264,0.008460867471082446,0.011371196340200675,0.03553393190876266,0.000523380116019339,0.17109981733405422,0.01350611610675192,0.01706080569654994,0.11644070205217616
NGA,1996,0,0,0.10822648014487544,0.034838463860140514,0.0017770372667102335,0.22882272446104435,0.046291237551801964,0.24410468955753378,0.005142087026846742,0.011415126298364248,0.0005360263995336151,0.03326134837793478,1.0934906152204804,0.009132390875819699,0.03968508985967337,0.0013760194199221676
NGA,1997,0,0,0.07038774895487987,0.05620327109001147,0.0002134354404556763,0.021043179299748572,0.0012163657512306151,0.0010044708056894597,0.00028768533570621037,0.00033455832997822746,0.0025803419525282974,0.009261214339061128,0.004854414812985368,0.001129700756470085,0.0032479702073884204,0.017882229134601833
NGA,1998,0,0,0.030227639784561805,0.10592452100443638,6.372635646361592e-07,0.19899864338938178,0.06189485083231531,0.021612915149036183,0.009935258591375604,0.01798967249030161,0.03167894848203789,4.288342203712275e-05,0.01454963089242612,0.017756054942849375,0.0028113091819580638,0.29717368544976636
NGA,1999,0,0,0.02548129620355735,0.07414588441970867,4.2944088072215794e-05,0.09460149703863267,0.03384493352400635,0.04349421098254506,0.0031150785555190763,0.009030210890305732,4.452959062865619e-06,0.014220250640778517,0.2324824166447241,0.005899784058082922,0.0047656254925861,0.015519766143929492
NGA,2000,0,0,0.032337189159110026,0.01824964828859828,0.0008949928220759909,0.019090727414482835,0.0040116051658555625,0.37516702897022225,3.734121366836596e-06,0.0006311483839672586,0.022027436220541086,0.03206490563561497,0.8719532905155207,1.2069334170191133e-06,0.015678370887956497,0.17580743627048673
NGA,2001,0,0,0.023620645530675204,0.04197751248941718,6.892330254567703e-05,0.01940021036651704,0.0075515672792093765,0.02490425613766264,0.0012504358572211693,0.0023437324692151254,0.003959007331231687,1.822731346492496e-06,0.016503916133273195,0.002490724043590867,9.39640127678536e-05,0.08021972220823265
NGA,2002,0,1,5.973335581365949e-06,0.08789886835186653,0.0010339960259973136,0.8376378445798894,0.2261435436252631,0.08776547185277624,0.028405327723674188,0.06151579874657739,0.010044094431251174,0.06147846758081258,1.1185217739392994,0.054151422837578574,0.05032776587057657,0.33139482142473675
NGA,2003,0,0,0.05205874781445195,0.028457867006952298,0.0007176155798452636,0.04270626114476651,0.00769779799255313,0.12770499671093494,0.0008604794608976905,0.0017126997940450869,0.00010443293585777777,0.0026384141190148383,0.4468681799540306,0.0010129203295885143,0.013265298484885505,0.02564181218485498
NGA,2004,0,1,0.04377090680925159,0.0013596252584369853,0.001834781187876515,0.29198839713197805,0.07009949744410375,0.44276771003361304,0.005513986496644767,0.017170623105473803,0.016460937346638463,0.09774627742686774,1.656601592085947,0.011325777160984915,0.047126683571629,0.009530343936515886
NGA,2005,0,1,0.0024402518787333314,5.8304788041827525e-06,0.0007872682981888828,0.011593777549100844,0.005205734446444863,0.587980518300937,5.095642400633225e-07,0.0007888997099324726,0.014040033937274534,0.01951654598559883,1.2606480185853504,0.00012948474016238635,0.015153681312640586,0.3264234351261675
NGA,2006,0,1,0.01226735539226498,0.003911436163876066,0.001042546353149489,0.014733114047104494,0.00520616395061062,0.641107721964472,1.6345548834594313e-07,0.0007576867420619324,0.014460384767678297,0.020423194564319014,1.4066180655634974,0.00012123844691650411,0.018950642234120352,0.3568735054558115
NGA,2007,0,0,0.011459883683788055,0.016724482670472208,0.0003035378030856352,0.006143704376639277,0.00161856882049066,0.23609138034115607,0.0010719463672979436,0.0007789911372006688,0.017170180116484284,0.007077970888101247,0.36820954675126355,0.0024054839933922273,0.003223499739109999,0.2512091235153222
NGA,2008,0,0,0.015376066611159093,0.013323474240615103,0.00017077658498553514,0.001435158164363662,8.593774538027443e-05,0.04504906043516146,1.3527344424190793e-06,3.5437994902304204e-06,0.0014059892082700864,0.0017288919734253644,0.10716513870783127,1.5162098146517848e-05,0.002416199990546557,0.027499978967097306
NGA,2009,0,0,0.024394583571622178,0.0227344948529025,0.00027603217083262046,0.0008755538112668075,9.356805354234757e-06,0.08280378860612064,3.1867743883077646e-05,6.057214638157391e-06,0.002919353364495712,0.0026796186315521425,0.1823223621471715,0.00011795797644893403,0.0036881212224781105,0.05902197644935561
NGA,2010,0,0,0.021089892264075386,0.008329033318749823,0.0001905847574931886,0.037361045068211376,0.006471324006609672,0.006182540956671554,0.0008348639077329004,0.001702718739835978,0.00030231352487457844,0.007166972865726733,0.06351416891189306,0.0019685787926403426,0.004426204601778588,0.008559358250054949
NGA,2011,0,0,0.00671797473200325,0.030670586529668323,0.00015600900136965832,0.06333762679938622,0.023304941287136696,0.097404088271194,0.002575371929352355,0.005934910904089919,0.007821084332221338,2.520940650945812e-05,0.3855174621819553,0.0029984928273528114,0.006687083267306438,0.0020508478011333335
NGA,2012,0,0,0.04037703876291468,0.0031930580115020393,0.0006454601291357287,0.23286978498716596,0.04988639186173075,0.01667271226049921,0.0072601129221274005,0.01350804178685492,0.0029504085239417644,0.014747682234977537,0.2941304439621002,0.01411433002507913,0.019417642454762973,0.08911722464975674
NGA,2013,0,0,0.03096283894120088,0.010812188171504358,0.0003774807675263609,0.061934798991898944,0.011858037339269333,0.026874611066400673,0.001638870231726156,0.0030465176120949714,0.00031231627724645917,0.004558813871874888,0.17777610927957743,0.0029600118297757323,0.008630912284714813,0.0033991848789020366
NGA,2014,0,0,0.02652015548425555,0.02481528927704989,4.9617752755899365e-05,0.002709321530340789,1.540592120559939e-05,0.0043871782590504844,0.00011521444411231997,7.014408881728623e-06,0.0022094582179235183,0.0010322069195592516,0.0007561534553660044,0.00017681485006115083,0.0005213625589191127,0.005871951460200467
NGA,2015,0,0,0.023614664593143996,0.017408692652041483,2.1493093033242606e-06,0.013653862253515753,0.0008806164778558629,0.08039793374677587,0.0006198981980442198,0.0003650850977417028,0.0024328978325058,1.1136147386548754e-05,0.08362149268183587,0.0017667216423131501,5.309311744144442e-05,0.11028836710638629
NGA,2016,0,0,0.0031261695716208507,0.02153410966804356,0.00011550344837234391,0.06674630788997978,0.02131740149600769,0.05187918855592591,0.001969553167391304,0.005545264532642337,6.581481980061919e-06,0.009967772495822737,0.2365757825040839,0.003574154531916946,0.005500413982873758,0.002217958002370373
NGA,2017,0,0,0.005892851835540377,0.018978556250950167,4.453384719929913e-05,0.03702632977468147,0.009963062868861065,0.06963613925907815,0.002002368239458476,0.0031891166995026026,0.005172047388164634,0.0001635612312173603,0.05319703746113017,0.004573609596529514,8.04929878787534e-06,0.17224966025135038
NGA,2018,1,0,0.023945389967745038,0.005826744170344487,0.0004278491397575391,0.06753844503143945,0.014508564855874791,0.04968388285087225,0.0020097595216107445,0.003674739088541027,0.0019152101495404016,0.0020052447181531786,0.2664654941778672,0.0030323170113158845,0.010084884049928342,0.00022048973763430063
NGA,2019,1,0,0.02641378910244291,0.002427417586785438,0.00014861120425981717,0.15661214886480623,0.031264834819396084,0.03642636604003405,0.007043623795166442,0.009197027670828714,0.027484625344347754,0.00021522872749403892,0.003570468042729775,0.01275546373745716,0.0061359696722845195,0.24040034639741248
NGA,2020,1,1,0.000697346107840608,0.032550780159631455,0.0001834498135008831,0.22084523471912398,0.0603771357967534,0.009687799018660466,0.007597152308827324,0.0166188683183493,0.002396776808666209,0.01759105920615573,0.21525133211732422,0.015108673945932379,0.011014912762787397,0.12105101574929385
NGA,2021,1,0,0.00054115113795212,0.017737387307692656,2.4744459175495155e-05,0.11875717986079082,0.03085412788482078,0.007416332771419901,0.0046343475118487765,0.008875190030266369,0.0036305329645062783,0.005885966896426962,0.015398725705687151,0.009668034761650759,0.0032275644697810535,0.15442451106239388
NGA,2022,0,0,0.0025769637848766912,0.003426492534932601,7.913465424757784e-05,0.0008982442538345156,0.00019866418241444337,0.057868782098526764,0.00014722745072733397,0.00011457024082793955,0.0012943552871271967,0.0002649497333261491,0.09835056378123364,0.00047192739249229303,0.0009050328482053214,0.059635481227576524
NGA,2023,0,0,0.003972142795744759,0.013258397243565227,0.0003810150447834922,0.3165763525607625,0.08000956357594548,0.00460536715104874,0.012178904029009525,0.02216455699600956,0.01983929919158624,0.0053824506198791415,0.26762487208270097,0.0217596233061764,0.01748872910542742,0.18849511259898769
NGA,2024,0,0,0.00035380894487482633,0.0005587889982077853,0.0001397154712295463,0.0002795043248499752,6.369779304971907e-05,0.18821416913225902,0.00016752267656291867,1.9561684080654614e-06,0.004237369486440482,0.0023744209062154242,0.33444937127423285,0.0006853206632762773,0.0023296246177740543,0.15167495943260975
NLD,1990,1,0,0.01113245136924961,0.01002455235849709,1.753310354792537e-05,0.0017734627322398022,2.083118484932485e-05,0.0028049269637344812,2.144909348705644e-05,8.236900127213938e-06,0.0003472235398875604,0.000996249457507474,0.001518192655868328,0.00012546007668657767,0.00020817420882978586,0.005527383369094174
NLD,1991,1,0,0.008741577966394238,0.008351431079180313,1.9555590736031172e-05,0.0007302721473907821,1.0947305463485163e-07,0.00019125170519993103,7.47081587273803e-07,4.470211161648781e-08,0.0007963405670993566,0.0012182696955632814,3.7531612966160984e-06,2.945207347874157e-05,0.00021649306532489307,0.0008183932250601396
NLD,1992,0,0,0.011931818395997922,0.015319863921672476,1.284303908654619e-05,0.00043715417136792645,0.0007590033012768762,0.0005695032244178294,8.783116255606085e-05,0.00021138842342389514,0.002000469384096679,0.0010520633241853595,0.0022014965110163293,5.623232715686129e-05,2.94036577315637e-05,4.7742123661609454e-05
NLD,1993,0,0,0.01392644710085776,0.02209011656112334,1.1354504307979547e-05,0.005026812699199506,0.0028420136795729175,1.4686060166807947e-05,0.0003666742643740979,0.0008098490836172522,0.00243646707427294,0.0002834679968411067,0.0027757485314831767,0.0004959607763201808,1.2896231623814715e-06,0.00519572768108732
NLD,1994,0,0,0.019287608751864693,0.029288100552437468,1.7368302782508095e-05,0.005156968290485718,0.0031769780236271267,0.00011445771642029709,0.00034525494476797715,0.0009010548797389118,0.0014446381402840813,1.8462079912054042e-05,0.003322247832839042,0.0005142203693909878,3.035688171620368e-07,0.005136753894964083
NLD,1995,0,0,0.02821124504435084,0.03715570452640957,3.2570025614168394e-05,0.0017529595689369207,0.0020324058137766994,0.0010417408965304347,0.00013417831823486615,0.0005665837731920238,0.00022250810013829783,6.266549945180028e-05,0.0034240437588255778,0.00020086195810980624,6.0841915892210275e-05,0.0010457345763028368
NLD,1996,0,0,0.0357804298248896,0.0393416241058605,8.521576020340293e-05,6.826959571307499e-05,0.00043563381268531373,8.494236684765348e-05,9.205097404517561e-06,0.0001336130927859779,9.01260567210444e-05,1.747509178694445e-05,0.0013834478516056411,1.0613044658147121e-05,0.0006693322134410467,0.0006963435593054826
NLD,1997,0,0,0.04126905959716337,0.05394183451107843,4.634059350405979e-05,0.002267424859580929,0.002809358700086895,0.0020857329931653033,0.00016348257798760884,0.0007779230164941586,0.00012853299058384856,0.00022449435783121612,0.0058216131549595485,0.0002548524469322998,8.671000269759215e-05,0.0009891677164292091
NLD,1998,0,0,0.02225685889578171,0.03241820528917524,3.0170734851169977e-05,0.004461578381725243,0.0029880510588393317,0.00021305304936131738,0.000363004647764912,0.0008687425763914155,0.0024155039066106046,0.0002643591221717738,0.00042065178449494125,0.0005249804789637882,3.4291449102542875e-05,0.007964982889694407
NLD,1999,0,0,0.026531936132362998,0.03555020253016889,4.849693243094432e-05,0.002413548411998593,0.002150313573334889,0.000550641750636865,0.00020381423374586942,0.0006352975476907845,0.0006641572166356978,1.155754767429448e-06,0.00013026211490143341,0.00035558329131241085,0.00015884959325754665,0.007461035796278041
NLD,2000,0,0,0.018367576584614357,0.023817292971773717,9.175109965192839e-05,0.00167260085745446,0.0012065420099750788,0.021252577217756356,0.00023475418041046212,0.00042383318301167995,0.002070950000920327,0.00040210524383835645,0.03252454883499805,0.0004912107844019144,0.0006812444578588476,0.03263323767651501
NLD,2001,0,0,0.020552811766503667,0.027046664377768734,4.63008605552175e-05,0.0015370529471383976,0.0015267068640442995,0.0020241639447525286,0.00022350189674418257,0.00046686678606616715,0.003029746839943063,0.0010545255816683016,0.0014817965239177838,0.0002842683274841855,0.0002094509754037778,0.0078750158557799
NLD,2002,0,0,0.027868715084487215,0.04991285619283202,2.8025991171371897e-05,0.02099539537246449,0.009304879715448196,0.002473994290039103,0.0013835988796244423,0.002717393828749902,0.007661832325650091,0.0005230108917537508,0.0010087111991645282,0.002153974078104489,1.5275189866516188e-05,0.03612210174235876
NLD,2003,0,0,0.04807077312367314,0.07221135236926901,4.457424465465432e-05,0.011932430308084534,0.007436922540322261,0.00043567529351724594,0.0007224993784822268,0.0021034657265856485,0.0014510079141746416,0.00017551697089557403,0.007769232727163004,0.0011831467823149966,2.4036891603125666e-06,0.011933080789866081
NLD,2004,0,0,0.040478203405171595,0.036163151723678226,7.893188099278375e-05,0.006292473708325921,0.00012638807616244653,0.00676882627178018,0.0001798019618626573,4.400274708556774e-05,0.0007315022910258294,8.447601724648748e-06,0.0010576046977073587,0.0004157419901452044,0.0009418530979727604,0.013020570396709941
NLD,2005,0,1,0.03746911162090917,0.015239273983525684,0.00021391656557054437,0.0669940772511043,0.011191866259657275,0.0010737108906379287,0.0023006550960759293,0.003146868417287555,0.003710170479243429,0.0010264594332314587,0.02743388076305114,0.004453404978561967,0.005304990117694237,0.05455531700626223
NLD,2006,0,1,0.03947297315207129,0.005192900857504322,0.0003089174579656441,0.19324168410490675,0.03854163447183974,0.010022049977661441,0.007575174162654983,0.011014622942364074,0.017750303314226366,0.0009831574088858346,0.044993616112679005,0.014191731096733773,0.010526811161083269,0.2028679203987593
NLD,2007,0,1,0.037991781138763316,0.0020659842418404763,0.0003568003730034236,0.26112687523822314,0.054151995200771304,0.011996675508561726,0.01012910967945172,0.015462827136025783,0.019749687155937924,0.0027177072559377976,0.061719627857813576,0.019329818301866804,0.013337538769405764,0.2756270705919986
NLD,2008,0,0,0.03895713646239096,0.03580498607798424,7.683534328351941e-05,0.004895799577119107,3.329780844156899e-05,0.0040574486478406,5.2487598552068756e-05,1.1939565594352407e-05,0.0006606282181187465,0.0020990993449396,0.0007209614441043402,0.0002829534018326337,0.0008904584099521117,0.00956907583983236
NLD,2009,1,1,0.028600512669199916,0.007600486808321445,0.00022865337720799796,0.08400603683971822,0.015529021362052678,3.336449083677329e-06,0.002536836277318776,0.004307557977947546,0.0006406621784117391,0.006415618316652313,0.04973972038798954,0.0054573332033079035,0.006386102633917373,0.05809025927271929
NLD,2010,0,0,0.0477919165561998,0.07142919737837322,5.912189660031687e-05,0.011995243770028733,0.007130709306252688,9.189285832990038e-05,0.0006499853179160669,0.0020510082295636272,0.00036885433006605153,0.0010972640544440085,0.0016616585545246997,0.0012904297837686206,3.113644379234529e-05,0.01949981849495935
NLD,2011,0,1,0.024434576868152938,0.006106505900115,0.000204306799213678,0.07474029399138617,0.014599063314642039,6.0694218961673254e-05,0.0030494289996125953,0.0040774827723175444,0.012120005318235321,0.00011082268222697697,0.04798341063990777,0.0049812881456259605,0.005649813082538188,0.04945569169920408
NLD,2012,0,1,0.031103570293691984,0.017667806081093296,0.00016133118541076974,0.028527867291850435,0.004171091883256724,1.8480844962651779e-06,0.0011102142151289873,0.001150972212527369,0.00604703034198245,0.00039100253065298335,0.022990259936324964,0.0017108894788405596,0.0032276210313580667,0.014684372585646375
NLD,2013,0,1,0.030857071470570104,0.009965515077917072,0.00023180451241075218,0.07270384778228484,0.01356622359299254,1.2298608215327655e-05,0.002915154296870835,0.0037767137320472892,0.011736932707638191,0.00012519047657566648,0.05028703299195885,0.0047377704541198724,0.005974363817135673,0.04517005856676888
NLD,2014,1,0,0.04111328958433736,0.061734475179340956,5.28418391859423e-05,0.010889218788166266,0.006197248223249538,0.00012525099530137738,0.0004843470378427176,0.001782877762175672,4.1694986626606475e-05,0.003161311992711509,0.0009082396202611923,0.00116205453893087,2.8072136559812007e-05,0.019065518349427064
NLD,2015,0,1,0.01635732686687287,0.0006990804999350596,0.0003557230408476474,0.2553349737448781,0.05921449712839644,9.400506862147166e-05,0.010397601593777424,0.01660175047275476,0.026889932707295366,0.0007165479508477647,0.14687521227166528,0.018038894356206744,0.014197976157855773,0.19056278217785094
NLD,2016,0,1,0.02036141287082675,0.007515833757139354,0.0001426535515691124,0.04078957322945551,0.007265836341399137,1.796803056710709e-06,0.0015006446009226506,0.0020142753765738128,0.00394896428366534,8.540688968516419e-05,0.02891468424149282,0.002600240355997075,0.003536416861015943,0.0246427078985622
NLD,2017,0,0,0.030259241115204047,0.031606107435357265,7.945691979436931e-05,0.0004422014053788068,0.00012102329143671417,1.6247822823637258e-05,1.1577663142533193e-05,3.838032035336788e-05,0.0011569462040595425,0.0011353018762220207,0.002314285811742713,1.0466364796795643e-06,0.0007090882833186229,0.00021397762960061824
NLD,2018,0,1,0.08049171558809158,0.225366631309975,2.3426215969889517e-08,0.2935465140599496,0.09834376915340581,0.0006094051579644826,0.01245354202211021,0.027894481115558645,0.012116759263370839,0.012902735945123344,0.10672133237897725,0.024203659582719896,0.005373498501911008,0.3051962236089317
NLD,2019,0,1,0.06603316717742423,0.17098219215835617,2.2974125425538653e-06,0.19274985461273336,0.06665109366490396,0.0007808860573560684,0.00860054684862676,0.018950083639186946,0.012072820832596254,0.005298544144794993,0.0654881530120606,0.016195322713315415,0.003069913405374372,0.2073369068356087
NLD,2020,1,1,0.07542839859682564,0.15119663746079334,3.2512866848649654e-05,0.09157000015434895,0.03681409115834184,0.0008987445294742336,0.004805031520864285,0.010532013942516618,0.012973097038235097,0.0002677918729776324,0.025714638464419067,0.008276609542170424,0.0006497755597393787,0.10981775886243741
NLD,2021,0,1,0.09189516682692553,0.20446660288757681,1.7304800053730787e-05,0.1657269324016913,0.06074308672813097,4.746007301770413e-05,0.006696364734539489,0.017218514949283555,0.0017847340933554372,0.016806681017018585,0.05819289907480217,0.014047823874737235,0.002014004249912896,0.1800045197273463
NLD,2022,1,0,0.030552365689672973,0.08476571042995298,5.373476347970132e-07,0.11001413355325126,0.03621386239935515,0.0007620060398828118,0.004236329554541523,0.0102991621540551,0.0009687599040371294,0.011334775586595913,0.029894043200468248,0.009170185760666352,0.0018123541857560635,0.12628911658444042
NLD,2023,0,1,0.049458259687863014,0.15336985689443572,1.0715617358757012e-06,0.23713200672250712,0.07640600443810708,0.0008491015798950044,0.009572296885466259,0.021677765750470587,0.005727235236820688,0.015386514618244036,0.07923749398004314,0.01938515966567575,0.004709665525946069,0.25174875066723196
NLD,2024,0,0,0.05556018411488154,0.12442392458751056,1.1893635318425909e-05,0.10260932162397941,0.037599155313407184,0.0003789556511123603,0.004445840859205553,0.010698874804337405,0.003209612482523429,0.006181816268055271,0.03116160820875466,0.008833522660725937,0.0011734019161076731,0.11708363526697373
NOR,1990,0,0,0.08373558719067742,0.04357947422533092,0.00035568451955034274,0.09968136619782193,0.013868114136210382,0.005280891914729242,0.0025946687159534598,0.003930552426668503,3.88490846211796e-05,0.013966106227862981,0.019946950241225902,0.006615872282063917,0.008088018583928913,0.10197499241123294
NOR,1991,0,0,0.06301354509929215,0.057020815563145276,0.00014754740900785706,0.00872937112623806,9.534677675036043e-05,0.002222328348624164,4.885763245026186e-05,2.718893188006035e-05,0.0038150444387025566,0.00781637074127297,7.720210846417834e-05,0.00043144930325857356,0.0018210752307282166,0.010619250800039363
NOR,1992,1,0,0.04675540195741437,0.04698571607072462,0.00011085669827215625,0.001906740225432711,8.350458996534427e-05,7.334866810707504e-05,1.964754312714471e-06,2.72303206013252e-05,0.003472762107302878,0.00446208491554495,0.0006895830494336869,3.972863171033888e-05,0.0011083734505795257,0.0007104370338298768
NOR,1993,1,0,0.043051056300496326,0.034817434896917514,0.0001375946843944872,0.011860829550166726,0.0006403246334080315,0.00010644233720302547,0.00013325533008102527,0.00017079153341087268,0.0020917881175036286,0.006301629533947851,0.00491952509404493,0.0005907103433715478,0.002060161408482812,0.007816678072339196
NOR,1994,0,0,0.0472062747073758,0.04119247517183551,0.00013535744012729977,0.00817140542163399,0.00021226656110571912,0.00018359652728785363,6.661557676610447e-05,5.48702684208419e-05,0.0020836893963430934,0.005139383374576355,0.00294593152841836,0.00036892562776329174,0.0018012362792668212,0.005261314147661682
NOR,1995,1,0,0.058360006084881524,0.029588705394877683,0.00029425265210169984,0.07169593528409715,0.01040186893830121,0.0003399290887848465,0.0018320464001177362,0.002887998219871171,3.347757887460946e-05,0.009956073074697236,0.0323331079538836,0.004475613522544141,0.006604664408728538,0.05425367341385178
NOR,1996,0,0,0.07830639043145564,0.057843915331096736,0.00027664722477757284,0.03280870738422761,0.0027633917079241677,0.0004689527310221361,0.0006360088722607905,0.0007576206457595142,0.0004848917407062571,0.006529956550272062,0.013707411601983074,0.0018129899057342175,0.004595495375034556,0.023043647492692613
NOR,1997,0,0,0.08943972015542444,0.04404257179708972,0.00045388239081789315,0.11639149325519482,0.01729250497560694,0.0009920433281485248,0.0031827572664151183,0.00482087165330952,0.00012879893393897884,0.011870961713911752,0.04917705816236104,0.007386735526364135,0.01035560463948436,0.09130418102457
NOR,1998,0,0,0.06342655096277762,0.013423579417546901,0.0005156072160505175,0.22787571010175892,0.04318112858910822,0.0008364646010842688,0.00716980303292135,0.012082939642984025,0.002273627000551128,0.016268141578128826,0.10313530676481904,0.015378506445072241,0.015474631584352652,0.1834565826865289
NOR,1999,0,0,0.0734467770881321,0.030529026310009977,0.0004349927430322658,0.12726734496295838,0.020646850338508892,0.0002694398469975319,0.003546631522275812,0.00573790675194545,0.00017030002938129394,0.013068047147987294,0.06284057791880496,0.008125612860448765,0.010693501731369418,0.09431090886341019
NOR,2000,0,0,0.13584518895925282,0.07173304442619044,0.0006766577718879427,0.15286445824331463,0.02163872668229604,0.0003801699318728345,0.003837709728349477,0.005987304917424145,7.355497538268869e-05,0.021053157019605792,0.07545499306193393,0.00938825021102512,0.014773138620678864,0.10971167944683202
NOR,2001,0,0,0.16015708724279745,0.10071140425609128,0.0006821412175215754,0.11643779077174161,0.013903695609092905,0.0006671189129518264,0.002821446306846189,0.0038379138888890527,4.621921734478911e-07,0.013624813722191235,0.05660272830470712,0.006883035043760639,0.013155061840355487,0.08092407571537635
NOR,2002,0,0,0.11916606834046872,0.08140744917757069,0.00047401084011705315,0.06649284013392733,0.00692823027303501,0.00027291584345798806,0.001478604898751233,0.0018987624061144526,8.28129203742313e-05,0.009015784253231986,0.034796868715192365,0.0037677023343459927,0.008493285312908746,0.04304998663721832
NOR,2003,0,0,0.10315134312456979,0.07719405233456574,0.00037841170034139956,0.040332777527274113,0.003332916598962893,8.781297713803045e-05,0.0007900926008081009,0.0009013677354162865,0.00023119780126122872,0.006368074812824182,0.02369118675612847,0.002136095163511844,0.006162363477925319,0.02316727187313807
NOR,2004,0,0,0.12007472718148111,0.08019512887788523,0.0004981229858523912,0.07205087066487219,0.00786221732003326,8.493702952864673e-05,0.0016307341116991434,0.0021487421890017673,7.793699033814333e-05,0.00968697747420176,0.04166701077789742,0.0040747250432519545,0.009098234487267832,0.04435519617807987
NOR,2005,0,0,0.15794122533315677,0.06165529873857574,0.0010066508278666652,0.2981873087155368,0.05013810330316934,0.00011485171290748367,0.00882643201890219,0.013906857888518013,0.002509774970868438,0.021083475374852823,0.1679320701504776,0.018996369094825008,0.025110672253388935,0.20692470704087043
NOR,2006,0,0,0.15881378213682804,0.04887618000666101,0.0011497079621843613,0.403757737084031,0.07213410093864327,0.00013174933357740278,0.011993442065539575,0.020043672783963882,0.002075534995568868,0.03400939339170053,0.2188309597118783,0.026233464884737004,0.03114451918306467,0.291335670381841
NOR,2007,0,0,0.11951015308262315,0.01523656958962501,0.0012068059175091468,0.5850645354694317,0.11680635981008088,0.00014389643132996306,0.01850566108819324,0.032566777243463,0.005270564846639374,0.04406049836831071,0.3083554617419396,0.03939509046025529,0.0386233133271038,0.44178784057312015
NOR,2008,0,1,0.1295552953410977,0.012301904058170735,0.0014442706076368903,0.7233531500508612,0.14726153203125295,1.5888188334749883e-05,0.022831512609906703,0.040987819211909984,0.005841463550164254,0.05683714629289293,0.40690022285562744,0.04859797271594718,0.0473725177731606,0.529764761386481
NOR,2009,0,0,0.08580631316076884,0.008689258849814703,0.0008992871665511753,0.4682157860810981,0.09479629527428182,0.0005566347366936534,0.015136481266326074,0.026499714057515302,0.006039364183701418,0.031059119123289684,0.23056766783655053,0.03192932189205279,0.02971549326443425,0.367729675225382
NOR,2010,0,0,0.08489188960226159,0.0072891433476506085,0.0009561270003743241,0.4930539911592662,0.10119511570592254,4.865910045483164e-05,0.016132687195008565,0.02822285074296339,0.007648491681574183,0.029929694588469214,0.26822506778696836,0.03340463600160327,0.03170989679338562,0.3684440209370548
NOR,2011,0,0,0.1034353944163087,0.011690988184494482,0.001086751425432324,0.5358807510924332,0.10816111055668107,7.974463215898842e-05,0.01725412688019107,0.03015638893963579,0.0067500998438408625,0.03557335147066351,0.2886567986234438,0.036145508869612444,0.03514879374106691,0.40087601987811655
NOR,2012,0,0,0.09461425143471537,0.007395472879793443,0.0011636003280962109,0.5654946768025254,0.11699504417525866,0.0012427961372504974,0.017911226095483214,0.032426785499454755,0.005086655322443044,0.042713323818597514,0.3700274859829473,0.0374847392609148,0.03811076542969852,0.3796767460791947
NOR,2013,0,0,0.10974244126750339,0.009222286655379545,0.0013248340771527646,0.638834287902904,0.13179763530002953,0.001207614158028415,0.0203273092555521,0.03654061776568797,0.006444280231616897,0.04625484334875364,0.4152175479460474,0.042362647408927305,0.04316107311425831,0.43032782255672647
NOR,2014,0,0,0.11798565496624266,0.013955519245545396,0.0012942612093905142,0.5938660156955652,0.1208772101568159,0.0003739622101545231,0.01967789317073497,0.033572187177192014,0.01300205483363393,0.028904728978181186,0.37650913486388415,0.039468538233936666,0.04082507854472812,0.404153854097935
NOR,2015,0,0,0.10088767288417656,0.012179486363526644,0.0011266815843355396,0.5008046348897564,0.10254433014645702,0.0007464295501784936,0.017079090935560877,0.028445518146923896,0.016484533063909134,0.017451184054500277,0.34021552026494395,0.033119833847402774,0.035121984621974765,0.3261960671188268
NOR,2016,0,0,0.09895884440707238,0.019466171780332737,0.0009879686820662937,0.36618924764896515,0.07239342925144444,0.002184941744873871,0.012267982626370268,0.019968378175207097,0.01228635211656337,0.011978640703975033,0.2879871699300942,0.023503699463710732,0.028392921555685447,0.21263303654983456
NOR,2017,0,0,0.10706162031081903,0.02012705567984308,0.0010429846692690085,0.41111427878164103,0.08118815144794068,0.0007095544802523611,0.013809420491424453,0.022485540930581784,0.013177382516131346,0.014266717564667528,0.28636552000079696,0.026813462413982213,0.030571017592435853,0.2604286929253028
NOR,2018,0,0,0.16615667915018098,0.0363570125296791,0.0015073205175467463,0.5715995153150304,0.11068087932211235,0.0005355884844617684,0.01903332260196725,0.030671254301609135,0.01765234832008483,0.02034837479227836,0.3858677661098014,0.03721589981997193,0.04316074714005543,0.3676727397187132
NOR,2019,0,0,0.12089299415518553,0.012748139628825228,0.0013839375985095187,0.6396399701640743,0.13182163007271785,0.0006008807574880287,0.02185543311032792,0.036607546616451145,0.020434513067627558,0.023122903328592768,0.42048701291707363,0.042552883208213,0.04392227442541845,0.42656527299703006
NOR,2020,0,1,0.13162817230176824,0.00782042948482678,0.001585282898307475,0.8629258430487053,0.18148255203744265,0.0005421376285300029,0.030595051678394006,0.050750319878129176,0.03534022942013424,0.02488576641816513,0.46467896762734745,0.05923308309698564,0.0539092193974958,0.6515479046490861
NOR,2021,0,0,0.200242504203025,0.0776374823647722,0.001090416842292787,0.3898178699085178,0.06425430696141869,0.01154935554534909,0.011895831733266327,0.018154821144236607,0.0037095727929269476,0.027189717022004643,0.1123430146592972,0.026436050000328358,0.028333289761309225,0.36657131745846355
NOR,2022,1,1,0.24750125956487315,0.09796479631814185,0.001942357558822846,0.44583932463231796,0.07598861561638393,0.023513148619738567,0.01130275927056594,0.020431932651378194,0.000254883231948102,0.06256185493708309,0.5124154684147675,0.02544816798821294,0.04624159561530863,0.17514279332792684
NOR,2023,1,0,0.1544387592299315,0.029821383984726314,0.0013220646362297436,0.5902361354347294,0.11449642996056947,0.001991262636527661,0.02000344203539199,0.03205901183670274,0.018701019204141012,0.021283140246840967,0.2848496549081282,0.040016395386433055,0.03995957361281716,0.4620686584467052
NOR,2024,0,0,0.15389778000162677,0.04280190754163073,0.0012808366143785156,0.42754218515998493,0.08011858254381843,0.0009514687066124075,0.014116853615910084,0.022133648719265177,0.014332277201111368,0.01359061507030602,0.3114964500994976,0.027312796139845733,0.034595678519670735,0.2582820936483309
NZL,1990,1,0,0.0020021736604635756,0.008470020049597803,1.6725467166699588e-05,0.01778830815804814,0.005802015942532648,0.009383382624586191,0.0004888478975330503,0.0015328159057594784,0.00023403520354916519,0.004471040455292152,0.046922019745881796,0.001041604802565366,0.0011214821366358294,0.0022428787901589455
NZL,1991,1,0,0.5126354253459358,0.6084152456462575,0.0005582942552338375,0.0016631593870807652,0.015440991018184178,0.08319273828017662,0.0001854210418056343,0.00402704067498813,0.002528537707557346,0.008149336822946029,0.11483922769173541,0.00022944359864112565,0.0019158299399425116,0.011501158428487533
NZL,1992,1,0,0.00732806302244124,0.00628578708860831,9.224103666267031e-08,0.0022544057303025724,6.966154558165155e-05,0.0357448688662165,0.00024398870245752823,4.568331893287152e-05,0.005949267941522596,0.0033548775459740442,0.04147533137258245,0.0004168910115557545,6.980308973131876e-06,0.03543678089519212
NZL,1993,1,0,0.010262000605507233,0.00598103987882841,2.8770059009400743e-05,0.009395930680863135,0.0013478503348608396,0.005560994796918894,0.000647789128324769,0.000411986705836756,0.012116212125798767,0.00561774587602104,2.3503003897623833e-07,0.000768060933848163,0.0005910619244609942,0.015581118322700203
NZL,1994,0,0,0.014307371793254078,0.013279464512512499,4.3653909331111796e-05,0.0012384720781957424,2.3787693685682807e-05,9.762873892317916e-05,0.0001364227400063671,6.513667340350649e-06,0.008078047558628478,0.006587855341963268,0.002162602778580791,5.1857125394234135e-05,0.0004822911857941414,9.867606049116984e-05
NZL,1995,0,0,0.012519547655636815,0.012538517547582284,5.191474690892622e-05,0.0002763037990226911,3.8274207123992335e-06,0.0013535985854854192,5.5353702681409014e-05,2.7527617083652e-06,0.006868707358997456,0.006761437782256562,0.009370802468222006,8.422215973859839e-12,0.0005321150700419601,0.002193508070986862
NZL,1996,0,0,0.014822902714167757,0.018525998536980885,3.324326813408231e-05,0.0005715267229898537,0.0006368369929674327,0.00010177600534011581,8.149279016085559e-07,0.00018693763801657997,0.004616303502931264,0.006865918991078295,0.0008593716622890426,9.839233809916842e-05,0.00015537297529091636,0.003596204733631753
NZL,1997,0,0,0.0041569779697982045,0.0074500904466344615,3.97673915379832e-06,0.003356594324787811,0.0012524798877939609,6.589643336342868e-06,4.150089133019258e-05,0.0003550858970663961,0.003552793267503342,0.007243870726545087,0.0001611346211275498,0.0002978211248505986,6.332720031800467e-06,0.005694350621445139
NZL,1998,0,0,1.8424971093445761e-06,4.192609291911577e-05,7.599031370406203e-06,0.00012482726148155236,5.228969469889424e-05,0.008421546216311285,1.4574872636530034e-05,6.736228332994347e-06,0.0029590289736207663,0.0032196365191523115,0.014873432947468596,3.1988394400215554e-06,0.00016507265719266587,0.003898320698262649
NZL,1999,0,0,0.005739730367659028,0.011702412559866602,1.7611954767722644e-07,0.0068691842040950885,0.003060164869900522,0.00048405831410872156,0.0004939386049568261,0.0008539976993867043,0.005326381069119206,0.0014477727863310614,0.009424095174048326,0.0005554109103312032,0.00013033694729037545,0.0032671692957574583
NZL,2000,0,0,0.0060991763045098145,0.019396316431474207,5.323024801937985e-10,0.030795518268916418,0.01038819721475112,0.0020007494497013526,0.0019845790941550572,0.0030048220609099757,0.01716122963212179,0.0034145431416079453,0.006492540954797481,0.0027299518077092393,0.0004977378966096615,0.03776622893944592
NZL,2001,0,0,0.013047900183905775,0.019087089517259424,7.269243493074846e-06,0.0022562398451262304,0.0018876582934873685,0.0010063096196512272,0.00031510354982533707,0.0005245314399021899,0.007423559449313784,0.004047985627586817,0.007401958276113023,0.0002125798014466827,9.983995591685407e-07,0.00035441148295227144
NZL,2002,0,0,0.01452387470368325,0.01079973635511428,5.71739364786536e-05,0.005437997620624698,0.0005865624693159443,0.00012534215948982336,0.0003538940888658102,0.00016408289230684223,0.008531406466136695,0.004722890372429492,0.005090660333414381,0.0003122967327085412,0.0008840248071101256,0.0021759071190447085
NZL,2003,0,0,0.014722276727572934,0.0103050887405186,7.188164992701688e-05,0.006806768654542283,0.0008640601506930651,9.756925539560827e-05,0.0004111261358869925,0.00023341362442313386,0.008926923167889298,0.00461901634955438,0.0115432589972788,0.00035955093331459795,0.0011770222392746522,0.0012664917239505547
NZL,2004,0,0,0.0028650219471981686,0.0034504794623945903,1.3289910535658158e-05,0.0001121088261209939,6.773574136619324e-05,0.0009800367987120996,1.294803142356895e-05,2.2983958346922937e-05,0.006497301260283519,0.00772063764590757,0.004055660470910944,3.072690278272848e-05,9.380401244199826e-05,0.003431444557125224
NZL,2005,0,0,0.000245048668282038,7.939478714223297e-09,1.0809238702580737e-05,0.0021853013657674473,0.0006906102350535265,0.0007817997799531247,0.00026698713846641184,0.0001853387816948931,0.010121424790079946,0.0070391604446772334,0.009706883288151525,0.00012536612637969346,0.0002729876734359989,1.0533787860841313e-07
NZL,2006,0,0,0.0011930751116349472,4.5315648327503e-06,1.802027108318835e-05,0.01441935633938132,0.0035323829787668602,0.0010022928667567357,0.0010209347587665646,0.0010190148176183798,0.01597905434295374,0.006497053047852989,0.005335384333772946,0.001130772680250633,0.0007026702622450713,0.01327966478691258
NZL,2007,0,0,0.0017069046982663408,0.0029217220385717815,1.2123432118841772e-06,0.000849991711041568,0.0005734651429929338,0.00031217768865628,0.00027060831965398615,0.000171633036816234,0.014308781722508488,0.01127285011577988,0.0004512932023977829,0.00010654532568480484,2.5721317848683875e-07,0.000885736288495176
NZL,2008,1,0,0.001171828412252838,0.003093846795987257,1.1933547160595112e-06,0.003612529803322832,0.001395381667336028,0.002773511365402013,0.0005072766137514467,0.00042594625785759125,0.014772543489053104,0.009148369108964044,3.2630929747171495e-05,0.0004110437846133141,1.0388171476982698e-05,0.007849004573847325
NZL,2009,0,0,0.0024309980537999053,0.005957274125950478,2.8346301184498233e-06,0.00621766582644107,0.00225572984962483,0.00345512817445815,0.0005678818098944497,0.0006806492132257586,0.008631303051364827,0.0034743272355645134,0.00011633985203726066,0.0006727243606596026,1.5426099000491115e-05,0.014015934518692862
NZL,2010,0,0,0.00040609329493102963,0.003591254377994461,5.2515811285566616e-06,0.013957281378403576,0.004303598396277992,3.740178725690488e-05,0.0009023380569255636,0.001220914139669563,0.009627091174151194,0.0026384188248367297,0.008858853843273829,0.0010986958900933207,0.0004926725066692759,0.010632786655784918
NZL,2011,0,0,0.005630488539970114,0.01540056853923794,4.085793085834801e-08,0.018613311152807167,0.006731752607845246,2.788588655690162e-05,0.0011705971493554412,0.001913749639641299,0.00931475270082534,0.0016223005382419965,0.01020934552937129,0.0015593492416991423,0.0003703014859415361,0.016307594746192484
NZL,2012,0,0,0.011286113763696384,0.01826604266453083,1.2411511957278763e-05,0.004713113306417527,0.0025889636599017345,0.0005311304638504841,0.0004751095007526095,0.0007577456377871889,0.0069689561675296005,0.0026798119676447038,0.0005591686460759363,0.0005217103618052596,5.384217326519972e-07,0.007525061625682107
NZL,2013,0,0,0.011760586878865914,0.015194728386661221,2.6241745369073935e-05,0.0006187005999619018,0.00082211345892445,0.0013928761124841513,0.00020656246734013453,0.0002547268533265913,0.007359564053941298,0.004988484183204631,0.0006493198361038808,0.00013918646936906027,0.0001350352754472543,0.003418067054923838
NZL,2014,0,0,0.003306359270984982,0.0032271141488097077,9.932353078802543e-06,0.00013777733602957017,4.200532549746579e-07,3.652912701743363e-05,4.8233697450997845e-05,1.3650971258730465e-07,0.004754992935763521,0.004463111715371885,0.0005636043381609746,4.957925244615352e-06,9.527460583240445e-05,9.417700100332718e-06
NZL,2015,0,0,0.012322143716472115,0.014959598419440147,1.795741735660292e-05,0.00017917695000349944,0.0004127695107141604,0.0008952873851373103,8.410225300699433e-07,0.0001110393642693302,0.003606569735465822,0.0048150102425531015,0.0005281538954532721,2.3067760079240915e-05,6.519531365652138e-05,0.00013455233184246924
NZL,2016,0,0,0.017513565038952506,0.022911106520264585,2.8422365228720195e-05,0.0011946556540089251,0.0011161516302165139,6.359809215826139e-05,2.022096571710399e-05,0.0003170453271528389,0.002356547186786005,0.004566489001036931,4.962330000657953e-05,0.00014985382836679685,8.11533369690664e-05,0.002728473043186606
NZL,2017,0,0,0.010577472683007289,0.015980245590462672,9.708045584600179e-06,0.0029216502799622964,0.0015553317619567404,0.000475423523593436,3.9907108273359634e-05,0.00043053560016704617,0.003530744073750327,0.007125145300289628,0.0016026178235883921,0.00025568740942170785,1.4753711923935594e-08,0.003092650145120955
NZL,2018,0,0,0.0032573695890742694,0.004610901032004891,2.120868988651016e-06,0.0005107879618788514,0.000312529457051434,0.0010675086927542955,8.590235803542012e-07,8.082629605827765e-05,0.004446078642295153,0.005959245161034417,0.0013953339789675241,3.256219622857706e-05,4.096301379658264e-07,0.00012139770290887163
NZL,2019,0,0,0.0012044184890742911,3.187114736549991e-05,2.2930541686400002e-05,0.009426376442090795,0.0019450889014665435,0.0010864685718766872,0.00016559719130171405,0.0005206192780813155,0.001502467457862664,0.005520027605357521,0.011103212550884835,0.0005526883411243887,0.0007518973217659856,0.003927759696045536
NZL,2020,0,0,0.0032344699851214217,0.016994954723860447,1.1018981027110235e-06,0.049766357254865556,0.01399690374974907,0.0035074568095173485,0.0018348770242112501,0.004036033100833417,0.0003110161844463331,0.005358632904019472,0.004251036464868507,0.00420508789276166,0.0009526878514668787,0.07129624740945191
NZL,2021,0,0,0.049970853063872264,0.054544600742054916,8.567655096364657e-05,0.0002940738043211182,0.0005782660071236942,0.0018595250589754592,1.8357077477973023e-05,0.00016032638319170677,0.0015769436362114175,0.0014309160940775083,0.001173565636031118,5.817545529988715e-07,0.0006130437871273934,0.0008130894722528982
NZL,2022,1,0,0.0665251566025408,0.06311945178175263,0.00019179374129891304,0.005297029031346616,1.657474340114246e-06,0.00010845621141614438,1.6237051207985484e-05,1.9297981990960135e-10,0.0019189293310558422,0.003688123039547009,0.0065695210633084115,0.00014814697113925193,0.002202661982199176,0.0008117106063216239
NZL,2023,1,0,0.022314683292003788,0.027747607511121864,3.997835221431189e-05,0.0006445771771465482,0.0009653171202193859,7.704998545976895e-05,9.542323250321582e-06,0.00027526929438832906,0.0023601538068182414,0.0042061758484539654,4.81610494635093e-09,0.00010343815511902796,0.000165133518908111,0.0020626519707650894
NZL,2024,0,0,0.0018878655094867684,0.0016093072878464894,5.6460027250357595e-06,0.00032878283403473864,2.4951337481520386e-05,0.00016150930158261308,5.5462730113562326e-05,7.690455593570624e-06,0.003132669726521037,0.0025674203955147485,0.00018962037236421432,2.12712891963438e-05,6.852225172516215e-05,0.0001684549964407561
PAK,1990,0,0,0.16736817848065355,0.0787670015552147,0.0006968865490083825,0.24352587513459367,0.03641665400412334,0.026153727560583036,0.007733475464421654,0.010476359331763592,0.004467037907230889,0.012266429392091546,0.02833107971902108,0.017160711385075127,0.017005738284269174,0.2872541021741667
PAK,1991,0,0,0.14038233981716638,0.0721119862700685,0.00041760810515515724,0.1779765711892742,0.02467157441079695,0.06323564315719626,0.0063023393098699506,0.007350963348513769,0.009455789350658265,0.00316336530867436,2.95491574686805e-06,0.01373647973726389,0.010167117030742225,0.30151762121594866
PAK,1992,0,0,0.09749344839242403,0.035693879487276634,0.00035258043859933644,0.2143013762931972,0.034684932720540435,0.05913566601323065,0.007663613774630245,0.010240627232672486,0.009031668347743393,0.005931349308468459,0.0008975436455055538,0.01677471200397225,0.010503432887615361,0.34756313867876276
PAK,1993,0,0,0.09238564629658488,0.043275511698834694,0.0004635465987096946,0.13210210462009303,0.020431992193768005,0.0033454635895381556,0.004244042916046109,0.005755522702222233,0.003687338353914335,0.004667747923687193,0.04545771446970878,0.008716862710549812,0.010883050687582448,0.1141363902331639
PAK,1994,0,0,0.09738201584886656,0.041392000503082595,0.00041031067814447487,0.16856550209403956,0.026622100408872175,0.023607431181767537,0.005948572847465834,0.007712547673407372,0.00851621476066492,0.003257853031339285,0.014305136622756924,0.012285648980499686,0.010649003882273501,0.2126452363651312
PAK,1995,0,0,0.11531608127131988,0.03517570033910589,0.0005544302038746516,0.3076331642772607,0.05378864734255177,0.04476411666749849,0.011555801126476039,0.015616721570277829,0.021420192395630342,0.003510166158234203,0.023220355942948332,0.023160530413608143,0.016691715090659698,0.403153485020924
PAK,1996,0,0,0.1308877781506416,0.04151080566867703,0.0006584393331556005,0.3327386761538258,0.05789884061146821,0.037253221554502815,0.012156169562674438,0.016713649077946657,0.019586927766454758,0.005310120507469026,0.03770252600560738,0.024534390273973694,0.019223846998031396,0.4057185656597865
PAK,1997,0,0,0.08868376304244349,0.02888389235163868,0.0005692619637299739,0.21347923269719496,0.03748789875792288,0.00256985101643024,0.006847594582615679,0.010529458130962012,0.003495626358987885,0.011710369763956086,0.0832147023062773,0.014352263031498337,0.015465897479085357,0.18050158885392384
PAK,1998,0,0,0.0889242425837421,0.025915188166365618,0.00046517806197237066,0.2470376206816227,0.04403013791304928,0.027892231060664,0.009433979064634144,0.01271809034007574,0.019686112658246824,0.0018920319910217156,0.028881961096406682,0.018341965950142005,0.013933073845939937,0.30055906524252785
PAK,1999,0,0,0.0905502720162744,0.011884189320339831,0.0007213601732332998,0.4451363278183716,0.08768416457236566,0.017547994118230936,0.015944749337597455,0.02496165936803267,0.017039684247736876,0.014013234782404004,0.1093341358565996,0.032243383531483295,0.0246379056327542,0.459446323619932
PAK,2000,0,0,0.058569376590910834,0.006868746338710538,0.0005817272354887495,0.29884563621567845,0.060411010505224697,0.0010314868645840073,0.010409797498137183,0.01693670771533281,0.009673043198700475,0.010787498189018422,0.14092198879674733,0.020551146918393524,0.01893474666014009,0.2393651743306824
PAK,2001,0,0,0.05027753620225968,0.004827863004660331,0.000586461857799187,0.27765036799405046,0.05702689729170038,0.00038283965549706613,0.009074415086356888,0.01582037628009069,0.0038947512991673885,0.01732132212998369,0.17918555689983173,0.018425965078867925,0.018881564976475723,0.18751786296066797
PAK,2002,0,0,0.01992799719037045,4.637200037690567e-05,0.00035270560149441025,0.24104346663531262,0.05316792037270691,2.1890765725913722e-06,0.00811439749135464,0.014849416187078997,0.0029361708571689106,0.0168752446860712,0.12828845760941135,0.016704238423991616,0.013727725247280942,0.18620201615911214
PAK,2003,0,0,0.021138319848779476,0.0013826121768273903,0.000454161486899993,0.3605336588687494,0.08173526915469254,0.00035265294039892167,0.012716611695584804,0.022919073530451018,0.008322788954216384,0.0184250735252374,0.17441798492174113,0.02551605311067679,0.019099150400276002,0.29466057890783937
PAK,2004,0,0,0.046298240267608114,2.4184957453896893e-06,0.0005627137966007623,0.5173906991883037,0.11105953137389821,0.02140427373830655,0.018890630535888752,0.03168709388136954,0.017537663349667398,0.019855195728452357,0.11370418190730618,0.03865754185467931,0.024104818835434236,0.5640999047756319
PAK,2005,0,0,0.05809326786180247,0.0002323414171914614,0.0007423438481642766,0.5779186378210167,0.12333894165181418,0.009731219226948886,0.019977248866939256,0.03489918913201616,0.010933993855426706,0.033263532578640204,0.1825319188970093,0.041810385014023135,0.029681705121567786,0.5588711631664552
PAK,2006,0,0,0.05937145261463435,0.004147729119181081,0.0005918258006384875,0.37759926997331456,0.07648537602605841,0.00539938319595957,0.012275578081352852,0.02158648641254835,0.003046643589720916,0.030423983109158653,0.1238946545783341,0.02675337410486247,0.02119035250161049,0.35561665892016714
PAK,2007,0,0,0.0879256643886893,0.013987444802854462,0.0007390726322786831,0.38562941380045795,0.07482152428518839,0.004624920985554298,0.012553420873204811,0.021070573783718686,0.004664304284891907,0.02603517264394727,0.13939493386443236,0.026798077949507178,0.023798018859287843,0.3454589471321635
PAK,2008,1,0,0.10602034203855804,0.022056099372031273,0.0008285221917846986,0.38791567526792525,0.0732227098522608,0.0036033794974028514,0.012328815545748186,0.020572717039159992,0.003575166158771694,0.02858556491056478,0.1496441069637504,0.026567460942506137,0.025305695496127868,0.3358314812405181
PAK,2009,0,0,0.06472179383738685,0.00490552134162345,0.00088282499718645,0.3877827199407716,0.08068358968583002,0.0068659611411509,0.011631356229314254,0.02214731363792157,0.0006250905869493008,0.04137853389828119,0.32513991462991965,0.02480478872261881,0.028184550148469725,0.21889888890883985
PAK,2010,0,0,0.053426330605373426,0.0026212023067916355,0.0006997742674191028,0.3700147062784059,0.07712540447053653,0.0005563842675957616,0.011386412460884773,0.021398095268270967,0.0007483849234140945,0.03912704205309952,0.22598720668032724,0.024715114111113524,0.02391373829359753,0.26032347032591785
PAK,2011,0,0,0.043874141493391895,6.806887770454885e-05,0.0006538367264506297,0.5300009023281914,0.11478931984190557,0.0054743526629303825,0.017746893397782997,0.03238803228099814,0.0049235727939393485,0.04196211509024604,0.182960463674667,0.038114592401433674,0.027055606474764547,0.49779765026941464
PAK,2012,0,0,0.03279915385009647,0.0001444417404864649,0.0006186922422416912,0.40971213428363984,0.08995769069639221,0.0006219588162110895,0.012585911836934893,0.02499983931343939,0.00021652194741448,0.050636320192699445,0.23988974956292422,0.027891265933359066,0.023993564661743832,0.3003769865753138
PAK,2013,0,0,0.017446260478923496,0.007185368897186654,0.0004994787236014625,0.5017118625267795,0.11544560521865774,0.0019457195920958071,0.016822550488010565,0.03248543673290554,0.003299810500146073,0.045215133052586017,0.19751858185991586,0.036248267057727525,0.023902782736306204,0.45392142403955943
PAK,2014,0,0,0.010684605023969295,0.016599347807363173,0.0005126758422182845,0.5617140587897993,0.13322800527199047,0.000556701152842202,0.01884378780932126,0.037398204510163284,0.003077474462539465,0.05349265501783464,0.24719447458514124,0.04049242802734782,0.026233933858545916,0.48779933467577163
PAK,2015,0,0,0.00539444430631638,0.01231821305570259,0.00032704679427520827,0.3512207170158192,0.08404117972320242,6.320985351172855e-06,0.011472506917912696,0.023507392240242297,0.0007434271848564948,0.03971403932957645,0.17440258931652114,0.025028422897251212,0.01676415046668693,0.2886446208837817
PAK,2016,0,0,0.003009724409031738,0.030056404565913644,0.00038658590396737757,0.5292950971045282,0.13001045007386589,0.0010391787976790836,0.018358676407011738,0.03658080025394889,0.004857954031832788,0.044501861957910165,0.219534641851841,0.03883491336485418,0.02271703514848204,0.47657733546728487
PAK,2017,0,0,0.009193836794380158,0.009947941818595287,0.0003278689625348225,0.4050521189001388,0.09436003421546008,0.004758116004230177,0.013753368222744243,0.02668992791596489,0.00259883769075957,0.037400026722345374,0.12634862657165086,0.02998084438645033,0.017527631619698093,0.40316196169883556
PAK,2018,0,0,0.02318873909851722,0.0023966170799690815,0.0005251642604971521,0.43819096156283954,0.0986463384609548,0.0002641685216985597,0.014146755312790993,0.02762798845116061,0.0014569550666015956,0.045149748221967184,0.20210157009671606,0.03092255972341776,0.022781981512565195,0.3668677456004977
PAK,2019,0,0,0.02540765545921546,0.0005967416317268785,0.000579097575219283,0.3656461545987389,0.0815252028327422,0.00402652698030005,0.010776521347118867,0.022503659350779064,8.652799934154309e-05,0.05536644936623428,0.26146382892729436,0.024328143839849797,0.022375175859636377,0.23774966228175382
PAK,2020,1,0,0.015118031699946372,0.0006302348462908666,0.00018556249453247848,0.11122508171254544,0.02230348774267273,2.5013119549624766e-05,0.002686564782319248,0.006191809512548622,0.004732010898838971,0.036997124480401954,0.05170974085806655,0.0074599224678477535,0.0067196442897373785,0.09049766495376586
PAK,2021,1,0,0.044083166500571036,7.646208991875316e-05,0.0004923053300451145,0.4656979970102128,0.09706404704915497,0.019490873432144278,0.014779141202819066,0.027669044120570863,0.0005402201852609221,0.05564825587782056,0.08577325021062629,0.034606213491316144,0.021393063554622272,0.5313384096212735
PAK,2022,1,0,0.038859072277751094,0.0005407590083014904,0.0008598766692847407,0.5267728657251857,0.11701227452447863,0.00673748825147777,0.015381018679686533,0.03226583450883666,0.00018485620618239498,0.08102411234104114,0.3869318963430081,0.03487597682326352,0.03274743940181313,0.33586185038126154
PAK,2023,1,0,0.010772118737211601,0.0030061742929506394,0.000332736751997092,0.2675103156856631,0.061089691083022445,0.000879329455050706,0.007904319552164491,0.01696275752186163,0.00039358197523637446,0.04620860993904348,0.15692319993839246,0.018351637040281837,0.01455517412994267,0.19859532617265652
PAK,2024,1,0,0.014390772499596131,0.007034965788623147,0.00044866509194079845,0.44219851777418867,0.10154346185331192,0.00044927202902356997,0.013924954150788694,0.028474497677718074,0.0001076931645255145,0.05894699666292462,0.18823501183477434,0.03156291329409079,0.021466541728698676,0.386977795543931
PER,1990,1,1,0.11762739106480846,0.12196974153973625,0.0006075411677911126,0.0010744707790271816,0.0005207240006767376,0.07572237489434755,0.0002037237622736291,0.00027004588765895085,0.013313375547230662,0.011456803105683233,0.17339589393868002,0.00021104762265585617,0.006672394542590629,0.060462902910205535
PER,1991,0,1,0.008990643923093171,0.03341314766401702,3.1236211338296636e-06,0.06979451042186448,0.020672053265404323,0.0191526697186247,0.003434417750853792,0.0061121664028951335,0.008184393368100987,0.0003731580090689133,1.2033021655968351e-05,0.0065991364871821985,0.000658249892942895,0.13676748953880688
PER,1992,0,0,0.032211692136783966,0.00826774191437821,0.00022748433986431182,0.09837857765367866,0.018534870088179226,0.002172655644320795,0.0038207239005256465,0.005242816300831136,0.009623320182078206,0.0002768408159649545,0.03656852207746847,0.006849959289890962,0.006565559106692685,0.08598721525026304
PER,1993,0,0,0.053383631209798235,0.010335561139569903,0.00039938008182634736,0.2055783892886673,0.03988258159445205,0.006721163836708843,0.007915141907830419,0.011330436924183859,0.01791835090840034,0.00115641387071222,0.06282869021703803,0.014664337981312078,0.01246991322558644,0.19567418415852866
PER,1994,0,0,0.05518552170701438,0.01555025581595691,0.00040622431886399766,0.1527748333946997,0.028589539905566477,0.0009348545067540485,0.005721889726522922,0.008018812156442923,0.014254900863499148,0.0005297092395438715,0.07691097441857661,0.010290054555157562,0.011191690109938741,0.11543526705773333
PER,1995,1,0,0.04322519019799534,0.03447315603815343,0.0001466528447705289,0.012136822206349799,0.0008862864704138338,0.00039490424572249873,0.0004692314269711009,0.0002452888097098873,0.004637274798678032,0.001148841776136065,0.007598422988056736,0.000653077709276787,0.002144878902630409,0.0063537986922016605
PER,1996,0,0,0.03340943596986696,0.03396729167932724,8.259276622089951e-05,0.0009769675138953937,6.101018273513753e-05,0.00010909092805659273,2.2200733119754242e-05,1.886503344873301e-05,0.0007473009483387283,0.0005349163910060775,0.0011524738632474095,1.814387207352238e-05,0.0007748152415572054,5.846838836896133e-05
PER,1997,0,0,0.026934230655444907,0.02090546765509195,9.79382868976568e-05,0.008645829417881072,0.0006966733332634809,5.502595418660599e-05,0.00029320412869812966,0.00018981455421846703,0.00173715207994894,0.00015891919554217242,0.006615412683074604,0.0004552120037375393,0.0014921988929140243,0.003983813244802938
PER,1998,0,0,0.017597153002204952,0.03375886414461106,5.304818093157957e-06,0.017504668393575926,0.007320845449926419,0.0002976080282291777,0.0007469627024859025,0.002057575415416957,0.00038133804880973826,0.0014087821712239952,0.01069092751258651,0.001479013506020948,0.00016804505873725193,0.01550800550112418
PER,1999,0,0,0.01403618497137159,0.012245493100518257,4.106402620279867e-05,0.0023270244033337605,7.862307430044551e-05,0.000150671660143412,7.030384370359899e-05,2.145089308114813e-05,0.00035406994228395896,2.76425041577146e-05,0.0011166947401386271,0.00011246720835815089,0.0005297103995803762,0.0012857736896747889
PER,2000,0,0,0.012520443045544925,0.0018972500507575634,0.00011163965592274921,0.05584973499566149,0.01118082087329579,0.0005898066203209836,0.0021267021237292923,0.003150399856837577,0.004220643932497245,0.0004956061783715408,0.02382276315955327,0.003892955412346979,0.0035308331970555135,0.04670023108399583
PER,2001,0,0,0.007812176202803975,0.00018568975024988517,9.584875490792252e-05,0.06358285505350869,0.013570217823880057,0.000627216422146218,0.002384489311195131,0.0038279226397672293,0.0032216096730134825,0.0014097691614341505,0.025342133083682366,0.004529131418000832,0.003541466919586464,0.055843610796995236
PER,2002,0,0,0.005624034405280651,0.0032129896153195885,0.00017944716145366105,0.18260287167318878,0.04324892052214713,0.0012346430354205876,0.007150513252677138,0.012210397385909393,0.011360767351382677,0.003218362311587536,0.0752366592743779,0.013384613157684362,0.008606527419973036,0.16253753715433814
PER,2003,0,0,0.0015587340790661965,0.011382727656509457,0.00016545767163637573,0.21611465050208573,0.05407018255807031,0.0010656883684909881,0.0088234645224353,0.015268841638070386,0.016768004970453193,0.0024839321016327082,0.0930473284723409,0.016063516385932706,0.009348954412346722,0.19143998136173768
PER,2004,0,0,0.0008482127650146987,0.017037896051715632,0.00018278798307060909,0.25397154173332576,0.06503014795719377,0.0011289155508301476,0.010903227620878744,0.01837062229761184,0.028494436090066494,0.0006870685772973405,0.11493376674219306,0.018981861150996125,0.010779337676539373,0.22102095783557033
PER,2005,0,0,8.983986801030743e-09,0.0231837593994567,0.000135162814802417,0.225311080806696,0.059866288305212206,0.0009166997874259386,0.010134849068592019,0.01692447915387005,0.032733825100335436,1.569544993421774e-05,0.1048857469159776,0.017031398549070483,0.009018279977050424,0.19538318633111446
PER,2006,0,0,0.004666254486634217,0.030392901238458184,2.961670358339622e-05,0.09830285739790014,0.030179583506593177,5.272593294213219e-07,0.005317253405177384,0.00851708761124627,0.03317168536571176,0.0033078991826150277,0.06227244577682364,0.007616648773474169,0.0033402386363824525,0.0754062852425751
PER,2007,0,0,0.006499659476923375,0.023352937509998225,3.4691536520343927e-06,0.04257783251552131,0.014397008193188305,6.863762509804673e-05,0.002655384549304069,0.004087695725631761,0.023383321643222724,0.004777964791686586,0.024918619934798214,0.0034690867705952657,0.0011026048337515384,0.035170535093626686
PER,2008,0,0,0.005733892246808816,0.009811709966725824,5.800396926196571e-06,0.003230904036096621,0.0017150198055439262,0.0007123344846641045,0.00041699990141405775,0.000506970940473298,0.010230585965495914,0.005633370292736607,0.0003442882951085978,0.00036465076134083407,1.9416999288332023e-07,0.005140086875995381
PER,2009,0,0,0.007628715171372291,0.016231536038364823,6.050741307812378e-06,0.011768001762685483,0.004694320206392452,0.0029504376360613535,0.0010221959165915746,0.0013882576631009623,0.013662975314265568,0.004899853566213556,0.0003024072168320708,0.0012120573130556657,3.846472968597577e-05,0.020671059467721017
PER,2010,0,0,0.00655595802590724,0.019316383800761686,7.92096284003176e-09,0.026856405223816084,0.009483320927339313,0.001320166497193402,0.0019171560768747027,0.0027379350843398827,0.02172203001684221,0.006299472102663831,0.007825999862225487,0.002384067585083299,0.0004384981606384631,0.03019447158113246
PER,2011,0,0,0.008339996679883527,0.013361370752308458,1.4692121538045132e-05,0.0033165975560789478,0.0019419149067625425,0.0031457883514586903,0.0005922097196612552,0.0005936661630976278,0.018625248251529013,0.011847073831719086,0.00021728635329568214,0.00045499159687838056,2.0055023835289245e-05,0.009059200831690869
PER,2012,0,0,0.003503446546912651,0.0050778384851192,7.879472338303431e-06,0.0006653405184306058,0.0005246061383824494,0.0015105501170002316,0.00020599065050031106,0.0001647521114045039,0.009028406896345462,0.006655434359499038,0.0003659275991768696,0.00011795888704435512,2.964505084507956e-05,0.0027122191351778503
PER,2013,0,0,0.0021425288565626076,0.0019542869442499807,1.7771578988870225e-05,0.0001779858980940575,1.2436519851173148e-07,0.004850115280228705,3.4704010245017364e-05,7.698444016307899e-07,0.005900100551565717,0.006140166093334167,0.008447875179718711,2.039205722256424e-06,0.0002548003578663711,0.0019338951195295273
PER,2014,0,0,0.0023922336964734858,0.0016290800402192082,1.5413914634770157e-05,0.001274062739993769,0.00012226365524984625,0.001108964906814689,9.119709742778967e-07,2.7907339936004288e-05,0.002076736713330437,0.0032172165198432285,0.004140920764504817,4.223457477483987e-05,0.00027865518247804975,1.569751379941087e-05
PER,2015,0,0,0.0001602676215508018,0.00017194837553469785,2.6066095482767105e-06,2.2459203151855538e-07,3.3485618592258493e-06,0.001619307950482883,1.7971932572589862e-05,2.4013007809981886e-06,0.0014661428971533296,0.0013524524829050153,0.002264321433889005,6.979335819405679e-06,3.5287482787247506e-05,0.0010235206533009168
PER,2016,0,0,0.0005535877716781513,0.00033676802221688365,1.4891827742899014e-05,0.01850924283223622,0.004462560976049136,0.0008789338462909772,0.0009045315997060197,0.0012790688769536292,0.004509780537493131,0.00021940820234566768,0.004903774205131636,0.0014366436298953044,0.0007666293149858552,0.01946426696040418
PER,2017,0,0,0.0014309086750988731,6.326918830081338e-05,2.0931799637423388e-05,0.02296480362460858,0.005301371196368502,0.0018503591463301663,0.0011652805456988295,0.0015290927049305535,0.006926168126581059,0.0006358445512506429,0.004552570503925037,0.0018020018477173157,0.0009693372270518787,0.026008877938302664
PER,2018,0,0,0.010609757414058365,0.00207575141176343,8.761974909208582e-05,0.039795921845880454,0.007999875379716363,0.0006965663363112603,0.00178547850117792,0.0022633315452913155,0.009238905554490355,0.0005129586715578669,0.017868782652348505,0.0027983178010351655,0.002613481090880309,0.03232575528585856
PER,2019,0,0,0.005017801207543162,0.000588827272471924,4.292599775576318e-05,0.025698795616509857,0.005290121387310177,0.0011111762115709693,0.001145333500719286,0.00151001243879104,0.004910572355172145,0.0001069013983363649,0.007610006344952196,0.0018843576829040275,0.0014415209540251108,0.025018279589048394
PER,2020,1,1,0.018558572153215654,0.002370574475423716,0.00021541988770952986,0.0892199971567288,0.0181979902387995,0.00075295688929263,0.002803591015164921,0.005016187221184773,0.0015339771448871222,0.005039760208282984,0.07009546351157751,0.005759954781495705,0.006583110362380868,0.05245966026522813
PER,2021,0,1,0.0003776487631325625,0.029137788969060753,0.00011613078746421139,0.21786476523150697,0.05936678123063989,0.000510634749661261,0.009868207769575966,0.01676896977048401,0.033675959877922594,3.8289910437044224e-07,0.10741269652119542,0.016513059526317726,0.008461166009491428,0.1850892864799491
PER,2022,0,0,0.0007580645965996364,0.005749852413404778,5.81946711302748e-06,0.02068418581116503,0.006285330967535999,0.0001236646581173786,0.0012062537086330125,0.0017860297389602129,0.00939737158131702,0.0015820816728339907,0.010660320534628854,0.0016426204773515526,0.0006669512454502392,0.017654103772041158
PER,2023,0,0,0.0009960237200750332,0.006072538352052397,2.9478721062343435e-06,0.019049514878925335,0.005791599824193395,0.0004391074948040404,0.0010971393181798373,0.0016568018102437554,0.007328390936772088,0.0009283804387421098,0.00675506618220601,0.0015619337611815745,0.0005168010987563474,0.019211760768688836
PER,2024,0,0,0.0020971377421170317,0.011614492488261165,5.701896511244874e-06,0.033610633166758726,0.010332501990974173,0.00028350383909200193,0.0018381092785048141,0.0029399285651761217,0.010828414002870266,0.0009408781959476092,0.014792985378810342,0.002704556767407599,0.0009584360213199712,0.031130508270232983
PHL,1990,0,0,0.12402320412028882,0.11900384563508304,0.00019698400719460422,0.01058487752149462,1.1042953707919535e-08,0.025433725862139347,0.00022744374409860434,1.7164018075396768e-06,0.00032670649207975093,0.00010530320382704493,0.01218067194437015,0.0007096237655143044,0.001938284756838508,0.034062450321145264
PHL,1991,1,0,0.09736240061939119,0.07089924051906595,0.0002740394377135376,0.04500044693351152,0.0038867889839418,0.010823404789783199,0.0012254201696518736,0.0011382018837465368,0.00034573912299885927,0.002741859839380299,0.0013384681121958657,0.0029621282814113825,0.004652980418765726,0.05907348013432306
PHL,1992,0,0,0.09787673286368029,0.07205762018548481,0.000352159823476931,0.04125430610972257,0.003595713641261399,0.0005398206474817291,0.0009407951956616914,0.0009867891530043545,4.13858871233641e-06,0.004559104822896699,0.01920745280750254,0.002285423891029801,0.005837283297142271,0.027467836048417613
PHL,1993,0,0,0.11731191990239385,0.10085009816627036,0.00032652540156362934,0.022426625992082994,0.000780252937363379,0.0021637007403624933,0.00039499053259346527,0.00021571698878025667,0.00013257276421722628,0.0031026634511121735,0.005022977924697635,0.001138590508662277,0.004376408452785271,0.017906222468628278
PHL,1994,0,0,0.08536747113713768,0.06589839719911184,0.00022418850859181987,0.030853459930308306,0.002157496752895725,0.008858826105986881,0.0007463752587612892,0.0006361057488680658,2.280596878630843e-05,0.0027979117104545916,0.0004042007446990844,0.0019834015453334746,0.0035334189876958157,0.0421045642371262
PHL,1995,0,0,0.09020016118114256,0.049245506181355654,0.00038292926600800925,0.09640959563928268,0.012934854476339862,0.003617223462636739,0.002397906687325728,0.0036439834924170337,0.0003126560013116871,0.016012001251626957,0.023588444858751757,0.006234822972565386,0.0083957253824541,0.09211358309756658
PHL,1996,0,0,0.10733875166753414,0.0657786556482696,0.00036691634252879586,0.08756131525481292,0.01028206160083228,0.01088070148216703,0.002197604752508542,0.0029549824010131286,9.534642238781638e-05,0.012760866967990786,0.007552385408511899,0.005861148788714323,0.00749151411430448,0.10499362504415088
PHL,1997,0,0,0.10554835700480973,0.07512417009168897,0.0002480590424662817,0.05581209693066855,0.004682189628495092,0.024613413592040688,0.001145042427855238,0.0014103450941468268,0.0020058460720879683,0.015946556607186777,0.0013236979483556529,0.003972331776281879,0.004480690291086514,0.10313210192895465
PHL,1998,0,0,0.07277751041102037,0.07693572113471316,2.0227864675534347e-05,0.0028876906681457736,0.0006118133591829091,0.0751230846123871,2.9476441597264076e-05,0.00010495843504569742,0.02411973443978879,0.029202241503356704,0.1284195675325523,0.000426384851501189,4.472377461085354e-05,0.07877389696492515
PHL,1999,0,1,0.10179357072691268,0.07414715245703789,8.910870406842655e-05,0.07843410411970127,0.003710948029379791,1.002771204998338,0.002997974646310237,0.0019829704766122923,3.432214833231486e-05,0.015657915357652093,1.39713744978039,0.013879959370600147,0.000982758464158273,1.2322257624766095
PHL,2000,0,1,0.09796947638474937,0.043132725560745155,2.4951710237852824e-06,0.204969400048511,0.024106149751264468,0.7831840204853434,0.007977332819276924,0.008656721578057466,0.00279351241577128,0.017150344481506524,0.7885453341151978,0.025276801154728818,0.00034181097338668615,1.343798686847829
PHL,2001,0,1,0.05763543106534591,0.0450271989612114,6.293508663515847e-05,0.03599312838017092,0.0010927956734177978,0.5674335442553997,0.0010520293704134023,0.0007120007087335013,0.004033902006076499,0.02105302937710012,0.8437708716091438,0.006844454455893725,0.0008268647974654407,0.6805070281432647
PHL,2002,0,0,0.03502224540165892,0.03492274862752508,8.034694893418169e-05,0.007182279358647131,9.546360167772436e-05,0.3773521459530263,6.647065928144897e-05,5.1391968395699066e-06,0.014978828683788605,0.02627946041430816,0.6649163703321426,0.0023535859165380708,0.001581984993354872,0.38423260079751065
PHL,2003,0,0,0.03217890596493591,0.018925520214640133,4.8786767441635655e-05,0.04623086226031737,0.0032130818801830436,0.41729808763357273,0.0011677952094503972,0.0014363400715841931,0.00907390997422372,0.034871628031163435,0.5868733016672529,0.007332109843044101,0.0003237813963544855,0.5879793130927524
PHL,2004,0,0,0.021231824967700604,0.013734460381399659,5.1244585602849374e-05,0.025960745047916067,0.001320709030515986,0.30620934105895675,0.0004624042582291087,0.0006745950120154368,0.015846696677148345,0.038294838168302536,0.4680329512622908,0.004510042036435293,0.00047343221079666666,0.41416998459491416
PHL,2005,0,0,0.01722964048356304,0.011472394629439086,0.00016523065726765438,0.024058804261676222,0.000896167532970288,0.5101154673723851,0.0005941268361820978,0.0006104385609932397,0.011085658735083844,0.0314070079186737,0.8282390944727415,0.005492973175685807,0.0020073949708514205,0.608714482644271
PHL,2006,0,0,0.009276453257246076,0.0006401655805889858,7.654246169606354e-05,0.08364462001515857,0.01123264388295043,0.4095845463471821,0.002570236716287895,0.004109713064140462,0.005817338112445519,0.03997120320864514,0.5070750550275287,0.011586794642059388,0.0001469326654982884,0.7053588341885932
PHL,2007,0,0,0.010976753023068732,0.00025548739752732084,4.280418195034123e-05,0.11896833730578316,0.018122911892515598,0.39933118813636387,0.00403983225418523,0.0062697442634230514,0.001508030634461696,0.0336956314894003,0.4259540295102812,0.014935363151304597,3.2047163636045013e-06,0.7700711562115635
PHL,2008,0,0,0.013472476816120934,0.010134246437063565,0.0001919033297031348,0.015032133674096216,0.0003074407543649159,0.49836547211958954,0.000510434434184463,0.00032783519091611994,0.0037377378931503094,0.014597971199634983,0.8291561570237461,0.004288111178019513,0.002649496388789836,0.5438928802164952
PHL,2009,0,0,0.003827458835790849,0.0077491622485862345,0.00032887007103546634,0.00043629417938536837,0.0023025715723111965,0.4037592530824119,9.177553763781916e-05,0.000304803012414219,0.020641506532677274,0.02192537745822705,0.8754144053964487,0.0005883048988030371,0.006318107139062944,0.3152035650386213
PHL,2010,0,0,0.012964662469503726,0.01561617219376186,0.0002127949805493434,0.0013405621062605971,0.0006336888840231531,0.42290181423864537,6.186058927609686e-06,2.768869728461798e-05,0.011858621344299974,0.017963863238553632,0.8154789707053174,0.0015451683198032659,0.003947513200379921,0.3787266693516221
PHL,2011,0,0,0.011003489592388036,0.01937648345343599,0.00019884316163415707,0.0019225513294954355,0.003838849973751914,0.3054465216038865,0.0002315346907478919,0.0006763745774343067,0.01934424798292071,0.01711375905393975,0.6872929278996379,0.00016267469391030364,0.004663273637312478,0.21083198118211557
PHL,2012,0,0,0.017116185577274016,0.008872585511572302,3.91546352114712e-05,0.03264415834317707,0.002523787828920751,0.27201154201189176,0.0007328475386912486,0.0010870736237736708,0.010478282640904597,0.032215699798816416,0.38675019569338065,0.005086297587894159,0.0002316811766894992,0.39921466941358064
PHL,2013,0,0,0.006967774760748652,0.00708232468024855,9.887091345572665e-05,0.0026328056422849845,6.510969190140575e-05,0.21109566511153183,4.5652987471897657e-08,1.8295416208416162e-06,0.022311022734739044,0.03124963384325971,0.4087275628367194,0.0011757537849427454,0.0016032973429697904,0.22072852518821326
PHL,2014,0,0,0.0012648427670489688,0.0029686833278685736,0.00022980306885524436,0.0001502610260320812,0.0012546207984485075,0.2563103186683493,8.962011092873043e-05,0.000154363671047038,0.02159076944097937,0.0233702965323048,0.5662415147557857,0.00043042316586262787,0.004179671088831137,0.21036071108843668
PHL,2015,0,0,0.00021890191699285895,0.00022159259316052217,0.0001874321703634742,0.0016163787993154482,2.4129316560616264e-05,0.2196019896346915,9.337815283796857e-08,1.0764802112458922e-05,0.022238340051472797,0.03077330594390641,0.44524382079317454,0.0011264595600478592,0.0026895455190603964,0.2280222767973686
PHL,2016,0,0,0.00013026814070628932,0.0006470018561369239,0.0002725950276842319,0.006842054876266407,0.003960330851619115,0.1733523338448747,0.000672543432294242,0.0007893572570718534,0.0362740946906241,0.02854781169832057,0.4765517610488281,3.111461511321441e-06,0.005467622309258824,0.10649378000996082
PHL,2017,0,0,0.0008687013142334957,0.0005361740219147779,0.00033900950898698215,0.01848626449185973,0.00769045814255216,0.16416813448880616,0.0013665607887905866,0.0017083954035329765,0.044394299983259014,0.028582938368744877,0.5151600263556034,0.00026635566556096395,0.007365309316950363,0.07420957572009562
PHL,2018,0,0,0.0012793834866437835,0.0008361470060493381,0.000325927605683091,0.03182405222294386,0.011425941273751907,0.12025291953161,0.002214737421627479,0.00273096633829937,0.05462611702680614,0.030443723738242803,0.4503118898402016,0.0009399453539824178,0.00776698805554595,0.03431199427056913
PHL,2019,0,0,0.001481077941886045,2.174276961026505e-05,0.0001388147591306621,0.008384230059284454,0.0033322492306198832,0.04327853111100828,0.0011125458712439422,0.000785051173567139,0.056544438547322606,0.043659182530704874,0.17587520469992973,0.00020001264303654112,0.0028518011095895256,0.02066803362915945
PHL,2020,1,1,0.0009602119039391823,0.00038803900271674915,5.244841035323424e-05,0.0006579978374674961,0.0004665416570527974,0.01670041993329475,0.00038869026189124927,9.804986140737046e-05,0.04523468875592646,0.04261950517794427,0.06606627552311048,1.6622698037269095e-07,0.0008276834153636517,0.016886974724026716
PHL,2021,0,0,0.00037665760933428227,0.015457380553656783,0.00014370863026065217,0.2094136070748773,0.05036006847157246,0.00031646175241725966,0.005156013291570771,0.014026276203100957,0.012602889458962076,0.08328120697916291,0.09359683899019432,0.014842469667864684,0.009076714842802322,0.1828453314763726
PHL,2022,0,0,0.0011279055409565413,0.018972714842944792,1.4560751942039572e-05,0.10864705730622942,0.02636225086991598,0.00328331724345497,0.0021776302590228707,0.00750250906398235,0.025393754656751182,0.08425081452903538,0.009278357736094438,0.008509056047571552,0.0027713886587813715,0.1521697963147286
PHL,2023,0,0,0.006380926423708536,0.018056340732563455,6.851595621999457e-05,0.03216870333643947,0.00706726901195409,0.06411951048752837,0.0003984004751050034,0.0022804482285818887,0.03840477184723434,0.07573432539101171,0.08657985834190318,0.00391990899696258,7.753173322061188e-05,0.19083862174954064
PHL,2024,0,0,0.007641720028028189,0.014021715068312872,0.00020312611680418623,0.01281431896431178,0.0021834423723713545,0.14569950954778477,8.68245480661684e-05,0.0008794518686517695,0.04028338429320562,0.06642386710056376,0.27150192264081036,0.002641818871434569,0.0015567754459539498,0.2414945823127052
POL,1990,1,1,0.348176373594653,0.13792072010422593,0.0021715826563366,0.6408644349453849,0.10922090409715697,0.0019764783850890993,0.02175294992401342,0.030458373042440173,0.035573275906838925,0.00965282422292558,0.34941708890594225,0.0415163318071868,0.05355805510835029,0.4528079769161594
POL,1991,1,1,0.014051552937124057,0.0031524581305564445,0.0006463320719400784,0.30971638267946683,0.07517271933483034,0.03764283866870787,0.009916637634129722,0.020296262383171032,0.003664726964802876,0.021363745217599945,0.45628575719359704,0.018964182966303804,0.023259328578156907,0.10291440591375244
POL,1992,0,0,0.005827638009688499,0.0003783355650831376,0.0002214365201300043,0.031872021115709734,0.007669771410075201,0.05251215928830288,0.0006620166244421739,0.0018688531161352138,0.0005440453835715888,0.007031433533448725,0.1971612378725318,0.0011952961246475434,0.005489686823564785,0.001994823898711819
POL,1993,0,0,0.002571895881114071,1.5753165406262932e-05,0.0002904725204617967,0.025142646471356514,0.007149104681019472,0.12878144096590607,0.00034036521322668324,0.0015979810293433063,0.0032226505936428515,0.011536108423138573,0.36120835867466133,0.0005371200557063225,0.0068598446099860854,0.02888561027976058
POL,1994,0,0,0.008738858151595754,0.002851010761201196,8.259677033816838e-05,0.019903388385624235,0.0037026189845948314,0.0014963362282306367,0.0006009355461381314,0.0009950234586601095,0.0003563169737866056,0.0009572379054143027,0.027070181559353867,0.001141151131825051,0.0020396992187539523,0.0065482364045157514
POL,1995,0,0,0.010419255516220817,0.011917808758845306,3.2715117147070305e-05,1.805837115618241e-05,0.00021601108645484367,0.0013525350815749933,1.700156943606691e-05,7.178381842983761e-05,0.00013712111867377822,2.2052626200088414e-05,0.0032618301360733794,3.2978319980371526e-05,0.00026009493812605004,0.0024698624118062997
POL,1996,0,0,0.013279597758198685,0.007620582357049391,7.823211942500029e-05,0.011675988720126627,0.0016892185506505444,0.0005006177821620158,0.0003708005731938122,0.00045218655844269805,0.000839539748184912,5.5397698889513745e-05,0.01549798559123557,0.0006322598903623396,0.001540873587065553,0.003574191777509439
POL,1997,0,0,0.016465411628270022,0.009921123197162039,7.583510775245421e-05,0.013178040928893062,0.0017759612735078181,9.432972948981644e-05,0.00048092109698858083,0.0004936794490174386,0.0019967646964679456,2.9855213618342218e-05,0.008020874640294703,0.0008010092904449585,0.0014748677094889148,0.008151700297951581
POL,1998,0,0,0.022906075898892292,0.007780807982287069,0.00014967971834222698,0.05172793391331904,0.009312238439098692,0.0006227625193551023,0.001986234298277401,0.0026191976855751554,0.006094978579410887,1.8548656403201653e-05,0.02408591925071161,0.003485098353459854,0.003916800208566222,0.04023210802745134
POL,1999,0,0,0.013987751347561729,0.0006487943698634787,0.00023831065198565225,0.094791209027276,0.020909515300442647,0.004311184783227653,0.0033834907638743772,0.005705567760189833,0.0052582676251885525,0.0016202716898471733,0.10975729347264006,0.005936797930378958,0.007426565629397553,0.04028228560288518
POL,2000,0,0,0.08385667149258641,0.043525682140242536,0.0003986600019630882,0.09726178319086985,0.014566330672752136,0.0029443133087134225,0.003575527904182605,0.0041102551197265014,0.011327761885788285,1.1201054909543406e-05,0.03753032354559404,0.006367351602754039,0.008709491877383659,0.07902592181200274
POL,2001,1,0,0.008488075784309714,4.277652954729454e-05,0.0001375191570980844,0.10682607082744422,0.02417062913315583,0.0014466645768022408,0.004516973098818231,0.0068433260562306905,0.014365566668163968,1.5832336051259452e-05,0.04324334827987182,0.00779379549808258,0.005538206710195663,0.09432182824962812
POL,2002,1,0,0.0035062857148028185,8.151801831484817e-05,3.73742646750262e-05,0.028563750331463203,0.0063079193301044615,0.001772607022799101,0.0014474805806450248,0.001811726200586669,0.009934191777993723,0.001271676444545179,0.007593262762504581,0.0021737261769457362,0.0014184506611279802,0.02926451315058887
POL,2003,1,0,0.0028333407864900026,0.0006372326437658578,1.917316775239139e-05,0.009571242180305918,0.0019517175475317053,0.0009069187208067348,0.0005734675290451431,0.0005639191704905068,0.006807398568387755,0.002139919393928417,0.002596522925874798,0.0007222406530117083,0.0005662431583476193,0.00948596050906813
POL,2004,1,0,0.00017469553264866752,2.4960127869748805e-07,1.8590448733475602e-06,0.0018273694803557674,0.0004052231125503601,0.00018242769026438613,9.444927880365004e-05,0.00011720852916593827,0.0005219462574790349,4.529144774400563e-05,0.0002976796677460351,0.00014339159774422582,7.942528049386408e-05,0.0021561698291080542
POL,2005,0,0,0.0030305317637338873,0.0008395444784472249,1.9544219295702828e-05,0.00863346913577879,0.0016159010757148067,0.00039088968954678605,0.00036559319462196914,0.00046059197769366273,0.0014597854324036761,1.728549419514359e-05,0.0025876063487312697,0.0006152761408480686,0.0005581646020191032,0.008179571189096124
POL,2006,0,0,0.0053540185952576005,0.008986156896169717,2.6030483189859235e-06,0.002741871295673506,0.0013340025519269873,0.0003040731563037307,9.906738628423991e-05,0.00037071820490091137,2.4389474982650633e-05,0.0007970170122722906,0.0025198140972641186,0.00023046564937308822,1.3970991662585796e-05,0.0020127314272333744
POL,2007,0,0,0.012506579407946998,0.017376633563523355,1.3451688546487808e-05,0.0015248642406786466,0.0012652421095552646,0.00026962851022949223,9.753923536377754e-05,0.0003555893860752449,0.0001730997712827163,4.442944882958014e-05,0.001614530327103055,0.00016189819226564473,1.2452683865349097e-05,0.001296218389358204
POL,2008,0,0,0.013933418520094368,0.029114351495494312,2.469740600642929e-06,0.019688752862520344,0.007638384214424973,0.00017346246761329296,0.0008145917127688978,0.0021485865704926575,0.00026823933231359345,0.0018478331348319287,0.010799287680211435,0.0016347546665817273,0.00024987472541186537,0.017964882013402926
POL,2009,0,0,0.006900035797483593,0.031449283083127284,1.2309937026435563e-05,0.07659200559240703,0.02350219453659079,6.00397832753966e-05,0.0032506184467762803,0.00660879655814285,0.0049632627427951825,0.0016307142762818168,0.04246311351258965,0.005908112797796022,0.002288351952604154,0.06388406292792098
POL,2010,0,0,0.014322182996087651,0.049999459655718705,5.524770339014834e-06,0.0900892385520636,0.028731933855837905,8.480579584274449e-05,0.003685788176136827,0.008084583116214098,0.0033133053958493176,0.004095699069626377,0.046832096535923434,0.0070608806651822065,0.0023090778239878945,0.07881103315506144
POL,2011,0,0,0.006011473311009765,0.02856565836601734,1.1367596384770275e-05,0.07288194166734568,0.021995847344170864,1.3320607954259629e-05,0.002911374224500881,0.0061897563999515366,0.0027105737072028453,0.003159695835458569,0.03669946446663344,0.005628003377178981,0.002146225634838257,0.06362351056460065
POL,2012,0,0,0.0060202596287443535,0.02775507960121738,1.0480281399836067e-05,0.06860261485044387,0.02089069516273583,2.1246835571755378e-05,0.0028278974394160316,0.005878391084639668,0.0033977295856446707,0.0021811978075584743,0.03577057420183682,0.005303191293460428,0.002017630852370055,0.05897413878066242
POL,2013,0,0,0.0112604181969483,0.044366355870109134,8.624402019807326e-06,0.09293714690021714,0.02895567952087354,6.2097225920230535e-06,0.003865030794009888,0.00815965134670799,0.004425128170467624,0.003180418108479696,0.04579561837756118,0.007279048429527372,0.002495870956929881,0.08278134819295623
POL,2014,0,0,0.009759676544643055,0.04519137593740766,1.7644766778386285e-05,0.11209994381864079,0.03414688224122236,5.121294067250709e-05,0.0046209852720692545,0.009605324298252484,0.005687918523928014,0.0034573044682811756,0.059443668966524726,0.008652490625291779,0.003322499625814178,0.09554509704325434
POL,2015,0,0,0.014190917946213006,0.0616117360772747,2.186514443731175e-05,0.14258921721987833,0.044123581525920934,0.000259020885688138,0.00600691007270743,0.012393562106563087,0.008792065333396682,0.003330071966754582,0.08273117890490442,0.010970555871043024,0.004253837749264494,0.11639597222859736
POL,2016,0,0,0.010983338523772585,0.0681928901296353,5.690220275831526e-05,0.21654149715242987,0.06411525007015727,0.00018511338170980638,0.009056792145814039,0.018009550324524903,0.014243667467577447,0.004298875240858511,0.12349155663936864,0.01645994636585562,0.007190166535073241,0.17579678502173718
POL,2017,0,0,0.01374451848085166,0.10649923683432473,0.00011612038905558859,0.3946987881200186,0.11408315756703509,5.966753800107146e-06,0.016244158077453535,0.03209963844399956,0.023573586353958197,0.009127825364924371,0.2050565373846601,0.030048988435324008,0.01329685742485885,0.3340710387619463
POL,2018,0,0,0.0183808913691606,0.11253307395889897,8.354462905406066e-05,0.35491436310026103,0.10475982871819554,1.3502233258929355e-05,0.014760714035584236,0.029486861728784924,0.02198369775072923,0.007920586099018877,0.18426915040050057,0.027212901570776802,0.0113570448977397,0.30248353293392427
POL,2019,0,0,0.02394663667730703,0.1220713642041617,6.164250943658259e-05,0.33090369765332706,0.09986874353674585,4.6813745705772096e-05,0.014000804533272073,0.028112509761355247,0.022172847972540318,0.006569742723558879,0.17467979877522777,0.025526539433684454,0.010098284589873004,0.2815786464637431
POL,2020,1,0,0.13996100911005488,0.2840072696340886,3.291647215682215e-05,0.17556415138366113,0.07068360625770959,0.0006821061784936066,0.008472309793801956,0.019959358266358057,0.013492832730000924,0.003824507904763113,0.09417483592001157,0.014941014587123286,0.0019326098448078557,0.16344733594391314
POL,2021,0,0,0.15533209598670428,0.40020272327025347,1.9351811736231803e-07,0.4403122853511108,0.15498735064950922,0.0006311597725577471,0.019696925228428124,0.043702539070139636,0.02921421462491945,0.010684615212482838,0.23226262478345902,0.035763901358206264,0.008401455847541938,0.3945572236681768
POL,2022,0,0,0.03928076811577078,0.18003389211357343,7.146584892958812e-05,0.44160919908581814,0.13481042750335281,0.0004820224434218583,0.018089826570667565,0.03788225475539704,0.021024501763771054,0.014708580407551292,0.24338160154005564,0.0339553580810981,0.013237498170074897,0.3692435294235866
POL,2023,0,0,0.03418356676933022,0.1835027202809482,0.00010481234498358929,0.5207811297417578,0.15585679461125596,9.044455250359465e-05,0.021714193920987057,0.04385581240477462,0.030237608159156323,0.012991738709717643,0.2738788751064621,0.040037873544661706,0.01615739588367751,0.4430141347208647
POL,2024,0,1,0.03159499748477136,0.21474062225302665,0.00018343435302982164,0.7321540439755502,0.2131707398156947,1.6256205506795305e-05,0.030006412243810492,0.06003821058033622,0.03896563908144337,0.020339716357418297,0.3616681963144038,0.05612002772095267,0.02362885141711184,0.6372190901802556
PRT,1990,1,0,0.11141841042783716,0.061197683881758065,0.0005387143995962083,0.11228046613486095,0.01670260322609286,0.0020699262391715217,0.004644782732273018,0.004691358230769008,0.02898868611354466,0.002848881768062414,0.059100694846234945,0.007175148305274397,0.011144504632487359,0.07747988952809114
PRT,1991,1,0,0.09005824011487899,0.07766921856591331,0.00026342260615582093,0.01582214639668446,0.0007115412304210376,0.002352958384663214,0.0007859760474014301,0.00020347222548447967,0.01697128138234666,0.008669212028569701,0.0070422124078589705,0.0008427395039123148,0.0033796657485332072,0.009314622700719257
PRT,1992,0,0,0.07661902077006198,0.05059810912173239,0.0003138510402014012,0.0463870135034024,0.005807903082586069,0.0016848153591345217,0.002176239706780247,0.0016374681400168252,0.025101820870102685,0.007311289103910506,0.02538926638219334,0.0028716608490404337,0.0055910826808480635,0.029772220294819712
PRT,1993,1,0,0.041929442471312306,0.02728743120810214,0.00017116309720919157,0.026437290601764155,0.0034886986500603442,0.0016329121019665045,0.001461974545899226,0.0009937214367352815,0.024153286077522793,0.009949861510639313,0.013424168493240306,0.0016957524882966063,0.003059558091002086,0.017829383968197467
PRT,1994,0,0,0.021603756872036792,0.015639778947647478,9.30779569331228e-05,0.008943004275579246,0.0010361011481706689,1.0328599683168352e-05,0.0005387472874037468,0.0002852477781799236,0.012277613434562374,0.006424434914868622,0.010870300548079144,0.0004959184366651092,0.0014813946120982007,0.0027280424341420213
PRT,1995,0,0,0.027826077857216924,0.018482771435244228,0.00011569714523941708,0.016233390484851413,0.002131014282889114,0.0007635790077019013,0.0009813700062770185,0.0006045285000478792,0.01873993522634366,0.00881626283049925,0.01022316430916601,0.0010211821538490022,0.0020140873900818686,0.009537311989973134
PRT,1996,0,0,0.01127366232279725,0.0077350368648600185,5.648001843662839e-05,0.005598989955885658,0.0007395342815705272,8.194979199907401e-05,0.0003393088038672556,0.00020012108438320368,0.007440182336015082,0.0038379700140885654,0.009462624642251454,0.00029917680860241995,0.0009401344103002366,0.0010673205285288395
PRT,1997,0,0,0.009534071025969757,0.0033625199120328295,7.008295947422256e-05,0.019949501267461277,0.003761750201939854,7.397002257557697e-06,0.0009393856242208173,0.0010490557729009797,0.007436310107958376,0.0012630298068541386,0.015500046824398508,0.0013007179215926523,0.0017255358650983728,0.011354341127253078
PRT,1998,0,0,0.011341814082756725,0.0023570864100331316,0.00010129521931759352,0.04023490098108009,0.00813432306861219,9.984877289269093e-05,0.0017726612471225893,0.0022803466891222965,0.009469029746280054,0.0005653442655369008,0.024992307723274983,0.0027331548766869117,0.002901816678217196,0.02739312075999119
PRT,1999,0,0,0.008522703841143054,0.001773640735711805,6.823770024386756e-05,0.03065940575368377,0.006067739877805664,0.0005211470895477555,0.0012996757469291979,0.0017153705035667652,0.005551525048053165,9.913262349761661e-05,0.013325994511396282,0.002146065621694218,0.002023981342326505,0.025228437638144766
PRT,2000,0,0,0.0013605976295366132,4.535214040368322e-06,2.1621755068458552e-05,0.016678518402129795,0.0038016872214767586,0.0002875124440439108,0.000749958281249268,0.0010784820017630877,0.003262889345384806,6.6505330131626e-05,0.0067318858353865975,0.0012253678601434471,0.0008629941568064369,0.014745232299043226
PRT,2001,0,0,0.0024328898529221033,6.412435640087233e-06,4.702627793825477e-05,0.02909565944645842,0.006654349977550843,1.1240146613142563e-05,0.0011612251052333477,0.0018571987867392948,0.0030580107472875013,7.747083903165035e-05,0.01940937099581679,0.00201070370838272,0.0017484519847911233,0.019762294679471656
PRT,2002,0,0,0.0071575997466232074,0.005600928658520381,2.072676644220378e-05,0.0023252837558021145,0.00017128627643825725,0.0004755445215765865,7.949781584109087e-05,4.98449878173816e-05,0.00048170173443230063,3.8592449562142564e-05,0.0002886639246917275,0.0001436614414197111,0.0003132097526565844,0.002380634019537164
PRT,2003,0,0,0.008329099169003656,0.004630625566428762,3.873551925456834e-05,0.008230042638636805,0.0011907084000000762,0.00020150048261561882,0.00030900024715514447,0.00033500403178486854,0.0014682607768462593,4.1673786453481086e-05,0.003750109541491217,0.0005278048469949789,0.0008023556222836366,0.006111576467532866
PRT,2004,0,0,0.012864774287888884,0.020057999332190924,9.604542527305077e-06,0.004215798012230707,0.002322334404360211,0.00042048824781231136,0.00016942415695354407,0.0006486916909773947,6.242103165046067e-05,0.001401803006153613,0.0033326584065190316,0.0003792023304365093,2.8439076472722833e-06,0.003620511115455497
PRT,2005,0,0,0.009246997093697576,0.013841130651605306,1.0639255161549581e-05,0.0023564993205070655,0.00136500389857518,5.656041540136757e-06,9.804129386301311e-05,0.0003886798250024586,7.351071007330467e-05,0.0009886117305381323,0.0005305452569650782,0.00024032409597471674,3.298960800034234e-06,0.003435708891273139
PRT,2006,0,0,0.005506101519196976,0.011140822369619082,2.8134318845036044e-06,0.007071066810698276,0.002730238970155312,0.00012738237666020695,0.00031684096562417885,0.0007823612076488063,0.00018236151152931156,0.0005105735162766862,0.001292946551237942,0.0006403200787556967,4.458905993702871e-05,0.009473706298759505
PRT,2007,0,0,0.007318772434244519,0.01778569740982324,7.488977206685392e-07,0.017697419678156925,0.006220007031046102,6.713763304930336e-05,0.0007540058802354749,0.0017684432502726576,0.00052135633551228,0.0010725985099452441,0.005530509751032822,0.0014984771901573758,0.0002469411482425965,0.019745835976193605
PRT,2008,0,0,0.006134228692658059,0.01333460358958752,1.271870890662173e-06,0.010151071879827517,0.0037948161113193894,2.72730757730037e-07,0.00043057382584686996,0.0010752142306949142,0.0001878091429949056,0.0008285848752650154,0.003826500322489951,0.00086280811760112,0.00011894767348144525,0.010792726466431372
PRT,2009,1,0,0.0062985654530954525,0.008451680833604019,1.6647247795162578e-05,0.0006561922563446318,0.0005202373014128198,0.0013220180734998274,7.253685285170123e-05,0.00016190188400096989,0.00042678169660274103,4.3542835487643124e-05,0.0013878643847285172,0.00011950961136875687,7.794572646505154e-05,0.004168532690236637
PRT,2010,0,0,0.0041709803771608454,0.014289843594811941,7.482259841331507e-07,0.025377388935666566,0.008018722885869025,2.4542622427910475e-05,0.0010198016911073125,0.0022681935858994066,0.0006515383121030221,0.0015423603430987707,0.009926356497102126,0.00203435371209649,0.0005781643832550934,0.02519860700838045
PRT,2011,1,0,0.014492788059588918,0.01774684478427806,4.1764665362165174e-05,0.00039413907196466735,0.0005634856617859269,0.0016201612162099856,2.4300217532078482e-05,0.00017722868707181058,0.00032975119003883095,0.0010219143786900416,0.003752785618921571,0.00011031588825650205,0.00026046053143320794,0.005602456289537986
PRT,2012,1,0,0.024255896630861033,0.020039674466411434,7.956116894418452e-05,0.005565784683529843,0.0003400784421605434,0.0001967496429039039,0.00021866672539226818,9.370365424525222e-05,0.0028910000417590445,0.0009613801608297092,0.003826013477483165,0.0002879564647371853,0.0011051504817411527,0.0026120571606267997
PRT,2013,1,0,0.038278465013146364,0.04860640999353852,5.17244897399367e-05,0.001445792596447934,0.001995323091981829,0.0016474471887837725,3.5405143481206893e-05,0.0005509091707719014,0.0025993370854207718,0.0053497285442110284,0.0022495243109836027,0.0001739880274621184,0.00014336098573349684,0.0012912453007659615
PRT,2014,1,0,0.03906009051279898,0.07635948083368194,9.908403348523068e-06,0.04238935100867949,0.017103859482754367,0.0012168088053199388,0.001556339039909354,0.004785353627237719,0.00010610564719579301,0.009587438521904941,0.026468827650420673,0.003487265761808473,0.0004674818261878478,0.036804182413928584
PRT,2015,0,0,0.04029521710433472,0.09763285370831473,5.371160901935589e-07,0.09491492937083566,0.03381732109080288,0.0009286678468969899,0.003716652874713523,0.009485419627122757,0.0007365456895567938,0.010086618104445826,0.055050350623304,0.00758995771724281,0.0017578872105416734,0.08169920414880613
PRT,2016,0,0,0.03863578562243936,0.09436331376223235,8.73958998395974e-08,0.0929184969817542,0.03310607095428014,0.0017379475423613692,0.0035778831186903453,0.009255656888821578,0.0005051344498498228,0.010679380739063804,0.06122145718552032,0.0073180737577776605,0.0018600364555229388,0.07448587808779779
PRT,2017,0,0,0.044492621560113986,0.10558049928715546,7.194730317257114e-07,0.09780969814579407,0.03524816347911861,0.0015379554007271077,0.003781599766321127,0.009867376597350814,0.0005016784335615918,0.011494956787870684,0.06133481795206783,0.00777741940708365,0.0018191388980376424,0.08101789405361765
PRT,2018,0,0,0.0465526180057068,0.11247873067378569,6.865198223627995e-07,0.1085788623385051,0.03883705504580301,0.0009835321275113462,0.0043444662270868345,0.010898673430755035,0.0013553522411931395,0.009938818256583127,0.06306262129904804,0.008705029555603304,0.0019965331118268655,0.09345940707590816
PRT,2019,0,0,0.036737027908283704,0.09070750223404796,1.275747192040795e-07,0.0916041975687914,0.03245626458067024,0.0010723860252137892,0.0036073155286176564,0.00909521531670905,0.0008978640759691218,0.009029802404700372,0.05565824794813305,0.00727820226781403,0.001787376301686645,0.0767060323278953
PRT,2020,1,1,0.035124273270862566,0.02335345372246218,0.0001354961821245902,0.021219137940063457,0.002506686423267473,0.0010989444875500096,0.0008121016655204331,0.0007088762780334265,0.005454760798074388,0.0005821699844402286,0.008382851133425628,0.0013236146637071624,0.002438084337681924,0.01609463193419499
PRT,2021,0,0,0.006830235649866075,0.030469641625330314,1.1979693319858185e-05,0.07340212447879485,0.021862883721536434,0.0006198495299377246,0.002360167094665972,0.006101652538440701,0.00015913014581940454,0.014616385513399863,0.0418970630077824,0.005489745036188304,0.0022610416920063347,0.06018834955839311
PRT,2022,0,0,0.0030238973872371722,0.03323514818086285,5.3630052358933385e-05,0.15007853852863795,0.041501084044074384,9.376211009271159e-05,0.0052025150823138315,0.011633970773839207,0.0006600611781218207,0.016162131315483698,0.07547219612993396,0.011184248263779045,0.005351376162439464,0.12796978850462798
PRT,2023,0,0,0.0007024683412490329,0.0010776250177663086,3.740336108690632e-05,0.03637800316583244,0.008705119866099674,2.47353628534831e-05,0.0012051908953730585,0.00242961665267341,0.0002220398576954074,0.003358016666931909,0.02020071560881656,0.002565667569457174,0.0018186674249647385,0.02815815960727718
PRT,2024,0,0,0.0018406762472306733,0.006567857523218168,1.8477551127103088e-06,0.012077188139537808,0.003797713432125646,0.0005340438704287756,0.0003848206396823555,0.0010501968292712521,5.407697729147793e-05,0.0026321127728202633,0.009931398465054786,0.0008782997716603338,0.00039013881773279613,0.008032166007758586
ROU,1990,1,1,0.017262210235624516,0.02484162132847656,0.0007087629924040867,0.8730150221502347,0.20878402708389154,0.012075484244395971,0.033413384144002314,0.05917260767595155,0.0443733603363351,0.022452120615894557,0.29567653699070123,0.06523156732882315,0.03774966696736357,0.8453854108381375
ROU,1991,1,1,0.03187107826960977,0.013607020205620483,0.0009642511303780268,0.9211219454617475,0.2162035554616202,0.0030218554441814056,0.03400550197152138,0.0608591493402648,0.03812585750073388,0.029510300098686118,0.4085156863934075,0.06666359331539119,0.04490786128306943,0.7918819980278331
ROU,1992,1,1,0.15283523402281582,0.015384097625222505,0.0012861252777876143,0.8494612006717007,0.17117113414575483,0.037853537868229016,0.0317547271238506,0.048828199850025886,0.05288775252941525,0.01351435763639553,0.2029656300401911,0.06224000152646607,0.04542124950519343,0.8880376171884664
ROU,1993,1,1,0.11845279139958127,0.037161576122568776,0.000794371756275619,0.2955232935102556,0.05314406565150752,0.0030144659064417797,0.010137376676808684,0.01492518317192924,0.013498579467589488,0.006645708419977991,0.12770242011946095,0.019897058575947677,0.021580494577310445,0.2392130067699246
ROU,1994,0,1,0.04021206458203285,0.031244315709692532,9.911513619532669e-05,0.01408093704209698,0.0010021303740229794,0.00633688614728457,0.0004505690355302598,0.00030339435690400637,0.001457767039030397,1.7728521327423636e-06,2.3511329470362146e-07,0.0009576737620469223,0.001526514880276407,0.02156577398102739
ROU,1995,0,0,0.013014591488951132,0.03539260231777253,2.6237846293151236e-06,0.04213499411259703,0.014722321257659508,0.0034797374753876356,0.0015778605150831365,0.0040603550441474755,0.00028514225588391855,0.004394127998703172,0.04514897946014129,0.0030879872021330264,0.0012411669420083241,0.023492422468030807
ROU,1996,0,0,0.008110542514014277,0.03800908934611694,3.008048152025223e-05,0.0937958149185146,0.028689196193792565,0.004651601859519694,0.0032831374646014487,0.00791894409528484,0.0002900081511208182,0.01081804558304821,0.08767248975399294,0.006685541386302119,0.003569646675082594,0.055717469350195836
ROU,1997,1,1,0.042750218435511474,0.054576102858134266,5.725479010666994e-05,0.0017459423546812324,0.0023590090956550134,0.0015573974711292151,7.29790353489913e-05,0.0006547369081478588,0.0012728623158956072,0.0035314571118972844,0.0026174672869245094,0.00021364285716434937,0.00015548108709573336,0.0015657562269549194
ROU,1998,1,0,0.007218106869264608,0.04605584754392654,4.769982774922951e-05,0.14933411834603177,0.04349912104585854,0.0016850362764998582,0.005368986028503704,0.012119053700037219,0.0009160143941251017,0.0148949517057647,0.09985594411858231,0.010966561075213955,0.0053788488744970315,0.11048772292091819
ROU,1999,0,0,0.008781407989217683,0.08204974513374089,0.0001358598911086056,0.33767085407740904,0.09576721399083703,0.0022517405134370554,0.012409372095914244,0.026724039782584245,0.004807919513759944,0.02523421003161814,0.2163179049193256,0.02477025280917373,0.012775268553523842,0.2538332013890038
ROU,2000,0,0,0.01841244171390318,0.05397390712713935,2.9156270041681765e-06,0.07469614180386942,0.02483128410992454,0.001757497904597989,0.002721373394210511,0.0069167125648341475,0.00010556271096179985,0.010091078452978042,0.053002316400823576,0.005679700978436373,0.0019410564756219052,0.0558575371899021
ROU,2001,0,0,0.1195434360836229,0.20052502675362674,6.213397198415364e-05,0.06106949727525814,0.02986953202541437,0.004931986340956356,0.00252178503690774,0.00833335027371993,1.061856772977788e-06,0.012123498351687018,0.05101714338645678,0.005235225966410696,0.00026982306014028846,0.047903029565850706
ROU,2002,0,0,0.1853949192276283,0.27625412552424333,0.00015195755939892075,0.042998689571385605,0.027014911130182166,0.007512151502377713,0.0019288772189809758,0.007526763633367995,7.366055666930565e-05,0.01113458941929546,0.04440884762200478,0.003967367512311791,1.5839896961266477e-09,0.03258207120474412
ROU,2003,0,0,0.04294368829835248,0.06900742728417977,1.0143627657116788e-05,0.015889537292632542,0.008877678622427002,0.012887220314901257,0.0005437848358421376,0.002382439299504263,0.000674360592684595,0.006547841737877356,0.04586848308625184,0.001135704029340837,0.00019704480104271982,0.002589601294405899
ROU,2004,0,0,0.01931091222618851,0.06379549470994861,9.48286412989129e-06,0.10582025412707226,0.0341073086781963,0.0024238518202723434,0.0037831197334342163,0.009493081641608633,0.0002563739598264781,0.013288045683480557,0.07646641453596607,0.00794839749246348,0.003044239628776892,0.07731756281293456
ROU,2005,0,0,0.017659290772775567,0.05303567039380679,4.968461746319715e-06,0.07617083080127329,0.025062772704230407,0.0031523730936340523,0.0025486516251508706,0.00694653295083882,0.00011374327457231748,0.014916754943559919,0.060930142444623796,0.0056574668176319395,0.002153770243227381,0.052507800015254395
ROU,2006,0,0,0.02398652476228807,0.03260093373593135,2.2220456646787807e-05,0.002316013740616235,0.001993818834074768,0.0027144716906162404,3.98680202975646e-05,0.0005395456904278311,0.0029947074971122087,0.0062322619313772126,0.005466692111927473,0.00020303136763020663,1.2514677234619213e-05,0.0008895691881614942
ROU,2007,1,0,0.11802014123397485,0.10788309530697646,0.00027573373539367603,0.01420206694508294,0.00019147685194131634,0.007227755125051902,0.00045129754407214473,6.072050035025886e-05,0.004385549584178748,0.0010797573778857242,0.00027363834096868947,0.0007669552869522307,0.003188827694943402,0.01610040168359923
ROU,2008,0,0,0.1806840746952611,0.14498003564859197,0.0005520098440391596,0.05086573432741953,0.003346875715898982,0.005218126881996449,0.0016219595933840449,0.0009476299776390147,0.007444246865703019,0.00024090377679902758,0.014486733704790406,0.0028858743290570074,0.008080371751458855,0.03998530446103776
ROU,2009,1,0,0.08217348173377814,0.0181312393510755,0.0006124881060060117,0.28604444990822164,0.054700296709789306,0.005987730772364433,0.010510445480556787,0.015468963890641382,0.02060856978849945,0.0029221427996404064,0.10274608985090855,0.02000477063877471,0.0184053301319914,0.25489629240129946
ROU,2010,1,0,0.04564683519749632,0.010747719092193247,0.0003229751307501536,0.15077307481057792,0.0287237284999822,0.004694557012248018,0.005843806815385152,0.008153740293319318,0.016317878340036392,0.00024961517024579176,0.049340269701712694,0.010661349304026978,0.009601531674679836,0.13910101499136543
ROU,2011,0,0,0.029672534599722366,0.025668835650700963,6.761983816483224e-05,0.005526334088949701,0.00021024592040756515,0.003828297197762217,0.00024217540907556966,6.695081537367963e-05,0.003417683119851597,0.0012636355044887348,5.499479994547587e-06,0.0003570809441256022,0.0008541914684659055,0.008167803746963761
ROU,2012,0,0,0.04341593466366933,0.03180661535414041,0.00014176395232336697,0.01871391508152449,0.0017523691029388815,0.002196616872018896,0.0006774041497103142,0.0005019479454261353,0.003791993176761561,0.0002644394034763196,0.00429858848717769,0.001161327459581817,0.0023252437510125263,0.016824251956708954
ROU,2013,0,0,0.052576705725247766,0.03425525749239705,0.00018708392472290475,0.03483769971292576,0.004019010861948047,0.0034298987698271684,0.001140641879647395,0.0011495152770211788,0.0026887006814657497,0.00015031232305747215,0.006807583514936779,0.002261121262168832,0.00350661842964088,0.03434635635767218
ROU,2014,0,0,0.04922709632722545,0.05200003893827668,8.293732636606423e-05,0.0008040199633776612,0.000276323991906892,0.004313029190189848,1.2662663985236729e-05,7.017151477176286e-05,0.0006167721144517687,0.0004764049636206921,0.0017462205803341108,2.727974162062168e-05,0.0006248677306903477,0.0023970821292560725
ROU,2015,0,0,0.06406708515280364,0.05609462151490597,0.0001568706351716313,0.01090193135585346,0.00033072235411197155,0.004219533366731604,0.0003198825225149656,9.988668463036774e-05,0.0016930166913386418,9.898429962084463e-05,0.0003280153191038931,0.0006240121938993535,0.0019840811909286197,0.012620151424590996
ROU,2016,0,0,0.05334836014572737,0.08170558920962369,3.65732097683258e-05,0.014978853025786042,0.008983083978485004,0.0027310496291644846,0.0007420937138386001,0.002498357715353805,0.0002626531923344971,0.0015993607168425898,0.017964324664383618,0.0013389291871560513,1.0868149706061592e-05,0.00975577693500319
ROU,2017,0,0,0.05364842552695731,0.1372687220873826,1.4327331766070952e-07,0.14823567056346382,0.052260036826287076,0.002120100390931783,0.006069934611315347,0.014630476182120268,0.00381710108349066,0.009366438763469783,0.09843162547261845,0.011679714079061553,0.0031596083440115362,0.1175405302201067
ROU,2018,0,0,0.04793541446025692,0.13522577467258545,2.6066637088286125e-06,0.17545473967945613,0.05955421565474367,0.001498130976500132,0.007167770955997777,0.016693754782738834,0.004990942742441816,0.01011684128187471,0.10887264091900314,0.01375784088979748,0.004072646217893027,0.14273106209177722
ROU,2019,0,0,0.06113104425996375,0.11419443375120716,2.1002140270289172e-05,0.053980006269275106,0.02317302147270216,0.001210034081402718,0.002368267712229445,0.006507644583371063,0.001000708412975622,0.004683873186395781,0.03447434602296605,0.0045800341048270075,0.0004641394328363515,0.04714217923304297
ROU,2020,1,0,0.06828266273109142,0.060444488381930624,0.00019261952421912985,0.01027115501668211,0.0002714480903475988,0.0008495376397126112,0.00024151035240452322,7.394929983312005e-05,0.0008846174996491438,5.046464020418227e-07,0.004122119660915359,0.0004876542265721774,0.0024287455570635844,0.0061145588717741485
ROU,2021,0,0,0.08246889567678177,0.11655040115082663,9.424189904862515e-05,0.01231541201191203,0.009120086136322304,0.00076621057082113,0.000691467827979159,0.0025800715488669464,0.00023042901059874742,0.001585076368575952,0.0072755233610827495,0.0013123176731124724,8.156671906542058e-05,0.01400569046574166
ROU,2022,0,0,0.053042171651846576,0.07155297128251209,7.318918599324945e-05,0.004890933951120846,0.0044316442015939666,0.00015953972885957517,0.00031000144353180846,0.0012641363769335628,0.00011494976845113142,0.000690117806708841,0.0017449517403562726,0.0005942731567319227,0.0001520515104554836,0.007369510678161574
ROU,2023,0,0,0.029407811102596257,0.03109469244240891,7.251635671757781e-05,0.00034483069062670336,0.00017667705973052015,1.0432187149187922e-05,5.020042127630412e-08,5.515153178825878e-05,4.225325373171465e-06,2.992040512556749e-06,0.0012726934856314423,1.0535073818472082e-07,0.0006323994917429509,0.00010066277615610615
ROU,2024,0,0,0.028651801259352988,0.040345645305173206,3.7868314261537655e-05,0.004224469781487275,0.0031244342538501086,6.907279939534587e-07,0.0002769347883540705,0.0008964844093342743,0.00038356562636722284,0.00016670532037667672,0.000964338993088769,0.0004867922238137896,5.1814118044100715e-05,0.0066350465651624025
RUS,1990,1,1,0.8689405278238849,0.3522121182005427,0.005391532188707156,1.5483608080004052,0.2598249626523604,0.002116925098682252,0.0495368203118742,0.07223938139371144,0.04687132345785631,0.05190167325302092,0.8705767755010076,0.09913323468514938,0.13195624057937652,1.0722374232170617
RUS,1991,1,1,0.9224584940307788,0.22678292281074924,0.0060617760623159255,2.9762581220281357,0.5467364010118786,0.1108394485558487,0.09969583707242216,0.15529195616295996,0.07355593731701532,0.13373189629806687,0.7594694090918569,0.2104588414069809,0.18349680925642844,2.987694401387378
RUS,1992,1,1,0.8018231863487844,0.21130020081408574,0.0054571857574657765,2.424850065368025,0.4369288809840187,0.038461159710259964,0.07211358773662165,0.12301540115413058,0.00469960252859786,0.25235735534148945,0.793096240964538,0.16596176519108616,0.16044311289962276,2.2239370315900904
RUS,1993,1,1,0.8855433038789298,0.3810813223223661,0.005955142713554941,1.417685811229575,0.23430305989270245,0.014756967104623285,0.040912155296109164,0.06395976458535846,0.013214989086220931,0.09246952378498345,1.2244017596948136,0.08483757730139575,0.13920641464787759,0.7240826119069305
RUS,1994,1,1,0.24451345002000802,0.021704221853402948,0.0030870557861092805,1.382391337042208,0.28819691903971895,0.009135659603487355,0.04555669433202131,0.07960341733236063,0.030230641102426122,0.06736707363456775,1.0515961636111084,0.09033040051780701,0.09797978527511265,0.8378353346077713
RUS,1995,1,1,0.20472505555090525,0.04440194509558665,0.0018463564171445981,0.7107396653345611,0.13714074526644857,0.0004950700013736429,0.02309023986332712,0.038014732315143906,0.016138045303201082,0.03259074673879645,0.4650616315007366,0.046340687107595306,0.053183896299447815,0.4665341208699874
RUS,1996,1,0,0.10959206914191591,0.018670886925404355,0.0010349584315844328,0.45347502291545355,0.08912719715018719,1.4806009698141084e-05,0.01464732305951399,0.02481158379829627,0.00792528145494346,0.02516166882829127,0.2578148801166925,0.030204564617287984,0.031522295474865875,0.326373096616618
RUS,1997,1,0,0.04952689680290236,0.020170669362826927,0.0002858112904538228,0.08889353476544287,0.014502241979606484,0.000677625203683034,0.0025599377486664613,0.004052478104663411,0.00033677601580224683,0.007847939126048798,0.03752773802195517,0.005789828232577203,0.007140038896152426,0.07129923247465968
RUS,1998,1,0,0.02815896781325265,0.019991526880053463,0.0002505539038645918,0.011038121838497401,0.0012646339912458437,0.03479076922713956,6.466706131563513e-05,0.00025682886778327884,0.003383473929741194,0.007662086497267554,0.11286400167820418,0.00020518636354560803,0.004159956097958807,0.006889055439646363
RUS,1999,1,1,0.1328708143349691,0.1694311019864668,0.0002689399077416235,0.005851331186482898,0.007831955942140336,0.003797075081037631,0.0009433144482935502,0.0023507358401769914,0.011857679117722246,0.0038280714876163667,0.00225609599266326,0.0011436384719966343,0.0012454248754602544,0.02619624253361629
RUS,2000,0,1,0.20912224238980076,0.2039574972240139,0.00047640369753739994,0.013149486396101315,5.412311940723649e-05,0.0037162058687294566,4.964564444131328e-05,1.6709640599347787e-05,0.003844511519338292,0.007767971452181134,0.000714184356866944,0.000473858623781294,0.004969433835268948,0.011104492687848608
RUS,2001,0,0,0.17829738837273476,0.1225750900496488,0.0006580921024022778,0.09861430292224345,0.010006222328451149,0.0026003537705765437,0.002259885533015882,0.0027831940950137643,8.549813452685804e-05,0.01305061952182731,0.034069476612361795,0.005816998763182812,0.011789243503989778,0.07819662137196534
RUS,2002,0,0,0.13995476517157235,0.14658154196972187,0.00032293155800077654,0.0024239948044245518,0.0007472500862401228,8.65818331968899e-05,1.4092855891751376e-05,0.00022992760942163904,0.0037410993947863467,0.004152851781290864,0.0021192101336534354,1.3487073731020905e-05,0.002877029499525507,0.00010013285827947669
RUS,2003,0,0,0.13748815051691765,0.15868479907670469,0.00022546949975251357,4.42344512713937e-05,0.003326503861928737,0.002557551300349806,0.00024153818869748135,0.0009433001343906734,0.008116255793956527,0.0052860761792179745,0.003284100583262246,8.781058191335687e-05,0.0013139636086563196,1.204252416778901e-07
RUS,2004,0,0,0.1360839706709591,0.1527830175885115,0.00021902093594395352,0.0001295600392391144,0.0023466758158614794,0.00522219536553475,0.00010943038265483936,0.0006514299115995993,0.005020200007800815,0.003737499190236366,0.005017244017228259,1.0743707660975006e-05,0.001385135457375126,0.0010930281108554399
RUS,2005,0,0,0.12883849444601078,0.168475896119333,0.00014291975993602915,0.006825339144571592,0.009096493201867678,0.004984748526082569,0.000860706694999781,0.0025397254058554214,0.009368727664362538,0.0026029133871595302,0.019486721262313215,0.0008180969833887335,0.00028234356229071383,0.002576204422797902
RUS,2006,0,0,0.10183538585658253,0.15595170700893388,8.56843718790315e-05,0.028604990340009875,0.01763728557693968,0.0006837085362764024,0.002139571858963118,0.005002052098083422,0.013981307029184436,0.0015550300505832008,0.021157083416459943,0.0028366225280247116,6.918768513339433e-08,0.026292586849785658
RUS,2007,0,0,0.06795088255543578,0.11275924211979775,7.321074866061249e-05,0.033952395557109605,0.016733750342867865,0.002325147294022631,0.002247143238076477,0.004862207873855511,0.010801302732994232,0.0003968907432502933,0.0029312853731108678,0.00354117109590835,6.825150743534397e-07,0.0559261600771302
RUS,2008,0,0,0.06852282701815784,0.07017316672067726,9.896452709800454e-05,0.0026221660037016306,0.00023048907940944783,0.009923790613439658,7.185331486093905e-07,5.393218946038684e-05,0.004801711033014221,0.006463198930899214,0.008833652722771524,0.00013683139653503746,0.0008230265960368688,0.012101988956472754
RUS,2009,1,1,0.02503555872591095,0.029911927326246,1.587073153460186e-05,4.012180685483546e-05,0.0009029198000144106,0.008483795902653092,8.782156744012458e-05,0.0002279892251432989,0.004287884486354196,0.003484261562889409,0.01764354271754231,2.2136841601136496e-06,2.8970332713378294e-05,0.004083394382400771
RUS,2010,0,0,0.0383388719942634,0.0735006759553884,7.859502553901457e-06,0.03675945428807562,0.0163735931340685,0.0010398045280836945,0.002261557878182515,0.004600724268120031,0.013091926560669487,0.0010495395414645869,0.03313232452825172,0.0031127568742219344,0.0004266279545111324,0.025789445728723655
RUS,2011,0,0,0.054086574617692944,0.06819883643808229,8.2205026666758e-05,0.0016183333082353212,0.002983315947313981,8.78713206265287e-05,0.0003655139051607945,0.0008611407847685992,0.007504267389216234,0.0037569836511405215,0.0013460237894068982,0.00028447950355634714,0.00031682793553730604,0.002404044782164504
RUS,2012,0,0,0.03533940126959944,0.06086523758603665,1.7957766881006344e-05,0.020360915684197848,0.010257093192553276,0.0001982085166654958,0.0014645966192767764,0.0029068233505668744,0.011509514564181643,0.0019557782000153073,0.01502424262015479,0.001868295527732043,8.631007277599406e-05,0.017141552478763956
RUS,2013,0,0,0.023663813816165464,0.04874729949927552,4.732971039845657e-06,0.03095169824462302,0.012839352262257603,3.90363961379717e-06,0.0019687427550686217,0.003645712134828813,0.013087123394202859,0.0015764133671680714,0.017859520079871592,0.002698242060987343,0.00035240198467699133,0.02779609218405222
RUS,2014,0,0,0.00653361548030179,0.0029484753120793783,4.4127752206956295e-05,0.00925174505574515,0.0017066360939720696,3.748585905334995e-07,0.0005706321303375168,0.00047473035203678447,0.008975047022820159,0.0037405039069697992,0.009844366470803823,0.0005855087927892568,0.0009571966100118801,0.0039020735268353018
RUS,2015,0,0,0.04491788409342141,0.04484627725478053,9.070348266601215e-05,0.002229271129487403,6.651346737123533e-05,0.0012697179654255052,2.270820433186903e-06,1.8911859759451566e-05,0.0046557115638353646,0.006186720672623061,0.0001502916896241375,7.578747239681349e-05,0.0008939851372053612,0.003166396448340263
RUS,2016,0,0,0.03433921117988217,0.038846319420081654,6.999429885035838e-05,3.1767483108623428e-06,0.0006841367887005395,9.775151395353189e-06,9.36854391987714e-05,0.00020528247681813518,0.005036788995829236,0.0040788243617178276,6.183405390906251e-05,2.3404526862421344e-05,0.000498538249686672,0.0002731303261132654
RUS,2017,0,0,0.034696942259371505,0.052941826569496066,3.432446541030777e-05,0.009589758700488593,0.005972725895854311,7.91081691322701e-06,0.0008525203505475885,0.0017149773407612332,0.00838469308737611,0.0020840873223570175,0.004210915282993151,0.0010159126339307377,3.74185907603651e-06,0.011316375917787898
RUS,2018,0,0,0.056913855471569685,0.10383277862091259,2.6964070950229512e-05,0.04467526020758743,0.02034021103795118,8.287549127045519e-06,0.0027930860360555997,0.005785201820557968,0.01443760045759212,0.0007873908746431325,0.022730231445412103,0.004061807273045543,0.00024808750289548103,0.04428015662445101
RUS,2019,0,0,0.03827266516190497,0.0914780623428363,1.9187082925441585e-06,0.08559564564373151,0.0317626384211532,3.4913601142837985e-05,0.004659056186503839,0.009016113636676416,0.01940128856287843,0.00030005896230482905,0.041144406207804865,0.007235631282710733,0.0013402621002075222,0.08119524199417073
RUS,2020,1,0,0.04236760359762013,0.06253121343992782,4.5696503511919114e-05,0.009111344638548773,0.006130733767274106,3.1621763343720714e-06,0.0007910196412691606,0.001757087002069105,0.006094744400233868,0.0010596179048880257,0.004096350179284988,0.0009883041949817224,1.9938935589996838e-05,0.01101707766197384
RUS,2021,0,0,0.08226465665821923,0.181524204775589,1.0529783559007585e-05,0.14094835248720272,0.05408757152066222,2.6206347893591894e-05,0.007208721340696308,0.015318964824437571,0.020400235911862023,0.00022848194169946436,0.07010195213109666,0.011950448680794081,0.0019031536837289301,0.1334496508095445
RUS,2022,0,0,0.1360960953018517,0.15512947956660048,0.00022174283896713443,3.0532652375036158e-06,0.0028683930019997826,0.003361124544193326,0.00021204123736642442,0.0008085739215639276,0.008470175289018604,0.006182846201492693,0.003946244505454376,4.4704158506801486e-05,0.0013498855430030096,0.00021730691141058961
RUS,2023,0,0,0.09869425867092636,0.13089279299206213,0.00019524372067211218,0.007968822812765041,0.007575634727343043,0.004017733770639396,0.0008770241928281314,0.002266086035956011,0.006010351566044553,0.0007792511617617859,0.0019226452401538306,0.0012895690117361999,0.0007432689942888551,0.02996777571390383
RUS,2024,0,0,0.08582517766936625,0.13734389935470584,0.0001046225348280982,0.03478019869335262,0.017998552607149464,0.002874055207304886,0.0022866528054328846,0.005241092643674169,0.008694975739285104,4.98445728443899e-05,0.001741600428616372,0.0037447245195965967,1.2482743565212347e-05,0.06238304691032478
SAU,1990,1,1,0.521922872466136,0.3335402023273917,0.0014488735359139719,0.3797819310204771,0.04428835576480834,0.151146694665093,0.015228212853616396,0.013278775235522245,0.07616391832581959,0.0033809461583839593,0.0004681205362189356,0.028286532702473298,0.028286623102259136,0.5996306961521888
SAU,1991,1,1,0.5705980765019967,0.3927252975281464,0.0015456570611820963,0.32440892715657976,0.033925881096971776,0.1328652093609818,0.013375923005214745,0.010194941922300825,0.08699417077058179,0.009444434762160087,0.0010790779413535454,0.0235761365042162,0.027612846833275244,0.4916697867045417
SAU,1992,1,0,0.39242787704577897,0.4350580606962415,0.0002145133508173214,0.002621419961807418,0.004889617116797596,0.2952148947633504,0.0004027663226191723,0.000965787573672068,0.04202345248387354,0.039476754252576705,0.365426272867674,0.0006522312812277594,0.0004641010659096527,0.16713077118802075
SAU,1993,0,0,0.3191315581379909,0.43842284489643246,0.0001806701067951394,0.031409819304384023,0.028857984927360053,0.0900738666999012,0.0007337235999791906,0.007580016015804797,0.0213077504068367,0.05375209543013502,0.1929039140996976,0.002216472365244452,5.0947386063050295e-06,1.2213346121816163e-05
SAU,1994,0,0,0.2950964230952533,0.2978434975374199,0.00046064673621216636,0.0118911726677305,0.00029010141669750063,0.06398271160212886,0.0011004545967958947,4.370216848513455e-05,0.0642167550910032,0.0521824447115412,0.024015394265196964,0.0008347064868373256,0.0036745962807529092,0.04332218920703913
SAU,1995,0,0,0.20757678516240335,0.23498010733686703,0.000216906002777732,9.316910799603384e-05,0.003285469577387004,0.06340040093544728,0.0001669793185110672,0.00077416269102742,0.04139678382404915,0.045518734563684285,0.05903642685914923,1.6729128407391537e-05,0.0008494305816670999,0.018182493498257117
SAU,1996,0,0,0.1776927723296241,0.16589884862602752,0.00023429594021519585,0.019854681737354437,0.0001646605150267869,0.0839382277120318,0.0015682868338280482,9.796141869437846e-05,0.0525718369143627,0.034500990550953604,0.042017328424369324,0.0018041178575459098,0.002217384932560225,0.08542922683019731
SAU,1997,0,0,0.15519198930152212,0.16121790840381817,0.00012647387159419064,0.0048519007172479495,0.00044885387409358146,0.10259016470164678,0.0006958438889656845,5.8943811872790263e-05,0.04509410453993868,0.03786696429136,0.09197840150529514,0.0006464633378913276,0.0006333762088802167,0.06739530016310773
SAU,1998,0,0,0.20555805949921013,0.22420280853855437,0.00023554156399548974,0.0014367862095210828,0.0018834429104956209,0.06098190316330936,0.00026028281818125265,0.00042156002310463715,0.033267209954907985,0.032866938887236526,0.04967541157606333,0.00013128321083699296,0.0012149313814483604,0.025815592450606027
SAU,1999,0,0,0.08430550577197016,0.1448478641902051,1.918968206204197e-06,0.045489205893790165,0.022416248654911583,0.06210609493235389,0.0007993900979967729,0.005851401139255386,0.021800728113891468,0.05624950810000132,0.17832300948377314,0.0027191116229142434,0.001347703614772443,0.0018617303468512016
SAU,2000,0,0,0.1688733065925547,0.19419852715245176,0.00018580240123476465,1.512932514280813e-05,0.0032289027818826984,0.04347453173200547,0.00010653473166827354,0.0007860072355908192,0.039004625273321464,0.044820103006775636,0.0391706329420918,3.6067329376661394e-07,0.0006930504754693272,0.008279852605618507
SAU,2001,0,0,0.28728818987022914,0.3730615415563659,0.00031174124697170213,0.014967513540075736,0.017642052308159833,0.027775409575182056,0.00027943830462782065,0.004774519697977741,0.025829781845813214,0.05176967467760208,0.04598798835445947,0.001456571822168257,0.0005036190091746661,0.004815789492818767
SAU,2002,0,0,0.22639150400731337,0.33714605131042785,0.00014032634482595503,0.05168501254230216,0.031916680351945545,0.03211407551395626,0.00123282535037017,0.008665356948986219,0.022222821189701092,0.06440418841492468,0.09761863660118138,0.004142976603384332,6.277675963199847e-05,0.021276704451467034
SAU,2003,0,0,0.21219623910559968,0.24712942686516842,0.00033352301074250564,0.00043268704427486954,0.00481994911734713,0.01337768954675596,8.171198166518116e-06,0.0012982856567853739,0.02911802845506658,0.038299966998688845,0.006478411904143876,0.0001270959551288819,0.0016272153493442282,0.0001107186023734664
SAU,2004,0,1,0.10716079891316949,0.19401560067790752,3.0220239596223648e-05,0.08193532895478363,0.03524649596807475,0.011344992406024216,0.0022989570770790644,0.009718684319212188,0.010183398471506065,0.049965143444313444,0.07797600182376595,0.00643606865916109,0.0008749214812739392,0.05594497923313207
SAU,2005,0,1,0.053357852630148854,0.1655520424176734,5.789659274383374e-05,0.24419564799573434,0.0809064831093044,0.04791102561651779,0.0068873495424538606,0.02194693087828625,0.007672733994293281,0.0807182565554166,0.3492598323009353,0.016448320107719464,0.009574213415405134,0.09906023549754994
SAU,2006,0,1,0.03378519379217275,0.163084714799617,0.00013426575339111103,0.4158753079432152,0.1253658236336956,0.021024066080347542,0.01346035559497247,0.034571899833641305,0.0001977986621563097,0.07231376834084867,0.375879420164165,0.02949934679929562,0.015848788647298013,0.2530248201165446
SAU,2007,0,1,0.01896927615654203,0.16904733956925755,0.0001705245528461129,0.6910001013636836,0.19251393345772347,0.0017468614373233452,0.025442660894792402,0.054377892159515044,0.00844208811473416,0.056601413243096185,0.2591933862151203,0.0532447123029927,0.021671513526114648,0.6729156572153114
SAU,2008,1,1,0.021131751501672888,0.12042348266808413,5.774414717384979e-05,0.3666256143847088,0.10464600288567978,0.00012863129616802574,0.012252513184393576,0.02947830417757313,6.273457927705098e-05,0.06222911221368943,0.13928637141683328,0.028228486703367153,0.010594558237692444,0.3588567991002379
SAU,2009,0,0,0.06792854008497996,0.2601071609077751,3.404767791574169e-05,0.5321994699751632,0.1636299626779738,6.285836560911636e-05,0.02019500696190787,0.04616231711382936,0.0059769833206503396,0.04729557920706279,0.22149507841605715,0.04191308953289167,0.01337594052506305,0.5113054378742093
SAU,2010,0,0,0.4322715277071571,0.23958380489628936,0.0021277819062947142,0.4332854001610861,0.0599580236129807,0.00043312373181963266,0.011560054194027955,0.016539035541110195,0.0008683754439039827,0.039255943458677375,0.2449099072164342,0.02615197669659867,0.04468616408668533,0.28566141755773605
SAU,2011,0,1,0.10652961340659083,0.2018243958850052,4.776013224385314e-05,0.10285606413551841,0.04179311203641368,0.0003766983746131289,0.0037831104313050153,0.011796584035248015,0.0007575414607785909,0.02735712089127953,0.03976903855348747,0.008872931691847597,0.0007181871200339768,0.11189534299740247
SAU,2012,0,1,0.060358485373919045,0.1546741994998506,1.6201057261249223e-10,0.1692854583572525,0.058483421311891215,0.0018762058566795287,0.006238463061437237,0.016378275920510294,0.00015117235075422556,0.024643011512561125,0.09816943872765965,0.013348033859091224,0.0034442050232060726,0.14439609900294376
SAU,2013,0,0,0.253645388756533,0.4041848626280453,0.00018402984172783915,0.09603609473937141,0.05092172792344707,0.005390288873496992,0.004202824365568902,0.01428947201574728,1.9787593629141204e-05,0.018466527577889396,0.06570439429384667,0.008713041662044677,0.00010498153901863259,0.08807638424604945
SAU,2014,0,0,0.010107076129983777,0.02488630441443646,3.333822832958209e-07,0.024622952135274667,0.008748578844944666,0.002417757744411896,0.0007863332326566525,0.002407825081934055,0.0003108585953734835,0.006666134315132698,0.025200744088154425,0.0018069464158189353,0.0006413657437331735,0.014490790857407072
SAU,2015,0,0,0.5816042668354469,0.6779830845748008,0.0009917441805447468,0.0010871458325986442,0.014622146692431205,0.010945732634439771,0.0003491374134068501,0.004120568528880804,0.0002089737360675796,0.003306645006961978,0.006388910810636545,0.0005610798526911149,0.005444371101245184,0.00253751703921521
SAU,2016,0,0,0.23651467916796967,0.27632104021360687,0.00039845900288171536,0.0005481313080417628,0.005980963978335922,0.005600741002488331,8.367015737936454e-05,0.0016742075073624865,0.0018942875466988875,0.005168671444287808,0.003030080994546078,0.00023126589540560364,0.0021246856638047025,0.0010661712448271504
SAU,2017,0,0,0.03628894918155332,0.048680406625494096,5.8926911844978706e-05,0.0030946279744270937,0.0030875674311965032,0.00041493726169755023,0.00044668435215312907,0.0009085504605137125,0.006934055089879383,0.002818402682428725,8.406792557181003e-05,0.00045830690048157246,0.0001783853655656959,0.0071260046987966265
SAU,2018,0,0,0.5151050059333581,0.676231505709459,0.0007553810475989983,0.03250778154557248,0.03677662000365125,0.0005778440913347981,0.0033417065222927575,0.010566013390584437,0.01860340160566492,0.0013034053410382357,0.012136214739002716,0.004484722125849321,0.0021448006620020383,0.05258799791790814
SAU,2019,0,0,0.10393497760869015,0.11363217196990848,0.0002445980696453794,0.00035566653392165725,0.001251829969580148,0.00041138933079656713,0.00010319351512994858,0.0003887977194708214,0.006399643716975342,0.005337223492595076,0.0031836467871622703,2.2459172651806476e-05,0.0019901214231388344,0.0011749263603568893
SAU,2020,1,0,0.4476116245720399,0.4995415964855754,0.0007779786219813535,0.0004580517397674844,0.0065319399984396665,0.016644631812865573,1.2378995726801687e-05,0.0018000033413357575,0.0022749662731360062,0.004287986501569707,0.006294314414767883,2.665769723881648e-05,0.00500470793810674,0.0009263585421686303
SAU,2021,0,0,0.4899656350759805,0.5603962950078916,0.0008785169019397599,3.792873937426869e-05,0.010333143397379412,0.005474011716898886,0.00045063313576817343,0.002954032226072114,0.0071085118319413,0.002862427222371984,0.0026538582431612123,0.0002794062245286699,0.0054495651986670585,0.0007638639529615371
SAU,2022,0,0,0.2551846301979704,0.30246217985867074,0.00045971601900307796,0.0015783063588983744,0.007381089905625888,0.002291325550197601,0.00010941279727861311,0.002099094040709763,0.005421877205529017,0.012001621886531852,0.0003355038453445257,0.00045624068365021273,0.0024016429554676983,0.006325691394928012
SAU,2023,0,0,0.27724940308582396,0.45443946889330267,0.00019568434651921922,0.12610728464426926,0.06280598439994156,0.003640171795888692,0.00525573791183372,0.0176770439441525,2.659576548431244e-05,0.027079714346173327,0.06933772253548186,0.011404488043987714,0.00021777956496606054,0.1264851867719752
SAU,2024,0,0,0.31909903762875835,0.4693675910608881,0.0003037618670834461,0.06790036287902584,0.043349328892764806,0.007211241089198881,0.002956017145671402,0.012153919221015913,0.000694561322345482,0.022505805594688188,0.050365546229431186,0.006549804021735032,3.922284810658456e-05,0.06462489436793126
SGP,1990,0,1,0.18379304276175024,0.2271407389036648,0.00031723257010266926,0.003624599805459297,0.008756895074551147,0.00014386725686922077,0.0013461506988660707,0.00257407809827767,0.034746648045883344,0.021229708357660537,0.0005899904231855671,0.0008354945962937698,0.0015132754780835267,0.009806442107552037
SGP,1991,0,1,0.042255080708166144,0.0643596291132605,3.7996983037703784e-05,0.011142352064659094,0.007388482642869742,5.547565371650849e-09,0.0013594015864532578,0.0021216713649171402,0.022300572147543166,0.01014345717350416,0.007539810985125808,0.0011923704137773966,2.1719628029199295e-06,0.010916104830821146
SGP,1992,0,1,0.03333130459964679,0.07775844358663765,1.8884514033436438e-06,0.06793760448451606,0.026299284844984387,8.026039311946017e-05,0.004567834723805132,0.007484962857698089,0.03568505161952643,0.006534724022219435,0.03669331108059326,0.005842940577422857,0.0010357045435184099,0.06141903596380711
SGP,1993,1,1,0.029195641844809227,0.047369782012900756,2.006275076060501e-05,0.01176201614281549,0.006790870185440289,5.715121546820792e-06,0.001276901801287542,0.001941975690081311,0.01836807037635575,0.007667326504347551,0.008568951421888453,0.001171076433150304,1.194592075151068e-05,0.010437911778575008
SGP,1994,0,1,0.05253815539800829,0.06994120412251424,8.118909986260129e-05,0.0038246584354112885,0.004411594464243729,0.0005323059096145671,0.0009234768045669865,0.0013009571704154519,0.02405872294002523,0.014882007160655726,0.0005774349898079505,0.0006014537405106628,0.0002567833988807528,0.007495834789637461
SGP,1995,0,1,0.033260015823872384,0.07369713159420793,6.4136711566352655e-06,0.05710594428217282,0.022907127047704468,0.0012096853362145489,0.004436578054363935,0.006585014433598109,0.04765794918014192,0.013959471908688926,0.0220254741689305,0.005182890821414006,0.0006263440088078808,0.060419311174111166
SGP,1996,0,1,0.13416657931997378,0.23636653284144804,9.020847915938108e-05,0.08959502588225174,0.04231005625602972,0.0007813600359951206,0.006315750432632284,0.012140645068458475,0.0403560578457236,0.004832509588221895,0.03010754508346294,0.008601169022250606,0.00023292294846817205,0.10604929797033419
SGP,1997,0,1,0.03844432456488447,0.14520851359882334,2.970081422670342e-08,0.2987002720022702,0.09245685407250641,0.03538532372713073,0.016268234291657503,0.026912227153986203,0.07056126800849188,0.001736092211318217,0.022806393291470262,0.026699086085082684,0.004462277537918014,0.44190389930841373
SGP,1998,1,1,0.015746918503299238,0.09070158116014368,8.909172335383779e-06,0.2824164170387466,0.08200001239173578,0.030330392079814184,0.014369188161717974,0.023814204327521415,0.0535296348815207,0.0002608366843267841,0.025396411011512993,0.02452878291996472,0.0054191286983029845,0.40133086358611164
SGP,1999,0,1,0.04173975730202299,0.008551637830298296,0.0003067549763889929,0.15200551351024677,0.030708205888953007,0.008548722111719998,0.007963247319228404,0.008796408192019631,0.06296153178241681,0.011521465630646443,0.0487187291097335,0.011154599469724906,0.009238713206279107,0.14226952788550531
SGP,2000,0,1,0.0018726872282987857,0.004510146636732711,6.41862084499695e-10,0.003952086806127035,0.0017428827902178194,5.416733730455841e-05,0.0004865368933309307,0.0005019889136779187,0.022160289577900463,0.005985810247339799,0.003529499742296826,0.00036022570915543163,7.150869305539132e-05,0.0026645400706851253
SGP,2001,0,1,0.04162593253203942,0.04369926239162898,0.00013844052435381767,0.0005799337380972355,0.0003144917839665633,0.006894146292479184,0.00023361311934012678,0.00012147919701830309,0.025672490721440813,0.025520369213069626,0.012949160527998008,1.3580241159880414e-05,0.0014300241799319936,0.0030488332546956777
SGP,2002,1,1,0.002667281154648463,0.0527625281290336,0.0001692576591839838,0.29651625065751674,0.08010223670291415,0.005332970378272927,0.008906317589960702,0.02219419018922735,0.0004649859441362832,0.05509583759811107,0.20910419944648292,0.020952657965033754,0.012671129759767733,0.20745570529726734
SGP,2003,1,1,0.21196183898945145,0.6120582445847939,1.634570133556055e-05,0.8335605256375701,0.27466029290518357,0.011383376668788445,0.028304412298616546,0.07672271344016185,0.0003399855256348758,0.15323599802185892,0.5006042345630105,0.06422231156955066,0.019941196023416055,0.6871858062616992
SGP,2004,1,1,0.004953170800398674,0.026376862504376927,0.0005673035058586833,0.5463693856451332,0.13408463629978973,0.006573526745962208,0.016553264949956202,0.0371229423691669,1.889099507332395e-05,0.07790456013393743,0.38423641003327536,0.03756830311837007,0.02831630273870174,0.37037055702014027
SGP,2005,1,1,0.04486023568872442,4.014919856985022e-07,0.0008164566848709134,0.4997510671059916,0.10754436760308479,0.0035356434684860453,0.013190402482318817,0.029708831401934116,0.0038462478916751652,0.10710312878748483,0.32089776380773594,0.03320381516272112,0.030727430354324816,0.3455985513239044
SGP,2006,0,1,0.11565035974511736,0.044002289949137165,0.0005785136708331839,0.23751775616845533,0.036884264821416934,0.008836843295204564,0.004766228525621048,0.010420603819762592,0.016944136002842666,0.09508879269570315,0.04005859196735471,0.016124496016829398,0.015904500017005073,0.26183095527693245
SGP,2007,0,1,0.2297666389694353,0.14996392643713682,0.0006784454374173263,0.16052323603178173,0.015993445461626846,0.027820019945187294,0.002489481358378853,0.004623812921404257,0.022564504126892766,0.08440610353936387,0.002507943143981192,0.01070709523731345,0.013483824517040386,0.22899802252755483
SGP,2008,1,1,0.33309130647693136,0.3369689882218543,0.0007845884827976908,0.01161866498585835,0.0006240700795657387,0.0016174462247939628,1.4694053200239946e-05,0.00019334413319802832,0.0013383953132165552,0.0031177616128029045,0.0050374453177903025,0.000249486704884296,0.007537382757501081,0.0034928151770987977
SGP,2009,1,1,0.04590586067022066,0.04300303868593013,9.647918912052592e-05,0.004837324814369186,5.613197142235871e-06,0.002217272205869333,3.13399051987885e-06,1.868219331208484e-06,0.004547185753032179,0.0076635450905311086,0.0001676664062788597,0.00023288073362666322,0.0011055021079653471,0.007568615765715162
SGP,2010,0,1,0.02354481459288246,0.0794960737488871,7.127276842151946e-06,0.1395398046378221,0.042566949687980436,0.001596218696449018,0.004306707915902122,0.011865633231897245,0.010024174479816772,0.06063738952524956,0.0701766459483869,0.010528118041883248,0.0036176696731597974,0.12381537458158187
SGP,2011,0,1,0.00044625438039898644,0.0036134117771097953,4.0892281127263715e-05,0.06970317149775455,0.015688810572551403,0.00013316973281625113,0.0012476483029626034,0.004396476503685022,0.014344313638490563,0.04974589606332748,0.01757408797294998,0.0050284188222641055,0.0027586153742333456,0.0749067857717988
SGP,2012,0,1,0.010288871537441437,0.005696862896095957,2.7641106669094624e-05,0.011655144648871924,0.0012886927124544003,0.0027845217892183242,9.13678882522258e-05,0.00037656347523317807,0.006656029327562807,0.01483092223554097,0.00012954923592793655,0.000832206215208645,0.000688009652349316,0.021506569909546594
SGP,2013,0,1,0.0011074432028405118,0.004268483317907664,1.8067474094620847e-07,0.009627097051907216,0.00254765338930283,0.0009246612522737721,0.0001473279453305908,0.0007358504001445812,0.0034044797737673477,0.010006187269356863,1.864262295538427e-05,0.0008237963331944758,0.00011962218151367772,0.017763974084261808
SGP,2014,0,1,0.01323039221535429,0.01467262770874518,4.021058608728511e-05,4.891061529508171e-07,0.000127111650239914,0.00021779306206752008,5.230471334274417e-05,3.96640051376413e-05,0.009933314722493708,0.01135706084573314,0.00349497351948714,1.2824199237717351e-05,0.0003041528804252752,0.0021765157968130114
SGP,2015,0,1,0.010179134316592913,0.024645142638828513,2.241798077570107e-06,0.024813605796570312,0.008475047714344625,0.00046792229915713934,0.000885391987061003,0.0024231299856768487,3.0290810533122675e-05,0.003795635771188349,0.004309181854187943,0.002147700669816698,0.0002819232979276999,0.03259078631250637
SGP,2016,0,1,0.011505625681441423,0.013696124072462786,3.595239106763257e-05,0.00015776976355345165,0.00034801434468782977,0.0016650136709281018,9.628704426064648e-06,0.00011260083246363589,6.824050308818034e-05,0.0003900678369932475,0.0039763953169232235,6.806392022767674e-05,0.0002535756896860812,0.004240168156416104
SGP,2017,0,1,0.08761664776531133,0.08374496109214045,0.00027453868041309415,0.005837677087259265,3.1004190397674666e-06,0.0005240267791220087,0.00014833129191900798,6.257512789991042e-09,0.0017535572909501253,0.000706979176027892,0.01628725523287935,0.00014040303577123853,0.003057956317339717,1.7952858045023259e-06
SGP,2018,0,1,0.021685445282217698,0.07507301662925141,7.879015900364357e-07,0.13610633769688663,0.04321611428532631,0.00411747365247722,0.006379050251123232,0.0123893661830496,0.018115773516335486,0.0003114115255015643,0.03115614075238257,0.011522639452918104,0.0025494330351517143,0.16178776789178945
SGP,2019,0,1,0.0010701523330192849,0.0129304764347283,1.4606639822668558e-05,0.061173775855071486,0.017220292470632146,0.0016218174489339432,0.0028190388870337263,0.004921702553367725,0.010703202995423343,1.666679961106238e-05,0.017680168628049903,0.004918969547893084,0.001806274879883244,0.06529678929944062
SGP,2020,1,1,0.08226937288194609,0.14874243213485466,7.451939287719167e-05,0.0649774478975892,0.02811046750619912,0.004456945731935236,0.0035861534057203093,0.008153855806585423,0.01065719282315271,0.0001117208467748424,0.005249553710782969,0.006435459367805837,9.068293708627163e-05,0.10439596076917393
SGP,2021,0,1,0.38101662785306945,0.6895144132441839,0.00022667204762260562,0.2931815748572182,0.130850159835234,0.0006068777616765154,0.01606597895489185,0.037355420696490914,0.04940785579783635,0.0002721631578353517,0.10125528868108939,0.027129309526835305,0.001166380337392489,0.33923016671676026
SGP,2022,1,1,0.11949483963713335,0.052132339870700636,0.0006541845176737677,0.18859744122971314,0.032199796390749366,0.006347589938254233,0.008483849850902114,0.00913311341702918,0.06451428599176355,0.009466081273091594,0.08112097126884134,0.012824819165012031,0.01539238469501955,0.14941315905561672
SGP,2023,0,1,0.36395484993099053,0.22621767273604843,0.0013832588907030233,0.27370163781673174,0.035094698233197164,0.02650803201148938,0.01096160221647937,0.010061744774634852,0.06920602606828052,0.006564884843418086,0.06717094381065795,0.018146089232101828,0.02663561839382762,0.2551048348526789
SGP,2024,0,1,0.009453829657899404,0.006761807621506875,0.00031109245477402937,0.3368402243476794,0.08143756515509361,0.005546640211848993,0.014742220589160401,0.023123366324370415,0.054964247685943254,0.00010840731103332854,0.12784901141663046,0.025263882344639377,0.01524497215152882,0.31111579523403965
SWE,1990,1,0,0.013588410619435772,3.435110173387076e-05,9.70887474390379e-05,0.14562942847841373,0.029232157862031854,0.024765311919461998,0.004585056196186305,0.008522174883432244,1.0204928831439416e-05,0.0207452400518276,0.0024860068565673607,0.011667368745156902,0.005108825913712568,0.23048896670184624
SWE,1991,1,0,0.011803779440011758,0.004236727755030258,2.796919987202973e-05,0.02813799989928801,0.004125962839678806,0.013721211902640374,0.0006482605041893187,0.0012434626294350912,0.0015348956674767658,0.010578354716684397,0.0024504447067218967,0.0023261873199713974,0.0010062080189906432,0.06353203813584
SWE,1992,1,0,0.005747444773282711,0.005219311949857489,1.8872553531706016e-06,0.001192165900244325,1.7707609369143058e-06,0.006821576302278604,1.7727707129410914e-06,2.3871323477567995e-06,0.006101667642515886,0.008204236908256972,0.010907914719915658,0.00012544839929751883,2.0616731631192415e-05,0.011578921281042353
SWE,1993,1,0,0.00032977573221231,0.001955996748478066,6.269258014925879e-06,0.005341019868618034,0.0019024452015221798,0.0012991849440634141,0.0004090524900915038,0.000517054527315626,0.006653558547462266,0.0028708844984828793,0.014135691653323488,0.00035061013375332857,0.0003392323667935845,0.0006607444447451462
SWE,1994,0,0,9.34777841369011e-06,0.002480930955192839,2.674752274728816e-05,0.0197565998239681,0.00571680167785004,0.0023660083790868814,0.0009324876363143151,0.0015579824331701797,0.00477522861347629,0.0002443110372390521,0.03253953979338106,0.0012871688928893107,0.0012456818101354793,0.0059981619924237665
SWE,1995,0,0,0.0016785432192386648,0.004240936912499031,4.528416838810672e-07,0.004110462180060461,0.00167816358293389,0.00044333706470799404,0.00031275636557995343,0.0004648282742669279,0.004346108176733774,0.0015875912956247425,0.007258304146835609,0.00030969933393561346,0.00013589430188368112,0.0013342462533102008
SWE,1996,0,0,0.013653174031011375,0.016297757665331505,1.5069815237165912e-05,4.369053277259197e-05,0.000489596121617732,0.0012438225971344646,6.0704540537643915e-05,0.00013328086464947105,0.0028937471015724543,0.002226252672476334,0.0030052180639834132,1.0856974433596437e-05,5.8543615071702214e-05,0.00028951090584146096
SWE,1997,1,0,0.01644671343171382,0.020078637428205443,1.7014146316493535e-05,0.0001541695670428385,0.0007062829109079521,0.001672220293214392,7.172797254179033e-05,0.00019170250936778488,0.0023611505678784667,0.0015440151312591378,0.004093768475054551,2.362577699071631e-05,5.251461404760786e-05,0.00019888984951666863
SWE,1998,0,0,0.019468782910095017,0.019297354083420877,2.167594127319373e-05,0.0012991620294987665,1.745929506658356e-05,0.007058146110802591,8.857584390514253e-06,2.034866032190403e-06,0.00035792519325620107,0.0008409070518091529,0.006872834567229125,0.0001046502422678397,0.00018035811161501843,0.008372504276100238
SWE,1999,0,0,0.01645750834119715,0.004258945568400868,9.88515501294282e-05,0.05098623207072101,0.009281719422873817,0.0033019149804289316,0.001789028322513954,0.002655496629823326,0.0022100041029571847,0.001345814664653347,0.009573201054264912,0.003687167910803263,0.00300373845728738,0.05588718115345526
SWE,2000,0,0,0.02703449300737464,0.03277588530769653,2.1921566612260484e-05,0.00018594114764805113,0.0010196003511023018,0.007082709710709992,2.6144169095865517e-05,0.00026092782098876367,1.3314322801304448e-05,4.384426737778504e-05,0.012054635582962806,1.4338071257547152e-05,4.451330051158452e-05,0.0015270894439631223
SWE,2001,0,0,0.03416684489971474,0.027131755148039307,4.7033941185685197e-05,0.011880854428290821,0.0006835902906357899,0.02178243173394157,0.0004062595987337827,0.00023734772891383855,0.0011527214451919775,1.7706100410311585e-05,0.010865329924482775,0.0010345684903438597,0.0007027596630443695,0.04056851164407084
SWE,2002,0,0,0.02509087274356031,0.026513608139896307,3.316942779890402e-05,0.0004994958323931534,0.00015357811337336712,0.0047430906584250325,1.5625768574286418e-06,3.592221634480079e-05,6.194165006900688e-06,3.8275930084254834e-05,0.004163239622018445,2.8405041512544402e-05,0.00022978549680332342,0.003577028484304553
SWE,2003,0,0,0.03244490626433208,0.03441570550519118,5.326673875657944e-05,0.0004929810048672296,0.0002057040618491114,0.002888342761921512,2.576136604757348e-06,5.262227759286108e-05,8.11453880266927e-05,4.464928061639679e-05,0.0014434056313851799,1.598133720617753e-05,0.00039577215238586474,0.0016955287392056782
SWE,2004,0,0,0.02737392323126366,0.03086588788231717,3.905936916480398e-05,1.8414122370298333e-05,0.00047949518035558895,0.0023272524477822507,7.835255589967624e-06,0.00012796891217465846,8.742691967493202e-05,2.6018174420098092e-05,0.0023728116738942363,6.469833163690159e-07,0.00022143783878105937,0.0006041882907745178
SWE,2005,0,0,0.027110951399141565,0.018757544025417044,9.638673540114252e-05,0.014587171506278043,0.0015163886874877688,0.0009045745778138326,0.00043911741681070535,0.0004283965531551128,0.0007614639551860369,0.0001685553965289077,0.0041779317992858365,0.0008953532891633599,0.001698221608249893,0.012442230208365117
SWE,2006,0,0,0.031425240262660296,0.01903226456556573,0.0001137872242826682,0.025839036918873518,0.0033027622885994554,0.0034088644893723622,0.0009498377204706987,0.0009532987009710904,0.0033593804014350813,3.2099736650150707e-06,0.0037351210567353843,0.001758769995307298,0.002278096427753469,0.028047444236079615
SWE,2007,0,0,0.026746850676475736,0.0035560263031062175,0.0002080948751459438,0.13019280019860935,0.02598386175967548,0.007011675372514145,0.005156677902677874,0.007429821008410816,0.013006350135976655,0.00044521201021698866,0.029990304187322535,0.009577961863839968,0.007081123313094447,0.13710420896794195
SWE,2008,0,0,0.03256513052669477,0.0013417097445015556,0.00033803986631750823,0.23881769059582317,0.05039487475801017,0.007739093032800457,0.009444140157936817,0.01434181101538699,0.02208792602468005,0.001272348427703597,0.0697541877429692,0.017509724850168933,0.012559495418920607,0.23590368584137258
SWE,2009,1,0,0.016222896676717186,0.0011040123051428198,0.00017734038943551867,0.1023436105731799,0.021485178777473468,0.0008434286989096442,0.0038951785473516133,0.006053374827948488,0.008311847773406487,0.0008152317741726505,0.04509616154664253,0.007210504785091228,0.006086325117710638,0.08535188141783652
SWE,2010,0,0,0.01320841446003455,0.010422051736981849,3.903979344256874e-05,0.004054006908903157,0.0003021482970950255,0.0008079678870472512,0.00017352091042061756,8.793624070733405e-05,0.0018139795493100927,0.0004957229837255181,0.0007227095414325297,0.0002488721168098666,0.0005774686985535812,0.0037712460833277547
SWE,2011,0,0,0.021569060155863882,0.009438174656278614,0.0001032406963079085,0.03485314152792282,0.005625535363359734,0.002513552940205045,0.0013156612398426356,0.0016093197788621665,0.0037815106179567245,3.424497904969375e-05,0.007684679803194307,0.002435262203282848,0.0025346977387181494,0.035430285431190686
SWE,2012,0,0,0.02139337157678898,0.007556736985561134,0.00011066499269933395,0.04727844012914782,0.008167957268728947,0.004000008163900348,0.0018037741326712253,0.0023457677561647934,0.004852256192746894,0.00010231487668025627,0.008462211145826664,0.003406651780902922,0.0030196209162479267,0.05174716121074182
SWE,2013,0,0,0.014765531273548044,0.00699687441267443,7.004058211315423e-05,0.020649586623832546,0.003238967363068243,0.0011746828461320052,0.000780436501295877,0.0009226383194624402,0.0026089352706896367,1.3669061221853996e-07,0.005690772708978338,0.0014105677723251736,0.0016319150246618026,0.019379540752987756
SWE,2014,0,0,0.00963107412868802,0.003978867103418122,5.607794485583813e-05,0.016687612243037716,0.0028191234912521286,0.0002135987114187858,0.0006197612112699074,0.0007918231157054041,0.0017636938997280032,1.8166423740083886e-05,0.00779432756526028,0.0011037532940611822,0.0013649856209157279,0.012753326225033765
SWE,2015,0,0,0.00488978730795056,0.0015499350358553839,2.668617329439222e-05,0.012340146732525108,0.0021619635377240535,0.0008965200459192137,0.0004409707749980358,0.0006192523014577236,0.0006141350172128298,0.00025537249028819624,0.0022092329645221854,0.0008871180902853756,0.0007625333090271787,0.013578482024302736
SWE,2016,0,0,0.0018237594963328076,0.0005868931426055857,4.054989520961856e-05,0.048328807865168695,0.011107662797399102,0.001607058525029619,0.0018526541978685107,0.0031667091682405788,0.002398938587369385,0.0012622058678656508,0.011916353341568462,0.003660048465671474,0.0020563625028888256,0.05171078483725599
SWE,2017,0,0,0.0016470447553802807,0.0028846584218818546,7.397037779256031e-05,0.09243929551639422,0.02233221737820296,0.0013658001258125198,0.003709938168886488,0.006334136751071726,0.006756519178914585,0.001226456059296099,0.03189254338234437,0.006935472470946589,0.00397228069403318,0.08901625273699414
SWE,2018,0,0,0.00735397311152839,0.0002840450331500906,8.136032650246796e-05,0.054495688715586174,0.011561982293169256,0.0011043248727226097,0.0021359944518120396,0.0032770806487824873,0.004658813945840663,0.00037910465150278754,0.01897543267814818,0.003939797091875831,0.0029758233171354423,0.05047550636782302
SWE,2019,0,0,0.017659280586256983,0.0025098329721700216,0.00015195217900776834,0.0819951141101756,0.016481519578806007,0.0018167859825733586,0.003211510133290001,0.004669284293552832,0.008033602526256442,0.0002829567943560791,0.029237011976693622,0.0058337442208243545,0.0049235381376706,0.07413522169404134
SWE,2020,0,0,0.04012144235202051,0.0008792530360112996,0.0005245799319039053,0.3288811886188344,0.07092371919865796,0.0014476250030730545,0.012342987973209239,0.01994115049096756,0.021021292232086333,0.004917554818766303,0.15403380223871133,0.023159148132230033,0.019016446097325713,0.2685458550997113
SWE,2021,0,0,0.04062562973536953,0.005014815576742535,0.00037416591576732453,0.20232158806359554,0.04123802940686477,0.0032800453413803356,0.007981340704036157,0.011658663315743042,0.020521492726720506,0.0005741487152515322,0.0795347600625005,0.014325225627138574,0.012234158716852617,0.17614921434720707
SWE,2022,1,0,0.03546269940958341,0.0005176579838404122,0.0004697228195686186,0.30790599302349575,0.06727913016018883,0.0026603422959918044,0.012422867200228501,0.018982076849268077,0.03282164818962667,0.0007483454283081805,0.13620250782377027,0.02199197302365285,0.017303681793649446,0.2588594174554791
SWE,2023,1,0,0.061623248626774145,0.014064661578728455,0.00045769169706758,0.20767849204611316,0.04011142116053616,0.004899413831956593,0.00837426513813803,0.011361171451775723,0.027892684089204003,8.272650416340408e-07,0.0781291779565997,0.014590064344347765,0.013523985988207083,0.18148124978303648
SWE,2024,0,0,0.07208014734019358,0.017872140010476194,0.0004971950332234402,0.22749100594646496,0.04321492588842001,0.007982428419383899,0.009191287057892872,0.012283515549415853,0.03073792705033858,1.6539294683433838e-07,0.07349120041605448,0.01613040645770209,0.01457945261611619,0.21056116959239593
THA,1990,1,0,0.00875800272801134,0.11180926648164896,0.00013912702920682724,0.5463232438012058,0.14934554141823922,0.006965351254653089,0.021432852384722537,0.042428820658561656,0.017412365095103185,0.0258636974678538,0.16326378664129126,0.04282627226900836,0.01673887922160299,0.5751554463514966
THA,1991,1,1,0.0045057410876224975,0.13658483242826217,0.0002863800556830278,0.8828050550228269,0.23392734777820381,0.014582856770136527,0.0341030581301057,0.06651389349202441,0.026575229252300304,0.04303162536542715,0.24761212556283213,0.06886407587806549,0.02852085868986609,0.9416722538815863
THA,1992,0,0,0.0026982817872931264,0.0837461613868782,0.00017076503444989118,0.5457759404358619,0.143873324921075,0.010154156252584954,0.02066062977219508,0.04093293021791315,0.012239845758745078,0.03268214374611058,0.14336512256889264,0.04265805646468394,0.017389684789644796,0.5942813368795912
THA,1993,0,0,0.00019044548571552623,0.0700429082017645,0.0003296611535852278,0.6129353121422237,0.1599669447208139,0.0010839732860250127,0.023164764849172965,0.04508084197729851,0.01826849688180698,0.028924421067488236,0.26432306985909637,0.04585111940044108,0.02385629636336951,0.5508539719993798
THA,1994,0,1,6.955310926422945e-05,0.06604505417103462,0.0003759450750775337,0.6971134029321291,0.17829995421157854,0.004766918882968266,0.026360438581902915,0.050426323999035294,0.021122785158164063,0.032400288079421205,0.25359999536475797,0.05265622054622586,0.02665519186236511,0.6695410606370279
THA,1995,0,1,4.654723657353598e-05,0.0760708689335932,0.0004636120767170656,0.7860041187039041,0.2024903518265634,0.0016312509010159087,0.029715957380157546,0.05706594575580625,0.02472986996309232,0.03512598121702763,0.3380898864430062,0.058594661042580064,0.0314469936906624,0.7044336367789161
THA,1996,0,1,0.0004865115916001421,0.07850899234330211,0.0005159156870027181,0.9098354170682789,0.23077837456841738,0.006029482826984078,0.03395128022880087,0.06524457494319176,0.02419832105844526,0.0464919384231932,0.3314392791827429,0.06849729205162129,0.03535915441225583,0.8715762902099595
THA,1997,1,1,0.0002966163357094449,0.04444417744462575,0.0002712113051174554,0.5213579435745376,0.13087933267613258,0.006045316685715453,0.018728043932008633,0.0370866189324522,0.007850455520902666,0.037313015230393945,0.16131451542136416,0.039580587588473215,0.019469120727780204,0.5303916011741399
THA,1998,1,1,2.9001842858434426e-05,0.0049479305437165125,6.649669075951351e-06,0.061122626229567524,0.014219905497014849,0.01408206798199535,0.0019907847779910247,0.004179628906123616,5.009932449748794e-06,0.010301860537747717,2.747598943530396e-08,0.005278675894136772,0.001261494877497968,0.1134597418827271
THA,1999,1,0,0.004722350575340975,0.0011163561447436916,0.00017790593078216858,0.10733180032843545,0.026030993552193068,0.0028530561838088302,0.004155148151769696,0.007169559958225543,0.00835541003021496,0.000986797422896868,0.10677376644554722,0.0071202854858914266,0.006862757382451783,0.05486336401942552
THA,2000,0,0,0.0020665042974208326,0.0033745376600580277,0.0001241082879379771,0.10956033610909266,0.026698346666158747,0.0004904382139410827,0.0038715044909990695,0.007425807324190444,0.00249180053866059,0.005794815770953661,0.07387592316448434,0.0076262483486098966,0.005782562546130106,0.07581939329211726
THA,2001,1,0,0.002661145375612048,0.001477477449506742,0.0001113068073540271,0.08375869388723707,0.020116773314167682,0.0006992320273994799,0.002993066587746296,0.005578677008762072,0.0025808535929073436,0.003446422351983152,0.06288194191009257,0.005732605049260574,0.004754430476032987,0.05362552508795127
THA,2002,0,0,0.003468771328085686,0.007824672360668779,0.00020113952648645347,0.22319408320599735,0.054412142074618336,0.000425076737106732,0.008510593827515818,0.015310986446024398,0.010834855433969155,0.005988681181085006,0.10402256105723956,0.01627285278228678,0.010344759021274864,0.1893844371263467
THA,2003,0,0,0.004306734696428242,0.006895299445617618,0.000254280634342232,0.22521403455771333,0.055412789681197935,0.000529341087675384,0.008587330909996556,0.015450199073750358,0.012630141462429217,0.00470674881436891,0.1505823691223638,0.015823917369435444,0.011799959896722808,0.1567809360454269
THA,2004,0,0,0.0031882824576534917,0.004155555570797465,0.0001862901447151474,0.14870610005503296,0.03656358433338858,0.0014496937074459488,0.005488877527576125,0.01014099702224203,0.006590757054656702,0.00427023892108953,0.1157477310113828,0.010224565121780084,0.008271284229070931,0.09341704322972327
THA,2005,0,0,0.0028076037965293083,0.0010057317990995222,1.4724549596601046e-05,0.00616256274582872,0.0010166549129504271,0.0003045530112223761,0.00016919926156476283,0.0002889723311719097,2.3136449617705461e-07,0.0008035285904945585,0.0011807435847264395,0.0004285069019550598,0.00040586339316479295,0.006607624109554466
THA,2006,0,0,0.0009847842103521225,0.0018771977548597946,4.2178021940572035e-05,0.05863987491548464,0.013848395702239133,0.0011002662503128756,0.0020625245837261647,0.003930506485966092,0.0008942046792825126,0.004061603203036401,0.016294605864654244,0.004409696423067205,0.0024046141786241617,0.06092942940273611
THA,2007,0,0,1.289267836647491e-06,0.009057485849703133,8.160974960627387e-05,0.08857003326017653,0.023589567726000397,0.0020850726799204696,0.00329210763502289,0.006524323890979502,0.003244385102934156,0.003310182581998435,0.07794074634528447,0.0061328845527746974,0.004483440141396748,0.05217808929050394
THA,2008,0,0,0.00037264244832086623,0.0003919950087572035,1.1383421191902212e-05,0.01639809594329194,0.003742213278916842,0.00043338325751206356,0.0005151017525121189,0.0010638259481620218,1.6168559973621056e-07,0.0024082933014398264,0.0035062020707142144,0.0012355640718306636,0.0006553822611937406,0.018371961369741983
THA,2009,0,0,9.669763096281082e-05,0.015520708566149087,0.00015216973163642176,0.17525337260000362,0.04582478176375131,0.0015805013516291756,0.006602441689302151,0.012740165069096197,0.006521815063652009,0.006428097162085684,0.12925047162443531,0.012361313404583142,0.008483934168073795,0.11684363673363662
THA,2010,0,0,0.0013485338291723784,0.019095897047212363,0.0002787730012040175,0.30347063159596016,0.07713137752908546,0.0010149203489868384,0.011260706500651937,0.021504510445326055,0.0110630574713448,0.011347353309290195,0.1995457258024954,0.02152232958208645,0.01476379297194801,0.2160628861711184
THA,2011,0,0,0.0009632543459404193,0.011544033347726943,1.254594236747206e-05,0.055616338457802415,0.014753609984559804,0.00046776762675669815,0.0017301569123138313,0.004177230287226307,0.0002679015057929074,0.012064193704534962,0.014550152235917251,0.0043009297513246425,0.0016670565702977484,0.0610633891975803
THA,2012,0,0,0.00011952780650301483,0.017075965277521834,0.00010931832011504935,0.20070471666361864,0.05043388419031854,0.0016158814774521208,0.007108285883596401,0.014265235475195617,0.002578940913282066,0.015370308621161958,0.06728990148581111,0.01513139894008238,0.007665811436831135,0.198329159527072
THA,2013,0,0,6.567060189704063e-05,0.008276535551310884,5.389659599598195e-05,0.09783714501295117,0.024910607418060688,0.0011322789837688433,0.003843747686899184,0.007062988545903011,0.004966746663964855,0.002657093860608725,0.03328027394531038,0.0074457525306287275,0.00372623133584554,0.09622208155617606
THA,2014,0,0,0.0006015524022708649,0.028798685422776932,0.00012044721475544938,0.19917528162843118,0.05404740630619957,0.000527383607976439,0.007773203387007915,0.01510960879234484,0.009239884909078164,0.006027567457730987,0.12580281083194142,0.014512758635685161,0.008390608177347896,0.148383643617582
THA,2015,0,0,0.0027248873648684346,0.05478967336065872,0.00023300675535295627,0.30040068935906805,0.08565978554856761,0.013009845571926928,0.012106724933656497,0.023628342473233796,0.02109022503089332,0.0044941823098652925,0.31426898086087324,0.020822295500380096,0.014666983681455225,0.15626598082778465
THA,2016,0,0,0.007490882643214176,0.07736364848072758,0.00022022521125447417,0.32508973008347597,0.09575758514488965,0.017578186579693685,0.013318358169837268,0.026384763098056607,0.024377586809910288,0.00431642639313731,0.36051067117356367,0.02258373345956427,0.015346305884413092,0.16213569110960893
THA,2017,0,0,0.010328706670110573,0.06520675189629926,9.787625754149243e-05,0.2042788135468613,0.06214826968215752,0.00885691740847058,0.00852127774211795,0.017183728640077084,0.015592943640498532,0.0027782988585551517,0.20897242948311354,0.014533820696615213,0.008607598028405253,0.1112911463889168
THA,2018,0,0,0.01251550465019724,0.05163177141602494,1.851347364653767e-05,0.11230816599373776,0.035407795047423814,0.0006815159857588664,0.004889953038076096,0.009919726999737664,0.009271730643454398,0.001449302476813382,0.07538348372533239,0.008569494599010593,0.0034619535481451172,0.08469173609150807
THA,2019,0,0,0.02194632013733563,0.06869417602612415,6.707333580236951e-06,0.10435398885688979,0.034990675151409495,0.0012682951382634803,0.004638641005471889,0.009792121074868354,0.008342048750029939,0.0015619440314331642,0.0753196742820662,0.008057440067461494,0.0028172968070951394,0.07687894812999424
THA,2020,1,1,0.015012232835377986,0.02903319284851652,6.149109484889881e-07,0.014648355376866828,0.006475063514898927,0.003368242655366618,0.000694908940687791,0.0017746180702987067,0.0008711907758423398,0.0004370444992305993,0.024604545918237505,0.0010972389835378017,0.0002980782836486042,0.005542624939298917
THA,2021,0,0,0.0058354838104094356,0.0205017329442117,3.5558887600019478e-06,0.03700591375737232,0.011829531914301679,0.00037083987350694324,0.0014466153663573308,0.003307669997455609,0.0007757810814778993,0.002467235992612919,0.02406481893285273,0.002823650106952244,0.0010487226985170996,0.02870259092623136
THA,2022,0,0,0.005774235735656375,0.03923762425990759,2.2706438125382544e-05,0.13638312954691048,0.03848516239563462,0.0007911968609218722,0.0049518414575045735,0.010900228855142784,0.000992809728577667,0.013451454558059081,0.0435499965595041,0.010681246693399073,0.003871936120967068,0.14184086910672655
THA,2023,1,0,0.012674767687330583,0.1060454086761203,0.0001134210308274282,0.41565617571764835,0.11720898412797874,7.951467028920989e-05,0.015503799426710185,0.0330032127737318,0.0067773730526131636,0.029968095519294757,0.18493902151857788,0.031674165190064926,0.013601551471129122,0.3773782571487582
THA,2024,0,0,0.009047165081418673,0.12337014470520802,0.00026759926268908537,0.6068750790568831,0.16871723852301518,0.0013789642370215537,0.022682783931565597,0.047210552712523356,0.01388654078936801,0.035314232291801854,0.3554132632950369,0.044783101770570835,0.023196617157485208,0.47701598640698073
TUR,1990,0,0,0.030280711795020825,0.03331110797655408,0.00011449152082870533,7.341849648798305e-06,0.0003832063496920676,0.007698974451155251,4.475367571392709e-05,0.00014108451134462163,0.0010705761078626064,0.0005802894412760401,0.018462553982789717,7.079358960514708e-05,0.0010545523371161142,0.009157002368013867
TUR,1991,0,0,0.018065405313686746,0.03350005106832486,9.636312334787973e-05,0.01977757686427225,0.0067072272641379915,0.05552635615354945,0.0012224736458876925,0.0021832266740176845,0.0033602086175268464,7.372920756205309e-05,0.05567517005842907,0.0028807073514679946,0.00028930609639024016,0.12389311432130534
TUR,1992,0,0,0.018927552156239244,0.021799529358065443,0.00016798796096765127,0.0003888113370461509,0.00041399204524407104,0.05357158238752934,0.00011609318792090743,0.0001977071756126783,0.0006238266585325492,3.06084123782581e-05,0.10260815433796722,0.00043016292603565413,0.0017489204514162945,0.0580135085324554
TUR,1993,0,0,0.021058773998519437,0.03563019009077397,0.00011530035319976793,0.015161486379574473,0.005491629712341808,0.0543996711118043,0.0009783741079766105,0.0018128999610612304,0.002003817828434644,0.00022607203034901834,0.0619665867881231,0.0024062561644148327,0.00047354246487885847,0.11364390074787857
TUR,1994,1,1,0.006054487686500122,0.025071614113848333,2.684844441492358e-05,0.0644662611892188,0.016976024222621566,0.06686811731110659,0.0028636970586670414,0.005259184989543577,0.002490188459542587,0.0034692128169053313,0.03523705846642717,0.007042249130627633,9.543564335704473e-05,0.22236604020411013
TUR,1995,0,0,0.005520681720381765,0.033892940562407214,3.565047645583556e-05,0.10640802110076208,0.03124565356431907,0.00182931221957688,0.0037888664629127594,0.008687107920287755,0.0007520622865130495,0.01029397293070321,0.07743668886041774,0.007755028770809047,0.003924751301775798,0.07477451472062464
TUR,1996,0,0,0.0004395219690549347,0.024381927446928985,8.201363137566815e-05,0.17605775683649377,0.046519824741542135,0.00027771764700874104,0.006485776074752605,0.013109962167313612,0.003482269310596659,0.011085872958300776,0.07392799526943315,0.013229034979294913,0.00656480861527653,0.1608357126560215
TUR,1997,0,0,0.0009801992564006583,0.013003544761732884,3.134707942671902e-05,0.06299498829502198,0.017534506660404885,0.0006817741612218045,0.0022207783753218258,0.004879267114149947,0.0005518618446329496,0.005584200919628519,0.04330024870133082,0.004546519349757732,0.0025552292153759033,0.04508389235985103
TUR,1998,0,0,0.0003910808920831716,0.010680085150896848,0.00011722650242329538,0.15080054714175925,0.038160387468573975,1.4197728472785227e-05,0.005441241506605674,0.010688762756825959,0.0035903784012661167,0.00813558731429871,0.08081755350291832,0.010913084935419405,0.006774110576762676,0.12077699058933124
TUR,1999,1,0,0.00019014097612879384,0.01000730900926642,4.0012353387175245e-05,0.07083706479700135,0.018983425476758985,6.249638070639725e-05,0.0025933193472010003,0.0053156727082265594,0.0018712660115985278,0.0037167494475333638,0.03991142871400734,0.005192428834084566,0.0028907572474885434,0.056204707091082606
TUR,2000,0,0,0.0011174217733488506,0.0005104032709284284,1.9490358078354437e-06,0.0018353105957267686,0.000271178800035017,0.0018678050770344285,9.32863732738342e-05,8.523342370628526e-05,0.0006353148421397946,8.09101900407772e-05,0.0004629874312621572,0.00016836432506154187,5.8950490507909954e-05,0.004862934029798562
TUR,2001,1,1,0.0008330056006634179,0.0054442409367797505,0.00012562451601870098,0.10442345675127579,0.026243527933880944,0.003663575283419577,0.003337221392759619,0.007215487916390261,0.0004454034008890471,0.010434725654066038,0.0966958869714811,0.006987925249217582,0.005901451133401934,0.05801033608720484
TUR,2002,0,0,0.0002746530935988424,0.0008329640931652502,3.943264185837745e-06,0.0009884122997142085,0.0003810669447344123,0.0048298110635012475,6.88614565850873e-06,8.916456083019759e-05,0.0009100505186827105,0.0017119270571839865,0.011872893796701187,2.8177350733222252e-05,0.00015988619639617478,0.0006410197086073135
TUR,2003,0,0,0.0022249123867693348,0.005508842582857764,1.4426035050015675e-07,0.005505471217055184,0.0019424798458327547,0.0007496818920543621,0.00015850000214429088,0.0005317863709561574,0.00023486485879438708,0.0020703953269047676,0.00625412362969447,0.0003942186245173397,0.00015454008372856444,0.002949678809397043
TUR,2004,0,0,0.0022351710686372432,0.005970805240619193,4.2710478055349705e-07,0.0069092123154826665,0.0023900001146016005,0.0007851579083593153,0.00022554262408684662,0.0006557738120438265,6.221779319733453e-05,0.001707099273877271,0.007731608459634511,0.0004957735361407643,0.00020801983868150696,0.0037075772379650887
TUR,2005,0,0,0.0002279054068980388,0.013562614458011624,6.43416225943807e-05,0.0973871313690925,0.02612525502338971,0.0008848001813430318,0.0034741364309054975,0.007267641125597041,0.0012718082898946867,0.007270079738283373,0.06722808019087306,0.006950798891666144,0.00429457534244035,0.06859967884737522
TUR,2006,0,0,8.460203187392815e-05,0.027966753707887707,0.00022550335658804362,0.3041703778877865,0.0787432154559315,0.00047418150503985597,0.011150175140052199,0.022004984543639854,0.007460780835827408,0.01605869609735022,0.1806904539871994,0.021915736421829337,0.01361501203015501,0.23175165679280746
TUR,2007,0,0,0.027326691121540375,1.1267181187116765e-05,0.0004836194228517838,0.31255382022079203,0.06929355314224514,4.0989259524352634e-05,0.010834279746410198,0.019328515107048548,0.007738354385325484,0.014829019940507827,0.1818595262221513,0.021533945001902016,0.018338342100828856,0.22973620762990465
TUR,2008,0,0,2.9300631045305295e-05,0.06647831084569379,0.0004308070952756559,0.6157038796859723,0.16182166496596848,0.001403527762049924,0.022812912953814886,0.04520635384476616,0.01745460092896284,0.029572832396669184,0.37718853503359423,0.044444427130239446,0.027129690264060768,0.4628816094006217
TUR,2009,1,0,0.0020531426887740317,0.07852865199466838,0.00030729718705614883,0.5206820216594285,0.141184774345287,0.0019509751461186105,0.01948625748228629,0.03942687090596086,0.015543208790333569,0.024560172870699365,0.3302696319040209,0.037812399534599764,0.021846485298228607,0.3873097332769057
TUR,2010,0,0,0.009147689470335667,0.052581157764414466,4.938061201764426e-05,0.15633413115000985,0.04663216342901882,0.002331882210796037,0.006006545918252567,0.012984954479358836,0.0038614555955682702,0.008859198431073915,0.11507266358803485,0.011487475982328937,0.005665211037381425,0.10939476526488767
TUR,2011,1,0,0.00981326317018021,0.05368224150800443,4.723945163212195e-05,0.15306370520828752,0.04598607282443011,0.0026672962321518012,0.005920331229015354,0.012796292854451923,0.0039004029690945536,0.008489419961564873,0.11617890608188945,0.011231382328821845,0.0055413616123183235,0.10516959228073246
TUR,2012,0,0,0.00033969894269115575,0.02921258101211807,0.00013159590782055734,0.22248531589549297,0.0592888469887623,0.0001604843615868539,0.008353406993157531,0.016604159026329553,0.006473955999742405,0.01063525012890261,0.12528266321789297,0.016289476324741647,0.009200708234477611,0.1762233024710565
TUR,2013,0,0,0.0008123381008194819,0.032522107236830945,9.944807138463387e-05,0.22068421118582668,0.05895807116633554,0.0003959935125610154,0.00849837012442655,0.016626100061604813,0.007246971907437744,0.009758319231303573,0.09430462818456495,0.016651740972277708,0.008144622394673154,0.2004762793757681
TUR,2014,0,0,0.0006393728335472874,0.04403814885655616,0.00015641078574510792,0.32838519458463133,0.08696704564610881,0.0007810505322492903,0.012616935242358018,0.024534903095047064,0.011370496424569066,0.013830900796193889,0.13779388606502482,0.024761220619330043,0.012282838894829659,0.2999247774245288
TUR,2015,0,0,0.00021192865512980434,0.04312225884586269,0.00019122022862175057,0.3621632554529969,0.09483772764798219,0.000533897536891335,0.013642109897456093,0.026718899860427456,0.010314847165922448,0.017749606098904427,0.15779221012101136,0.027086621171570464,0.014038268218458386,0.32432816519293356
TUR,2016,0,0,0.00018697142392470615,0.05675024309620493,0.0002606481290854138,0.4908093124572811,0.12824277024341987,0.000977625825432959,0.018578996814182888,0.03615126949205286,0.015311346025277324,0.02239994591849732,0.20983915537058354,0.036767709913473,0.0190069440597101,0.4429160293621027
TUR,2017,0,0,9.497392341256949e-05,0.05390503508842464,0.0002603983898336017,0.4827012399798488,0.12578782445173925,0.0011020474656258765,0.018393193138611527,0.03546830499800472,0.015780414056982377,0.021072612048128624,0.2046892503427338,0.036168551387044175,0.018758330070231862,0.4368024034973796
TUR,2018,0,0,1.9954343933786145e-06,0.06786814805558357,0.00044366684038977383,0.6687484143191859,0.17385381480480994,0.0001363657147540692,0.024648358321454258,0.04871281676250772,0.016653487264162256,0.03537585594944946,0.3602969999356341,0.04878574413061155,0.02853316324567359,0.5384994230260735
TUR,2019,1,0,0.0005377695258154167,0.07240394034252727,0.0003001628647096799,0.5857843502098885,0.15399485800715865,0.001021112818633751,0.022226934225096324,0.04340523552473156,0.01841932534687388,0.026660262049436577,0.25275826493873366,0.04392795459464728,0.022467494185187713,0.5273800038912898
TUR,2020,1,1,0.003240358562713043,0.08479554958192509,0.0008527000177263401,1.2119408395789752,0.30575466232318416,0.0020519547838144378,0.04567177159873116,0.0860848532211327,0.0426377327168454,0.04821008942159508,0.5433286623279998,0.0894594467036926,0.0514982113484236,1.0589615829653931
TUR,2021,0,0,0.003149536723833033,0.028522800332865056,0.00035715821968862444,0.5152652102381746,0.12713297933492662,0.003751759142623104,0.01934157955580993,0.03593384860659604,0.016105970408506618,0.022640869685783226,0.19036877322288454,0.03845328598341659,0.021361977152481886,0.4868370464142924
TUR,2022,0,1,0.013126089144425689,0.0549568432153812,0.0010628454257392635,1.2410392052952153,0.30539583055270103,0.0011274790487162,0.04646908486204979,0.08583076555600257,0.045337322230481,0.04632436766348164,0.5937237025265962,0.09033706614174426,0.056759592877563936,1.0434326771000475
TUR,2023,0,1,0.0436686092476668,0.0023207165099972983,0.0009437614087292963,0.7142338590022278,0.16224065833504495,0.0001317605370780844,0.025292393609098757,0.04541157149520274,0.01946453310880299,0.032308540190283806,0.3746756176822169,0.05017717118898258,0.03885530403567477,0.5599548587548472
TUR,2024,0,0,0.07095892498246531,0.00403597532594589,0.000824858448055174,0.47431882909508616,0.0987195853140009,0.001047810744389165,0.016071813995695745,0.02766071800679623,0.010261559658968264,0.02415549835149937,0.22472003942158664,0.03280589606524269,0.028660765879320486,0.38244104191393474
USA,1990,0,0,0.0023670564771950155,0.0005183079902513757,5.054700201707348e-05,0.007030022548430188,0.0016290882313300668,0.006996897843871123,0.00027808243109604235,0.00040907092812604237,0.0014324520333135525,9.626789734213608e-05,0.0357411583494424,0.0002992610051742224,0.001163807211989574,8.722344052596838e-05
USA,1991,0,0,0.00553053333380326,0.0027221667059658104,6.356990789040626e-05,0.00607697863364124,0.0011206986978047149,0.0062759642437113005,0.00020930367891947246,0.0002747961250097276,0.0008084746313718415,1.4307575776285704e-05,0.03215884844299974,0.00023154189460567392,0.0012507052846407749,0.00017218589083459808
USA,1992,0,0,0.012573338396771258,0.0022513707729601732,0.00018183758595872906,0.04721531977548779,0.010048686866370289,0.007092119246117431,0.001729018675482436,0.002685126859680223,0.00434685500666951,0.00012608977092578184,0.08644159766722626,0.002679962186924034,0.004812745977760446,0.010263694430803601
USA,1993,0,0,0.010603521262800404,0.001197965589645103,0.0001949543402542441,0.05079048944137857,0.011340841099543817,0.011310149384224586,0.0018750870193791971,0.0030099802223647284,0.004842111560363169,0.00011086842533753552,0.10917750059535138,0.002818454049266467,0.0052922376152662745,0.008074432949086207
USA,1994,0,0,0.0061566777204953675,2.965209767131195e-05,0.00016051541346647267,0.05567524478703736,0.013164104655771844,0.008488391076796631,0.0021386260258109443,0.003536023914308505,0.005624419026461069,0.00011419818914141742,0.10001948358314078,0.0032873849889055113,0.0049233921909505474,0.013255787613460355
USA,1995,0,0,0.003703888883982759,1.7140683576160914e-06,9.566586818084949e-05,0.0371330972692966,0.00877623990818829,0.003780174845110421,0.0014636955557604722,0.0023754638446443423,0.003985522066556609,5.200046124529996e-05,0.057180418886187315,0.0022668889701322956,0.0030465881922928555,0.011332692828245035
USA,1996,0,0,0.002258872254021138,4.834231866455183e-05,6.534722153884502e-05,0.030864566998674195,0.0073941101230724105,0.0016483286872983195,0.0012566069233459168,0.0020214203110156172,0.0036585671051104747,1.9153631642162237e-05,0.0384941892618457,0.001972157381270948,0.002250020886795863,0.0124374509808054
USA,1997,0,0,0.0014554442841495016,1.0316846749264922e-06,3.0905578035555e-05,0.014698183112572417,0.003437435483057541,0.0003063520078433373,0.0006471970832198766,0.0009477309707204965,0.0027328677739164777,5.7151634984876016e-05,0.015372570782224355,0.0009657421244005934,0.0010385629331018497,0.007032728904801943
USA,1998,0,0,0.000729954702046633,3.125772166578488e-08,1.044954852046943e-05,0.008157372593821053,0.001853971651365092,0.0002377590212614951,0.00039920337399666506,0.0005282171888482339,0.002119673456094235,0.00014509089345047981,0.00293131482010146,0.0006077564099339781,0.00041385064989060667,0.007554457085200201
USA,1999,0,0,0.0005259927723087459,9.714728087439668e-07,9.90869981041047e-06,0.006162375252426917,0.00143525013286636,1.8806738799063213e-06,0.0002929773879051554,0.0004025595638433909,0.001463981033785145,8.116487699904829e-05,0.004022084571040744,0.00043378052511342847,0.0003652466475193409,0.004247372854053706
USA,2000,0,0,0.0001516319726231756,7.820004570856836e-07,8.590803848097868e-07,0.0020280139442380787,0.00043853568265613603,0.0008135778561376671,0.00011226102722388572,0.00013119485232052135,0.0006585361837377749,6.87710690674263e-05,2.6813638962061112e-06,0.00017916778758276516,5.483592733798323e-05,0.0037999003127501267
USA,2001,0,0,0.0002574424381017784,0.0005034947696414039,2.0355761085700483e-06,0.0003638250610406841,0.00011990283660799956,0.0016362420237076626,3.9213256031831314e-05,4.057980708815505e-05,0.0003887369920761048,0.00012148350769391557,0.0016428022483188788,5.924910693408378e-05,8.532941831857867e-06,0.0028142675805762985
USA,2002,0,0,1.8294986563332735e-05,0.0012093496715920556,1.9189847135191733e-06,0.009213296808794643,0.0023970805286735323,0.0008942670919274234,0.0004238200862075153,0.0006940124232497033,0.0009803324450443124,4.268658217607926e-05,0.0009197124693233478,0.0007664371718732577,0.00024274238304182086,0.012553896105443172
USA,2003,0,0,5.2294343610604915e-11,0.003323039047642761,1.9452152969880076e-05,0.03243413884461763,0.00848230394557552,5.169121845382097e-05,0.0013202097387999899,0.0023905249341250397,0.0019718963378249623,0.000645582542793263,0.01504270274346818,0.0024211951864293057,0.0013093323522455377,0.028143823117109695
USA,2004,0,0,8.766868614915187e-05,0.0022503794693308245,2.2133524648463176e-05,0.03225401992285476,0.008173066189745608,0.00012230765166153376,0.0012903003793408598,0.002306456839672341,0.001837396187424108,0.0007020621368793729,0.013811725449840809,0.0024022631086833687,0.0013479626180485226,0.02877812214753958
USA,2005,0,0,1.0686309346257278e-05,0.002323745934962705,8.01713261785093e-06,0.01980229970011805,0.0051690380765672915,0.0004357205697770063,0.000829919228079033,0.001472493859096331,0.0013441722499893147,0.0003381437029581561,0.005562148244739794,0.0015454419828794474,0.0006744434685684285,0.02098152284552552
USA,2006,1,0,3.609198249223592e-06,0.0010835426113004409,6.935209156043028e-07,0.012925006222937189,0.0030721530016309894,0.004950251450831267,0.0005649103287566423,0.0009165743081111851,0.0008088945546748944,0.00029141367288454433,0.0002122687756977728,0.0011790433094388364,0.00021722570776037562,0.02698451437941379
USA,2007,0,0,0.00040149278414571335,0.0029293516061991765,4.633024657364567e-05,0.055465090243103275,0.013852902204457694,2.16123800027018e-05,0.002151255045598004,0.0038910480200966963,0.0025898442487467675,0.0015600940229560814,0.028030286076333132,0.004038633340697676,0.0025260895454213886,0.04554010076693915
USA,2008,0,0,0.001614757665376986,0.002467332969824616,0.00010891698810963636,0.08148147664850335,0.020165103512855893,0.0018297012964468798,0.0029700499077523535,0.005564238417410855,0.0026752545482472234,0.0031333576768691296,0.07291128828622154,0.005494339767132472,0.004739334073867952,0.04612545272755183
USA,2009,1,0,0.005329112732575642,0.0013088021262552118,0.00017830583479577208,0.12465339152911883,0.029451159212133923,0.0011087706984975547,0.004450458360271999,0.00815986974784252,0.0034185928202949997,0.005506343056373995,0.09465079570769076,0.0084705570438517,0.007298480946450189,0.07875930571016605
USA,2010,1,0,0.008229684714745953,0.0053371437380083965,0.00029915256838261404,0.281234404727174,0.06640413052996552,7.822808440741316e-05,0.00998916209135434,0.01861280571223125,0.00611077242178067,0.015333199145267531,0.14052194037625687,0.020071700046286715,0.014013924464444353,0.22884732028895366
USA,2011,1,0,0.005691427260215812,0.007351393076563704,0.0002375081682655443,0.2719062655120332,0.06445066507456974,0.001483710434969057,0.009693084046285907,0.01817499416570776,0.005084174519949393,0.01653805407924023,0.10483826430718626,0.019924062228101017,0.012286598131962164,0.24986897116039183
USA,2012,0,0,0.0033811260551123955,0.009698405047923207,0.00017390230899298734,0.25612692725714,0.06107389710931071,0.005196257737435122,0.009282024462109647,0.017348556395614237,0.00497309253871425,0.015626752820016188,0.06981881916348243,0.019362844680695383,0.010272936862682082,0.26840339059598806
USA,2013,0,0,0.0001495365878469305,0.011058810146988873,8.359616199616562e-05,0.13761900240238636,0.034734142426863145,0.0006168748830749463,0.005086799133881972,0.009804004813263628,0.003081561754214545,0.007805755503299163,0.05316190878114232,0.010282303573203803,0.005502835048189151,0.1285647225555918
USA,2014,0,0,7.5985040954687805e-06,0.01371766142744895,5.355946064305476e-05,0.12991442378245505,0.03313806447148195,0.0028297287053958196,0.004926198143601061,0.009432175201737624,0.0032582546713511434,0.007061387058853866,0.03328230935350224,0.01007776265228136,0.004441815476600352,0.14131495614511785
USA,2015,0,0,0.00027509806035065025,0.013198575610179598,3.571765645443269e-05,0.09355339301965207,0.024676601817999067,0.0010574172479880651,0.0036387236081860935,0.0070005383987622,0.0030378109855828104,0.0042098462467841215,0.029813472095319,0.007217037478597878,0.003194274799133083,0.09531254788284504
USA,2016,0,0,0.0002840979768615606,0.017102750933614325,6.485399844419048e-05,0.12421999606761253,0.03318404002026067,1.7576198732030014e-05,0.004837437350927817,0.009330194927047876,0.004734452791133277,0.004698184703732121,0.06114216161154643,0.00924909163199096,0.004858902298086122,0.10554653613061502
USA,2017,0,0,0.001094261110627231,0.02873806839954222,8.229000553218353e-05,0.17594109154785337,0.04774947625326359,1.7877319143742926e-06,0.006820210923419677,0.013419501151360817,0.0061103416909197026,0.007370934894116181,0.08819045211732501,0.013133197823150086,0.006685406315223364,0.1489020437647822
USA,2018,0,0,0.0032760542552854417,0.04106045378470185,7.185989974441975e-05,0.1959609529242308,0.05459601917103275,1.7848030583280977e-05,0.0077501693774307216,0.015364485324927832,0.0077036851974027955,0.007465793907824207,0.09506641686537294,0.01480985048481999,0.006935902312727446,0.16986007648933896
USA,2019,0,0,0.004064011040362718,0.0476182984847755,7.630093454717501e-05,0.22085138426736076,0.06168219170313201,7.898390685039782e-05,0.00878797842868124,0.017375666819421935,0.009065247317878156,0.008086919041183596,0.1032617175945102,0.01677086843676579,0.007660053765575562,0.1949799487555416
USA,2020,1,0,0.0014843055429467587,0.014298885706336459,1.628487707786613e-05,0.06069033571033392,0.016998309271134864,0.00019117599830652374,0.0024266112936422346,0.004805643945182176,0.002101399922691776,0.0026427348595385388,0.023716633296265124,0.004688089724718561,0.001938537387553998,0.05809435859992464
USA,2021,0,0,0.0029885957939318353,0.09131400820323497,0.0002479725740127831,0.5839178387828353,0.15704544123921474,0.001377360326301477,0.02276193564971441,0.044322774466066986,0.022305744795177794,0.022649368144019588,0.2447602392670308,0.044269732635557155,0.02112756615757385,0.5358557169495786
USA,2022,1,0,8.114150573619775e-05,0.04542125080841741,0.00020339210881407022,0.40774136811622336,0.10608156583467976,0.002622027655151088,0.015904596596966955,0.030008816825739817,0.016651928642466653,0.014462457293604675,0.15234619904399746,0.03093718596895747,0.01524420670766998,0.3890056579156462
USA,2023,0,0,0.003463665078000313,0.03268310148359884,0.00047395957265546784,0.5771809800787581,0.14474556775891106,0.00013978247021737683,0.022126035155248764,0.04064353488516173,0.026119122019147803,0.017120667481649674,0.294986171608119,0.04201903426776181,0.02617236351703934,0.471808649014856
USA,2024,0,1,0.014082502080647609,0.022889808263087053,0.0006597576074188129,0.756713494611452,0.18211081398100223,0.004259727098483028,0.02873109835398366,0.051391327933185155,0.0328167153588727,0.02335439045643393,0.3069628661569079,0.05567471395668211,0.03418949686971077,0.6820024609062331
VNM,1990,0,0,0.05660925738215196,0.024960833130727802,0.00020945328921109183,0.09436081813598401,0.014036134949907592,0.01753923958169206,0.0027293565568108757,0.004090556285598263,3.565594272614582e-05,0.011286188306080497,0.0024088745891918378,0.006964159806082547,0.005553719846836831,0.13700345341657613
VNM,1991,0,0,0.06393951420277078,0.022311376330581625,0.0002771668192876903,0.14657192750556175,0.02474819129926922,0.02635137203700627,0.0055656108540492405,0.007220284830291488,0.011822652208546974,0.0010794079221777165,0.0074626030220950774,0.011111682966730591,0.008010214642261596,0.20150466875079734
VNM,1992,0,0,0.06779963385052311,0.011969223469114143,0.00042035496920596853,0.2840158228269041,0.054309136668362026,0.03057266346029653,0.011011641075242589,0.015687556787060918,0.023019372808342674,0.00232754989823469,0.03304445670608332,0.021483283061037476,0.014361937397311493,0.3510572884612391
VNM,1993,0,0,0.057415641559531445,0.01359295262899765,0.0003040706873069418,0.19608487827119528,0.035157314588837994,0.023802027814523948,0.006518206476322259,0.01016562988654797,0.002824622366990797,0.012577181099013224,0.01491547981591244,0.014725064723862398,0.01002348908909943,0.25877526494822595
VNM,1994,0,1,0.05562070646435316,0.011453739483837252,0.0003088668239039563,0.21252407081538174,0.038539445990101874,0.023868399218666687,0.006739647822282251,0.01112586702832657,0.0009378818173828064,0.020152607317888163,0.016331635595859435,0.015948129510050413,0.010596513918682026,0.28099581125353895
VNM,1995,0,0,0.04264560206013909,0.0029601561668781964,0.00032199463541525685,0.27828148852932744,0.05505580460802557,0.02418165410498986,0.009363706028292522,0.015842166054088887,0.003231459688397214,0.020417236983983456,0.03050317959371257,0.021079818273852618,0.012785740776187523,0.3519697098540461
VNM,1996,0,1,0.032131752285094003,0.000797045846343705,0.00030958766382974416,0.26732454919465654,0.05427371684667706,0.011978615492879898,0.008261354199058725,0.015474685995731702,0.00010998611886661294,0.0343412138977551,0.04713991307399834,0.019759501316252603,0.012702998081650374,0.3066845561828639
VNM,1997,1,0,0.021595359517499076,0.00025245778797080025,0.0002954346309043194,0.19471372057401345,0.0411213341778832,0.00023821497638135792,0.005981054433005833,0.01150757728675136,0.00022296935748249039,0.02265307923030454,0.08735016103276892,0.013505553696384773,0.011115795855604703,0.16239726366218804
VNM,1998,0,1,0.010559230191460378,5.1864794572984126e-05,0.00020528946470934034,0.13263656457496764,0.02909012996836553,0.0005002049233368158,0.003914586289248332,0.008063466634612375,1.1001604961510506e-05,0.019520587522797197,0.08240020588751873,0.00894382059614934,0.007911248524054629,0.09393112149945287
VNM,1999,0,1,0.00016865109697178644,0.009358912394908638,0.00019854725774679484,0.11296552176111968,0.029815100331406996,0.03183981383368173,0.0029415026785971766,0.007928772614470532,0.0018907146897755313,0.028546932445840625,0.21774514131601208,0.006611807942114249,0.008355246320832123,0.025741774043558083
VNM,2000,0,1,0.001941823301553235,0.01486618141490292,2.370221917784288e-05,0.05505151069381763,0.015155525220237026,0.002740508158263136,0.0012714389049411651,0.004162329505200417,0.005935166097393859,0.028495086196198165,0.042598233376503564,0.003798438221899356,0.0022461120171918,0.0367306571583431
VNM,2001,1,1,0.003314271463098193,0.010377461918351519,2.385563735563855e-06,0.015871517834524996,0.005064566079699131,0.0019960503745509984,0.00038009759841183536,0.0013820324750739381,0.0018142323424026356,0.00864013100344961,0.01688624883193324,0.0010986094394509146,0.0005462131183188615,0.008693722064093254
VNM,2002,0,1,0.0038887657436719137,0.006499780419626518,2.4717654607594836e-05,0.00299724590939386,0.0008137494610799631,0.008363648614544639,1.0185246358604933e-05,0.00026609260813912565,0.010687559007258835,0.01681381242712899,0.015684218642467267,0.0004268142424843147,9.67887560974738e-05,0.02512421657428863
VNM,2003,0,1,0.0023048860175331363,0.0031381733775180834,2.6612864613119e-05,0.0006931322757930972,0.00012680579030131207,0.008412209324067584,2.151153077724931e-05,5.069728023203268e-05,0.017234958778206532,0.021322861558190406,0.022612743353232392,0.00015640340749194218,0.00020456153859777556,0.018109266311702413
VNM,2004,0,1,0.0070993185148218885,0.00910947523352308,3.2838056634275516e-05,0.0008164724885448084,0.0002463926925650217,0.001722405936976062,0.0001395914749316784,7.75974645014046e-05,0.049285176269628465,0.05664295081617938,0.011237989142517883,0.00012508325094186118,0.00017911536383124113,0.012486413188955998
VNM,2005,0,1,0.007565367618919572,0.01756262227177249,1.077533978208271e-05,0.017432962377032995,0.005468560114942,0.0053107085848446605,0.000525636854442727,0.0016187244237859764,0.0012405090096419592,0.008509983464472778,0.001041390921371755,0.0017239168268080912,3.8499202644059964e-05,0.04279018409000978
VNM,2006,0,1,0.00029066731654157164,0.0021347460849148493,2.851597101312105e-07,0.008315796265565296,0.0020776938699731398,0.0004025333894071618,0.00015451102689964554,0.0005943260282086501,0.002448746948500048,0.0074569988918057285,0.00034022462893643,0.0006716458293556119,0.00016877073368514915,0.01292538925743351
VNM,2007,0,1,0.013455570812288292,0.027196663418487598,5.8232512028696255e-06,0.013447854256763469,0.007234301282915734,0.01694374749578654,0.0013297978146574764,0.001913385555829519,0.029351224706583842,0.015590329596783966,0.08533450383568793,0.0008115469485433508,0.0008100674815740806,0.000339056591235355
VNM,2008,1,1,0.025450368819960233,0.019952783970361807,9.860307690850582e-06,0.01138318002746118,0.00043660879405468177,0.040838616708034736,7.243686512788918e-05,0.00017547075087276932,0.012195846838332395,0.022572309091675,0.04951403500827243,0.0011836232462458384,0.00018806037169153179,0.07551553949531288
VNM,2009,0,1,0.004336484405574011,0.0033304809990957886,3.25165196090752e-05,0.0013135610580812477,8.589221869924251e-05,0.004979607978727964,6.048118136245042e-06,1.4359364410904355e-05,0.006165553363705673,0.007780850336141426,0.012176181602274573,1.7571297704832122e-05,0.000532474037942996,0.0006718319871962758
VNM,2010,0,1,0.006454631914062404,0.0028223564766655202,6.112376237298163e-05,0.009237171502766043,0.0017578895429683336,0.001963409972349141,0.00043301448689734255,0.00046331291569535245,0.004421548094237912,0.001143208340672274,0.02342701224969664,0.0004784737702000695,0.0012922099752367873,0.0007867272467331029
VNM,2011,1,1,0.00419411314855285,0.019913277982092213,2.0639519187910952e-05,0.05966545158706291,0.014827930822137868,0.056114482520686286,0.002069702630032128,0.004574220775122373,0.0005935588848813455,0.016346541216500095,0.032937569861700815,0.006334327500727216,0.00012066336601282486,0.20539384281554052
VNM,2012,0,1,0.002215354503201317,0.026302880918031558,2.2821477163464137e-05,0.12590696077064398,0.03407315706966926,0.004079420443563136,0.004868186792642963,0.009740636923491875,0.0030046634441155515,0.007483252706759908,0.025001616432199118,0.010114821094342473,0.0034448052676545847,0.14977242160134616
VNM,2013,0,1,0.00015737092482677798,0.025006695450578143,7.965331890862452e-05,0.20885109647289707,0.05378919115887738,0.004142375629158893,0.007807548405347095,0.015302472626040082,0.004521436691219757,0.0126157542729204,0.05440583672493057,0.01621695349158674,0.007005553485179904,0.22662036062435106
VNM,2014,0,1,1.5959596751665902e-05,0.02907421584528185,0.00013841569012689362,0.2724637548526621,0.07039195954480558,0.0016814241629807738,0.010314697499825888,0.01990476778561618,0.008422642278580745,0.012573845561225148,0.10051585413267759,0.020619792628669233,0.010246908591244037,0.2609475810433409
VNM,2015,0,1,0.0055396792456968505,0.013902144393093821,0.0003951290672872008,0.3755057721468465,0.09273437972060347,0.0006343116758600764,0.014033734750133881,0.02587686399677322,0.01644092164045464,0.011247359322905652,0.23930618088141586,0.02652522740908466,0.019087360834891084,0.2699102763317405
VNM,2016,0,1,0.0058434199711168205,0.014544877318414936,0.00043421511814068674,0.39234168655531504,0.09755870588673059,0.0015210558267358357,0.014972769700010066,0.027171865918736927,0.021791150368956524,0.008369549946870447,0.27349468011559036,0.02751006955740998,0.020509442637964816,0.2667737370642127
VNM,2017,0,1,0.00885907351757001,0.013655177414659957,0.00048074216205381024,0.45654759169294945,0.11140910130410706,7.07653857225124e-05,0.017235733178015616,0.03116956039102879,0.022529794770331023,0.011713900751360034,0.26609848834470673,0.03249930054456313,0.02295251438603879,0.34454300100598484
VNM,2018,0,1,0.0024640434410229057,0.029971422758313552,0.000441234214477273,0.4939924070039527,0.12520509208749167,0.0006069227718518224,0.01865204906900516,0.03498702493728115,0.02161295825711253,0.01522502339812362,0.3037179420505779,0.035328451031564,0.023575249122799055,0.3658646469711116
VNM,2019,0,1,0.0004409738143357409,0.040503439474670465,0.00047296680619724255,0.4765131149760317,0.12538212247550445,0.0103972462963853,0.017884368651090853,0.03468407539319827,0.020580376579228513,0.014739949529400744,0.41862517113794906,0.032907728717023785,0.02472536166772864,0.2796979560272065
VNM,2020,0,1,4.057003055432885e-05,0.025406613063415153,0.00017607694978959243,0.22362066873833908,0.059640839455802896,0.0025170378176636236,0.008377625225841396,0.01657352934884185,0.007843621013053154,0.008865330278258239,0.16875694686248152,0.015819188562436966,0.010511273906852301,0.1477757544312825
VNM,2021,0,1,0.001185337893945999,0.017762946533367057,0.00010951905964991669,0.29346834678132955,0.07037115458762008,0.023317087277186354,0.010785016845361654,0.020280819013986408,0.005363090233455646,0.019482456497712953,0.029971398741496888,0.02355828333841651,0.009114125003401263,0.3923495685952862
VNM,2022,0,1,0.00012805726638160034,0.056215745189095466,0.0002769818358883168,0.6178998692918013,0.1563481234968115,0.015601500978346668,0.023782161156643947,0.04454919722138074,0.023327649193738777,0.024164901238560153,0.15564380599832842,0.047975212110161765,0.02154734084264166,0.6736952016602993
VNM,2023,0,1,0.0044471437560019466,0.06166276726669196,0.0001495053043144114,0.3028001507883711,0.08538469179039565,0.0015494776007043607,0.01207178853205378,0.023852614325464316,0.016183154208056237,0.007831940266035878,0.20338210882822746,0.02219319204190357,0.012103028940830344,0.2199582705670097
VNM,2024,0,1,0.005526229580142064,0.08450276411900426,0.00011923233432552457,0.44479900240124726,0.12003178353201788,0.006028414220260504,0.01678388608565788,0.03409988067670988,0.009476588670128436,0.027876714971244478,0.12726046899975801,0.03478072664476875,0.013766114862707422,0.4739870927256003
ZAF,1990,1,1,0.2540822374382547,0.4076586474219856,0.0005052129841650307,0.11420998586677948,0.05250004066054717,0.057807576545361665,0.005743796500562956,0.01573931830745434,0.001162413773541675,0.015611010479648977,0.024776895138484356,0.013665101737979449,0.0005498681395733976,0.35796548835452346
ZAF,1991,1,1,0.16817326511565697,0.3019611374056479,0.0002591497403062836,0.13618620161119566,0.054997111355024476,0.04154535777840912,0.006531526483724931,0.01629841270522849,0.0030459845504164705,0.012322354154494723,0.004784922354320724,0.014653758735191327,4.525607399052239e-07,0.3337616574862077
ZAF,1992,1,1,0.10846608197247229,0.19684947381769707,0.00013819001966753366,0.09070208825781362,0.03702930812147555,0.01740619978957658,0.004409168206163317,0.010877630165116456,0.0032756662762645533,0.005993302974270068,1.971776053376612e-05,0.009401150972229447,2.172738513687182e-05,0.19188996930519453
ZAF,1993,0,1,0.13648615368535402,0.18408279790834922,0.00023061010365648467,0.013287409997637027,0.011416070166835192,0.0009894166012583152,0.0009356976624740281,0.0033343815864068558,0.0008541525708731781,0.0010492088198201324,9.730851968824197e-08,0.0018144998978648248,0.0006511333982583219,0.03414243864443508
ZAF,1994,0,1,0.09549633608858706,0.1388004944570455,0.00016857524316069597,0.020237048464647175,0.012351778034010462,0.005409096418535038,0.0012560125682091645,0.0036536232722299213,0.0013444063930086049,0.0011383135089086123,0.001055935289503127,0.002545278170783288,0.0003195488480100766,0.05646006316137307
ZAF,1995,0,1,0.05423113479076359,0.10190619696558255,2.8762086453515936e-05,0.05011109971797063,0.021125950668178684,9.763069249966758e-05,0.002461437085476353,0.006021781147846828,0.0033412803343925435,0.0015540094879555194,0.015802989993231247,0.004537529180945169,0.00026734704109077903,0.058919133682501706
ZAF,1996,0,1,0.06317925096150687,0.08530172555349542,0.00010246280021193335,0.006137788891470958,0.00533592833420499,0.00023651764894938853,0.00045157025625166847,0.0015523965357479698,0.0005908735758306929,0.00029909568661987037,8.73430859250376e-05,0.0008221137675031158,0.0002736442943027199,0.014290349968080016
ZAF,1997,0,1,0.05595090218102088,0.0857285272109504,7.06146532139465e-05,0.016991716616159506,0.009488606912272123,0.0006461401965150166,0.0009888166818839844,0.002746854498360802,0.0014360357673156457,0.0005558668262574123,0.0012550378619434516,0.0018400917471109645,2.7831802907158692e-05,0.02987246940471009
ZAF,1998,0,1,0.0503981944370635,0.09108814119809346,3.8306738060869754e-05,0.03946913232314518,0.01704163369610932,0.0007661975454298338,0.001963406775123529,0.00489539468940056,0.0023765096681534286,0.0015081853842211761,0.006785789426487033,0.0037450860008321433,9.777125817873719e-05,0.05536212376483927
ZAF,1999,0,1,0.041681977449560655,0.06199757915706488,7.122992075955746e-05,0.01065755325077817,0.006060678727232252,0.002566574017979315,0.0006118997939800604,0.001789250025769008,0.0004009367717779679,0.0009079655079492631,0.0003701284816085171,0.0012902196050342605,0.00010549877827414681,0.02827914435268008
ZAF,2000,0,1,0.03279893030513947,0.03559353081836097,8.061075360922365e-05,0.00013379026154182602,0.0003199895521024731,8.75721288268982e-05,3.660044807255183e-06,9.917997485733039e-05,7.413221582183588e-06,5.934512680698504e-07,0.0016357773600198238,4.553433580563802e-06,0.0006593026137958507,0.0005442442382989447
ZAF,2001,0,1,0.03265613858014202,0.043999186392545464,5.821387780595314e-05,0.0031981569210150604,0.002707522655706152,0.0004686371038967573,0.00022326315405114854,0.0007953932494521942,0.00014806901035957094,0.0003288139917011129,8.773719702247814e-05,0.00044899933820454206,0.00017623069133677427,0.00930522270787209
ZAF,2002,0,1,0.025748333875665722,0.03687510285014311,1.2016686900838194e-05,0.003740511677820962,0.0031268327368332463,0.005756038631901771,0.00024468071122590136,0.0008394614248542816,0.0007518585954113606,1.7668602817790143e-06,0.018700235380637916,0.0002902172529731515,7.530563681169635e-06,7.032348293797274e-05
ZAF,2003,0,1,0.02673338231795155,0.05203864560961987,6.681425318060751e-07,0.025431589410014645,0.011829376695480282,0.019217478430104018,0.0011422057447346321,0.0031539601485198942,0.0018054567778834172,0.0005324305510409459,0.08672504478060689,0.0016462825086644328,0.0009258573511591171,0.0017990967959001611
ZAF,2004,0,0,0.03311215278226711,0.054918608741268304,5.102470593034169e-06,0.014449722613138634,0.008087234816318518,0.009565936664608936,0.0007712797485552491,0.002185976472365075,0.0018882582699983998,7.355152961543442e-05,0.04368443449971573,0.0010572132839098722,0.00022724277658994397,0.001989323646789183
ZAF,2005,0,0,0.031829546875089654,0.05433927887585572,9.536826692146386e-08,0.015450908588662762,0.00878426691110764,0.02285843691371431,0.0008010416002344274,0.0023109322592033323,0.0023645259388672775,1.2266557665928781e-05,0.08316801388586065,0.0009518447104259277,0.0005376995650727095,2.9232377668443555e-07
ZAF,2006,0,0,0.02259108266579679,0.04865713234605258,7.022562554078585e-06,0.03158434512653743,0.01386981263942596,0.025590929613420955,0.0014813031653961384,0.0036778693899523086,0.003937450252576345,7.399007955127467e-05,0.11796928167862196,0.001949955339958511,0.0015026933556419799,0.0012430040795989787
ZAF,2007,0,0,0.02703067137915444,0.05993636888542219,2.0046191138640693e-06,0.04412785104171531,0.01792287945978232,0.013974144919504407,0.0019310391912449045,0.004861977246220603,0.002486614887009091,0.0012716800212806518,0.09104689129561545,0.003061523391066575,0.0014492758154988706,0.01142646735720668
ZAF,2008,0,0,0.030049029218113817,0.09353522279326536,4.27144235290791e-06,0.14288801590742853,0.04706339722378464,0.00022772720054895835,0.006077384179446758,0.013243938505171459,0.00664050776325619,0.005209383188553915,0.07688889390008377,0.01129574480242848,0.0034028418210448334,0.12407355834244455
ZAF,2009,0,1,0.021420689943715928,0.1117602509252889,7.58550405888054e-05,0.3072097517404047,0.09281400588289675,0.001891799899957904,0.01245419372210087,0.025964004236740765,0.014439367033352657,0.0100715347966039,0.2013631434662162,0.02307921775461406,0.010295337297899367,0.23205686441917206
ZAF,2010,0,1,0.026159998325208895,0.07867421687901743,5.911634309412813e-06,0.11234673550045006,0.037995040036224496,0.0018395076741394448,0.004868280339017621,0.01061816301272573,0.006825101315816338,0.002843149175306704,0.08354747083158964,0.008649490211980316,0.002986311072632335,0.08151794957047438
ZAF,2011,0,1,0.02683629836937605,0.08476626846620772,1.294993498466067e-06,0.13405322068583173,0.043418851279259936,0.0003888829480289198,0.005771802363846873,0.012315563394751095,0.006567237310052662,0.004690199502124327,0.049025069666374474,0.01093644469513073,0.002775543869082272,0.13755091797972244
ZAF,2012,0,1,0.0556402257480958,0.12131500487315273,8.548064552702319e-06,0.09206640003222982,0.03496620218567879,7.200317124115763e-05,0.004221381590664993,0.009885994885750178,0.004972912518717869,0.0032584622283119346,0.04326381904371618,0.0077556792380726524,0.0011964370193290478,0.08950677476666018
ZAF,2013,0,1,0.07066071769110448,0.15390119616062917,7.266854644611642e-06,0.11537292206072125,0.04434994627912661,0.0008642655234101527,0.005356373997353538,0.012483316748016922,0.007493451977488113,0.0031213040686932933,0.06892466721826154,0.009536740468454267,0.0016932812753744204,0.09997465855515728
ZAF,2014,0,1,0.07130431553681987,0.15534023969179522,7.3319767113932894e-06,0.11654597846737853,0.04477632113262702,0.0008751959151374066,0.00539092622680523,0.012602947797021672,0.007383955528966037,0.00327853672216125,0.06951072189289823,0.009631791941782281,0.001710843218501116,0.10106980941886817
ZAF,2015,0,1,0.10097869899749747,0.2130295981164699,1.6042613840083764e-05,0.14700726745678835,0.0575257827702184,0.0008407585754450284,0.0068553264813389575,0.01621383600205171,0.009245974952371477,0.004299321896701999,0.0829890171130191,0.0123003617578096,0.0019115956876336907,0.1321141089093389
ZAF,2016,0,1,0.01913351496750254,0.07060484976770637,1.2244899151507529e-05,0.1359561887318184,0.043217053100337084,0.00021884548051234536,0.005795584919694551,0.012150422304204532,0.007868147056729497,0.0035930009091215587,0.0763967711784025,0.01058667903407606,0.0037001533454499233,0.11396663516871268
ZAF,2017,0,1,0.008803959237937043,0.04358827405497941,2.230568398887588e-05,0.11496252300460703,0.03475129508075465,0.00018770497515682765,0.004706213935321375,0.0097558506231146,0.005264297531930548,0.003927349134975833,0.0653817855108144,0.008778756770653689,0.003587210265995925,0.0942240177406788
ZAF,2018,0,1,0.08348975413862629,0.15936909608470765,2.5917025680981992e-05,0.08088820748817288,0.034369607810736766,0.0010850937462378385,0.0038922732216535435,0.009677106110079955,0.005102634120151248,0.002551452403563882,0.05008934320787523,0.006904850389124463,0.0007484845895448494,0.07134962410261901
ZAF,2019,0,1,0.07727466650885867,0.15738084536097416,1.5547363647666452e-05,0.09801099316923266,0.039460920011544845,0.0008407526155138185,0.004656620133740035,0.011115539073688598,0.006852208881733063,0.0024975187929237607,0.05842635269978756,0.00824357259512912,0.0011677846657551809,0.08645911831860839
ZAF,2020,1,1,0.04893748783949539,0.14181099805775635,1.3856064891080114e-06,0.19379220167870073,0.0651255087797127,2.1620845669144896e-05,0.008451593117128056,0.018385038232480302,0.011664154999676747,0.005267883964331525,0.09361382085298631,0.015621427972696673,0.004112876401159931,0.178487797918861
ZAF,2021,1,1,0.06112014664281944,0.1052219870862653,3.603591011558477e-05,0.03611757968415622,0.017295128959175083,0.00025739873078952676,0.0019775440390538174,0.004896767814463587,0.004383089381970965,0.0003128534326163433,0.019579304748324332,0.0032863267093878657,0.00012511010043990924,0.03560007745615515
ZAF,2022,1,1,0.048567133345120396,0.10364768859698376,6.2199041443056435e-06,0.0733906535667762,0.028806802432889033,0.00045929821090585926,0.003630977273988912,0.008119001479604178,0.007853599708775567,0.0006427440413779668,0.04439808343590535,0.006128646904727978,0.0010146102871519459,0.06352259794159416
ZAF,2023,1,1,0.04742692804771433,0.09810976968046703,5.0243881953859245e-06,0.06281297332130031,0.025664610037335167,0.0015996785486035133,0.0032600899711752616,0.007195605293688024,0.009541070156175184,6.229024556541256e-05,0.050956912236258686,0.005160011598096522,0.0009347264839325009,0.04608093709321224
ZAF,2024,1,1,0.04596699825703852,0.07874693972209657,2.241735376021334e-05,0.025997482991303604,0.012804051485573151,0.0009355424938125644,0.001469983026231183,0.0036004575601186225,0.004212128249628064,3.705072518430992e-05,0.020812633408747904,0.0022978180418236588,0.0001256951427083654,0.020795228030331295
