economy,year,crisis_label,SPE,T2,UCL_SPE,UCL_T2,is_anomaly_SPE,is_anomaly_T2,is_anomaly_combined,combined_score
ARE,1990,0,0.2612510952303902,27.87680630663418,2.0617676393810833,17.09109025041723,0,1,1,1.631072441733414
ARE,1991,0,0.8992378053633606,11.358070662886014,2.0617676393810833,17.09109025041723,0,0,0,0.6645609201325666
ARE,1992,0,0.6523063606507791,9.501082065991529,2.0617676393810833,17.09109025041723,0,0,0,0.5559084837059817
ARE,1993,0,0.7073592351497368,10.139548133909997,2.0617676393810833,17.09109025041723,0,0,0,0.5932651448998386
ARE,1994,0,0.3325662149653865,11.582001706273456,2.0617676393810833,17.09109025041723,0,0,0,0.6776631295356195
ARE,1995,0,0.29330624281296513,11.17464254275536,2.0617676393810833,17.09109025041723,0,0,0,0.6538285375026067
ARE,1996,0,1.1011770295554482,10.487899826843236,2.0617676393810833,17.09109025041723,0,0,0,0.6136472087605531
ARE,1997,0,2.1589659898104885,10.85890858604078,2.0617676393810833,17.09109025041723,1,0,1,1.0471432127330231
ARE,1998,0,2.0541376659832595,12.808165552655145,2.0617676393810833,17.09109025041723,0,0,0,0.9962993049012476
ARE,1999,0,1.585931845598385,10.005764514170366,2.0617676393810833,17.09109025041723,0,0,0,0.7692097864502626
ARE,2000,0,1.30164578452631,14.124122706278936,2.0617676393810833,17.09109025041723,0,0,0,0.8264026752731082
ARE,2001,0,1.3799462264873927,9.12503123244929,2.0617676393810833,17.09109025041723,0,0,0,0.6693024956496239
ARE,2002,0,1.155289407719078,7.874217795977292,2.0617676393810833,17.09109025041723,0,0,0,0.5603392863736485
ARE,2003,0,0.9029911554196878,8.661548883643322,2.0617676393810833,17.09109025041723,0,0,0,0.5067873820063571
ARE,2004,0,0.8051608835976303,10.685097183040053,2.0617676393810833,17.09109025041723,0,0,0,0.6251852296420474
ARE,2005,0,0.558646912849183,7.283419162779975,2.0617676393810833,17.09109025041723,0,0,0,0.4261529870864833
ARE,2006,0,1.6923579733663723,11.510439162049655,2.0617676393810833,17.09109025041723,0,0,0,0.8208286622804871
ARE,2007,0,5.780199451675447,11.332728914193627,2.0617676393810833,17.09109025041723,1,0,1,2.803516429916705
ARE,2008,0,5.217272778445682,12.785931424172057,2.0617676393810833,17.09109025041723,1,0,1,2.530485336364985
ARE,2009,1,3.9788108254333676,26.48730058605082,2.0617676393810833,17.09109025041723,1,1,1,1.929805643194476
ARE,2010,0,1.2809167895520712,8.32094543461049,2.0617676393810833,17.09109025041723,0,0,0,0.6212711680432556
ARE,2011,0,0.2727247885714098,10.678846295046435,2.0617676393810833,17.09109025041723,0,0,0,0.6248194900723634
ARE,2012,0,0.4305962255848293,9.821536141669185,2.0617676393810833,17.09109025041723,0,0,0,0.5746582574759629
ARE,2013,0,0.4390404193563025,10.270493471423642,2.0617676393810833,17.09109025041723,0,0,0,0.6009267589686338
ARE,2014,0,0.4600962804817346,10.084860361696474,2.0617676393810833,17.09109025041723,0,0,0,0.5900653623574588
ARE,2015,0,0.7807679722942751,10.971057052548082,2.0617676393810833,17.09109025041723,0,0,0,0.6419167467844981
ARE,2016,0,0.6084900899968695,10.053238840886783,2.0617676393810833,17.09109025041723,0,0,0,0.5882151866023504
ARE,2017,0,0.08060397188170991,12.306526847749454,2.0617676393810833,17.09109025041723,0,0,0,0.720055108681497
ARE,2018,0,0.22808215731820397,8.78005487589713,2.0617676393810833,17.09109025041723,0,0,0,0.5137211697587748
ARE,2019,0,0.19745123057927072,8.650112936486067,2.0617676393810833,17.09109025041723,0,0,0,0.506118264531129
ARE,2020,1,0.8194290038740751,26.602836240746615,2.0617676393810833,17.09109025041723,0,1,1,1.5565324301120687
ARE,2021,0,0.14371807464722486,10.122571388280992,2.0617676393810833,17.09109025041723,0,0,0,0.5922718352057077
ARE,2022,0,0.6512822164992463,12.50480409165531,2.0617676393810833,17.09109025041723,0,0,0,0.7316563138123994
ARE,2023,0,0.36294946307524395,11.213373045255977,2.0617676393810833,17.09109025041723,0,0,0,0.6560946599051651
ARE,2024,0,0.6608854998072892,11.425475372552611,2.0617676393810833,17.09109025041723,0,0,0,0.6685047709155764
ARG,1990,1,0.6707472110153456,22.2726056062307,2.0617676393810833,17.09109025041723,0,1,1,1.3031705572841954
ARG,1991,0,2.388499176498416,13.226412409265656,2.0617676393810833,17.09109025041723,1,0,1,1.158471561429402
ARG,1992,0,1.3058007008791563,8.497766622432671,2.0617676393810833,17.09109025041723,0,0,0,0.6333403803307056
ARG,1993,0,0.1983907082070675,6.583068608579806,2.0617676393810833,17.09109025041723,0,0,0,0.3851754634798151
ARG,1994,0,0.061581876079233676,4.579849809073084,2.0617676393810833,17.09109025041723,0,0,0,0.2679670952507714
ARG,1995,1,0.8017575461525548,16.159072104602316,2.0617676393810833,17.09109025041723,0,0,0,0.9454676014134229
ARG,1996,1,0.1525010715027009,8.643551589401433,2.0617676393810833,17.09109025041723,0,0,0,0.5057343599944085
ARG,1997,0,0.05324885530596153,8.785903623259788,2.0617676393810833,17.09109025041723,0,0,0,0.5140633800728601
ARG,1998,0,0.05811665969060747,4.065962291472216,2.0617676393810833,17.09109025041723,0,0,0,0.23789952729159317
ARG,1999,1,0.2737693710210045,14.747988446095718,2.0617676393810833,17.09109025041723,0,0,0,0.8629050710053846
ARG,2000,0,0.10616967178099705,8.933698352539153,2.0617676393810833,17.09109025041723,0,0,0,0.5227108523589395
ARG,2001,1,0.22309118998678446,17.793677115544064,2.0617676393810833,17.09109025041723,0,1,1,1.0411083701994774
ARG,2002,1,0.8881169106766765,51.20288757829988,2.0617676393810833,17.09109025041723,0,1,1,2.995881879276245
ARG,2003,0,0.33637174560175487,19.324571168179958,2.0617676393810833,17.09109025041723,0,1,1,1.1306810089372854
ARG,2004,0,0.8285169910471064,11.455252574008504,2.0617676393810833,17.09109025041723,0,0,0,0.6702470355119011
ARG,2005,0,1.0504912347790623,9.213329366248173,2.0617676393810833,17.09109025041723,0,0,0,0.5390720680340012
ARG,2006,0,0.14113737380578434,7.324181551617477,2.0617676393810833,17.09109025041723,0,0,0,0.42853799519540176
ARG,2007,0,0.1475061068911559,7.5461250230282095,2.0617676393810833,17.09109025041723,0,0,0,0.4415239117261107
ARG,2008,0,0.03711723398481509,2.4271458635894683,2.0617676393810833,17.09109025041723,0,0,0,0.14201234842406946
ARG,2009,1,0.013746411408648487,16.58795835250856,2.0617676393810833,17.09109025041723,0,0,0,0.9705617435437516
ARG,2010,0,0.8510537964496007,9.946008850786617,2.0617676393810833,17.09109025041723,0,0,0,0.5819411579401035
ARG,2011,0,0.3985945235397212,3.3612290296621636,2.0617676393810833,17.09109025041723,0,0,0,0.1966655713833182
ARG,2012,0,0.11748465882521142,5.943077296320602,2.0617676393810833,17.09109025041723,0,0,0,0.34772956021196594
ARG,2013,0,0.29994399017963463,2.7376379156193744,2.0617676393810833,17.09109025041723,0,0,0,0.16017924401005035
ARG,2014,1,0.03751912865421833,7.760470410825942,2.0617676393810833,17.09109025041723,0,0,0,0.4540652642470536
ARG,2015,0,0.28072230810062093,2.9456061310301713,2.0617676393810833,17.09109025041723,0,0,0,0.17234746805916976
ARG,2016,1,0.03088786616324196,6.696845607060723,2.0617676393810833,17.09109025041723,0,0,0,0.39183255772095865
ARG,2017,0,0.23648770898217655,2.8955343697910116,2.0617676393810833,17.09109025041723,0,0,0,0.16941776840247655
ARG,2018,1,0.14478932487702345,8.435089485233021,2.0617676393810833,17.09109025041723,0,0,0,0.4935372385051388
ARG,2019,1,0.221951394250838,8.967923660425532,2.0617676393810833,17.09109025041723,0,0,0,0.5247133757430487
ARG,2020,1,0.07161853492879096,30.312849648484455,2.0617676393810833,17.09109025041723,0,1,1,1.7736053817716193
ARG,2021,0,0.6385832810710801,13.508112088795194,2.0617676393810833,17.09109025041723,0,0,0,0.7903598828907612
ARG,2022,0,0.6812800638740625,8.80751686240464,2.0617676393810833,17.09109025041723,0,0,0,0.5153279710865507
ARG,2023,1,0.08404128972043554,27.737854999122547,2.0617676393810833,17.09109025041723,0,1,1,1.622942398215082
ARG,2024,1,0.27904141811071026,68.34427573447606,2.0617676393810833,17.09109025041723,0,1,1,3.998824810652885
AUS,1990,1,1.443824947042119,1.5652903407018925,2.0617676393810833,17.09109025041723,0,0,0,0.7002849979135074
AUS,1991,1,0.6293142975544656,3.361655901491699,2.0617676393810833,17.09109025041723,0,0,0,0.3052304660981961
AUS,1992,1,0.2847332138261719,2.796980041546395,2.0617676393810833,17.09109025041723,0,0,0,0.16365135287247778
AUS,1993,1,0.2413465897122578,1.6894586595205774,2.0617676393810833,17.09109025041723,0,0,0,0.1170580937940742
AUS,1994,1,0.32937025302793804,1.4504423598999383,2.0617676393810833,17.09109025041723,0,0,0,0.15975139328833915
AUS,1995,0,0.3744287011585133,1.5061659481123248,2.0617676393810833,17.09109025041723,0,0,0,0.1816056736979886
AUS,1996,0,0.2175676146255941,1.2055435627030737,2.0617676393810833,17.09109025041723,0,0,0,0.10552479846414951
AUS,1997,0,0.27862811380430746,1.1643967182032162,2.0617676393810833,17.09109025041723,0,0,0,0.1351404050011902
AUS,1998,0,0.22914417176906882,1.725257020796886,2.0617676393810833,17.09109025041723,0,0,0,0.11113966840504637
AUS,1999,0,0.13951878579507027,2.709484773399746,2.0617676393810833,17.09109025041723,0,0,0,0.15853200314904436
AUS,2000,0,0.28567665709832246,1.851428542129431,2.0617676393810833,17.09109025041723,0,0,0,0.13855909445939263
AUS,2001,0,0.13539433506713477,1.5129570838409598,2.0617676393810833,17.09109025041723,0,0,0,0.08852314636885293
AUS,2002,0,0.1804417645056263,2.0463351374008907,2.0617676393810833,17.09109025041723,0,0,0,0.1197311059398879
AUS,2003,0,0.24220302482381018,2.8949805395609545,2.0617676393810833,17.09109025041723,0,0,0,0.16938536378568836
AUS,2004,0,0.3936072165782374,4.111330070776522,2.0617676393810833,17.09109025041723,0,0,0,0.24055399688010864
AUS,2005,0,0.1857109915411052,5.027740688807663,2.0617676393810833,17.09109025041723,0,0,0,0.2941731987334702
AUS,2006,0,0.40768088472918057,4.282251396225069,2.0617676393810833,17.09109025041723,0,0,0,0.25055460672677277
AUS,2007,0,0.4339388506726367,5.466154945713996,2.0617676393810833,17.09109025041723,0,0,0,0.3198248248429064
AUS,2008,0,0.572415672173072,4.664141518166216,2.0617676393810833,17.09109025041723,0,0,0,0.27763345453656646
AUS,2009,0,0.8326527086983777,4.447752519978583,2.0617676393810833,17.09109025041723,0,0,0,0.40385380621665473
AUS,2010,0,0.476163283356864,4.19131505643979,2.0617676393810833,17.09109025041723,0,0,0,0.24523391983945966
AUS,2011,0,0.5601467596814838,4.307896667071498,2.0617676393810833,17.09109025041723,0,0,0,0.2716827779146018
AUS,2012,0,0.6722159872247061,5.110037257979643,2.0617676393810833,17.09109025041723,0,0,0,0.32603867399262165
AUS,2013,0,0.8492721790407889,4.920392021080377,2.0617676393810833,17.09109025041723,0,0,0,0.41191459348723203
AUS,2014,0,0.698914973599367,4.667974327302354,2.0617676393810833,17.09109025041723,0,0,0,0.338988235264558
AUS,2015,0,0.5965405315437813,4.996589245263808,2.0617676393810833,17.09109025041723,0,0,0,0.292350527207697
AUS,2016,0,0.27967770524181634,4.998874709907756,2.0617676393810833,17.09109025041723,0,0,0,0.2924842497853946
AUS,2017,0,0.23450704092781538,4.848013482645634,2.0617676393810833,17.09109025041723,0,0,0,0.2836573566468226
AUS,2018,0,0.22318385958047493,4.932410791718521,2.0617676393810833,17.09109025041723,0,0,0,0.2885954447287592
AUS,2019,0,0.14002606404864812,4.3772921622114715,2.0617676393810833,17.09109025041723,0,0,0,0.2561154436654275
AUS,2020,0,0.33769649839242144,4.878125892989016,2.0617676393810833,17.09109025041723,0,0,0,0.2854192343212236
AUS,2021,0,0.42878004145754034,4.3550553849909805,2.0617676393810833,17.09109025041723,0,0,0,0.25481436942764163
AUS,2022,1,0.18464531129129177,5.458900683515816,2.0617676393810833,17.09109025041723,0,0,0,0.3194003778303466
AUS,2023,0,0.1401626089025082,5.16239051216962,2.0617676393810833,17.09109025041723,0,0,0,0.30205156233632285
AUS,2024,0,0.26799148834679787,5.687589244799632,2.0617676393810833,17.09109025041723,0,0,0,0.332780949691655
AUT,1990,0,0.16056083448985936,1.6193558556370202,2.0617676393810833,17.09109025041723,0,0,0,0.0947485404330767
AUT,1991,0,0.20430326228012266,1.6211753554081565,2.0617676393810833,17.09109025041723,0,0,0,0.0990913128995719
AUT,1992,0,0.2071376897458237,1.9069761483387944,2.0617676393810833,17.09109025041723,0,0,0,0.11157720896665682
AUT,1993,0,0.2399628157614192,2.653764977107927,2.0617676393810833,17.09109025041723,0,0,0,0.1552718368591578
AUT,1994,0,0.2377267157078846,1.2885591421587985,2.0617676393810833,17.09109025041723,0,0,0,0.11530237994192553
AUT,1995,0,0.34137778515744804,1.0158405495875082,2.0617676393810833,17.09109025041723,0,0,0,0.16557529502205465
AUT,1996,0,0.3405236297371773,0.7787661257635379,2.0617676393810833,17.09109025041723,0,0,0,0.16516101195544916
AUT,1997,0,0.2948810549474119,0.9121217559016666,2.0617676393810833,17.09109025041723,0,0,0,0.14302341802004978
AUT,1998,0,0.2354099933982229,0.4590412887134236,2.0617676393810833,17.09109025041723,0,0,0,0.11417872164726091
AUT,1999,0,0.18860101580341185,0.7305258247672751,2.0617676393810833,17.09109025041723,0,0,0,0.09147539819764923
AUT,2000,0,0.16993778983589253,0.6324725842384249,2.0617676393810833,17.09109025041723,0,0,0,0.08242334712698551
AUT,2001,0,0.1315813713781796,1.805591773389016,2.0617676393810833,17.09109025041723,0,0,0,0.10564520735269874
AUT,2002,0,0.048741525185120975,1.7639516451934567,2.0617676393810833,17.09109025041723,0,0,0,0.10320884269804817
AUT,2003,0,0.09474560924954202,1.6068073560664926,2.0617676393810833,17.09109025041723,0,0,0,0.09401432749600436
AUT,2004,0,0.04739552612020688,0.8639737606108233,2.0617676393810833,17.09109025041723,0,0,0,0.050551120376286805
AUT,2005,0,0.4638967290656456,14.834608585501924,2.0617676393810833,17.09109025041723,0,0,0,0.8679732169303698
AUT,2006,0,0.04958369125457103,0.7388602299954932,2.0617676393810833,17.09109025041723,0,0,0,0.043230725434701626
AUT,2007,0,0.24286065383166,5.992979166801654,2.0617676393810833,17.09109025041723,0,0,0,0.3506493195573262
AUT,2008,0,0.1360773110283322,1.8035674789809402,2.0617676393810833,17.09109025041723,0,0,0,0.10552676585023071
AUT,2009,1,0.23416554394283007,8.145119630023911,2.0617676393810833,17.09109025041723,0,0,0,0.47657109702671374
AUT,2010,0,0.17606151649780433,3.8859108847804746,2.0617676393810833,17.09109025041723,0,0,0,0.22736471622608223
AUT,2011,0,0.061449615540803144,0.6811071744185503,2.0617676393810833,17.09109025041723,0,0,0,0.03985159310722866
AUT,2012,0,0.0539422371209704,2.359870615362061,2.0617676393810833,17.09109025041723,0,0,0,0.1380760724322108
AUT,2013,0,0.046765836817141554,3.620787751432197,2.0617676393810833,17.09109025041723,0,0,0,0.21185235689360457
AUT,2014,0,0.030992239858965494,2.3995855407686566,2.0617676393810833,17.09109025041723,0,0,0,0.1403997934368217
AUT,2015,0,0.004892706808446433,2.8108089476378098,2.0617676393810833,17.09109025041723,0,0,0,0.16446048241827005
AUT,2016,1,0.010187218540946678,5.311731078832356,2.0617676393810833,17.09109025041723,0,0,0,0.3107894815956919
AUT,2017,0,0.049729375118037156,0.9610825057733127,2.0617676393810833,17.09109025041723,0,0,0,0.05623295481397686
AUT,2018,0,0.06647846546724269,4.948355934949182,2.0617676393810833,17.09109025041723,0,0,0,0.28952839534788494
AUT,2019,0,0.0873061443346723,3.0955687191452466,2.0617676393810833,17.09109025041723,0,0,0,0.18112178180497743
AUT,2020,1,0.7289847482557844,17.066405954385015,2.0617676393810833,17.09109025041723,0,0,0,0.9985557213922258
AUT,2021,1,0.24781222865808725,1.079496632589721,2.0617676393810833,17.09109025041723,0,0,0,0.12019406257267544
AUT,2022,1,0.11563876163859674,2.982707419678249,2.0617676393810833,17.09109025041723,0,0,0,0.17451826512971777
AUT,2023,1,0.19915548992155285,4.955042061341663,2.0617676393810833,17.09109025041723,0,0,0,0.2899196007241668
AUT,2024,0,0.06973538537059416,3.412062633074456,2.0617676393810833,17.09109025041723,0,0,0,0.19963984643935515
BEL,1990,0,0.1387098729218238,1.1864311970632069,2.0617676393810833,17.09109025041723,0,0,0,0.06941811082146988
BEL,1991,0,0.07603127170931241,1.6121557985836108,2.0617676393810833,17.09109025041723,0,0,0,0.09432726496451883
BEL,1992,0,0.0636358964581556,1.7159088494535142,2.0617676393810833,17.09109025041723,0,0,0,0.10039785784945024
BEL,1993,0,0.10542433875550053,4.433503622851936,2.0617676393810833,17.09109025041723,0,0,0,0.2594043772452553
BEL,1994,1,0.04940386191271583,2.1161288845208848,2.0617676393810833,17.09109025041723,0,0,0,0.1238147393475513
BEL,1995,1,0.057491509538356786,2.2036934186692965,2.0617676393810833,17.09109025041723,0,0,0,0.12893814182600197
BEL,1996,1,0.06957414980221056,2.680073752434706,2.0617676393810833,17.09109025041723,0,0,0,0.15681116377986942
BEL,1997,0,0.06800303515011735,2.052438795430768,2.0617676393810833,17.09109025041723,0,0,0,0.12008823108172771
BEL,1998,1,0.08733242219571838,2.508732393744997,2.0617676393810833,17.09109025041723,0,0,0,0.1467859777806599
BEL,1999,0,1.0050883605315726,49.74607739394949,2.0617676393810833,17.09109025041723,0,1,1,2.9106438890131705
BEL,2000,0,0.4618956361831753,29.43612097337036,2.0617676393810833,17.09109025041723,0,1,1,1.7223079711168081
BEL,2001,0,0.49397191556689446,31.09308268019497,2.0617676393810833,17.09109025041723,0,1,1,1.8192568305837553
BEL,2002,0,0.08717869458474552,2.204410394076202,2.0617676393810833,17.09109025041723,0,0,0,0.12898009207004144
BEL,2003,0,0.05873608387915816,3.0623443222753672,2.0617676393810833,17.09109025041723,0,0,0,0.17917782174256605
BEL,2004,0,0.05639006866354988,2.3621304542141357,2.0617676393810833,17.09109025041723,0,0,0,0.13820829564436188
BEL,2005,0,0.09684111778981713,2.534567542941392,2.0617676393810833,17.09109025041723,0,0,0,0.14829759282790736
BEL,2006,0,0.19145108886206774,3.962760220337798,2.0617676393810833,17.09109025041723,0,0,0,0.23186117224096095
BEL,2007,0,0.2959594322301371,7.086661989953659,2.0617676393810833,17.09109025041723,0,0,0,0.41464072134196694
BEL,2008,0,1.2194705683173137,29.62352451614208,2.0617676393810833,17.09109025041723,0,1,1,1.7332729557974749
BEL,2009,0,0.23964194654875512,9.02055655713897,2.0617676393810833,17.09109025041723,0,0,0,0.5277929274827133
BEL,2010,0,0.1441855186694856,13.105275823263316,2.0617676393810833,17.09109025041723,0,0,0,0.7667899257008128
BEL,2011,0,0.32676030821175256,20.76742170767006,2.0617676393810833,17.09109025041723,0,1,1,1.2151022201268338
BEL,2012,0,0.072986259963117,7.493847725685695,2.0617676393810833,17.09109025041723,0,0,0,0.43846516611207725
BEL,2013,0,0.17824022692495917,11.694656871921321,2.0617676393810833,17.09109025041723,0,0,0,0.6842545853173895
BEL,2014,0,0.15284730894542364,9.094754941859904,2.0617676393810833,17.09109025041723,0,0,0,0.5321342763161573
BEL,2015,0,0.12764419992084342,9.651354401541019,2.0617676393810833,17.09109025041723,0,0,0,0.5647009207797851
BEL,2016,0,0.07663832141651755,5.813512757605848,2.0617676393810833,17.09109025041723,0,0,0,0.3401487367058943
BEL,2017,0,0.28035490689762166,14.222672755184197,2.0617676393810833,17.09109025041723,0,0,0,0.8321688404188837
BEL,2018,0,0.28015828585889346,15.560340227391604,2.0617676393810833,17.09109025041723,0,0,0,0.9104357884372966
BEL,2019,0,0.22839645496408073,9.129188810642066,2.0617676393810833,17.09109025041723,0,0,0,0.5341490026020548
BEL,2020,1,0.10880881154119137,19.59986204157964,2.0617676393810833,17.09109025041723,0,1,1,1.1467882829242662
BEL,2021,0,0.2711996861373319,9.24462797650646,2.0617676393810833,17.09109025041723,0,0,0,0.5409033502869004
BEL,2022,1,0.12649169749339173,12.580649779855916,2.0617676393810833,17.09109025041723,0,0,0,0.7360940464022647
BEL,2023,0,0.09176553991853725,9.11182671369159,2.0617676393810833,17.09109025041723,0,0,0,0.5331331459951275
BEL,2024,0,0.2166444597179334,12.820272241180366,2.0617676393810833,17.09109025041723,0,0,0,0.7501143609529178
BGD,1990,0,0.8718421278437319,4.773190985472528,2.0617676393810833,17.09109025041723,0,0,0,0.42286148603314383
BGD,1991,0,0.4630106007113075,4.365620749161932,2.0617676393810833,17.09109025041723,0,0,0,0.25543254907657853
BGD,1992,0,0.520850493369634,4.8903392037578985,2.0617676393810833,17.09109025041723,0,0,0,0.28613383535544284
BGD,1993,0,0.42100173830684884,4.332269565259966,2.0617676393810833,17.09109025041723,0,0,0,0.25348117070262416
BGD,1994,0,0.28134102735345723,3.9858233789054505,2.0617676393810833,17.09109025041723,0,0,0,0.23321059806633154
BGD,1995,0,0.4462037245866758,3.2413947155161225,2.0617676393810833,17.09109025041723,0,0,0,0.21641804637142356
BGD,1996,0,0.18810922778341604,2.9535224865276204,2.0617676393810833,17.09109025041723,0,0,0,0.17281065416265756
BGD,1997,0,0.06800808226233569,2.7203585083703037,2.0617676393810833,17.09109025041723,0,0,0,0.1591682255790495
BGD,1998,0,0.0927252744420696,2.737015396153482,2.0617676393810833,17.09109025041723,0,0,0,0.16014282038482977
BGD,1999,0,0.1789029677447421,2.3467484634590865,2.0617676393810833,17.09109025041723,0,0,0,0.1373082950867805
BGD,2000,0,0.23844188197285013,2.4895506961052907,2.0617676393810833,17.09109025041723,0,0,0,0.14566365630446046
BGD,2001,0,0.3312774335051016,2.110840645421056,2.0617676393810833,17.09109025041723,0,0,0,0.16067641531348648
BGD,2002,0,0.5822671265876969,2.113705217951551,2.0617676393810833,17.09109025041723,0,0,0,0.2824116139306979
BGD,2003,0,0.5754528496858622,1.9400123717121749,2.0617676393810833,17.09109025041723,0,0,0,0.27910654852387046
BGD,2004,0,0.8106995860996838,2.1153756685815575,2.0617676393810833,17.09109025041723,0,0,0,0.3932060871529857
BGD,2005,0,0.7785165672110451,2.7563098643002553,2.0617676393810833,17.09109025041723,0,0,0,0.3775966565489145
BGD,2006,0,0.9813123193343654,3.502040024138006,2.0617676393810833,17.09109025041723,0,0,0,0.4759567958050515
BGD,2007,0,1.2080833823315222,3.5524004652239105,2.0617676393810833,17.09109025041723,0,0,0,0.585945457313596
BGD,2008,0,1.634262013600182,2.3668033391434826,2.0617676393810833,17.09109025041723,0,0,0,0.7926509187479375
BGD,2009,0,1.8641745546537387,2.6811994419316476,2.0617676393810833,17.09109025041723,0,0,0,0.904163262167283
BGD,2010,0,1.7855488842653588,3.079497310192052,2.0617676393810833,17.09109025041723,0,0,0,0.8660281838555571
BGD,2011,1,1.7834096628583618,2.765951888501951,2.0617676393810833,17.09109025041723,0,0,0,0.8649906171743577
BGD,2012,0,2.238118121166036,3.1942941813302896,2.0617676393810833,17.09109025041723,1,0,1,1.085533635515732
BGD,2013,0,2.2216498605560586,2.423038532701456,2.0617676393810833,17.09109025041723,1,0,1,1.0775461880966228
BGD,2014,0,1.8149243309390963,2.2258748090508185,2.0617676393810833,17.09109025041723,0,0,0,0.8802758837964465
BGD,2015,0,1.469456958838901,2.744910059012557,2.0617676393810833,17.09109025041723,0,0,0,0.7127170544203583
BGD,2016,0,1.572187457476478,3.966403556487265,2.0617676393810833,17.09109025041723,0,0,0,0.7625434735935757
BGD,2017,0,1.5488541020277222,3.2781761597619457,2.0617676393810833,17.09109025041723,0,0,0,0.751226313015888
BGD,2018,0,1.5626925849621989,3.961800865889703,2.0617676393810833,17.09109025041723,0,0,0,0.7579382638051781
BGD,2019,0,1.6133270427698676,4.705899656362805,2.0617676393810833,17.09109025041723,0,0,0,0.7824970243757284
BGD,2020,1,2.6306863131138667,2.790645234685901,2.0617676393810833,17.09109025041723,1,0,1,1.275937337877495
BGD,2021,1,1.9021273969288282,3.6770733251411425,2.0617676393810833,17.09109025041723,0,0,0,0.9225711765947703
BGD,2022,1,1.3884680527318163,3.968836559220006,2.0617676393810833,17.09109025041723,0,0,0,0.6734357578473862
BGD,2023,0,1.322078614220974,3.83948871383656,2.0617676393810833,17.09109025041723,0,0,0,0.6412355053830631
BGD,2024,0,1.5149551841009359,3.5680959006650133,2.0617676393810833,17.09109025041723,0,0,0,0.7347846358456311
BRA,1990,1,0.8821185306676397,705.3674758068181,2.0617676393810833,17.09109025041723,0,1,1,41.271063780708694
BRA,1991,0,0.09874166306788464,261.0568460877204,2.0617676393810833,17.09109025041723,0,1,1,15.274440791239014
BRA,1992,0,0.5424394089702865,697.783518072131,2.0617676393810833,17.09109025041723,0,1,1,40.827326276338425
BRA,1993,1,0.34309528527894706,694.2203450460738,2.0617676393810833,17.09109025041723,0,1,1,40.61884495806968
BRA,1994,1,0.3721931787887299,695.9894908056607,2.0617676393810833,17.09109025041723,0,1,1,40.72235770849493
BRA,1995,0,0.41012576618149676,6.564024107892778,2.0617676393810833,17.09109025041723,0,0,0,0.3840611693998009
BRA,1996,0,0.22713580862256533,2.494358081048556,2.0617676393810833,17.09109025041723,0,0,0,0.14594493648453252
BRA,1997,0,0.20356007487532957,2.3861039896402367,2.0617676393810833,17.09109025041723,0,0,0,0.13961098763620342
BRA,1998,0,0.039616539532958905,4.062341893073583,2.0617676393810833,17.09109025041723,0,0,0,0.2376876977157389
BRA,1999,0,0.05487114071940792,4.541145589270008,2.0617676393810833,17.09109025041723,0,0,0,0.26570251064932204
BRA,2000,0,0.07194062789253912,3.0878799989462595,2.0617676393810833,17.09109025041723,0,0,0,0.18067191464692414
BRA,2001,0,0.04035910290750612,3.127258651676427,2.0617676393810833,17.09109025041723,0,0,0,0.18297596033114877
BRA,2002,0,0.06559893914373333,2.5389503071394275,2.0617676393810833,17.09109025041723,0,0,0,0.14855402844048793
BRA,2003,0,0.0470436950512088,3.6807789096579153,2.0617676393810833,17.09109025041723,0,0,0,0.21536244064758006
BRA,2004,0,0.12270698980457727,3.852531977291296,2.0617676393810833,17.09109025041723,0,0,0,0.2254117157445381
BRA,2005,0,0.06862688103288538,3.119876307485254,2.0617676393810833,17.09109025041723,0,0,0,0.18254401923885988
BRA,2006,0,0.10207655930784422,2.6763601883452166,2.0617676393810833,17.09109025041723,0,0,0,0.1565938830777563
BRA,2007,0,0.1245872731443671,3.203915781446333,2.0617676393810833,17.09109025041723,0,0,0,0.18746117038192564
BRA,2008,0,0.054821133976406075,1.7333946950567731,2.0617676393810833,17.09109025041723,0,0,0,0.10142095499229238
BRA,2009,0,0.07472405012988607,3.639937161790859,2.0617676393810833,17.09109025041723,0,0,0,0.21297278924040555
BRA,2010,0,0.26448068621173015,4.881172392502328,2.0617676393810833,17.09109025041723,0,0,0,0.28559748506290683
BRA,2011,0,0.1398645806473432,2.336920803781436,2.0617676393810833,17.09109025041723,0,0,0,0.13673327854110343
BRA,2012,0,0.13708480284576663,2.9323591742358945,2.0617676393810833,17.09109025041723,0,0,0,0.1715723883772897
BRA,2013,0,0.15674529287131722,2.565594571849227,2.0617676393810833,17.09109025041723,0,0,0,0.15011298485107438
BRA,2014,0,0.2052512062290016,3.9991310879526147,2.0617676393810833,17.09109025041723,0,0,0,0.233989232363628
BRA,2015,1,0.20925514090174369,9.432208488998668,2.0617676393810833,17.09109025041723,0,0,0,0.5518786894691172
BRA,2016,1,0.2879145719235085,10.084804748817302,2.0617676393810833,17.09109025041723,0,0,0,0.5900621084468914
BRA,2017,1,0.6596703253603884,5.495359123682157,2.0617676393810833,17.09109025041723,0,0,0,0.32153356182458886
BRA,2018,0,0.7915584540821146,4.894623166316531,2.0617676393810833,17.09109025041723,0,0,0,0.38392224175161194
BRA,2019,0,0.7030561294041021,4.729791188713574,2.0617676393810833,17.09109025041723,0,0,0,0.3409967815845391
BRA,2020,1,0.08488629332456742,10.53443904635238,2.0617676393810833,17.09109025041723,0,0,0,0.6163702193366636
BRA,2021,1,0.22558582560382084,4.698359523212995,2.0617676393810833,17.09109025041723,0,0,0,0.27490110077081226
BRA,2022,0,0.6273797814807285,1.8836037263766148,2.0617676393810833,17.09109025041723,0,0,0,0.3042921857426475
BRA,2023,0,1.4531349540027354,2.035308477162465,2.0617676393810833,17.09109025041723,0,0,0,0.7048005440801992
BRA,2024,0,1.358728764109789,1.9768607277009738,2.0617676393810833,17.09109025041723,0,0,0,0.6590115870271697
CAN,1990,1,0.08630730342540952,3.3821821098688405,2.0617676393810833,17.09109025041723,0,0,0,0.1978915364855834
CAN,1991,1,0.03158143549375921,6.937268057930044,2.0617676393810833,17.09109025041723,0,0,0,0.40589967967436663
CAN,1992,1,0.11957487247096972,3.5913764485571065,2.0617676393810833,17.09109025041723,0,0,0,0.21013150102986747
CAN,1993,1,0.1726381305988182,2.730378969231685,2.0617676393810833,17.09109025041723,0,0,0,0.15975452292547754
CAN,1994,1,0.16001604843144762,1.9421947757778784,2.0617676393810833,17.09109025041723,0,0,0,0.11363785149577951
CAN,1995,0,0.07050105102604826,1.293784546964136,2.0617676393810833,17.09109025041723,0,0,0,0.07569935726789295
CAN,1996,0,0.05739078663630058,1.873027531947065,2.0617676393810833,17.09109025041723,0,0,0,0.10959087480690942
CAN,1997,0,0.036107332839369954,0.9816667868496752,2.0617676393810833,17.09109025041723,0,0,0,0.057437341472449985
CAN,1998,0,0.06911759143515248,0.7732257846284368,2.0617676393810833,17.09109025041723,0,0,0,0.04524145465849147
CAN,1999,0,0.15459352018260478,1.0731729223127207,2.0617676393810833,17.09109025041723,0,0,0,0.07498105859737511
CAN,2000,0,0.04133728775658267,2.079925090455522,2.0617676393810833,17.09109025041723,0,0,0,0.12169645470128779
CAN,2001,0,0.036823150894293,1.1908855264278408,2.0617676393810833,17.09109025041723,0,0,0,0.06967873371324387
CAN,2002,0,0.06874602134719444,0.7594516567180478,2.0617676393810833,17.09109025041723,0,0,0,0.04443553018506283
CAN,2003,0,0.021023527090469476,0.9796166982930244,2.0617676393810833,17.09109025041723,0,0,0,0.05731739075388183
CAN,2004,0,0.01636591859257058,0.791485992042269,2.0617676393810833,17.09109025041723,0,0,0,0.0463098597248907
CAN,2005,0,0.03715504046186058,0.4739616204178044,2.0617676393810833,17.09109025041723,0,0,0,0.027731502992106305
CAN,2006,0,0.13906047787322776,0.6393066624656417,2.0617676393810833,17.09109025041723,0,0,0,0.0674472114204741
CAN,2007,0,0.2455064006387297,1.6494150391107123,2.0617676393810833,17.09109025041723,0,0,0,0.11907568823440629
CAN,2008,0,0.26710862083361414,1.8758397162424203,2.0617676393810833,17.09109025041723,0,0,0,0.1295532123657721
CAN,2009,1,0.15141518672600007,7.356803737732507,2.0617676393810833,17.09109025041723,0,0,0,0.43044671989564337
CAN,2010,0,0.024910982409233385,2.23094077486732,2.0617676393810833,17.09109025041723,0,0,0,0.13053238513048387
CAN,2011,0,0.06252289295452351,2.0499798519687897,2.0617676393810833,17.09109025041723,0,0,0,0.11994435825524619
CAN,2012,0,0.15402440502498643,2.565851827686844,2.0617676393810833,17.09109025041723,0,0,0,0.15012803689479118
CAN,2013,0,0.1657270828329811,2.416218549916647,2.0617676393810833,17.09109025041723,0,0,0,0.1413729911032248
CAN,2014,0,0.14342126337082284,2.2364951551425767,2.0617676393810833,17.09109025041723,0,0,0,0.1308573720209557
CAN,2015,0,0.07002450966901765,3.1465206930463308,2.0617676393810833,17.09109025041723,0,0,0,0.18410298272045678
CAN,2016,0,0.006388189917721226,2.7661560853206386,2.0617676393810833,17.09109025041723,0,0,0,0.161847842635616
CAN,2017,0,0.003411902484489861,2.38876717066816,2.0617676393810833,17.09109025041723,0,0,0,0.13976681040636627
CAN,2018,0,0.009063462844962903,2.250099397656104,2.0617676393810833,17.09109025041723,0,0,0,0.13165335649673807
CAN,2019,0,0.00308140860004411,2.553939434231028,2.0617676393810833,17.09109025041723,0,0,0,0.14943104253800782
CAN,2020,1,0.4742508502282111,12.20698736100564,2.0617676393810833,17.09109025041723,0,0,0,0.7142310515098731
CAN,2021,0,0.08183472350933786,3.7275699012418997,2.0617676393810833,17.09109025041723,0,0,0,0.21810018241234794
CAN,2022,1,0.07343930970014127,2.5991084616409657,2.0617676393810833,17.09109025041723,0,0,0,0.15207388314958525
CAN,2023,0,0.17185746259737494,3.1995179545089183,2.0617676393810833,17.09109025041723,0,0,0,0.1872038534481913
CAN,2024,0,0.19730952857569053,2.8620395339018447,2.0617676393810833,17.09109025041723,0,0,0,0.16745798494815017
CHE,1990,1,1.7374698771177388,3.1654190028892617,2.0617676393810833,17.09109025041723,0,0,0,0.8427088697731745
CHE,1991,1,1.5070053708596496,7.156835556038246,2.0617676393810833,17.09109025041723,0,0,0,0.7309288117995846
CHE,1992,0,0.707691307389116,4.992105469022557,2.0617676393810833,17.09109025041723,0,0,0,0.3432449388921227
CHE,1993,0,0.6813024560866479,4.610224632917225,2.0617676393810833,17.09109025041723,0,0,0,0.33044579955244924
CHE,1994,0,0.6644244162858768,2.989361715196648,2.0617676393810833,17.09109025041723,0,0,0,0.32225960074013416
CHE,1995,0,0.6957157140211511,3.7674964144980674,2.0617676393810833,17.09109025041723,0,0,0,0.3374365281191416
CHE,1996,0,0.6450795461971739,3.279301824831682,2.0617676393810833,17.09109025041723,0,0,0,0.3128769381552708
CHE,1997,0,0.45883233895169967,2.6020331031277517,2.0617676393810833,17.09109025041723,0,0,0,0.22254318585067878
CHE,1998,0,0.5958190689554284,2.2455770628269285,2.0617676393810833,17.09109025041723,0,0,0,0.28898458661146015
CHE,1999,0,0.705015171708644,3.4279312146212644,2.0617676393810833,17.09109025041723,0,0,0,0.34194695766991506
CHE,2000,0,0.8484912305581689,4.64961837675186,2.0617676393810833,17.09109025041723,0,0,0,0.41153581730134986
CHE,2001,0,0.6209224264804492,3.030571509132643,2.0617676393810833,17.09109025041723,0,0,0,0.3011602348491813
CHE,2002,0,0.4512655172213872,4.698059795221156,2.0617676393810833,17.09109025041723,0,0,0,0.274883563680583
CHE,2003,0,0.9886669242657613,6.397718594453053,2.0617676393810833,17.09109025041723,0,0,0,0.4795239314952808
CHE,2004,0,0.3647289528254339,5.1781093715236155,2.0617676393810833,17.09109025041723,0,0,0,0.30297127308172783
CHE,2005,0,0.7831913575455464,4.431282037357605,2.0617676393810833,17.09109025041723,0,0,0,0.37986402666628843
CHE,2006,0,1.332727968495458,6.538119904177743,2.0617676393810833,17.09109025041723,0,0,0,0.6464006627320653
CHE,2007,0,0.4198639872870525,3.2355095056692234,2.0617676393810833,17.09109025041723,0,0,0,0.20364272834017821
CHE,2008,0,0.044260320922319754,2.4921972995779886,2.0617676393810833,17.09109025041723,0,0,0,0.14581850912156694
CHE,2009,1,1.1711586936393832,8.483943101928368,2.0617676393810833,17.09109025041723,0,0,0,0.5680362186647523
CHE,2010,0,0.20239768642434766,5.42984075139085,2.0617676393810833,17.09109025041723,0,0,0,0.3177000806755611
CHE,2011,0,0.1254340483129545,3.1352069922964625,2.0617676393810833,17.09109025041723,0,0,0,0.18344101788473824
CHE,2012,0,0.01136093668555776,4.573863767510061,2.0617676393810833,17.09109025041723,0,0,0,0.26761685185053674
CHE,2013,0,0.2275349554191759,6.566896636478748,2.0617676393810833,17.09109025041723,0,0,0,0.38422924109937545
CHE,2014,0,0.11768008982988634,2.8574695201585163,2.0617676393810833,17.09109025041723,0,0,0,0.1671905933612842
CHE,2015,0,0.0042939613413773645,9.47438096252935,2.0617676393810833,17.09109025041723,0,0,0,0.5543462016589644
CHE,2016,0,0.014877567924197255,16.101651865029456,2.0617676393810833,17.09109025041723,0,0,0,0.9421079421563747
CHE,2017,0,0.09666132110662426,13.115814906851377,2.0617676393810833,17.09109025041723,0,0,0,0.7674065676723689
CHE,2018,0,1.9530677473812899,19.35667183917022,2.0617676393810833,17.09109025041723,0,1,1,1.1325592197781345
CHE,2019,0,0.6931939642016327,4.951942609293705,2.0617676393810833,17.09109025041723,0,0,0,0.3362134272365051
CHE,2020,1,1.3766245173086615,29.957156143456885,2.0617676393810833,17.09109025041723,0,1,1,1.7527937483523361
CHE,2021,0,3.475804116628211,16.695494854329365,2.0617676393810833,17.09109025041723,1,0,1,1.6858369732059642
CHE,2022,0,1.5694293699394173,6.073748829178435,2.0617676393810833,17.09109025041723,0,0,0,0.7612057440238708
CHE,2023,0,1.481233707806642,15.43637096560141,2.0617676393810833,17.09109025041723,0,0,0,0.903182344685388
CHE,2024,0,1.6139530677361027,13.93909486126068,2.0617676393810833,17.09109025041723,0,0,0,0.8155766927110104
CHL,1990,1,0.1271975986958201,1.1225938195929932,2.0617676393810833,17.09109025041723,0,0,0,0.06568298470986005
CHL,1991,1,0.0850878644175133,2.9577890580773585,2.0617676393810833,17.09109025041723,0,0,0,0.17306029134128248
CHL,1992,0,0.21019757213954415,9.125425295208377,2.0617676393810833,17.09109025041723,0,0,0,0.5339287992458881
CHL,1993,0,0.06538217460202364,2.7016978094265798,2.0617676393810833,17.09109025041723,0,0,0,0.1580763877459851
CHL,1994,0,0.088614483368227,1.1377463581661682,2.0617676393810833,17.09109025041723,0,0,0,0.06656956001612556
CHL,1995,0,0.07183072036075502,4.655704821882476,2.0617676393810833,17.09109025041723,0,0,0,0.27240537342366555
CHL,1996,0,0.734102174208893,2.689669696038297,2.0617676393810833,17.09109025041723,0,0,0,0.35605475621358634
CHL,1997,0,0.6387366692840861,3.227017292964949,2.0617676393810833,17.09109025041723,0,0,0,0.3098005115046945
CHL,1998,0,0.6564455268674956,1.5118634288985926,2.0617676393810833,17.09109025041723,0,0,0,0.31838967414608965
CHL,1999,1,0.7775930316948482,5.756459282719815,2.0617676393810833,17.09109025041723,0,0,0,0.37714872269906796
CHL,2000,0,0.19217600407218122,1.3586434328416572,2.0617676393810833,17.09109025041723,0,0,0,0.09320934153854021
CHL,2001,0,0.3028855382651277,1.0001877256991225,2.0617676393810833,17.09109025041723,0,0,0,0.14690575818526774
CHL,2002,0,0.23340347449271975,0.7638421774670185,2.0617676393810833,17.09109025041723,0,0,0,0.11320551842727755
CHL,2003,0,0.10810493891064824,0.9172550232239294,2.0617676393810833,17.09109025041723,0,0,0,0.05366860801648023
CHL,2004,0,0.02617263006467823,3.626728432060303,2.0617676393810833,17.09109025041723,0,0,0,0.2121999462247159
CHL,2005,0,0.1223724750081457,2.0935935693009013,2.0617676393810833,17.09109025041723,0,0,0,0.12249619764600986
CHL,2006,0,0.14722584099999833,3.8025658751259908,2.0617676393810833,17.09109025041723,0,0,0,0.22248819820216922
CHL,2007,0,0.20796562898537485,3.0687782510065413,2.0617676393810833,17.09109025041723,0,0,0,0.17955427102911856
CHL,2008,0,1.1285900202434929,4.472615416220945,2.0617676393810833,17.09109025041723,0,0,0,0.5473895305594579
CHL,2009,1,0.9448391965133548,5.041824362874675,2.0617676393810833,17.09109025041723,0,0,0,0.45826657595469084
CHL,2010,0,0.3100764358507615,3.1856391287142696,2.0617676393810833,17.09109025041723,0,0,0,0.18639180309965897
CHL,2011,0,0.22941718910552686,5.578909480263539,2.0617676393810833,17.09109025041723,0,0,0,0.32642209470091266
CHL,2012,0,0.5939768683316798,6.577522735187549,2.0617676393810833,17.09109025041723,0,0,0,0.3848509743272216
CHL,2013,0,0.4578780515508806,3.5434647947229876,2.0617676393810833,17.09109025041723,0,0,0,0.22208033669998326
CHL,2014,0,0.3386267386410429,3.6637182482282933,2.0617676393810833,17.09109025041723,0,0,0,0.21436422103843572
CHL,2015,0,0.372740539630073,2.419628943257422,2.0617676393810833,17.09109025041723,0,0,0,0.18078688039839688
CHL,2016,0,0.1353654390947249,2.2283956353066583,2.0617676393810833,17.09109025041723,0,0,0,0.13038346896870773
CHL,2017,0,0.05569535933434629,2.6543855524180264,2.0617676393810833,17.09109025041723,0,0,0,0.15530814673178775
CHL,2018,0,0.06758867100680664,2.671429620817362,2.0617676393810833,17.09109025041723,0,0,0,0.15630539548242958
CHL,2019,0,0.3115136525524145,4.479673812706643,2.0617676393810833,17.09109025041723,0,0,0,0.26210579588960303
CHL,2020,1,0.6415189138516638,15.033527579906462,2.0617676393810833,17.09109025041723,0,0,0,0.8796119708945694
CHL,2021,0,0.1908130711182095,16.874374979242152,2.0617676393810833,17.09109025041723,0,0,0,0.9873199855597399
CHL,2022,1,0.10718755591712091,6.367277501576753,2.0617676393810833,17.09109025041723,0,0,0,0.372549521901993
CHL,2023,0,0.2459674918031844,3.1966681995432897,2.0617676393810833,17.09109025041723,0,0,0,0.18703711423355524
CHL,2024,0,0.15907281044537425,2.1829577873537365,2.0617676393810833,17.09109025041723,0,0,0,0.12772489966229308
CHN,1990,0,2.0936861869795766,13.726912059997158,2.0617676393810833,17.09109025041723,1,0,1,1.0154811565517028
CHN,1991,0,1.6635308557213073,14.454125939119216,2.0617676393810833,17.09109025041723,0,0,0,0.8457111704015698
CHN,1992,0,2.295015717514965,20.13804375227517,2.0617676393810833,17.09109025041723,1,1,1,1.1782773045612789
CHN,1993,1,4.017093453998719,19.872346571406503,2.0617676393810833,17.09109025041723,1,1,1,1.9483735108019251
CHN,1994,1,2.928392791195206,19.175615564259445,2.0617676393810833,17.09109025041723,1,1,1,1.4203311446261095
CHN,1995,1,2.462751759355583,14.914646465120747,2.0617676393810833,17.09109025041723,1,0,1,1.1944856017309837
CHN,1996,0,2.0359453360089557,13.463107636194094,2.0617676393810833,17.09109025041723,0,0,0,0.9874756481385656
CHN,1997,0,1.6434037145531608,13.658685023152888,2.0617676393810833,17.09109025041723,0,0,0,0.7991699080062753
CHN,1998,0,1.4838969943654088,12.594645968522705,2.0617676393810833,17.09109025041723,0,0,0,0.7369129636545709
CHN,1999,0,1.048381734501804,11.964967115075744,2.0617676393810833,17.09109025041723,0,0,0,0.7000704425385416
CHN,2000,0,0.6573163534658215,11.917444830943552,2.0617676393810833,17.09109025041723,0,0,0,0.6972899128335374
CHN,2001,0,1.0955526905264912,11.345215027849799,2.0617676393810833,17.09109025041723,0,0,0,0.663808736693836
CHN,2002,0,1.0124998381724262,12.030391760156947,2.0617676393810833,17.09109025041723,0,0,0,0.7038984397068091
CHN,2003,0,1.5116446218920818,12.852092717634083,2.0617676393810833,17.09109025041723,0,0,0,0.7519761776063604
CHN,2004,0,1.5260155158720519,13.836541978462792,2.0617676393810833,17.09109025041723,0,0,0,0.8095763216817027
CHN,2005,0,0.5336799508981462,16.81027086855558,2.0617676393810833,17.09109025041723,0,0,0,0.9835692528828115
CHN,2006,0,0.11719466366615233,21.759523203957016,2.0617676393810833,17.09109025041723,0,1,1,1.2731500966373879
CHN,2007,0,0.12738007880261829,27.645107598473952,2.0617676393810833,17.09109025041723,0,1,1,1.6175157461238656
CHN,2008,0,0.29953682772212065,29.039276732212848,2.0617676393810833,17.09109025041723,0,1,1,1.6990886073814944
CHN,2009,0,1.12844573659718,37.94299514950831,2.0617676393810833,17.09109025041723,0,1,1,2.2200453331865146
CHN,2010,0,3.4819362287792024,49.03859907230267,2.0617676393810833,17.09109025041723,1,1,1,2.8692493196041444
CHN,2011,0,5.819768883565351,56.78664414982046,2.0617676393810833,17.09109025041723,1,1,1,3.3225875773743674
CHN,2012,0,5.497512947025328,56.885181503350495,2.0617676393810833,17.09109025041723,1,1,1,3.3283529997135086
CHN,2013,0,5.5919485803723905,56.920533633904576,2.0617676393810833,17.09109025041723,1,1,1,3.330421453512307
CHN,2014,0,5.370753750913942,56.97142003764067,2.0617676393810833,17.09109025041723,1,1,1,3.3333988179162457
CHN,2015,0,5.71257095599049,56.074990917610776,2.0617676393810833,17.09109025041723,1,1,1,3.2809487338727186
CHN,2016,0,4.880435952615093,50.35198097600581,2.0617676393810833,17.09109025041723,1,1,1,2.946095318569663
CHN,2017,0,5.686660599941572,54.58158218107614,2.0617676393810833,17.09109025041723,1,1,1,3.1935693616586973
CHN,2018,0,4.971412977914208,53.78875266006588,2.0617676393810833,17.09109025041723,1,1,1,3.1471808920295636
CHN,2019,0,5.32948077705616,55.21542425807281,2.0617676393810833,17.09109025041723,1,1,1,3.2306554730599983
CHN,2020,0,4.355651658982791,61.23064702247002,2.0617676393810833,17.09109025041723,1,1,1,3.5826062659153792
CHN,2021,0,6.231580865352423,56.50581502273989,2.0617676393810833,17.09109025041723,1,1,1,3.3061562600642436
CHN,2022,0,4.610045021110646,59.37335956802724,2.0617676393810833,17.09109025041723,1,1,1,3.473936343328232
CHN,2023,0,6.4882714409695605,55.027345649339146,2.0617676393810833,17.09109025041723,1,1,1,3.219650990257676
CHN,2024,0,6.528241972861876,54.81725713495545,2.0617676393810833,17.09109025041723,1,1,1,3.2073587074772623
COL,1990,1,0.1161777302237965,2.7828845393322106,2.0617676393810833,17.09109025041723,0,0,0,0.1628266247827153
COL,1991,1,0.1192220288289628,5.266610868897665,2.0617676393810833,17.09109025041723,0,0,0,0.3081494972954751
COL,1992,0,0.15914332755700955,2.2975966338571987,2.0617676393810833,17.09109025041723,0,0,0,0.1344324206468402
COL,1993,0,0.22933803697785948,1.3884081404472195,2.0617676393810833,17.09109025041723,0,0,0,0.11123369704585327
COL,1994,0,0.18624578474209086,1.8779106018505296,2.0617676393810833,17.09109025041723,0,0,0,0.10987658331537309
COL,1995,0,0.22671634225969922,1.8323670486416854,2.0617676393810833,17.09109025041723,0,0,0,0.10996212081772543
COL,1996,0,0.2047145380944687,3.0607983474591554,2.0617676393810833,17.09109025041723,0,0,0,0.17908736672807837
COL,1997,0,0.13400734854217555,3.309685009913189,2.0617676393810833,17.09109025041723,0,0,0,0.19364972985455928
COL,1998,0,0.19811478959167617,6.565184838392311,2.0617676393810833,17.09109025041723,0,0,0,0.3841290837623445
COL,1999,1,0.18324101786391772,22.063786173272558,2.0617676393810833,17.09109025041723,0,1,1,1.2909525284809686
COL,2000,1,0.1599145839339927,14.39850021794395,2.0617676393810833,17.09109025041723,0,0,0,0.8424565084484561
COL,2001,0,0.18019787718526278,7.0106058067025145,2.0617676393810833,17.09109025041723,0,0,0,0.4101906726828834
COL,2002,0,0.13406026886066613,5.915953694431723,2.0617676393810833,17.09109025041723,0,0,0,0.3461425577743527
COL,2003,0,0.13459099410715442,4.64922147691506,2.0617676393810833,17.09109025041723,0,0,0,0.27202603279223586
COL,2004,0,0.0847816162052648,5.287937149830214,2.0617676393810833,17.09109025041723,0,0,0,0.3093972983789682
COL,2005,0,0.09018242611278379,3.3106416187705987,2.0617676393810833,17.09109025041723,0,0,0,0.19370570105612653
COL,2006,0,0.07392435868474592,3.5682983913186095,2.0617676393810833,17.09109025041723,0,0,0,0.20878120348299603
COL,2007,0,0.0737432560930731,3.5158720053123385,2.0617676393810833,17.09109025041723,0,0,0,0.20571373468854676
COL,2008,0,0.21361800432384792,2.039212957557277,2.0617676393810833,17.09109025041723,0,0,0,0.1193143870682852
COL,2009,0,0.19659851150437357,3.648756623396798,2.0617676393810833,17.09109025041723,0,0,0,0.21348881609865256
COL,2010,0,0.021069325675705557,2.346553146282492,2.0617676393810833,17.09109025041723,0,0,0,0.13729686707524158
COL,2011,0,0.012478475916973441,3.8089921366539516,2.0617676393810833,17.09109025041723,0,0,0,0.2228641988805229
COL,2012,0,0.013815762442157362,1.8373562655565616,2.0617676393810833,17.09109025041723,0,0,0,0.10750374836454378
COL,2013,0,0.006193300815852995,2.3173834069319676,2.0617676393810833,17.09109025041723,0,0,0,0.13559014509770057
COL,2014,0,0.021406575791671646,2.383931410307078,2.0617676393810833,17.09109025041723,0,0,0,0.139483869980084
COL,2015,0,0.012603230981122227,2.818646288400803,2.0617676393810833,17.09109025041723,0,0,0,0.16491904536821422
COL,2016,0,0.03789782064906759,3.06873258238985,2.0617676393810833,17.09109025041723,0,0,0,0.1795515989575291
COL,2017,0,0.03245375025479352,3.5019435350511032,2.0617676393810833,17.09109025041723,0,0,0,0.2048987796413756
COL,2018,0,0.058102829925842134,3.0865793182115864,2.0617676393810833,17.09109025041723,0,0,0,0.18059581179358855
COL,2019,0,0.060500558040037095,3.6843464837944335,2.0617676393810833,17.09109025041723,0,0,0,0.2155711794749016
COL,2020,1,0.5356178383556411,25.05979298181273,2.0617676393810833,17.09109025041723,0,1,1,1.466248941093794
COL,2021,0,0.6169723942926063,15.688178932044762,2.0617676393810833,17.09109025041723,0,0,0,0.9179156333611765
COL,2022,0,0.619883113410766,7.618155597520957,2.0617676393810833,17.09109025041723,0,0,0,0.44573842194385355
COL,2023,0,0.4562437874211509,5.935692024769036,2.0617676393810833,17.09109025041723,0,0,0,0.34729744783976746
COL,2024,0,0.4010012037876382,5.024533722322059,2.0617676393810833,17.09109025041723,0,0,0,0.2939855590663328
CZE,1991,1,0.8763848303045604,38.60403445981823,2.0617676393810833,17.09109025041723,0,1,1,2.258722755201402
CZE,1992,0,0.2658446175585959,5.1721514723353845,2.0617676393810833,17.09109025041723,0,0,0,0.30262267629235184
CZE,1993,1,0.4285790949276652,3.8338416054324282,2.0617676393810833,17.09109025041723,0,0,0,0.2243181417486714
CZE,1994,0,0.6247384682365762,1.9815058118896116,2.0617676393810833,17.09109025041723,0,0,0,0.30301109412315486
CZE,1995,0,1.0134068230394557,3.221924490342487,2.0617676393810833,17.09109025041723,0,0,0,0.49152329471213724
CZE,1996,0,1.3979256919980136,5.531065955670133,2.0617676393810833,17.09109025041723,0,0,0,0.6780229087394414
CZE,1997,0,1.1612419262918907,8.814341073868137,2.0617676393810833,17.09109025041723,0,0,0,0.5632263811456857
CZE,1998,0,1.4466577266955936,5.505119601869083,2.0617676393810833,17.09109025041723,0,0,0,0.7016589547063907
CZE,1999,1,1.322736664720578,3.976652812124072,2.0617676393810833,17.09109025041723,0,0,0,0.6415546735022221
CZE,2000,1,1.1307543675728708,3.622152236273658,2.0617676393810833,17.09109025041723,0,0,0,0.5484392838333174
CZE,2001,0,1.2021879545706011,4.272082694757864,2.0617676393810833,17.09109025041723,0,0,0,0.5830860527675576
CZE,2002,0,0.9858923745003298,5.076258220871906,2.0617676393810833,17.09109025041723,0,0,0,0.4781782174039177
CZE,2003,0,0.30727919751856486,3.8280145733935522,2.0617676393810833,17.09109025041723,0,0,0,0.2239772019985736
CZE,2004,0,0.2509667786454036,3.5597950366280466,2.0617676393810833,17.09109025041723,0,0,0,0.20828367204609105
CZE,2005,0,0.18846621280391623,3.8339652641883646,2.0617676393810833,17.09109025041723,0,0,0,0.22432537702472016
CZE,2006,0,0.09697507401396316,4.632780471052433,2.0617676393810833,17.09109025041723,0,0,0,0.27106406924153575
CZE,2007,0,0.2307471717175245,5.225772397897685,2.0617676393810833,17.09109025041723,0,0,0,0.3057600376178525
CZE,2008,0,0.27467707885480264,4.27975194978562,2.0617676393810833,17.09109025041723,0,0,0,0.25040836407034606
CZE,2009,1,0.27932913027327266,15.292685542512253,2.0617676393810833,17.09109025041723,0,0,0,0.8947753079788999
CZE,2010,0,0.04700996672280902,3.800090152514783,2.0617676393810833,17.09109025041723,0,0,0,0.22234334362736247
CZE,2011,0,0.12324830781410903,5.409561885129949,2.0617676393810833,17.09109025041723,0,0,0,0.3165135638434704
CZE,2012,0,0.03230322270383656,7.776917812246483,2.0617676393810833,17.09109025041723,0,0,0,0.455027602001963
CZE,2013,0,0.07984179920123856,6.333937660715148,2.0617676393810833,17.09109025041723,0,0,0,0.37059880720953553
CZE,2014,0,0.16799796647762053,5.295442401018828,2.0617676393810833,17.09109025041723,0,0,0,0.3098364307619027
CZE,2015,0,0.31178292751862346,5.443199632438689,2.0617676393810833,17.09109025041723,0,0,0,0.3184817090475435
CZE,2016,0,0.3579037604674451,4.122256226395759,2.0617676393810833,17.09109025041723,0,0,0,0.24119328644321714
CZE,2017,0,0.6732324767139185,3.362117158184973,2.0617676393810833,17.09109025041723,0,0,0,0.3265316924442632
CZE,2018,0,0.44123583555377877,4.032935675407094,2.0617676393810833,17.09109025041723,0,0,0,0.23596713938764913
CZE,2019,0,0.3782556067882704,3.332662617388391,2.0617676393810833,17.09109025041723,0,0,0,0.19499415008396165
CZE,2020,1,0.05815671313570985,16.41084536449814,2.0617676393810833,17.09109025041723,0,0,0,0.9601988594084871
CZE,2021,0,0.7322467255001639,3.595295170694872,2.0617676393810833,17.09109025041723,0,0,0,0.35515482516738656
CZE,2022,1,0.025560171383709248,8.098819267094633,2.0617676393810833,17.09109025041723,0,0,0,0.47386206195341596
CZE,2023,0,0.056295993833288226,6.832160261891602,2.0617676393810833,17.09109025041723,0,0,0,0.39974982062509523
CZE,2024,0,0.0676260866195371,3.3925528963055425,2.0617676393810833,17.09109025041723,0,0,0,0.19849833138776637
DEU,1990,0,0.1829403176967466,4.212718614147782,2.0617676393810833,17.09109025041723,0,0,0,0.2464862423884831
DEU,1991,0,0.03943417108849749,3.607038521418703,2.0617676393810833,17.09109025041723,0,0,0,0.21104788919657405
DEU,1992,0,0.07081617953210373,3.6236857455268914,2.0617676393810833,17.09109025041723,0,0,0,0.2120219185805557
DEU,1993,0,0.16066680221047308,5.985767382001877,2.0617676393810833,17.09109025041723,0,0,0,0.35022735789811604
DEU,1994,0,0.08596622965851969,2.0366600776909802,2.0617676393810833,17.09109025041723,0,0,0,0.11916501802108621
DEU,1995,0,0.10327057872217321,2.403891211017365,2.0617676393810833,17.09109025041723,0,0,0,0.1406517182810313
DEU,1996,0,0.0845893358590918,2.71179832821064,2.0617676393810833,17.09109025041723,0,0,0,0.15866736928291855
DEU,1997,0,0.09346451871854979,2.352428068394153,2.0617676393810833,17.09109025041723,0,0,0,0.13764060887436513
DEU,1998,0,0.1333938536834328,2.1550319620520897,2.0617676393810833,17.09109025041723,0,0,0,0.12609095911827395
DEU,1999,0,0.09206009831898394,1.8347311797344235,2.0617676393810833,17.09109025041723,0,0,0,0.10735015454556117
DEU,2000,0,0.11040805667488926,4.473664308699568,2.0617676393810833,17.09109025041723,0,0,0,0.2617541797013421
DEU,2001,0,0.03357594745900158,1.9775988063427872,2.0617676393810833,17.09109025041723,0,0,0,0.11570934196515109
DEU,2002,0,0.03494339975187325,4.196976658202512,2.0617676393810833,17.09109025041723,0,0,0,0.24556518026110447
DEU,2003,0,0.034089138272437855,4.944746637930508,2.0617676393810833,17.09109025041723,0,0,0,0.2893172153139731
DEU,2004,1,0.07450567343546435,4.964056907872554,2.0617676393810833,17.09109025041723,0,0,0,0.29044705955791034
DEU,2005,1,0.05743033342098786,5.1802198610141845,2.0617676393810833,17.09109025041723,0,0,0,0.3030947578600332
DEU,2006,0,0.10308366651709938,4.216058548471877,2.0617676393810833,17.09109025041723,0,0,0,0.24668166200625813
DEU,2007,0,0.1137065102355117,3.6910410081956906,2.0617676393810833,17.09109025041723,0,0,0,0.21596287621882893
DEU,2008,0,0.12835907516209885,3.279764128597022,2.0617676393810833,17.09109025041723,0,0,0,0.19189905854700848
DEU,2009,1,0.1048122629984239,14.024029916617701,2.0617676393810833,17.09109025041723,0,0,0,0.820546244337768
DEU,2010,0,0.4963330742273063,2.5640165735918714,2.0617676393810833,17.09109025041723,0,0,0,0.24073181902122553
DEU,2011,0,0.9175802248755129,2.460952328514169,2.0617676393810833,17.09109025041723,0,0,0,0.44504541023398686
DEU,2012,0,0.34401556475763695,4.429670700846401,2.0617676393810833,17.09109025041723,0,0,0,0.25918011290931325
DEU,2013,0,0.2262355316286949,4.265335367875772,2.0617676393810833,17.09109025041723,0,0,0,0.2495648496017769
DEU,2014,0,0.2922735201025503,3.4564887996539606,2.0617676393810833,17.09109025041723,0,0,0,0.20223922225029384
DEU,2015,0,0.22294328999941862,4.56544609003584,2.0617676393810833,17.09109025041723,0,0,0,0.2671243333891112
DEU,2016,0,0.246082876586708,4.91678957387031,2.0617676393810833,17.09109025041723,0,0,0,0.2876814469896255
DEU,2017,0,0.2743050815992856,3.669662332672059,2.0617676393810833,17.09109025041723,0,0,0,0.21471200952686295
DEU,2018,0,0.12384154984688263,4.586660209730338,2.0617676393810833,17.09109025041723,0,0,0,0.26836557191653515
DEU,2019,0,0.21455379282038695,4.039927410573787,2.0617676393810833,17.09109025041723,0,0,0,0.2363762259388434
DEU,2020,1,0.08891312010943117,11.662661518614064,2.0617676393810833,17.09109025041723,0,0,0,0.68238253661608
DEU,2021,0,0.32742252624776963,1.9105293653348565,2.0617676393810833,17.09109025041723,0,0,0,0.15880670546660522
DEU,2022,1,0.3526147881466498,1.25040591000936,2.0617676393810833,17.09109025041723,0,0,0,0.17102547416667202
DEU,2023,1,0.2642657446718347,4.703493956095043,2.0617676393810833,17.09109025041723,0,0,0,0.275201516531704
DEU,2024,0,0.3735579572589709,4.064536117241339,2.0617676393810833,17.09109025041723,0,0,0,0.2378160818115225
EGY,1990,0,2.1223807043177545,1.6381019097159926,2.0617676393810833,17.09109025041723,1,0,1,1.0293985916642219
EGY,1991,0,1.7122857629799784,5.3997173165168695,2.0617676393810833,17.09109025041723,0,0,0,0.8304940529059739
EGY,1992,0,0.8984722007242489,4.921355330297776,2.0617676393810833,17.09109025041723,0,0,0,0.4357776228333659
EGY,1993,0,0.8346963688977256,3.8068847422701353,2.0617676393810833,17.09109025041723,0,0,0,0.40484502373327136
EGY,1994,0,0.28646111346326125,1.4566050649620188,2.0617676393810833,17.09109025041723,0,0,0,0.1389395720408403
EGY,1995,0,0.1630410895673533,1.8170552030379958,2.0617676393810833,17.09109025041723,0,0,0,0.10631593282901525
EGY,1996,0,0.30163678412962713,1.8262616389527369,2.0617676393810833,17.09109025041723,0,0,0,0.1463000865704608
EGY,1997,0,0.4672511301864726,2.104094927780713,2.0617676393810833,17.09109025041723,0,0,0,0.22662647393512078
EGY,1998,0,0.18852267642098083,1.354145378296779,2.0617676393810833,17.09109025041723,0,0,0,0.09143740197492525
EGY,1999,0,0.22481494758948223,1.8080287302476892,2.0617676393810833,17.09109025041723,0,0,0,0.10903990502875913
EGY,2000,0,0.3550590769146631,2.729886808746839,2.0617676393810833,17.09109025041723,0,0,0,0.17221100483527202
EGY,2001,0,0.22239019831228155,2.3362169775099186,2.0617676393810833,17.09109025041723,0,0,0,0.13669209765321358
EGY,2002,0,0.20363695493603892,3.4726271851372252,2.0617676393810833,17.09109025041723,0,0,0,0.20318347947711823
EGY,2003,0,0.32370279562408455,4.460471378482385,2.0617676393810833,17.09109025041723,0,0,0,0.260982261115466
EGY,2004,0,0.22094294662890607,3.815803076658466,2.0617676393810833,17.09109025041723,0,0,0,0.22326270710350463
EGY,2005,0,0.13986378739361524,2.991497702508862,2.0617676393810833,17.09109025041723,0,0,0,0.17503258473729216
EGY,2006,0,0.11810845931327849,4.788802568507636,2.0617676393810833,17.09109025041723,0,0,0,0.28019292498854664
EGY,2007,0,0.11884064929475907,3.1189675747294747,2.0617676393810833,17.09109025041723,0,0,0,0.1824908492688659
EGY,2008,0,0.10206674840934173,2.2199790428375907,2.0617676393810833,17.09109025041723,0,0,0,0.12989101399095335
EGY,2009,0,0.27924394232579264,1.2557193191632199,2.0617676393810833,17.09109025041723,0,0,0,0.13543909458663253
EGY,2010,0,0.21496784382928208,1.3328170435835802,2.0617676393810833,17.09109025041723,0,0,0,0.10426385579211667
EGY,2011,0,0.21000467470137876,3.3738154304395747,2.0617676393810833,17.09109025041723,0,0,0,0.19740200192069154
EGY,2012,1,0.44039476632232505,4.166287354764638,2.0617676393810833,17.09109025041723,0,0,0,0.24376954856129962
EGY,2013,1,0.529821867542186,5.290074322907195,2.0617676393810833,17.09109025041723,0,0,0,0.3095223444143976
EGY,2014,1,0.7776963680646636,5.332091979648457,2.0617676393810833,17.09109025041723,0,0,0,0.37719884297830875
EGY,2015,1,0.9748502809638007,5.13716022670418,2.0617676393810833,17.09109025041723,0,0,0,0.4728225733800141
EGY,2016,0,0.8673149662583612,4.747934304569506,2.0617676393810833,17.09109025041723,0,0,0,0.4206657189161812
EGY,2017,1,0.33483248734905025,3.12336645157049,2.0617676393810833,17.09109025041723,0,0,0,0.18274822763247897
EGY,2018,0,0.16453223188847654,1.5718369019682508,2.0617676393810833,17.09109025041723,0,0,0,0.09196820559354771
EGY,2019,0,0.177802310846699,1.4497418207639152,2.0617676393810833,17.09109025041723,0,0,0,0.08623780267502551
EGY,2020,0,0.24083332995704224,1.7108328028193938,2.0617676393810833,17.09109025041723,0,0,0,0.11680915218425747
EGY,2021,0,0.41402253584916476,1.9654678711934765,2.0617676393810833,17.09109025041723,0,0,0,0.2008095034285479
EGY,2022,0,0.4908989946854228,2.668477618908347,2.0617676393810833,17.09109025041723,0,0,0,0.23809617791497809
EGY,2023,1,0.6638010106848042,2.536166349523535,2.0617676393810833,17.09109025041723,0,0,0,0.3219572361141864
EGY,2024,1,1.295916778947847,7.876153122171625,2.0617676393810833,17.09109025041723,0,0,0,0.6285464735186478
ESP,1990,0,1.2165033748996075,4.82283090894895,2.0617676393810833,17.09109025041723,0,0,0,0.5900293280695716
ESP,1991,0,1.0865453777035565,4.8929530368790175,2.0617676393810833,17.09109025041723,0,0,0,0.5269970082708854
ESP,1992,0,1.0521850407282838,7.542317264619174,2.0617676393810833,17.09109025041723,0,0,0,0.5103315333070881
ESP,1993,0,1.4653011706864676,16.10983030231451,2.0617676393810833,17.09109025041723,0,0,0,0.9425864626700005
ESP,1994,0,1.1870723253308155,17.74434380658352,2.0617676393810833,17.09109025041723,0,1,1,1.0382218773989764
ESP,1995,0,1.3115105653845074,14.78396950045616,2.0617676393810833,17.09109025041723,0,0,0,0.8650103231474804
ESP,1996,0,1.0612869604818003,14.003976741832046,2.0617676393810833,17.09109025041723,0,0,0,0.8193729327179803
ESP,1997,0,0.8126388061266459,11.779624632302639,2.0617676393810833,17.09109025041723,0,0,0,0.6892260505157108
ESP,1998,0,0.8117779544085275,8.449171514751885,2.0617676393810833,17.09109025041723,0,0,0,0.4943611783072541
ESP,1999,0,0.7264685333325098,4.563160126456759,2.0617676393810833,17.09109025041723,0,0,0,0.35235228231178684
ESP,2000,0,0.7308295616371971,3.7281051794931126,2.0617676393810833,17.09109025041723,0,0,0,0.3544674713473449
ESP,2001,0,0.42673105948863754,1.3750908536498903,2.0617676393810833,17.09109025041723,0,0,0,0.20697340056066493
ESP,2002,0,0.8950266282203823,1.6344964863621483,2.0617676393810833,17.09109025041723,0,0,0,0.43410644881838284
ESP,2003,0,1.1685135119812555,1.6980307917973754,2.0617676393810833,17.09109025041723,0,0,0,0.5667532507843748
ESP,2004,0,1.1424161390045504,2.432953416940304,2.0617676393810833,17.09109025041723,0,0,0,0.5540954844686036
ESP,2005,0,0.964303233619783,3.1514203291013105,2.0617676393810833,17.09109025041723,0,0,0,0.46770703701085087
ESP,2006,0,0.9948770291097806,4.594996994424006,2.0617676393810833,17.09109025041723,0,0,0,0.4825359609429267
ESP,2007,1,1.0667675957719607,5.167704034194543,2.0617676393810833,17.09109025041723,0,0,0,0.5174043744775192
ESP,2008,1,1.3163930089801126,6.116566225196889,2.0617676393810833,17.09109025041723,0,0,0,0.6384778691042396
ESP,2009,1,1.7588058324468174,14.23525311100304,2.0617676393810833,17.09109025041723,0,0,0,0.8530572499308354
ESP,2010,0,1.170348292774528,11.026292768179465,2.0617676393810833,17.09109025041723,0,0,0,0.6451485895061778
ESP,2011,0,0.9151436568867248,14.284982100250565,2.0617676393810833,17.09109025041723,0,0,0,0.8358145613268783
ESP,2012,1,1.3140601787739827,23.449944540532574,2.0617676393810833,17.09109025041723,0,1,1,1.3720566796468767
ESP,2013,1,1.226467172686027,24.751425751105497,2.0617676393810833,17.09109025041723,0,1,1,1.4482063688418743
ESP,2014,1,0.724711025863726,19.95328318865276,2.0617676393810833,17.09109025041723,0,1,1,1.1674669606384915
ESP,2015,0,0.5060596345648258,16.1517568149961,2.0617676393810833,17.09109025041723,0,0,0,0.945039583686114
ESP,2016,0,0.4469259120425543,11.556255787528979,2.0617676393810833,17.09109025041723,0,0,0,0.6761567353637293
ESP,2017,0,0.265084790387519,8.039614163120092,2.0617676393810833,17.09109025041723,0,0,0,0.47039797024790897
ESP,2018,0,0.3271122777400185,5.276967284820581,2.0617676393810833,17.09109025041723,0,0,0,0.30875545137863625
ESP,2019,0,0.26397242728936277,4.460816116029297,2.0617676393810833,17.09109025041723,0,0,0,0.2610024317155776
ESP,2020,1,1.9061992297989903,33.3829324740179,2.0617676393810833,17.09109025041723,0,1,1,1.9532359834799273
ESP,2021,0,0.13771133073408676,7.767873519320308,2.0617676393810833,17.09109025041723,0,0,0,0.4544984202590983
ESP,2022,1,0.0813499347837059,5.588616020341134,2.0617676393810833,17.09109025041723,0,0,0,0.3269900245365976
ESP,2023,0,0.13006685408176222,3.0335385267393473,2.0617676393810833,17.09109025041723,0,0,0,0.17749239412420117
ESP,2024,0,0.07281656092637434,2.82058028926351,2.0617676393810833,17.09109025041723,0,0,0,0.16503220379370787
FRA,1990,0,0.22308003086527556,0.7027637601912905,2.0617676393810833,17.09109025041723,0,0,0,0.10819843449101829
FRA,1991,0,0.2469267651652628,1.3119035148351557,2.0617676393810833,17.09109025041723,0,0,0,0.11976459444255663
FRA,1992,0,0.14542468646939982,1.627086567202639,2.0617676393810833,17.09109025041723,0,0,0,0.09520086450675189
FRA,1993,0,0.09861803990359694,3.8979262790874816,2.0617676393810833,17.09109025041723,0,0,0,0.2280677371645337
FRA,1994,1,0.07635122333120155,2.8124122104254696,2.0617676393810833,17.09109025041723,0,0,0,0.1645542893530044
FRA,1995,0,0.07690399251541305,2.3225846185896755,2.0617676393810833,17.09109025041723,0,0,0,0.1358944680859652
FRA,1996,1,0.08057594024823526,3.1435503838350165,2.0617676393810833,17.09109025041723,0,0,0,0.18392918987472293
FRA,1997,1,0.05904213971598106,3.4538082490259123,2.0617676393810833,17.09109025041723,0,0,0,0.2020823831845132
FRA,1998,1,0.07533314337643489,2.8777406616536947,2.0617676393810833,17.09109025041723,0,0,0,0.16837665821719258
FRA,1999,1,0.1394784725576088,2.888651908867373,2.0617676393810833,17.09109025041723,0,0,0,0.16901507548922193
FRA,2000,0,0.060121856070988695,1.2880594907539973,2.0617676393810833,17.09109025041723,0,0,0,0.07536438412538093
FRA,2001,0,0.0875324888081344,0.9843598071890948,2.0617676393810833,17.09109025041723,0,0,0,0.057594910141268746
FRA,2002,0,0.05442075446347908,1.472961792310869,2.0617676393810833,17.09109025041723,0,0,0,0.08618302113728005
FRA,2003,0,0.03429122228900405,1.4378861897680548,2.0617676393810833,17.09109025041723,0,0,0,0.08413074699742767
FRA,2004,0,0.03027609176074583,0.9077053671063777,2.0617676393810833,17.09109025041723,0,0,0,0.053109857464137995
FRA,2005,0,0.09401657480993224,1.0671980709281614,2.0617676393810833,17.09109025041723,0,0,0,0.06244177845249567
FRA,2006,0,0.09881755247180575,0.9861942701062896,2.0617676393810833,17.09109025041723,0,0,0,0.057702244599768256
FRA,2007,0,0.12357482453985526,0.9333467060503355,2.0617676393810833,17.09109025041723,0,0,0,0.059936348878261984
FRA,2008,0,0.1905578981170527,2.0085577357197346,2.0617676393810833,17.09109025041723,0,0,0,0.11752074948353287
FRA,2009,1,0.1238959573457007,6.257791061639738,2.0617676393810833,17.09109025041723,0,0,0,0.3661434683189372
FRA,2010,0,0.03662696461304426,1.8351015216122863,2.0617676393810833,17.09109025041723,0,0,0,0.10737182325554026
FRA,2011,0,0.051270126656101166,1.8521907319172208,2.0617676393810833,17.09109025041723,0,0,0,0.10837171325989603
FRA,2012,0,0.05668598285372086,3.0686846915423036,2.0617676393810833,17.09109025041723,0,0,0,0.17954879686317204
FRA,2013,0,0.052335249369795986,2.536913879235493,2.0617676393810833,17.09109025041723,0,0,0,0.14843487700695754
FRA,2014,0,0.0588591911428418,2.7957095365419713,2.0617676393810833,17.09109025041723,0,0,0,0.16357701560166543
FRA,2015,0,0.08407626148977257,2.442677398669499,2.0617676393810833,17.09109025041723,0,0,0,0.14292109882281312
FRA,2016,0,0.07568120077685957,2.5221874443181265,2.0617676393810833,17.09109025041723,0,0,0,0.14757323303330835
FRA,2017,0,0.06617571019344295,2.044797485069929,2.0617676393810833,17.09109025041723,0,0,0,0.11964113787416289
FRA,2018,0,0.07332935592939736,2.088369047340096,2.0617676393810833,17.09109025041723,0,0,0,0.12219051077148892
FRA,2019,0,0.09285522897715383,1.8993114351306644,2.0617676393810833,17.09109025041723,0,0,0,0.11112874645807326
FRA,2020,1,0.3582126645270417,18.459301143841962,2.0617676393810833,17.09109025041723,0,1,1,1.0800540441468518
FRA,2021,0,0.1118912493943382,5.388396969987518,2.0617676393810833,17.09109025041723,0,0,0,0.3152752042752788
FRA,2022,1,0.05011096989097677,2.7116556950456943,2.0617676393810833,17.09109025041723,0,0,0,0.1586590238138551
FRA,2023,1,0.09176854352365874,2.537663725219116,2.0617676393810833,17.09109025041723,0,0,0,0.14847875050903592
FRA,2024,0,0.14856460328564244,2.346400280606522,2.0617676393810833,17.09109025041723,0,0,0,0.13728792290177283
GBR,1990,1,0.1555557804874972,2.2611208981447155,2.0617676393810833,17.09109025041723,0,0,0,0.13229822468987995
GBR,1991,1,0.08843196034236225,4.336587739045281,2.0617676393810833,17.09109025041723,0,0,0,0.253733827128987
GBR,1992,1,0.16208963915940314,2.1305666776474155,2.0617676393810833,17.09109025041723,0,0,0,0.1246594948847926
GBR,1993,1,0.29833912522569705,1.925979132975945,2.0617676393810833,17.09109025041723,0,0,0,0.1447006537144286
GBR,1994,1,0.2685662969614233,2.004394259450692,2.0617676393810833,17.09109025041723,0,0,0,0.13026021547318664
GBR,1995,0,0.36043131383089977,1.3340525093857951,2.0617676393810833,17.09109025041723,0,0,0,0.17481665098744914
GBR,1996,0,0.31692692396408656,1.1410827410452486,2.0617676393810833,17.09109025041723,0,0,0,0.15371612101702403
GBR,1997,0,0.5597032599586976,1.940437814238482,2.0617676393810833,17.09109025041723,0,0,0,0.2714676713650979
GBR,1998,0,0.2333776978704621,1.980388557330226,2.0617676393810833,17.09109025041723,0,0,0,0.11587257034593684
GBR,1999,0,0.2819057137412614,2.43020759083995,2.0617676393810833,17.09109025041723,0,0,0,0.14219149014093022
GBR,2000,0,0.3091424864351412,3.6042250931883646,2.0617676393810833,17.09109025041723,0,0,0,0.21088327545987756
GBR,2001,0,0.40289073850856255,1.644226424006934,2.0617676393810833,17.09109025041723,0,0,0,0.1954103512020905
GBR,2002,0,0.2939985650985583,2.1259927397424847,2.0617676393810833,17.09109025041723,0,0,0,0.1425953921688348
GBR,2003,0,0.5762356719765114,1.766544921283855,2.0617676393810833,17.09109025041723,0,0,0,0.27948623354544944
GBR,2004,0,0.5097626321699604,2.2306310497156163,2.0617676393810833,17.09109025041723,0,0,0,0.2472454327214995
GBR,2005,0,0.2508659726659782,4.076739307401943,2.0617676393810833,17.09109025041723,0,0,0,0.23853009068876813
GBR,2006,0,0.23195320623704863,3.0833917024270034,2.0617676393810833,17.09109025041723,0,0,0,0.18040930433631822
GBR,2007,0,0.2804722219045079,3.1467456829876954,2.0617676393810833,17.09109025041723,0,0,0,0.18411614688599964
GBR,2008,0,0.16159249460767758,5.1757146529157545,2.0617676393810833,17.09109025041723,0,0,0,0.30283115805262356
GBR,2009,1,0.213932306192948,10.519920546743974,2.0617676393810833,17.09109025041723,0,0,0,0.6155207416617064
GBR,2010,0,0.6214293657146179,2.4087638913738254,2.0617676393810833,17.09109025041723,0,0,0,0.30140611087540553
GBR,2011,0,0.5211718695000963,2.76970793309946,2.0617676393810833,17.09109025041723,0,0,0,0.25277914908808324
GBR,2012,0,0.6818496814927701,2.737989235380668,2.0617676393810833,17.09109025041723,0,0,0,0.33071121520631336
GBR,2013,0,0.7337555306976332,2.9256669716485986,2.0617676393810833,17.09109025041723,0,0,0,0.35588662693236245
GBR,2014,0,0.7425030371089665,2.9210792964892534,2.0617676393810833,17.09109025041723,0,0,0,0.36012934868444074
GBR,2015,0,0.7784095119685148,3.0658690743170043,2.0617676393810833,17.09109025041723,0,0,0,0.3775447325393969
GBR,2016,1,0.45318767540485955,6.616487810915855,2.0617676393810833,17.09109025041723,0,0,0,0.38713082161357915
GBR,2017,0,0.6759524932202624,3.1292699811885925,2.0617676393810833,17.09109025041723,0,0,0,0.327850956775699
GBR,2018,0,0.9756551402658598,3.6480636645925717,2.0617676393810833,17.09109025041723,0,0,0,0.4732129468084673
GBR,2019,0,0.7781845477201345,3.348108432979991,2.0617676393810833,17.09109025041723,0,0,0,0.37743562022039284
GBR,2020,1,0.06392070738770818,28.736864334528214,2.0617676393810833,17.09109025041723,0,1,1,1.681394452517544
GBR,2021,0,1.305085104355425,8.426840629984635,2.0617676393810833,17.09109025041723,0,0,0,0.632993301198187
GBR,2022,1,1.2375555056276661,4.472074214308321,2.0617676393810833,17.09109025041723,0,0,0,0.6002400474183234
GBR,2023,1,0.7422733271359196,4.821705918877564,2.0617676393810833,17.09109025041723,0,0,0,0.3600179345906994
GBR,2024,0,0.5563435890208387,3.955322489634434,2.0617676393810833,17.09109025041723,0,0,0,0.26983816138847055
GRC,1990,1,0.6414411983213291,3.3340166234210415,2.0617676393810833,17.09109025041723,0,0,0,0.31111226409290316
GRC,1991,1,0.6828871092633149,1.4076009471313378,2.0617676393810833,17.09109025041723,0,0,0,0.3312143891579892
GRC,1992,0,0.5570633182287362,1.9097724934134177,2.0617676393810833,17.09109025041723,0,0,0,0.27018724495838903
GRC,1993,0,0.6754156256553296,4.304934393913531,2.0617676393810833,17.09109025041723,0,0,0,0.32759056488930094
GRC,1994,0,0.27148108788393177,1.5499923199799113,2.0617676393810833,17.09109025041723,0,0,0,0.1316739494298334
GRC,1995,0,0.2199974332039796,1.5453570898747315,2.0617676393810833,17.09109025041723,0,0,0,0.10670331079113263
GRC,1996,0,0.33247590724973486,1.9875816079704267,2.0617676393810833,17.09109025041723,0,0,0,0.16125769989752092
GRC,1997,0,0.31722803827033896,2.298068687880862,2.0617676393810833,17.09109025041723,0,0,0,0.1538621676910046
GRC,1998,0,0.35404889806714945,3.7095695633743953,2.0617676393810833,17.09109025041723,0,0,0,0.2170469823178095
GRC,1999,0,0.1888983593091011,3.9326530728267795,2.0617676393810833,17.09109025041723,0,0,0,0.23009960249497685
GRC,2000,0,0.4093369857992863,5.817897100609791,2.0617676393810833,17.09109025041723,0,0,0,0.3404052646944371
GRC,2001,0,0.2196669739551813,4.961891044147551,2.0617676393810833,17.09109025041723,0,0,0,0.2903203348321457
GRC,2002,0,0.07491843838484465,4.2809881695213345,2.0617676393810833,17.09109025041723,0,0,0,0.2504806953094655
GRC,2003,0,0.221898449069828,5.50208696425322,2.0617676393810833,17.09109025041723,0,0,0,0.3219272078982148
GRC,2004,0,0.18979877005620424,5.149202777198866,2.0617676393810833,17.09109025041723,0,0,0,0.30127994772440936
GRC,2005,0,0.0916893156480016,4.382413187016917,2.0617676393810833,17.09109025041723,0,0,0,0.25641507491951443
GRC,2006,0,0.08916278473954674,9.233797770681829,2.0617676393810833,17.09109025041723,0,0,0,0.5402696747480116
GRC,2007,1,0.0694209404985571,10.224127089593637,2.0617676393810833,17.09109025041723,0,0,0,0.5982138611282591
GRC,2008,1,0.03174183657585673,11.138577560856872,2.0617676393810833,17.09109025041723,0,0,0,0.6517183747587404
GRC,2009,1,0.05579362947702628,13.982043143323477,2.0617676393810833,17.09109025041723,0,0,0,0.8180895974721182
GRC,2010,1,0.013987919163868523,17.725681500990795,2.0617676393810833,17.09109025041723,0,1,1,1.0371299455608498
GRC,2011,1,0.17655147286373318,33.82077379201708,2.0617676393810833,17.09109025041723,0,1,1,1.9788540869235325
GRC,2012,1,0.23466430015200174,36.396479346731844,2.0617676393810833,17.09109025041723,0,1,1,2.129558665565137
GRC,2013,1,0.14349921028726909,28.509107282145926,2.0617676393810833,17.09109025041723,0,1,1,1.6680683832589296
GRC,2014,1,0.06173279308759142,27.237441826292336,2.0617676393810833,17.09109025041723,0,1,1,1.593663214412399
GRC,2015,1,0.05476447630068936,23.45573651344704,2.0617676393810833,17.09109025041723,0,1,1,1.3723955680869706
GRC,2016,1,0.041423318633962626,20.15673851770226,2.0617676393810833,17.09109025041723,0,1,1,1.179371135624902
GRC,2017,0,0.18305951615090485,16.49594331921403,2.0617676393810833,17.09109025041723,0,0,0,0.9651779422796816
GRC,2018,0,0.4210003569115405,13.396995156616768,2.0617676393810833,17.09109025041723,0,0,0,0.7838584291771391
GRC,2019,0,0.6304686077267166,10.59445947266371,2.0617676393810833,17.09109025041723,0,0,0,0.6198820155668581
GRC,2020,1,0.061786574215824265,28.61388876071099,2.0617676393810833,17.09109025041723,0,1,1,1.6741991494669253
GRC,2021,0,1.263527837099122,17.604679863301882,2.0617676393810833,17.09109025041723,0,1,1,1.0300501375488385
GRC,2022,0,1.3717397691373912,13.736928610494761,2.0617676393810833,17.09109025041723,0,0,0,0.8037479417183121
GRC,2023,0,1.0640604326927032,6.638274299868063,2.0617676393810833,17.09109025041723,0,0,0,0.516091344324388
GRC,2024,0,0.5865109923676284,5.985422511493694,2.0617676393810833,17.09109025041723,0,0,0,0.3502071795184381
HUN,1990,1,0.3941329025670766,7.746214744666536,2.0617676393810833,17.09109025041723,0,0,0,0.4532311649619563
HUN,1991,1,0.8386940796656348,35.16338716463113,2.0617676393810833,17.09109025041723,0,1,1,2.0574104196642877
HUN,1992,1,0.09782925763015224,9.12193682364138,2.0617676393810833,17.09109025041723,0,0,0,0.5337246887113415
HUN,1993,1,0.026624452439884323,8.456379866165486,2.0617676393810833,17.09109025041723,0,0,0,0.49478293907897697
HUN,1994,0,0.04792735570663905,4.025569855820561,2.0617676393810833,17.09109025041723,0,0,0,0.23553616515027695
HUN,1995,0,0.1528723592929696,3.8914992873974317,2.0617676393810833,17.09109025041723,0,0,0,0.22769169376438297
HUN,1996,0,0.3487240623697956,3.979973615556107,2.0617676393810833,17.09109025041723,0,0,0,0.23286832830684673
HUN,1997,0,0.19461565845628195,2.812796984344621,2.0617676393810833,17.09109025041723,0,0,0,0.1645768024819806
HUN,1998,0,0.1929957523077176,4.919806168384914,2.0617676393810833,17.09109025041723,0,0,0,0.28785794798929293
HUN,1999,0,0.049210923286058264,5.649463097450408,2.0617676393810833,17.09109025041723,0,0,0,0.33055018811994696
HUN,2000,0,0.08701301282148921,8.093833646659993,2.0617676393810833,17.09109025041723,0,0,0,0.4735703532115164
HUN,2001,0,0.14592761493347084,4.88118835878973,2.0617676393810833,17.09109025041723,0,0,0,0.2855984192506718
HUN,2002,0,0.2582295346980684,4.468864609142887,2.0617676393810833,17.09109025041723,0,0,0,0.2614733491933782
HUN,2003,0,0.4358533384445983,5.672721931849921,2.0617676393810833,17.09109025041723,0,0,0,0.33191106294178263
HUN,2004,0,0.2581970195682297,7.740162543294087,2.0617676393810833,17.09109025041723,0,0,0,0.4528770505500743
HUN,2005,0,0.006311576434011433,16.341571992027937,2.0617676393810833,17.09109025041723,0,0,0,0.9561456731310048
HUN,2006,0,0.05943921439470303,9.264459689188536,2.0617676393810833,17.09109025041723,0,0,0,0.5420637041549979
HUN,2007,0,0.3089534377644703,55.017208129276675,2.0617676393810833,17.09109025041723,0,1,1,3.2190578437752726
HUN,2008,0,0.35295009065065747,53.34501146051313,2.0617676393810833,17.09109025041723,0,1,1,3.1212175864094367
HUN,2009,1,0.06419331303709275,22.359687777918104,2.0617676393810833,17.09109025041723,0,1,1,1.3082657367263189
HUN,2010,0,0.9139727967807552,23.83534409076497,2.0617676393810833,17.09109025041723,0,1,1,1.3946064143089465
HUN,2011,0,0.27325081814236596,6.08927832519178,2.0617676393810833,17.09109025041723,0,0,0,0.35628378505830705
HUN,2012,0,0.1737678811888151,8.842049687333152,2.0617676393810833,17.09109025041723,0,0,0,0.5173484872983628
HUN,2013,0,0.41267972137564246,8.594212749970353,2.0617676393810833,17.09109025041723,0,0,0,0.5028475436059762
HUN,2014,0,0.21790730193898494,4.154107423155382,2.0617676393810833,17.09109025041723,0,0,0,0.24305690054231446
HUN,2015,0,0.6319356147781793,8.538030809706356,2.0617676393810833,17.09109025041723,0,0,0,0.49956033726391
HUN,2016,0,0.20970739554137946,49.8598457087458,2.0617676393810833,17.09109025041723,0,1,1,2.9173004751717704
HUN,2017,0,1.3257344620839089,11.561441688819983,2.0617676393810833,17.09109025041723,0,0,0,0.6764601625421609
HUN,2018,0,1.097522870885187,26.98100882777096,2.0617676393810833,17.09109025041723,0,1,1,1.578659315025985
HUN,2019,0,0.850232768209995,48.25973751714433,2.0617676393810833,17.09109025041723,0,1,1,2.8236781159099085
HUN,2020,1,1.9921796701951977,61.43204022268541,2.0617676393810833,17.09109025041723,0,1,1,3.5943897857063694
HUN,2021,0,0.20560039797521648,11.437893125234645,2.0617676393810833,17.09109025041723,0,0,0,0.6692313338498356
HUN,2022,0,0.16465742366229966,21.869074338144024,2.0617676393810833,17.09109025041723,0,1,1,1.279559935482182
HUN,2023,0,0.565844821549996,27.868250624347905,2.0617676393810833,17.09109025041723,0,1,1,1.6305718486079366
HUN,2024,0,1.0096238667244044,22.88883996848552,2.0617676393810833,17.09109025041723,0,1,1,1.339226440977149
IDN,1990,0,0.7296943618914807,3.780159488652373,2.0617676393810833,17.09109025041723,0,0,0,0.3539168759630575
IDN,1991,0,0.5188352289606776,3.7642642515346445,2.0617676393810833,17.09109025041723,0,0,0,0.2516458300395215
IDN,1992,0,0.33858194618806303,2.983059538668548,2.0617676393810833,17.09109025041723,0,0,0,0.17453886761821558
IDN,1993,0,0.12684102807543632,3.125109068055785,2.0617676393810833,17.09109025041723,0,0,0,0.18285018815458506
IDN,1994,0,0.2503583769469458,3.514732607380932,2.0617676393810833,17.09109025041723,0,0,0,0.20564706849495046
IDN,1995,0,0.21400986680670336,4.294039335170162,2.0617676393810833,17.09109025041723,0,0,0,0.2512443192478803
IDN,1996,0,0.3666455610408903,4.752737792212191,2.0617676393810833,17.09109025041723,0,0,0,0.27808277427451805
IDN,1997,0,0.37843567259441224,5.064436201409137,2.0617676393810833,17.09109025041723,0,0,0,0.2963202538401845
IDN,1998,1,0.8066316602659886,57.83276676591045,2.0617676393810833,17.09109025041723,0,1,1,3.3837962305826936
IDN,1999,0,2.555555509965358,14.295877666429451,2.0617676393810833,17.09109025041723,1,0,1,1.2394973425485054
IDN,2000,0,0.5309580477485759,10.78930566137478,2.0617676393810833,17.09109025041723,0,0,0,0.6312824695961914
IDN,2001,0,0.664827217911141,21.213353171091732,2.0617676393810833,17.09109025041723,0,1,1,1.2411936781255875
IDN,2002,0,1.1618126009341614,20.834496247066788,2.0617676393810833,17.09109025041723,0,1,1,1.2190267526413754
IDN,2003,0,1.0824740219372297,13.582827682912757,2.0617676393810833,17.09109025041723,0,0,0,0.7947314936553664
IDN,2004,0,0.792599711816928,13.43236865152721,2.0617676393810833,17.09109025041723,0,0,0,0.7859281330048149
IDN,2005,1,0.28736369549533947,14.085053181685124,2.0617676393810833,17.09109025041723,0,0,0,0.8241167166817387
IDN,2006,1,0.2426316702012943,14.19466348180024,2.0617676393810833,17.09109025041723,0,0,0,0.8305300173260578
IDN,2007,1,0.2980039182977395,14.013478113862046,2.0617676393810833,17.09109025041723,0,0,0,0.8199288581674856
IDN,2008,0,0.047099743753693524,13.860094838466646,2.0617676393810833,17.09109025041723,0,0,0,0.8109543999469718
IDN,2009,0,0.2673738947843548,15.328208744028672,2.0617676393810833,17.09109025041723,0,0,0,0.8968537711428021
IDN,2010,0,0.4574550219395467,10.289112496949816,2.0617676393810833,17.09109025041723,0,0,0,0.6020161584892828
IDN,2011,0,0.44343202690693384,9.396754756913019,2.0617676393810833,17.09109025041723,0,0,0,0.5498042909628672
IDN,2012,0,0.5381357664088751,10.704004569341752,2.0617676393810833,17.09109025041723,0,0,0,0.6262915011568934
IDN,2013,0,0.33215556628172127,12.64747494920085,2.0617676393810833,17.09109025041723,0,0,0,0.7400039882705609
IDN,2014,0,0.3087841325495564,16.29791283964979,2.0617676393810833,17.09109025041723,0,0,0,0.9535911753348749
IDN,2015,0,0.24222819082421354,20.576237364915468,2.0617676393810833,17.09109025041723,0,1,1,1.2039160207707145
IDN,2016,0,0.18688383069528944,20.339518775775257,2.0617676393810833,17.09109025041723,0,1,1,1.1900656118341382
IDN,2017,0,0.17119290047390906,20.564681105495293,2.0617676393810833,17.09109025041723,0,1,1,1.2032398638228046
IDN,2018,0,0.25267299815441,23.13485386874661,2.0617676393810833,17.09109025041723,0,1,1,1.3536207187357072
IDN,2019,0,0.15064080956430054,22.972695270741543,2.0617676393810833,17.09109025041723,0,1,1,1.3441328162304174
IDN,2020,1,0.4535140234889975,34.269402890220796,2.0617676393810833,17.09109025041723,0,1,1,2.0051033835822265
IDN,2021,0,0.14995441447923835,24.084993715295834,2.0617676393810833,17.09109025041723,0,1,1,1.4092134183603569
IDN,2022,0,0.4770307235457669,25.681110050847796,2.0617676393810833,17.09109025041723,0,1,1,1.5026022140524864
IDN,2023,0,0.39613076327245966,26.71043453963507,2.0617676393810833,17.09109025041723,0,1,1,1.5628280085281867
IDN,2024,0,0.2337410710007622,28.59583357084454,2.0617676393810833,17.09109025041723,0,1,1,1.6731427399809355
IND,1990,0,0.7026310804496604,1.5047664029399734,2.0617676393810833,17.09109025041723,0,0,0,0.3407906240397591
IND,1991,1,0.7176741611967651,2.574656281312391,2.0617676393810833,17.09109025041723,0,0,0,0.34808682971287774
IND,1992,0,0.7422384065102787,1.3442359786429239,2.0617676393810833,17.09109025041723,0,0,0,0.3600009973641304
IND,1993,0,0.22179707422285833,1.5092228345589118,2.0617676393810833,17.09109025041723,0,0,0,0.10757617395209433
IND,1994,0,0.49536613073132496,2.1256368425994103,2.0617676393810833,17.09109025041723,0,0,0,0.24026283140229499
IND,1995,0,0.8714026891810184,2.706055277620959,2.0617676393810833,17.09109025041723,0,0,0,0.42264834918187116
IND,1996,0,0.3216040309117851,3.3299059073280355,2.0617676393810833,17.09109025041723,0,0,0,0.19483285492841776
IND,1997,0,0.7714696448789942,1.049368435612803,2.0617676393810833,17.09109025041723,0,0,0,0.3741787532908314
IND,1998,1,0.36963881161786605,1.6554221580005952,2.0617676393810833,17.09109025041723,0,0,0,0.1792824780821698
IND,1999,0,1.115711436020851,4.741202133002719,2.0617676393810833,17.09109025041723,0,0,0,0.5411431505229045
IND,2000,0,0.5853719760750555,0.8402329871136573,2.0617676393810833,17.09109025041723,0,0,0,0.28391753022701277
IND,2001,0,1.423534503791725,1.0183344067460494,2.0617676393810833,17.09109025041723,0,0,0,0.6904437127643793
IND,2002,0,1.7059315547147271,0.9468251334143168,2.0617676393810833,17.09109025041723,0,0,0,0.8274121303149496
IND,2003,0,1.2356602233504965,3.5562264609616383,2.0617676393810833,17.09109025041723,0,0,0,0.59932079626656
IND,2004,0,2.4404303409020245,4.171658092033825,2.0617676393810833,17.09109025041723,1,0,1,1.1836592515510675
IND,2005,0,3.2056940380074934,5.001282145563275,2.0617676393810833,17.09109025041723,1,0,1,1.554827991659527
IND,2006,0,3.7845054620201415,5.2620082422669565,2.0617676393810833,17.09109025041723,1,0,1,1.8355635182809458
IND,2007,0,4.747297189741509,6.789382771901803,2.0617676393810833,17.09109025041723,1,0,1,2.302537443630936
IND,2008,0,4.2716890172170805,4.386141162762851,2.0617676393810833,17.09109025041723,1,0,1,2.07185763110502
IND,2009,0,3.2241601744770465,6.009308063709595,2.0617676393810833,17.09109025041723,1,0,1,1.5637844502423652
IND,2010,0,3.108509674157235,7.749239212205337,2.0617676393810833,17.09109025041723,1,0,1,1.5076915627070229
IND,2011,0,3.557761708036626,5.7912576749324325,2.0617676393810833,17.09109025041723,1,0,1,1.7255881022095299
IND,2012,1,3.0400055968482933,6.150903804751565,2.0617676393810833,17.09109025041723,1,0,1,1.4744656666358702
IND,2013,0,1.6142687264525961,3.8903371633537542,2.0617676393810833,17.09109025041723,0,0,0,0.7829537604621534
IND,2014,0,1.3370417473976337,4.699806738887981,2.0617676393810833,17.09109025041723,0,0,0,0.6484929348289687
IND,2015,0,0.7314595805959789,4.609423665989688,2.0617676393810833,17.09109025041723,0,0,0,0.35477304358873046
IND,2016,0,0.39872209301881434,4.7491568718704045,2.0617676393810833,17.09109025041723,0,0,0,0.2778732545604846
IND,2017,0,0.5096178254235659,3.629553137386096,2.0617676393810833,17.09109025041723,0,0,0,0.24717519845085298
IND,2018,0,0.7108860822421249,3.8530650191057227,2.0617676393810833,17.09109025041723,0,0,0,0.3447944708529444
IND,2019,0,0.34563536772402936,2.7572134871491727,2.0617676393810833,17.09109025041723,0,0,0,0.1676403107324862
IND,2020,1,0.9598086131025153,17.767287157865766,2.0617676393810833,17.09109025041723,0,1,1,1.0395642932979088
IND,2021,0,0.01881742688984577,9.330853523048884,2.0617676393810833,17.09109025041723,0,0,0,0.5459484085762812
IND,2022,0,0.1368067847310569,7.56085719172088,2.0617676393810833,17.09109025041723,0,0,0,0.4423858911830568
IND,2023,0,0.05122048143530542,9.908663628832423,2.0617676393810833,17.09109025041723,0,0,0,0.579756088327398
IND,2024,0,0.08708037395733044,6.72349919485897,2.0617676393810833,17.09109025041723,0,0,0,0.39339205962561896
IRL,1990,1,0.5384467041107914,11.706993480655907,2.0617676393810833,17.09109025041723,0,0,0,0.6849764005178144
IRL,1991,1,0.9206562617891744,7.857253862696099,2.0617676393810833,17.09109025041723,0,0,0,0.4597280657683196
IRL,1992,0,1.3767722530516913,7.240129167501135,2.0617676393810833,17.09109025041723,0,0,0,0.6677630528069501
IRL,1993,0,1.6788605693073895,8.706621952037496,2.0617676393810833,17.09109025041723,0,0,0,0.8142821418088424
IRL,1994,0,1.6283399099159261,8.786478493124582,2.0617676393810833,17.09109025041723,0,0,0,0.7897785758266791
IRL,1995,0,1.4931333749279032,11.30560887757436,2.0617676393810833,17.09109025041723,0,0,0,0.7242006065126345
IRL,1996,0,0.8830349885075544,7.069764815569434,2.0617676393810833,17.09109025041723,0,0,0,0.4282902552358569
IRL,1997,0,0.9059357468788027,12.391423707839056,2.0617676393810833,17.09109025041723,0,0,0,0.7250224255024663
IRL,1998,0,0.4815762221045216,7.461095351568898,2.0617676393810833,17.09109025041723,0,0,0,0.4365488241094951
IRL,1999,0,0.4613352109661261,12.596912280117984,2.0617676393810833,17.09109025041723,0,0,0,0.7370455655870441
IRL,2000,0,0.45516593343306977,17.038008351929935,2.0617676393810833,17.09109025041723,0,0,0,0.9968941771584173
IRL,2001,0,0.7401609933202608,7.01379918042156,2.0617676393810833,17.09109025041723,0,0,0,0.4103775170370034
IRL,2002,0,0.5169766678232046,13.707265581771999,2.0617676393810833,17.09109025041723,0,0,0,0.80201235737067
IRL,2003,0,0.29547605780108066,6.542875176378261,2.0617676393810833,17.09109025041723,0,0,0,0.38282374503396793
IRL,2004,0,0.3902188894435709,9.961993524957844,2.0617676393810833,17.09109025041723,0,0,0,0.5828764215152775
IRL,2005,0,0.5989152050906533,10.445316481132794,2.0617676393810833,17.09109025041723,0,0,0,0.611155656432029
IRL,2006,0,0.5851098785171801,5.639991467950746,2.0617676393810833,17.09109025041723,0,0,0,0.3299960029064302
IRL,2007,0,0.6125793686583372,11.553728795218307,2.0617676393810833,17.09109025041723,0,0,0,0.6760088809978787
IRL,2008,1,0.17761891262782717,20.12872609874318,2.0617676393810833,17.09109025041723,0,1,1,1.1777321284844184
IRL,2009,1,0.2134678346609622,29.097281246798815,2.0617676393810833,17.09109025041723,0,1,1,1.702482452580138
IRL,2010,0,0.4079071035861697,13.777972800352105,2.0617676393810833,17.09109025041723,0,0,0,0.8061494380100037
IRL,2011,0,0.6716554335521255,13.364566127355008,2.0617676393810833,17.09109025041723,0,0,0,0.7819610060878796
IRL,2012,0,0.11168513753062408,23.358267984960374,2.0617676393810833,17.09109025041723,0,1,1,1.3666926827204688
IRL,2013,0,0.06828919352097007,22.265090686764687,2.0617676393810833,17.09109025041723,0,1,1,1.3027308592101752
IRL,2014,0,0.06882280018969252,36.384278424842336,2.0617676393810833,17.09109025041723,0,1,1,2.128844789404474
IRL,2015,0,0.3014757295088525,59.42002935625588,2.0617676393810833,17.09109025041723,0,1,1,3.4766669934824845
IRL,2016,0,1.9839613822491526,27.649066060363918,2.0617676393810833,17.09109025041723,0,1,1,1.6177473558007187
IRL,2017,0,0.41595358636818397,18.772493969337848,2.0617676393810833,17.09109025041723,0,1,1,1.098378962037227
IRL,2018,0,0.31340144155054017,15.806031325717152,2.0617676393810833,17.09109025041723,0,0,0,0.9248111790487615
IRL,2019,1,1.1774664326640263,41.76751746452755,2.0617676393810833,17.09109025041723,0,1,1,2.4438182030843767
IRL,2020,0,1.0684727392906859,30.932091513753637,2.0617676393810833,17.09109025041723,0,1,1,1.8098372345203968
IRL,2021,0,1.3884313341637475,26.20577886148053,2.0617676393810833,17.09109025041723,0,1,1,1.533300595662163
IRL,2022,1,2.530710493740603,24.43043798900985,2.0617676393810833,17.09109025041723,1,1,1,1.4294253690699135
IRL,2023,1,0.6281174929525392,50.0964461430499,2.0617676393810833,17.09109025041723,0,1,1,2.9311439708667466
IRL,2024,0,1.8179532555900324,22.687491331822542,2.0617676393810833,17.09109025041723,0,1,1,1.3274455286004174
ITA,1990,0,0.0643138562352969,2.840946631823587,2.0617676393810833,17.09109025041723,0,0,0,0.16622383886564715
ITA,1991,0,0.06573967090777369,2.8213977184329897,2.0617676393810833,17.09109025041723,0,0,0,0.16508003158921433
ITA,1992,0,0.04551531757931834,2.9861792810872307,2.0617676393810833,17.09109025041723,0,0,0,0.17472140380361817
ITA,1993,0,0.035373386980784856,5.806861909680395,2.0617676393810833,17.09109025041723,0,0,0,0.33975959547335705
ITA,1994,0,0.056203338816325034,3.8893174690188,2.0617676393810833,17.09109025041723,0,0,0,0.22756403553154564
ITA,1995,0,0.044018913302876383,3.985551936809438,2.0617676393810833,17.09109025041723,0,0,0,0.23319471598437916
ITA,1996,0,0.05038474492907548,5.139217307578751,2.0617676393810833,17.09109025041723,0,0,0,0.3006956977161414
ITA,1997,0,0.03780064317007934,4.6971560421245915,2.0617676393810833,17.09109025041723,0,0,0,0.2748306850705398
ITA,1998,0,0.03961667291127379,4.420939548110447,2.0617676393810833,17.09109025041723,0,0,0,0.258669253004648
ITA,1999,0,0.0801637023009534,3.173749553476056,2.0617676393810833,17.09109025041723,0,0,0,0.18569614383720065
ITA,2000,0,0.03945870510711232,1.990336797440687,2.0617676393810833,17.09109025041723,0,0,0,0.11645464205492088
ITA,2001,0,0.05595909553113817,1.5029427119036098,2.0617676393810833,17.09109025041723,0,0,0,0.08793720528548023
ITA,2002,0,0.1065664752555918,2.335043926603406,2.0617676393810833,17.09109025041723,0,0,0,0.13662346242343448
ITA,2003,0,0.053070320413314734,2.501997501896087,2.0617676393810833,17.09109025041723,0,0,0,0.14639191913663951
ITA,2004,0,0.012119081357663057,1.243462513712425,2.0617676393810833,17.09109025041723,0,0,0,0.07275501419121401
ITA,2005,0,0.017473235654366634,1.6078652600019199,2.0617676393810833,17.09109025041723,0,0,0,0.0940762254744204
ITA,2006,0,0.025967472462403194,0.8423812164207287,2.0617676393810833,17.09109025041723,0,0,0,0.0492877402247738
ITA,2007,0,0.013233816992493083,1.1509784491143253,2.0617676393810833,17.09109025041723,0,0,0,0.06734376989707999
ITA,2008,0,0.006069442359220276,3.9944052651563147,2.0617676393810833,17.09109025041723,0,0,0,0.23371272438625162
ITA,2009,1,0.016454782349278513,12.060013831305683,2.0617676393810833,17.09109025041723,0,0,0,0.7056316276260534
ITA,2010,0,0.12351546980661465,1.4580430131833262,2.0617676393810833,17.09109025041723,0,0,0,0.08531012310041088
ITA,2011,0,0.09758536350364932,1.7806427355595429,2.0617676393810833,17.09109025041723,0,0,0,0.10418543869757363
ITA,2012,1,0.052584498614244746,7.404069566943704,2.0617676393810833,17.09109025041723,0,0,0,0.43321224441857675
ITA,2013,0,0.04903153633050329,6.166150035302561,2.0617676393810833,17.09109025041723,0,0,0,0.36078155020871366
ITA,2014,1,0.08531877094642559,4.621155975141883,2.0617676393810833,17.09109025041723,0,0,0,0.2703839197753385
ITA,2015,0,0.16998075037569899,3.4015531249147135,2.0617676393810833,17.09109025041723,0,0,0,0.1990249349266454
ITA,2016,0,0.12923713324627534,3.3150646549667844,2.0617676393810833,17.09109025041723,0,0,0,0.193964492984048
ITA,2017,0,0.16811388811272193,2.8027278983484067,2.0617676393810833,17.09109025041723,0,0,0,0.16398766007803312
ITA,2018,0,0.06014018514611079,2.7045381099941066,2.0617676393810833,17.09109025041723,0,0,0,0.15824257378361703
ITA,2019,0,0.2642982085207461,2.65679436887485,2.0617676393810833,17.09109025041723,0,0,0,0.15544908662629006
ITA,2020,1,0.16386550388152257,22.654605005230096,2.0617676393810833,17.09109025041723,0,1,1,1.3255213490360598
ITA,2021,0,0.4337718906860289,7.52423278772751,2.0617676393810833,17.09109025041723,0,0,0,0.4402429966422901
ITA,2022,1,0.11822697404398823,1.086423022228189,2.0617676393810833,17.09109025041723,0,0,0,0.06356663070114366
ITA,2023,0,0.07797015780973858,1.0399318263464155,2.0617676393810833,17.09109025041723,0,0,0,0.060846429988340174
ITA,2024,0,0.13187428422244754,1.287551782240616,2.0617676393810833,17.09109025041723,0,0,0,0.07533467809107051
JPN,1990,0,2.0498301746620404,5.8001369885881795,2.0617676393810833,17.09109025041723,0,0,0,0.9942100824113107
JPN,1991,1,2.266786387355018,6.115341743399224,2.0617676393810833,17.09109025041723,1,0,1,1.0994383382772845
JPN,1992,0,2.209321748062754,8.109107418738523,2.0617676393810833,17.09109025041723,1,0,1,1.0715667982479173
JPN,1993,0,1.8629306807261055,9.759022974084763,2.0617676393810833,17.09109025041723,0,0,0,0.9035599575543507
JPN,1994,0,1.28697115475999,7.458967108904977,2.0617676393810833,17.09109025041723,0,0,0,0.6242076605423502
JPN,1995,0,0.9844688961424121,5.9563617419604125,2.0617676393810833,17.09109025041723,0,0,0,0.47748780092306486
JPN,1996,0,1.0624129464786736,5.355315487476153,2.0617676393810833,17.09109025041723,0,0,0,0.5152922793945862
JPN,1997,0,1.1316067117341961,6.977919239319502,2.0617676393810833,17.09109025041723,0,0,0,0.548852688401827
JPN,1998,0,1.1892029782136473,9.801342666037929,2.0617676393810833,17.09109025041723,0,0,0,0.5767880703427041
JPN,1999,0,0.5856142355207976,7.676761541344401,2.0617676393810833,17.09109025041723,0,0,0,0.4491674567780715
JPN,2000,0,0.2617376129393756,4.619817926208837,2.0617676393810833,17.09109025041723,0,0,0,0.2703056305080395
JPN,2001,0,0.25517875667741585,5.732315623458223,2.0617676393810833,17.09109025041723,0,0,0,0.3353978909167766
JPN,2002,1,0.06460320245447948,6.047857192365958,2.0617676393810833,17.09109025041723,0,0,0,0.35386023382670495
JPN,2003,1,0.09826658532922389,5.12213547716921,2.0617676393810833,17.09109025041723,0,0,0,0.2996962395095987
JPN,2004,0,0.40267886848540274,5.368416256058576,2.0617676393810833,17.09109025041723,0,0,0,0.3141061323415293
JPN,2005,0,0.3733689606075963,5.579871746042086,2.0617676393810833,17.09109025041723,0,0,0,0.32647839688903807
JPN,2006,0,0.4530624338608701,6.038592088864785,2.0617676393810833,17.09109025041723,0,0,0,0.35331813245309907
JPN,2007,0,0.6826770346752371,6.696869243975037,2.0617676393810833,17.09109025041723,0,0,0,0.3918339407172431
JPN,2008,0,0.6408028784090056,9.923320362083809,2.0617676393810833,17.09109025041723,0,0,0,0.5806136540553086
JPN,2009,1,0.7126396993215175,20.012413024912323,2.0617676393810833,17.09109025041723,0,1,1,1.1709266484286323
JPN,2010,0,2.4855749221627264,5.121406040820199,2.0617676393810833,17.09109025041723,1,0,1,1.2055553083124657
JPN,2011,0,2.5194393668626645,8.544830839811912,2.0617676393810833,17.09109025041723,1,0,1,1.2219802652538325
JPN,2012,0,2.6982667172735204,6.616758297816437,2.0617676393810833,17.09109025041723,1,0,1,1.308715233343902
JPN,2013,0,2.7504256601886703,5.963680597499709,2.0617676393810833,17.09109025041723,1,0,1,1.334013400760482
JPN,2014,0,2.258243618725521,7.819319751037036,2.0617676393810833,17.09109025041723,1,0,1,1.0952949185890886
JPN,2015,0,2.057690895167741,6.829481812191338,2.0617676393810833,17.09109025041723,0,0,0,0.9980226946356737
JPN,2016,0,1.7576582571296675,8.187659246681926,2.0617676393810833,17.09109025041723,0,0,0,0.8525006521381305
JPN,2017,0,2.10346005393542,7.4681230910712575,2.0617676393810833,17.09109025041723,1,0,1,1.020221684421651
JPN,2018,0,1.9673133889699734,8.519408080673141,2.0617676393810833,17.09109025041723,0,0,0,0.9541877326004283
JPN,2019,0,1.9076980581287388,10.579985010656795,2.0617676393810833,17.09109025041723,0,0,0,0.9252730626334817
JPN,2020,1,1.6378477623299506,19.3922981915316,2.0617676393810833,17.09109025041723,0,1,1,1.134643718299843
JPN,2021,0,2.8901200514456624,7.7898372686427,2.0617676393810833,17.09109025041723,1,0,1,1.4017680732991038
JPN,2022,0,1.7609918042631496,7.169654068804554,2.0617676393810833,17.09109025041723,0,0,0,0.8541174915286658
JPN,2023,1,2.1837730246078366,7.329185734168947,2.0617676393810833,17.09109025041723,1,0,1,1.0591751383115984
JPN,2024,0,1.574116531493722,8.73276194778394,2.0617676393810833,17.09109025041723,0,0,0,0.7634791144390315
KEN,1990,0,0.2612651168475537,5.1576130290695605,2.0617676393810833,17.09109025041723,0,0,0,0.30177203171363814
KEN,1991,0,0.20593138905684,4.398985431784988,2.0617676393810833,17.09109025041723,0,0,0,0.25738471726094825
KEN,1992,0,0.48578597039385657,7.321901775461221,2.0617676393810833,17.09109025041723,0,0,0,0.428404605451222
KEN,1993,1,5.041109597662196,7.137941396084776,2.0617676393810833,17.09109025041723,1,0,1,2.445042545713577
KEN,1994,0,3.665443499413006,4.44475412530325,2.0617676393810833,17.09109025041723,1,0,1,1.7778160008919948
KEN,1995,1,2.146998462834646,8.89957766049751,2.0617676393810833,17.09109025041723,1,0,1,1.0413387143272594
KEN,1996,0,2.215077797670012,3.9001872354494864,2.0617676393810833,17.09109025041723,1,0,1,1.0743586015031985
KEN,1997,0,2.69179027635717,8.339802580573002,2.0617676393810833,17.09109025041723,1,0,1,1.3055740253859118
KEN,1998,1,2.346120681063676,6.692057842341819,2.0617676393810833,17.09109025041723,1,0,1,1.1379171135734538
KEN,1999,1,2.9907699963029097,6.602717921353825,2.0617676393810833,17.09109025041723,1,0,1,1.4505853808049394
KEN,2000,0,0.8527561153261031,4.966899830777049,2.0617676393810833,17.09109025041723,0,0,0,0.41360437473065087
KEN,2001,0,1.5883694517635614,4.1423563976155116,2.0617676393810833,17.09109025041723,0,0,0,0.7703920759181039
KEN,2002,0,1.9277787243525322,5.667523607806567,2.0617676393810833,17.09109025041723,0,0,0,0.9350126015806646
KEN,2003,0,2.0179259054755274,3.8995838614300897,2.0617676393810833,17.09109025041723,0,0,0,0.9787358511850944
KEN,2004,0,1.7443235958366872,3.896092917298946,2.0617676393810833,17.09109025041723,0,0,0,0.8460330652780598
KEN,2005,0,1.54633688278756,4.01686290656773,2.0617676393810833,17.09109025041723,0,0,0,0.7500054095580582
KEN,2006,0,1.1670994449981817,3.53161397013894,2.0617676393810833,17.09109025041723,0,0,0,0.5660673990152112
KEN,2007,0,0.789435347793457,3.730481644751385,2.0617676393810833,17.09109025041723,0,0,0,0.3828924912365176
KEN,2008,0,0.4841790851457859,6.566702856837099,2.0617676393810833,17.09109025041723,0,0,0,0.3842179030490341
KEN,2009,0,1.8899873929773603,4.334093504383129,2.0617676393810833,17.09109025041723,0,0,0,0.9166830232841906
KEN,2010,0,2.3002076793294046,7.5415803325022885,2.0617676393810833,17.09109025041723,1,0,1,1.115648356969992
KEN,2011,0,1.5302469728988037,6.75296938329071,2.0617676393810833,17.09109025041723,0,0,0,0.742201470073594
KEN,2012,0,1.3630337085893713,6.459814998411963,2.0617676393810833,17.09109025041723,0,0,0,0.661099574246173
KEN,2013,0,1.1826822538318058,6.607899776373007,2.0617676393810833,17.09109025041723,0,0,0,0.5736253839869327
KEN,2014,0,1.0208727396609916,8.899851696953107,2.0617676393810833,17.09109025041723,0,0,0,0.5207304839277788
KEN,2015,0,1.3849209633763793,6.261820306783653,2.0617676393810833,17.09109025041723,0,0,0,0.6717153460571896
KEN,2016,0,0.5511978260056775,4.630804692953061,2.0617676393810833,17.09109025041723,0,0,0,0.2709484664291684
KEN,2017,0,0.31857991665974683,5.164634430906109,2.0617676393810833,17.09109025041723,0,0,0,0.30218285406222284
KEN,2018,0,0.4685935789142444,5.0298417586160795,2.0617676393810833,17.09109025041723,0,0,0,0.2942961323660022
KEN,2019,1,0.3614401568532883,4.7157740532977845,2.0617676393810833,17.09109025041723,0,0,0,0.27592002524137754
KEN,2020,1,0.030925420769965472,5.132945822570782,2.0617676393810833,17.09109025041723,0,0,0,0.30032875301477474
KEN,2021,1,0.2602679150516891,7.2291699801545395,2.0617676393810833,17.09109025041723,0,0,0,0.4229788664288435
KEN,2022,1,0.2832387249325496,4.012993655914581,2.0617676393810833,17.09109025041723,0,0,0,0.23480033146607573
KEN,2023,1,0.7090096959271548,4.763275460735578,2.0617676393810833,17.09109025041723,0,0,0,0.3438843846341436
KEN,2024,1,0.5208148244159098,4.125098347588373,2.0617676393810833,17.09109025041723,0,0,0,0.25260597482859504
KOR,1990,1,2.818312977833661,9.793073800113588,2.0617676393810833,17.09109025041723,1,0,1,1.3669401556228145
KOR,1991,1,3.115919835281408,11.825236532662236,2.0617676393810833,17.09109025041723,1,0,1,1.5112856443012015
KOR,1992,0,3.2068757553204312,6.064864012534843,2.0617676393810833,17.09109025041723,1,0,1,1.5554011490271984
KOR,1993,0,2.8068222869455064,6.000829523375819,2.0617676393810833,17.09109025041723,1,0,1,1.3613669325938587
KOR,1994,0,2.2715479969114325,8.721823405788697,2.0617676393810833,17.09109025041723,1,0,1,1.1017478175151312
KOR,1995,0,2.073945896314873,9.713936182996868,2.0617676393810833,17.09109025041723,1,0,1,1.0059067067991452
KOR,1996,1,2.267824828190941,8.139924354965082,2.0617676393810833,17.09109025041723,1,0,1,1.0999420035866472
KOR,1997,0,2.0274052285818676,5.61698741588767,2.0617676393810833,17.09109025041723,0,0,0,0.9833335191886459
KOR,1998,1,2.4743323632578047,22.4065551227231,2.0617676393810833,17.09109025041723,1,1,1,1.3110079459194304
KOR,1999,1,0.43256426772375633,11.753759572665917,2.0617676393810833,17.09109025041723,0,0,0,0.6877126854080583
KOR,2000,0,0.4527121336225115,6.808299456011104,2.0617676393810833,17.09109025041723,0,0,0,0.39835372444100803
KOR,2001,0,0.5328722944610325,3.5966964783757907,2.0617676393810833,17.09109025041723,0,0,0,0.2584540974854926
KOR,2002,0,0.1814953156664078,4.872552224718221,2.0617676393810833,17.09109025041723,0,0,0,0.28509311888978356
KOR,2003,0,0.7411737885665293,3.920557122179081,2.0617676393810833,17.09109025041723,0,0,0,0.3594846356153986
KOR,2004,0,0.5589603834022546,4.48332588393604,2.0617676393810833,17.09109025041723,0,0,0,0.27110736085180165
KOR,2005,0,0.49521149559575817,4.1444987598158765,2.0617676393810833,17.09109025041723,0,0,0,0.24249469747634736
KOR,2006,0,0.30206001518747094,3.924572803065084,2.0617676393810833,17.09109025041723,0,0,0,0.22962682576492022
KOR,2007,0,0.2545710301111012,4.118909983712617,2.0617676393810833,17.09109025041723,0,0,0,0.24099749772324003
KOR,2008,0,0.44255530351176675,5.150479319746311,2.0617676393810833,17.09109025041723,0,0,0,0.30135463825197323
KOR,2009,0,0.1353244978382126,6.772704991032152,2.0617676393810833,17.09109025041723,0,0,0,0.3962710916506228
KOR,2010,0,0.08631126974541233,5.390274009364466,2.0617676393810833,17.09109025041723,0,0,0,0.3153850298832093
KOR,2011,0,0.12827478703328438,6.5164923674777535,2.0617676393810833,17.09109025041723,0,0,0,0.38128008640751704
KOR,2012,0,0.06524781120198898,6.8524587271043185,2.0617676393810833,17.09109025041723,0,0,0,0.4009374841922115
KOR,2013,0,0.05736775977084353,6.504492658528451,2.0617676393810833,17.09109025041723,0,0,0,0.3805779832196288
KOR,2014,0,0.0441865566460851,6.285455958333413,2.0617676393810833,17.09109025041723,0,0,0,0.3677621419253796
KOR,2015,0,0.08015764574506849,7.074170747769374,2.0617676393810833,17.09109025041723,0,0,0,0.4139098585356003
KOR,2016,0,0.13664072544864603,6.594453520397467,2.0617676393810833,17.09109025041723,0,0,0,0.3858415948763995
KOR,2017,0,0.22841159431625707,6.1381084361485065,2.0617676393810833,17.09109025041723,0,0,0,0.359140835734494
KOR,2018,0,0.12900837659072728,5.931371165454814,2.0617676393810833,17.09109025041723,0,0,0,0.3470446342830596
KOR,2019,0,0.14841399205917563,5.467924434618667,2.0617676393810833,17.09109025041723,0,0,0,0.3199283576707567
KOR,2020,0,0.4634147419471535,9.516499815191539,2.0617676393810833,17.09109025041723,0,0,0,0.5568105764908251
KOR,2021,0,0.19244800837116371,4.411463948842007,2.0617676393810833,17.09109025041723,0,0,0,0.2581148355198881
KOR,2022,0,0.17474824810900688,5.103765079659896,2.0617676393810833,17.09109025041723,0,0,0,0.2986213872187177
KOR,2023,0,0.12181211777585493,5.431055024366488,2.0617676393810833,17.09109025041723,0,0,0,0.3177711278093511
KOR,2024,0,0.08260600369565971,5.898713298102789,2.0617676393810833,17.09109025041723,0,0,0,0.3451338218729954
LKA,1990,1,0.42234611444699066,6.6996215594968955,2.0617676393810833,17.09109025041723,0,0,0,0.39199497874825995
LKA,1991,1,0.8033300359830352,5.3860376829603265,2.0617676393810833,17.09109025041723,0,0,0,0.38963170273842535
LKA,1992,1,0.8360978595010015,4.245980258284992,2.0617676393810833,17.09109025041723,0,0,0,0.40552477569780243
LKA,1993,1,0.7615102947600124,5.576202219931426,2.0617676393810833,17.09109025041723,0,0,0,0.36934826224579226
LKA,1994,1,0.8421728659507938,5.343235390756137,2.0617676393810833,17.09109025041723,0,0,0,0.4084712796266428
LKA,1995,0,0.27305895929681395,5.020299415496733,2.0617676393810833,17.09109025041723,0,0,0,0.29373780969731733
LKA,1996,0,0.30543252114923175,2.9495719222488006,2.0617676393810833,17.09109025041723,0,0,0,0.17257950657517562
LKA,1997,0,0.1595613398080559,2.531004776681379,2.0617676393810833,17.09109025041723,0,0,0,0.14808913530952722
LKA,1998,0,0.1896530989638297,1.1978402286131846,2.0617676393810833,17.09109025041723,0,0,0,0.09198568031689602
LKA,1999,0,0.3993801449287171,1.8702558909422264,2.0617676393810833,17.09109025041723,0,0,0,0.19370764061880708
LKA,2000,0,0.1731869354292745,4.25770406388783,2.0617676393810833,17.09109025041723,0,0,0,0.24911834186727144
LKA,2001,0,0.21045798730904453,4.997381189875532,2.0617676393810833,17.09109025041723,0,0,0,0.2923968639012678
LKA,2002,0,0.04163780869850133,1.2084776668737482,2.0617676393810833,17.09109025041723,0,0,0,0.07070805016925392
LKA,2003,0,0.1157032221978477,1.8235496523416301,2.0617676393810833,17.09109025041723,0,0,0,0.10669592317535818
LKA,2004,0,0.0431751666003631,1.8261728547394926,2.0617676393810833,17.09109025041723,0,0,0,0.10684940679515233
LKA,2005,0,0.09974555060018292,2.030256581679478,2.0617676393810833,17.09109025041723,0,0,0,0.11879034935351271
LKA,2006,0,0.05221432514590709,4.05126446037574,2.0617676393810833,17.09109025041723,0,0,0,0.23703955692802217
LKA,2007,0,0.09425662743103334,2.810783561425612,2.0617676393810833,17.09109025041723,0,0,0,0.1644589970705347
LKA,2008,1,0.02525425458235894,5.504272751912448,2.0617676393810833,17.09109025041723,0,0,0,0.3220550983737317
LKA,2009,0,0.08854216730609664,0.8264526783616255,2.0617676393810833,17.09109025041723,0,0,0,0.048355761174536535
LKA,2010,0,0.04057872408589977,3.859564986080025,2.0617676393810833,17.09109025041723,0,0,0,0.22582321721610502
LKA,2011,0,0.2394892104914225,5.74991425917955,2.0617676393810833,17.09109025041723,0,0,0,0.3364275874114691
LKA,2012,0,0.2528310655348294,5.502233318072832,2.0617676393810833,17.09109025041723,0,0,0,0.3219357710628501
LKA,2013,0,1.8673324892313106,2.3110056848983533,2.0617676393810833,17.09109025041723,0,0,0,0.9056949258316327
LKA,2014,0,1.2085278564102888,2.8435431656420547,2.0617676393810833,17.09109025041723,0,0,0,0.5861610364459273
LKA,2015,0,2.2915583744547146,2.375271379694452,2.0617676393810833,17.09109025041723,1,0,1,1.1114532649967344
LKA,2016,0,3.2112881510163684,3.2371353894121055,2.0617676393810833,17.09109025041723,1,0,1,1.557541252311224
LKA,2017,0,4.733543361745472,5.7989609394856325,2.0617676393810833,17.09109025041723,1,0,1,2.295866552239816
LKA,2018,0,4.717587880862552,4.686105004528543,2.0617676393810833,17.09109025041723,1,0,1,2.288127813606926
LKA,2019,0,3.1429457709660564,4.892323782668576,2.0617676393810833,17.09109025041723,1,0,1,1.5243937827589191
LKA,2020,1,4.100076952109438,12.807089606939945,2.0617676393810833,17.09109025041723,1,0,1,1.9886222258004929
LKA,2021,0,3.3367826996029075,3.2710712203887264,2.0617676393810833,17.09109025041723,1,0,1,1.6184087071056017
LKA,2022,1,1.5217870228493056,23.7191235530339,2.0617676393810833,17.09109025041723,0,1,1,1.3878063485420342
LKA,2023,1,0.6611217977558991,6.058886875270083,2.0617676393810833,17.09109025041723,0,0,0,0.35450558077312666
LKA,2024,0,0.48572091087457925,1.9235659604536983,2.0617676393810833,17.09109025041723,0,0,0,0.23558470003942178
MEX,1990,0,0.1496301379825033,2.933279261631141,2.0617676393810833,17.09109025041723,0,0,0,0.1716262227074445
MEX,1991,0,0.142628855637,3.2182763804121746,2.0617676393810833,17.09109025041723,0,0,0,0.18830140928742736
MEX,1992,1,0.19338408101462673,3.7691699225488757,2.0617676393810833,17.09109025041723,0,0,0,0.22053420041222133
MEX,1993,0,0.12693983039529844,4.287616717919405,2.0617676393810833,17.09109025041723,0,0,0,0.25086853179625185
MEX,1994,1,0.07923155492278246,2.9799782673749156,2.0617676393810833,17.09109025041723,0,0,0,0.17435858237903623
MEX,1995,1,0.16983459000730478,20.592424240373084,2.0617676393810833,17.09109025041723,0,1,1,1.204863115146816
MEX,1996,1,0.38244848670755505,4.362892910899608,2.0617676393810833,17.09109025041723,0,0,0,0.2552729432104602
MEX,1997,0,0.38026518111478735,4.402140629360689,2.0617676393810833,17.09109025041723,0,0,0,0.2575693279282299
MEX,1998,0,0.1917596143831484,3.4084917380211004,2.0617676393810833,17.09109025041723,0,0,0,0.19943091330512935
MEX,1999,0,0.10558517949689336,3.871041600789453,2.0617676393810833,17.09109025041723,0,0,0,0.22649471415054706
MEX,2000,0,0.2764809472233065,3.16675567349245,2.0617676393810833,17.09109025041723,0,0,0,0.18528693179272998
MEX,2001,0,0.11673046011773028,7.365925227092994,2.0617676393810833,17.09109025041723,0,0,0,0.43098041840327744
MEX,2002,0,0.0979385835191785,6.000513895226341,2.0617676393810833,17.09109025041723,0,0,0,0.351090176653877
MEX,2003,0,0.16068784489934893,3.5855269198418083,2.0617676393810833,17.09109025041723,0,0,0,0.2097892449988249
MEX,2004,0,0.1095305233095065,1.7044994920698813,2.0617676393810833,17.09109025041723,0,0,0,0.09973029614235819
MEX,2005,0,0.18864971514044943,2.2825037774012027,2.0617676393810833,17.09109025041723,0,0,0,0.13354933734233143
MEX,2006,0,0.17791463894236176,1.6247333312189098,2.0617676393810833,17.09109025041723,0,0,0,0.09506317662673665
MEX,2007,0,0.05256062182054535,2.074450457496291,2.0617676393810833,17.09109025041723,0,0,0,0.12137613382772051
MEX,2008,0,0.0855272109127889,2.9761847163257613,2.0617676393810833,17.09109025041723,0,0,0,0.17413662163846488
MEX,2009,1,0.26449674392557215,17.830148701178743,2.0617676393810833,17.09109025041723,0,1,1,1.0432423233353103
MEX,2010,0,0.340810916291195,0.713235679536964,2.0617676393810833,17.09109025041723,0,0,0,0.16530035188325204
MEX,2011,0,0.2773670582349034,0.657476141007416,2.0617676393810833,17.09109025041723,0,0,0,0.13452876693620308
MEX,2012,0,0.33009208319661054,0.9217160597025871,2.0617676393810833,17.09109025041723,0,0,0,0.16010149586774
MEX,2013,0,0.39624697159463923,2.980945672529558,2.0617676393810833,17.09109025041723,0,0,0,0.19218798667030568
MEX,2014,0,0.6075584903913043,1.3249025252324553,2.0617676393810833,17.09109025041723,0,0,0,0.2946784491067508
MEX,2015,0,0.3836202369482203,1.869323907518342,2.0617676393810833,17.09109025041723,0,0,0,0.1860637588934989
MEX,2016,0,0.27763295983447356,2.56660946902832,2.0617676393810833,17.09109025041723,0,0,0,0.15017236650339866
MEX,2017,0,0.26553696335588167,2.4352611510270528,2.0617676393810833,17.09109025041723,0,0,0,0.1424871740389764
MEX,2018,0,0.2621771555103475,2.430418197297831,2.0617676393810833,17.09109025041723,0,0,0,0.142203812728594
MEX,2019,0,0.20751536992683656,4.618204443002342,2.0617676393810833,17.09109025041723,0,0,0,0.2702112255764141
MEX,2020,1,0.013647263347225406,26.127683566091772,2.0617676393810833,17.09109025041723,0,1,1,1.528731238514988
MEX,2021,0,0.9741489017653655,1.6627948850760064,2.0617676393810833,17.09109025041723,0,0,0,0.47248238994467523
MEX,2022,0,0.8544564267728179,1.7971216704284927,2.0617676393810833,17.09109025041723,0,0,0,0.41442906099220517
MEX,2023,0,0.62448561066617,1.6573126584023932,2.0617676393810833,17.09109025041723,0,0,0,0.3028884529653559
MEX,2024,0,0.5448325730393655,2.7976533510403883,2.0617676393810833,17.09109025041723,0,0,0,0.264255080268365
MYS,1990,0,0.37720237794294603,6.8422571859253205,2.0617676393810833,17.09109025041723,0,0,0,0.4003405918331211
MYS,1991,0,0.7816232336014769,14.774931816730698,2.0617676393810833,17.09109025041723,0,0,0,0.864481528109069
MYS,1992,0,0.670711449870186,8.60003574856194,2.0617676393810833,17.09109025041723,0,0,0,0.503188247359
MYS,1993,0,1.2731253500957478,11.981375151274523,2.0617676393810833,17.09109025041723,0,0,0,0.701030477033613
MYS,1994,0,1.3377136832985654,16.868090873917687,2.0617676393810833,17.09109025041723,0,0,0,0.9869523024434266
MYS,1995,0,1.292833302528517,25.392146019881608,2.0617676393810833,17.09109025041723,0,1,1,1.485694923368726
MYS,1996,0,1.193771920807246,17.17519633064643,2.0617676393810833,17.09109025041723,0,1,1,1.0049210482770194
MYS,1997,0,1.841176826379441,18.65202035820419,2.0617676393810833,17.09109025041723,0,1,1,1.091330048868524
MYS,1998,1,0.5599125970984248,39.93990888786503,2.0617676393810833,17.09109025041723,0,1,1,2.3368847921735134
MYS,1999,0,0.6321243648824495,16.8548842971936,2.0617676393810833,17.09109025041723,0,0,0,0.9861795854001845
MYS,2000,0,0.5952108094546612,14.303082955497368,2.0617676393810833,17.09109025041723,0,0,0,0.8368736426950995
MYS,2001,0,0.3527534335438435,16.644102811952685,2.0617676393810833,17.09109025041723,0,0,0,0.9738467568823683
MYS,2002,0,0.5628028979107709,10.462596259823183,2.0617676393810833,17.09109025041723,0,0,0,0.6121666965960681
MYS,2003,0,0.671003663447051,12.6843354723395,2.0617676393810833,17.09109025041723,0,0,0,0.742160698146793
MYS,2004,0,0.9267535920200308,13.639197070653267,2.0617676393810833,17.09109025041723,0,0,0,0.7980296675526773
MYS,2005,0,0.5510273283656999,12.289557812329713,2.0617676393810833,17.09109025041723,0,0,0,0.7190622501118498
MYS,2006,0,0.36453134809317495,13.012491521985645,2.0617676393810833,17.09109025041723,0,0,0,0.761361114553121
MYS,2007,0,0.2717177505198914,11.03883331595017,2.0617676393810833,17.09109025041723,0,0,0,0.6458823371832986
MYS,2008,1,0.24066664334322352,11.519819172796588,2.0617676393810833,17.09109025041723,0,0,0,0.6740248283760226
MYS,2009,0,0.42970106206843667,17.26538507102716,2.0617676393810833,17.09109025041723,0,1,1,1.0101979931096365
MYS,2010,0,0.38867857360273933,6.141889372441312,2.0617676393810833,17.09109025041723,0,0,0,0.359362058385443
MYS,2011,0,0.23850203082118074,5.304507674574383,2.0617676393810833,17.09109025041723,0,0,0,0.31036684008177234
MYS,2012,0,0.21176724666796393,3.4080065327878595,2.0617676393810833,17.09109025041723,0,0,0,0.1994025239381474
MYS,2013,0,0.16963351783418884,2.9000694121829866,2.0617676393810833,17.09109025041723,0,0,0,0.16968311381494164
MYS,2014,0,0.3009108616629657,3.0612364197306574,2.0617676393810833,17.09109025041723,0,0,0,0.1791129983446156
MYS,2015,0,0.1660413067385555,2.448873823220732,2.0617676393810833,17.09109025041723,0,0,0,0.14328365173549706
MYS,2016,0,0.06722141068590914,2.007582185909511,2.0617676393810833,17.09109025041723,0,0,0,0.11746367004647358
MYS,2017,0,0.19215744356755204,2.457215326471278,2.0617676393810833,17.09109025041723,0,0,0,0.14377171324171623
MYS,2018,0,0.40620549595549366,2.359452862851925,2.0617676393810833,17.09109025041723,0,0,0,0.1970180772055533
MYS,2019,0,0.8175107020063982,2.3070988840211886,2.0617676393810833,17.09109025041723,0,0,0,0.3965096194117222
MYS,2020,1,0.14299282539962513,18.544117886619812,2.0617676393810833,17.09109025041723,0,1,1,1.08501667330246
MYS,2021,1,0.40773029905038244,3.0795658682761786,2.0617676393810833,17.09109025041723,0,0,0,0.1977576382820607
MYS,2022,0,0.9831662257899482,6.05183508332792,2.0617676393810833,17.09109025041723,0,0,0,0.4768559788265385
MYS,2023,0,0.6698479245581406,3.234775166573998,2.0617676393810833,17.09109025041723,0,0,0,0.3248901145617071
MYS,2024,0,1.0116820390489638,2.774570241358508,2.0617676393810833,17.09109025041723,0,0,0,0.4906867387600758
NGA,1990,0,1.7221034620339306,12.515926877929283,2.0617676393810833,17.09109025041723,0,0,0,0.8352558402511762
NGA,1991,0,0.6313093949285689,5.120078290381006,2.0617676393810833,17.09109025041723,0,0,0,0.3061981296389345
NGA,1992,0,0.45968212495475497,3.812030808980349,2.0617676393810833,17.09109025041723,0,0,0,0.22304199165335803
NGA,1993,1,0.18018261666894017,12.253507468242418,2.0617676393810833,17.09109025041723,0,0,0,0.7169529438265814
NGA,1994,1,0.2662165068425891,12.8740203739293,2.0617676393810833,17.09109025041723,0,0,0,0.7532591651732116
NGA,1995,1,0.7151607013000169,15.061875737449789,2.0617676393810833,17.09109025041723,0,0,0,0.881270622105696
NGA,1996,0,1.8580993363206815,2.796684523437328,2.0617676393810833,17.09109025041723,0,0,0,0.9012166554706715
NGA,1997,0,0.18964658621073524,2.1652277927597514,2.0617676393810833,17.09109025041723,0,0,0,0.12668751735758305
NGA,1998,0,0.810596650876048,2.151862051404832,2.0617676393810833,17.09109025041723,0,0,0,0.3931561614379489
NGA,1999,0,0.556648351641511,3.1647185571977388,2.0617676393810833,17.09109025041723,0,0,0,0.26998597757049375
NGA,2000,0,1.567918720789216,4.430393237227173,2.0617676393810833,17.09109025041723,0,0,0,0.7604730479036355
NGA,2001,0,0.2243864398929062,3.588078073662368,2.0617676393810833,17.09109025041723,0,0,0,0.20993851305505656
NGA,2002,0,2.956325170325881,19.40309565361437,2.0617676393810833,17.09109025041723,1,1,1,1.4338789269257
NGA,2003,0,0.7514475235126792,3.828866961815118,2.0617676393810833,17.09109025041723,0,0,0,0.3644676098118672
NGA,2004,0,2.7132971389959613,12.915993578117725,2.0617676393810833,17.09109025041723,1,0,1,1.3160052991279168
NGA,2005,0,2.2447139899135755,12.300333519732941,2.0617676393810833,17.09109025041723,1,0,1,1.0887327684449497
NGA,2006,0,2.4964732191013708,8.361557848333847,2.0617676393810833,17.09109025041723,1,0,1,1.2108412080086681
NGA,2007,0,0.923488300203804,6.051324853405809,2.0617676393810833,17.09109025041723,0,0,0,0.4479109491121044
NGA,2008,0,0.2156767312609149,7.088538784792485,2.0617676393810833,17.09109025041723,0,0,0,0.41475053264196754
NGA,2009,0,0.3818811245681223,7.1741850591405525,2.0617676393810833,17.09109025041723,0,0,0,0.4197616977047684
NGA,2010,0,0.16809959996634813,10.442592526442724,2.0617676393810833,17.09109025041723,0,0,0,0.6109962777937936
NGA,2011,0,0.6352016892706791,5.469019458892371,2.0617676393810833,17.09109025041723,0,0,0,0.3199924275608374
NGA,2012,0,0.7988903325725489,5.400852471552569,2.0617676393810833,17.09109025041723,0,0,0,0.3874783546473577
NGA,2013,0,0.3451426915437131,4.948625163977507,2.0617676393810833,17.09109025041723,0,0,0,0.2895441479432068
NGA,2014,0,0.06918714453968178,3.7181338833119693,2.0617676393810833,17.09109025041723,0,0,0,0.21754808083242094
NGA,2015,0,0.3351166108562913,7.514543927738188,2.0617676393810833,17.09109025041723,0,0,0,0.4396761012688902
NGA,2016,0,0.4300761613290315,7.255085931069979,2.0617676393810833,17.09109025041723,0,0,0,0.4244952091861352
NGA,2017,0,0.38209692400245154,3.777940525800977,2.0617676393810833,17.09109025041723,0,0,0,0.22104736856730067
NGA,2018,1,0.4513390144706246,2.5844872402754513,2.0617676393810833,17.09109025041723,0,0,0,0.2189087683062631
NGA,2019,1,0.5600959210054455,2.6591788886005587,2.0617676393810833,17.09109025041723,0,0,0,0.2716581201039605
NGA,2020,1,0.7309715368328473,18.007417194786306,2.0617676393810833,17.09109025041723,0,1,1,1.0536143061058791
NGA,2021,1,0.381075796824413,4.38327472385885,2.0617676393810833,17.09109025041723,0,0,0,0.2564654834557348
NGA,2022,0,0.226232389470349,3.9608868958647885,2.0617676393810833,17.09109025041723,0,0,0,0.2317515639921271
NGA,2023,0,0.9737363863016271,4.374782803710107,2.0617676393810833,17.09109025041723,0,0,0,0.47228231140242866
NGA,2024,0,0.6855302298899908,5.308489909645628,2.0617676393810833,17.09109025041723,0,0,0,0.33249635739543293
NLD,1990,1,0.0345261270136064,0.6913390577766149,2.0617676393810833,17.09109025041723,0,0,0,0.04045026078776559
NLD,1991,1,0.021117691533477853,1.0652431937922493,2.0617676393810833,17.09109025041723,0,0,0,0.06232739855587881
NLD,1992,0,0.034716812967647934,1.2235760459337093,2.0617676393810833,17.09109025041723,0,0,0,0.07159145660142067
NLD,1993,0,0.056276615636386765,1.4598591898192734,2.0617676393810833,17.09109025041723,0,0,0,0.08541638762826351
NLD,1994,0,0.06872441734833212,1.2120533418665569,2.0617676393810833,17.09109025041723,0,0,0,0.07091726297782366
NLD,1995,0,0.07594404377576605,1.4150714662007682,2.0617676393810833,17.09109025041723,0,0,0,0.0827958571084266
NLD,1996,0,0.07880627147390833,1.1096344611915192,2.0617676393810833,17.09109025041723,0,0,0,0.06492473241515008
NLD,1997,0,0.11086652751849446,1.9054497676962618,2.0617676393810833,17.09109025041723,0,0,0,0.11148790040762588
NLD,1998,0,0.07522443426492839,1.825179024813412,2.0617676393810833,17.09109025041723,0,0,0,0.10679125778818326
NLD,1999,0,0.07685529487952239,2.5688309972330066,2.0617676393810833,17.09109025041723,0,0,0,0.15030234815887744
NLD,2000,0,0.13587022510318053,5.059121454779321,2.0617676393810833,17.09109025041723,0,0,0,0.29600928791864617
NLD,2001,0,0.0673588735477702,4.019652005178991,2.0617676393810833,17.09109025041723,0,0,0,0.23518991160209118
NLD,2002,0,0.16216976478171485,3.4875999980884367,2.0617676393810833,17.09109025041723,0,0,0,0.20405953903398857
NLD,2003,0,0.16547208185816334,3.2574917890043817,2.0617676393810833,17.09109025041723,0,0,0,0.19059590355418426
NLD,2004,0,0.1063074998503451,10.35507234044157,2.0617676393810833,17.09109025041723,0,0,0,0.6058754701262419
NLD,2005,0,0.23411370286281286,21.07913387834337,2.0617676393810833,17.09109025041723,0,1,1,1.2333405048767314
NLD,2006,0,0.5966834966193358,53.558689393429034,2.0617676393810833,17.09109025041723,0,1,1,3.1337198861331594
NLD,2007,0,0.7857634984496014,52.14138369519259,2.0617676393810833,17.09109025041723,0,1,1,3.0507933040678723
NLD,2008,0,0.09811310773998622,9.231676037314529,2.0617676393810833,17.09109025041723,0,0,0,0.540145532090275
NLD,2009,1,0.2695421377538484,19.436475965112617,2.0617676393810833,17.09109025041723,0,1,1,1.1372285606319428
NLD,2010,0,0.16514823697481942,3.5931049725273008,2.0617676393810833,17.09109025041723,0,0,0,0.21023263699865988
NLD,2011,0,0.24757338443213991,36.04156488942405,2.0617676393810833,17.09109025041723,0,1,1,2.1087926142420432
NLD,2012,0,0.13294587715226122,24.239326810186004,2.0617676393810833,17.09109025041723,0,1,1,1.418243450536707
NLD,2013,0,0.2520599780875059,32.57162012589808,2.0617676393810833,17.09109025041723,0,1,1,1.905766083301967
NLD,2014,1,0.14674644103411688,7.785420022448842,2.0617676393810833,17.09109025041723,0,0,0,0.45552506647484253
NLD,2015,0,0.7563363040378056,49.1457035076503,2.0617676393810833,17.09109025041723,0,1,1,2.8755160020555475
NLD,2016,0,0.14332044706136157,27.189865435160975,2.0617676393810833,17.09109025041723,0,1,1,1.5908795189058937
NLD,2017,0,0.06810488241491393,12.599812012996429,2.0617676393810833,17.09109025041723,0,0,0,0.7372152290102639
NLD,2018,0,1.2052202911143053,25.98505501442107,2.0617676393810833,17.09109025041723,0,1,1,1.5203860393743296
NLD,2019,0,0.8342117825148803,18.706401796801316,2.0617676393810833,17.09109025041723,0,1,1,1.094511907825462
NLD,2020,1,0.5289771015699926,29.994493104615245,2.0617676393810833,17.09109025041723,0,1,1,1.7549783346257277
NLD,2021,0,0.8196620954383917,18.91545247247403,2.0617676393810833,17.09109025041723,0,1,1,1.106743466644105
NLD,2022,1,0.4563133423903107,9.520376320857032,2.0617676393810833,17.09109025041723,0,0,0,0.5570373909075004
NLD,2023,0,0.9246611832144422,27.440379041797744,2.0617676393810833,17.09109025041723,0,1,1,1.6055370745659636
NLD,2024,0,0.5033717473928931,7.352239199214062,2.0617676393810833,17.09109025041723,0,0,0,0.4301796486642845
NOR,1990,0,0.4036571281578781,1.7444808731673123,2.0617676393810833,17.09109025041723,0,0,0,0.19578206605233694
NOR,1991,0,0.15588539350985406,2.210273178148804,2.0617676393810833,17.09109025041723,0,0,0,0.12932312367227985
NOR,1992,1,0.10642773247323158,2.2454227061149914,2.0617676393810833,17.09109025041723,0,0,0,0.13137972318999228
NOR,1993,1,0.11469822183576797,1.6279676985166076,2.0617676393810833,17.09109025041723,0,0,0,0.09525241951588578
NOR,1994,0,0.11482334202858273,2.5006915484220285,2.0617676393810833,17.09109025041723,0,0,0,0.14631550777522698
NOR,1995,1,0.2830573520156129,1.7559591735852937,2.0617676393810833,17.09109025041723,0,0,0,0.1372886772539427
NOR,1996,0,0.22403602699494699,3.806454162961998,2.0617676393810833,17.09109025041723,0,0,0,0.22271570199385463
NOR,1997,0,0.44683918482263724,3.773378545675232,2.0617676393810833,17.09109025041723,0,0,0,0.22078044702754496
NOR,1998,0,0.7044985796236846,2.440252667255989,2.0617676393810833,17.09109025041723,0,0,0,0.34169639981116695
NOR,1999,0,0.4510879181152624,2.8303720761113973,2.0617676393810833,17.09109025041723,0,0,0,0.21878698137423153
NOR,2000,0,0.6234180339960468,9.576835284069187,2.0617676393810833,17.09109025041723,0,0,0,0.560340805867279
NOR,2001,0,0.5704087750244962,10.507707661191438,2.0617676393810833,17.09109025041723,0,0,0,0.6148061655069033
NOR,2002,0,0.3773253220867141,7.372672159755199,2.0617676393810833,17.09109025041723,0,0,0,0.43137518155550175
NOR,2003,0,0.28792496448386545,7.359967919124081,2.0617676393810833,17.09109025041723,0,0,0,0.4306318562061544
NOR,2004,0,0.3935055613113907,7.967341979362146,2.0617676393810833,17.09109025041723,0,0,0,0.4661693234676849
NOR,2005,0,1.0343337974239164,11.178297873961814,2.0617676393810833,17.09109025041723,0,0,0,0.6540424109976791
NOR,2006,0,1.320529914860219,11.159872751640211,2.0617676393810833,17.09109025041723,0,0,0,0.6529643567570403
NOR,2007,0,1.7665335279496253,8.251216485726072,2.0617676393810833,17.09109025041723,0,0,0,0.8568053422741257
NOR,2008,0,2.173065456673444,11.833338985350963,2.0617676393810833,17.09109025041723,1,0,1,1.0539817461320573
NOR,2009,0,1.3976404121184607,10.421401012039311,2.0617676393810833,17.09109025041723,0,0,0,0.6778845420903079
NOR,2010,0,1.4711522716429575,8.089142698341398,2.0617676393810833,17.09109025041723,0,0,0,0.7135393162367117
NOR,2011,0,1.6108958285540798,9.474284784139426,2.0617676393810833,17.09109025041723,0,0,0,0.7813178351357044
NOR,2012,0,1.7103435692463738,9.099955125601639,2.0617676393810833,17.09109025041723,0,0,0,0.8295520487264013
NOR,2013,0,1.9327652409885676,8.001918169465712,2.0617676393810833,17.09109025041723,0,0,0,0.937431165409483
NOR,2014,0,1.8044660933839403,7.863886133402028,2.0617676393810833,17.09109025041723,0,0,0,0.8752034220139464
NOR,2015,0,1.532402967472473,5.6328241919458995,2.0617676393810833,17.09109025041723,0,0,0,0.7432471720879668
NOR,2016,0,1.1691987846361958,7.244706924559404,2.0617676393810833,17.09109025041723,0,0,0,0.5670856222125857
NOR,2017,0,1.2891613998050881,5.237094788126541,2.0617676393810833,17.09109025041723,0,0,0,0.6252699747446216
NOR,2018,0,1.8084594481234928,7.391806309870221,2.0617676393810833,17.09109025041723,0,0,0,0.8771402817566627
NOR,2019,0,1.942635392047535,5.851471840431469,2.0617676393810833,17.09109025041723,0,0,0,0.9422183930632889
NOR,2020,0,2.556924959565318,8.689639389464435,2.0617676393810833,17.09109025041723,1,0,1,1.240161553962926
NOR,2021,0,1.3392255503972084,11.340945942960714,2.0617676393810833,17.09109025041723,0,0,0,0.6635589524596803
NOR,2022,1,1.7465489577474695,24.646824716543524,2.0617676393810833,17.09109025041723,0,1,1,1.4420861604157664
NOR,2023,1,1.8112469315598743,14.314026142422307,2.0617676393810833,17.09109025041723,0,0,0,0.8784922689462659
NOR,2024,0,1.4024531735819896,11.46567276195541,2.0617676393810833,17.09109025041723,0,0,0,0.680218831062354
NZL,1990,1,0.10151735083977084,3.7470260501507724,2.0617676393810833,17.09109025041723,0,0,0,0.2192385620372755
NZL,1991,1,1.3652818498389723,8.793558145620853,2.0617676393810833,17.09109025041723,0,0,0,0.6621899693065377
NZL,1992,1,0.13861267959137744,3.216994640453579,2.0617676393810833,17.09109025041723,0,0,0,0.188226414659243
NZL,1993,1,0.06831079640301758,2.6115737932441454,2.0617676393810833,17.09109025041723,0,0,0,0.15280322992738227
NZL,1994,0,0.04659464518410108,1.438461866528255,2.0617676393810833,17.09109025041723,0,0,0,0.08416442985509008
NZL,1995,0,0.05252838697866537,1.0869761478925282,2.0617676393810833,17.09109025041723,0,0,0,0.06359899409377893
NZL,1996,0,0.05107160100981875,1.2010170989902078,2.0617676393810833,17.09109025041723,0,0,0,0.07027153220730832
NZL,1997,0,0.03357959888140468,1.322152001736648,2.0617676393810833,17.09109025041723,0,0,0,0.07735913756024847
NZL,1998,0,0.033790032529997134,1.9625898062678835,2.0617676393810833,17.09109025041723,0,0,0,0.11483116509901832
NZL,1999,0,0.04935482892239881,1.5131818295901236,2.0617676393810833,17.09109025041723,0,0,0,0.08853629624670571
NZL,2000,0,0.14173159172901245,1.926805367524211,2.0617676393810833,17.09109025041723,0,0,0,0.11273741694021967
NZL,2001,0,0.057573594729622375,0.6653011903774241,2.0617676393810833,17.09109025041723,0,0,0,0.03892678469480217
NZL,2002,0,0.053765850056723255,0.8727661309151787,2.0617676393810833,17.09109025041723,0,0,0,0.05106556212198766
NZL,2003,0,0.06140444835022192,2.3632415673956206,2.0617676393810833,17.09109025041723,0,0,0,0.13827330689672818
NZL,2004,0,0.02935417952555018,2.0021811852530877,2.0617676393810833,17.09109025041723,0,0,0,0.11714765740027673
NZL,2005,0,0.031631830808001735,3.4384335683158582,2.0617676393810833,17.09109025041723,0,0,0,0.2011828103377968
NZL,2006,0,0.0651342081628287,3.510786405898911,2.0617676393810833,17.09109025041723,0,0,0,0.2054161761747882
NZL,2007,0,0.033833178847255625,3.6993403204233584,2.0617676393810833,17.09109025041723,0,0,0,0.21644846912753557
NZL,2008,1,0.04520549432832801,7.012355457626723,2.0617676393810833,17.09109025041723,0,0,0,0.4102930447901377
NZL,2009,0,0.04849421680083265,3.0024991063902453,2.0617676393810833,17.09109025041723,0,0,0,0.17567627707758127
NZL,2010,0,0.05777265190739691,1.9783826674652827,2.0617676393810833,17.09109025041723,0,0,0,0.11575520569362074
NZL,2011,0,0.08887203861561677,1.7001894242776392,2.0617676393810833,17.09109025041723,0,0,0,0.09947811399779682
NZL,2012,0,0.0568858776993643,1.8619270096733742,2.0617676393810833,17.09109025041723,0,0,0,0.1089413830476918
NZL,2013,0,0.0469661933759234,2.065075470577482,2.0617676393810833,17.09109025041723,0,0,0,0.12082760317335924
NZL,2014,0,0.01665786171681279,1.8062553183987666,2.0617676393810833,17.09109025041723,0,0,0,0.10568403138323326
NZL,2015,0,0.03807136306497366,1.7800232015878028,2.0617676393810833,17.09109025041723,0,0,0,0.10414918975366996
NZL,2016,0,0.05309690529005144,2.098481360616808,2.0617676393810833,17.09109025041723,0,0,0,0.122782182404401
NZL,2017,0,0.047597134098890374,2.349778900359158,2.0617676393810833,17.09109025041723,0,0,0,0.13748560600467222
NZL,2018,0,0.021797930232963534,3.0425078061627513,2.0617676393810833,17.09109025041723,0,0,0,0.17801718682566064
NZL,2019,0,0.037761423535984176,2.8182076457990655,2.0617676393810833,17.09109025041723,0,0,0,0.16489338038164458
NZL,2020,0,0.179746863253276,4.4703375154027905,2.0617676393810833,17.09109025041723,0,0,0,0.26155952896531337
NZL,2021,0,0.11311981906823411,5.247455080617264,2.0617676393810833,17.09109025041723,0,0,0,0.3070286917763577
NZL,2022,1,0.15059887508045433,7.111205075875643,2.0617676393810833,17.09109025041723,0,0,0,0.41607673774363474
NZL,2023,1,0.060971583171973695,5.598232563637635,2.0617676393810833,17.09109025041723,0,0,0,0.3275526886589912
NZL,2024,0,0.01022917449062656,4.083147063898685,2.0617676393810833,17.09109025041723,0,0,0,0.23890500863741013
PAK,1990,0,0.9376232569422165,4.476393535870112,2.0617676393810833,17.09109025041723,0,0,0,0.45476669583565643
PAK,1991,0,0.8304923531670754,4.1812882447872,2.0617676393810833,17.09109025041723,0,0,0,0.4028059890475237
PAK,1992,0,0.8502679692246388,5.519253970169762,2.0617676393810833,17.09109025041723,0,0,0,0.4123975723471334
PAK,1993,0,0.48955293499440333,6.022054915533887,2.0617676393810833,17.09109025041723,0,0,0,0.3523505421420892
PAK,1994,0,0.6332995748783116,4.362605195473236,2.0617676393810833,17.09109025041723,0,0,0,0.30716340812702836
PAK,1995,0,1.07556110782037,4.724603423823377,2.0617676393810833,17.09109025041723,0,0,0,0.52166940991626
PAK,1996,0,1.1418939573242148,5.207729828149536,2.0617676393810833,17.09109025041723,0,0,0,0.5538422155403492
PAK,1997,0,0.6977914003366668,6.205856301048907,2.0617676393810833,17.09109025041723,0,0,0,0.36310476453644663
PAK,1998,0,0.8397108786564109,5.080380992790658,2.0617676393810833,17.09109025041723,0,0,0,0.4072771648062541
PAK,1999,0,1.3511453843953558,5.150212609717568,2.0617676393810833,17.09109025041723,0,0,0,0.6553334908297196
PAK,2000,0,0.8938880870577495,6.364787558548121,2.0617676393810833,17.09109025041723,0,0,0,0.4335542327776972
PAK,2001,0,0.8408737807174091,6.423333166360263,2.0617676393810833,17.09109025041723,0,0,0,0.40784119638711025
PAK,2002,0,0.7022383175383037,7.427133957208886,2.0617676393810833,17.09109025041723,0,0,0,0.4345617423105921
PAK,2003,0,1.0416739895223706,7.6037402403461085,2.0617676393810833,17.09109025041723,0,0,0,0.5052334558103104
PAK,2004,0,1.5252549077288924,8.685062942571035,2.0617676393810833,17.09109025041723,0,0,0,0.7397802150909473
PAK,2005,0,1.682025888459016,7.146535449469525,2.0617676393810833,17.09109025041723,0,0,0,0.8158173871445276
PAK,2006,0,1.1183827680275413,5.687112031810473,2.0617676393810833,17.09109025041723,0,0,0,0.542438801863854
PAK,2007,0,1.1675014902861767,5.486860232483399,2.0617676393810833,17.09109025041723,0,0,0,0.5662623993054067
PAK,2008,1,1.1960577365171101,7.389355042202336,2.0617676393810833,17.09109025041723,0,0,0,0.5801127700676064
PAK,2009,0,1.2186528477062637,4.888062956928692,2.0617676393810833,17.09109025041723,0,0,0,0.5910718668918908
PAK,2010,0,1.1120432663127477,5.809660781665369,2.0617676393810833,17.09109025041723,0,0,0,0.5393640122543436
PAK,2011,0,1.5378095483138208,5.1623724290075,2.0617676393810833,17.09109025041723,0,0,0,0.7458694757550137
PAK,2012,0,1.2144442316528972,3.2461291376955392,2.0617676393810833,17.09109025041723,0,0,0,0.5890306009543627
PAK,2013,0,1.4536482819044019,3.7234660856421993,2.0617676393810833,17.09109025041723,0,0,0,0.7050495187424558
PAK,2014,0,1.637827686834848,4.431844475044322,2.0617676393810833,17.09109025041723,0,0,0,0.7943803441043935
PAK,2015,0,1.0335850711174959,3.533324899308557,2.0617676393810833,17.09109025041723,0,0,0,0.5013101628793462
PAK,2016,0,1.5557606593381514,6.16064602436563,2.0617676393810833,17.09109025041723,0,0,0,0.7545761363318183
PAK,2017,0,1.1811011415237882,4.081435079761147,2.0617676393810833,17.09109025041723,0,0,0,0.5728585117760118
PAK,2018,0,1.2742672929701933,4.680568992653962,2.0617676393810833,17.09109025041723,0,0,0,0.6180460245038633
PAK,2019,0,1.1124313480499508,2.988615755124284,2.0617676393810833,17.09109025041723,0,0,0,0.5395522399332491
PAK,2020,1,0.3564818938590639,5.872494986851121,2.0617676393810833,17.09109025041723,0,0,0,0.34359978800695645
PAK,2021,1,1.3986524496763566,4.257611148552059,2.0617676393810833,17.09109025041723,0,0,0,0.6783754012630708
PAK,2022,1,1.6100553211415727,3.045349684853218,2.0617676393810833,17.09109025041723,0,0,0,0.780910171635486
PAK,2023,1,0.803484972275475,5.791648528541918,2.0617676393810833,17.09109025041723,0,0,0,0.38970685004866557
PAK,2024,1,1.2957620590941359,3.4949965832286445,2.0617676393810833,17.09109025041723,0,0,0,0.628471431185673
PER,1990,1,0.5835084307633658,711.7159859087935,2.0617676393810833,17.09109025041723,0,1,1,41.64251522172022
PER,1991,0,0.3141671930856443,234.7089026811213,2.0617676393810833,17.09109025041723,0,1,1,13.73282214546796
PER,1992,0,0.3147279787009203,11.41504529744612,2.0617676393810833,17.09109025041723,0,0,0,0.6678945070322505
PER,1993,0,0.6402581763446147,5.2989768701030995,2.0617676393810833,17.09109025041723,0,0,0,0.3105384739362832
PER,1994,0,0.49579452777627064,13.9834688265011,2.0617676393810833,17.09109025041723,0,0,0,0.8181730142206541
PER,1995,1,0.11451382710706613,5.338714541093468,2.0617676393810833,17.09109025041723,0,0,0,0.3123682844611471
PER,1996,0,0.0719335735112626,3.6038203110395672,2.0617676393810833,17.09109025041723,0,0,0,0.21085959164902252
PER,1997,0,0.0722608920857025,3.0993117853957712,2.0617676393810833,17.09109025041723,0,0,0,0.18134078867906686
PER,1998,0,0.10892509375304618,5.353616605120015,2.0617676393810833,17.09109025041723,0,0,0,0.3132402044971544
PER,1999,0,0.03239717445684862,2.757678217456375,2.0617676393810833,17.09109025041723,0,0,0,0.16135180243337924
PER,2000,0,0.17008983018589074,1.9425665700490649,2.0617676393810833,17.09109025041723,0,0,0,0.11365960518531827
PER,2001,0,0.18597413701117163,3.620127802649743,2.0617676393810833,17.09109025041723,0,0,0,0.2118137432783943
PER,2002,0,0.5298082837207405,3.1613705459121175,2.0617676393810833,17.09109025041723,0,0,0,0.2569679888271902
PER,2003,0,0.6376014647008087,2.5712513824032723,2.0617676393810833,17.09109025041723,0,0,0,0.3092499137740898
PER,2004,0,0.7623707800323039,2.938334692430912,2.0617676393810833,17.09109025041723,0,0,0,0.3697656154217058
PER,2005,0,0.6955404606435249,3.977086558967331,2.0617676393810833,17.09109025041723,0,0,0,0.33735152660186163
PER,2006,0,0.3625212845865043,5.1788724834923645,2.0617676393810833,17.09109025041723,0,0,0,0.30301592277683614
PER,2007,0,0.18646475781699814,5.547001188867276,2.0617676393810833,17.09109025041723,0,0,0,0.3245551399935918
PER,2008,0,0.043846808139323054,6.263795617249054,2.0617676393810833,17.09109025041723,0,0,0,0.3664947949763556
PER,2009,0,0.08647633274365062,2.8486600646181786,2.0617676393810833,17.09109025041723,0,0,0,0.1666751519581167
PER,2010,0,0.1370518728657809,5.268261840272484,2.0617676393810833,17.09109025041723,0,0,0,0.3082460956605079
PER,2011,0,0.0715300921397374,2.5110020704143357,2.0617676393810833,17.09109025041723,0,0,0,0.14691877660367725
PER,2012,0,0.03056999596817691,3.2410110053399754,2.0617676393810833,17.09109025041723,0,0,0,0.18963161260358186
PER,2013,0,0.03185716328570613,2.8571928412627776,2.0617676393810833,17.09109025041723,0,0,0,0.16717440487408503
PER,2014,0,0.016342299533026836,2.444237938469912,2.0617676393810833,17.09109025041723,0,0,0,0.14301240603479015
PER,2015,0,0.008126781230215912,2.467549955925422,2.0617676393810833,17.09109025041723,0,0,0,0.14437639259819504
PER,2016,0,0.05824008860312968,1.6981018665513314,2.0617676393810833,17.09109025041723,0,0,0,0.09935597095743362
PER,2017,0,0.07522081707580235,1.8404652689331822,2.0617676393810833,17.09109025041723,0,0,0,0.10768565620840088
PER,2018,0,0.13067250323946195,1.6560248132811852,2.0617676393810833,17.09109025041723,0,0,0,0.0968940418087581
PER,2019,0,0.08137663195711041,2.0098699560534663,2.0617676393810833,17.09109025041723,0,0,0,0.11759752751901834
PER,2020,1,0.27860721531137184,30.879160081862914,2.0617676393810833,17.09109025041723,0,1,1,1.806740215482104
PER,2021,0,0.6851634785855063,17.17137242315617,2.0617676393810833,17.09109025041723,0,1,1,1.0046973113805293
PER,2022,0,0.07820265064515189,2.0836729128644107,2.0617676393810833,17.09109025041723,0,0,0,0.12191573985828924
PER,2023,0,0.07140800645692699,3.1836073613883515,2.0617676393810833,17.09109025041723,0,0,0,0.1862729243566327
PER,2024,0,0.12407778760398402,1.5001827651049573,2.0617676393810833,17.09109025041723,0,0,0,0.08777572074831999
PHL,1990,0,0.32879484881883536,6.69816509542458,2.0617676393810833,17.09109025041723,0,0,0,0.3919097610090183
PHL,1991,1,0.3017245992458808,11.628346465968095,2.0617676393810833,17.09109025041723,0,0,0,0.6803747622644624
PHL,1992,0,0.2769651770754751,9.863840649381583,2.0617676393810833,17.09109025041723,0,0,0,0.5771334949881728
PHL,1993,0,0.2761492662315132,7.394458914458077,2.0617676393810833,17.09109025041723,0,0,0,0.43264992496763405
PHL,1994,0,0.24558862383575705,5.297287140124816,2.0617676393810833,17.09109025041723,0,0,0,0.3099443664803945
PHL,1995,0,0.40548939395078476,5.2597532245253475,2.0617676393810833,17.09109025041723,0,0,0,0.30774825639908754
PHL,1996,0,0.4261158758957266,4.863320747180023,2.0617676393810833,17.09109025041723,0,0,0,0.2845529849718802
PHL,1997,0,0.3994448984361248,4.7633679907863105,2.0617676393810833,17.09109025041723,0,0,0,0.27870474738555817
PHL,1998,0,0.48947703199350273,10.889211126389933,2.0617676393810833,17.09109025041723,0,0,0,0.6371279401630977
PHL,1999,0,3.9258452017561027,6.442352108980272,2.0617676393810833,17.09109025041723,1,0,1,1.9041162189035967
PHL,2000,0,3.3479048117873917,5.916869241679645,2.0617676393810833,17.09109025041723,1,0,1,1.6238031618307824
PHL,2001,0,2.266045213890272,5.808516636055859,2.0617676393810833,17.09109025041723,1,0,1,1.0990788537987288
PHL,2002,0,1.5490696708852334,5.174319883886904,2.0617676393810833,17.09109025041723,0,0,0,0.7513308683757616
PHL,2003,0,1.7469534240069164,5.039610974440567,2.0617676393810833,17.09109025041723,0,0,0,0.8473085863988679
PHL,2004,0,1.3109732692922242,4.812275529281285,2.0617676393810833,17.09109025041723,0,0,0,0.6358491831241283
PHL,2005,0,2.052088882251784,5.353681446178874,2.0617676393810833,17.09109025041723,0,0,0,0.9953056023654514
PHL,2006,0,1.791091079170021,8.014154326571962,2.0617676393810833,17.09109025041723,0,0,0,0.8687162631515954
PHL,2007,0,1.804174474168192,8.326979000118508,2.0617676393810833,17.09109025041723,0,0,0,0.8750619806554838
PHL,2008,0,1.936664296655875,4.395958167734443,2.0617676393810833,17.09109025041723,0,0,0,0.9393222881494236
PHL,2009,0,1.6588914550034135,7.961224729120651,2.0617676393810833,17.09109025041723,0,0,0,0.8045967078527781
PHL,2010,0,1.6832243757889325,5.867641453097212,2.0617676393810833,17.09109025041723,0,0,0,0.8163986783177057
PHL,2011,0,1.2821035128326108,4.064376400795773,2.0617676393810833,17.09109025041723,0,0,0,0.621846753408877
PHL,2012,0,1.1690041613817783,5.020441693627745,2.0617676393810833,17.09109025041723,0,0,0,0.5669912259039523
PHL,2013,0,0.9137402217256234,5.051021200252659,2.0617676393810833,17.09109025041723,0,0,0,0.44318292918784813
PHL,2014,0,1.0885958995107787,4.629485077556456,2.0617676393810833,17.09109025041723,0,0,0,0.5279915538094107
PHL,2015,0,0.9519750312763804,3.787977842485336,2.0617676393810833,17.09109025041723,0,0,0,0.4617276035829873
PHL,2016,0,0.8400046665051575,3.102071541256927,2.0617676393810833,17.09109025041723,0,0,0,0.4074196579966287
PHL,2017,0,0.8651422035708911,2.70699405175629,2.0617676393810833,17.09109025041723,0,0,0,0.4196118840193825
PHL,2018,0,0.7492907331719568,2.3667948123992213,2.0617676393810833,17.09109025041723,0,0,0,0.36342152183399506
PHL,2019,0,0.3583329160760934,2.135448570861979,2.0617676393810833,17.09109025041723,0,0,0,0.17379888462293475
PHL,2020,1,0.1913476926914748,31.192839913795126,2.0617676393810833,17.09109025041723,0,1,1,1.825093628127886
PHL,2021,0,0.6914956250021494,1.7810184380813818,2.0617676393810833,17.09109025041723,0,0,0,0.3353896975556992
PHL,2022,0,0.45046111382141146,4.184211580239075,2.0617676393810833,17.09109025041723,0,0,0,0.24481829531834162
PHL,2023,0,0.5260951327119738,1.9847291552718769,2.0617676393810833,17.09109025041723,0,0,0,0.2551670336963388
PHL,2024,0,0.8074324591790045,2.3037956287324834,2.0617676393810833,17.09109025041723,0,0,0,0.3916214629410837
POL,1990,1,2.2350673696167034,472.7806316604939,2.0617676393810833,17.09109025041723,1,1,1,27.662403318533308
POL,1991,1,1.0970473306741393,26.993038662543835,2.0617676393810833,17.09109025041723,0,1,1,1.579363180876356
POL,1992,0,0.3144287552860431,5.8174908635810425,2.0617676393810833,17.09109025041723,0,0,0,0.3403814957585298
POL,1993,0,0.5781393525647299,5.484647890892442,2.0617676393810833,17.09109025041723,0,0,0,0.3209068474001271
POL,1994,0,0.0764835914800326,7.041651346442114,2.0617676393810833,17.09109025041723,0,0,0,0.4120071477751521
POL,1995,0,0.030229108870125088,8.776858453294299,2.0617676393810833,17.09109025041723,0,0,0,0.5135341470144092
POL,1996,0,0.0578074727124961,4.180449486849148,2.0617676393810833,17.09109025041723,0,0,0,0.24459817516598123
POL,1997,0,0.06296037425934767,3.0649400526139923,2.0617676393810833,17.09109025041723,0,0,0,0.1793296979716768
POL,1998,0,0.1749383835311501,1.4018879771642658,2.0617676393810833,17.09109025041723,0,0,0,0.08484873862103316
POL,1999,0,0.3142573059547588,3.3781979842974654,2.0617676393810833,17.09109025041723,0,0,0,0.19765842522626642
POL,2000,0,0.3932112756094689,5.524085508487746,2.0617676393810833,17.09109025041723,0,0,0,0.32321434311967845
POL,2001,1,0.31775061290539974,8.406364285658613,2.0617676393810833,17.09109025041723,0,0,0,0.4918565265579471
POL,2002,1,0.0951844824370972,11.424375684734198,2.0617676393810833,17.09109025041723,0,0,0,0.6684404281614102
POL,2003,1,0.039375296954806696,11.307423439314904,2.0617676393810833,17.09109025041723,0,0,0,0.6615975501644118
POL,2004,1,0.006047386350256034,10.673085227058717,2.0617676393810833,17.09109025041723,0,0,0,0.6244824098800932
POL,2005,0,0.028773754742126213,7.75429130585343,2.0617676393810833,17.09109025041723,0,0,0,0.4537037247032342
POL,2006,0,0.02479089978762379,5.68564948052691,2.0617676393810833,17.09109025041723,0,0,0,0.33266745404893705
POL,2007,0,0.03671215695462382,4.559206838970399,2.0617676393810833,17.09109025041723,0,0,0,0.2667592746963055
POL,2008,0,0.10627888913676295,2.741362693822974,2.0617676393810833,17.09109025041723,0,0,0,0.1603971808501831
POL,2009,0,0.2695129019448175,1.3406661616053703,2.0617676393810833,17.09109025041723,0,0,0,0.1307193384923443
POL,2010,0,0.3374256095638712,2.2422199978710666,2.0617676393810833,17.09109025041723,0,0,0,0.16365840801787057
POL,2011,0,0.2525482131032479,2.8810087428388536,2.0617676393810833,17.09109025041723,0,0,0,0.1685678737065075
POL,2012,0,0.2396511274057016,2.8772569255217153,2.0617676393810833,17.09109025041723,0,0,0,0.16834835480735205
POL,2013,0,0.3355165489893998,3.1877793304268156,2.0617676393810833,17.09109025041723,0,0,0,0.18651702634061013
POL,2014,0,0.39160202507278064,1.64779261866282,2.0617676393810833,17.09109025041723,0,0,0,0.18993509142006643
POL,2015,0,0.5076704930326433,1.175532766742286,2.0617676393810833,17.09109025041723,0,0,0,0.24623070191607024
POL,2016,0,0.7286223312012727,1.0671799134977729,2.0617676393810833,17.09109025041723,0,0,0,0.3533969188787908
POL,2017,0,1.2926664183922107,1.608180814584323,2.0617676393810833,17.09109025041723,0,0,0,0.626969981340988
POL,2018,0,1.1901596934258878,2.6625766498296057,2.0617676393810833,17.09109025041723,0,0,0,0.5772520970322139
POL,2019,0,1.1396380725799389,1.3244365310906083,2.0617676393810833,17.09109025041723,0,0,0,0.5527480647247155
POL,2020,1,0.9911758640269445,4.495901056498194,2.0617676393810833,17.09109025041723,0,0,0,0.48074081923435513
POL,2021,0,1.925749308341607,4.036967042937002,2.0617676393810833,17.09109025041723,0,0,0,0.9340282927904003
POL,2022,0,1.5478109258230686,3.015168328241479,2.0617676393810833,17.09109025041723,0,0,0,0.7507203509546313
POL,2023,0,1.7764071007510809,2.809531058737186,2.0617676393810833,17.09109025041723,0,0,0,0.8615942295438956
POL,2024,0,2.419846237983312,1.1147913210827325,2.0617676393810833,17.09109025041723,1,0,1,1.1736755353817268
PRT,1990,1,0.5002817504660536,0.8883721691165501,2.0617676393810833,17.09109025041723,0,0,0,0.24264700876585293
PRT,1991,1,0.23408670934354286,0.9908984716771942,2.0617676393810833,17.09109025041723,0,0,0,0.11353690147829304
PRT,1992,0,0.28126176090483057,1.4602531570810293,2.0617676393810833,17.09109025041723,0,0,0,0.1364177783822729
PRT,1993,1,0.17351464474194772,4.915459219944379,2.0617676393810833,17.09109025041723,0,0,0,0.28760360795733214
PRT,1994,0,0.08242774724604963,1.3368831055100985,2.0617676393810833,17.09109025041723,0,0,0,0.07822105470875167
PRT,1995,0,0.1174903726193808,0.5062036015286471,2.0617676393810833,17.09109025041723,0,0,0,0.05698526370054481
PRT,1996,0,0.04907249186358621,0.9001935562561411,2.0617676393810833,17.09109025041723,0,0,0,0.0526703412752832
PRT,1997,0,0.07725374541941242,1.695066922145852,2.0617676393810833,17.09109025041723,0,0,0,0.0991783963053189
PRT,1998,0,0.13437705052092455,3.0601573271873943,2.0617676393810833,17.09109025041723,0,0,0,0.17904986062037143
PRT,1999,0,0.09900305803374444,5.031218891591495,2.0617676393810833,17.09109025041723,0,0,0,0.2943767084413279
PRT,2000,0,0.05087778777620439,7.112155758617025,2.0617676393810833,17.09109025041723,0,0,0,0.4161323622080459
PRT,2001,0,0.08733230498387694,7.0890411319077415,2.0617676393810833,17.09109025041723,0,0,0,0.4147799249807766
PRT,2002,0,0.01952717585136085,5.629977351755131,2.0617676393810833,17.09109025041723,0,0,0,0.3294100767865111
PRT,2003,0,0.03596649709648194,5.641248615791237,2.0617676393810833,17.09109025041723,0,0,0,0.330069558649339
PRT,2004,0,0.04950855447280366,3.9195022177059187,2.0617676393810833,17.09109025041723,0,0,0,0.22933014572374838
PRT,2005,0,0.032584647025576695,5.552045180612741,2.0617676393810833,17.09109025041723,0,0,0,0.3248502640419445
PRT,2006,0,0.0398221246679835,5.841811754761986,2.0617676393810833,17.09109025041723,0,0,0,0.3418045115418763
PRT,2007,0,0.08022795112563282,5.087440048563323,2.0617676393810833,17.09109025041723,0,0,0,0.2976662093536793
PRT,2008,0,0.05153942952984647,8.656525236368278,2.0617676393810833,17.09109025041723,0,0,0,0.506493448313337
PRT,2009,1,0.02372395684749393,11.124333732553431,2.0617676393810833,17.09109025041723,0,0,0,0.6508849681068101
PRT,2010,0,0.09510160217496308,6.234724868246383,2.0617676393810833,17.09109025041723,0,0,0,0.3647938649258598
PRT,2011,1,0.046138396260671746,7.184096512834721,2.0617676393810833,17.09109025041723,0,0,0,0.4203416170398691
PRT,2012,1,0.062473673201625515,12.341157681418116,2.0617676393810833,17.09109025041723,0,0,0,0.7220813593864699
PRT,2013,1,0.10441866094246843,8.943480520077784,2.0617676393810833,17.09109025041723,0,0,0,0.523283207158739
PRT,2014,1,0.25940249353517664,5.263993272307888,2.0617676393810833,17.09109025041723,0,0,0,0.30799634167161355
PRT,2015,0,0.4377121622330087,3.997509355083728,2.0617676393810833,17.09109025041723,0,0,0,0.23389434474410667
PRT,2016,0,0.42966520294201155,2.8418572144643477,2.0617676393810833,17.09109025041723,0,0,0,0.20839652089553196
PRT,2017,0,0.4622645392418519,1.8405867959260793,2.0617676393810833,17.09109025041723,0,0,0,0.22420787406509973
PRT,2018,0,0.5011923859091388,1.1869106830290805,2.0617676393810833,17.09109025041723,0,0,0,0.2430886858131067
PRT,2019,0,0.4166375620632515,1.2281653010653997,2.0617676393810833,17.09109025041723,0,0,0,0.2020778452941093
PRT,2020,1,0.11923508282140846,19.797534306728984,2.0617676393810833,17.09109025041723,0,1,1,1.1583540907371712
PRT,2021,0,0.2662702492854813,2.097084625628381,2.0617676393810833,17.09109025041723,0,0,0,0.12914658480400454
PRT,2022,0,0.481622347713803,4.226056979853271,2.0617676393810833,17.09109025041723,0,0,0,0.24726667040741324
PRT,2023,0,0.10688342939807727,1.097502307804865,2.0617676393810833,17.09109025041723,0,0,0,0.06421487990083444
PRT,2024,0,0.04817253724892563,1.1850700420034015,2.0617676393810833,17.09109025041723,0,0,0,0.06933846961427585
ROU,1990,1,2.540141782932236,122.14247164779512,2.0617676393810833,17.09109025041723,1,1,1,7.14655822760127
ROU,1991,1,2.6612596539040645,118.59646535135272,2.0617676393810833,17.09109025041723,1,1,1,6.939081334993098
ROU,1992,1,2.573640865011515,94.75843165896703,2.0617676393810833,17.09109025041723,1,1,1,5.5443175520446255
ROU,1993,1,0.9616903921255797,91.79878132720597,2.0617676393810833,17.09109025041723,0,1,1,5.37114835754641
ROU,1994,0,0.11923915001156808,28.373144846296523,2.0617676393810833,17.09109025041723,0,1,1,1.6601132186756706
ROU,1995,0,0.1920349123231283,5.158192088963627,2.0617676393810833,17.09109025041723,0,0,0,0.30180591251852434
ROU,1996,0,0.34924160777310714,6.864834509718304,2.0617676393810833,17.09109025041723,0,0,0,0.4016615914570294
ROU,1997,1,0.11313030783464711,46.566913621760996,2.0617676393810833,17.09109025041723,0,1,1,2.7246309591410762
ROU,1998,1,0.5078280127269728,13.433191629768663,2.0617676393810833,17.09109025041723,0,0,0,0.785976285476623
ROU,1999,0,1.1035289906906538,7.019902544533467,2.0617676393810833,17.09109025041723,0,0,0,0.5352344122647688
ROU,2000,0,0.3099895264542072,4.031915991676649,2.0617676393810833,17.09109025041723,0,0,0,0.2359074776741186
ROU,2001,0,0.5434065299488088,4.489941643315072,2.0617676393810833,17.09109025041723,0,0,0,0.26356341983907194
ROU,2002,0,0.6409489332665802,4.067097415550568,2.0617676393810833,17.09109025041723,0,0,0,0.31087350534756913
ROU,2003,0,0.20955495511709984,3.1434195240270384,2.0617676393810833,17.09109025041723,0,0,0,0.18392153326498878
ROU,2004,0,0.41706453991429876,11.83182184892072,2.0617676393810833,17.09109025041723,0,0,0,0.6922801106051077
ROU,2005,0,0.32086076854232587,4.937454244160088,2.0617676393810833,17.09109025041723,0,0,0,0.2888905372224311
ROU,2006,0,0.08001217370434206,8.920050490202406,2.0617676393810833,17.09109025041723,0,0,0,0.5219123156865109
ROU,2007,1,0.2741074172113715,10.901087572153296,2.0617676393810833,17.09109025041723,0,0,0,0.6378228312197448
ROU,2008,0,0.4613398815730763,12.78972605736123,2.0617676393810833,17.09109025041723,0,0,0,0.7483271031845967
ROU,2009,1,0.8932122915635472,15.716816284311426,2.0617676393810833,17.09109025041723,0,0,0,0.9195912053608015
ROU,2010,1,0.4801780960340194,13.525517108380866,2.0617676393810833,17.09109025041723,0,0,0,0.7913782509018509
ROU,2011,0,0.07934888778404704,4.786340772859618,2.0617676393810833,17.09109025041723,0,0,0,0.2800488852806083
ROU,2012,0,0.12787241135647068,2.920274389156637,2.0617676393810833,17.09109025041723,0,0,0,0.17086530738349748
ROU,2013,0,0.18135650621267918,2.7863655955631943,2.0617676393810833,17.09109025041723,0,0,0,0.16303030144581754
ROU,2014,0,0.1126749071760732,1.506657614881011,2.0617676393810833,17.09109025041723,0,0,0,0.08815456432594931
ROU,2015,0,0.153538794706206,1.062885980146157,2.0617676393810833,17.09109025041723,0,0,0,0.07446949490016072
ROU,2016,0,0.19595587347317328,1.4898486946964014,2.0617676393810833,17.09109025041723,0,0,0,0.09504265647121941
ROU,2017,0,0.6582285274245344,5.186471605777588,2.0617676393810833,17.09109025041723,0,0,0,0.3192544663384698
ROU,2018,0,0.7280743819887752,2.8633940052021334,2.0617676393810833,17.09109025041723,0,0,0,0.3531311521638461
ROU,2019,0,0.3549307346634655,2.325456831621171,2.0617676393810833,17.09109025041723,0,0,0,0.1721487561857413
ROU,2020,1,0.15466557149859758,9.428635279743117,2.0617676393810833,17.09109025041723,0,0,0,0.5516696209308791
ROU,2021,0,0.24907739042073557,4.448395372433045,2.0617676393810833,17.09109025041723,0,0,0,0.2602756937828732
ROU,2022,0,0.14639044248325686,6.542899491709913,2.0617676393810833,17.09109025041723,0,0,0,0.3828251677244631
ROU,2023,0,0.06317524004159311,3.947422967720308,2.0617676393810833,17.09109025041723,0,0,0,0.23096378931261816
ROU,2024,0,0.08624659168666038,5.25211873897913,2.0617676393810833,17.09109025041723,0,0,0,0.3073015625115498
RUS,1990,1,5.431299746363641,713.402263966758,2.0617676393810833,17.09109025041723,1,1,1,41.74117938142315
RUS,1991,1,9.392532252492815,722.0013400622995,2.0617676393810833,17.09109025041723,1,1,1,42.24431147946655
RUS,1992,1,7.714444776388817,755.0659193599162,2.0617676393810833,17.09109025041723,1,1,1,44.1789206128312
RUS,1993,1,5.322410403445441,729.5239509947036,2.0617676393810833,17.09109025041723,1,1,1,42.684459581324504
RUS,1994,1,4.24952815375811,162.2765215755336,2.0617676393810833,17.09109025041723,1,1,1,9.49480221553286
RUS,1995,1,2.2403029376642554,60.571250450354306,2.0617676393810833,17.09109025041723,1,1,1,3.544024960541978
RUS,1996,1,1.390375634540753,9.819936574743334,2.0617676393810833,17.09109025041723,0,0,0,0.6743609745267543
RUS,1997,1,0.3106107480254409,2.05875300996964,2.0617676393810833,17.09109025041723,0,0,0,0.15065264489197355
RUS,1998,1,0.2309798295895161,14.094334381323467,2.0617676393810833,17.09109025041723,0,0,0,0.8246597598406218
RUS,1999,1,0.3698724212063839,22.57575124137513,2.0617676393810833,17.09109025041723,0,1,1,1.320907613885194
RUS,2000,0,0.45941676645591595,25.520867833215632,2.0617676393810833,17.09109025041723,0,1,1,1.493226438997513
RUS,2001,0,0.5608029870819405,6.66067466888212,2.0617676393810833,17.09109025041723,0,0,0,0.3897161954732243
RUS,2002,0,0.3033648966297366,4.450719988634568,2.0617676393810833,17.09109025041723,0,0,0,0.2604117071189134
RUS,2003,0,0.32159987420226105,7.1544814749844665,2.0617676393810833,17.09109025041723,0,0,0,0.4186088406390464
RUS,2004,0,0.3138091512014613,8.379344737856083,2.0617676393810833,17.09109025041723,0,0,0,0.49027561232681016
RUS,2005,0,0.3568993305809695,8.205586251275962,2.0617676393810833,17.09109025041723,0,0,0,0.4801090001309686
RUS,2006,0,0.37776308470939096,9.438249216375562,2.0617676393810833,17.09109025041723,0,0,0,0.5522321325373115
RUS,2007,0,0.31450147226729447,7.3232820479819685,2.0617676393810833,17.09109025041723,0,0,0,0.4284853652214019
RUS,2008,0,0.1847864643208225,3.1847460854599023,2.0617676393810833,17.09109025041723,0,0,0,0.18633955112267667
RUS,2009,1,0.09423627225185749,20.005248169042023,2.0617676393810833,17.09109025041723,0,1,1,1.1705074325819356
RUS,2010,0,0.24948516273657856,2.7150283596511064,2.0617676393810833,17.09109025041723,0,0,0,0.15885635848098262
RUS,2011,0,0.143896418399569,3.4217328073156086,2.0617676393810833,17.09109025041723,0,0,0,0.20020564850929135
RUS,2012,0,0.1789959274494011,2.934718091812595,2.0617676393810833,17.09109025041723,0,0,0,0.17171040868741255
RUS,2013,0,0.18519504839383175,2.6260002019644926,2.0617676393810833,17.09109025041723,0,0,0,0.15364731936281165
RUS,2014,0,0.04953503336550041,3.1555894393194417,2.0617676393810833,17.09109025041723,0,0,0,0.18463359522909353
RUS,2015,0,0.10857044305736972,5.769272906469312,2.0617676393810833,17.09109025041723,0,0,0,0.3375602622148971
RUS,2016,0,0.08422410201735633,2.8274802589289054,2.0617676393810833,17.09109025041723,0,0,0,0.1654359211437597
RUS,2017,0,0.13282671250236375,1.8703891954170582,2.0617676393810833,17.09109025041723,0,0,0,0.10943650568876949
RUS,2018,0,0.3209209189927511,3.1004507958986736,2.0617676393810833,17.09109025041723,0,0,0,0.1814074322042144
RUS,2019,0,0.4114379028123187,2.286847317051244,2.0617676393810833,17.09109025041723,0,0,0,0.19955590288332742
RUS,2020,1,0.1460138940435078,7.15079289925024,2.0617676393810833,17.09109025041723,0,0,0,0.4183930220060521
RUS,2021,0,0.7194231308969855,5.157200531779412,2.0617676393810833,17.09109025041723,0,0,0,0.348935116234993
RUS,2022,0,0.3189116662866664,8.745614318225957,2.0617676393810833,17.09109025041723,0,0,0,0.5117060521058601
RUS,2023,0,0.29320045861108135,3.709957101652553,2.0617676393810833,17.09109025041723,0,0,0,0.21706965718948124
RUS,2024,0,0.36308092643004664,3.7591451806855742,2.0617676393810833,17.09109025041723,0,0,0,0.21994765258429347
SAU,1990,1,2.1968527548463026,7.109626186191541,2.0617676393810833,17.09109025041723,1,0,1,1.0655190783311401
SAU,1991,1,2.1200163671495025,11.480449135816436,2.0617676393810833,17.09109025041723,1,0,1,1.0282518391771367
SAU,1992,1,1.746968519970367,8.44218339732238,2.0617676393810833,17.09109025041723,0,0,0,0.8473159082537473
SAU,1993,0,1.1865880240752897,12.309372318636832,2.0617676393810833,17.09109025041723,0,0,0,0.7202215972346371
SAU,1994,0,0.8589547958630941,6.022171577765387,2.0617676393810833,17.09109025041723,0,0,0,0.4166108631528146
SAU,1995,0,0.6754945785876311,5.1875768495887336,2.0617676393810833,17.09109025041723,0,0,0,0.32762885869641745
SAU,1996,0,0.6679906206227912,2.4376409859177617,2.0617676393810833,17.09109025041723,0,0,0,0.3239892836921786
SAU,1997,0,0.6687966886172344,2.270518904705795,2.0617676393810833,17.09109025041723,0,0,0,0.3243802433614676
SAU,1998,0,0.6379517521874712,5.17281235829564,2.0617676393810833,17.09109025041723,0,0,0,0.30941981045884315
SAU,1999,0,0.6281194209308931,5.682773463071977,2.0617676393810833,17.09109025041723,0,0,0,0.3324991782155763
SAU,2000,0,0.5428373669291018,5.198671660283093,2.0617676393810833,17.09109025041723,0,0,0,0.30417437296934186
SAU,2001,0,0.8564638313016264,6.099903478081168,2.0617676393810833,17.09109025041723,0,0,0,0.41540269375783107
SAU,2002,0,0.8990199363904181,7.643003506438038,2.0617676393810833,17.09109025041723,0,0,0,0.44719227354448354
SAU,2003,0,0.5553574088095862,12.02090061264127,2.0617676393810833,17.09109025041723,0,0,0,0.703343112493822
SAU,2004,0,0.6431315916689997,21.148160605993432,2.0617676393810833,17.09109025041723,0,1,1,1.2373792599613216
SAU,2005,0,1.1835488206541824,24.616413631819604,2.0617676393810833,17.09109025041723,0,1,1,1.4403068072979524
SAU,2006,0,1.554065570161361,22.22428784205705,2.0617676393810833,17.09109025041723,0,1,1,1.3003434840275625
SAU,2007,0,2.2253373602090534,20.60963016504155,2.0617676393810833,17.09109025041723,1,1,1,1.2058698341106955
SAU,2008,1,1.2540021064965514,22.919239917335695,2.0617676393810833,17.09109025041723,0,1,1,1.3410051425347886
SAU,2009,0,1.9316814726410887,10.872053278898209,2.0617676393810833,17.09109025041723,0,0,0,0.9369055153183775
SAU,2010,0,1.8372925362108017,10.864704655721464,2.0617676393810833,17.09109025041723,0,0,0,0.891124926552021
SAU,2011,0,0.6583775011517677,31.848417300123074,2.0617676393810833,17.09109025041723,0,1,1,1.863451472871696
SAU,2012,0,0.7514464700197669,23.055239945853316,2.0617676393810833,17.09109025041723,0,1,1,1.3489625066657458
SAU,2013,0,1.0099398060564158,16.96154190297583,2.0617676393810833,17.09109025041723,0,0,0,0.9924201238456255
SAU,2014,0,0.12309400098154527,8.273246682461064,2.0617676393810833,17.09109025041723,0,0,0,0.484067813184656
SAU,2015,0,1.3101513242393674,9.236194182060212,2.0617676393810833,17.09109025041723,0,0,0,0.6354505227527281
SAU,2016,0,0.5406370551276363,5.2955728733214045,2.0617676393810833,17.09109025041723,0,0,0,0.3098440646986887
SAU,2017,0,0.1105798728616042,2.353989763110067,2.0617676393810833,17.09109025041723,0,0,0,0.137731983660469
SAU,2018,0,1.3671224006353173,4.034030132165523,2.0617676393810833,17.09109025041723,0,0,0,0.6630826745567266
SAU,2019,0,0.2384306456700234,2.5108942351490535,2.0617676393810833,17.09109025041723,0,0,0,0.14691246716035317
SAU,2020,1,0.9921931969347196,15.303605173166375,2.0617676393810833,17.09109025041723,0,0,0,0.8954142157661814
SAU,2021,0,1.0896078288749365,5.634594892600209,2.0617676393810833,17.09109025041723,0,0,0,0.52848236050597
SAU,2022,0,0.5985083326998059,13.996359171897446,2.0617676393810833,17.09109025041723,0,0,0,0.8189272285631845
SAU,2023,0,1.1819222660497999,6.355184903471657,2.0617676393810833,17.09109025041723,0,0,0,0.5732567741749007
SAU,2024,0,1.0671210941686444,5.055961739882354,2.0617676393810833,17.09109025041723,0,0,0,0.517575828520124
SGP,1990,0,0.49641816417819995,29.68727884700545,2.0617676393810833,17.09109025041723,0,1,1,1.7370032228506147
SGP,1991,0,0.18075910752450353,24.169866111068274,2.0617676393810833,17.09109025041723,0,1,1,1.414179303773686
SGP,1992,0,0.36467235174889845,26.36433308247619,2.0617676393810833,17.09109025041723,0,1,1,1.5425776060033722
SGP,1993,1,0.14458824798471062,30.975703357771863,2.0617676393810833,17.09109025041723,0,1,1,1.8123889643035311
SGP,1994,0,0.18142577842415492,26.21280809937575,2.0617676393810833,17.09109025041723,0,1,1,1.5337118764986826
SGP,1995,0,0.3490793515053852,27.436097450676076,2.0617676393810833,17.09109025041723,0,1,1,1.6052865585919132
SGP,1996,0,0.7119456607744099,26.364493398167205,2.0617676393810833,17.09109025041723,0,1,1,1.5425869860773562
SGP,1997,0,1.221544795554768,24.90483354820853,2.0617676393810833,17.09109025041723,0,1,1,1.4571822618279455
SGP,1998,1,1.0498532806170542,34.466626013683275,2.0617676393810833,17.09109025041723,0,1,1,2.016642912106901
SGP,1999,0,0.5444848142151841,25.254352340292886,2.0617676393810833,17.09109025041723,0,1,1,1.4776326126811232
SGP,2000,0,0.04789237128798488,32.267543339227345,2.0617676393810833,17.09109025041723,0,1,1,1.8879745450083047
SGP,2001,0,0.16224175771721966,32.66488729207903,2.0617676393810833,17.09109025041723,0,1,1,1.9112231468838923
SGP,2002,1,0.974395548471557,30.045562193617755,2.0617676393810833,17.09109025041723,0,1,1,1.757966387947912
SGP,2003,1,3.474197282191071,34.542203053645004,2.0617676393810833,17.09109025041723,1,1,1,2.021064926083446
SGP,2004,1,1.6710161168601405,35.05863845786622,2.0617676393810833,17.09109025041723,0,1,1,2.0512815709349126
SGP,2005,1,1.5407843432552428,34.52678294531107,2.0617676393810833,17.09109025041723,0,1,1,2.020162695265634
SGP,2006,0,0.9046083319722157,36.95721920148318,2.0617676393810833,17.09109025041723,0,1,1,2.162367564619289
SGP,2007,0,0.9545264996545149,35.879841580379775,2.0617676393810833,17.09109025041723,0,1,1,2.0993301805017306
SGP,2008,1,0.7056863895414935,39.04947059862641,2.0617676393810833,17.09109025041723,0,1,1,2.284785231748052
SGP,2009,1,0.11735598682965247,34.2733576999841,2.0617676393810833,17.09109025041723,0,1,1,2.005334779573083
SGP,2010,0,0.5817227020387408,44.85338840120689,2.0617676393810833,17.09109025041723,0,1,1,2.624372567461688
SGP,2011,0,0.25962795269147015,32.533418101974696,2.0617676393810833,17.09109025041723,0,1,1,1.903530882190531
SGP,2012,0,0.07685295263037281,31.315046495715045,2.0617676393810833,17.09109025041723,0,1,1,1.83224393744867
SGP,2013,0,0.05149539949949766,31.744917617054632,2.0617676393810833,17.09109025041723,0,1,1,1.8573957045414156
SGP,2014,0,0.055659435011317517,30.346854887796166,2.0617676393810833,17.09109025041723,0,1,1,1.77559502893944
SGP,2015,0,0.11504713525246912,25.034225267764413,2.0617676393810833,17.09109025041723,0,1,1,1.4647529736819025
SGP,2016,0,0.03652724088436544,20.75737737050108,2.0617676393810833,17.09109025041723,0,1,1,1.2145145257772156
SGP,2017,0,0.2000972357114905,27.630690698301684,2.0617676393810833,17.09109025041723,0,1,1,1.6166722130337565
SGP,2018,0,0.5244107580560009,22.90499190133607,2.0617676393810833,17.09109025041723,0,1,1,1.3401714908606788
SGP,2019,0,0.20219393477291053,27.434022501432374,2.0617676393810833,17.09109025041723,0,1,1,1.6051651532740954
SGP,2020,1,0.46731176521248374,33.97685834098851,2.0617676393810833,17.09109025041723,0,1,1,1.9879865967098884
SGP,2021,0,2.0672788894681364,39.341169504069434,2.0617676393810833,17.09109025041723,1,1,1,2.3018525399869696
SGP,2022,1,0.7497748563015005,28.699244735445312,2.0617676393810833,17.09109025041723,0,1,1,1.67919332909407
SGP,2023,0,1.3907118938112397,27.81092183665563,2.0617676393810833,17.09109025041723,0,1,1,1.6272175402020772
SGP,2024,0,1.012763062506148,25.15792410433048,2.0617676393810833,17.09109025041723,0,1,1,1.4719905948490513
SWE,1990,1,0.496960593006077,3.769611922751666,2.0617676393810833,17.09109025041723,0,0,0,0.24103617862353213
SWE,1991,1,0.14537350273583077,5.262397969319441,2.0617676393810833,17.09109025041723,0,0,0,0.3079030004648752
SWE,1992,1,0.0559271225276735,4.499722540063875,2.0617676393810833,17.09109025041723,0,0,0,0.2632788472902732
SWE,1993,1,0.03677152041487675,5.881617881252165,2.0617676393810833,17.09109025041723,0,0,0,0.34413356872353895
SWE,1994,0,0.07893699834628828,1.5129226474002744,2.0617676393810833,17.09109025041723,0,0,0,0.08852113149208492
SWE,1995,0,0.027901323949294423,2.209566469469098,2.0617676393810833,17.09109025041723,0,0,0,0.1292817741346347
SWE,1996,0,0.04042122550167092,2.6049742401332097,2.0617676393810833,17.09109025041723,0,0,0,0.15241708995537112
SWE,1997,1,0.04761243267405765,2.7763454438952935,2.0617676393810833,17.09109025041723,0,0,0,0.16244402219030565
SWE,1998,0,0.06390265226285732,3.218674648965851,2.0617676393810833,17.09109025041723,0,0,0,0.18832471198771394
SWE,1999,0,0.16453680422950984,14.025121960562595,2.0617676393810833,17.09109025041723,0,0,0,0.8206101398487561
SWE,2000,0,0.08210535807010257,2.8493535846438967,2.0617676393810833,17.09109025041723,0,0,0,0.1667157298273782
SWE,2001,0,0.15067771503699967,3.4083816798856486,2.0617676393810833,17.09109025041723,0,0,0,0.19942447380163136
SWE,2002,0,0.06511422844837933,2.412185532122728,2.0617676393810833,17.09109025041723,0,0,0,0.14113701915908153
SWE,2003,0,0.07423258727994132,2.2185041787027067,2.0617676393810833,17.09109025041723,0,0,0,0.12980471966371765
SWE,2004,0,0.06455236628187962,1.9454809329111606,2.0617676393810833,17.09109025041723,0,0,0,0.1138301246091464
SWE,2005,0,0.08398428715828436,1.8589511072896836,2.0617676393810833,17.09109025041723,0,0,0,0.10876726294534092
SWE,2006,0,0.1242071142617717,2.6784447784379073,2.0617676393810833,17.09109025041723,0,0,0,0.15671585248182282
SWE,2007,0,0.40349096857500816,2.769963137841421,2.0617676393810833,17.09109025041723,0,0,0,0.19570147521382722
SWE,2008,0,0.7140698580032864,4.903642836858995,2.0617676393810833,17.09109025041723,0,0,0,0.34633866802645186
SWE,2009,1,0.3049969732110187,9.965693354698226,2.0617676393810833,17.09109025041723,0,0,0,0.5830928986203757
SWE,2010,0,0.0367250852077917,3.154173038519616,2.0617676393810833,17.09109025041723,0,0,0,0.18455072159265062
SWE,2011,0,0.1289283671320352,1.2556123713249858,2.0617676393810833,17.09109025041723,0,0,0,0.07346590258010799
SWE,2012,0,0.16424693712880908,3.277341134982281,2.0617676393810833,17.09109025041723,0,0,0,0.19175728914673973
SWE,2013,0,0.07932062614238167,1.9953806559369174,2.0617676393810833,17.09109025041723,0,0,0,0.11674975830685849
SWE,2014,0,0.059596190978384964,1.736148402360241,2.0617676393810833,17.09109025041723,0,0,0,0.10158207445647639
SWE,2015,0,0.041232135805362974,0.860669576442681,2.0617676393810833,17.09109025041723,0,0,0,0.050357792500783864
SWE,2016,0,0.1415187886904743,0.720185987027872,2.0617676393810833,17.09109025041723,0,0,0,0.06863954307331958
SWE,2017,0,0.2705865860179516,0.8886527025979245,2.0617676393810833,17.09109025041723,0,0,0,0.13124009750156826
SWE,2018,0,0.16169892750557943,1.6683112145326344,2.0617676393810833,17.09109025041723,0,0,0,0.09761291936843568
SWE,2019,0,0.250941355185675,1.1080365525909561,2.0617676393810833,17.09109025041723,0,0,0,0.12171175373622822
SWE,2020,0,0.9657560452235089,5.081876995208324,2.0617676393810833,17.09109025041723,0,0,0,0.46841168072335093
SWE,2021,0,0.61583327825517,2.946719161579257,2.0617676393810833,17.09109025041723,0,0,0,0.29869189257429385
SWE,2022,1,0.913628063456652,2.042414545445808,2.0617676393810833,17.09109025041723,0,0,0,0.44312853010483355
SWE,2023,1,0.6641883549575265,3.156121183468578,2.0617676393810833,17.09109025041723,0,0,0,0.3221451061075473
SWE,2024,0,0.7361129667710249,2.343611876197373,2.0617676393810833,17.09109025041723,0,0,0,0.35703003224553315
THA,1990,1,1.7284626528026057,14.987537863880231,2.0617676393810833,17.09109025041723,0,0,0,0.8769211117771935
THA,1991,1,2.729585333394943,12.856172531619515,2.0617676393810833,17.09109025041723,1,0,1,1.323905410705898
THA,1992,0,1.6906283800159194,10.532671626283374,2.0617676393810833,17.09109025041723,0,0,0,0.8199897736892527
THA,1993,0,1.8448722273881817,9.545284831684393,2.0617676393810833,17.09109025041723,0,0,0,0.8948012337326184
THA,1994,0,2.0794331326109528,10.44187273082966,2.0617676393810833,17.09109025041723,1,0,1,1.0085681300319431
THA,1995,0,2.3459096819496157,13.788813575967072,2.0617676393810833,17.09109025041723,1,0,1,1.1378147746337837
THA,1996,0,2.702912824595796,12.730917254553704,2.0617676393810833,17.09109025041723,1,0,1,1.3109686916063812
THA,1997,1,1.5550285565493531,18.155258714963363,2.0617676393810833,17.09109025041723,0,1,1,1.0622645161282296
THA,1998,1,0.23088540604889202,36.88629759812249,2.0617676393810833,17.09109025041723,0,1,1,2.1582179403225616
THA,1999,1,0.3385195516117272,11.056365134009773,2.0617676393810833,17.09109025041723,0,0,0,0.6469081241753939
THA,2000,0,0.3250023267107547,8.386463637295888,2.0617676393810833,17.09109025041723,0,0,0,0.4906921392619266
THA,2001,1,0.2504181509260133,6.944597374104332,2.0617676393810833,17.09109025041723,0,0,0,0.40632851809642745
THA,2002,0,0.6501956121087057,7.57152443496674,2.0617676393810833,17.09109025041723,0,0,0,0.44301003177851117
THA,2003,0,0.6689740827974687,8.62228884913523,2.0617676393810833,17.09109025041723,0,0,0,0.5044902766764537
THA,2004,0,0.448401000386555,7.644389412794682,2.0617676393810833,17.09109025041723,0,0,0,0.44727336295050374
THA,2005,0,0.021196500352355124,10.161169262401462,2.0617676393810833,17.09109025041723,0,0,0,0.5945301975193423
THA,2006,0,0.17147988167628203,8.28362451744351,2.0617676393810833,17.09109025041723,0,0,0,0.48467502049737804
THA,2007,0,0.2804912180741383,9.124969592023694,2.0617676393810833,17.09109025041723,0,0,0,0.5339021360443014
THA,2008,0,0.04910620581918512,11.405817890791848,2.0617676393810833,17.09109025041723,0,0,0,0.6673546113018394
THA,2009,0,0.5376601065589974,15.241642200598669,2.0617676393810833,17.09109025041723,0,0,0,0.891788761119355
THA,2010,0,0.9094104956058824,9.197606074404591,2.0617676393810833,17.09109025041723,0,0,0,0.5381520979435503
THA,2011,0,0.1831785598701417,10.948793196092632,2.0617676393810833,17.09109025041723,0,0,0,0.6406140881401845
THA,2012,0,0.5977983360185618,7.415690605788802,2.0617676393810833,17.09109025041723,0,0,0,0.4338921916118118
THA,2013,0,0.2914810502893211,8.122036106197903,2.0617676393810833,17.09109025041723,0,0,0,0.47522047962970804
THA,2014,0,0.6185108423911287,9.075466312766666,2.0617676393810833,17.09109025041723,0,0,0,0.5310056982786756
THA,2015,0,1.024161603578585,7.423420413602776,2.0617676393810833,17.09109025041723,0,0,0,0.49673958598265
THA,2016,0,1.152473794241347,9.00603760822106,2.0617676393810833,17.09109025041723,0,0,0,0.5589736555314765
THA,2017,0,0.7383985789397403,7.528381585106951,2.0617676393810833,17.09109025041723,0,0,0,0.44048574285207853
THA,2018,0,0.41020064768886677,5.467611463323496,2.0617676393810833,17.09109025041723,0,0,0,0.3199100457146096
THA,2019,0,0.41866827679202323,6.432187752117686,2.0617676393810833,17.09109025041723,0,0,0,0.37634742183639586
THA,2020,1,0.10385795255275763,23.02090442403053,2.0617676393810833,17.09109025041723,0,1,1,1.346953534662222
THA,2021,0,0.14018414329101928,8.036764704251938,2.0617676393810833,17.09109025041723,0,0,0,0.47023124835794156
THA,2022,0,0.4509344383170372,8.247001291269429,2.0617676393810833,17.09109025041723,0,0,0,0.4825321948708393
THA,2023,1,1.3446237480110748,5.1914090737733405,2.0617676393810833,17.09109025041723,0,0,0,0.6521703621338794
THA,2024,0,1.929159269221568,4.550768450463365,2.0617676393810833,17.09109025041723,0,0,0,0.9356821944303468
TUR,1990,0,0.10237743995662177,9.122247929907003,2.0617676393810833,17.09109025041723,0,0,0,0.5337428915445759
TUR,1991,0,0.3232509157599061,9.374939189505541,2.0617676393810833,17.09109025041723,0,0,0,0.5485278617188671
TUR,1992,0,0.25903843692741085,7.383546789496208,2.0617676393810833,17.09109025041723,0,0,0,0.4320114563385422
TUR,1993,0,0.3153685017393306,7.970745576562105,2.0617676393810833,17.09109025041723,0,0,0,0.46636846800147935
TUR,1994,1,0.45828641973689077,28.30605051450982,2.0617676393810833,17.09109025041723,0,1,1,1.6561875281080332
TUR,1995,0,0.36634525289794684,13.792419987063836,2.0617676393810833,17.09109025041723,0,0,0,0.8069947431660852
TUR,1996,0,0.5364801943033939,10.649764816599255,2.0617676393810833,17.09109025041723,0,0,0,0.6231179322418751
TUR,1997,0,0.20394835809425765,11.89428507368937,2.0617676393810833,17.09109025041723,0,0,0,0.6959348350172689
TUR,1998,0,0.4473012344676374,10.936230487531677,2.0617676393810833,17.09109025041723,0,0,0,0.639879043834825
TUR,1999,1,0.21781677839447164,13.84770304234255,2.0617676393810833,17.09109025041723,0,0,0,0.8102293557313874
TUR,2000,0,0.01205204965867219,5.305850985939973,2.0617676393810833,17.09109025041723,0,0,0,0.31044543725409474
TUR,2001,1,0.3297618688274486,17.3378930391055,2.0617676393810833,17.09109025041723,0,1,1,1.0144404356347156
TUR,2002,0,0.022730856093693103,4.481905562974496,2.0617676393810833,17.09109025041723,0,0,0,0.26223637563818275
TUR,2003,0,0.02867963989105692,2.2409114056063153,2.0617676393810833,17.09109025041723,0,0,0,0.13111576691554885
TUR,2004,0,0.03308438632810773,7.542460609884725,2.0617676393810833,17.09109025041723,0,0,0,0.4413095068467383
TUR,2005,0,0.30460884691836465,5.764927583149281,2.0617676393810833,17.09109025041723,0,0,0,0.33730601726876647
TUR,2006,0,0.9163121297939685,3.3376523789474373,2.0617676393810833,17.09109025041723,0,0,0,0.4444303578598381
TUR,2007,0,0.9139081304822197,2.2327856839682023,2.0617676393810833,17.09109025041723,0,0,0,0.44326436841183686
TUR,2008,0,1.8725584529387347,3.519578017292188,2.0617676393810833,17.09109025041723,0,0,0,0.9082296264485231
TUR,2009,1,1.6209616230843675,14.042480354449468,2.0617676393810833,17.09109025041723,0,0,0,0.8216257797893648
TUR,2010,0,0.5404086749334789,6.180793923044087,2.0617676393810833,17.09109025041723,0,0,0,0.36163836434560986
TUR,2011,1,0.534487507712575,11.235737473682839,2.0617676393810833,17.09109025041723,0,0,0,0.657403203017347
TUR,2012,0,0.6806814455047727,1.8192054186701898,2.0617676393810833,17.09109025041723,0,0,0,0.3301445965604081
TUR,2013,0,0.6751792015258149,5.466522460939799,2.0617676393810833,17.09109025041723,0,0,0,0.32747589429063656
TUR,2014,0,0.9980831818007194,1.6592857465361623,2.0617676393810833,17.09109025041723,0,0,0,0.48409101139075567
TUR,2015,0,1.0927310160941688,1.7964962084737883,2.0617676393810833,17.09109025041723,0,0,0,0.5299971709819797
TUR,2016,0,1.4781989681312289,1.617657605566568,2.0617676393810833,17.09109025041723,0,0,0,0.716957109955885
TUR,2017,0,1.4509845788380014,4.806530911562219,2.0617676393810833,17.09109025041723,0,0,0,0.7037575675955262
TUR,2018,0,2.012558253804683,2.1479843538781624,2.0617676393810833,17.09109025041723,0,0,0,0.9761324289718833
TUR,2019,1,1.7712876685247303,4.53587740901856,2.0617676393810833,17.09109025041723,0,0,0,0.8591111989013701
TUR,2020,1,3.5744884151521523,5.470655414487049,2.0617676393810833,17.09109025041723,1,0,1,1.7337009015357174
TUR,2021,0,1.5092227950218822,12.503456660537541,2.0617676393810833,17.09109025041723,0,0,0,0.7320043084364889
TUR,2022,0,3.6249228716401456,12.720899079261502,2.0617676393810833,17.09109025041723,1,0,1,1.7581626573246159
TUR,2023,0,2.069679355105854,6.5074418066917525,2.0617676393810833,17.09109025041723,1,0,1,1.0038373459616166
TUR,2024,0,1.3966833172029869,5.058671725641134,2.0617676393810833,17.09109025041723,0,0,0,0.6774203312368671
USA,1990,0,0.058099243390104784,1.9733247692606382,2.0617676393810833,17.09109025041723,0,0,0,0.11545926797808963
USA,1991,0,0.056910075046974845,4.082898711326129,2.0617676393810833,17.09109025041723,0,0,0,0.23889047752389325
USA,1992,0,0.19244776321913795,1.761756675948146,2.0617676393810833,17.09109025041723,0,0,0,0.10308041500776334
USA,1993,0,0.2206385935542617,1.8187390304338051,2.0617676393810833,17.09109025041723,0,0,0,0.10701428683811073
USA,1994,0,0.21657390128341814,1.5668777942951602,2.0617676393810833,17.09109025041723,0,0,0,0.10504282691546701
USA,1995,0,0.13519405164818077,1.7220994617143925,2.0617676393810833,17.09109025041723,0,0,0,0.10076007068492031
USA,1996,0,0.10438913408510156,1.5458580560007034,2.0617676393810833,17.09109025041723,0,0,0,0.09044818284561838
USA,1997,0,0.048723904357703754,1.6699382019968496,2.0617676393810833,17.09109025041723,0,0,0,0.09770811443442484
USA,1998,0,0.025689102652252264,1.8955274822995596,2.0617676393810833,17.09109025041723,0,0,0,0.11090734730941378
USA,1999,0,0.019445546464361044,2.2093383006504443,2.0617676393810833,17.09109025041723,0,0,0,0.1292684239729241
USA,2000,0,0.008440749060413642,2.209884534432053,2.0617676393810833,17.09109025041723,0,0,0,0.12930038412137604
USA,2001,0,0.007997808145759223,2.868517107839245,2.0617676393810833,17.09109025041723,0,0,0,0.1678369879165092
USA,2002,0,0.03035784773862371,2.1360312018544434,2.0617676393810833,17.09109025041723,0,0,0,0.12497922429508546
USA,2003,0,0.09755589221434992,1.796307505043532,2.0617676393810833,17.09109025041723,0,0,0,0.10510198464370522
USA,2004,0,0.09538586431181931,2.0369930231594755,2.0617676393810833,17.09109025041723,0,0,0,0.11918449866647612
USA,2005,0,0.060497793305225186,2.28997410154466,2.0617676393810833,17.09109025041723,0,0,0,0.13398642614322143
USA,2006,1,0.05321010104260275,2.588355446200546,2.0617676393810833,17.09109025041723,0,0,0,0.1514447240214742
USA,2007,0,0.1630441305312711,2.7738980733935845,2.0617676393810833,17.09109025041723,0,0,0,0.16230082649793903
USA,2008,0,0.25128060448617073,3.8521459337072703,2.0617676393810833,17.09109025041723,0,0,0,0.22538912832744715
USA,2009,1,0.3727439455263191,7.547796633968545,2.0617676393810833,17.09109025041723,0,0,0,0.44162171771249564
USA,2010,1,0.8150835689092593,2.7277165235581258,2.0617676393810833,17.09109025041723,0,0,0,0.3953324095987543
USA,2011,1,0.7875291721654417,2.9323326130344953,2.0617676393810833,17.09109025041723,0,0,0,0.3819679565840155
USA,2012,0,0.7507389330352168,2.575106786251621,2.0617676393810833,17.09109025041723,0,0,0,0.3641239287568696
USA,2013,0,0.4075518537719428,2.094078026060072,2.0617676393810833,17.09109025041723,0,0,0,0.1976710886267886
USA,2014,0,0.3934558950545658,1.9555233974883865,2.0617676393810833,17.09109025041723,0,0,0,0.1908342567510063
USA,2015,0,0.2862210549078341,2.179960309871097,2.0617676393810833,17.09109025041723,0,0,0,0.138823138670347
USA,2016,0,0.37927027664060486,2.7229800882130606,2.0617676393810833,17.09109025041723,0,0,0,0.1839539380657158
USA,2017,0,0.54423906372903,2.589515488738422,2.0617676393810833,17.09109025041723,0,0,0,0.26396721596251443
USA,2018,0,0.6199395680254234,2.5355035714099343,2.0617676393810833,17.09109025041723,0,0,0,0.30068352814554866
USA,2019,0,0.7003595704965867,3.0393669598945747,2.0617676393810833,17.09109025041723,0,0,0,0.3396888946742931
USA,2020,1,0.19409330613565348,7.792569759834713,2.0617676393810833,17.09109025041723,0,0,0,0.4559433977387416
USA,2021,0,1.7949442949842502,5.322689265233642,2.0617676393810833,17.09109025041723,0,0,0,0.8705851526135456
USA,2022,1,1.2267117950240711,4.404339050307903,2.0617676393810833,17.09109025041723,0,0,0,0.5949806232249889
USA,2023,0,1.699682634391125,4.505721327743799,2.0617676393810833,17.09109025041723,0,0,0,0.8243812745559187
USA,2024,0,2.1958391736341,5.390784732770458,2.0617676393810833,17.09109025041723,1,0,1,1.0650274704540728
VNM,1990,0,0.37778770121957767,6.829441524978388,2.0617676393810833,17.09109025041723,0,0,0,0.3995907472790781
VNM,1991,0,0.5379766733914273,11.98479318019003,2.0617676393810833,17.09109025041723,0,0,0,0.7012304659673454
VNM,1992,0,0.9210799214389582,15.229872978913331,2.0617676393810833,17.09109025041723,0,0,0,0.8911001437454545
VNM,1993,0,0.6568818239563678,14.420717350647182,2.0617676393810833,17.09109025041723,0,0,0,0.8437564332851815
VNM,1994,0,0.7051433230602553,17.54686543670289,2.0617676393810833,17.09109025041723,0,1,1,1.0266674144017542
VNM,1995,0,0.8686397173573364,16.954947506457714,2.0617676393810833,17.09109025041723,0,0,0,0.9920342855859535
VNM,1996,0,0.8112894761956584,17.18779848516508,2.0617676393810833,17.09109025041723,0,1,1,1.0056584005660778
VNM,1997,1,0.5729499762191428,16.05999786760087,2.0617676393810833,17.09109025041723,0,0,0,0.9396707660126487
VNM,1998,0,0.39773932247620764,18.500131610881297,2.0617676393810833,17.09109025041723,0,1,1,1.0824430355125922
VNM,1999,0,0.484108438727036,20.464065946455662,2.0617676393810833,17.09109025041723,0,1,1,1.1973528690456765
VNM,2000,0,0.2150167124856232,21.372363590158788,2.0617676393810833,17.09109025041723,0,1,1,1.250497380624214
VNM,2001,1,0.0760675401070947,22.847242809784735,2.0617676393810833,17.09109025041723,0,1,1,1.3367925904684157
VNM,2002,0,0.09169759530714772,25.176090067760956,2.0617676393810833,17.09109025041723,0,1,1,1.473053485698278
VNM,2003,0,0.09441482340825708,27.909593329854538,2.0617676393810833,17.09109025041723,0,1,1,1.6329908110556728
VNM,2004,0,0.14920081989455306,28.644710262952074,2.0617676393810833,17.09109025041723,0,1,1,1.6760025161210996
VNM,2005,0,0.11083984110047093,27.993111309125247,2.0617676393810833,17.09109025041723,0,1,1,1.637877449534963
VNM,2006,0,0.037982335430936924,28.399668423949322,2.0617676393810833,17.09109025041723,0,1,1,1.6616651136843668
VNM,2007,0,0.21376387304834,36.0900800980093,2.0617676393810833,17.09109025041723,0,1,1,2.1116312399747734
VNM,2008,1,0.2594887402950942,37.98513013847577,2.0617676393810833,17.09109025041723,0,1,1,2.2225106521538884
VNM,2009,0,0.04144341328730025,35.725503467546325,2.0617676393810833,17.09109025041723,0,1,1,2.0902998547254286
VNM,2010,0,0.05474209025055391,39.8001139280383,2.0617676393810833,17.09109025041723,0,1,1,2.32870538654295
VNM,2011,1,0.4231063226302374,45.55649491240324,2.0617676393810833,17.09109025041723,0,1,1,2.6655113421621013
VNM,2012,0,0.40603099944482524,47.00566353545119,2.0617676393810833,17.09109025041723,0,1,1,2.7503022245350133
VNM,2013,0,0.6365222992768225,46.571009775012435,2.0617676393810833,17.09109025041723,0,1,1,2.724870625141982
VNM,2014,0,0.8173118192137886,47.43996710904133,2.0617676393810833,17.09109025041723,0,1,1,2.775713334489192
VNM,2015,0,1.1111393414167874,49.3143264935239,2.0617676393810833,17.09109025041723,0,1,1,2.885382136012068
VNM,2016,0,1.1728372259862057,49.56476264480765,2.0617676393810833,17.09109025041723,0,1,1,2.9000351597580303
VNM,2017,0,1.339764744849092,49.85139497059311,2.0617676393810833,17.09109025041723,0,1,1,2.916806022329449
VNM,2018,0,1.4716444671146847,49.70601953158291,2.0617676393810833,17.09109025041723,0,1,1,2.9083001027608217
VNM,2019,0,1.4975548515459511,50.01953635581898,2.0617676393810833,17.09109025041723,0,1,1,2.926643977823351
VNM,2020,0,0.6959250756846125,53.14961536009817,2.0617676393810833,17.09109025041723,0,1,1,3.1097849570363523
VNM,2021,0,0.9171191504022165,54.868048351168135,2.0617676393810833,17.09109025041723,0,1,1,3.2103305024574826
VNM,2022,0,1.8611557474800797,50.66193606365825,2.0617676393810833,17.09109025041723,0,1,1,2.964230796360196
VNM,2023,0,0.9735698342160608,51.396368593569036,2.0617676393810833,17.09109025041723,0,1,1,3.007202456982774
VNM,2024,0,1.3990388998235725,51.34282926328938,2.0617676393810833,17.09109025041723,0,1,1,3.0040698697987387
ZAF,1990,1,1.321977593348862,24.869430127679998,2.0617676393810833,17.09109025041723,0,1,1,1.4551108070518135
ZAF,1991,1,1.0945212920365646,25.18998926407052,2.0617676393810833,17.09109025041723,0,1,1,1.4738667279260067
ZAF,1992,1,0.6764796750236117,27.7391277178658,2.0617676393810833,17.09109025041723,0,1,1,1.6230168650117933
ZAF,1993,0,0.38927406835174233,23.470055305632265,2.0617676393810833,17.09109025041723,0,1,1,1.3732333608769813
ZAF,1994,0,0.3402365099180118,19.708516261670198,2.0617676393810833,17.09109025041723,0,1,1,1.1531456433090375
ZAF,1995,0,0.3204062828748888,18.15408299913168,2.0617676393810833,17.09109025041723,0,1,1,1.0621957249736307
ZAF,1996,0,0.17866106136010063,17.902627567481275,2.0617676393810833,17.09109025041723,0,1,1,1.0474830631149603
ZAF,1997,0,0.2075995123606214,17.56248934435643,2.0617676393810833,17.09109025041723,0,1,1,1.0275815695214463
ZAF,1998,0,0.27553587290513804,18.87216161095472,2.0617676393810833,17.09109025041723,0,1,1,1.1042105175527939
ZAF,1999,0,0.15679063584044814,18.16550675328599,2.0617676393810833,17.09109025041723,0,1,1,1.0628641290360354
ZAF,2000,0,0.07196914815779089,18.82763239126183,2.0617676393810833,17.09109025041723,0,1,1,1.1016051121023251
ZAF,2001,0,0.09460158487111131,18.570725710071766,2.0617676393810833,17.09109025041723,0,1,1,1.0865734975343901
ZAF,2002,0,0.09616491073126919,18.386446652963368,2.0617676393810833,17.09109025041723,0,1,1,1.0757913265664556
ZAF,2003,0,0.23298147526421162,17.585495749057852,2.0617676393810833,17.09109025041723,0,1,1,1.0289276746770764
ZAF,2004,0,0.17201603831573345,16.90548720857449,2.0617676393810833,17.09109025041723,0,0,0,0.9891403626612871
ZAF,2005,0,0.2234091503738039,16.464866790900153,2.0617676393810833,17.09109025041723,0,0,0,0.9633596540453707
ZAF,2006,0,0.2741358722950853,16.035014973261084,2.0617676393810833,17.09109025041723,0,0,0,0.9382090164124921
ZAF,2007,0,0.28052938950983536,15.275689732328823,2.0617676393810833,17.09109025041723,0,0,0,0.8937808828173446
ZAF,2008,0,0.5605999162879242,14.691413437905146,2.0617676393810833,17.09109025041723,0,0,0,0.8595948662518177
ZAF,2009,0,1.0648960161595529,19.332374008514083,2.0617676393810833,17.09109025041723,0,1,1,1.131137553266512
ZAF,2010,0,0.4588773255788927,19.53844439183727,2.0617676393810833,17.09109025041723,0,1,1,1.1431947351258234
ZAF,2011,0,0.5190975955232877,19.298619802335796,2.0617676393810833,17.09109025041723,0,1,1,1.129162594051873
ZAF,2012,0,0.468129845366174,19.662796954336407,2.0617676393810833,17.09109025041723,0,1,1,1.1504706058091523
ZAF,2013,0,0.5937401088784356,19.204341015567433,2.0617676393810833,17.09109025041723,0,1,1,1.123646340531062
ZAF,2014,0,0.5994289154674735,20.300232629938833,2.0617676393810833,17.09109025041723,0,1,1,1.1877669787299414
ZAF,2015,0,0.7853276913305245,20.93893571155527,2.0617676393810833,17.09109025041723,0,1,1,1.2251375075995579
ZAF,2016,0,0.5032000908634195,24.306275948761723,2.0617676393810833,17.09109025041723,0,1,1,1.422160645846941
ZAF,2017,0,0.397941543550909,24.78513764024661,2.0617676393810833,17.09109025041723,0,1,1,1.4501788520859018
ZAF,2018,0,0.5095434444387746,24.575948894383625,2.0617676393810833,17.09109025041723,0,1,1,1.4379392147779262
ZAF,2019,0,0.5524024401911375,25.346439939659685,2.0617676393810833,17.09109025041723,0,1,1,1.4830206597873956
ZAF,2020,1,0.785293796267144,37.71400547530446,2.0617676393810833,17.09109025041723,0,1,1,2.2066471432028028
ZAF,2021,1,0.29020935069573317,29.164700138679375,2.0617676393810833,17.09109025041723,0,1,1,1.7064271331647436
ZAF,2022,1,0.3901880571299456,25.119877526859774,2.0617676393810833,17.09109025041723,0,1,1,1.469764488912376
ZAF,2023,1,0.3588106271017196,25.80645825022326,2.0617676393810833,17.09109025041723,0,1,1,1.5099363394674759
ZAF,2024,1,0.21782442648835798,26.44311411684457,2.0617676393810833,17.09109025041723,0,1,1,1.5471870857506609
